Time_s,Speed_mph,Acceleration_G,Gear,Engine_RPM,Distance_m
0.000,0.000,0.617,1,1000.000,0.000
0.010,0.135,0.617,1,1000.000,0.001
0.020,0.271,0.617,1,1000.000,0.002
0.030,0.406,0.617,1,1000.000,0.004
0.040,0.541,0.617,1,1000.000,0.006
0.050,0.677,0.617,1,1000.000,0.009
0.060,0.812,0.617,1,1000.000,0.013
0.070,0.947,0.617,1,1000.000,0.017
0.080,1.083,0.617,1,1000.000,0.022
0.090,1.218,0.617,1,1000.000,0.027
0.100,1.353,0.617,1,1000.000,0.033
0.110,1.489,0.617,1,1000.000,0.040
0.120,1.624,0.617,1,1000.000,0.047
0.130,1.759,0.617,1,1000.000,0.055
0.140,1.895,0.617,1,1000.000,0.064
0.150,2.030,0.617,1,1000.000,0.073
0.160,2.165,0.617,1,1000.000,0.082
0.170,2.300,0.617,1,1000.000,0.093
0.180,2.436,0.617,1,1000.000,0.103
0.190,2.571,0.617,1,1000.000,0.115
0.200,2.706,0.617,1,1000.000,0.127
0.210,2.842,0.617,1,1000.000,0.140
0.220,2.977,0.617,1,1000.000,0.153
0.230,3.112,0.617,1,1000.000,0.167
0.240,3.248,0.617,1,1000.000,0.181
0.250,3.383,0.617,1,1000.000,0.197
0.260,3.518,0.617,1,1000.000,0.212
0.270,3.654,0.617,1,1000.000,0.229
0.280,3.789,0.617,1,1000.000,0.246
0.290,3.924,0.617,1,1000.000,0.263
0.300,4.059,0.617,1,1000.000,0.281
0.310,4.195,0.617,1,1000.000,0.300
0.320,4.330,0.617,1,1000.000,0.319
0.330,4.465,0.617,1,1000.000,0.339
0.340,4.601,0.617,1,1000.000,0.360
0.350,4.736,0.617,1,1000.000,0.381
0.360,4.871,0.617,1,1000.000,0.403
0.370,5.007,0.617,1,1000.000,0.425
0.380,5.142,0.616,1,1000.000,0.448
0.390,5.277,0.616,1,1000.000,0.472
0.400,5.412,0.616,1,1000.000,0.496
0.410,5.548,0.616,1,1000.000,0.521
0.420,5.683,0.616,1,1000.000,0.546
0.430,5.818,0.616,1,1000.000,0.572
0.440,5.954,0.616,1,1000.000,0.599
0.450,6.089,0.616,1,1000.000,0.626
0.460,6.224,0.616,1,1020.211,0.654
0.470,6.359,0.616,1,1042.383,0.682
0.480,6.495,0.616,1,1064.556,0.711
0.490,6.630,0.616,1,1086.727,0.741
0.500,6.765,0.616,1,1108.898,0.771
0.510,6.900,0.735,1,1131.069,0.802
0.520,7.062,0.735,1,1157.496,0.834
0.530,7.223,0.735,1,1183.923,0.866
0.540,7.384,0.735,1,1210.348,0.899
0.550,7.545,0.735,1,1236.774,0.933
0.560,7.706,0.735,1,1263.198,0.967
0.570,7.868,0.735,1,1289.623,1.002
0.580,8.029,0.735,1,1316.046,1.038
0.590,8.190,0.735,1,1342.469,1.075
0.600,8.351,0.735,1,1368.892,1.112
0.610,8.512,0.735,1,1395.313,1.150
0.620,8.674,0.735,1,1421.735,1.189
0.630,8.835,0.735,1,1448.155,1.228
0.640,8.996,0.734,1,1474.575,1.269
0.650,9.157,0.734,1,1500.994,1.310
0.660,9.318,0.734,1,1527.413,1.351
0.670,9.480,0.734,1,1553.831,1.394
0.680,9.641,0.734,1,1580.248,1.437
0.690,9.802,0.734,1,1606.664,1.481
0.700,9.963,0.734,1,1633.080,1.525
0.710,10.124,0.734,1,1659.495,1.570
0.720,10.285,0.734,1,1685.909,1.616
0.730,10.446,0.734,1,1712.323,1.663
0.740,10.608,0.734,1,1738.736,1.710
0.750,10.769,0.734,1,1765.148,1.759
0.760,10.930,0.734,1,1791.559,1.807
0.770,11.091,0.734,1,1817.969,1.857
0.780,11.252,0.734,1,1844.379,1.907
0.790,11.413,0.734,1,1870.788,1.958
0.800,11.574,0.734,1,1897.195,2.010
0.810,11.735,0.734,1,1923.603,2.063
0.820,11.897,0.734,1,1950.009,2.116
0.830,12.058,0.734,1,1976.414,2.170
0.840,12.219,0.734,1,2002.818,2.224
0.850,12.380,0.734,1,2029.222,2.280
0.860,12.541,0.734,1,2055.625,2.336
0.870,12.702,0.734,1,2082.026,2.392
0.880,12.863,0.734,1,2108.427,2.450
0.890,13.024,0.734,1,2134.827,2.508
0.900,13.185,0.734,1,2161.226,2.567
0.910,13.346,0.734,1,2187.624,2.627
0.920,13.507,0.734,1,2214.021,2.687
0.930,13.668,0.734,1,2240.416,2.748
0.940,13.829,0.734,1,2266.811,2.810
0.950,13.990,0.734,1,2293.205,2.873
0.960,14.151,0.734,1,2319.598,2.936
0.970,14.312,0.734,1,2345.990,3.000
0.980,14.473,0.734,1,2372.381,3.065
0.990,14.634,0.734,1,2398.770,3.130
1.000,14.795,0.734,1,2425.159,3.196
1.010,14.956,0.734,1,2451.547,3.263
1.020,15.117,0.734,1,2477.933,3.331
1.030,15.278,0.734,1,2504.318,3.399
1.040,15.439,0.733,1,2530.703,3.468
1.050,15.600,0.733,1,2557.086,3.538
1.060,15.761,0.733,1,2583.467,3.608
1.070,15.922,0.733,1,2609.848,3.679
1.080,16.083,0.733,1,2636.228,3.751
1.090,16.244,0.733,1,2662.606,3.824
1.100,16.405,0.733,1,2688.983,3.897
1.110,16.566,0.733,1,2715.359,3.971
1.120,16.727,0.733,1,2741.734,4.046
1.130,16.888,0.733,1,2768.108,4.121
1.140,17.048,0.733,1,2794.480,4.198
1.150,17.209,0.733,1,2820.851,4.275
1.160,17.370,0.733,1,2847.221,4.352
1.170,17.531,0.733,1,2873.589,4.431
1.180,17.692,0.733,1,2899.957,4.510
1.190,17.853,0.733,1,2926.323,4.590
1.200,18.014,0.733,1,2952.687,4.670
1.210,18.175,0.733,1,2979.051,4.751
1.220,18.335,0.733,1,3005.412,4.833
1.230,18.496,0.733,1,3031.773,4.916
1.240,18.657,0.733,1,3058.132,4.999
1.250,18.818,0.733,1,3084.490,5.084
1.260,18.979,0.733,1,3110.847,5.168
1.270,19.139,0.733,1,3137.202,5.254
1.280,19.300,0.733,1,3163.555,5.340
1.290,19.461,0.733,1,3189.908,5.427
1.300,19.622,0.733,1,3216.258,5.515
1.310,19.782,0.733,1,3242.608,5.603
1.320,19.943,0.732,1,3268.956,5.692
1.330,20.104,0.732,1,3295.302,5.782
1.340,20.265,0.732,1,3321.647,5.873
1.350,20.425,0.732,1,3347.991,5.964
1.360,20.586,0.732,1,3374.333,6.056
1.370,20.747,0.732,1,3400.673,6.149
1.380,20.907,0.732,1,3427.012,6.243
1.390,21.068,0.732,1,3453.350,6.337
1.400,21.229,0.732,1,3479.685,6.432
1.410,21.389,0.732,1,3506.020,6.527
1.420,21.550,0.732,1,3532.352,6.624
1.430,21.711,0.732,1,3558.684,6.721
1.440,21.871,0.732,1,3585.013,6.818
1.450,22.032,0.732,1,3611.341,6.917
1.460,22.193,0.732,1,3637.667,7.016
1.470,22.353,0.732,1,3663.992,7.116
1.480,22.514,0.732,1,3690.315,7.217
1.490,22.674,0.732,1,3716.637,7.318
1.500,22.835,0.732,1,3742.956,7.420
1.510,22.995,0.732,1,3769.274,7.523
1.520,23.156,0.732,1,3795.591,7.626
1.530,23.317,0.732,1,3821.905,7.731
1.540,23.477,0.731,1,3848.218,7.836
1.550,23.638,0.731,1,3874.529,7.941
1.560,23.798,0.731,1,3900.839,8.048
1.570,23.959,0.731,1,3927.147,8.155
1.580,24.119,0.731,1,3953.453,8.263
1.590,24.280,0.731,1,3979.757,8.371
1.600,24.440,0.731,1,4006.059,8.480
1.610,24.601,0.731,1,4032.360,8.590
1.620,24.761,0.731,1,4058.659,8.701
1.630,24.921,0.731,1,4084.956,8.812
1.640,25.082,0.731,1,4111.251,8.925
1.650,25.242,0.731,1,4137.544,9.037
1.660,25.403,0.731,1,4163.836,9.151
1.670,25.563,0.731,1,4190.125,9.265
1.680,25.723,0.731,1,4216.413,9.380
1.690,25.884,0.731,1,4242.699,9.496
1.700,26.044,0.731,1,4268.983,9.612
1.710,26.204,0.731,1,4295.265,9.730
1.720,26.365,0.731,1,4321.545,9.847
1.730,26.525,0.731,1,4347.823,9.966
1.740,26.685,0.730,1,4374.099,10.085
1.750,26.846,0.730,1,4400.373,10.205
1.760,27.006,0.730,1,4426.646,10.326
1.770,27.166,0.730,1,4452.916,10.447
1.780,27.326,0.730,1,4479.184,10.570
1.790,27.487,0.730,1,4505.450,10.692
1.800,27.647,0.730,1,4531.715,10.816
1.810,27.807,0.730,1,4557.977,10.940
1.820,27.967,0.730,1,4584.237,11.065
1.830,28.128,0.730,1,4610.495,11.191
1.840,28.288,0.730,1,4636.751,11.318
1.850,28.448,0.730,1,4663.005,11.445
1.860,28.608,0.730,1,4689.257,11.573
1.870,28.768,0.730,1,4715.507,11.701
1.880,28.928,0.730,1,4741.755,11.831
1.890,29.088,0.730,1,4768.000,11.961
1.900,29.249,0.730,1,4794.244,12.091
1.910,29.409,0.729,1,4820.485,12.223
1.920,29.569,0.729,1,4846.724,12.355
1.930,29.729,0.729,1,4872.961,12.488
1.940,29.889,0.729,1,4899.196,12.622
1.950,30.049,0.729,1,4925.429,12.756
1.960,30.209,0.729,1,4951.659,12.891
1.970,30.369,0.729,1,4977.887,13.027
1.980,30.529,0.729,1,5004.113,13.163
1.990,30.689,0.729,1,5030.337,13.300
2.000,30.849,0.729,1,5056.559,13.438
2.010,31.009,0.729,1,5082.778,13.577
2.020,31.169,0.729,1,5108.995,13.716
2.030,31.329,0.729,1,5135.209,13.856
2.040,31.489,0.729,1,5161.422,13.997
2.050,31.649,0.729,1,5187.632,14.139
2.060,31.808,0.729,1,5213.840,14.281
2.070,31.968,0.728,1,5240.045,14.424
2.080,32.128,0.728,1,5266.248,14.567
2.090,32.288,0.728,1,5292.449,14.712
2.100,32.448,0.728,1,5318.647,14.857
2.110,32.608,0.728,1,5344.843,15.002
2.120,32.767,0.728,1,5371.037,15.149
2.130,32.927,0.728,1,5397.228,15.296
2.140,33.087,0.728,1,5423.417,15.444
2.150,33.247,0.728,1,5449.603,15.593
2.160,33.407,0.728,1,5475.787,15.742
2.170,33.566,0.728,1,5501.968,15.892
2.180,33.726,0.728,1,5528.147,16.043
2.190,33.886,0.728,1,5554.324,16.194
2.200,34.045,0.728,1,5580.498,16.346
2.210,34.205,0.728,1,5606.669,16.499
2.220,34.365,0.727,1,5632.839,16.653
2.230,34.524,0.727,1,5659.005,16.807
2.240,34.684,0.727,1,5685.169,16.962
2.250,34.844,0.727,1,5711.331,17.118
2.260,35.003,0.727,1,5737.490,17.275
2.270,35.163,0.727,1,5763.646,17.432
2.280,35.322,0.727,1,5789.800,17.590
2.290,35.482,0.727,1,5815.951,17.748
2.300,35.641,0.727,1,5842.100,17.908
2.310,35.801,0.727,1,5868.246,18.068
2.320,35.960,0.727,1,5894.389,18.228
2.330,36.120,0.727,1,5920.530,18.390
2.340,36.279,0.727,1,5946.668,18.552
2.350,36.439,0.727,1,5972.803,18.715
2.360,36.598,0.726,1,5998.936,18.879
2.370,36.758,0.726,1,6025.066,19.043
2.380,36.917,0.726,1,6051.194,19.208
2.390,37.076,0.726,1,6077.319,19.374
2.400,37.236,0.726,1,6103.441,19.540
2.410,37.395,0.726,1,6129.560,19.707
2.420,37.554,0.726,1,6155.677,19.875
2.430,37.714,0.726,1,6181.790,20.044
2.440,37.873,0.726,1,6207.901,20.213
2.450,38.032,0.726,1,6234.010,20.383
2.460,38.192,0.726,1,6260.115,20.554
2.470,38.351,0.726,1,6286.218,20.725
2.480,38.510,0.726,1,6312.318,20.898
2.490,38.669,0.725,1,6338.415,21.070
2.500,38.828,0.725,1,6364.510,21.244
2.510,38.988,0.725,1,6390.601,21.418
2.520,39.147,0.725,1,6416.690,21.593
2.530,39.306,0.725,1,6442.776,21.769
2.540,39.465,0.725,1,6468.858,21.945
2.550,39.624,0.725,1,6494.939,22.123
2.560,39.783,0.725,1,6521.016,22.300
2.570,39.942,0.725,1,6547.090,22.479
2.580,40.101,0.725,1,6573.161,22.658
2.590,40.260,0.725,1,6599.230,22.838
2.600,40.419,0.725,1,6625.295,23.019
2.610,40.578,0.724,1,6651.358,23.200
2.620,40.737,0.724,1,6677.417,23.382
2.630,40.896,0.724,1,6703.474,23.565
2.640,41.055,0.724,1,6729.528,23.749
2.650,41.214,0.724,1,6755.578,23.933
2.660,41.373,0.724,1,6781.626,24.118
2.670,41.532,0.724,1,6807.670,24.304
2.680,41.691,0.724,1,6833.712,24.490
2.690,41.850,0.724,1,6859.751,24.677
2.700,42.009,0.724,1,6885.786,24.865
2.710,42.167,0.724,1,6911.819,25.053
2.720,42.326,0.724,1,6937.848,25.243
2.730,42.485,0.723,1,6963.874,25.432
2.740,42.644,0.723,1,6989.897,25.623
2.750,42.803,0.723,1,7015.918,25.814
2.760,42.961,0.723,1,7041.935,26.007
2.770,43.120,0.723,1,7067.948,26.199
2.780,43.279,0.723,1,7093.959,26.393
2.790,43.437,0.723,1,7119.967,26.587
2.800,43.596,0.723,1,7145.971,26.782
2.810,43.755,0.723,1,7171.972,26.977
2.820,43.913,0.723,1,7197.970,27.174
2.830,44.072,0.723,1,7223.965,27.371
2.840,44.230,0.723,1,7249.957,27.568
2.850,44.389,0.722,1,7275.945,27.767
2.860,44.547,0.722,1,7301.930,27.966
2.870,44.706,0.722,1,7327.912,28.166
2.880,44.864,0.722,1,7353.891,28.366
2.890,45.023,0.722,1,7379.867,28.568
2.900,45.181,0.722,1,7405.839,28.770
2.910,45.340,0.722,1,7431.808,28.972
2.920,45.498,0.722,1,7457.773,29.176
2.930,45.657,0.722,1,7483.736,29.380
2.940,45.815,-0.028,2,4505.817,29.585
2.950,45.809,-0.028,2,4505.204,29.790
2.960,45.802,-0.028,2,4504.591,29.994
2.970,45.796,-0.028,2,4503.978,30.199
2.980,45.790,-0.028,2,4503.365,30.404
2.990,45.784,-0.028,2,4502.752,30.608
3.000,45.778,-0.028,2,4502.140,30.813
3.010,45.771,-0.028,2,4501.527,31.018
3.020,45.765,-0.028,2,4500.915,31.222
3.030,45.759,-0.028,2,4500.302,31.427
3.040,45.753,-0.028,2,4499.690,31.631
3.050,45.746,-0.028,2,4499.078,31.836
3.060,45.740,-0.028,2,4498.466,32.040
3.070,45.734,-0.028,2,4497.854,32.245
3.080,45.728,-0.028,2,4497.242,32.449
3.090,45.722,-0.028,2,4496.630,32.654
3.100,45.715,-0.028,2,4496.018,32.858
3.110,45.709,-0.028,2,4495.406,33.062
3.120,45.703,-0.028,2,4494.794,33.267
3.130,45.697,-0.028,2,4494.183,33.471
3.140,45.690,0.722,2,4493.571,33.675
3.150,45.849,0.722,2,4509.146,33.880
3.160,46.007,0.721,2,4524.719,34.086
3.170,46.165,0.721,2,4540.290,34.292
3.180,46.324,0.721,2,4555.859,34.499
3.190,46.482,0.721,2,4571.426,34.707
3.200,46.640,0.721,2,4586.991,34.915
3.210,46.799,0.721,2,4602.554,35.125
3.220,46.957,0.721,2,4618.115,35.335
3.230,47.115,0.721,2,4633.673,35.545
3.240,47.273,0.721,2,4649.230,35.757
3.250,47.431,0.721,2,4664.785,35.969
3.260,47.589,0.721,2,4680.337,36.181
3.270,47.748,0.720,2,4695.888,36.395
3.280,47.906,0.720,2,4711.436,36.609
3.290,48.064,0.720,2,4726.983,36.824
3.300,48.222,0.720,2,4742.527,37.039
3.310,48.380,0.720,2,4758.069,37.256
3.320,48.538,0.720,2,4773.609,37.473
3.330,48.696,0.720,2,4789.147,37.690
3.340,48.854,0.720,2,4804.683,37.909
3.350,49.012,0.720,2,4820.217,38.128
3.360,49.170,0.720,2,4835.749,38.348
3.370,49.328,0.719,2,4851.278,38.568
3.380,49.485,0.719,2,4866.805,38.789
3.390,49.643,0.651,2,4882.331,39.011
3.400,49.786,0.651,2,4896.390,39.234
3.410,49.929,0.651,2,4910.448,39.457
3.420,50.072,0.651,2,4924.504,39.681
3.430,50.215,0.651,2,4938.558,39.905
3.440,50.358,0.651,2,4952.610,40.131
3.450,50.501,0.651,2,4966.660,40.356
3.460,50.644,0.651,2,4980.708,40.583
3.470,50.786,0.651,2,4994.754,40.810
3.480,50.929,0.651,2,5008.797,41.037
3.490,51.072,0.651,2,5022.839,41.266
3.500,51.215,0.650,2,5036.879,41.495
3.510,51.358,0.650,2,5050.917,41.724
3.520,51.500,0.650,2,5064.953,41.954
3.530,51.643,0.650,2,5078.987,42.185
3.540,51.786,0.650,2,5093.019,42.417
3.550,51.928,0.650,2,5107.049,42.649
3.560,52.071,0.650,2,5121.076,42.882
3.570,52.214,0.650,2,5135.102,43.115
3.580,52.356,0.650,2,5149.126,43.349
3.590,52.499,0.650,2,5163.147,43.584
3.600,52.641,0.650,2,5177.167,43.819
3.610,52.784,0.649,2,5191.185,44.055
3.620,52.926,0.649,2,5205.200,44.292
3.630,53.069,0.649,2,5219.213,44.529
3.640,53.211,0.649,2,5233.225,44.767
3.650,53.354,0.649,2,5247.234,45.005
3.660,53.496,0.649,2,5261.241,45.245
3.670,53.638,0.649,2,5275.246,45.484
3.680,53.781,0.649,2,5289.249,45.725
3.690,53.923,0.649,2,5303.250,45.966
3.700,54.066,0.649,2,5317.248,46.208
3.710,54.208,0.648,2,5331.245,46.450
3.720,54.350,0.648,2,5345.239,46.693
3.730,54.492,0.648,2,5359.231,46.936
3.740,54.635,0.648,2,5373.222,47.181
3.750,54.777,0.648,2,5387.210,47.426
3.760,54.919,0.648,2,5401.196,47.671
3.770,55.061,0.648,2,5415.179,47.917
3.780,55.203,0.648,2,5429.161,48.164
3.790,55.346,0.648,2,5443.140,48.411
3.800,55.488,0.648,2,5457.117,48.659
3.810,55.630,0.647,2,5471.093,48.908
3.820,55.772,0.647,2,5485.065,49.157
3.830,55.914,0.647,2,5499.036,49.407
3.840,56.056,0.647,2,5513.005,49.658
3.850,56.198,0.647,2,5526.971,49.909
3.860,56.340,0.647,2,5540.935,50.161
3.870,56.482,0.647,2,5554.897,50.414
3.880,56.624,0.647,2,5568.857,50.667
3.890,56.766,0.647,2,5582.814,50.920
3.900,56.908,0.647,2,5596.770,51.175
3.910,57.050,0.646,2,5610.723,51.430
3.920,57.191,0.646,2,5624.674,51.686
3.930,57.333,0.646,2,5638.622,51.942
3.940,57.475,0.646,2,5652.569,52.199
3.950,57.617,0.646,2,5666.513,52.456
3.960,57.759,0.646,2,5680.455,52.715
3.970,57.900,0.646,2,5694.394,52.973
3.980,58.042,0.646,2,5708.332,53.233
3.990,58.184,0.646,2,5722.267,53.493
4.000,58.325,0.645,2,5736.200,53.754
4.010,58.467,0.645,2,5750.130,54.015
4.020,58.609,0.645,2,5764.058,54.277
4.030,58.750,0.645,2,5777.984,54.540
4.040,58.892,0.645,2,5791.908,54.803
4.050,59.033,0.645,2,5805.829,55.067
4.060,59.175,0.645,2,5819.749,55.331
4.070,59.316,0.645,2,5833.665,55.597
4.080,59.458,0.645,2,5847.580,55.862
4.090,59.599,0.645,2,5861.492,56.129
4.100,59.741,0.644,2,5875.402,56.396
4.110,59.882,0.644,2,5889.309,56.664
4.120,60.024,0.644,2,5903.215,56.932
4.130,60.165,0.644,2,5917.118,57.201
4.140,60.306,0.644,2,5931.018,57.471
4.150,60.448,0.644,2,5944.916,57.741
4.160,60.589,0.644,2,5958.812,58.012
4.170,60.730,0.644,2,5972.705,58.283
4.180,60.871,0.644,2,5986.597,58.555
4.190,61.013,0.643,2,6000.485,58.828
4.200,61.154,0.643,2,6014.372,59.101
4.210,61.295,0.643,2,6028.256,59.375
4.220,61.436,0.643,2,6042.137,59.650
4.230,61.577,0.643,2,6056.016,59.925
4.240,61.718,0.643,2,6069.893,60.201
4.250,61.859,0.643,2,6083.768,60.478
4.260,62.001,0.643,2,6097.640,60.755
4.270,62.142,0.643,2,6111.509,61.033
4.280,62.283,0.642,2,6125.377,61.311
4.290,62.424,0.642,2,6139.241,61.590
4.300,62.564,0.642,2,6153.104,61.870
4.310,62.705,0.642,2,6166.964,62.150
4.320,62.846,0.642,2,6180.821,62.431
4.330,62.987,0.642,2,6194.676,62.713
4.340,63.128,0.642,2,6208.529,62.995
4.350,63.269,0.642,2,6222.379,63.278
4.360,63.410,0.642,2,6236.227,63.561
4.370,63.550,0.641,2,6250.072,63.845
4.380,63.691,0.641,2,6263.915,64.130
4.390,63.832,0.641,2,6277.755,64.415
4.400,63.973,0.641,2,6291.593,64.701
4.410,64.113,0.641,2,6305.428,64.988
4.420,64.254,0.641,2,6319.261,65.275
4.430,64.395,0.641,2,6333.092,65.563
4.440,64.535,0.641,2,6346.919,65.852
4.450,64.676,0.640,2,6360.745,66.141
4.460,64.816,0.640,2,6374.568,66.430
4.470,64.957,0.527,2,6388.388,66.721
4.480,65.072,0.526,2,6399.752,67.012
4.490,65.188,0.526,2,6411.114,67.303
4.500,65.303,0.526,2,6422.474,67.595
4.510,65.419,0.526,2,6433.832,67.888
4.520,65.534,0.526,2,6445.188,68.180
4.530,65.650,0.526,2,6456.541,68.474
4.540,65.765,0.526,2,6467.893,68.768
4.550,65.881,0.526,2,6479.242,69.062
4.560,65.996,0.526,2,6490.590,69.358
4.570,66.111,0.526,2,6501.935,69.653
4.580,66.227,0.525,2,6513.278,69.949
4.590,66.342,0.525,2,6524.619,70.246
4.600,66.457,0.525,2,6535.958,70.543
4.610,66.573,0.525,2,6547.295,70.840
4.620,66.688,0.525,2,6558.630,71.139
4.630,66.803,0.525,2,6569.962,71.437
4.640,66.918,0.525,2,6581.293,71.736
4.650,67.033,0.525,2,6592.621,72.036
4.660,67.149,0.525,2,6603.947,72.336
4.670,67.264,0.525,2,6615.271,72.637
4.680,67.379,0.525,2,6626.593,72.938
4.690,67.494,0.524,2,6637.913,73.240
4.700,67.609,0.524,2,6649.231,73.542
4.710,67.724,0.524,2,6660.547,73.845
4.720,67.839,0.524,2,6671.860,74.148
4.730,67.954,0.524,2,6683.171,74.452
4.740,68.069,0.524,2,6694.480,74.756
4.750,68.184,0.524,2,6705.787,75.061
4.760,68.299,0.524,2,6717.092,75.366
4.770,68.414,0.524,2,6728.395,75.672
4.780,68.529,0.524,2,6739.695,75.978
4.790,68.644,0.523,2,6750.994,76.285
4.800,68.759,0.523,2,6762.290,76.593
4.810,68.874,0.523,2,6773.584,76.901
4.820,68.988,0.523,2,6784.875,77.209
4.830,69.103,0.523,2,6796.165,77.518
4.840,69.218,0.523,2,6807.452,77.827
4.850,69.333,0.523,2,6818.738,78.137
4.860,69.447,0.523,2,6830.021,78.448
4.870,69.562,0.523,2,6841.302,78.759
4.880,69.677,0.522,2,6852.580,79.070
4.890,69.791,0.522,2,6863.857,79.382
4.900,69.906,0.522,2,6875.131,79.695
4.910,70.021,0.522,2,6886.403,80.008
4.920,70.135,0.522,2,6897.673,80.321
4.930,70.250,0.522,2,6908.940,80.635
4.940,70.364,0.522,2,6920.206,80.950
4.950,70.479,0.522,2,6931.469,81.265
4.960,70.593,0.522,2,6942.730,81.580
4.970,70.708,0.522,2,6953.989,81.897
4.980,70.822,0.521,2,6965.245,82.213
4.990,70.937,0.521,2,6976.499,82.530
5.000,71.051,0.521,2,6987.751,82.848
5.010,71.166,0.521,2,6999.001,83.166
5.020,71.280,0.521,2,7010.249,83.485
5.030,71.394,0.521,2,7021.494,83.804
5.040,71.509,0.521,2,7032.737,84.124
5.050,71.623,0.521,2,7043.978,84.444
5.060,71.737,0.521,2,7055.216,84.764
5.070,71.851,0.521,2,7066.453,85.086
5.080,71.966,0.520,2,7077.687,85.407
5.090,72.080,0.520,2,7088.918,85.730
5.100,72.194,0.520,2,7100.148,86.052
5.110,72.308,0.520,2,7111.375,86.376
5.120,72.422,0.520,2,7122.600,86.699
5.130,72.536,0.520,2,7133.823,87.024
5.140,72.650,0.520,2,7145.043,87.348
5.150,72.765,0.520,2,7156.261,87.674
5.160,72.879,0.520,2,7167.477,87.999
5.170,72.993,0.519,2,7178.691,88.326
5.180,73.107,0.519,2,7189.902,88.653
5.190,73.221,0.519,2,7201.111,88.980
5.200,73.335,0.519,2,7212.317,89.308
5.210,73.448,0.519,2,7223.522,89.636
5.220,73.562,0.519,2,7234.724,89.965
5.230,73.676,0.519,2,7245.924,90.294
5.240,73.790,0.519,2,7257.121,90.624
5.250,73.904,0.519,2,7268.316,90.954
5.260,74.018,0.519,2,7279.509,91.285
5.270,74.132,0.518,2,7290.699,91.617
5.280,74.245,0.518,2,7301.887,91.949
5.290,74.359,0.518,2,7313.073,92.281
5.300,74.473,0.518,2,7324.257,92.614
5.310,74.586,0.518,2,7335.438,92.947
5.320,74.700,0.518,2,7346.617,93.281
5.330,74.814,0.518,2,7357.793,93.616
5.340,74.927,0.518,2,7368.967,93.951
5.350,75.041,0.518,2,7380.139,94.286
5.360,75.155,0.517,2,7391.309,94.622
5.370,75.268,0.517,2,7402.476,94.959
5.380,75.382,0.517,2,7413.640,95.296
5.390,75.495,0.517,2,7424.803,95.633
5.400,75.609,0.517,2,7435.963,95.971
5.410,75.722,0.517,2,7447.121,96.310
5.420,75.835,0.517,2,7458.276,96.649
5.430,75.949,0.517,2,7469.429,96.988
5.440,76.062,0.517,2,7480.579,97.328
5.450,76.176,0.516,2,7491.727,97.669
5.460,76.289,-0.052,3,5001.916,98.010
5.470,76.277,-0.052,3,5001.165,98.351
5.480,76.266,-0.052,3,5000.415,98.692
5.490,76.255,-0.052,3,4999.664,99.033
5.500,76.243,-0.052,3,4998.914,99.373
5.510,76.232,-0.052,3,4998.164,99.714
5.520,76.220,-0.052,3,4997.414,100.055
5.530,76.209,-0.052,3,4996.665,100.396
5.540,76.197,-0.052,3,4995.915,100.736
5.550,76.186,-0.052,3,4995.166,101.077
5.560,76.175,-0.052,3,4994.417,101.417
5.570,76.163,-0.052,3,4993.668,101.758
5.580,76.152,-0.052,3,4992.919,102.098
5.590,76.140,-0.052,3,4992.170,102.439
5.600,76.129,-0.052,3,4991.422,102.779
5.610,76.117,-0.052,3,4990.674,103.119
5.620,76.106,-0.052,3,4989.925,103.460
5.630,76.095,-0.052,3,4989.177,103.800
5.640,76.083,-0.052,3,4988.430,104.140
5.650,76.072,-0.052,3,4987.682,104.480
5.660,76.060,0.403,3,4986.934,104.820
5.670,76.149,0.403,3,4992.730,105.160
5.680,76.237,0.403,3,4998.525,105.501
5.690,76.326,0.403,3,5004.319,105.842
5.700,76.414,0.403,3,5010.112,106.184
5.710,76.502,0.402,3,5015.903,106.526
5.720,76.591,0.402,3,5021.693,106.868
5.730,76.679,0.402,3,5027.482,107.211
5.740,76.767,0.402,3,5033.269,107.554
5.750,76.855,0.402,3,5039.056,107.898
5.760,76.944,0.402,3,5044.841,108.242
5.770,77.032,0.402,3,5050.625,108.586
5.780,77.120,0.402,3,5056.407,108.931
5.790,77.208,0.402,3,5062.189,109.276
5.800,77.296,0.402,3,5067.969,109.622
5.810,77.384,0.402,3,5073.747,109.968
5.820,77.473,0.401,3,5079.525,110.314
5.830,77.561,0.401,3,5085.301,110.661
5.840,77.649,0.401,3,5091.076,111.008
5.850,77.737,0.401,3,5096.850,111.355
5.860,77.825,0.401,3,5102.623,111.703
5.870,77.913,0.401,3,5108.394,112.052
5.880,78.001,0.401,3,5114.164,112.400
5.890,78.089,0.401,3,5119.933,112.749
5.900,78.177,0.401,3,5125.700,113.099
5.910,78.265,0.401,3,5131.467,113.449
5.920,78.353,0.401,3,5137.232,113.799
5.930,78.441,0.401,3,5142.995,114.150
5.940,78.529,0.400,3,5148.758,114.501
5.950,78.616,0.400,3,5154.519,114.852
5.960,78.704,0.400,3,5160.279,115.204
5.970,78.792,0.400,3,5166.038,115.556
5.980,78.880,0.400,3,5171.795,115.909
5.990,78.968,0.400,3,5177.551,116.262
6.000,79.055,0.400,3,5183.306,116.615
6.010,79.143,0.400,3,5189.059,116.969
6.020,79.231,0.400,3,5194.812,117.323
6.030,79.319,0.400,3,5200.563,117.678
6.040,79.406,0.400,3,5206.312,118.033
6.050,79.494,0.399,3,5212.061,118.388
6.060,79.582,0.399,3,5217.808,118.744
6.070,79.669,0.399,3,5223.554,119.100
6.080,79.757,0.399,3,5229.298,119.457
6.090,79.845,0.399,3,5235.042,119.814
6.100,79.932,0.399,3,5240.784,120.171
6.110,80.020,0.399,3,5246.525,120.529
6.120,80.107,0.399,3,5252.264,120.887
6.130,80.195,0.399,3,5258.002,121.245
6.140,80.282,0.399,3,5263.739,121.604
6.150,80.370,0.399,3,5269.475,121.963
6.160,80.457,0.398,3,5275.209,122.323
6.170,80.545,0.398,3,5280.942,122.683
6.180,80.632,0.398,3,5286.674,123.044
6.190,80.719,0.398,3,5292.404,123.404
6.200,80.807,0.398,3,5298.133,123.766
6.210,80.894,0.398,3,5303.861,124.127
6.220,80.981,0.398,3,5309.588,124.489
6.230,81.069,0.398,3,5315.313,124.852
6.240,81.156,0.398,3,5321.037,125.214
6.250,81.243,0.398,3,5326.759,125.578
6.260,81.331,0.398,3,5332.481,125.941
6.270,81.418,0.397,3,5338.201,126.305
6.280,81.505,0.397,3,5343.919,126.670
6.290,81.592,0.397,3,5349.637,127.034
6.300,81.680,0.397,3,5355.353,127.399
6.310,81.767,0.397,3,5361.068,127.765
6.320,81.854,0.397,3,5366.781,128.131
6.330,81.941,0.397,3,5372.493,128.497
6.340,82.028,0.397,3,5378.204,128.864
6.350,82.115,0.397,3,5383.914,129.231
6.360,82.202,0.397,3,5389.622,129.598
6.370,82.289,0.397,3,5395.329,129.966
6.380,82.376,0.396,3,5401.035,130.335
6.390,82.463,0.396,3,5406.739,130.703
6.400,82.550,0.396,3,5412.442,131.072
6.410,82.637,0.396,3,5418.143,131.442
6.420,82.724,0.396,3,5423.844,131.812
6.430,82.811,0.396,3,5429.543,132.182
6.440,82.898,0.396,3,5435.241,132.552
6.450,82.985,0.396,3,5440.937,132.923
6.460,83.072,0.396,3,5446.632,133.295
6.470,83.159,0.396,3,5452.326,133.666
6.480,83.245,0.396,3,5458.018,134.039
6.490,83.332,0.395,3,5463.709,134.411
6.500,83.419,0.395,3,5469.399,134.784
6.510,83.506,0.395,3,5475.087,135.157
6.520,83.592,0.395,3,5480.774,135.531
6.530,83.679,0.395,3,5486.460,135.905
6.540,83.766,0.395,3,5492.145,136.280
6.550,83.853,0.395,3,5497.828,136.654
6.560,83.939,0.395,3,5503.509,137.030
6.570,84.026,0.395,3,5509.190,137.405
6.580,84.112,0.395,3,5514.869,137.781
6.590,84.199,0.395,3,5520.547,138.158
6.600,84.286,0.394,3,5526.223,138.534
6.610,84.372,0.394,3,5531.898,138.912
6.620,84.459,0.394,3,5537.572,139.289
6.630,84.545,0.394,3,5543.244,139.667
6.640,84.632,0.394,3,5548.915,140.045
6.650,84.718,0.394,3,5554.585,140.424
6.660,84.805,0.394,3,5560.253,140.803
6.670,84.891,0.394,3,5565.920,141.183
6.680,84.977,0.394,3,5571.586,141.563
6.690,85.064,0.394,3,5577.250,141.943
6.700,85.150,0.393,3,5582.913,142.324
6.710,85.237,0.393,3,5588.575,142.705
6.720,85.323,0.393,3,5594.235,143.086
6.730,85.409,0.393,3,5599.894,143.468
6.740,85.496,0.393,3,5605.551,143.850
6.750,85.582,0.393,3,5611.207,144.233
6.760,85.668,0.393,3,5616.862,144.616
6.770,85.754,0.393,3,5622.516,144.999
6.780,85.840,0.393,3,5628.168,145.383
6.790,85.927,0.393,3,5633.819,145.767
6.800,86.013,0.393,3,5639.468,146.151
6.810,86.099,0.392,3,5645.116,146.536
6.820,86.185,0.392,3,5650.763,146.922
6.830,86.271,0.392,3,5656.408,147.307
6.840,86.357,0.392,3,5662.052,147.693
6.850,86.443,0.392,3,5667.695,148.080
6.860,86.529,0.392,3,5673.336,148.467
6.870,86.615,0.392,3,5678.976,148.854
6.880,86.701,0.392,3,5684.614,149.241
6.890,86.787,0.392,3,5690.251,149.629
6.900,86.873,0.392,3,5695.887,150.018
6.910,86.959,0.392,3,5701.521,150.406
6.920,87.045,0.391,3,5707.154,150.796
6.930,87.131,0.391,3,5712.786,151.185
6.940,87.217,0.391,3,5718.416,151.575
6.950,87.303,0.391,3,5724.045,151.965
6.960,87.389,0.391,3,5729.672,152.356
6.970,87.474,0.391,3,5735.299,152.747
6.980,87.560,0.391,3,5740.923,153.138
6.990,87.646,0.391,3,5746.547,153.530
7.000,87.732,0.391,3,5752.169,153.922
7.010,87.817,0.391,3,5757.789,154.315
7.020,87.903,0.390,3,5763.408,154.708
7.030,87.989,0.390,3,5769.026,155.101
7.040,88.074,0.390,3,5774.643,155.495
7.050,88.160,0.390,3,5780.258,155.889
7.060,88.246,0.390,3,5785.871,156.284
7.070,88.331,0.390,3,5791.484,156.678
7.080,88.417,0.390,3,5797.094,157.074
7.090,88.502,0.390,3,5802.704,157.469
7.100,88.588,0.390,3,5808.312,157.865
7.110,88.674,0.390,3,5813.919,158.262
7.120,88.759,0.389,3,5819.524,158.659
7.130,88.844,0.389,3,5825.128,159.056
7.140,88.930,0.389,3,5830.731,159.453
7.150,89.015,0.389,3,5836.332,159.851
7.160,89.101,0.389,3,5841.931,160.250
7.170,89.186,0.389,3,5847.530,160.648
7.180,89.272,0.389,3,5853.127,161.047
7.190,89.357,0.389,3,5858.722,161.447
7.200,89.442,0.389,3,5864.316,161.847
7.210,89.527,0.389,3,5869.909,162.247
7.220,89.613,0.389,3,5875.501,162.647
7.230,89.698,0.388,3,5881.090,163.048
7.240,89.783,0.388,3,5886.679,163.450
7.250,89.868,0.388,3,5892.266,163.852
7.260,89.954,0.388,3,5897.852,164.254
7.270,90.039,0.388,3,5903.436,164.656
7.280,90.124,0.388,3,5909.019,165.059
7.290,90.209,0.388,3,5914.601,165.462
7.300,90.294,0.388,3,5920.181,165.866
7.310,90.379,0.388,3,5925.759,166.270
7.320,90.464,0.388,3,5931.337,166.674
7.330,90.549,0.387,3,5936.912,167.079
7.340,90.634,0.387,3,5942.487,167.484
7.350,90.719,0.387,3,5948.060,167.890
7.360,90.804,0.387,3,5953.631,168.296
7.370,90.889,0.387,3,5959.202,168.702
7.380,90.974,0.387,3,5964.770,169.109
7.390,91.059,0.387,3,5970.338,169.516
7.400,91.144,0.387,3,5975.904,169.923
7.410,91.229,0.387,3,5981.468,170.331
7.420,91.314,0.387,3,5987.031,170.739
7.430,91.399,0.386,3,5992.593,171.148
7.440,91.483,0.386,3,5998.153,171.557
7.450,91.568,0.386,3,6003.712,171.966
7.460,91.653,0.386,3,6009.269,172.376
7.470,91.738,0.386,3,6014.825,172.786
7.480,91.822,0.386,3,6020.380,173.197
7.490,91.907,0.386,3,6025.933,173.607
7.500,91.992,0.386,3,6031.485,174.019
7.510,92.076,0.386,3,6037.035,174.430
7.520,92.161,0.386,3,6042.584,174.842
7.530,92.246,0.385,3,6048.131,175.255
7.540,92.330,0.385,3,6053.677,175.667
7.550,92.415,0.385,3,6059.221,176.081
7.560,92.499,0.385,3,6064.764,176.494
7.570,92.584,0.385,3,6070.306,176.908
7.580,92.668,0.385,3,6075.846,177.322
7.590,92.753,0.385,3,6081.385,177.737
7.600,92.837,0.385,3,6086.922,178.152
7.610,92.922,0.385,3,6092.458,178.567
7.620,93.006,0.385,3,6097.993,178.983
7.630,93.091,0.384,3,6103.526,179.399
7.640,93.175,0.384,3,6109.057,179.816
7.650,93.259,0.384,3,6114.587,180.233
7.660,93.344,0.384,3,6120.116,180.650
7.670,93.428,0.384,3,6125.643,181.068
7.680,93.512,0.384,3,6131.169,181.486
7.690,93.596,0.384,3,6136.693,181.904
7.700,93.681,0.384,3,6142.216,182.323
7.710,93.765,0.384,3,6147.738,182.742
7.720,93.849,0.384,3,6153.258,183.162
7.730,93.933,0.383,3,6158.776,183.581
7.740,94.017,0.383,3,6164.293,184.002
7.750,94.102,0.383,3,6169.809,184.422
7.760,94.186,0.383,3,6175.323,184.843
7.770,94.270,0.383,3,6180.836,185.265
7.780,94.354,0.383,3,6186.347,185.687
7.790,94.438,0.383,3,6191.857,186.109
7.800,94.522,0.383,3,6197.365,186.531
7.810,94.606,0.383,3,6202.872,186.954
7.820,94.690,0.383,3,6208.377,187.378
7.830,94.774,0.382,3,6213.881,187.801
7.840,94.858,0.382,3,6219.384,188.225
7.850,94.942,0.382,3,6224.885,188.650
7.860,95.025,0.382,3,6230.384,189.075
7.870,95.109,0.382,3,6235.882,189.500
7.880,95.193,0.382,3,6241.379,189.925
7.890,95.277,0.382,3,6246.874,190.351
7.900,95.361,0.382,3,6252.368,190.778
7.910,95.444,0.382,3,6257.860,191.204
7.920,95.528,0.382,3,6263.351,191.631
7.930,95.612,0.381,3,6268.840,192.059
7.940,95.696,0.381,3,6274.328,192.487
7.950,95.779,0.381,3,6279.815,192.915
7.960,95.863,0.381,3,6285.299,193.343
7.970,95.947,0.381,3,6290.783,193.772
7.980,96.030,0.381,3,6296.265,194.201
7.990,96.114,0.381,3,6301.745,194.631
8.000,96.197,0.381,3,6307.224,195.061
8.010,96.281,0.381,3,6312.702,195.492
8.020,96.364,0.380,3,6318.178,195.922
8.030,96.448,0.380,3,6323.652,196.354
8.040,96.531,0.380,3,6329.125,196.785
8.050,96.615,0.380,3,6334.597,197.217
8.060,96.698,0.380,3,6340.067,197.649
8.070,96.782,0.380,3,6345.536,198.082
8.080,96.865,0.380,3,6351.003,198.515
8.090,96.948,0.380,3,6356.469,198.948
8.100,97.032,0.380,3,6361.933,199.382
8.110,97.115,0.380,3,6367.395,199.816
8.120,97.198,0.379,3,6372.857,200.251
8.130,97.282,0.304,3,6378.316,200.686
8.140,97.348,0.303,3,6382.684,201.121
8.150,97.415,0.303,3,6387.051,201.556
8.160,97.481,0.303,3,6391.416,201.992
8.170,97.548,0.303,3,6395.780,202.428
8.180,97.615,0.303,3,6400.143,202.865
8.190,97.681,0.303,3,6404.504,203.301
8.200,97.748,0.303,3,6408.865,203.738
8.210,97.814,0.303,3,6413.224,204.175
8.220,97.881,0.303,3,6417.582,204.613
8.230,97.947,0.303,3,6421.939,205.051
8.240,98.013,0.303,3,6426.295,205.489
8.250,98.080,0.303,3,6430.649,205.927
8.260,98.146,0.302,3,6435.003,206.366
8.270,98.213,0.302,3,6439.355,206.805
8.280,98.279,0.302,3,6443.706,207.245
8.290,98.345,0.302,3,6448.055,207.684
8.300,98.412,0.302,3,6452.404,208.124
8.310,98.478,0.302,3,6456.751,208.564
8.320,98.544,0.302,3,6461.097,209.005
8.330,98.611,0.302,3,6465.442,209.446
8.340,98.677,0.302,3,6469.786,209.887
8.350,98.743,0.302,3,6474.128,210.328
8.360,98.809,0.302,3,6478.470,210.770
8.370,98.875,0.302,3,6482.810,211.212
8.380,98.942,0.301,3,6487.149,211.654
8.390,99.008,0.301,3,6491.487,212.097
8.400,99.074,0.301,3,6495.823,212.540
8.410,99.140,0.301,3,6500.158,212.983
8.420,99.206,0.301,3,6504.492,213.427
8.430,99.272,0.301,3,6508.825,213.870
8.440,99.338,0.301,3,6513.157,214.314
8.450,99.404,0.301,3,6517.487,214.759
8.460,99.470,0.301,3,6521.817,215.203
8.470,99.536,0.301,3,6526.145,215.648
8.480,99.602,0.301,3,6530.472,216.094
8.490,99.668,0.301,3,6534.797,216.539
8.500,99.734,0.300,3,6539.122,216.985
8.510,99.800,0.300,3,6543.445,217.431
8.520,99.866,0.300,3,6547.767,217.878
8.530,99.932,0.300,3,6552.088,218.324
8.540,99.998,0.300,3,6556.407,218.771
8.550,100.064,0.300,3,6560.726,219.219
8.560,100.130,0.300,3,6565.043,219.666
8.570,100.195,0.300,3,6569.359,220.114
8.580,100.261,0.300,3,6573.674,220.563
8.590,100.327,0.300,3,6577.987,221.011
8.600,100.393,0.300,3,6582.300,221.460
8.610,100.459,0.300,3,6586.611,221.909
8.620,100.524,0.299,3,6590.921,222.358
8.630,100.590,0.299,3,6595.229,222.808
8.640,100.656,0.299,3,6599.537,223.258
8.650,100.721,0.299,3,6603.843,223.708
8.660,100.787,0.299,3,6608.148,224.159
8.670,100.853,0.299,3,6612.452,224.610
8.680,100.918,0.299,3,6616.755,225.061
8.690,100.984,0.299,3,6621.056,225.512
8.700,101.050,0.299,3,6625.356,225.964
8.710,101.115,0.299,3,6629.655,226.416
8.720,101.181,0.299,3,6633.953,226.868
8.730,101.246,0.299,3,6638.250,227.321
8.740,101.312,0.298,3,6642.545,227.774
8.750,101.377,0.298,3,6646.839,228.227
8.760,101.443,0.298,3,6651.132,228.680
8.770,101.508,0.298,3,6655.424,229.134
8.780,101.574,0.298,3,6659.714,229.588
8.790,101.639,0.298,3,6664.003,230.043
8.800,101.704,0.298,3,6668.291,230.497
8.810,101.770,0.298,3,6672.578,230.952
8.820,101.835,0.298,3,6676.863,231.408
8.830,101.900,0.298,3,6681.148,231.863
8.840,101.966,0.298,3,6685.431,232.319
8.850,102.031,0.298,3,6689.713,232.775
8.860,102.096,0.297,3,6693.993,233.231
8.870,102.162,0.297,3,6698.273,233.688
8.880,102.227,0.297,3,6702.551,234.145
8.890,102.292,0.297,3,6706.828,234.602
8.900,102.357,0.297,3,6711.104,235.060
8.910,102.423,0.297,3,6715.378,235.518
8.920,102.488,0.297,3,6719.652,235.976
8.930,102.553,0.297,3,6723.924,236.434
8.940,102.618,0.297,3,6728.195,236.893
8.950,102.683,0.297,3,6732.464,237.352
8.960,102.748,0.297,3,6736.733,237.812
8.970,102.813,0.296,3,6741.000,238.271
8.980,102.878,0.296,3,6745.266,238.731
8.990,102.943,0.296,3,6749.530,239.191
9.000,103.008,0.296,3,6753.794,239.652
9.010,103.073,0.296,3,6758.056,240.113
9.020,103.138,0.296,3,6762.317,240.574
9.030,103.203,0.296,3,6766.577,241.035
9.040,103.268,0.296,3,6770.835,241.497
9.050,103.333,0.296,3,6775.093,241.959
9.060,103.398,0.296,3,6779.349,242.421
9.070,103.463,0.296,3,6783.604,242.883
9.080,103.528,0.296,3,6787.857,243.346
9.090,103.593,0.295,3,6792.110,243.809
9.100,103.658,0.295,3,6796.361,244.273
9.110,103.722,0.295,3,6800.611,244.736
9.120,103.787,0.295,3,6804.859,245.200
9.130,103.852,0.295,3,6809.107,245.665
9.140,103.917,0.295,3,6813.353,246.129
9.150,103.982,0.295,3,6817.598,246.594
9.160,104.046,0.295,3,6821.842,247.059
9.170,104.111,0.295,3,6826.084,247.524
9.180,104.176,0.295,3,6830.326,247.990
9.190,104.240,0.295,3,6834.566,248.456
9.200,104.305,0.295,3,6838.804,248.922
9.210,104.370,0.294,3,6843.042,249.389
9.220,104.434,0.294,3,6847.278,249.856
9.230,104.499,0.294,3,6851.513,250.323
9.240,104.563,0.294,3,6855.747,250.790
9.250,104.628,0.294,3,6859.980,251.258
9.260,104.693,0.294,3,6864.211,251.726
9.270,104.757,0.294,3,6868.441,252.195
9.280,104.822,0.294,3,6872.670,252.663
9.290,104.886,0.294,3,6876.898,253.132
9.300,104.950,0.294,3,6881.124,253.601
9.310,105.015,0.294,3,6885.349,254.071
9.320,105.079,0.293,3,6889.573,254.540
9.330,105.144,0.293,3,6893.796,255.010
9.340,105.208,0.293,3,6898.017,255.481
9.350,105.272,0.293,3,6902.237,255.951
9.360,105.337,0.293,3,6906.456,256.422
9.370,105.401,0.293,3,6910.674,256.893
9.380,105.465,0.293,3,6914.890,257.365
9.390,105.530,0.293,3,6919.105,257.837
9.400,105.594,0.293,3,6923.319,258.309
9.410,105.658,0.293,3,6927.532,258.781
9.420,105.723,0.293,3,6931.744,259.254
9.430,105.787,0.293,3,6935.954,259.727
9.440,105.851,0.292,3,6940.163,260.200
9.450,105.915,0.292,3,6944.370,260.673
9.460,105.979,0.292,3,6948.577,261.147
9.470,106.043,0.292,3,6952.782,261.621
9.480,106.108,0.292,3,6956.986,262.095
9.490,106.172,0.292,3,6961.189,262.570
9.500,106.236,0.292,3,6965.390,263.045
9.510,106.300,0.292,3,6969.590,263.520
9.520,106.364,0.292,3,6973.789,263.996
9.530,106.428,0.292,3,6977.987,264.471
9.540,106.492,0.292,3,6982.183,264.947
9.550,106.556,0.291,3,6986.379,265.424
9.560,106.620,0.291,3,6990.572,265.900
9.570,106.684,0.291,3,6994.765,266.377
9.580,106.748,0.291,3,6998.957,266.855
9.590,106.812,0.291,3,7003.147,267.332
9.600,106.875,0.291,3,7007.336,267.810
9.610,106.939,0.291,3,7011.523,268.288
9.620,107.003,0.291,3,7015.710,268.766
9.630,107.067,0.291,3,7019.895,269.245
9.640,107.131,0.291,3,7024.079,269.724
9.650,107.195,0.291,3,7028.261,270.203
9.660,107.258,0.291,3,7032.443,270.683
9.670,107.322,0.290,3,7036.623,271.162
9.680,107.386,0.290,3,7040.802,271.642
9.690,107.450,0.290,3,7044.979,272.123
9.700,107.513,0.290,3,7049.156,272.603
9.710,107.577,0.290,3,7053.331,273.084
9.720,107.641,0.290,3,7057.505,273.565
9.730,107.704,0.290,3,7061.677,274.047
9.740,107.768,0.290,3,7065.849,274.529
9.750,107.831,0.290,3,7070.019,275.011
9.760,107.895,0.290,3,7074.188,275.493
9.770,107.959,0.290,3,7078.355,275.976
9.780,108.022,0.289,3,7082.521,276.459
9.790,108.086,0.289,3,7086.686,276.942
9.800,108.149,0.289,3,7090.850,277.425
9.810,108.213,0.289,3,7095.013,277.909
9.820,108.276,0.289,3,7099.174,278.393
9.830,108.340,0.289,3,7103.334,278.877
9.840,108.403,0.289,3,7107.493,279.362
9.850,108.466,0.289,3,7111.650,279.847
9.860,108.530,0.289,3,7115.806,280.332
9.870,108.593,0.289,3,7119.961,280.817
9.880,108.657,0.289,3,7124.115,281.303
9.890,108.720,0.289,3,7128.267,281.789
9.900,108.783,0.288,3,7132.418,282.275
9.910,108.846,0.288,3,7136.568,282.762
9.920,108.910,0.288,3,7140.717,283.249
9.930,108.973,0.288,3,7144.864,283.736
9.940,109.036,0.288,3,7149.010,284.224
9.950,109.099,0.288,3,7153.155,284.711
9.960,109.163,0.288,3,7157.299,285.199
9.970,109.226,0.288,3,7161.441,285.688
9.980,109.289,0.288,3,7165.582,286.176
9.990,109.352,0.288,3,7169.722,286.665
10.000,109.415,0.288,3,7173.860,287.154
10.010,109.478,0.287,3,7177.997,287.643
10.020,109.541,0.287,3,7182.133,288.133
10.030,109.605,0.287,3,7186.268,288.623
10.040,109.668,0.287,3,7190.401,289.113
10.050,109.731,0.287,3,7194.533,289.604
10.060,109.794,0.287,3,7198.664,290.095
10.070,109.857,0.287,3,7202.794,290.586
10.080,109.920,0.287,3,7206.922,291.077
10.090,109.982,0.287,3,7211.049,291.569
10.100,110.045,0.287,3,7215.175,292.061
10.110,110.108,0.287,3,7219.299,292.553
10.120,110.171,0.286,3,7223.423,293.046
10.130,110.234,0.286,3,7227.544,293.538
10.140,110.297,0.286,3,7231.665,294.031
10.150,110.360,0.286,3,7235.785,294.525
10.160,110.423,0.286,3,7239.903,295.018
10.170,110.485,0.286,3,7244.019,295.512
10.180,110.548,0.286,3,7248.135,296.007
10.190,110.611,0.286,3,7252.249,296.501
10.200,110.674,0.286,3,7256.362,296.996
10.210,110.736,0.286,3,7260.474,297.491
10.220,110.799,0.286,3,7264.585,297.986
10.230,110.862,0.286,3,7268.694,298.482
10.240,110.924,0.285,3,7272.802,298.978
10.250,110.987,0.285,3,7276.908,299.474
10.260,111.050,0.285,3,7281.014,299.970
10.270,111.112,0.285,3,7285.118,300.467
10.280,111.175,0.285,3,7289.221,300.964
10.290,111.237,0.285,3,7293.322,301.461
10.300,111.300,0.285,3,7297.422,301.959
10.310,111.362,0.285,3,7301.521,302.457
10.320,111.425,0.285,3,7305.619,302.955
10.330,111.487,0.285,3,7309.715,303.453
10.340,111.550,0.285,3,7313.811,303.952
10.350,111.612,0.284,3,7317.904,304.451
10.360,111.675,0.284,3,7321.997,304.950
10.370,111.737,0.284,3,7326.088,305.449
10.380,111.799,0.284,3,7330.178,305.949
10.390,111.862,0.284,3,7334.267,306.449
10.400,111.924,0.284,3,7338.355,306.950
10.410,111.986,0.284,3,7342.441,307.450
10.420,112.049,0.284,3,7346.526,307.951
10.430,112.111,0.284,3,7350.609,308.452
10.440,112.173,0.284,3,7354.691,308.954
10.450,112.236,0.284,3,7358.773,309.456
10.460,112.298,0.283,3,7362.852,309.958
10.470,112.360,0.283,3,7366.931,310.460
10.480,112.422,0.283,3,7371.008,310.962
10.490,112.484,0.283,3,7375.084,311.465
10.500,112.546,0.283,3,7379.158,311.968
10.510,112.609,0.283,3,7383.232,312.472
10.520,112.671,0.283,3,7387.304,312.975
10.530,112.733,0.283,3,7391.375,313.479
10.540,112.795,0.283,3,7395.444,313.984
10.550,112.857,0.283,3,7399.512,314.488
10.560,112.919,0.283,3,7403.579,314.993
10.570,112.981,0.282,3,7407.645,315.498
10.580,113.043,0.282,3,7411.709,316.003
10.590,113.105,0.282,3,7415.772,316.509
10.600,113.167,0.282,3,7419.834,317.015
10.610,113.229,0.282,3,7423.894,317.521
10.620,113.291,0.282,3,7427.954,318.028
10.630,113.353,0.282,3,7432.011,318.534
10.640,113.414,0.282,3,7436.068,319.041
10.650,113.476,0.282,3,7440.123,319.549
10.660,113.538,0.282,3,7444.177,320.056
10.670,113.600,0.282,3,7448.230,320.564
10.680,113.662,0.281,3,7452.282,321.072
10.690,113.724,0.281,3,7456.332,321.580
10.700,113.785,0.281,3,7460.381,322.089
10.710,113.847,0.281,3,7464.428,322.598
10.720,113.909,0.281,3,7468.474,323.107
10.730,113.970,0.281,3,7472.519,323.617
10.740,114.032,0.281,3,7476.563,324.127
10.750,114.094,0.281,3,7480.606,324.637
10.760,114.155,0.281,3,7484.647,325.147
10.770,114.217,0.281,3,7488.686,325.658
10.780,114.279,0.281,3,7492.725,326.168
10.790,114.340,0.281,3,7496.762,326.680
10.800,114.402,-0.099,4,5357.713,327.191
10.810,114.380,-0.099,4,5356.700,327.702
10.820,114.358,-0.099,4,5355.687,328.213
10.830,114.337,-0.098,4,5354.675,328.725
10.840,114.315,-0.098,4,5353.662,329.236
10.850,114.294,-0.098,4,5352.651,329.747
10.860,114.272,-0.098,4,5351.639,330.257
10.870,114.250,-0.098,4,5350.628,330.768
10.880,114.229,-0.098,4,5349.617,331.279
10.890,114.207,-0.098,4,5348.607,331.789
10.900,114.186,-0.098,4,5347.596,332.300
10.910,114.164,-0.098,4,5346.586,332.810
10.920,114.143,-0.098,4,5345.577,333.320
10.930,114.121,-0.098,4,5344.568,333.831
10.940,114.099,-0.098,4,5343.559,334.341
10.950,114.078,-0.098,4,5342.550,334.851
10.960,114.056,-0.098,4,5341.542,335.361
10.970,114.035,-0.098,4,5340.534,335.870
10.980,114.013,-0.098,4,5339.526,336.380
10.990,113.992,-0.098,4,5338.519,336.890
11.000,113.970,0.227,4,5337.512,337.399
11.010,114.020,0.227,4,5339.844,337.909
11.020,114.070,0.227,4,5342.175,338.419
11.030,114.120,0.227,4,5344.506,338.929
11.040,114.169,0.227,4,5346.835,339.439
11.050,114.219,0.227,4,5349.164,339.950
11.060,114.269,0.226,4,5351.492,340.461
11.070,114.319,0.226,4,5353.820,340.972
11.080,114.368,0.226,4,5356.147,341.483
11.090,114.418,0.226,4,5358.472,341.995
11.100,114.468,0.226,4,5360.798,342.506
11.110,114.517,0.226,4,5363.122,343.018
11.120,114.567,0.226,4,5365.446,343.530
11.130,114.616,0.226,4,5367.769,344.043
11.140,114.666,0.226,4,5370.091,344.555
11.150,114.716,0.226,4,5372.413,345.068
11.160,114.765,0.226,4,5374.733,345.581
11.170,114.815,0.226,4,5377.053,346.094
11.180,114.864,0.226,4,5379.373,346.608
11.190,114.914,0.226,4,5381.691,347.122
11.200,114.963,0.225,4,5384.009,347.636
11.210,115.013,0.225,4,5386.326,348.150
11.220,115.062,0.225,4,5388.642,348.664
11.230,115.112,0.225,4,5390.958,349.179
11.240,115.161,0.225,4,5393.272,349.694
11.250,115.210,0.225,4,5395.586,350.209
11.260,115.260,0.225,4,5397.900,350.724
11.270,115.309,0.225,4,5400.212,351.239
11.280,115.359,0.225,4,5402.524,351.755
11.290,115.408,0.225,4,5404.835,352.271
11.300,115.457,0.225,4,5407.145,352.787
11.310,115.507,0.225,4,5409.455,353.303
11.320,115.556,0.225,4,5411.764,353.820
11.330,115.605,0.225,4,5414.072,354.337
11.340,115.654,0.224,4,5416.379,354.854
11.350,115.704,0.224,4,5418.685,355.371
11.360,115.753,0.224,4,5420.991,355.888
11.370,115.802,0.224,4,5423.296,356.406
11.380,115.851,0.224,4,5425.601,356.924
11.390,115.900,0.224,4,5427.904,357.442
11.400,115.950,0.224,4,5430.207,357.961
11.410,115.999,0.224,4,5432.509,358.479
11.420,116.048,0.224,4,5434.810,358.998
11.430,116.097,0.224,4,5437.111,359.517
11.440,116.146,0.224,4,5439.411,360.036
11.450,116.195,0.224,4,5441.710,360.556
11.460,116.244,0.224,4,5444.008,361.075
11.470,116.293,0.223,4,5446.306,361.595
11.480,116.342,0.223,4,5448.602,362.115
11.490,116.391,0.223,4,5450.899,362.635
11.500,116.440,0.223,4,5453.194,363.156
11.510,116.489,0.223,4,5455.488,363.677
11.520,116.538,0.223,4,5457.782,364.198
11.530,116.587,0.223,4,5460.075,364.719
11.540,116.636,0.223,4,5462.368,365.240
11.550,116.685,0.223,4,5464.659,365.762
11.560,116.734,0.223,4,5466.950,366.284
11.570,116.783,0.223,4,5469.240,366.806
11.580,116.832,0.223,4,5471.529,367.328
11.590,116.881,0.223,4,5473.818,367.851
11.600,116.930,0.223,4,5476.106,368.373
11.610,116.979,0.222,4,5478.393,368.896
11.620,117.027,0.222,4,5480.679,369.419
11.630,117.076,0.222,4,5482.965,369.943
11.640,117.125,0.222,4,5485.250,370.466
11.650,117.174,0.222,4,5487.534,370.990
11.660,117.222,0.222,4,5489.817,371.514
11.670,117.271,0.222,4,5492.100,372.039
11.680,117.320,0.222,4,5494.381,372.563
11.690,117.369,0.222,4,5496.663,373.088
11.700,117.417,0.222,4,5498.943,373.613
11.710,117.466,0.222,4,5501.222,374.138
11.720,117.515,0.222,4,5503.501,374.663
11.730,117.563,0.222,4,5505.779,375.189
11.740,117.612,0.222,4,5508.057,375.714
11.750,117.661,0.221,4,5510.333,376.240
11.760,117.709,0.221,4,5512.609,376.767
11.770,117.758,0.221,4,5514.884,377.293
11.780,117.806,0.221,4,5517.158,377.820
11.790,117.855,0.221,4,5519.432,378.347
11.800,117.903,0.221,4,5521.705,378.874
11.810,117.952,0.221,4,5523.977,379.401
11.820,118.000,0.221,4,5526.248,379.928
11.830,118.049,0.221,4,5528.519,380.456
11.840,118.097,0.221,4,5530.789,380.984
11.850,118.146,0.221,4,5533.058,381.512
11.860,118.194,0.221,4,5535.326,382.041
11.870,118.243,0.221,4,5537.594,382.569
11.880,118.291,0.220,4,5539.860,383.098
11.890,118.339,0.220,4,5542.126,383.627
11.900,118.388,0.220,4,5544.392,384.156
11.910,118.436,0.220,4,5546.656,384.686
11.920,118.484,0.220,4,5548.920,385.215
11.930,118.533,0.220,4,5551.183,385.745
11.940,118.581,0.220,4,5553.445,386.275
11.950,118.629,0.220,4,5555.707,386.806
11.960,118.678,0.220,4,5557.968,387.336
11.970,118.726,0.220,4,5560.228,387.867
11.980,118.774,0.220,4,5562.487,388.398
11.990,118.822,0.220,4,5564.746,388.929
12.000,118.871,0.220,4,5567.004,389.461
12.010,118.919,0.220,4,5569.261,389.992
12.020,118.967,0.219,4,5571.517,390.524
12.030,119.015,0.219,4,5573.772,391.056
12.040,119.063,0.219,4,5576.027,391.588
12.050,119.111,0.219,4,5578.281,392.121
12.060,119.160,0.219,4,5580.534,392.653
12.070,119.208,0.219,4,5582.787,393.186
12.080,119.256,0.219,4,5585.039,393.719
12.090,119.304,0.219,4,5587.290,394.253
12.100,119.352,0.219,4,5589.540,394.786
12.110,119.400,0.219,4,5591.790,395.320
12.120,119.448,0.219,4,5594.038,395.854
12.130,119.496,0.219,4,5596.286,396.388
12.140,119.544,0.219,4,5598.534,396.923
12.150,119.592,0.219,4,5600.780,397.457
12.160,119.640,0.218,4,5603.026,397.992
12.170,119.688,0.218,4,5605.271,398.527
12.180,119.736,0.218,4,5607.515,399.062
12.190,119.784,0.218,4,5609.759,399.598
12.200,119.831,0.218,4,5612.001,400.134
12.210,119.879,0.218,4,5614.243,400.670
12.220,119.927,0.218,4,5616.485,401.206
12.230,119.975,0.218,4,5618.725,401.742
12.240,120.023,0.218,4,5620.965,402.279
12.250,120.071,0.218,4,5623.204,402.815
12.260,120.118,0.218,4,5625.442,403.352
12.270,120.166,0.218,4,5627.679,403.889
12.280,120.214,0.218,4,5629.916,404.427
12.290,120.262,0.217,4,5632.152,404.965
12.300,120.309,0.217,4,5634.387,405.502
12.310,120.357,0.217,4,5636.622,406.040
12.320,120.405,0.217,4,5638.855,406.579
12.330,120.453,0.217,4,5641.088,407.117
12.340,120.500,0.217,4,5643.321,407.656
12.350,120.548,0.217,4,5645.552,408.195
12.360,120.595,0.217,4,5647.783,408.734
12.370,120.643,0.217,4,5650.013,409.273
12.380,120.691,0.217,4,5652.242,409.813
12.390,120.738,0.217,4,5654.470,410.352
12.400,120.786,0.217,4,5656.698,410.892
12.410,120.833,0.217,4,5658.925,411.433
12.420,120.881,0.217,4,5661.151,411.973
12.430,120.928,0.216,4,5663.376,412.514
12.440,120.976,0.216,4,5665.601,413.054
12.450,121.023,0.216,4,5667.825,413.595
12.460,121.071,0.216,4,5670.048,414.137
12.470,121.118,0.216,4,5672.271,414.678
12.480,121.166,0.216,4,5674.492,415.220
12.490,121.213,0.216,4,5676.713,415.762
12.500,121.261,0.216,4,5678.933,416.304
12.510,121.308,0.216,4,5681.153,416.846
12.520,121.355,0.216,4,5683.371,417.388
12.530,121.403,0.216,4,5685.589,417.931
12.540,121.450,0.216,4,5687.806,418.474
12.550,121.497,0.216,4,5690.022,419.017
12.560,121.545,0.216,4,5692.238,419.561
12.570,121.592,0.215,4,5694.453,420.104
12.580,121.639,0.215,4,5696.667,420.648
12.590,121.687,0.215,4,5698.880,421.192
12.600,121.734,0.215,4,5701.093,421.736
12.610,121.781,0.215,4,5703.305,422.281
12.620,121.828,0.215,4,5705.516,422.825
12.630,121.875,0.215,4,5707.726,423.370
12.640,121.923,0.215,4,5709.936,423.915
12.650,121.970,0.215,4,5712.145,424.460
12.660,122.017,0.215,4,5714.353,425.006
12.670,122.064,0.215,4,5716.560,425.551
12.680,122.111,0.215,4,5718.766,426.097
12.690,122.158,0.215,4,5720.972,426.643
12.700,122.205,0.214,4,5723.177,427.190
12.710,122.252,0.214,4,5725.381,427.736
12.720,122.299,0.214,4,5727.585,428.283
12.730,122.347,0.214,4,5729.788,428.830
12.740,122.394,0.214,4,5731.990,429.377
12.750,122.441,0.214,4,5734.191,429.924
12.760,122.488,0.214,4,5736.392,430.472
12.770,122.534,0.214,4,5738.591,431.020
12.780,122.581,0.214,4,5740.790,431.568
12.790,122.628,0.214,4,5742.989,432.116
12.800,122.675,0.214,4,5745.186,432.664
12.810,122.722,0.214,4,5747.383,433.213
12.820,122.769,0.214,4,5749.579,433.762
12.830,122.816,0.214,4,5751.774,434.311
12.840,122.863,0.213,4,5753.968,434.860
12.850,122.910,0.213,4,5756.162,435.409
12.860,122.956,0.213,4,5758.355,435.959
12.870,123.003,0.213,4,5760.547,436.509
12.880,123.050,0.213,4,5762.739,437.059
12.890,123.097,0.213,4,5764.929,437.609
12.900,123.144,0.213,4,5767.119,438.160
12.910,123.190,0.213,4,5769.308,438.711
12.920,123.237,0.213,4,5771.497,439.262
12.930,123.284,0.213,4,5773.684,439.813
12.940,123.331,0.213,4,5775.871,440.364
12.950,123.377,0.213,4,5778.058,440.916
12.960,123.424,0.213,4,5780.243,441.467
12.970,123.471,0.212,4,5782.428,442.019
12.980,123.517,0.212,4,5784.611,442.571
12.990,123.564,0.212,4,5786.795,443.124
13.000,123.610,0.212,4,5788.977,443.676
13.010,123.657,0.212,4,5791.159,444.229
13.020,123.704,0.212,4,5793.339,444.782
13.030,123.750,0.212,4,5795.519,445.335
13.040,123.797,0.212,4,5797.699,445.889
13.050,123.843,0.212,4,5799.877,446.442
13.060,123.890,0.212,4,5802.055,446.996
13.070,123.936,0.212,4,5804.232,447.550
13.080,123.983,0.212,4,5806.409,448.105
13.090,124.029,0.212,4,5808.584,448.659
13.100,124.075,0.212,4,5810.759,449.214
13.110,124.122,0.211,4,5812.933,449.769
13.120,124.168,0.211,4,5815.106,450.324
13.130,124.215,0.211,4,5817.279,450.879
13.140,124.261,0.211,4,5819.451,451.434
13.150,124.307,0.211,4,5821.622,451.990
13.160,124.354,0.211,4,5823.792,452.546
13.170,124.400,0.211,4,5825.961,453.102
13.180,124.446,0.211,4,5828.130,453.658
13.190,124.493,0.211,4,5830.298,454.215
13.200,124.539,0.211,4,5832.465,454.772
13.210,124.585,0.211,4,5834.632,455.329
13.220,124.631,0.211,4,5836.798,455.886
13.230,124.678,0.211,4,5838.963,456.443
13.240,124.724,0.211,4,5841.127,457.001
13.250,124.770,0.210,4,5843.290,457.559
13.260,124.816,0.210,4,5845.453,458.117
13.270,124.862,0.210,4,5847.615,458.675
13.280,124.909,0.210,4,5849.776,459.233
13.290,124.955,0.210,4,5851.937,459.792
13.300,125.001,0.210,4,5854.096,460.350
13.310,125.047,0.210,4,5856.255,460.909
13.320,125.093,0.210,4,5858.413,461.469
13.330,125.139,0.210,4,5860.571,462.028
13.340,125.185,0.210,4,5862.727,462.588
13.350,125.231,0.210,4,5864.883,463.148
13.360,125.277,0.210,4,5867.038,463.708
13.370,125.323,0.210,4,5869.193,464.268
13.380,125.369,0.209,4,5871.346,464.828
13.390,125.415,0.209,4,5873.499,465.389
13.400,125.461,0.209,4,5875.651,465.950
13.410,125.507,0.209,4,5877.803,466.511
13.420,125.553,0.209,4,5879.953,467.072
13.430,125.599,0.209,4,5882.103,467.634
13.440,125.645,0.209,4,5884.252,468.195
13.450,125.691,0.209,4,5886.401,468.757
13.460,125.736,0.209,4,5888.548,469.319
13.470,125.782,0.209,4,5890.695,469.882
13.480,125.828,0.209,4,5892.841,470.444
13.490,125.874,0.209,4,5894.986,471.007
13.500,125.920,0.209,4,5897.131,471.570
13.510,125.966,0.209,4,5899.275,472.133
13.520,126.011,0.208,4,5901.418,472.696
13.530,126.057,0.208,4,5903.560,473.260
13.540,126.103,0.208,4,5905.702,473.823
13.550,126.148,0.208,4,5907.842,474.387
13.560,126.194,0.208,4,5909.982,474.951
13.570,126.240,0.208,4,5912.122,475.516
13.580,126.285,0.208,4,5914.260,476.080
13.590,126.331,0.208,4,5916.398,476.645
13.600,126.377,0.208,4,5918.535,477.210
13.610,126.422,0.208,4,5920.671,477.775
13.620,126.468,0.208,4,5922.806,478.341
13.630,126.514,0.208,4,5924.941,478.906
13.640,126.559,0.208,4,5927.075,479.472
13.650,126.605,0.207,4,5929.208,480.038
13.660,126.650,0.207,4,5931.341,480.604
13.670,126.696,0.207,4,5933.472,481.170
13.680,126.741,0.207,4,5935.603,481.737
13.690,126.787,0.207,4,5937.734,482.304
13.700,126.832,0.207,4,5939.863,482.871
13.710,126.878,0.207,4,5941.992,483.438
13.720,126.923,0.207,4,5944.119,484.005
13.730,126.968,0.207,4,5946.247,484.573
13.740,127.014,0.207,4,5948.373,485.141
13.750,127.059,0.207,4,5950.499,485.709
13.760,127.105,0.207,4,5952.624,486.277
13.770,127.150,0.207,4,5954.748,486.845
13.780,127.195,0.207,4,5956.871,487.414
13.790,127.241,0.206,4,5958.994,487.983
13.800,127.286,0.206,4,5961.115,488.552
13.810,127.331,0.206,4,5963.237,489.121
13.820,127.377,0.206,4,5965.357,489.691
13.830,127.422,0.206,4,5967.476,490.260
13.840,127.467,0.206,4,5969.595,490.830
13.850,127.512,0.206,4,5971.713,491.400
13.860,127.557,0.206,4,5973.831,491.970
13.870,127.603,0.206,4,5975.947,492.541
13.880,127.648,0.206,4,5978.063,493.111
13.890,127.693,0.206,4,5980.178,493.682
13.900,127.738,0.206,4,5982.292,494.253
13.910,127.783,0.206,4,5984.406,494.824
13.920,127.828,0.206,4,5986.518,495.396
13.930,127.874,0.205,4,5988.630,495.968
13.940,127.919,0.205,4,5990.742,496.539
13.950,127.964,0.205,4,5992.852,497.111
13.960,128.009,0.205,4,5994.962,497.684
13.970,128.054,0.205,4,5997.071,498.256
13.980,128.099,0.205,4,5999.179,498.829
13.990,128.144,0.205,4,6001.287,499.402
14.000,128.189,0.205,4,6003.393,499.975
14.010,128.234,0.205,4,6005.499,500.548
14.020,128.279,0.205,4,6007.604,501.121
14.030,128.324,0.205,4,6009.709,501.695
14.040,128.369,0.205,4,6011.813,502.269
14.050,128.413,0.205,4,6013.915,502.843
14.060,128.458,0.204,4,6016.018,503.417
14.070,128.503,0.204,4,6018.119,503.992
14.080,128.548,0.204,4,6020.220,504.566
14.090,128.593,0.204,4,6022.320,505.141
14.100,128.638,0.204,4,6024.419,505.716
14.110,128.682,0.204,4,6026.517,506.292
14.120,128.727,0.204,4,6028.615,506.867
14.130,128.772,0.204,4,6030.712,507.443
14.140,128.817,0.204,4,6032.808,508.018
14.150,128.862,0.204,4,6034.903,508.595
14.160,128.906,0.204,4,6036.998,509.171
14.170,128.951,0.204,4,6039.092,509.747
14.180,128.996,0.204,4,6041.185,510.324
14.190,129.040,0.204,4,6043.277,510.901
14.200,129.085,0.203,4,6045.368,511.478
14.210,129.130,0.203,4,6047.459,512.055
14.220,129.174,0.203,4,6049.549,512.633
14.230,129.219,0.203,4,6051.639,513.210
14.240,129.263,0.203,4,6053.727,513.788
14.250,129.308,0.203,4,6055.815,514.366
14.260,129.353,0.203,4,6057.902,514.944
14.270,129.397,0.203,4,6059.988,515.523
14.280,129.442,0.203,4,6062.074,516.102
14.290,129.486,0.203,4,6064.159,516.680
14.300,129.531,0.203,4,6066.243,517.259
14.310,129.575,0.203,4,6068.326,517.839
14.320,129.620,0.203,4,6070.408,518.418
14.330,129.664,0.202,4,6072.490,518.998
14.340,129.709,0.202,4,6074.571,519.578
14.350,129.753,0.202,4,6076.651,520.158
14.360,129.797,0.202,4,6078.731,520.738
14.370,129.842,0.202,4,6080.809,521.318
14.380,129.886,0.202,4,6082.887,521.899
14.390,129.930,0.202,4,6084.965,522.480
14.400,129.975,0.202,4,6087.041,523.061
14.410,130.019,0.202,4,6089.117,523.642
14.420,130.063,0.202,4,6091.192,524.224
14.430,130.108,0.202,4,6093.266,524.805
14.440,130.152,0.202,4,6095.339,525.387
14.450,130.196,0.202,4,6097.412,525.969
14.460,130.241,0.202,4,6099.484,526.551
14.470,130.285,0.201,4,6101.555,527.134
14.480,130.329,0.201,4,6103.625,527.716
14.490,130.373,0.201,4,6105.695,528.299
14.500,130.417,0.201,4,6107.764,528.882
14.510,130.461,0.201,4,6109.832,529.465
14.520,130.506,0.201,4,6111.899,530.049
14.530,130.550,0.201,4,6113.966,530.632
14.540,130.594,0.201,4,6116.032,531.216
14.550,130.638,0.201,4,6118.097,531.800
14.560,130.682,0.201,4,6120.161,532.384
14.570,130.726,0.201,4,6122.225,532.969
14.580,130.770,0.201,4,6124.288,533.553
14.590,130.814,0.201,4,6126.350,534.138
14.600,130.858,0.201,4,6128.411,534.723
14.610,130.902,0.200,4,6130.472,535.308
14.620,130.946,0.200,4,6132.531,535.894
14.630,130.990,0.200,4,6134.590,536.479
14.640,131.034,0.200,4,6136.649,537.065
14.650,131.078,0.200,4,6138.706,537.651
14.660,131.122,0.200,4,6140.763,538.237
14.670,131.166,0.200,4,6142.819,538.824
14.680,131.210,0.200,4,6144.874,539.410
14.690,131.254,0.200,4,6146.929,539.997
14.700,131.297,0.200,4,6148.983,540.584
14.710,131.341,0.200,4,6151.036,541.171
14.720,131.385,0.200,4,6153.088,541.758
14.730,131.429,0.200,4,6155.139,542.346
14.740,131.473,0.199,4,6157.190,542.934
14.750,131.516,0.199,4,6159.240,543.522
14.760,131.560,0.199,4,6161.289,544.110
14.770,131.604,0.199,4,6163.338,544.698
14.780,131.648,0.199,4,6165.386,545.287
14.790,131.691,0.199,4,6167.433,545.875
14.800,131.735,0.199,4,6169.479,546.464
14.810,131.779,0.199,4,6171.524,547.053
14.820,131.822,0.199,4,6173.569,547.643
14.830,131.866,0.199,4,6175.613,548.232
14.840,131.910,0.199,4,6177.656,548.822
14.850,131.953,0.199,4,6179.698,549.412
14.860,131.997,0.199,4,6181.740,550.002
14.870,132.040,0.199,4,6183.781,550.592
14.880,132.084,0.198,4,6185.821,551.182
14.890,132.128,0.198,4,6187.861,551.773
14.900,132.171,0.198,4,6189.899,552.364
14.910,132.215,0.198,4,6191.937,552.955
14.920,132.258,0.198,4,6193.974,553.546
14.930,132.302,0.198,4,6196.011,554.138
14.940,132.345,0.198,4,6198.046,554.729
14.950,132.389,0.198,4,6200.081,555.321
14.960,132.432,0.198,4,6202.115,555.913
14.970,132.475,0.198,4,6204.149,556.505
14.980,132.519,0.198,4,6206.181,557.098
14.990,132.562,0.198,4,6208.213,557.690
15.000,132.606,0.198,4,6210.244,558.283
15.010,132.649,0.197,4,6212.275,558.876
15.020,132.692,0.197,4,6214.304,559.469
15.030,132.736,0.197,4,6216.333,560.063
15.040,132.779,0.197,4,6218.361,560.656
15.050,132.822,0.197,4,6220.388,561.250
15.060,132.865,0.197,4,6222.415,561.844
15.070,132.909,0.197,4,6224.441,562.438
15.080,132.952,0.197,4,6226.466,563.033
15.090,132.995,0.197,4,6228.490,563.627
15.100,133.038,0.197,4,6230.514,564.222
15.110,133.082,0.197,4,6232.537,564.817
15.120,133.125,0.197,4,6234.559,565.412
15.130,133.168,0.197,4,6236.580,566.007
15.140,133.211,0.197,4,6238.600,566.603
15.150,133.254,0.196,4,6240.620,567.198
15.160,133.297,0.196,4,6242.639,567.794
15.170,133.340,0.196,4,6244.658,568.390
15.180,133.383,0.196,4,6246.675,568.987
15.190,133.427,0.196,4,6248.692,569.583
15.200,133.470,0.196,4,6250.708,570.180
15.210,133.513,0.196,4,6252.723,570.777
15.220,133.556,0.196,4,6254.738,571.374
15.230,133.599,0.196,4,6256.751,571.971
15.240,133.642,0.196,4,6258.764,572.568
15.250,133.685,0.196,4,6260.777,573.166
15.260,133.728,0.196,4,6262.788,573.764
15.270,133.770,0.196,4,6264.799,574.362
15.280,133.813,0.196,4,6266.809,574.960
15.290,133.856,0.195,4,6268.818,575.558
15.300,133.899,0.195,4,6270.826,576.157
15.310,133.942,0.195,4,6272.834,576.756
15.320,133.985,0.195,4,6274.841,577.355
15.330,134.028,0.195,4,6276.847,577.954
15.340,134.071,0.195,4,6278.853,578.553
15.350,134.113,0.195,4,6280.858,579.153
15.360,134.156,0.195,4,6282.862,579.752
15.370,134.199,0.195,4,6284.865,580.352
15.380,134.242,0.195,4,6286.867,580.953
15.390,134.284,0.195,4,6288.869,581.553
15.400,134.327,0.195,4,6290.870,582.153
15.410,134.370,0.195,4,6292.870,582.754
15.420,134.413,0.194,4,6294.869,583.355
15.430,134.455,0.194,4,6296.868,583.956
15.440,134.498,0.194,4,6298.866,584.557
15.450,134.541,0.194,4,6300.863,585.159
15.460,134.583,0.194,4,6302.860,585.760
15.470,134.626,0.194,4,6304.855,586.362
15.480,134.668,0.194,4,6306.850,586.964
15.490,134.711,0.194,4,6308.844,587.566
15.500,134.754,0.194,4,6310.838,588.169
15.510,134.796,0.194,4,6312.830,588.771
15.520,134.839,0.194,4,6314.822,589.374
15.530,134.881,0.194,4,6316.813,589.977
15.540,134.924,0.194,4,6318.804,590.580
15.550,134.966,0.194,4,6320.794,591.184
15.560,135.009,0.193,4,6322.782,591.787
15.570,135.051,0.193,4,6324.771,592.391
15.580,135.093,0.193,4,6326.758,592.995
15.590,135.136,0.193,4,6328.745,593.599
15.600,135.178,0.193,4,6330.730,594.203
15.610,135.221,0.193,4,6332.716,594.808
15.620,135.263,0.193,4,6334.700,595.412
15.630,135.305,0.193,4,6336.684,596.017
15.640,135.348,0.193,4,6338.667,596.622
15.650,135.390,0.193,4,6340.649,597.228
15.660,135.432,0.193,4,6342.630,597.833
15.670,135.475,0.193,4,6344.611,598.439
15.680,135.517,0.193,4,6346.590,599.044
15.690,135.559,0.193,4,6348.570,599.650
15.700,135.601,0.192,4,6350.548,600.257
15.710,135.644,0.192,4,6352.526,600.863
15.720,135.686,0.192,4,6354.502,601.470
15.730,135.728,0.192,4,6356.479,602.076
15.740,135.770,0.192,4,6358.454,602.683
15.750,135.812,0.192,4,6360.429,603.290
15.760,135.855,0.192,4,6362.402,603.898
15.770,135.897,0.192,4,6364.375,604.505
15.780,135.939,0.192,4,6366.348,605.113
15.790,135.981,0.192,4,6368.319,605.721
15.800,136.023,0.192,4,6370.290,606.329
15.810,136.065,0.192,4,6372.260,606.937
15.820,136.107,0.192,4,6374.230,607.546
15.830,136.149,0.137,4,6376.198,608.154
15.840,136.179,0.137,4,6377.610,608.763
15.850,136.209,0.137,4,6379.021,609.372
15.860,136.240,0.137,4,6380.431,609.981
15.870,136.270,0.137,4,6381.841,610.590
15.880,136.300,0.137,4,6383.250,611.199
15.890,136.330,0.137,4,6384.659,611.809
15.900,136.360,0.137,4,6386.067,612.419
15.910,136.390,0.137,4,6387.475,613.028
15.920,136.420,0.137,4,6388.882,613.638
15.930,136.450,0.137,4,6390.288,614.248
15.940,136.480,0.137,4,6391.694,614.858
15.950,136.510,0.137,4,6393.100,615.468
15.960,136.540,0.137,4,6394.505,616.079
15.970,136.570,0.137,4,6395.909,616.689
15.980,136.600,0.137,4,6397.313,617.300
15.990,136.630,0.136,4,6398.716,617.911
16.000,136.660,0.136,4,6400.119,618.522
16.010,136.690,0.136,4,6401.521,619.133
16.020,136.720,0.136,4,6402.923,619.744
16.030,136.750,0.136,4,6404.324,620.355
16.040,136.780,0.136,4,6405.725,620.967
16.050,136.809,0.136,4,6407.125,621.578
16.060,136.839,0.136,4,6408.525,622.190
16.070,136.869,0.136,4,6409.924,622.802
16.080,136.899,0.136,4,6411.322,623.414
16.090,136.929,0.136,4,6412.720,624.026
16.100,136.959,0.136,4,6414.118,624.638
16.110,136.989,0.136,4,6415.515,625.251
16.120,137.018,0.136,4,6416.911,625.863
16.130,137.048,0.136,4,6418.307,626.476
16.140,137.078,0.136,4,6419.702,627.089
16.150,137.108,0.136,4,6421.097,627.702
16.160,137.138,0.136,4,6422.491,628.315
16.170,137.167,0.136,4,6423.885,628.928
16.180,137.197,0.136,4,6425.278,629.541
16.190,137.227,0.135,4,6426.670,630.155
16.200,137.257,0.135,4,6428.063,630.768
16.210,137.286,0.135,4,6429.454,631.382
16.220,137.316,0.135,4,6430.845,631.996
16.230,137.346,0.135,4,6432.236,632.610
16.240,137.375,0.135,4,6433.625,633.224
16.250,137.405,0.135,4,6435.015,633.838
16.260,137.435,0.135,4,6436.404,634.453
16.270,137.464,0.135,4,6437.792,635.067
16.280,137.494,0.135,4,6439.180,635.682
16.290,137.524,0.135,4,6440.567,636.297
16.300,137.553,0.135,4,6441.954,636.911
16.310,137.583,0.135,4,6443.340,637.526
16.320,137.612,0.135,4,6444.726,638.142
16.330,137.642,0.135,4,6446.111,638.757
16.340,137.672,0.135,4,6447.495,639.372
16.350,137.701,0.135,4,6448.879,639.988
16.360,137.731,0.135,4,6450.263,640.604
16.370,137.760,0.135,4,6451.646,641.220
16.380,137.790,0.134,4,6453.028,641.836
16.390,137.819,0.134,4,6454.410,642.452
16.400,137.849,0.134,4,6455.792,643.068
16.410,137.878,0.134,4,6457.173,643.684
16.420,137.908,0.134,4,6458.553,644.301
16.430,137.937,0.134,4,6459.933,644.917
16.440,137.967,0.134,4,6461.312,645.534
16.450,137.996,0.134,4,6462.691,646.151
16.460,138.025,0.134,4,6464.069,646.768
16.470,138.055,0.134,4,6465.446,647.385
16.480,138.084,0.134,4,6466.824,648.002
16.490,138.114,0.134,4,6468.200,648.620
16.500,138.143,0.134,4,6469.576,649.237
16.510,138.172,0.134,4,6470.952,649.855
16.520,138.202,0.134,4,6472.327,650.473
16.530,138.231,0.134,4,6473.701,651.091
16.540,138.260,0.134,4,6475.075,651.709
16.550,138.290,0.134,4,6476.449,652.327
16.560,138.319,0.134,4,6477.821,652.946
16.570,138.348,0.133,4,6479.194,653.564
16.580,138.378,0.133,4,6480.565,654.183
16.590,138.407,0.133,4,6481.937,654.801
16.600,138.436,0.133,4,6483.307,655.420
16.610,138.465,0.133,4,6484.678,656.039
16.620,138.495,0.133,4,6486.047,656.658
16.630,138.524,0.133,4,6487.416,657.278
16.640,138.553,0.133,4,6488.785,657.897
16.650,138.582,0.133,4,6490.153,658.517
16.660,138.612,0.133,4,6491.521,659.136
16.670,138.641,0.133,4,6492.888,659.756
16.680,138.670,0.133,4,6494.254,660.376
16.690,138.699,0.133,4,6495.620,660.996
16.700,138.728,0.133,4,6496.986,661.616
16.710,138.757,0.133,4,6498.350,662.236
16.720,138.787,0.133,4,6499.715,662.857
16.730,138.816,0.133,4,6501.079,663.477
16.740,138.845,0.133,4,6502.442,664.098
16.750,138.874,0.133,4,6503.805,664.719
16.760,138.903,0.132,4,6505.167,665.340
16.770,138.932,0.132,4,6506.529,665.961
16.780,138.961,0.132,4,6507.890,666.582
16.790,138.990,0.132,4,6509.250,667.203
16.800,139.019,0.132,4,6510.610,667.825
16.810,139.048,0.132,4,6511.970,668.447
16.820,139.077,0.132,4,6513.329,669.068
16.830,139.106,0.132,4,6514.688,669.690
16.840,139.135,0.132,4,6516.046,670.312
16.850,139.164,0.132,4,6517.403,670.934
16.860,139.193,0.132,4,6518.760,671.556
16.870,139.222,0.132,4,6520.116,672.179
16.880,139.251,0.132,4,6521.472,672.801
16.890,139.280,0.132,4,6522.828,673.424
16.900,139.309,0.132,4,6524.182,674.047
16.910,139.338,0.132,4,6525.537,674.670
16.920,139.367,0.132,4,6526.891,675.293
16.930,139.396,0.132,4,6528.244,675.916
16.940,139.425,0.132,4,6529.596,676.539
16.950,139.453,0.132,4,6530.949,677.163
16.960,139.482,0.131,4,6532.300,677.786
16.970,139.511,0.131,4,6533.651,678.410
16.980,139.540,0.131,4,6535.002,679.034
16.990,139.569,0.131,4,6536.352,679.657
17.000,139.598,0.131,4,6537.702,680.281
17.010,139.626,0.131,4,6539.051,680.906
17.020,139.655,0.131,4,6540.399,681.530
17.030,139.684,0.131,4,6541.747,682.154
17.040,139.713,0.131,4,6543.094,682.779
17.050,139.742,0.131,4,6544.441,683.404
17.060,139.770,0.131,4,6545.788,684.029
17.070,139.799,0.131,4,6547.133,684.653
17.080,139.828,0.131,4,6548.479,685.279
17.090,139.856,0.131,4,6549.824,685.904
17.100,139.885,0.131,4,6551.168,686.529
17.110,139.914,0.131,4,6552.512,687.155
17.120,139.943,0.131,4,6553.855,687.780
17.130,139.971,0.131,4,6555.197,688.406
17.140,140.000,0.131,4,6556.540,689.032
17.150,140.029,0.130,4,6557.881,689.658
17.160,140.057,0.130,4,6559.222,690.284
17.170,140.086,0.130,4,6560.563,690.910
17.180,140.114,0.130,4,6561.903,691.536
17.190,140.143,0.130,4,6563.242,692.163
17.200,140.172,0.130,4,6564.581,692.790
17.210,140.200,0.130,4,6565.920,693.416
17.220,140.229,0.130,4,6567.258,694.043
17.230,140.257,0.130,4,6568.595,694.670
17.240,140.286,0.130,4,6569.932,695.297
17.250,140.314,0.130,4,6571.268,695.925
17.260,140.343,0.130,4,6572.604,696.552
17.270,140.371,0.130,4,6573.940,697.180
17.280,140.400,0.130,4,6575.274,697.807
17.290,140.428,0.130,4,6576.609,698.435
17.300,140.457,0.130,4,6577.942,699.063
17.310,140.485,0.130,4,6579.276,699.691
17.320,140.514,0.130,4,6580.608,700.319
17.330,140.542,0.130,4,6581.940,700.947
17.340,140.571,0.130,4,6583.272,701.576
17.350,140.599,0.129,4,6584.603,702.204
17.360,140.628,0.129,4,6585.934,702.833
17.370,140.656,0.129,4,6587.264,703.462
17.380,140.684,0.129,4,6588.593,704.091
17.390,140.713,0.129,4,6589.922,704.720
17.400,140.741,0.129,4,6591.251,705.349
17.410,140.769,0.129,4,6592.579,705.978
17.420,140.798,0.129,4,6593.906,706.608
17.430,140.826,0.129,4,6595.233,707.237
17.440,140.854,0.129,4,6596.560,707.867
17.450,140.883,0.129,4,6597.885,708.497
17.460,140.911,0.129,4,6599.211,709.126
17.470,140.939,0.129,4,6600.536,709.757
17.480,140.968,0.129,4,6601.860,710.387
17.490,140.996,0.129,4,6603.184,711.017
17.500,141.024,0.129,4,6604.507,711.647
17.510,141.052,0.129,4,6605.830,712.278
17.520,141.081,0.129,4,6607.152,712.909
17.530,141.109,0.129,4,6608.474,713.540
17.540,141.137,0.129,4,6609.795,714.170
17.550,141.165,0.128,4,6611.115,714.802
17.560,141.193,0.128,4,6612.436,715.433
17.570,141.222,0.128,4,6613.755,716.064
17.580,141.250,0.128,4,6615.074,716.695
17.590,141.278,0.128,4,6616.393,717.327
17.600,141.306,0.128,4,6617.711,717.959
17.610,141.334,0.128,4,6619.028,718.591
17.620,141.362,0.128,4,6620.345,719.222
17.630,141.390,0.128,4,6621.662,719.855
17.640,141.419,0.128,4,6622.978,720.487
17.650,141.447,0.128,4,6624.293,721.119
17.660,141.475,0.128,4,6625.608,721.752
17.670,141.503,0.128,4,6626.922,722.384
17.680,141.531,0.128,4,6628.236,723.017
17.690,141.559,0.128,4,6629.550,723.650
17.700,141.587,0.128,4,6630.862,724.283
17.710,141.615,0.128,4,6632.175,724.916
17.720,141.643,0.128,4,6633.486,725.549
17.730,141.671,0.128,4,6634.798,726.182
17.740,141.699,0.127,4,6636.108,726.816
17.750,141.727,0.127,4,6637.419,727.449
17.760,141.755,0.127,4,6638.728,728.083
17.770,141.783,0.127,4,6640.037,728.717
17.780,141.811,0.127,4,6641.346,729.351
17.790,141.839,0.127,4,6642.654,729.985
17.800,141.867,0.127,4,6643.962,730.619
17.810,141.895,0.127,4,6645.269,731.253
17.820,141.922,0.127,4,6646.576,731.888
17.830,141.950,0.127,4,6647.882,732.522
17.840,141.978,0.127,4,6649.187,733.157
17.850,142.006,0.127,4,6650.492,733.792
17.860,142.034,0.127,4,6651.797,734.427
17.870,142.062,0.127,4,6653.101,735.062
17.880,142.090,0.127,4,6654.404,735.697
17.890,142.117,0.127,4,6655.707,736.332
17.900,142.145,0.127,4,6657.009,736.968
17.910,142.173,0.127,4,6658.311,737.603
17.920,142.201,0.127,4,6659.613,738.239
17.930,142.229,0.127,4,6660.914,738.875
17.940,142.256,0.126,4,6662.214,739.511
17.950,142.284,0.126,4,6663.514,740.147
17.960,142.312,0.126,4,6664.813,740.783
17.970,142.340,0.126,4,6666.112,741.419
17.980,142.367,0.126,4,6667.410,742.056
17.990,142.395,0.126,4,6668.708,742.692
18.000,142.423,0.126,4,6670.005,743.329
18.010,142.450,0.126,4,6671.302,743.966
18.020,142.478,0.126,4,6672.598,744.603
18.030,142.506,0.126,4,6673.894,745.240
18.040,142.533,0.126,4,6675.189,745.877
18.050,142.561,0.126,4,6676.483,746.514
18.060,142.589,0.126,4,6677.778,747.152
18.070,142.616,0.126,4,6679.071,747.789
18.080,142.644,0.126,4,6680.364,748.427
18.090,142.671,0.126,4,6681.657,749.065
18.100,142.699,0.126,4,6682.949,749.703
18.110,142.727,0.126,4,6684.240,750.341
18.120,142.754,0.126,4,6685.531,750.979
18.130,142.782,0.126,4,6686.822,751.617
18.140,142.809,0.125,4,6688.112,752.256
18.150,142.837,0.125,4,6689.401,752.894
18.160,142.864,0.125,4,6690.690,753.533
18.170,142.892,0.125,4,6691.979,754.172
18.180,142.919,0.125,4,6693.267,754.811
18.190,142.947,0.125,4,6694.554,755.450
18.200,142.974,0.125,4,6695.841,756.089
18.210,143.002,0.125,4,6697.127,756.728
18.220,143.029,0.125,4,6698.413,757.367
18.230,143.057,0.125,4,6699.699,758.007
18.240,143.084,0.125,4,6700.983,758.647
18.250,143.112,0.125,4,6702.268,759.286
18.260,143.139,0.125,4,6703.552,759.926
18.270,143.166,0.125,4,6704.835,760.566
18.280,143.194,0.125,4,6706.118,761.206
18.290,143.221,0.125,4,6707.400,761.847
18.300,143.249,0.125,4,6708.682,762.487
18.310,143.276,0.125,4,6709.963,763.127
18.320,143.303,0.125,4,6711.244,763.768
18.330,143.331,0.125,4,6712.524,764.409
18.340,143.358,0.124,4,6713.803,765.050
18.350,143.385,0.124,4,6715.083,765.691
18.360,143.413,0.124,4,6716.361,766.332
18.370,143.440,0.124,4,6717.639,766.973
18.380,143.467,0.124,4,6718.917,767.614
18.390,143.494,0.124,4,6720.194,768.256
18.400,143.522,0.124,4,6721.471,768.897
18.410,143.549,0.124,4,6722.747,769.539
18.420,143.576,0.124,4,6724.022,770.181
18.430,143.603,0.124,4,6725.298,770.823
18.440,143.631,0.124,4,6726.572,771.465
18.450,143.658,0.124,4,6727.846,772.107
18.460,143.685,0.124,4,6729.120,772.750
18.470,143.712,0.124,4,6730.393,773.392
18.480,143.739,0.124,4,6731.665,774.035
18.490,143.766,0.124,4,6732.937,774.677
18.500,143.794,0.124,4,6734.209,775.320
18.510,143.821,0.124,4,6735.480,775.963
18.520,143.848,0.124,4,6736.750,776.606
18.530,143.875,0.124,4,6738.020,777.249
18.540,143.902,0.123,4,6739.289,777.893
18.550,143.929,0.123,4,6740.558,778.536
18.560,143.956,0.123,4,6741.827,779.180
18.570,143.983,0.123,4,6743.095,779.823
18.580,144.010,0.123,4,6744.362,780.467
18.590,144.037,0.123,4,6745.629,781.111
18.600,144.065,0.123,4,6746.895,781.755
18.610,144.092,0.123,4,6748.161,782.399
18.620,144.119,0.123,4,6749.426,783.043
18.630,144.146,0.123,4,6750.691,783.688
18.640,144.173,0.123,4,6751.955,784.332
18.650,144.200,0.123,4,6753.219,784.977
18.660,144.227,0.123,4,6754.483,785.622
18.670,144.253,0.123,4,6755.745,786.266
18.680,144.280,0.123,4,6757.008,786.911
18.690,144.307,0.123,4,6758.269,787.557
18.700,144.334,0.123,4,6759.531,788.202
18.710,144.361,0.123,4,6760.791,788.847
18.720,144.388,0.123,4,6762.052,789.493
18.730,144.415,0.123,4,6763.311,790.138
18.740,144.442,0.122,4,6764.570,790.784
18.750,144.469,0.122,4,6765.829,791.430
18.760,144.496,0.122,4,6767.087,792.076
18.770,144.523,0.122,4,6768.345,792.722
18.780,144.549,0.122,4,6769.602,793.368
18.790,144.576,0.122,4,6770.859,794.014
18.800,144.603,0.122,4,6772.115,794.661
18.810,144.630,0.122,4,6773.371,795.307
18.820,144.657,0.122,4,6774.626,795.954
18.830,144.683,0.122,4,6775.880,796.601
18.840,144.710,0.122,4,6777.135,797.248
18.850,144.737,0.122,4,6778.388,797.895
18.860,144.764,0.122,4,6779.641,798.542
18.870,144.790,0.122,4,6780.894,799.189
18.880,144.817,0.122,4,6782.146,799.836
18.890,144.844,0.122,4,6783.397,800.484
18.900,144.871,0.122,4,6784.649,801.132
18.910,144.897,0.122,4,6785.899,801.779
18.920,144.924,0.122,4,6787.149,802.427
18.930,144.951,0.122,4,6788.399,803.075
18.940,144.977,0.121,4,6789.648,803.723
18.950,145.004,0.121,4,6790.896,804.372
18.960,145.031,0.121,4,6792.144,805.020
18.970,145.057,0.121,4,6793.392,805.668
18.980,145.084,0.121,4,6794.639,806.317
18.990,145.111,0.121,4,6795.885,806.966
19.000,145.137,0.121,4,6797.131,807.614
19.010,145.164,0.121,4,6798.377,808.263
19.020,145.190,0.121,4,6799.622,808.912
19.030,145.217,0.121,4,6800.866,809.562
19.040,145.243,0.121,4,6802.110,810.211
19.050,145.270,0.121,4,6803.354,810.860
19.060,145.297,0.121,4,6804.597,811.510
19.070,145.323,0.121,4,6805.839,812.160
19.080,145.350,0.121,4,6807.081,812.809
19.090,145.376,0.121,4,6808.322,813.459
19.100,145.403,0.121,4,6809.563,814.109
19.110,145.429,0.121,4,6810.804,814.759
19.120,145.456,0.121,4,6812.044,815.410
19.130,145.482,0.121,4,6813.283,816.060
19.140,145.509,0.121,4,6814.522,816.710
19.150,145.535,0.120,4,6815.760,817.361
19.160,145.561,0.120,4,6816.998,818.012
19.170,145.588,0.120,4,6818.236,818.663
19.180,145.614,0.120,4,6819.472,819.314
19.190,145.641,0.120,4,6820.709,819.965
19.200,145.667,0.120,4,6821.945,820.616
19.210,145.693,0.120,4,6823.180,821.267
19.220,145.720,0.120,4,6824.415,821.919
19.230,145.746,0.120,4,6825.649,822.570
19.240,145.772,0.120,4,6826.883,823.222
19.250,145.799,0.120,4,6828.117,823.873
19.260,145.825,0.120,4,6829.349,824.525
19.270,145.851,0.120,4,6830.582,825.177
19.280,145.878,0.120,4,6831.814,825.830
19.290,145.904,0.120,4,6833.045,826.482
19.300,145.930,0.120,4,6834.276,827.134
19.310,145.957,0.120,4,6835.506,827.787
19.320,145.983,0.120,4,6836.736,828.439
19.330,146.009,0.120,4,6837.965,829.092
19.340,146.035,0.120,4,6839.194,829.745
19.350,146.062,0.119,4,6840.422,830.398
19.360,146.088,0.119,4,6841.650,831.051
19.370,146.114,0.119,4,6842.878,831.704
19.380,146.140,0.119,4,6844.104,832.357
19.390,146.166,0.119,4,6845.331,833.011
19.400,146.193,0.119,4,6846.556,833.664
19.410,146.219,0.119,4,6847.782,834.318
19.420,146.245,0.119,4,6849.007,834.972
19.430,146.271,0.119,4,6850.231,835.626
19.440,146.297,0.119,4,6851.455,836.280
19.450,146.323,0.119,4,6852.678,836.934
19.460,146.349,0.119,4,6853.901,837.588
19.470,146.375,0.119,4,6855.123,838.242
19.480,146.402,0.119,4,6856.345,838.897
19.490,146.428,0.119,4,6857.566,839.551
19.500,146.454,0.119,4,6858.787,840.206
19.510,146.480,0.119,4,6860.007,840.861
19.520,146.506,0.119,4,6861.227,841.516
19.530,146.532,0.119,4,6862.446,842.171
19.540,146.558,0.119,4,6863.665,842.826
19.550,146.584,0.118,4,6864.883,843.481
19.560,146.610,0.118,4,6866.101,844.137
19.570,146.636,0.118,4,6867.318,844.792
19.580,146.662,0.118,4,6868.535,845.448
19.590,146.688,0.118,4,6869.751,846.104
19.600,146.714,0.118,4,6870.967,846.760
19.610,146.740,0.118,4,6872.183,847.415
19.620,146.766,0.118,4,6873.397,848.072
19.630,146.792,0.118,4,6874.612,848.728
19.640,146.818,0.118,4,6875.825,849.384
19.650,146.843,0.118,4,6877.039,850.041
19.660,146.869,0.118,4,6878.251,850.697
19.670,146.895,0.118,4,6879.464,851.354
19.680,146.921,0.118,4,6880.676,852.011
19.690,146.947,0.118,4,6881.887,852.668
19.700,146.973,0.118,4,6883.098,853.325
19.710,146.999,0.118,4,6884.308,853.982
19.720,147.024,0.118,4,6885.518,854.639
19.730,147.050,0.118,4,6886.727,855.296
19.740,147.076,0.118,4,6887.936,855.954
19.750,147.102,0.118,4,6889.144,856.611
19.760,147.128,0.117,4,6890.352,857.269
19.770,147.153,0.117,4,6891.559,857.927
19.780,147.179,0.117,4,6892.766,858.585
19.790,147.205,0.117,4,6893.972,859.243
19.800,147.231,0.117,4,6895.178,859.901
19.810,147.256,0.117,4,6896.383,860.559
19.820,147.282,0.117,4,6897.588,861.218
19.830,147.308,0.117,4,6898.793,861.876
19.840,147.334,0.117,4,6899.996,862.535
19.850,147.359,0.117,4,6901.200,863.194
19.860,147.385,0.117,4,6902.402,863.853
19.870,147.411,0.117,4,6903.605,864.512
19.880,147.436,0.117,4,6904.807,865.171
19.890,147.462,0.117,4,6906.008,865.830
19.900,147.488,0.117,4,6907.209,866.489
19.910,147.513,0.117,4,6908.409,867.149
19.920,147.539,0.117,4,6909.609,867.808
19.930,147.564,0.117,4,6910.808,868.468
19.940,147.590,0.117,4,6912.007,869.128
19.950,147.616,0.117,4,6913.206,869.788
19.960,147.641,0.117,4,6914.403,870.448
19.970,147.667,0.116,4,6915.601,871.108
19.980,147.692,0.116,4,6916.798,871.768
19.990,147.718,0.116,4,6917.994,872.428
20.000,147.743,0.116,4,6919.190,873.089
20.010,147.769,0.116,4,6920.385,873.749
20.020,147.795,0.116,4,6921.580,874.410
20.030,147.820,0.116,4,6922.775,875.071
20.040,147.846,0.116,4,6923.968,875.732
20.050,147.871,0.116,4,6925.162,876.393
20.060,147.896,0.116,4,6926.355,877.054
20.070,147.922,0.116,4,6927.547,877.715
20.080,147.947,0.116,4,6928.739,878.377
20.090,147.973,0.116,4,6929.931,879.038
20.100,147.998,0.116,4,6931.121,879.700
20.110,148.024,0.116,4,6932.312,880.362
20.120,148.049,0.116,4,6933.502,881.023
20.130,148.074,0.116,4,6934.691,881.685
20.140,148.100,0.116,4,6935.880,882.347
20.150,148.125,0.116,4,6937.069,883.010
20.160,148.151,0.116,4,6938.257,883.672
20.170,148.176,0.115,4,6939.444,884.334
20.180,148.201,0.115,4,6940.631,884.997
20.190,148.227,0.115,4,6941.818,885.659
20.200,148.252,0.115,4,6943.004,886.322
20.210,148.277,0.115,4,6944.189,886.985
20.220,148.303,0.115,4,6945.374,887.648
20.230,148.328,0.115,4,6946.559,888.311
20.240,148.353,0.115,4,6947.743,888.974
20.250,148.378,0.115,4,6948.926,889.638
20.260,148.404,0.115,4,6950.109,890.301
20.270,148.429,0.115,4,6951.292,890.965
20.280,148.454,0.115,4,6952.474,891.628
20.290,148.479,0.115,4,6953.655,892.292
20.300,148.505,0.115,4,6954.837,892.956
20.310,148.530,0.115,4,6956.017,893.620
20.320,148.555,0.115,4,6957.197,894.284
20.330,148.580,0.115,4,6958.377,894.948
20.340,148.605,0.115,4,6959.556,895.612
20.350,148.631,0.115,4,6960.735,896.277
20.360,148.656,0.115,4,6961.913,896.941
20.370,148.681,0.115,4,6963.090,897.606
20.380,148.706,0.114,4,6964.267,898.271
20.390,148.731,0.114,4,6965.444,898.936
20.400,148.756,0.114,4,6966.620,899.601
20.410,148.781,0.114,4,6967.796,900.266
20.420,148.806,0.114,4,6968.971,900.931
20.430,148.832,0.114,4,6970.146,901.596
20.440,148.857,0.114,4,6971.320,902.262
20.450,148.882,0.114,4,6972.494,902.927
20.460,148.907,0.114,4,6973.667,903.593
20.470,148.932,0.114,4,6974.840,904.259
20.480,148.957,0.114,4,6976.012,904.925
20.490,148.982,0.114,4,6977.184,905.591
20.500,149.007,0.114,4,6978.355,906.257
20.510,149.032,0.114,4,6979.526,906.923
20.520,149.057,0.114,4,6980.696,907.590
20.530,149.082,0.114,4,6981.866,908.256
20.540,149.107,0.114,4,6983.035,908.923
20.550,149.132,0.114,4,6984.204,909.589
20.560,149.157,0.114,4,6985.372,910.256
20.570,149.182,0.114,4,6986.540,910.923
20.580,149.207,0.114,4,6987.708,911.590
20.590,149.231,0.113,4,6988.874,912.257
20.600,149.256,0.113,4,6990.041,912.924
20.610,149.281,0.113,4,6991.207,913.592
20.620,149.306,0.113,4,6992.372,914.259
20.630,149.331,0.113,4,6993.537,914.927
20.640,149.356,0.113,4,6994.701,915.594
20.650,149.381,0.113,4,6995.865,916.262
20.660,149.406,0.113,4,6997.029,916.930
20.670,149.430,0.113,4,6998.192,917.598
20.680,149.455,0.113,4,6999.354,918.266
20.690,149.480,0.113,4,7000.516,918.934
20.700,149.505,0.113,4,7001.678,919.603
20.710,149.530,0.113,4,7002.839,920.271
20.720,149.554,0.113,4,7003.999,920.940
20.730,149.579,0.113,4,7005.159,921.608
20.740,149.604,0.113,4,7006.319,922.277
20.750,149.629,0.113,4,7007.478,922.946
20.760,149.653,0.113,4,7008.637,923.615
20.770,149.678,0.113,4,7009.795,924.284
20.780,149.703,0.113,4,7010.952,924.953
20.790,149.728,0.113,4,7012.110,925.623
20.800,149.752,0.112,4,7013.266,926.292
20.810,149.777,0.112,4,7014.422,926.962
20.820,149.802,0.112,4,7015.578,927.631
20.830,149.826,0.112,4,7016.733,928.301
20.840,149.851,0.112,4,7017.888,928.971
20.850,149.876,0.112,4,7019.042,929.641
20.860,149.900,0.112,4,7020.196,930.311
20.870,149.925,0.112,4,7021.349,930.981
20.880,149.949,0.112,4,7022.502,931.652
20.890,149.974,0.112,4,7023.654,932.322
20.900,149.999,0.112,4,7024.806,932.993
20.910,150.023,0.112,4,7025.957,933.663
20.920,150.048,0.112,4,7027.108,934.334
20.930,150.072,0.112,4,7028.258,935.005
20.940,150.097,0.112,4,7029.408,935.676
20.950,150.121,0.112,4,7030.558,936.347
20.960,150.146,0.112,4,7031.707,937.018
20.970,150.171,0.112,4,7032.855,937.690
20.980,150.195,0.112,4,7034.003,938.361
20.990,150.220,0.112,4,7035.150,939.033
21.000,150.244,0.112,4,7036.297,939.704
21.010,150.269,0.112,4,7037.444,940.376
21.020,150.293,0.111,4,7038.590,941.048
21.030,150.317,0.111,4,7039.735,941.720
21.040,150.342,0.111,4,7040.880,942.392
21.050,150.366,0.111,4,7042.025,943.064
21.060,150.391,0.111,4,7043.169,943.737
21.070,150.415,0.111,4,7044.313,944.409
21.080,150.440,0.111,4,7045.456,945.082
21.090,150.464,0.111,4,7046.598,945.754
21.100,150.488,0.111,4,7047.740,946.427
21.110,150.513,0.111,4,7048.882,947.100
21.120,150.537,0.111,4,7050.023,947.773
21.130,150.561,0.111,4,7051.164,948.446
21.140,150.586,0.111,4,7052.304,949.119
21.150,150.610,0.111,4,7053.444,949.792
21.160,150.634,0.111,4,7054.583,950.466
21.170,150.659,0.111,4,7055.722,951.139
21.180,150.683,0.111,4,7056.860,951.813
21.190,150.707,0.111,4,7057.998,952.486
21.200,150.732,0.111,4,7059.135,953.160
21.210,150.756,0.111,4,7060.272,953.834
21.220,150.780,0.111,4,7061.409,954.508
21.230,150.804,0.110,4,7062.544,955.182
21.240,150.829,0.110,4,7063.680,955.857
21.250,150.853,0.110,4,7064.815,956.531
21.260,150.877,0.110,4,7065.949,957.206
21.270,150.901,0.110,4,7067.083,957.880
21.280,150.926,0.110,4,7068.217,958.555
21.290,150.950,0.110,4,7069.350,959.230
21.300,150.974,0.110,4,7070.482,959.905
21.310,150.998,0.110,4,7071.614,960.580
21.320,151.022,0.110,4,7072.746,961.255
21.330,151.046,0.110,4,7073.877,961.930
21.340,151.071,0.110,4,7075.008,962.605
21.350,151.095,0.110,4,7076.138,963.281
21.360,151.119,0.110,4,7077.267,963.956
21.370,151.143,0.110,4,7078.397,964.632
21.380,151.167,0.110,4,7079.525,965.308
21.390,151.191,0.110,4,7080.653,965.984
21.400,151.215,0.110,4,7081.781,966.660
21.410,151.239,0.110,4,7082.908,967.336
21.420,151.263,0.110,4,7084.035,968.012
21.430,151.287,0.110,4,7085.162,968.688
21.440,151.311,0.110,4,7086.287,969.365
21.450,151.335,0.109,4,7087.413,970.041
21.460,151.360,0.109,4,7088.538,970.718
21.470,151.384,0.109,4,7089.662,971.395
21.480,151.408,0.109,4,7090.786,972.071
21.490,151.431,0.109,4,7091.909,972.748
21.500,151.455,0.109,4,7093.032,973.425
21.510,151.479,0.109,4,7094.155,974.103
21.520,151.503,0.109,4,7095.277,974.780
21.530,151.527,0.109,4,7096.398,975.457
21.540,151.551,0.109,4,7097.519,976.135
21.550,151.575,0.109,4,7098.640,976.812
21.560,151.599,0.109,4,7099.760,977.490
21.570,151.623,0.109,4,7100.880,978.168
21.580,151.647,0.109,4,7101.999,978.846
21.590,151.671,0.109,4,7103.118,979.524
21.600,151.695,0.109,4,7104.236,980.202
21.610,151.719,0.109,4,7105.354,980.880
21.620,151.742,0.109,4,7106.471,981.559
21.630,151.766,0.109,4,7107.588,982.237
21.640,151.790,0.109,4,7108.704,982.916
21.650,151.814,0.109,4,7109.820,983.594
21.660,151.838,0.108,4,7110.935,984.273
21.670,151.862,0.108,4,7112.050,984.952
21.680,151.885,0.108,4,7113.164,985.631
21.690,151.909,0.108,4,7114.278,986.310
21.700,151.933,0.108,4,7115.392,986.989
21.710,151.957,0.108,4,7116.505,987.669
21.720,151.980,0.108,4,7117.617,988.348
21.730,152.004,0.108,4,7118.729,989.027
21.740,152.028,0.108,4,7119.841,989.707
21.750,152.052,0.108,4,7120.952,990.387
21.760,152.075,0.108,4,7122.063,991.067
21.770,152.099,0.108,4,7123.173,991.747
21.780,152.123,0.108,4,7124.282,992.427
21.790,152.146,0.108,4,7125.392,993.107
21.800,152.170,0.108,4,7126.500,993.787
21.810,152.194,0.108,4,7127.609,994.467
21.820,152.217,0.108,4,7128.716,995.148
21.830,152.241,0.108,4,7129.824,995.828
21.840,152.265,0.108,4,7130.930,996.509
21.850,152.288,0.108,4,7132.037,997.190
21.860,152.312,0.108,4,7133.143,997.871
21.870,152.336,0.108,4,7134.248,998.552
21.880,152.359,0.107,4,7135.353,999.233
21.890,152.383,0.107,4,7136.458,999.914
21.900,152.406,0.107,4,7137.562,1000.595
21.910,152.430,0.107,4,7138.665,1001.277
21.920,152.453,0.107,4,7139.768,1001.958
21.930,152.477,0.107,4,7140.871,1002.640
21.940,152.500,0.107,4,7141.973,1003.322
21.950,152.524,0.107,4,7143.075,1004.004
21.960,152.548,0.107,4,7144.176,1004.686
21.970,152.571,0.107,4,7145.276,1005.368
21.980,152.595,0.107,4,7146.377,1006.050
21.990,152.618,0.107,4,7147.476,1006.732
22.000,152.641,0.107,4,7148.576,1007.414
22.010,152.665,0.107,4,7149.674,1008.097
22.020,152.688,0.107,4,7150.773,1008.779
22.030,152.712,0.107,4,7151.871,1009.462
22.040,152.735,0.107,4,7152.968,1010.145
22.050,152.759,0.107,4,7154.065,1010.828
22.060,152.782,0.107,4,7155.162,1011.511
22.070,152.806,0.107,4,7156.258,1012.194
22.080,152.829,0.107,4,7157.353,1012.877
22.090,152.852,0.107,4,7158.448,1013.560
22.100,152.876,0.106,4,7159.543,1014.244
22.110,152.899,0.106,4,7160.637,1014.927
22.120,152.922,0.106,4,7161.731,1015.611
22.130,152.946,0.106,4,7162.824,1016.295
22.140,152.969,0.106,4,7163.916,1016.979
22.150,152.992,0.106,4,7165.009,1017.662
22.160,153.016,0.106,4,7166.100,1018.347
22.170,153.039,0.106,4,7167.192,1019.031
22.180,153.062,0.106,4,7168.283,1019.715
22.190,153.086,0.106,4,7169.373,1020.399
22.200,153.109,0.106,4,7170.463,1021.084
22.210,153.132,0.106,4,7171.552,1021.768
22.220,153.155,0.106,4,7172.641,1022.453
22.230,153.179,0.106,4,7173.730,1023.138
22.240,153.202,0.106,4,7174.818,1023.823
22.250,153.225,0.106,4,7175.905,1024.508
22.260,153.248,0.106,4,7176.993,1025.193
22.270,153.271,0.106,4,7178.079,1025.878
22.280,153.295,0.106,4,7179.165,1026.563
22.290,153.318,0.106,4,7180.251,1027.248
22.300,153.341,0.106,4,7181.336,1027.934
22.310,153.364,0.106,4,7182.421,1028.620
22.320,153.387,0.105,4,7183.505,1029.305
22.330,153.410,0.105,4,7184.589,1029.991
22.340,153.434,0.105,4,7185.673,1030.677
22.350,153.457,0.105,4,7186.756,1031.363
22.360,153.480,0.105,4,7187.838,1032.049
22.370,153.503,0.105,4,7188.920,1032.735
22.380,153.526,0.105,4,7190.001,1033.422
22.390,153.549,0.105,4,7191.083,1034.108
22.400,153.572,0.105,4,7192.163,1034.795
22.410,153.595,0.105,4,7193.243,1035.481
22.420,153.618,0.105,4,7194.323,1036.168
22.430,153.641,0.105,4,7195.402,1036.855
22.440,153.664,0.105,4,7196.481,1037.542
22.450,153.687,0.105,4,7197.559,1038.229
22.460,153.710,0.105,4,7198.637,1038.916
22.470,153.733,0.105,4,7199.714,1039.603
22.480,153.756,0.105,4,7200.791,1040.291
22.490,153.779,0.105,4,7201.867,1040.978
22.500,153.802,0.105,4,7202.943,1041.666
22.510,153.825,0.105,4,7204.019,1042.353
22.520,153.848,0.105,4,7205.094,1043.041
22.530,153.871,0.105,4,7206.168,1043.729
22.540,153.894,0.104,4,7207.242,1044.417
22.550,153.917,0.104,4,7208.316,1045.105
22.560,153.940,0.104,4,7209.389,1045.793
22.570,153.963,0.104,4,7210.462,1046.481
22.580,153.986,0.104,4,7211.534,1047.170
22.590,154.009,0.104,4,7212.606,1047.858
22.600,154.032,0.104,4,7213.677,1048.547
22.610,154.054,0.104,4,7214.748,1049.235
22.620,154.077,0.104,4,7215.818,1049.924
22.630,154.100,0.104,4,7216.888,1050.613
22.640,154.123,0.104,4,7217.958,1051.302
22.650,154.146,0.104,4,7219.027,1051.991
22.660,154.169,0.104,4,7220.095,1052.680
22.670,154.191,0.104,4,7221.163,1053.370
22.680,154.214,0.104,4,7222.231,1054.059
22.690,154.237,0.104,4,7223.298,1054.749
22.700,154.260,0.104,4,7224.365,1055.438
22.710,154.283,0.104,4,7225.431,1056.128
22.720,154.305,0.104,4,7226.497,1056.818
22.730,154.328,0.104,4,7227.562,1057.508
22.740,154.351,0.104,4,7228.627,1058.198
22.750,154.374,0.104,4,7229.691,1058.888
22.760,154.396,0.103,4,7230.755,1059.578
22.770,154.419,0.103,4,7231.819,1060.268
22.780,154.442,0.103,4,7232.882,1060.959
22.790,154.464,0.103,4,7233.944,1061.649
22.800,154.487,0.103,4,7235.006,1062.340
22.810,154.510,0.103,4,7236.068,1063.031
22.820,154.532,0.103,4,7237.129,1063.721
22.830,154.555,0.103,4,7238.190,1064.412
22.840,154.578,0.103,4,7239.250,1065.103
22.850,154.600,0.103,4,7240.310,1065.794
22.860,154.623,0.103,4,7241.369,1066.486
22.870,154.645,0.103,4,7242.428,1067.177
22.880,154.668,0.103,4,7243.486,1067.868
22.890,154.691,0.103,4,7244.544,1068.560
22.900,154.713,0.103,4,7245.602,1069.252
22.910,154.736,0.103,4,7246.659,1069.943
22.920,154.758,0.103,4,7247.716,1070.635
22.930,154.781,0.103,4,7248.772,1071.327
22.940,154.803,0.103,4,7249.827,1072.019
22.950,154.826,0.103,4,7250.882,1072.711
22.960,154.849,0.103,4,7251.937,1073.403
22.970,154.871,0.103,4,7252.991,1074.096
22.980,154.894,0.102,4,7254.045,1074.788
22.990,154.916,0.102,4,7255.099,1075.481
23.000,154.939,0.102,4,7256.152,1076.173
23.010,154.961,0.102,4,7257.204,1076.866
23.020,154.983,0.102,4,7258.256,1077.559
23.030,155.006,0.102,4,7259.308,1078.252
23.040,155.028,0.102,4,7260.359,1078.945
23.050,155.051,0.102,4,7261.409,1079.638
23.060,155.073,0.102,4,7262.459,1080.331
23.070,155.096,0.102,4,7263.509,1081.025
23.080,155.118,0.102,4,7264.558,1081.718
23.090,155.140,0.102,4,7265.607,1082.412
23.100,155.163,0.102,4,7266.656,1083.105
23.110,155.185,0.102,4,7267.703,1083.799
23.120,155.208,0.102,4,7268.751,1084.493
23.130,155.230,0.102,4,7269.798,1085.187
23.140,155.252,0.102,4,7270.844,1085.881
23.150,155.275,0.102,4,7271.890,1086.575
23.160,155.297,0.102,4,7272.936,1087.269
23.170,155.319,0.102,4,7273.981,1087.964
23.180,155.342,0.102,4,7275.026,1088.658
23.190,155.364,0.102,4,7276.070,1089.353
23.200,155.386,0.102,4,7277.114,1090.047
23.210,155.408,0.101,4,7278.157,1090.742
23.220,155.431,0.101,4,7279.200,1091.437
23.230,155.453,0.101,4,7280.243,1092.132
23.240,155.475,0.101,4,7281.285,1092.827
23.250,155.497,0.101,4,7282.326,1093.522
23.260,155.520,0.101,4,7283.367,1094.217
23.270,155.542,0.101,4,7284.408,1094.912
23.280,155.564,0.101,4,7285.448,1095.608
23.290,155.586,0.101,4,7286.488,1096.303
23.300,155.608,0.101,4,7287.527,1096.999
23.310,155.631,0.101,4,7288.566,1097.695
23.320,155.653,0.101,4,7289.604,1098.391
23.330,155.675,0.101,4,7290.642,1099.086
23.340,155.697,0.101,4,7291.679,1099.783
23.350,155.719,0.101,4,7292.716,1100.479
23.360,155.741,0.101,4,7293.753,1101.175
23.370,155.764,0.101,4,7294.789,1101.871
23.380,155.786,0.101,4,7295.825,1102.568
23.390,155.808,0.101,4,7296.860,1103.264
23.400,155.830,0.101,4,7297.894,1103.961
23.410,155.852,0.101,4,7298.929,1104.657
23.420,155.874,0.101,4,7299.963,1105.354
23.430,155.896,0.101,4,7300.996,1106.051
23.440,155.918,0.100,4,7302.029,1106.748
23.450,155.940,0.100,4,7303.061,1107.445
23.460,155.962,0.100,4,7304.093,1108.143
23.470,155.984,0.100,4,7305.125,1108.840
23.480,156.006,0.100,4,7306.156,1109.537
23.490,156.028,0.100,4,7307.187,1110.235
23.500,156.050,0.100,4,7308.217,1110.932
23.510,156.072,0.100,4,7309.247,1111.630
23.520,156.094,0.100,4,7310.276,1112.328
23.530,156.116,0.100,4,7311.305,1113.026
23.540,156.138,0.100,4,7312.333,1113.724
23.550,156.160,0.100,4,7313.361,1114.422
23.560,156.182,0.100,4,7314.389,1115.120
23.570,156.204,0.100,4,7315.416,1115.818
23.580,156.226,0.100,4,7316.442,1116.517
23.590,156.248,0.100,4,7317.468,1117.215
23.600,156.270,0.100,4,7318.494,1117.914
23.610,156.292,0.100,4,7319.519,1118.613
23.620,156.313,0.100,4,7320.544,1119.311
23.630,156.335,0.100,4,7321.569,1120.010
23.640,156.357,0.100,4,7322.593,1120.709
23.650,156.379,0.100,4,7323.616,1121.408
23.660,156.401,0.099,4,7324.639,1122.107
23.670,156.423,0.099,4,7325.662,1122.807
23.680,156.445,0.099,4,7326.684,1123.506
23.690,156.466,0.099,4,7327.705,1124.206
23.700,156.488,0.099,4,7328.727,1124.905
23.710,156.510,0.099,4,7329.747,1125.605
23.720,156.532,0.099,4,7330.768,1126.304
23.730,156.554,0.099,4,7331.788,1127.004
23.740,156.575,0.099,4,7332.807,1127.704
23.750,156.597,0.099,4,7333.826,1128.404
23.760,156.619,0.099,4,7334.845,1129.104
23.770,156.641,0.099,4,7335.863,1129.805
23.780,156.662,0.099,4,7336.880,1130.505
23.790,156.684,0.099,4,7337.897,1131.206
23.800,156.706,0.099,4,7338.914,1131.906
23.810,156.727,0.099,4,7339.931,1132.607
23.820,156.749,0.099,4,7340.946,1133.307
23.830,156.771,0.099,4,7341.962,1134.008
23.840,156.792,0.099,4,7342.977,1134.709
23.850,156.814,0.099,4,7343.991,1135.410
23.860,156.836,0.099,4,7345.005,1136.111
23.870,156.857,0.099,4,7346.019,1136.813
23.880,156.879,0.099,4,7347.032,1137.514
23.890,156.901,0.098,4,7348.045,1138.215
23.900,156.922,0.098,4,7349.057,1138.917
23.910,156.944,0.098,4,7350.069,1139.618
23.920,156.966,0.098,4,7351.080,1140.320
23.930,156.987,0.098,4,7352.091,1141.022
23.940,157.009,0.098,4,7353.102,1141.724
23.950,157.030,0.098,4,7354.112,1142.426
23.960,157.052,0.098,4,7355.122,1143.128
23.970,157.073,0.098,4,7356.131,1143.830
23.980,157.095,0.098,4,7357.140,1144.532
23.990,157.116,0.098,4,7358.148,1145.235
24.000,157.138,0.098,4,7359.156,1145.937
24.010,157.159,0.098,4,7360.163,1146.640
24.020,157.181,0.098,4,7361.170,1147.342
24.030,157.202,0.098,4,7362.177,1148.045
24.040,157.224,0.098,4,7363.183,1148.748
24.050,157.245,0.098,4,7364.188,1149.451
24.060,157.267,0.098,4,7365.193,1150.154
24.070,157.288,0.098,4,7366.198,1150.857
24.080,157.310,0.098,4,7367.202,1151.560
24.090,157.331,0.098,4,7368.206,1152.264
24.100,157.353,0.098,4,7369.210,1152.967
24.110,157.374,0.098,4,7370.213,1153.671
24.120,157.395,0.098,4,7371.215,1154.374
24.130,157.417,0.097,4,7372.217,1155.078
24.140,157.438,0.097,4,7373.219,1155.782
24.150,157.460,0.097,4,7374.220,1156.486
24.160,157.481,0.097,4,7375.221,1157.190
24.170,157.502,0.097,4,7376.221,1157.894
24.180,157.524,0.097,4,7377.221,1158.598
24.190,157.545,0.097,4,7378.221,1159.302
24.200,157.566,0.097,4,7379.220,1160.007
24.210,157.588,0.097,4,7380.218,1160.711
24.220,157.609,0.097,4,7381.216,1161.416
24.230,157.630,0.097,4,7382.214,1162.120
24.240,157.652,0.097,4,7383.211,1162.825
24.250,157.673,0.097,4,7384.208,1163.530
24.260,157.694,0.097,4,7385.204,1164.235
24.270,157.715,0.097,4,7386.200,1164.940
24.280,157.737,0.097,4,7387.196,1165.645
24.290,157.758,0.097,4,7388.191,1166.350
24.300,157.779,0.097,4,7389.185,1167.056
24.310,157.800,0.097,4,7390.179,1167.761
24.320,157.822,0.097,4,7391.173,1168.467
24.330,157.843,0.097,4,7392.166,1169.172
24.340,157.864,0.097,4,7393.159,1169.878
24.350,157.885,0.097,4,7394.152,1170.584
24.360,157.906,0.096,4,7395.144,1171.290
24.370,157.928,0.096,4,7396.135,1171.996
24.380,157.949,0.096,4,7397.126,1172.702
24.390,157.970,0.096,4,7398.117,1173.408
24.400,157.991,0.096,4,7399.107,1174.114
24.410,158.012,0.096,4,7400.097,1174.821
24.420,158.033,0.096,4,7401.086,1175.527
24.430,158.054,0.096,4,7402.075,1176.234
24.440,158.075,0.096,4,7403.063,1176.940
24.450,158.097,0.096,4,7404.051,1177.647
24.460,158.118,0.096,4,7405.039,1178.354
24.470,158.139,0.096,4,7406.026,1179.061
24.480,158.160,0.096,4,7407.013,1179.768
24.490,158.181,0.096,4,7407.999,1180.475
24.500,158.202,0.096,4,7408.985,1181.182
24.510,158.223,0.096,4,7409.970,1181.890
24.520,158.244,0.096,4,7410.955,1182.597
24.530,158.265,0.096,4,7411.940,1183.304
24.540,158.286,0.096,4,7412.924,1184.012
24.550,158.307,0.096,4,7413.907,1184.720
24.560,158.328,0.096,4,7414.891,1185.428
24.570,158.349,0.096,4,7415.873,1186.135
24.580,158.370,0.096,4,7416.856,1186.843
24.590,158.391,0.095,4,7417.838,1187.551
24.600,158.412,0.095,4,7418.819,1188.260
24.610,158.433,0.095,4,7419.800,1188.968
24.620,158.454,0.095,4,7420.781,1189.676
24.630,158.475,0.095,4,7421.761,1190.385
24.640,158.496,0.095,4,7422.741,1191.093
24.650,158.517,0.095,4,7423.720,1191.802
24.660,158.537,0.095,4,7424.699,1192.511
24.670,158.558,0.095,4,7425.677,1193.219
24.680,158.579,0.095,4,7426.655,1193.928
24.690,158.600,0.095,4,7427.633,1194.637
24.700,158.621,0.095,4,7428.610,1195.346
24.710,158.642,0.095,4,7429.586,1196.056
24.720,158.663,0.095,4,7430.563,1196.765
24.730,158.683,0.095,4,7431.538,1197.474
24.740,158.704,0.095,4,7432.514,1198.184
24.750,158.725,0.095,4,7433.489,1198.893
24.760,158.746,0.095,4,7434.463,1199.603
24.770,158.767,0.095,4,7435.437,1200.313
24.780,158.788,0.095,4,7436.411,1201.023
24.790,158.808,0.095,4,7437.384,1201.733
24.800,158.829,0.095,4,7438.357,1202.443
24.810,158.850,0.095,4,7439.329,1203.153
24.820,158.871,0.095,4,7440.301,1203.863
24.830,158.891,0.094,4,7441.273,1204.573
24.840,158.912,0.094,4,7442.244,1205.284
24.850,158.933,0.094,4,7443.214,1205.994
24.860,158.954,0.094,4,7444.184,1206.705
24.870,158.974,0.094,4,7445.154,1207.415
24.880,158.995,0.094,4,7446.123,1208.126
24.890,159.016,0.094,4,7447.092,1208.837
24.900,159.036,0.094,4,7448.061,1209.548
24.910,159.057,0.094,4,7449.029,1210.259
24.920,159.078,0.094,4,7449.996,1210.970
24.930,159.098,0.094,4,7450.963,1211.681
24.940,159.119,0.094,4,7451.930,1212.393
24.950,159.140,0.094,4,7452.896,1213.104
24.960,159.160,0.094,4,7453.862,1213.816
24.970,159.181,0.094,4,7454.828,1214.527
24.980,159.201,0.094,4,7455.793,1215.239
24.990,159.222,0.094,4,7456.757,1215.951
25.000,159.243,0.094,4,7457.721,1216.663
25.010,159.263,0.094,4,7458.685,1217.375
25.020,159.284,0.094,4,7459.648,1218.087
25.030,159.304,0.094,4,7460.611,1218.799
25.040,159.325,0.094,4,7461.574,1219.511
25.050,159.345,0.094,4,7462.536,1220.223
25.060,159.366,0.094,4,7463.497,1220.936
25.070,159.386,0.093,4,7464.458,1221.648
25.080,159.407,0.093,4,7465.419,1222.361
25.090,159.427,0.093,4,7466.379,1223.074
25.100,159.448,0.093,4,7467.339,1223.786
25.110,159.468,0.093,4,7468.298,1224.499
25.120,159.489,0.093,4,7469.257,1225.212
25.130,159.509,0.093,4,7470.216,1225.925
25.140,159.530,0.093,4,7471.174,1226.638
25.150,159.550,0.093,4,7472.132,1227.352
25.160,159.571,0.093,4,7473.089,1228.065
25.170,159.591,0.093,4,7474.046,1228.778
25.180,159.612,0.093,4,7475.002,1229.492
25.190,159.632,0.093,4,7475.958,1230.206
25.200,159.652,0.093,4,7476.914,1230.919
25.210,159.673,0.093,4,7477.869,1231.633
25.220,159.693,0.093,4,7478.824,1232.347
25.230,159.714,0.093,4,7479.778,1233.061
25.240,159.734,0.093,4,7480.732,1233.775
25.250,159.754,0.093,4,7481.685,1234.489
25.260,159.775,0.093,4,7482.638,1235.203
25.270,159.795,0.093,4,7483.591,1235.918
25.280,159.815,0.093,4,7484.543,1236.632
25.290,159.836,0.093,4,7485.495,1237.347
25.300,159.856,0.093,4,7486.446,1238.061
25.310,159.876,0.092,4,7487.397,1238.776
25.320,159.897,0.092,4,7488.347,1239.491
25.330,159.917,0.092,4,7489.297,1240.206
25.340,159.937,0.092,4,7490.247,1240.921
25.350,159.957,0.092,4,7491.196,1241.636
25.360,159.978,0.092,4,7492.145,1242.351
25.370,159.998,0.092,4,7493.093,1243.066
25.380,160.018,0.092,4,7494.041,1243.782
25.390,160.038,0.092,4,7494.988,1244.497
25.400,160.059,0.092,4,7495.935,1245.213
25.410,160.079,0.092,4,7496.882,1245.928
25.420,160.099,0.092,4,7497.828,1246.644
25.430,160.119,0.092,4,7498.774,1247.360
25.440,160.139,0.092,4,7499.719,1248.076
25.450,160.160,-0.179,5,4875.432,1248.792
25.460,160.120,-0.179,5,4874.237,1249.507
25.470,160.081,-0.179,5,4873.043,1250.223
25.480,160.042,-0.179,5,4871.850,1250.938
25.490,160.003,-0.178,5,4870.657,1251.654
25.500,159.963,-0.178,5,4869.465,1252.369
25.510,159.924,-0.178,5,4868.273,1253.084
25.520,159.885,-0.178,5,4867.081,1253.799
25.530,159.846,-0.178,5,4865.891,1254.513
25.540,159.807,-0.178,5,4864.700,1255.227
25.550,159.768,-0.178,5,4863.511,1255.942
25.560,159.729,-0.178,5,4862.322,1256.656
25.570,159.690,-0.178,5,4861.133,1257.370
25.580,159.651,-0.178,5,4859.945,1258.083
25.590,159.612,-0.178,5,4858.757,1258.797
25.600,159.573,-0.178,5,4857.570,1259.510
25.610,159.534,-0.178,5,4856.384,1260.223
25.620,159.495,-0.177,5,4855.198,1260.936
25.630,159.456,-0.177,5,4854.013,1261.649
25.640,159.417,-0.177,5,4852.828,1262.362
25.650,159.378,0.057,5,4851.643,1263.074
25.660,159.391,0.057,5,4852.027,1263.787
25.670,159.403,0.057,5,4852.410,1264.499
25.680,159.416,0.057,5,4852.793,1265.212
25.690,159.428,0.057,5,4853.176,1265.925
25.700,159.441,0.057,5,4853.559,1266.638
25.710,159.454,0.057,5,4853.941,1267.350
25.720,159.466,0.057,5,4854.324,1268.063
25.730,159.479,0.057,5,4854.706,1268.776
25.740,159.491,0.057,5,4855.088,1269.489
25.750,159.504,0.057,5,4855.470,1270.202
25.760,159.516,0.057,5,4855.852,1270.915
25.770,159.529,0.057,5,4856.233,1271.629
25.780,159.541,0.057,5,4856.615,1272.342
25.790,159.554,0.057,5,4856.996,1273.055
25.800,159.566,0.057,5,4857.377,1273.768
25.810,159.579,0.057,5,4857.758,1274.482
25.820,159.591,0.057,5,4858.139,1275.195
25.830,159.604,0.057,5,4858.519,1275.909
25.840,159.616,0.057,5,4858.899,1276.622
25.850,159.629,0.057,5,4859.280,1277.336
25.860,159.641,0.057,5,4859.660,1278.049
25.870,159.654,0.057,5,4860.040,1278.763
25.880,159.666,0.057,5,4860.419,1279.477
25.890,159.679,0.057,5,4860.799,1280.191
25.900,159.691,0.057,5,4861.178,1280.905
25.910,159.704,0.057,5,4861.557,1281.619
25.920,159.716,0.057,5,4861.936,1282.333
25.930,159.729,0.057,5,4862.315,1283.047
25.940,159.741,0.057,5,4862.694,1283.761
25.950,159.754,0.057,5,4863.072,1284.475
25.960,159.766,0.057,5,4863.451,1285.189
25.970,159.778,0.057,5,4863.829,1285.903
25.980,159.791,0.057,5,4864.207,1286.618
25.990,159.803,0.057,5,4864.585,1287.332
26.000,159.816,0.057,5,4864.962,1288.047
26.010,159.828,0.056,5,4865.340,1288.761
26.020,159.840,0.056,5,4865.717,1289.476
26.030,159.853,0.056,5,4866.094,1290.190
26.040,159.865,0.056,5,4866.471,1290.905
26.050,159.878,0.056,5,4866.848,1291.620
26.060,159.890,0.056,5,4867.225,1292.334
26.070,159.902,0.056,5,4867.601,1293.049
26.080,159.915,0.056,5,4867.977,1293.764
26.090,159.927,0.056,5,4868.354,1294.479
26.100,159.939,0.056,5,4868.730,1295.194
26.110,159.952,0.056,5,4869.105,1295.909
26.120,159.964,0.056,5,4869.481,1296.624
26.130,159.976,0.056,5,4869.856,1297.339
26.140,159.989,0.056,5,4870.232,1298.054
26.150,160.001,0.056,5,4870.607,1298.770
26.160,160.013,0.056,5,4870.982,1299.485
26.170,160.026,0.056,5,4871.357,1300.200
26.180,160.038,0.056,5,4871.731,1300.916
26.190,160.050,0.056,5,4872.106,1301.631
26.200,160.063,0.056,5,4872.480,1302.347
26.210,160.075,0.056,5,4872.854,1303.063
26.220,160.087,0.056,5,4873.228,1303.778
26.230,160.099,0.056,5,4873.602,1304.494
26.240,160.112,0.056,5,4873.975,1305.210
26.250,160.124,0.056,5,4874.349,1305.925
26.260,160.136,0.056,5,4874.722,1306.641
26.270,160.148,0.032,5,4875.095,1307.357
26.280,160.156,0.032,5,4875.311,1308.073
26.290,160.163,0.032,5,4875.528,1308.789
26.300,160.170,0.032,5,4875.744,1309.505
26.310,160.177,0.032,5,4875.960,1310.221
26.320,160.184,0.032,5,4876.175,1310.937
26.330,160.191,0.032,5,4876.391,1311.653
26.340,160.198,0.032,5,4876.607,1312.370
26.350,160.205,0.032,5,4876.822,1313.086
26.360,160.212,0.032,5,4877.038,1313.802
26.370,160.219,0.032,5,4877.253,1314.518
26.380,160.226,0.032,5,4877.468,1315.235
26.390,160.233,0.032,5,4877.683,1315.951
26.400,160.241,0.032,5,4877.898,1316.667
26.410,160.248,0.032,5,4878.113,1317.384
26.420,160.255,0.032,5,4878.328,1318.100
26.430,160.262,0.032,5,4878.543,1318.816
26.440,160.269,0.032,5,4878.758,1319.533
26.450,160.276,0.032,5,4878.972,1320.249
26.460,160.283,0.032,5,4879.187,1320.966
26.470,160.290,0.032,5,4879.401,1321.682
26.480,160.297,0.032,5,4879.615,1322.399
26.490,160.304,0.032,5,4879.830,1323.116
26.500,160.311,0.032,5,4880.044,1323.832
26.510,160.318,0.032,5,4880.258,1324.549
26.520,160.325,0.032,5,4880.472,1325.266
26.530,160.332,0.032,5,4880.685,1325.982
26.540,160.339,0.032,5,4880.899,1326.699
26.550,160.346,0.032,5,4881.113,1327.416
26.560,160.353,0.032,5,4881.326,1328.133
26.570,160.360,0.032,5,4881.540,1328.850
26.580,160.367,0.032,5,4881.753,1329.567
26.590,160.374,0.032,5,4881.966,1330.284
26.600,160.381,0.032,5,4882.179,1331.001
26.610,160.388,0.032,5,4882.392,1331.718
26.620,160.395,0.032,5,4882.605,1332.435
26.630,160.402,0.032,5,4882.818,1333.152
26.640,160.409,0.032,5,4883.031,1333.869
26.650,160.416,0.032,5,4883.243,1334.586
26.660,160.423,0.032,5,4883.456,1335.303
26.670,160.430,0.032,5,4883.669,1336.020
26.680,160.437,0.032,5,4883.881,1336.737
26.690,160.444,0.032,5,4884.093,1337.455
26.700,160.451,0.032,5,4884.305,1338.172
26.710,160.458,0.032,5,4884.517,1338.889
26.720,160.465,0.032,5,4884.729,1339.607
26.730,160.472,0.032,5,4884.941,1340.324
26.740,160.479,0.032,5,4885.153,1341.041
26.750,160.486,0.032,5,4885.365,1341.759
26.760,160.493,0.032,5,4885.576,1342.476
26.770,160.500,0.032,5,4885.788,1343.194
26.780,160.507,0.032,5,4885.999,1343.911
26.790,160.514,0.032,5,4886.211,1344.629
26.800,160.521,0.032,5,4886.422,1345.346
26.810,160.527,0.032,5,4886.633,1346.064
26.820,160.534,0.032,5,4886.844,1346.782
26.830,160.541,0.032,5,4887.055,1347.499
26.840,160.548,0.032,5,4887.266,1348.217
26.850,160.555,0.032,5,4887.476,1348.935
26.860,160.562,0.032,5,4887.687,1349.653
26.870,160.569,0.032,5,4887.898,1350.370
26.880,160.576,0.031,5,4888.108,1351.088
26.890,160.583,0.031,5,4888.318,1351.806
26.900,160.590,0.031,5,4888.529,1352.524
26.910,160.597,0.031,5,4888.739,1353.242
26.920,160.604,0.031,5,4888.949,1353.960
26.930,160.610,0.031,5,4889.159,1354.678
26.940,160.617,0.031,5,4889.369,1355.396
26.950,160.624,0.031,5,4889.579,1356.114
26.960,160.631,0.031,5,4889.788,1356.832
26.970,160.638,0.031,5,4889.998,1357.550
26.980,160.645,0.031,5,4890.208,1358.268
26.990,160.652,0.031,5,4890.417,1358.987
27.000,160.659,0.031,5,4890.626,1359.705
27.010,160.666,0.031,5,4890.835,1360.423
27.020,160.672,0.031,5,4891.045,1361.141
27.030,160.679,0.031,5,4891.254,1361.860
27.040,160.686,0.031,5,4891.463,1362.578
27.050,160.693,0.031,5,4891.671,1363.296
27.060,160.700,0.031,5,4891.880,1364.015
27.070,160.707,0.031,5,4892.089,1364.733
27.080,160.714,0.031,5,4892.297,1365.452
27.090,160.720,0.031,5,4892.506,1366.170
27.100,160.727,0.031,5,4892.714,1366.889
27.110,160.734,0.031,5,4892.923,1367.607
27.120,160.741,0.031,5,4893.131,1368.326
27.130,160.748,0.031,5,4893.339,1369.044
27.140,160.755,0.031,5,4893.547,1369.763
27.150,160.761,0.031,5,4893.755,1370.482
27.160,160.768,0.031,5,4893.963,1371.200
27.170,160.775,0.031,5,4894.170,1371.919
27.180,160.782,0.031,5,4894.378,1372.638
27.190,160.789,0.031,5,4894.586,1373.357
27.200,160.796,0.031,5,4894.793,1374.075
27.210,160.802,0.031,5,4895.000,1374.794
27.220,160.809,0.031,5,4895.208,1375.513
27.230,160.816,0.031,5,4895.415,1376.232
27.240,160.823,0.031,5,4895.622,1376.951
27.250,160.830,0.031,5,4895.829,1377.670
27.260,160.836,0.031,5,4896.036,1378.389
27.270,160.843,0.031,5,4896.243,1379.108
27.280,160.850,0.031,5,4896.449,1379.827
27.290,160.857,0.031,5,4896.656,1380.546
27.300,160.864,0.031,5,4896.862,1381.265
27.310,160.870,0.031,5,4897.069,1381.984
27.320,160.877,0.031,5,4897.275,1382.704
27.330,160.884,0.031,5,4897.481,1383.423
27.340,160.891,0.031,5,4897.688,1384.142
27.350,160.897,0.031,5,4897.894,1384.861
27.360,160.904,0.031,5,4898.100,1385.581
27.370,160.911,0.031,5,4898.305,1386.300
27.380,160.918,0.031,5,4898.511,1387.019
27.390,160.924,0.031,5,4898.717,1387.739
27.400,160.931,0.031,5,4898.922,1388.458
27.410,160.938,0.031,5,4899.128,1389.178
27.420,160.945,0.031,5,4899.333,1389.897
27.430,160.951,0.031,5,4899.539,1390.617
27.440,160.958,0.031,5,4899.744,1391.336
27.450,160.965,0.031,5,4899.949,1392.056
27.460,160.972,0.031,5,4900.154,1392.775
27.470,160.978,0.031,5,4900.359,1393.495
27.480,160.985,0.031,5,4900.564,1394.215
27.490,160.992,0.031,5,4900.769,1394.934
27.500,160.999,0.031,5,4900.973,1395.654
27.510,161.005,0.031,5,4901.178,1396.374
27.520,161.012,0.031,5,4901.382,1397.094
27.530,161.019,0.031,5,4901.587,1397.813
27.540,161.025,0.031,5,4901.791,1398.533
27.550,161.032,0.031,5,4901.995,1399.253
27.560,161.039,0.031,5,4902.199,1399.973
27.570,161.046,0.031,5,4902.403,1400.693
27.580,161.052,0.031,5,4902.607,1401.413
27.590,161.059,0.030,5,4902.811,1402.133
27.600,161.066,0.030,5,4903.015,1402.853
27.610,161.072,0.030,5,4903.218,1403.573
27.620,161.079,0.030,5,4903.422,1404.293
27.630,161.086,0.030,5,4903.625,1405.013
27.640,161.092,0.030,5,4903.829,1405.733
27.650,161.099,0.030,5,4904.032,1406.453
27.660,161.106,0.030,5,4904.235,1407.174
27.670,161.112,0.030,5,4904.438,1407.894
27.680,161.119,0.030,5,4904.641,1408.614
27.690,161.126,0.030,5,4904.844,1409.334
27.700,161.132,0.030,5,4905.047,1410.055
27.710,161.139,0.030,5,4905.250,1410.775
27.720,161.146,0.030,5,4905.452,1411.496
27.730,161.152,0.030,5,4905.655,1412.216
27.740,161.159,0.030,5,4905.857,1412.936
27.750,161.166,0.030,5,4906.060,1413.657
27.760,161.172,0.030,5,4906.262,1414.377
27.770,161.179,0.030,5,4906.464,1415.098
27.780,161.186,0.030,5,4906.666,1415.818
27.790,161.192,0.030,5,4906.868,1416.539
27.800,161.199,0.030,5,4907.070,1417.260
27.810,161.205,0.030,5,4907.272,1417.980
27.820,161.212,0.030,5,4907.474,1418.701
27.830,161.219,0.030,5,4907.675,1419.422
27.840,161.225,0.030,5,4907.877,1420.142
27.850,161.232,0.030,5,4908.078,1420.863
27.860,161.239,0.030,5,4908.280,1421.584
27.870,161.245,0.030,5,4908.481,1422.305
27.880,161.252,0.030,5,4908.682,1423.026
27.890,161.258,0.030,5,4908.883,1423.747
27.900,161.265,0.030,5,4909.084,1424.468
27.910,161.272,0.030,5,4909.285,1425.189
27.920,161.278,0.030,5,4909.486,1425.909
27.930,161.285,0.030,5,4909.687,1426.630
27.940,161.291,0.030,5,4909.887,1427.352
27.950,161.298,0.030,5,4910.088,1428.073
27.960,161.305,0.030,5,4910.288,1428.794
27.970,161.311,0.030,5,4910.489,1429.515
27.980,161.318,0.030,5,4910.689,1430.236
27.990,161.324,0.030,5,4910.889,1430.957
28.000,161.331,0.030,5,4911.089,1431.678
28.010,161.337,0.030,5,4911.289,1432.400
28.020,161.344,0.030,5,4911.489,1433.121
28.030,161.351,0.030,5,4911.689,1433.842
28.040,161.357,0.030,5,4911.889,1434.564
28.050,161.364,0.030,5,4912.088,1435.285
28.060,161.370,0.030,5,4912.288,1436.006
28.070,161.377,0.030,5,4912.487,1436.728
28.080,161.383,0.030,5,4912.687,1437.449
28.090,161.390,0.030,5,4912.886,1438.171
28.100,161.396,0.030,5,4913.085,1438.892
28.110,161.403,0.030,5,4913.284,1439.614
28.120,161.410,0.030,5,4913.483,1440.335
28.130,161.416,0.030,5,4913.682,1441.057
28.140,161.423,0.030,5,4913.881,1441.778
28.150,161.429,0.030,5,4914.080,1442.500
28.160,161.436,0.030,5,4914.278,1443.222
28.170,161.442,0.030,5,4914.477,1443.943
28.180,161.449,0.030,5,4914.675,1444.665
28.190,161.455,0.030,5,4914.874,1445.387
28.200,161.462,0.030,5,4915.072,1446.109
28.210,161.468,0.030,5,4915.270,1446.831
28.220,161.475,0.030,5,4915.468,1447.552
28.230,161.481,0.030,5,4915.666,1448.274
28.240,161.488,0.030,5,4915.864,1448.996
28.250,161.494,0.030,5,4916.062,1449.718
28.260,161.501,0.030,5,4916.260,1450.440
28.270,161.507,0.030,5,4916.458,1451.162
28.280,161.514,0.030,5,4916.655,1451.884
28.290,161.520,0.030,5,4916.853,1452.606
28.300,161.527,0.030,5,4917.050,1453.328
28.310,161.533,0.030,5,4917.247,1454.050
28.320,161.540,0.030,5,4917.445,1454.773
28.330,161.546,0.029,5,4917.642,1455.495
28.340,161.553,0.029,5,4917.839,1456.217
28.350,161.559,0.029,5,4918.036,1456.939
28.360,161.566,0.029,5,4918.232,1457.661
28.370,161.572,0.029,5,4918.429,1458.384
28.380,161.578,0.029,5,4918.626,1459.106
28.390,161.585,0.029,5,4918.822,1459.828
28.400,161.591,0.029,5,4919.019,1460.551
28.410,161.598,0.029,5,4919.215,1461.273
28.420,161.604,0.029,5,4919.412,1461.996
28.430,161.611,0.029,5,4919.608,1462.718
28.440,161.617,0.029,5,4919.804,1463.441
28.450,161.624,0.029,5,4920.000,1464.163
28.460,161.630,0.029,5,4920.196,1464.886
28.470,161.636,0.029,5,4920.392,1465.608
28.480,161.643,0.029,5,4920.588,1466.331
28.490,161.649,0.029,5,4920.783,1467.053
28.500,161.656,0.029,5,4920.979,1467.776
28.510,161.662,0.029,5,4921.175,1468.499
28.520,161.669,0.029,5,4921.370,1469.222
28.530,161.675,0.029,5,4921.565,1469.944
28.540,161.681,0.029,5,4921.761,1470.667
28.550,161.688,0.029,5,4921.956,1471.390
28.560,161.694,0.029,5,4922.151,1472.113
28.570,161.701,0.029,5,4922.346,1472.836
28.580,161.707,0.029,5,4922.541,1473.559
28.590,161.713,0.029,5,4922.736,1474.281
28.600,161.720,0.029,5,4922.930,1475.004
28.610,161.726,0.029,5,4923.125,1475.727
28.620,161.733,0.029,5,4923.320,1476.450
28.630,161.739,0.029,5,4923.514,1477.173
28.640,161.745,0.029,5,4923.708,1477.896
28.650,161.752,0.029,5,4923.903,1478.620
28.660,161.758,0.029,5,4924.097,1479.343
28.670,161.765,0.029,5,4924.291,1480.066
28.680,161.771,0.029,5,4924.485,1480.789
28.690,161.777,0.029,5,4924.679,1481.512
28.700,161.784,0.029,5,4924.873,1482.235
28.710,161.790,0.029,5,4925.066,1482.959
28.720,161.796,0.029,5,4925.260,1483.682
28.730,161.803,0.029,5,4925.454,1484.405
28.740,161.809,0.029,5,4925.647,1485.129
28.750,161.815,0.029,5,4925.841,1485.852
28.760,161.822,0.029,5,4926.034,1486.575
28.770,161.828,0.029,5,4926.227,1487.299
28.780,161.835,0.029,5,4926.420,1488.022
28.790,161.841,0.029,5,4926.613,1488.746
28.800,161.847,0.029,5,4926.806,1489.469
28.810,161.854,0.029,5,4926.999,1490.193
28.820,161.860,0.029,5,4927.192,1490.917
28.830,161.866,0.029,5,4927.385,1491.640
28.840,161.873,0.029,5,4927.577,1492.364
28.850,161.879,0.029,5,4927.770,1493.087
28.860,161.885,0.029,5,4927.962,1493.811
28.870,161.891,0.029,5,4928.155,1494.535
28.880,161.898,0.029,5,4928.347,1495.259
28.890,161.904,0.029,5,4928.539,1495.982
28.900,161.910,0.029,5,4928.731,1496.706
28.910,161.917,0.029,5,4928.923,1497.430
28.920,161.923,0.029,5,4929.115,1498.154
28.930,161.929,0.029,5,4929.307,1498.878
28.940,161.936,0.029,5,4929.499,1499.602
28.950,161.942,0.029,5,4929.690,1500.326
28.960,161.948,0.029,5,4929.882,1501.050
28.970,161.955,0.029,5,4930.073,1501.774
28.980,161.961,0.029,5,4930.265,1502.498
28.990,161.967,0.029,5,4930.456,1503.222
29.000,161.973,0.029,5,4930.647,1503.946
29.010,161.980,0.029,5,4930.839,1504.670
29.020,161.986,0.029,5,4931.030,1505.394
29.030,161.992,0.029,5,4931.221,1506.118
29.040,161.998,0.029,5,4931.411,1506.842
29.050,162.005,0.029,5,4931.602,1507.567
29.060,162.011,0.029,5,4931.793,1508.291
29.070,162.017,0.029,5,4931.984,1509.015
29.080,162.024,0.029,5,4932.174,1509.739
29.090,162.030,0.028,5,4932.364,1510.464
29.100,162.036,0.028,5,4932.555,1511.188
29.110,162.042,0.028,5,4932.745,1511.913
29.120,162.049,0.028,5,4932.935,1512.637
29.130,162.055,0.028,5,4933.125,1513.361
29.140,162.061,0.028,5,4933.315,1514.086
29.150,162.067,0.028,5,4933.505,1514.810
29.160,162.073,0.028,5,4933.695,1515.535
29.170,162.080,0.028,5,4933.885,1516.259
29.180,162.086,0.028,5,4934.075,1516.984
29.190,162.092,0.028,5,4934.264,1517.709
29.200,162.098,0.028,5,4934.454,1518.433
29.210,162.105,0.028,5,4934.643,1519.158
29.220,162.111,0.028,5,4934.832,1519.883
29.230,162.117,0.028,5,4935.022,1520.607
29.240,162.123,0.028,5,4935.211,1521.332
29.250,162.129,0.028,5,4935.400,1522.057
29.260,162.136,0.028,5,4935.589,1522.782
29.270,162.142,0.028,5,4935.778,1523.507
29.280,162.148,0.028,5,4935.967,1524.231
29.290,162.154,0.028,5,4936.155,1524.956
29.300,162.161,0.028,5,4936.344,1525.681
29.310,162.167,0.028,5,4936.532,1526.406
29.320,162.173,0.028,5,4936.721,1527.131
29.330,162.179,0.028,5,4936.909,1527.856
29.340,162.185,0.028,5,4937.098,1528.581
29.350,162.191,0.028,5,4937.286,1529.306
29.360,162.198,0.028,5,4937.474,1530.031
29.370,162.204,0.028,5,4937.662,1530.756
29.380,162.210,0.028,5,4937.850,1531.482
29.390,162.216,0.028,5,4938.038,1532.207
29.400,162.222,0.028,5,4938.226,1532.932
29.410,162.228,0.028,5,4938.413,1533.657
29.420,162.235,0.028,5,4938.601,1534.382
29.430,162.241,0.028,5,4938.788,1535.108
29.440,162.247,0.028,5,4938.976,1535.833
29.450,162.253,0.028,5,4939.163,1536.558
29.460,162.259,0.028,5,4939.350,1537.284
29.470,162.265,0.028,5,4939.538,1538.009
29.480,162.272,0.028,5,4939.725,1538.735
29.490,162.278,0.028,5,4939.912,1539.460
29.500,162.284,0.028,5,4940.099,1540.185
29.510,162.290,0.028,5,4940.285,1540.911
29.520,162.296,0.028,5,4940.472,1541.637
29.530,162.302,0.028,5,4940.659,1542.362
29.540,162.308,0.028,5,4940.845,1543.088
29.550,162.315,0.028,5,4941.032,1543.813
29.560,162.321,0.028,5,4941.218,1544.539
29.570,162.327,0.028,5,4941.405,1545.265
29.580,162.333,0.028,5,4941.591,1545.990
29.590,162.339,0.028,5,4941.777,1546.716
29.600,162.345,0.028,5,4941.963,1547.442
29.610,162.351,0.028,5,4942.149,1548.167
29.620,162.357,0.028,5,4942.335,1548.893
29.630,162.363,0.028,5,4942.521,1549.619
29.640,162.370,0.028,5,4942.707,1550.345
29.650,162.376,0.028,5,4942.892,1551.071
29.660,162.382,0.028,5,4943.078,1551.797
29.670,162.388,0.028,5,4943.263,1552.523
29.680,162.394,0.028,5,4943.449,1553.249
29.690,162.400,0.028,5,4943.634,1553.975
29.700,162.406,0.028,5,4943.819,1554.701
29.710,162.412,0.028,5,4944.004,1555.427
29.720,162.418,0.028,5,4944.190,1556.153
29.730,162.424,0.028,5,4944.375,1556.879
29.740,162.430,0.028,5,4944.559,1557.605
29.750,162.436,0.028,5,4944.744,1558.331
29.760,162.443,0.028,5,4944.929,1559.057
29.770,162.449,0.028,5,4945.114,1559.784
29.780,162.455,0.028,5,4945.298,1560.510
29.790,162.461,0.028,5,4945.483,1561.236
29.800,162.467,0.028,5,4945.667,1561.962
29.810,162.473,0.028,5,4945.851,1562.689
29.820,162.479,0.028,5,4946.036,1563.415
29.830,162.485,0.028,5,4946.220,1564.141
29.840,162.491,0.028,5,4946.404,1564.868
29.850,162.497,0.028,5,4946.588,1565.594
29.860,162.503,0.028,5,4946.772,1566.321
29.870,162.509,0.028,5,4946.955,1567.047
29.880,162.515,0.027,5,4947.139,1567.774
29.890,162.521,0.027,5,4947.323,1568.500
29.900,162.527,0.027,5,4947.506,1569.227
29.910,162.533,0.027,5,4947.690,1569.953
29.920,162.539,0.027,5,4947.873,1570.680
29.930,162.545,0.027,5,4948.057,1571.407
29.940,162.551,0.027,5,4948.240,1572.133
29.950,162.557,0.027,5,4948.423,1572.860
29.960,162.563,0.027,5,4948.606,1573.587
29.970,162.569,0.027,5,4948.789,1574.313
29.980,162.575,0.027,5,4948.972,1575.040
29.990,162.581,0.027,5,4949.155,1575.767
30.000,162.587,0.027,5,4949.337,1576.494
30.010,162.593,0.027,5,4949.520,1577.221
30.020,162.599,0.027,5,4949.702,1577.948
30.030,162.605,0.027,5,4949.885,1578.674
30.040,162.611,0.027,5,4950.067,1579.401
30.050,162.617,0.027,5,4950.250,1580.128
30.060,162.623,0.027,5,4950.432,1580.855
30.070,162.629,0.027,5,4950.614,1581.582
30.080,162.635,0.027,5,4950.796,1582.309
30.090,162.641,0.027,5,4950.978,1583.036
30.100,162.647,0.027,5,4951.160,1583.764
30.110,162.653,0.027,5,4951.342,1584.491
30.120,162.659,0.027,5,4951.523,1585.218
30.130,162.665,0.027,5,4951.705,1585.945
30.140,162.671,0.027,5,4951.887,1586.672
30.150,162.677,0.027,5,4952.068,1587.399
30.160,162.683,0.027,5,4952.249,1588.127
30.170,162.689,0.027,5,4952.431,1588.854
30.180,162.695,0.027,5,4952.612,1589.581
30.190,162.701,0.027,5,4952.793,1590.309
30.200,162.707,0.027,5,4952.974,1591.036
30.210,162.713,0.027,5,4953.155,1591.763
30.220,162.719,0.027,5,4953.336,1592.491
30.230,162.725,0.027,5,4953.517,1593.218
30.240,162.731,0.027,5,4953.698,1593.946
30.250,162.737,0.027,5,4953.878,1594.673
30.260,162.742,0.027,5,4954.059,1595.401
30.270,162.748,0.027,5,4954.239,1596.128
30.280,162.754,0.027,5,4954.420,1596.856
30.290,162.760,0.027,5,4954.600,1597.583
30.300,162.766,0.027,5,4954.780,1598.311
30.310,162.772,0.027,5,4954.960,1599.039
30.320,162.778,0.027,5,4955.141,1599.766
30.330,162.784,0.027,5,4955.321,1600.494
30.340,162.790,0.027,5,4955.500,1601.222
30.350,162.796,0.027,5,4955.680,1601.950
30.360,162.802,0.027,5,4955.860,1602.677
30.370,162.808,0.027,5,4956.040,1603.405
30.380,162.813,0.027,5,4956.219,1604.133
30.390,162.819,0.027,5,4956.399,1604.861
30.400,162.825,0.027,5,4956.578,1605.589
30.410,162.831,0.027,5,4956.757,1606.317
30.420,162.837,0.027,5,4956.937,1607.045
30.430,162.843,0.027,5,4957.116,1607.773
30.440,162.849,0.027,5,4957.295,1608.501
30.450,162.855,0.027,5,4957.474,1609.229
30.460,162.861,0.027,5,4957.653,1609.957
30.470,162.866,0.027,5,4957.832,1610.685
30.480,162.872,0.027,5,4958.011,1611.413
30.490,162.878,0.027,5,4958.189,1612.141
30.500,162.884,0.027,5,4958.368,1612.869
30.510,162.890,0.027,5,4958.546,1613.597
30.520,162.896,0.027,5,4958.725,1614.326
30.530,162.902,0.027,5,4958.903,1615.054
30.540,162.907,0.027,5,4959.081,1615.782
30.550,162.913,0.027,5,4959.260,1616.510
30.560,162.919,0.027,5,4959.438,1617.239
30.570,162.925,0.027,5,4959.616,1617.967
30.580,162.931,0.027,5,4959.794,1618.695
30.590,162.937,0.027,5,4959.972,1619.424
30.600,162.943,0.027,5,4960.149,1620.152
30.610,162.948,0.027,5,4960.327,1620.881
30.620,162.954,0.027,5,4960.505,1621.609
30.630,162.960,0.027,5,4960.682,1622.338
30.640,162.966,0.027,5,4960.860,1623.066
30.650,162.972,0.027,5,4961.037,1623.795
30.660,162.978,0.027,5,4961.214,1624.523
30.670,162.983,0.027,5,4961.392,1625.252
30.680,162.989,0.027,5,4961.569,1625.981
30.690,162.995,0.026,5,4961.746,1626.709
30.700,163.001,0.026,5,4961.923,1627.438
30.710,163.007,0.026,5,4962.100,1628.167
30.720,163.012,0.026,5,4962.276,1628.895
30.730,163.018,0.026,5,4962.453,1629.624
30.740,163.024,0.026,5,4962.630,1630.353
30.750,163.030,0.026,5,4962.806,1631.082
30.760,163.036,0.026,5,4962.983,1631.810
30.770,163.041,0.026,5,4963.159,1632.539
30.780,163.047,0.026,5,4963.336,1633.268
30.790,163.053,0.026,5,4963.512,1633.997
30.800,163.059,0.026,5,4963.688,1634.726
30.810,163.065,0.026,5,4963.864,1635.455
30.820,163.070,0.026,5,4964.040,1636.184
30.830,163.076,0.026,5,4964.216,1636.913
30.840,163.082,0.026,5,4964.392,1637.642
30.850,163.088,0.026,5,4964.568,1638.371
30.860,163.093,0.026,5,4964.743,1639.100
30.870,163.099,0.026,5,4964.919,1639.829
30.880,163.105,0.026,5,4965.094,1640.558
30.890,163.111,0.026,5,4965.270,1641.288
30.900,163.116,0.026,5,4965.445,1642.017
30.910,163.122,0.026,5,4965.621,1642.746
30.920,163.128,0.026,5,4965.796,1643.475
30.930,163.134,0.026,5,4965.971,1644.205
30.940,163.140,0.026,5,4966.146,1644.934
30.950,163.145,0.026,5,4966.321,1645.663
30.960,163.151,0.026,5,4966.496,1646.393
30.970,163.157,0.026,5,4966.671,1647.122
30.980,163.162,0.026,5,4966.845,1647.851
30.990,163.168,0.026,5,4967.020,1648.581
31.000,163.174,0.026,5,4967.194,1649.310
31.010,163.180,0.026,5,4967.369,1650.040
31.020,163.185,0.026,5,4967.543,1650.769
31.030,163.191,0.026,5,4967.718,1651.499
31.040,163.197,0.026,5,4967.892,1652.228
31.050,163.203,0.026,5,4968.066,1652.958
31.060,163.208,0.026,5,4968.240,1653.687
31.070,163.214,0.026,5,4968.414,1654.417
31.080,163.220,0.026,5,4968.588,1655.147
31.090,163.225,0.026,5,4968.762,1655.876
31.100,163.231,0.026,5,4968.936,1656.606
31.110,163.237,0.026,5,4969.109,1657.336
31.120,163.243,0.026,5,4969.283,1658.066
31.130,163.248,0.026,5,4969.457,1658.795
31.140,163.254,0.026,5,4969.630,1659.525
31.150,163.260,0.026,5,4969.803,1660.255
31.160,163.265,0.026,5,4969.977,1660.985
31.170,163.271,0.026,5,4970.150,1661.715
31.180,163.277,0.026,5,4970.323,1662.445
31.190,163.282,0.026,5,4970.496,1663.175
31.200,163.288,0.026,5,4970.669,1663.905
31.210,163.294,0.026,5,4970.842,1664.635
31.220,163.299,0.026,5,4971.015,1665.365
31.230,163.305,0.026,5,4971.187,1666.095
31.240,163.311,0.026,5,4971.360,1666.825
31.250,163.316,0.026,5,4971.533,1667.555
31.260,163.322,0.026,5,4971.705,1668.285
31.270,163.328,0.026,5,4971.878,1669.015
31.280,163.333,0.026,5,4972.050,1669.745
31.290,163.339,0.026,5,4972.222,1670.475
31.300,163.345,0.026,5,4972.394,1671.206
31.310,163.350,0.026,5,4972.567,1671.936
31.320,163.356,0.026,5,4972.739,1672.666
31.330,163.362,0.026,5,4972.910,1673.396
31.340,163.367,0.026,5,4973.082,1674.127
31.350,163.373,0.026,5,4973.254,1674.857
31.360,163.379,0.026,5,4973.426,1675.587
31.370,163.384,0.026,5,4973.597,1676.318
31.380,163.390,0.026,5,4973.769,1677.048
31.390,163.396,0.026,5,4973.941,1677.779
31.400,163.401,0.026,5,4974.112,1678.509
31.410,163.407,0.026,5,4974.283,1679.240
31.420,163.412,0.026,5,4974.454,1679.970
31.430,163.418,0.026,5,4974.626,1680.701
31.440,163.424,0.026,5,4974.797,1681.431
31.450,163.429,0.026,5,4974.968,1682.162
31.460,163.435,0.026,5,4975.139,1682.892
31.470,163.441,0.026,5,4975.309,1683.623
31.480,163.446,0.026,5,4975.480,1684.354
31.490,163.452,0.026,5,4975.651,1685.084
31.500,163.457,0.026,5,4975.822,1685.815
31.510,163.463,0.026,5,4975.992,1686.546
31.520,163.469,0.026,5,4976.163,1687.277
31.530,163.474,0.025,5,4976.333,1688.007
31.540,163.480,0.025,5,4976.503,1688.738
31.550,163.485,0.025,5,4976.673,1689.469
31.560,163.491,0.025,5,4976.844,1690.200
31.570,163.497,0.025,5,4977.014,1690.931
31.580,163.502,0.025,5,4977.184,1691.662
31.590,163.508,0.025,5,4977.354,1692.393
31.600,163.513,0.025,5,4977.523,1693.124
31.610,163.519,0.025,5,4977.693,1693.855
31.620,163.524,0.025,5,4977.863,1694.586
31.630,163.530,0.025,5,4978.032,1695.317
31.640,163.536,0.025,5,4978.202,1696.048
31.650,163.541,0.025,5,4978.371,1696.779
31.660,163.547,0.025,5,4978.541,1697.510
31.670,163.552,0.025,5,4978.710,1698.241
31.680,163.558,0.025,5,4978.879,1698.972
31.690,163.563,0.025,5,4979.048,1699.704
31.700,163.569,0.025,5,4979.217,1700.435
31.710,163.574,0.025,5,4979.386,1701.166
31.720,163.580,0.025,5,4979.555,1701.897
31.730,163.586,0.025,5,4979.724,1702.629
31.740,163.591,0.025,5,4979.893,1703.360
31.750,163.597,0.025,5,4980.062,1704.091
31.760,163.602,0.025,5,4980.230,1704.823
31.770,163.608,0.025,5,4980.399,1705.554
31.780,163.613,0.025,5,4980.567,1706.285
31.790,163.619,0.025,5,4980.735,1707.017
31.800,163.624,0.025,5,4980.904,1707.748
31.810,163.630,0.025,5,4981.072,1708.480
31.820,163.635,0.025,5,4981.240,1709.211
31.830,163.641,0.025,5,4981.408,1709.943
31.840,163.646,0.025,5,4981.576,1710.674
31.850,163.652,0.025,5,4981.744,1711.406
31.860,163.657,0.025,5,4981.912,1712.138
31.870,163.663,0.025,5,4982.080,1712.869
31.880,163.668,0.025,5,4982.247,1713.601
31.890,163.674,0.025,5,4982.415,1714.333
31.900,163.679,0.025,5,4982.582,1715.064
31.910,163.685,0.025,5,4982.750,1715.796
31.920,163.690,0.025,5,4982.917,1716.528
31.930,163.696,0.025,5,4983.084,1717.260
31.940,163.701,0.025,5,4983.252,1717.991
31.950,163.707,0.025,5,4983.419,1718.723
31.960,163.712,0.025,5,4983.586,1719.455
31.970,163.718,0.025,5,4983.753,1720.187
31.980,163.723,0.025,5,4983.920,1720.919
31.990,163.729,0.025,5,4984.086,1721.651
32.000,163.734,0.025,5,4984.253,1722.383
32.010,163.740,0.025,5,4984.420,1723.115
32.020,163.745,0.025,5,4984.586,1723.847
32.030,163.751,0.025,5,4984.753,1724.579
32.040,163.756,0.025,5,4984.919,1725.311
32.050,163.762,0.025,5,4985.086,1726.043
32.060,163.767,0.025,5,4985.252,1726.775
32.070,163.773,0.025,5,4985.418,1727.507
32.080,163.778,0.025,5,4985.584,1728.239
32.090,163.784,0.025,5,4985.750,1728.972
32.100,163.789,0.025,5,4985.916,1729.704
32.110,163.794,0.025,5,4986.082,1730.436
32.120,163.800,0.025,5,4986.248,1731.168
32.130,163.805,0.025,5,4986.414,1731.900
32.140,163.811,0.025,5,4986.580,1732.633
32.150,163.816,0.025,5,4986.745,1733.365
32.160,163.822,0.025,5,4986.911,1734.097
32.170,163.827,0.025,5,4987.076,1734.830
32.180,163.833,0.025,5,4987.242,1735.562
32.190,163.838,0.025,5,4987.407,1736.295
32.200,163.843,0.025,5,4987.572,1737.027
32.210,163.849,0.025,5,4987.737,1737.760
32.220,163.854,0.025,5,4987.902,1738.492
32.230,163.860,0.025,5,4988.067,1739.225
32.240,163.865,0.025,5,4988.232,1739.957
32.250,163.870,0.025,5,4988.397,1740.690
32.260,163.876,0.025,5,4988.562,1741.422
32.270,163.881,0.025,5,4988.727,1742.155
32.280,163.887,0.025,5,4988.891,1742.888
32.290,163.892,0.025,5,4989.056,1743.620
32.300,163.898,0.025,5,4989.220,1744.353
32.310,163.903,0.025,5,4989.385,1745.086
32.320,163.908,0.025,5,4989.549,1745.818
32.330,163.914,0.025,5,4989.713,1746.551
32.340,163.919,0.025,5,4989.877,1747.284
32.350,163.924,0.025,5,4990.041,1748.017
32.360,163.930,0.025,5,4990.205,1748.749
32.370,163.935,0.025,5,4990.369,1749.482
32.380,163.941,0.025,5,4990.533,1750.215
32.390,163.946,0.025,5,4990.697,1750.948
32.400,163.951,0.024,5,4990.861,1751.681
32.410,163.957,0.024,5,4991.024,1752.414
32.420,163.962,0.024,5,4991.188,1753.147
32.430,163.968,0.024,5,4991.351,1753.880
32.440,163.973,0.024,5,4991.515,1754.613
32.450,163.978,0.024,5,4991.678,1755.346
32.460,163.984,0.024,5,4991.841,1756.079
32.470,163.989,0.024,5,4992.004,1756.812
32.480,163.994,0.024,5,4992.168,1757.545
32.490,164.000,0.024,5,4992.331,1758.278
32.500,164.005,0.024,5,4992.494,1759.012
32.510,164.010,0.024,5,4992.656,1759.745
32.520,164.016,0.024,5,4992.819,1760.478
32.530,164.021,0.024,5,4992.982,1761.211
32.540,164.026,0.024,5,4993.145,1761.945
32.550,164.032,0.024,5,4993.307,1762.678
32.560,164.037,0.024,5,4993.470,1763.411
32.570,164.042,0.024,5,4993.632,1764.144
32.580,164.048,0.024,5,4993.795,1764.878
32.590,164.053,0.024,5,4993.957,1765.611
32.600,164.058,0.024,5,4994.119,1766.345
32.610,164.064,0.024,5,4994.281,1767.078
32.620,164.069,0.024,5,4994.443,1767.811
32.630,164.074,0.024,5,4994.605,1768.545
32.640,164.080,0.024,5,4994.767,1769.278
32.650,164.085,0.024,5,4994.929,1770.012
32.660,164.090,0.024,5,4995.091,1770.746
32.670,164.096,0.024,5,4995.252,1771.479
32.680,164.101,0.024,5,4995.414,1772.213
32.690,164.106,0.024,5,4995.576,1772.946
32.700,164.112,0.024,5,4995.737,1773.680
32.710,164.117,0.024,5,4995.898,1774.414
32.720,164.122,0.024,5,4996.060,1775.147
32.730,164.127,0.024,5,4996.221,1775.881
32.740,164.133,0.024,5,4996.382,1776.615
32.750,164.138,0.024,5,4996.543,1777.349
32.760,164.143,0.024,5,4996.704,1778.082
32.770,164.149,0.024,5,4996.865,1778.816
32.780,164.154,0.024,5,4997.026,1779.550
32.790,164.159,0.024,5,4997.187,1780.284
32.800,164.164,0.024,5,4997.348,1781.018
32.810,164.170,0.024,5,4997.508,1781.752
32.820,164.175,0.024,5,4997.669,1782.486
32.830,164.180,0.024,5,4997.829,1783.219
32.840,164.186,0.024,5,4997.990,1783.953
32.850,164.191,0.024,5,4998.150,1784.687
32.860,164.196,0.024,5,4998.310,1785.421
32.870,164.201,0.024,5,4998.471,1786.156
32.880,164.207,0.024,5,4998.631,1786.890
32.890,164.212,0.024,5,4998.791,1787.624
32.900,164.217,0.024,5,4998.951,1788.358
32.910,164.222,0.024,5,4999.111,1789.092
32.920,164.228,0.024,5,4999.271,1789.826
32.930,164.233,0.024,5,4999.430,1790.560
32.940,164.238,0.024,5,4999.590,1791.294
32.950,164.243,0.024,5,4999.750,1792.029
32.960,164.249,0.024,5,4999.909,1792.763
32.970,164.254,0.024,5,5000.069,1793.497
32.980,164.259,0.024,5,5000.228,1794.232
32.990,164.264,0.024,5,5000.387,1794.966
33.000,164.270,0.024,5,5000.547,1795.700
33.010,164.275,0.024,5,5000.706,1796.435
33.020,164.280,0.024,5,5000.865,1797.169
33.030,164.285,0.024,5,5001.024,1797.903
33.040,164.290,0.024,5,5001.183,1798.638
33.050,164.296,0.024,5,5001.342,1799.372
33.060,164.301,0.024,5,5001.501,1800.107
33.070,164.306,0.024,5,5001.659,1800.841
33.080,164.311,0.024,5,5001.818,1801.576
33.090,164.317,0.024,5,5001.977,1802.310
33.100,164.322,0.024,5,5002.135,1803.045
33.110,164.327,0.024,5,5002.294,1803.780
33.120,164.332,0.024,5,5002.452,1804.514
33.130,164.337,0.024,5,5002.610,1805.249
33.140,164.343,0.024,5,5002.769,1805.984
33.150,164.348,0.024,5,5002.927,1806.718
33.160,164.353,0.024,5,5003.085,1807.453
33.170,164.358,0.024,5,5003.243,1808.188
33.180,164.363,0.024,5,5003.401,1808.923
33.190,164.369,0.024,5,5003.559,1809.657
33.200,164.374,0.024,5,5003.716,1810.392
33.210,164.379,0.024,5,5003.874,1811.127
33.220,164.384,0.024,5,5004.032,1811.862
33.230,164.389,0.024,5,5004.189,1812.597
33.240,164.394,0.024,5,5004.347,1813.332
33.250,164.400,0.024,5,5004.504,1814.067
33.260,164.405,0.024,5,5004.662,1814.802
33.270,164.410,0.024,5,5004.819,1815.536
33.280,164.415,0.024,5,5004.976,1816.271
33.290,164.420,0.024,5,5005.133,1817.007
33.300,164.425,0.024,5,5005.290,1817.742
33.310,164.431,0.023,5,5005.447,1818.477
33.320,164.436,0.023,5,5005.604,1819.212
33.330,164.441,0.023,5,5005.761,1819.947
33.340,164.446,0.023,5,5005.918,1820.682
33.350,164.451,0.023,5,5006.075,1821.417
33.360,164.456,0.023,5,5006.231,1822.152
33.370,164.461,0.023,5,5006.388,1822.888
33.380,164.467,0.023,5,5006.544,1823.623
33.390,164.472,0.023,5,5006.701,1824.358
33.400,164.477,0.023,5,5006.857,1825.093
33.410,164.482,0.023,5,5007.013,1825.829
33.420,164.487,0.023,5,5007.169,1826.564
33.430,164.492,0.023,5,5007.326,1827.299
33.440,164.497,0.023,5,5007.482,1828.035
33.450,164.503,0.023,5,5007.638,1828.770
33.460,164.508,0.023,5,5007.794,1829.505
33.470,164.513,0.023,5,5007.949,1830.241
33.480,164.518,0.023,5,5008.105,1830.976
33.490,164.523,0.023,5,5008.261,1831.712
33.500,164.528,0.023,5,5008.416,1832.447
33.510,164.533,0.023,5,5008.572,1833.183
33.520,164.538,0.023,5,5008.727,1833.918
33.530,164.543,0.023,5,5008.883,1834.654
33.540,164.549,0.023,5,5009.038,1835.390
33.550,164.554,0.023,5,5009.193,1836.125
33.560,164.559,0.023,5,5009.349,1836.861
33.570,164.564,0.023,5,5009.504,1837.596
33.580,164.569,0.023,5,5009.659,1838.332
33.590,164.574,0.023,5,5009.814,1839.068
33.600,164.579,0.023,5,5009.969,1839.804
33.610,164.584,0.023,5,5010.124,1840.539
33.620,164.589,0.023,5,5010.278,1841.275
33.630,164.594,0.023,5,5010.433,1842.011
33.640,164.599,0.023,5,5010.588,1842.747
33.650,164.605,0.023,5,5010.742,1843.483
33.660,164.610,0.023,5,5010.897,1844.218
33.670,164.615,0.023,5,5011.051,1844.954
33.680,164.620,0.023,5,5011.205,1845.690
33.690,164.625,0.023,5,5011.360,1846.426
33.700,164.630,0.023,5,5011.514,1847.162
33.710,164.635,0.023,5,5011.668,1847.898
33.720,164.640,0.023,5,5011.822,1848.634
33.730,164.645,0.023,5,5011.976,1849.370
33.740,164.650,0.023,5,5012.130,1850.106
33.750,164.655,0.023,5,5012.284,1850.842
33.760,164.660,0.023,5,5012.438,1851.578
33.770,164.665,0.023,5,5012.591,1852.315
33.780,164.670,0.023,5,5012.745,1853.051
33.790,164.675,0.023,5,5012.898,1853.787
33.800,164.680,0.023,5,5013.052,1854.523
33.810,164.685,0.023,5,5013.205,1855.259
33.820,164.690,0.023,5,5013.359,1855.995
33.830,164.696,0.023,5,5013.512,1856.732
33.840,164.701,0.023,5,5013.665,1857.468
33.850,164.706,0.023,5,5013.818,1858.204
33.860,164.711,0.023,5,5013.971,1858.941
33.870,164.716,0.023,5,5014.124,1859.677
33.880,164.721,0.023,5,5014.277,1860.413
33.890,164.726,0.023,5,5014.430,1861.150
33.900,164.731,0.023,5,5014.583,1861.886
33.910,164.736,0.023,5,5014.736,1862.623
33.920,164.741,0.023,5,5014.888,1863.359
33.930,164.746,0.023,5,5015.041,1864.096
33.940,164.751,0.023,5,5015.193,1864.832
33.950,164.756,0.023,5,5015.346,1865.569
33.960,164.761,0.023,5,5015.498,1866.305
33.970,164.766,0.023,5,5015.650,1867.042
33.980,164.771,0.023,5,5015.803,1867.778
33.990,164.776,0.023,5,5015.955,1868.515
34.000,164.781,0.023,5,5016.107,1869.251
34.010,164.786,0.023,5,5016.259,1869.988
34.020,164.791,0.023,5,5016.411,1870.725
34.030,164.796,0.023,5,5016.563,1871.462
34.040,164.801,0.023,5,5016.714,1872.198
34.050,164.806,0.023,5,5016.866,1872.935
34.060,164.811,0.023,5,5017.018,1873.672
34.070,164.816,0.023,5,5017.169,1874.409
34.080,164.821,0.023,5,5017.321,1875.145
34.090,164.826,0.023,5,5017.472,1875.882
34.100,164.831,0.023,5,5017.624,1876.619
34.110,164.836,0.023,5,5017.775,1877.356
34.120,164.841,0.023,5,5017.926,1878.093
34.130,164.845,0.023,5,5018.077,1878.830
34.140,164.850,0.023,5,5018.228,1879.567
34.150,164.855,0.023,5,5018.379,1880.304
34.160,164.860,0.023,5,5018.530,1881.041
34.170,164.865,0.023,5,5018.681,1881.778
34.180,164.870,0.023,5,5018.832,1882.515
34.190,164.875,0.023,5,5018.983,1883.252
34.200,164.880,0.023,5,5019.134,1883.989
34.210,164.885,0.023,5,5019.284,1884.726
34.220,164.890,0.023,5,5019.435,1885.463
34.230,164.895,0.023,5,5019.585,1886.200
34.240,164.900,0.023,5,5019.736,1886.937
34.250,164.905,0.022,5,5019.886,1887.675
34.260,164.910,0.022,5,5020.036,1888.412
34.270,164.915,0.022,5,5020.186,1889.149
34.280,164.920,0.022,5,5020.336,1889.886
34.290,164.925,0.022,5,5020.486,1890.624
34.300,164.930,0.022,5,5020.636,1891.361
34.310,164.934,0.022,5,5020.786,1892.098
34.320,164.939,0.022,5,5020.936,1892.836
34.330,164.944,0.022,5,5021.086,1893.573
34.340,164.949,0.022,5,5021.236,1894.310
34.350,164.954,0.022,5,5021.385,1895.048
34.360,164.959,0.022,5,5021.535,1895.785
34.370,164.964,0.022,5,5021.684,1896.523
34.380,164.969,0.022,5,5021.834,1897.260
34.390,164.974,0.022,5,5021.983,1897.998
34.400,164.979,0.022,5,5022.132,1898.735
34.410,164.984,0.022,5,5022.282,1899.473
34.420,164.988,0.022,5,5022.431,1900.210
34.430,164.993,0.022,5,5022.580,1900.948
34.440,164.998,0.022,5,5022.729,1901.685
34.450,165.003,0.022,5,5022.878,1902.423
34.460,165.008,0.022,5,5023.027,1903.161
34.470,165.013,0.022,5,5023.176,1903.898
34.480,165.018,0.022,5,5023.324,1904.636
34.490,165.023,0.022,5,5023.473,1905.374
34.500,165.028,0.022,5,5023.622,1906.111
34.510,165.032,0.022,5,5023.770,1906.849
34.520,165.037,0.022,5,5023.919,1907.587
34.530,165.042,0.022,5,5024.067,1908.325
34.540,165.047,0.022,5,5024.215,1909.063
34.550,165.052,0.022,5,5024.364,1909.800
34.560,165.057,0.022,5,5024.512,1910.538
34.570,165.062,0.022,5,5024.660,1911.276
34.580,165.067,0.022,5,5024.808,1912.014
34.590,165.071,0.022,5,5024.956,1912.752
34.600,165.076,0.022,5,5025.104,1913.490
34.610,165.081,0.022,5,5025.252,1914.228
34.620,165.086,0.022,5,5025.399,1914.966
34.630,165.091,0.022,5,5025.547,1915.704
34.640,165.096,0.022,5,5025.695,1916.442
34.650,165.101,0.022,5,5025.842,1917.180
34.660,165.105,0.022,5,5025.990,1917.918
34.670,165.110,0.022,5,5026.137,1918.656
34.680,165.115,0.022,5,5026.285,1919.394
34.690,165.120,0.022,5,5026.432,1920.133
34.700,165.125,0.022,5,5026.579,1920.871
34.710,165.130,0.022,5,5026.726,1921.609
34.720,165.134,0.022,5,5026.873,1922.347
34.730,165.139,0.022,5,5027.020,1923.085
34.740,165.144,0.022,5,5027.167,1923.824
34.750,165.149,0.022,5,5027.314,1924.562
34.760,165.154,0.022,5,5027.461,1925.300
34.770,165.159,0.022,5,5027.608,1926.039
34.780,165.163,0.022,5,5027.755,1926.777
34.790,165.168,0.022,5,5027.901,1927.515
34.800,165.173,0.022,5,5028.048,1928.254
34.810,165.178,0.022,5,5028.194,1928.992
34.820,165.183,0.022,5,5028.341,1929.731
34.830,165.187,0.022,5,5028.487,1930.469
34.840,165.192,0.022,5,5028.633,1931.207
34.850,165.197,0.022,5,5028.779,1931.946
34.860,165.202,0.022,5,5028.926,1932.684
34.870,165.207,0.022,5,5029.072,1933.423
34.880,165.211,0.022,5,5029.218,1934.162
34.890,165.216,0.022,5,5029.364,1934.900
34.900,165.221,0.022,5,5029.509,1935.639
34.910,165.226,0.022,5,5029.655,1936.377
34.920,165.231,0.022,5,5029.801,1937.116
34.930,165.235,0.022,5,5029.947,1937.855
34.940,165.240,0.022,5,5030.092,1938.593
34.950,165.245,0.022,5,5030.238,1939.332
34.960,165.250,0.022,5,5030.383,1940.071
34.970,165.255,0.022,5,5030.529,1940.810
34.980,165.259,0.022,5,5030.674,1941.548
34.990,165.264,0.022,5,5030.819,1942.287
35.000,165.269,0.022,5,5030.964,1943.026
35.010,165.274,0.022,5,5031.110,1943.765
35.020,165.278,0.022,5,5031.255,1944.504
35.030,165.283,0.022,5,5031.400,1945.243
35.040,165.288,0.022,5,5031.545,1945.981
35.050,165.293,0.022,5,5031.689,1946.720
35.060,165.297,0.022,5,5031.834,1947.459
35.070,165.302,0.022,5,5031.979,1948.198
35.080,165.307,0.022,5,5032.124,1948.937
35.090,165.312,0.022,5,5032.268,1949.676
35.100,165.316,0.022,5,5032.413,1950.415
35.110,165.321,0.022,5,5032.557,1951.154
35.120,165.326,0.022,5,5032.702,1951.893
35.130,165.331,0.022,5,5032.846,1952.633
35.140,165.335,0.022,5,5032.990,1953.372
35.150,165.340,0.022,5,5033.134,1954.111
35.160,165.345,0.022,5,5033.279,1954.850
35.170,165.350,0.022,5,5033.423,1955.589
35.180,165.354,0.022,5,5033.567,1956.328
35.190,165.359,0.022,5,5033.711,1957.068
35.200,165.364,0.022,5,5033.854,1957.807
35.210,165.368,0.022,5,5033.998,1958.546
35.220,165.373,0.022,5,5034.142,1959.285
35.230,165.378,0.021,5,5034.286,1960.025
35.240,165.383,0.021,5,5034.429,1960.764
35.250,165.387,0.021,5,5034.573,1961.503
35.260,165.392,0.021,5,5034.716,1962.243
35.270,165.397,0.021,5,5034.860,1962.982
35.280,165.401,0.021,5,5035.003,1963.721
35.290,165.406,0.021,5,5035.146,1964.461
35.300,165.411,0.021,5,5035.289,1965.200
35.310,165.416,0.021,5,5035.432,1965.940
35.320,165.420,0.021,5,5035.575,1966.679
35.330,165.425,0.021,5,5035.718,1967.419
35.340,165.430,0.021,5,5035.861,1968.158
35.350,165.434,0.021,5,5036.004,1968.898
35.360,165.439,0.021,5,5036.147,1969.637
35.370,165.444,0.021,5,5036.290,1970.377
35.380,165.448,0.021,5,5036.432,1971.117
35.390,165.453,0.021,5,5036.575,1971.856
35.400,165.458,0.021,5,5036.718,1972.596
35.410,165.462,0.021,5,5036.860,1973.336
35.420,165.467,0.021,5,5037.002,1974.075
35.430,165.472,0.021,5,5037.145,1974.815
35.440,165.477,0.021,5,5037.287,1975.555
35.450,165.481,0.021,5,5037.429,1976.295
35.460,165.486,0.021,5,5037.571,1977.034
35.470,165.491,0.021,5,5037.713,1977.774
35.480,165.495,0.021,5,5037.855,1978.514
35.490,165.500,0.021,5,5037.997,1979.254
35.500,165.505,0.021,5,5038.139,1979.994
35.510,165.509,0.021,5,5038.281,1980.734
35.520,165.514,0.021,5,5038.423,1981.474
35.530,165.518,0.021,5,5038.564,1982.213
35.540,165.523,0.021,5,5038.706,1982.953
35.550,165.528,0.021,5,5038.848,1983.693
35.560,165.532,0.021,5,5038.989,1984.433
35.570,165.537,0.021,5,5039.131,1985.173
35.580,165.542,0.021,5,5039.272,1985.913
35.590,165.546,0.021,5,5039.413,1986.654
35.600,165.551,0.021,5,5039.554,1987.394
35.610,165.556,0.021,5,5039.696,1988.134
35.620,165.560,0.021,5,5039.837,1988.874
35.630,165.565,0.021,5,5039.978,1989.614
35.640,165.570,0.021,5,5040.119,1990.354
35.650,165.574,0.021,5,5040.259,1991.094
35.660,165.579,0.021,5,5040.400,1991.835
35.670,165.583,0.021,5,5040.541,1992.575
35.680,165.588,0.021,5,5040.682,1993.315
35.690,165.593,0.021,5,5040.822,1994.055
35.700,165.597,0.021,5,5040.963,1994.796
35.710,165.602,0.021,5,5041.103,1995.536
35.720,165.607,0.021,5,5041.244,1996.276
35.730,165.611,0.021,5,5041.384,1997.016
35.740,165.616,0.021,5,5041.524,1997.757
35.750,165.620,0.021,5,5041.665,1998.497
35.760,165.625,0.021,5,5041.805,1999.238
35.770,165.630,0.021,5,5041.945,1999.978
35.780,165.634,0.021,5,5042.085,2000.719
35.790,165.639,0.021,5,5042.225,2001.459
35.800,165.643,0.021,5,5042.365,2002.200
35.810,165.648,0.021,5,5042.505,2002.940
35.820,165.653,0.021,5,5042.645,2003.681
35.830,165.657,0.021,5,5042.784,2004.421
35.840,165.662,0.021,5,5042.924,2005.162
35.850,165.666,0.021,5,5043.064,2005.902
35.860,165.671,0.021,5,5043.203,2006.643
35.870,165.675,0.021,5,5043.342,2007.384
35.880,165.680,0.021,5,5043.482,2008.124
35.890,165.685,0.021,5,5043.621,2008.865
35.900,165.689,0.021,5,5043.760,2009.606
35.910,165.694,0.021,5,5043.900,2010.346
35.920,165.698,0.021,5,5044.039,2011.087
35.930,165.703,0.021,5,5044.178,2011.828
35.940,165.707,0.021,5,5044.317,2012.569
35.950,165.712,0.021,5,5044.456,2013.309
35.960,165.717,0.021,5,5044.595,2014.050
35.970,165.721,0.021,5,5044.733,2014.791
35.980,165.726,0.021,5,5044.872,2015.532
35.990,165.730,0.021,5,5045.011,2016.273
36.000,165.735,0.021,5,5045.150,2017.014
36.010,165.739,0.021,5,5045.288,2017.755
36.020,165.744,0.021,5,5045.427,2018.495
36.030,165.748,0.021,5,5045.565,2019.236
36.040,165.753,0.021,5,5045.703,2019.977
36.050,165.758,0.021,5,5045.842,2020.718
36.060,165.762,0.021,5,5045.980,2021.459
36.070,165.767,0.021,5,5046.118,2022.200
36.080,165.771,0.021,5,5046.256,2022.942
36.090,165.776,0.021,5,5046.394,2023.683
36.100,165.780,0.021,5,5046.532,2024.424
36.110,165.785,0.021,5,5046.670,2025.165
36.120,165.789,0.021,5,5046.808,2025.906
36.130,165.794,0.021,5,5046.946,2026.647
36.140,165.798,0.021,5,5047.083,2027.388
36.150,165.803,0.021,5,5047.221,2028.130
36.160,165.807,0.021,5,5047.359,2028.871
36.170,165.812,0.021,5,5047.496,2029.612
36.180,165.816,0.021,5,5047.634,2030.353
36.190,165.821,0.021,5,5047.771,2031.095
36.200,165.825,0.021,5,5047.908,2031.836
36.210,165.830,0.021,5,5048.046,2032.577
36.220,165.834,0.021,5,5048.183,2033.319
36.230,165.839,0.021,5,5048.320,2034.060
36.240,165.843,0.021,5,5048.457,2034.801
36.250,165.848,0.021,5,5048.594,2035.543
36.260,165.852,0.020,5,5048.731,2036.284
36.270,165.857,0.020,5,5048.868,2037.026
36.280,165.861,0.020,5,5049.005,2037.767
36.290,165.866,0.020,5,5049.141,2038.509
36.300,165.870,0.020,5,5049.278,2039.250
36.310,165.875,0.020,5,5049.415,2039.992
36.320,165.879,0.020,5,5049.551,2040.733
36.330,165.884,0.020,5,5049.688,2041.475
36.340,165.888,0.020,5,5049.824,2042.216
36.350,165.893,0.020,5,5049.961,2042.958
36.360,165.897,0.020,5,5050.097,2043.699
36.370,165.902,0.020,5,5050.233,2044.441
36.380,165.906,0.020,5,5050.369,2045.183
36.390,165.911,0.020,5,5050.506,2045.924
36.400,165.915,0.020,5,5050.642,2046.666
36.410,165.920,0.020,5,5050.778,2047.408
36.420,165.924,0.020,5,5050.914,2048.150
36.430,165.929,0.020,5,5051.049,2048.891
36.440,165.933,0.020,5,5051.185,2049.633
36.450,165.938,0.020,5,5051.321,2050.375
36.460,165.942,0.020,5,5051.457,2051.117
36.470,165.946,0.020,5,5051.592,2051.859
36.480,165.951,0.020,5,5051.728,2052.601
36.490,165.955,0.020,5,5051.863,2053.342
36.500,165.960,0.020,5,5051.999,2054.084
36.510,165.964,0.020,5,5052.134,2054.826
36.520,165.969,0.020,5,5052.269,2055.568
36.530,165.973,0.020,5,5052.405,2056.310
36.540,165.978,0.020,5,5052.540,2057.052
36.550,165.982,0.020,5,5052.675,2057.794
36.560,165.986,0.020,5,5052.810,2058.536
36.570,165.991,0.020,5,5052.945,2059.278
36.580,165.995,0.020,5,5053.080,2060.020
36.590,166.000,0.020,5,5053.215,2060.762
36.600,166.004,0.020,5,5053.350,2061.504
36.610,166.009,0.020,5,5053.484,2062.247
36.620,166.013,0.020,5,5053.619,2062.989
36.630,166.017,0.020,5,5053.754,2063.731
36.640,166.022,0.020,5,5053.888,2064.473
36.650,166.026,0.020,5,5054.023,2065.215
36.660,166.031,0.020,5,5054.157,2065.958
36.670,166.035,0.020,5,5054.291,2066.700
36.680,166.040,0.020,5,5054.426,2067.442
36.690,166.044,0.020,5,5054.560,2068.184
36.700,166.048,0.020,5,5054.694,2068.927
36.710,166.053,0.020,5,5054.828,2069.669
36.720,166.057,0.020,5,5054.962,2070.411
36.730,166.062,0.020,5,5055.096,2071.154
36.740,166.066,0.020,5,5055.230,2071.896
36.750,166.070,0.020,5,5055.364,2072.638
36.760,166.075,0.020,5,5055.498,2073.381
36.770,166.079,0.020,5,5055.632,2074.123
36.780,166.084,0.020,5,5055.765,2074.866
36.790,166.088,0.020,5,5055.899,2075.608
36.800,166.092,0.020,5,5056.033,2076.351
36.810,166.097,0.020,5,5056.166,2077.093
36.820,166.101,0.020,5,5056.299,2077.836
36.830,166.105,0.020,5,5056.433,2078.578
36.840,166.110,0.020,5,5056.566,2079.321
36.850,166.114,0.020,5,5056.699,2080.063
36.860,166.119,0.020,5,5056.833,2080.806
36.870,166.123,0.020,5,5056.966,2081.549
36.880,166.127,0.020,5,5057.099,2082.291
36.890,166.132,0.020,5,5057.232,2083.034
36.900,166.136,0.020,5,5057.365,2083.777
36.910,166.140,0.020,5,5057.498,2084.519
36.920,166.145,0.020,5,5057.630,2085.262
36.930,166.149,0.020,5,5057.763,2086.005
36.940,166.154,0.020,5,5057.896,2086.748
36.950,166.158,0.020,5,5058.028,2087.491
36.960,166.162,0.020,5,5058.161,2088.233
36.970,166.167,0.020,5,5058.293,2088.976
36.980,166.171,0.020,5,5058.426,2089.719
36.990,166.175,0.020,5,5058.558,2090.462
37.000,166.180,0.020,5,5058.691,2091.205
37.010,166.184,0.020,5,5058.823,2091.948
37.020,166.188,0.020,5,5058.955,2092.691
37.030,166.193,0.020,5,5059.087,2093.434
37.040,166.197,0.020,5,5059.219,2094.177
37.050,166.201,0.020,5,5059.351,2094.920
37.060,166.206,0.020,5,5059.483,2095.663
37.070,166.210,0.020,5,5059.615,2096.406
37.080,166.214,0.020,5,5059.747,2097.149
37.090,166.219,0.020,5,5059.879,2097.892
37.100,166.223,0.020,5,5060.010,2098.635
37.110,166.227,0.020,5,5060.142,2099.378
37.120,166.232,0.020,5,5060.274,2100.121
37.130,166.236,0.020,5,5060.405,2100.864
37.140,166.240,0.020,5,5060.537,2101.607
37.150,166.245,0.020,5,5060.668,2102.350
37.160,166.249,0.020,5,5060.799,2103.094
37.170,166.253,0.020,5,5060.930,2103.837
37.180,166.258,0.020,5,5061.062,2104.580
37.190,166.262,0.020,5,5061.193,2105.323
37.200,166.266,0.020,5,5061.324,2106.067
37.210,166.270,0.020,5,5061.455,2106.810
37.220,166.275,0.020,5,5061.586,2107.553
37.230,166.279,0.020,5,5061.717,2108.297
37.240,166.283,0.020,5,5061.848,2109.040
37.250,166.288,0.020,5,5061.978,2109.783
37.260,166.292,0.020,5,5062.109,2110.527
37.270,166.296,0.020,5,5062.240,2111.270
37.280,166.301,0.020,5,5062.370,2112.013
37.290,166.305,0.020,5,5062.501,2112.757
37.300,166.309,0.020,5,5062.631,2113.500
37.310,166.313,0.020,5,5062.762,2114.244
37.320,166.318,0.020,5,5062.892,2114.987
37.330,166.322,0.019,5,5063.023,2115.731
37.340,166.326,0.019,5,5063.153,2116.474
37.350,166.330,0.019,5,5063.283,2117.218
37.360,166.335,0.019,5,5063.413,2117.962
37.370,166.339,0.019,5,5063.543,2118.705
37.380,166.343,0.019,5,5063.673,2119.449
37.390,166.348,0.019,5,5063.803,2120.192
37.400,166.352,0.019,5,5063.933,2120.936
37.410,166.356,0.019,5,5064.063,2121.680
37.420,166.360,0.019,5,5064.192,2122.424
37.430,166.365,0.019,5,5064.322,2123.167
37.440,166.369,0.019,5,5064.452,2123.911
37.450,166.373,0.019,5,5064.581,2124.655
37.460,166.377,0.019,5,5064.711,2125.398
37.470,166.382,0.019,5,5064.840,2126.142
37.480,166.386,0.019,5,5064.970,2126.886
37.490,166.390,0.019,5,5065.099,2127.630
37.500,166.394,0.019,5,5065.228,2128.374
37.510,166.399,0.019,5,5065.357,2129.118
37.520,166.403,0.019,5,5065.487,2129.862
37.530,166.407,0.019,5,5065.616,2130.605
37.540,166.411,0.019,5,5065.745,2131.349
37.550,166.416,0.019,5,5065.874,2132.093
37.560,166.420,0.019,5,5066.003,2132.837
37.570,166.424,0.019,5,5066.131,2133.581
37.580,166.428,0.019,5,5066.260,2134.325
37.590,166.433,0.019,5,5066.389,2135.069
37.600,166.437,0.019,5,5066.518,2135.813
37.610,166.441,0.019,5,5066.646,2136.557
37.620,166.445,0.019,5,5066.775,2137.301
37.630,166.449,0.019,5,5066.903,2138.046
37.640,166.454,0.019,5,5067.032,2138.790
37.650,166.458,0.019,5,5067.160,2139.534
37.660,166.462,0.019,5,5067.288,2140.278
37.670,166.466,0.019,5,5067.417,2141.022
37.680,166.470,0.019,5,5067.545,2141.766
37.690,166.475,0.019,5,5067.673,2142.510
37.700,166.479,0.019,5,5067.801,2143.255
37.710,166.483,0.019,5,5067.929,2143.999
37.720,166.487,0.019,5,5068.057,2144.743
37.730,166.492,0.019,5,5068.185,2145.487
37.740,166.496,0.019,5,5068.313,2146.232
37.750,166.500,0.019,5,5068.440,2146.976
37.760,166.504,0.019,5,5068.568,2147.720
37.770,166.508,0.019,5,5068.696,2148.465
37.780,166.512,0.019,5,5068.823,2149.209
37.790,166.517,0.019,5,5068.951,2149.954
37.800,166.521,0.019,5,5069.078,2150.698
37.810,166.525,0.019,5,5069.206,2151.442
37.820,166.529,0.019,5,5069.333,2152.187
37.830,166.533,0.019,5,5069.460,2152.931
37.840,166.538,0.019,5,5069.588,2153.676
37.850,166.542,0.019,5,5069.715,2154.420
37.860,166.546,0.019,5,5069.842,2155.165
37.870,166.550,0.019,5,5069.969,2155.909
37.880,166.554,0.019,5,5070.096,2156.654
37.890,166.558,0.019,5,5070.223,2157.399
37.900,166.563,0.019,5,5070.350,2158.143
37.910,166.567,0.019,5,5070.477,2158.888
37.920,166.571,0.019,5,5070.603,2159.632
37.930,166.575,0.019,5,5070.730,2160.377
37.940,166.579,0.019,5,5070.857,2161.122
37.950,166.583,0.019,5,5070.983,2161.866
37.960,166.588,0.019,5,5071.110,2162.611
37.970,166.592,0.019,5,5071.236,2163.356
37.980,166.596,0.019,5,5071.363,2164.101
37.990,166.600,0.019,5,5071.489,2164.845
38.000,166.604,0.019,5,5071.615,2165.590
38.010,166.608,0.019,5,5071.741,2166.335
38.020,166.613,0.019,5,5071.868,2167.080
38.030,166.617,0.019,5,5071.994,2167.825
38.040,166.621,0.019,5,5072.120,2168.570
38.050,166.625,0.019,5,5072.246,2169.314
38.060,166.629,0.019,5,5072.372,2170.059
38.070,166.633,0.019,5,5072.498,2170.804
38.080,166.637,0.019,5,5072.623,2171.549
38.090,166.641,0.019,5,5072.749,2172.294
38.100,166.646,0.019,5,5072.875,2173.039
38.110,166.650,0.019,5,5073.000,2173.784
38.120,166.654,0.019,5,5073.126,2174.529
38.130,166.658,0.019,5,5073.252,2175.274
38.140,166.662,0.019,5,5073.377,2176.019
38.150,166.666,0.019,5,5073.502,2176.764
38.160,166.670,0.019,5,5073.628,2177.509
38.170,166.674,0.019,5,5073.753,2178.254
38.180,166.679,0.019,5,5073.878,2178.999
38.190,166.683,0.019,5,5074.003,2179.745
38.200,166.687,0.019,5,5074.129,2180.490
38.210,166.691,0.019,5,5074.254,2181.235
38.220,166.695,0.019,5,5074.379,2181.980
38.230,166.699,0.019,5,5074.504,2182.725
38.240,166.703,0.019,5,5074.628,2183.471
38.250,166.707,0.019,5,5074.753,2184.216
38.260,166.711,0.019,5,5074.878,2184.961
38.270,166.715,0.019,5,5075.003,2185.706
38.280,166.720,0.019,5,5075.127,2186.452
38.290,166.724,0.019,5,5075.252,2187.197
38.300,166.728,0.019,5,5075.376,2187.942
38.310,166.732,0.019,5,5075.501,2188.688
38.320,166.736,0.019,5,5075.625,2189.433
38.330,166.740,0.019,5,5075.750,2190.178
38.340,166.744,0.019,5,5075.874,2190.924
38.350,166.748,0.019,5,5075.998,2191.669
38.360,166.752,0.019,5,5076.122,2192.415
38.370,166.756,0.019,5,5076.247,2193.160
38.380,166.760,0.019,5,5076.371,2193.906
38.390,166.765,0.019,5,5076.495,2194.651
38.400,166.769,0.019,5,5076.619,2195.397
38.410,166.773,0.019,5,5076.742,2196.142
38.420,166.777,0.019,5,5076.866,2196.888
38.430,166.781,0.019,5,5076.990,2197.633
38.440,166.785,0.019,5,5077.114,2198.379
38.450,166.789,0.019,5,5077.237,2199.125
38.460,166.793,0.018,5,5077.361,2199.870
38.470,166.797,0.018,5,5077.485,2200.616
38.480,166.801,0.018,5,5077.608,2201.362
38.490,166.805,0.018,5,5077.731,2202.107
38.500,166.809,0.018,5,5077.855,2202.853
38.510,166.813,0.018,5,5077.978,2203.599
38.520,166.817,0.018,5,5078.101,2204.344
38.530,166.821,0.018,5,5078.225,2205.090
38.540,166.825,0.018,5,5078.348,2205.836
38.550,166.829,0.018,5,5078.471,2206.582
38.560,166.833,0.018,5,5078.594,2207.328
38.570,166.838,0.018,5,5078.717,2208.073
38.580,166.842,0.018,5,5078.840,2208.819
38.590,166.846,0.018,5,5078.963,2209.565
38.600,166.850,0.018,5,5079.085,2210.311
38.610,166.854,0.018,5,5079.208,2211.057
38.620,166.858,0.018,5,5079.331,2211.803
38.630,166.862,0.018,5,5079.453,2212.549
38.640,166.866,0.018,5,5079.576,2213.295
38.650,166.870,0.018,5,5079.698,2214.041
38.660,166.874,0.018,5,5079.821,2214.787
38.670,166.878,0.018,5,5079.943,2215.533
38.680,166.882,0.018,5,5080.066,2216.279
38.690,166.886,0.018,5,5080.188,2217.025
38.700,166.890,0.018,5,5080.310,2217.771
38.710,166.894,0.018,5,5080.432,2218.517
38.720,166.898,0.018,5,5080.554,2219.263
38.730,166.902,0.018,5,5080.676,2220.009
38.740,166.906,0.018,5,5080.798,2220.755
38.750,166.910,0.018,5,5080.920,2221.501
38.760,166.914,0.018,5,5081.042,2222.248
38.770,166.918,0.018,5,5081.164,2222.994
38.780,166.922,0.018,5,5081.286,2223.740
38.790,166.926,0.018,5,5081.407,2224.486
38.800,166.930,0.018,5,5081.529,2225.232
38.810,166.934,0.018,5,5081.651,2225.979
38.820,166.938,0.018,5,5081.772,2226.725
38.830,166.942,0.018,5,5081.894,2227.471
38.840,166.946,0.018,5,5082.015,2228.218
38.850,166.950,0.018,5,5082.136,2228.964
38.860,166.954,0.018,5,5082.258,2229.710
38.870,166.958,0.018,5,5082.379,2230.457
38.880,166.962,0.018,5,5082.500,2231.203
38.890,166.966,0.018,5,5082.621,2231.949
38.900,166.970,0.018,5,5082.742,2232.696
38.910,166.974,0.018,5,5082.863,2233.442
38.920,166.978,0.018,5,5082.984,2234.189
38.930,166.982,0.018,5,5083.105,2234.935
38.940,166.986,0.018,5,5083.226,2235.682
38.950,166.990,0.018,5,5083.347,2236.428
38.960,166.994,0.018,5,5083.468,2237.175
38.970,166.998,0.018,5,5083.588,2237.921
38.980,167.001,0.018,5,5083.709,2238.668
38.990,167.005,0.018,5,5083.830,2239.414
39.000,167.009,0.018,5,5083.950,2240.161
39.010,167.013,0.018,5,5084.071,2240.908
39.020,167.017,0.018,5,5084.191,2241.654
39.030,167.021,0.018,5,5084.311,2242.401
39.040,167.025,0.018,5,5084.432,2243.148
39.050,167.029,0.018,5,5084.552,2243.894
39.060,167.033,0.018,5,5084.672,2244.641
39.070,167.037,0.018,5,5084.792,2245.388
39.080,167.041,0.018,5,5084.912,2246.134
39.090,167.045,0.018,5,5085.032,2246.881
39.100,167.049,0.018,5,5085.152,2247.628
39.110,167.053,0.018,5,5085.272,2248.375
39.120,167.057,0.018,5,5085.392,2249.122
39.130,167.061,0.018,5,5085.512,2249.868
39.140,167.065,0.018,5,5085.631,2250.615
39.150,167.069,0.018,5,5085.751,2251.362
39.160,167.073,0.018,5,5085.871,2252.109
39.170,167.076,0.018,5,5085.990,2252.856
39.180,167.080,0.018,5,5086.110,2253.603
39.190,167.084,0.018,5,5086.229,2254.350
39.200,167.088,0.018,5,5086.349,2255.097
39.210,167.092,0.018,5,5086.468,2255.844
39.220,167.096,0.018,5,5086.587,2256.591
39.230,167.100,0.018,5,5086.706,2257.338
39.240,167.104,0.018,5,5086.826,2258.085
39.250,167.108,0.018,5,5086.945,2258.832
39.260,167.112,0.018,5,5087.064,2259.579
39.270,167.116,0.018,5,5087.183,2260.326
39.280,167.120,0.018,5,5087.302,2261.073
39.290,167.123,0.018,5,5087.421,2261.820
39.300,167.127,0.018,5,5087.539,2262.567
39.310,167.131,0.018,5,5087.658,2263.314
39.320,167.135,0.018,5,5087.777,2264.061
39.330,167.139,0.018,5,5087.896,2264.809
39.340,167.143,0.018,5,5088.014,2265.556
39.350,167.147,0.018,5,5088.133,2266.303
39.360,167.151,0.018,5,5088.251,2267.050
39.370,167.155,0.018,5,5088.370,2267.797
39.380,167.158,0.018,5,5088.488,2268.545
39.390,167.162,0.018,5,5088.606,2269.292
39.400,167.166,0.018,5,5088.725,2270.039
39.410,167.170,0.018,5,5088.843,2270.787
39.420,167.174,0.018,5,5088.961,2271.534
39.430,167.178,0.018,5,5089.079,2272.281
39.440,167.182,0.018,5,5089.197,2273.029
39.450,167.186,0.018,5,5089.315,2273.776
39.460,167.190,0.018,5,5089.433,2274.523
39.470,167.193,0.018,5,5089.551,2275.271
39.480,167.197,0.018,5,5089.669,2276.018
39.490,167.201,0.018,5,5089.787,2276.766
39.500,167.205,0.018,5,5089.904,2277.513
39.510,167.209,0.018,5,5090.022,2278.261
39.520,167.213,0.018,5,5090.140,2279.008
39.530,167.217,0.018,5,5090.257,2279.756
39.540,167.220,0.018,5,5090.375,2280.503
39.550,167.224,0.018,5,5090.492,2281.251
39.560,167.228,0.018,5,5090.610,2281.998
39.570,167.232,0.018,5,5090.727,2282.746
39.580,167.236,0.018,5,5090.844,2283.494
39.590,167.240,0.018,5,5090.962,2284.241
39.600,167.244,0.018,5,5091.079,2284.989
39.610,167.247,0.018,5,5091.196,2285.737
39.620,167.251,0.018,5,5091.313,2286.484
39.630,167.255,0.018,5,5091.430,2287.232
39.640,167.259,0.017,5,5091.547,2287.980
39.650,167.263,0.017,5,5091.664,2288.727
39.660,167.267,0.017,5,5091.781,2289.475
39.670,167.270,0.017,5,5091.897,2290.223
39.680,167.274,0.017,5,5092.014,2290.971
39.690,167.278,0.017,5,5092.131,2291.719
39.700,167.282,0.017,5,5092.247,2292.466
39.710,167.286,0.017,5,5092.364,2293.214
39.720,167.290,0.017,5,5092.480,2293.962
39.730,167.293,0.017,5,5092.597,2294.710
39.740,167.297,0.017,5,5092.713,2295.458
39.750,167.301,0.017,5,5092.830,2296.206
39.760,167.305,0.017,5,5092.946,2296.954
39.770,167.309,0.017,5,5093.062,2297.702
39.780,167.313,0.017,5,5093.178,2298.449
39.790,167.316,0.017,5,5093.295,2299.197
39.800,167.320,0.017,5,5093.411,2299.945
39.810,167.324,0.017,5,5093.527,2300.693
39.820,167.328,0.017,5,5093.643,2301.441
39.830,167.332,0.017,5,5093.759,2302.189
39.840,167.335,0.017,5,5093.874,2302.938
39.850,167.339,0.017,5,5093.990,2303.686
39.860,167.343,0.017,5,5094.106,2304.434
39.870,167.347,0.017,5,5094.222,2305.182
39.880,167.351,0.017,5,5094.337,2305.930
39.890,167.354,0.017,5,5094.453,2306.678
39.900,167.358,0.017,5,5094.568,2307.426
39.910,167.362,0.017,5,5094.684,2308.174
39.920,167.366,0.017,5,5094.799,2308.923
39.930,167.370,0.017,5,5094.915,2309.671
39.940,167.373,0.017,5,5095.030,2310.419
39.950,167.377,0.017,5,5095.145,2311.167
39.960,167.381,0.017,5,5095.261,2311.916
39.970,167.385,0.017,5,5095.376,2312.664
39.980,167.389,0.017,5,5095.491,2313.412
39.990,167.392,0.017,5,5095.606,2314.160
40.000,167.396,0.017,5,5095.721,2314.909
40.010,167.400,0.017,5,5095.836,2315.657
40.020,167.404,0.017,5,5095.951,2316.405
40.030,167.407,0.017,5,5096.066,2317.154
40.040,167.411,0.017,5,5096.180,2317.902
40.050,167.415,0.017,5,5096.295,2318.651
40.060,167.419,0.017,5,5096.410,2319.399
40.070,167.422,0.017,5,5096.524,2320.147
40.080,167.426,0.017,5,5096.639,2320.896
40.090,167.430,0.017,5,5096.753,2321.644
40.100,167.434,0.017,5,5096.868,2322.393
40.110,167.438,0.017,5,5096.982,2323.141
40.120,167.441,0.017,5,5097.097,2323.890
40.130,167.445,0.017,5,5097.211,2324.639
40.140,167.449,0.017,5,5097.325,2325.387
40.150,167.453,0.017,5,5097.439,2326.136
40.160,167.456,0.017,5,5097.553,2326.884
40.170,167.460,0.017,5,5097.668,2327.633
40.180,167.464,0.017,5,5097.782,2328.381
40.190,167.468,0.017,5,5097.896,2329.130
40.200,167.471,0.017,5,5098.009,2329.879
40.210,167.475,0.017,5,5098.123,2330.627
40.220,167.479,0.017,5,5098.237,2331.376
40.230,167.482,0.017,5,5098.351,2332.125
40.240,167.486,0.017,5,5098.465,2332.874
40.250,167.490,0.017,5,5098.578,2333.622
40.260,167.494,0.017,5,5098.692,2334.371
40.270,167.497,0.017,5,5098.805,2335.120
40.280,167.501,0.017,5,5098.919,2335.869
40.290,167.505,0.017,5,5099.032,2336.617
40.300,167.509,0.017,5,5099.146,2337.366
40.310,167.512,0.017,5,5099.259,2338.115
40.320,167.516,0.017,5,5099.372,2338.864
40.330,167.520,0.017,5,5099.486,2339.613
40.340,167.523,0.017,5,5099.599,2340.362
40.350,167.527,0.017,5,5099.712,2341.111
40.360,167.531,0.017,5,5099.825,2341.860
40.370,167.535,0.017,5,5099.938,2342.609
40.380,167.538,0.017,5,5100.051,2343.358
40.390,167.542,0.017,5,5100.164,2344.107
40.400,167.546,0.017,5,5100.277,2344.856
40.410,167.549,0.017,5,5100.390,2345.605
40.420,167.553,0.017,5,5100.502,2346.354
40.430,167.557,0.017,5,5100.615,2347.103
40.440,167.561,0.017,5,5100.728,2347.852
40.450,167.564,0.017,5,5100.840,2348.601
40.460,167.568,0.017,5,5100.953,2349.350
40.470,167.572,0.017,5,5101.065,2350.099
40.480,167.575,0.017,5,5101.178,2350.848
40.490,167.579,0.017,5,5101.290,2351.597
40.500,167.583,0.017,5,5101.402,2352.346
40.510,167.586,0.017,5,5101.515,2353.096
40.520,167.590,0.017,5,5101.627,2353.845
40.530,167.594,0.017,5,5101.739,2354.594
40.540,167.597,0.017,5,5101.851,2355.343
40.550,167.601,0.017,5,5101.963,2356.092
40.560,167.605,0.017,5,5102.075,2356.842
40.570,167.609,0.017,5,5102.187,2357.591
40.580,167.612,0.017,5,5102.299,2358.340
40.590,167.616,0.017,5,5102.411,2359.090
40.600,167.620,0.017,5,5102.523,2359.839
40.610,167.623,0.017,5,5102.634,2360.588
40.620,167.627,0.017,5,5102.746,2361.338
40.630,167.631,0.017,5,5102.858,2362.087
40.640,167.634,0.017,5,5102.969,2362.836
40.650,167.638,0.017,5,5103.081,2363.586
40.660,167.642,0.017,5,5103.192,2364.335
40.670,167.645,0.017,5,5103.304,2365.085
40.680,167.649,0.017,5,5103.415,2365.834
40.690,167.653,0.017,5,5103.527,2366.584
40.700,167.656,0.017,5,5103.638,2367.333
40.710,167.660,0.017,5,5103.749,2368.083
40.720,167.663,0.017,5,5103.860,2368.832
40.730,167.667,0.017,5,5103.971,2369.582
40.740,167.671,0.017,5,5104.082,2370.331
40.750,167.674,0.017,5,5104.193,2371.081
40.760,167.678,0.017,5,5104.304,2371.830
40.770,167.682,0.017,5,5104.415,2372.580
40.780,167.685,0.017,5,5104.526,2373.330
40.790,167.689,0.017,5,5104.637,2374.079
40.800,167.693,0.017,5,5104.748,2374.829
40.810,167.696,0.017,5,5104.858,2375.579
40.820,167.700,0.017,5,5104.969,2376.328
40.830,167.704,0.017,5,5105.080,2377.078
40.840,167.707,0.017,5,5105.190,2377.828
40.850,167.711,0.017,5,5105.301,2378.577
40.860,167.714,0.017,5,5105.411,2379.327
40.870,167.718,0.017,5,5105.522,2380.077
40.880,167.722,0.017,5,5105.632,2380.827
40.890,167.725,0.017,5,5105.742,2381.576
40.900,167.729,0.016,5,5105.852,2382.326
40.910,167.733,0.016,5,5105.963,2383.076
40.920,167.736,0.016,5,5106.073,2383.826
40.930,167.740,0.016,5,5106.183,2384.576
40.940,167.743,0.016,5,5106.293,2385.326
40.950,167.747,0.016,5,5106.403,2386.076
40.960,167.751,0.016,5,5106.513,2386.825
40.970,167.754,0.016,5,5106.623,2387.575
40.980,167.758,0.016,5,5106.732,2388.325
40.990,167.761,0.016,5,5106.842,2389.075
41.000,167.765,0.016,5,5106.952,2389.825
41.010,167.769,0.016,5,5107.062,2390.575
41.020,167.772,0.016,5,5107.171,2391.325
41.030,167.776,0.016,5,5107.281,2392.075
41.040,167.779,0.016,5,5107.390,2392.825
41.050,167.783,0.016,5,5107.500,2393.575
41.060,167.787,0.016,5,5107.609,2394.325
41.070,167.790,0.016,5,5107.719,2395.076
41.080,167.794,0.016,5,5107.828,2395.826
41.090,167.797,0.016,5,5107.937,2396.576
41.100,167.801,0.016,5,5108.046,2397.326
41.110,167.805,0.016,5,5108.155,2398.076
41.120,167.808,0.016,5,5108.265,2398.826
41.130,167.812,0.016,5,5108.374,2399.576
41.140,167.815,0.016,5,5108.483,2400.327
41.150,167.819,0.016,5,5108.592,2401.077
41.160,167.822,0.016,5,5108.700,2401.827
41.170,167.826,0.016,5,5108.809,2402.577
41.180,167.830,0.016,5,5108.918,2403.328
41.190,167.833,0.016,5,5109.027,2404.078
41.200,167.837,0.016,5,5109.136,2404.828
41.210,167.840,0.016,5,5109.244,2405.578
41.220,167.844,0.016,5,5109.353,2406.329
41.230,167.847,0.016,5,5109.461,2407.079
41.240,167.851,0.016,5,5109.570,2407.830
41.250,167.855,0.016,5,5109.678,2408.580
41.260,167.858,0.016,5,5109.787,2409.330
41.270,167.862,0.016,5,5109.895,2410.081
41.280,167.865,0.016,5,5110.003,2410.831
41.290,167.869,0.016,5,5110.111,2411.582
41.300,167.872,0.016,5,5110.220,2412.332
41.310,167.876,0.016,5,5110.328,2413.082
41.320,167.879,0.016,5,5110.436,2413.833
41.330,167.883,0.016,5,5110.544,2414.583
41.340,167.887,0.016,5,5110.652,2415.334
41.350,167.890,0.016,5,5110.760,2416.085
41.360,167.894,0.016,5,5110.868,2416.835
41.370,167.897,0.016,5,5110.975,2417.586
41.380,167.901,0.016,5,5111.083,2418.336
41.390,167.904,0.016,5,5111.191,2419.087
41.400,167.908,0.016,5,5111.299,2419.837
41.410,167.911,0.016,5,5111.406,2420.588
41.420,167.915,0.016,5,5111.514,2421.339
41.430,167.918,0.016,5,5111.621,2422.089
41.440,167.922,0.016,5,5111.729,2422.840
41.450,167.925,0.016,5,5111.836,2423.591
41.460,167.929,0.016,5,5111.944,2424.341
41.470,167.933,0.016,5,5112.051,2425.092
41.480,167.936,0.016,5,5112.158,2425.843
41.490,167.940,0.016,5,5112.265,2426.594
41.500,167.943,0.016,5,5112.373,2427.344
41.510,167.947,0.016,5,5112.480,2428.095
41.520,167.950,0.016,5,5112.587,2428.846
41.530,167.954,0.016,5,5112.694,2429.597
41.540,167.957,0.016,5,5112.801,2430.348
41.550,167.961,0.016,5,5112.908,2431.099
41.560,167.964,0.016,5,5113.015,2431.849
41.570,167.968,0.016,5,5113.121,2432.600
41.580,167.971,0.016,5,5113.228,2433.351
41.590,167.975,0.016,5,5113.335,2434.102
41.600,167.978,0.016,5,5113.441,2434.853
41.610,167.982,0.016,5,5113.548,2435.604
41.620,167.985,0.016,5,5113.655,2436.355
41.630,167.989,0.016,5,5113.761,2437.106
41.640,167.992,0.016,5,5113.868,2437.857
41.650,167.996,0.016,5,5113.974,2438.608
41.660,167.999,0.016,5,5114.080,2439.359
41.670,168.003,0.016,5,5114.187,2440.110
41.680,168.006,0.016,5,5114.293,2440.861
41.690,168.010,0.016,5,5114.399,2441.612
41.700,168.013,0.016,5,5114.505,2442.363
41.710,168.017,0.016,5,5114.611,2443.114
41.720,168.020,0.016,5,5114.718,2443.865
41.730,168.024,0.016,5,5114.824,2444.617
41.740,168.027,0.016,5,5114.929,2445.368
41.750,168.031,0.016,5,5115.035,2446.119
41.760,168.034,0.016,5,5115.141,2446.870
41.770,168.038,0.016,5,5115.247,2447.621
41.780,168.041,0.016,5,5115.353,2448.372
41.790,168.044,0.016,5,5115.459,2449.124
41.800,168.048,0.016,5,5115.564,2449.875
41.810,168.051,0.016,5,5115.670,2450.626
41.820,168.055,0.016,5,5115.775,2451.377
41.830,168.058,0.016,5,5115.881,2452.129
41.840,168.062,0.016,5,5115.986,2452.880
41.850,168.065,0.016,5,5116.092,2453.631
41.860,168.069,0.016,5,5116.197,2454.383
41.870,168.072,0.016,5,5116.302,2455.134
41.880,168.076,0.016,5,5116.408,2455.885
41.890,168.079,0.016,5,5116.513,2456.637
41.900,168.083,0.016,5,5116.618,2457.388
41.910,168.086,0.016,5,5116.723,2458.140
41.920,168.089,0.016,5,5116.828,2458.891
41.930,168.093,0.016,5,5116.933,2459.642
41.940,168.096,0.016,5,5117.038,2460.394
41.950,168.100,0.016,5,5117.143,2461.145
41.960,168.103,0.016,5,5117.248,2461.897
41.970,168.107,0.016,5,5117.353,2462.648
41.980,168.110,0.016,5,5117.458,2463.400
41.990,168.114,0.016,5,5117.562,2464.151
42.000,168.117,0.016,5,5117.667,2464.903
42.010,168.120,0.016,5,5117.772,2465.654
42.020,168.124,0.016,5,5117.876,2466.406
42.030,168.127,0.016,5,5117.981,2467.158
42.040,168.131,0.016,5,5118.085,2467.909
42.050,168.134,0.016,5,5118.190,2468.661
42.060,168.138,0.016,5,5118.294,2469.413
42.070,168.141,0.016,5,5118.398,2470.164
42.080,168.144,0.016,5,5118.503,2470.916
42.090,168.148,0.016,5,5118.607,2471.668
42.100,168.151,0.016,5,5118.711,2472.419
42.110,168.155,0.016,5,5118.815,2473.171
42.120,168.158,0.016,5,5118.919,2473.923
42.130,168.162,0.016,5,5119.023,2474.674
42.140,168.165,0.016,5,5119.127,2475.426
42.150,168.168,0.016,5,5119.231,2476.178
42.160,168.172,0.016,5,5119.335,2476.930
42.170,168.175,0.016,5,5119.439,2477.682
42.180,168.179,0.016,5,5119.543,2478.433
42.190,168.182,0.016,5,5119.646,2479.185
42.200,168.185,0.016,5,5119.750,2479.937
42.210,168.189,0.016,5,5119.854,2480.689
42.220,168.192,0.016,5,5119.957,2481.441
42.230,168.196,0.015,5,5120.061,2482.193
42.240,168.199,0.015,5,5120.164,2482.945
42.250,168.202,0.015,5,5120.268,2483.697
42.260,168.206,0.015,5,5120.371,2484.449
42.270,168.209,0.015,5,5120.475,2485.201
42.280,168.213,0.015,5,5120.578,2485.953
42.290,168.216,0.015,5,5120.681,2486.705
42.300,168.219,0.015,5,5120.784,2487.457
42.310,168.223,0.015,5,5120.888,2488.209
42.320,168.226,0.015,5,5120.991,2488.961
42.330,168.230,0.015,5,5121.094,2489.713
42.340,168.233,0.015,5,5121.197,2490.465
42.350,168.236,0.015,5,5121.300,2491.217
42.360,168.240,0.015,5,5121.403,2491.969
42.370,168.243,0.015,5,5121.505,2492.721
42.380,168.247,0.015,5,5121.608,2493.473
42.390,168.250,0.015,5,5121.711,2494.225
42.400,168.253,0.015,5,5121.814,2494.977
42.410,168.257,0.015,5,5121.916,2495.730
42.420,168.260,0.015,5,5122.019,2496.482
42.430,168.263,0.015,5,5122.122,2497.234
42.440,168.267,0.015,5,5122.224,2497.986
42.450,168.270,0.015,5,5122.327,2498.738
42.460,168.273,0.015,5,5122.429,2499.491
42.470,168.277,0.015,5,5122.531,2500.243
42.480,168.280,0.015,5,5122.634,2500.995
42.490,168.284,0.015,5,5122.736,2501.748
42.500,168.287,0.015,5,5122.838,2502.500
42.510,168.290,0.015,5,5122.940,2503.252
42.520,168.294,0.015,5,5123.043,2504.004
42.530,168.297,0.015,5,5123.145,2504.757
42.540,168.300,0.015,5,5123.247,2505.509
42.550,168.304,0.015,5,5123.349,2506.262
42.560,168.307,0.015,5,5123.451,2507.014
42.570,168.310,0.015,5,5123.553,2507.766
42.580,168.314,0.015,5,5123.654,2508.519
42.590,168.317,0.015,5,5123.756,2509.271
42.600,168.320,0.015,5,5123.858,2510.024
42.610,168.324,0.015,5,5123.960,2510.776
42.620,168.327,0.015,5,5124.061,2511.529
42.630,168.330,0.015,5,5124.163,2512.281
42.640,168.334,0.015,5,5124.264,2513.034
42.650,168.337,0.015,5,5124.366,2513.786
42.660,168.340,0.015,5,5124.467,2514.539
42.670,168.344,0.015,5,5124.569,2515.291
42.680,168.347,0.015,5,5124.670,2516.044
42.690,168.350,0.015,5,5124.772,2516.797
42.700,168.354,0.015,5,5124.873,2517.549
42.710,168.357,0.015,5,5124.974,2518.302
42.720,168.360,0.015,5,5125.075,2519.054
42.730,168.364,0.015,5,5125.176,2519.807
42.740,168.367,0.015,5,5125.277,2520.560
42.750,168.370,0.015,5,5125.378,2521.312
42.760,168.374,0.015,5,5125.479,2522.065
42.770,168.377,0.015,5,5125.580,2522.818
42.780,168.380,0.015,5,5125.681,2523.571
42.790,168.384,0.015,5,5125.782,2524.323
42.800,168.387,0.015,5,5125.883,2525.076
42.810,168.390,0.015,5,5125.984,2525.829
42.820,168.394,0.015,5,5126.084,2526.582
42.830,168.397,0.015,5,5126.185,2527.334
42.840,168.400,0.015,5,5126.286,2528.087
42.850,168.403,0.015,5,5126.386,2528.840
42.860,168.407,0.015,5,5126.487,2529.593
42.870,168.410,0.015,5,5126.587,2530.346
42.880,168.413,0.015,5,5126.688,2531.099
42.890,168.417,0.015,5,5126.788,2531.851
42.900,168.420,0.015,5,5126.888,2532.604
42.910,168.423,0.015,5,5126.989,2533.357
42.920,168.427,0.015,5,5127.089,2534.110
42.930,168.430,0.015,5,5127.189,2534.863
42.940,168.433,0.015,5,5127.289,2535.616
42.950,168.436,0.015,5,5127.389,2536.369
42.960,168.440,0.015,5,5127.489,2537.122
42.970,168.443,0.015,5,5127.589,2537.875
42.980,168.446,0.015,5,5127.689,2538.628
42.990,168.450,0.015,5,5127.789,2539.381
43.000,168.453,0.015,5,5127.889,2540.134
43.010,168.456,0.015,5,5127.989,2540.887
43.020,168.459,0.015,5,5128.088,2541.640
43.030,168.463,0.015,5,5128.188,2542.393
43.040,168.466,0.015,5,5128.288,2543.147
43.050,168.469,0.015,5,5128.387,2543.900
43.060,168.472,0.015,5,5128.487,2544.653
43.070,168.476,0.015,5,5128.587,2545.406
43.080,168.479,0.015,5,5128.686,2546.159
43.090,168.482,0.015,5,5128.785,2546.912
43.100,168.486,0.015,5,5128.885,2547.666
43.110,168.489,0.015,5,5128.984,2548.419
43.120,168.492,0.015,5,5129.083,2549.172
43.130,168.495,0.015,5,5129.183,2549.925
43.140,168.499,0.015,5,5129.282,2550.678
43.150,168.502,0.015,5,5129.381,2551.432
43.160,168.505,0.015,5,5129.480,2552.185
43.170,168.508,0.015,5,5129.579,2552.938
43.180,168.512,0.015,5,5129.678,2553.692
43.190,168.515,0.015,5,5129.777,2554.445
43.200,168.518,0.015,5,5129.876,2555.198
43.210,168.521,0.015,5,5129.975,2555.952
43.220,168.525,0.015,5,5130.074,2556.705
43.230,168.528,0.015,5,5130.172,2557.458
43.240,168.531,0.015,5,5130.271,2558.212
43.250,168.534,0.015,5,5130.370,2558.965
43.260,168.538,0.015,5,5130.468,2559.719
43.270,168.541,0.015,5,5130.567,2560.472
43.280,168.544,0.015,5,5130.666,2561.226
43.290,168.547,0.015,5,5130.764,2561.979
43.300,168.551,0.015,5,5130.863,2562.733
43.310,168.554,0.015,5,5130.961,2563.486
43.320,168.557,0.015,5,5131.059,2564.240
43.330,168.560,0.015,5,5131.158,2564.993
43.340,168.563,0.015,5,5131.256,2565.747
43.350,168.567,0.015,5,5131.354,2566.500
43.360,168.570,0.015,5,5131.452,2567.254
43.370,168.573,0.015,5,5131.550,2568.007
43.380,168.576,0.015,5,5131.648,2568.761
43.390,168.580,0.015,5,5131.746,2569.515
43.400,168.583,0.015,5,5131.844,2570.268
43.410,168.586,0.015,5,5131.942,2571.022
43.420,168.589,0.015,5,5132.040,2571.775
43.430,168.592,0.015,5,5132.138,2572.529
43.440,168.596,0.015,5,5132.236,2573.283
43.450,168.599,0.015,5,5132.334,2574.037
43.460,168.602,0.015,5,5132.431,2574.790
43.470,168.605,0.015,5,5132.529,2575.544
43.480,168.608,0.015,5,5132.627,2576.298
43.490,168.612,0.015,5,5132.724,2577.052
43.500,168.615,0.015,5,5132.822,2577.805
43.510,168.618,0.015,5,5132.919,2578.559
43.520,168.621,0.015,5,5133.017,2579.313
43.530,168.624,0.015,5,5133.114,2580.067
43.540,168.628,0.015,5,5133.211,2580.821
43.550,168.631,0.015,5,5133.309,2581.574
43.560,168.634,0.015,5,5133.406,2582.328
43.570,168.637,0.015,5,5133.503,2583.082
43.580,168.640,0.015,5,5133.600,2583.836
43.590,168.644,0.015,5,5133.697,2584.590
43.600,168.647,0.015,5,5133.794,2585.344
43.610,168.650,0.015,5,5133.891,2586.098
43.620,168.653,0.015,5,5133.988,2586.852
43.630,168.656,0.015,5,5134.085,2587.606
43.640,168.660,0.014,5,5134.182,2588.360
43.650,168.663,0.014,5,5134.279,2589.114
43.660,168.666,0.014,5,5134.376,2589.868
43.670,168.669,0.014,5,5134.472,2590.622
43.680,168.672,0.014,5,5134.569,2591.376
43.690,168.675,0.014,5,5134.666,2592.130
43.700,168.679,0.014,5,5134.762,2592.884
43.710,168.682,0.014,5,5134.859,2593.638
43.720,168.685,0.014,5,5134.955,2594.392
43.730,168.688,0.014,5,5135.052,2595.146
43.740,168.691,0.014,5,5135.148,2595.900
43.750,168.694,0.014,5,5135.245,2596.654
43.760,168.698,0.014,5,5135.341,2597.408
43.770,168.701,0.014,5,5135.437,2598.163
43.780,168.704,0.014,5,5135.534,2598.917
43.790,168.707,0.014,5,5135.630,2599.671
43.800,168.710,0.014,5,5135.726,2600.425
43.810,168.713,0.014,5,5135.822,2601.179
43.820,168.717,0.014,5,5135.918,2601.934
43.830,168.720,0.014,5,5136.014,2602.688
43.840,168.723,0.014,5,5136.110,2603.442
43.850,168.726,0.014,5,5136.206,2604.196
43.860,168.729,0.014,5,5136.302,2604.951
43.870,168.732,0.014,5,5136.398,2605.705
43.880,168.735,0.014,5,5136.493,2606.459
43.890,168.739,0.014,5,5136.589,2607.214
43.900,168.742,0.014,5,5136.685,2607.968
43.910,168.745,0.014,5,5136.780,2608.722
43.920,168.748,0.014,5,5136.876,2609.477
43.930,168.751,0.014,5,5136.972,2610.231
43.940,168.754,0.014,5,5137.067,2610.985
43.950,168.757,0.014,5,5137.163,2611.740
43.960,168.761,0.014,5,5137.258,2612.494
43.970,168.764,0.014,5,5137.353,2613.249
43.980,168.767,0.014,5,5137.449,2614.003
43.990,168.770,0.014,5,5137.544,2614.758
44.000,168.773,0.014,5,5137.639,2615.512
44.010,168.776,0.014,5,5137.734,2616.267
44.020,168.779,0.014,5,5137.830,2617.021
44.030,168.782,0.014,5,5137.925,2617.776
44.040,168.786,0.014,5,5138.020,2618.530
44.050,168.789,0.014,5,5138.115,2619.285
44.060,168.792,0.014,5,5138.210,2620.039
44.070,168.795,0.014,5,5138.305,2620.794
44.080,168.798,0.014,5,5138.400,2621.548
44.090,168.801,0.014,5,5138.494,2622.303
44.100,168.804,0.014,5,5138.589,2623.058
44.110,168.807,0.014,5,5138.684,2623.812
44.120,168.811,0.014,5,5138.779,2624.567
44.130,168.814,0.014,5,5138.873,2625.322
44.140,168.817,0.014,5,5138.968,2626.076
44.150,168.820,0.014,5,5139.062,2626.831
44.160,168.823,0.014,5,5139.157,2627.586
44.170,168.826,0.014,5,5139.251,2628.340
44.180,168.829,0.014,5,5139.346,2629.095
44.190,168.832,0.014,5,5139.440,2629.850
44.200,168.835,0.014,5,5139.535,2630.605
44.210,168.838,0.014,5,5139.629,2631.359
44.220,168.842,0.014,5,5139.723,2632.114
44.230,168.845,0.014,5,5139.817,2632.869
44.240,168.848,0.014,5,5139.911,2633.624
44.250,168.851,0.014,5,5140.006,2634.379
44.260,168.854,0.014,5,5140.100,2635.134
44.270,168.857,0.014,5,5140.194,2635.888
44.280,168.860,0.014,5,5140.288,2636.643
44.290,168.863,0.014,5,5140.382,2637.398
44.300,168.866,0.014,5,5140.476,2638.153
44.310,168.869,0.014,5,5140.569,2638.908
44.320,168.872,0.014,5,5140.663,2639.663
44.330,168.876,0.014,5,5140.757,2640.418
44.340,168.879,0.014,5,5140.851,2641.173
44.350,168.882,0.014,5,5140.944,2641.928
44.360,168.885,0.014,5,5141.038,2642.683
44.370,168.888,0.014,5,5141.132,2643.438
44.380,168.891,0.014,5,5141.225,2644.193
44.390,168.894,0.014,5,5141.319,2644.948
44.400,168.897,0.014,5,5141.412,2645.703
44.410,168.900,0.014,5,5141.505,2646.458
44.420,168.903,0.014,5,5141.599,2647.213
44.430,168.906,0.014,5,5141.692,2647.968
44.440,168.909,0.014,5,5141.785,2648.723
44.450,168.912,0.014,5,5141.879,2649.478
44.460,168.915,0.014,5,5141.972,2650.233
44.470,168.919,0.014,5,5142.065,2650.988
44.480,168.922,0.014,5,5142.158,2651.744
44.490,168.925,0.014,5,5142.251,2652.499
44.500,168.928,0.014,5,5142.344,2653.254
44.510,168.931,0.014,5,5142.437,2654.009
44.520,168.934,0.014,5,5142.530,2654.764
44.530,168.937,0.014,5,5142.623,2655.520
44.540,168.940,0.014,5,5142.716,2656.275
44.550,168.943,0.014,5,5142.809,2657.030
44.560,168.946,0.014,5,5142.901,2657.785
44.570,168.949,0.014,5,5142.994,2658.541
44.580,168.952,0.014,5,5143.087,2659.296
44.590,168.955,0.014,5,5143.179,2660.051
44.600,168.958,0.014,5,5143.272,2660.806
44.610,168.961,0.014,5,5143.364,2661.562
44.620,168.964,0.014,5,5143.457,2662.317
44.630,168.967,0.014,5,5143.549,2663.072
44.640,168.970,0.014,5,5143.642,2663.828
44.650,168.973,0.014,5,5143.734,2664.583
44.660,168.976,0.014,5,5143.826,2665.339
44.670,168.979,0.014,5,5143.919,2666.094
44.680,168.982,0.014,5,5144.011,2666.849
44.690,168.985,0.014,5,5144.103,2667.605
44.700,168.988,0.014,5,5144.195,2668.360
44.710,168.992,0.014,5,5144.287,2669.116
44.720,168.995,0.014,5,5144.379,2669.871
44.730,168.998,0.014,5,5144.471,2670.627
44.740,169.001,0.014,5,5144.563,2671.382
44.750,169.004,0.014,5,5144.655,2672.138
44.760,169.007,0.014,5,5144.747,2672.893
44.770,169.010,0.014,5,5144.839,2673.649
44.780,169.013,0.014,5,5144.931,2674.404
44.790,169.016,0.014,5,5145.022,2675.160
44.800,169.019,0.014,5,5145.114,2675.915
44.810,169.022,0.014,5,5145.206,2676.671
44.820,169.025,0.014,5,5145.297,2677.427
44.830,169.028,0.014,5,5145.389,2678.182
44.840,169.031,0.014,5,5145.480,2678.938
44.850,169.034,0.014,5,5145.572,2679.694
44.860,169.037,0.014,5,5145.663,2680.449
44.870,169.040,0.014,5,5145.755,2681.205
44.880,169.043,0.014,5,5145.846,2681.961
44.890,169.046,0.014,5,5145.937,2682.716
44.900,169.049,0.014,5,5146.029,2683.472
44.910,169.052,0.014,5,5146.120,2684.228
44.920,169.055,0.014,5,5146.211,2684.983
44.930,169.058,0.014,5,5146.302,2685.739
44.940,169.061,0.014,5,5146.393,2686.495
44.950,169.064,0.014,5,5146.484,2687.251
44.960,169.067,0.014,5,5146.575,2688.007
44.970,169.070,0.014,5,5146.666,2688.762
44.980,169.073,0.014,5,5146.757,2689.518
44.990,169.076,0.014,5,5146.848,2690.274
45.000,169.079,0.014,5,5146.939,2691.030
45.010,169.082,0.014,5,5147.030,2691.786
45.020,169.085,0.014,5,5147.120,2692.542
45.030,169.088,0.014,5,5147.211,2693.297
45.040,169.091,0.014,5,5147.302,2694.053
45.050,169.094,0.014,5,5147.392,2694.809
45.060,169.096,0.014,5,5147.483,2695.565
45.070,169.099,0.014,5,5147.574,2696.321
45.080,169.102,0.014,5,5147.664,2697.077
45.090,169.105,0.014,5,5147.755,2697.833
45.100,169.108,0.014,5,5147.845,2698.589
45.110,169.111,0.014,5,5147.935,2699.345
45.120,169.114,0.014,5,5148.026,2700.101
45.130,169.117,0.014,5,5148.116,2700.857
45.140,169.120,0.014,5,5148.206,2701.613
45.150,169.123,0.013,5,5148.296,2702.369
45.160,169.126,0.013,5,5148.386,2703.125
45.170,169.129,0.013,5,5148.477,2703.881
45.180,169.132,0.013,5,5148.567,2704.637
45.190,169.135,0.013,5,5148.657,2705.393
45.200,169.138,0.013,5,5148.747,2706.150
45.210,169.141,0.013,5,5148.837,2706.906
45.220,169.144,0.013,5,5148.926,2707.662
45.230,169.147,0.013,5,5149.016,2708.418
45.240,169.150,0.013,5,5149.106,2709.174
45.250,169.153,0.013,5,5149.196,2709.930
45.260,169.156,0.013,5,5149.286,2710.687
45.270,169.159,0.013,5,5149.375,2711.443
45.280,169.162,0.013,5,5149.465,2712.199
45.290,169.165,0.013,5,5149.554,2712.955
45.300,169.167,0.013,5,5149.644,2713.711
45.310,169.170,0.013,5,5149.734,2714.468
45.320,169.173,0.013,5,5149.823,2715.224
45.330,169.176,0.013,5,5149.912,2715.980
45.340,169.179,0.013,5,5150.002,2716.737
45.350,169.182,0.013,5,5150.091,2717.493
45.360,169.185,0.013,5,5150.180,2718.249
45.370,169.188,0.013,5,5150.270,2719.006
45.380,169.191,0.013,5,5150.359,2719.762
45.390,169.194,0.013,5,5150.448,2720.518
45.400,169.197,0.013,5,5150.537,2721.275
45.410,169.200,0.013,5,5150.626,2722.031
45.420,169.203,0.013,5,5150.715,2722.787
45.430,169.206,0.013,5,5150.804,2723.544
45.440,169.209,0.013,5,5150.893,2724.300
45.450,169.211,0.013,5,5150.982,2725.057
45.460,169.214,0.013,5,5151.071,2725.813
45.470,169.217,0.013,5,5151.160,2726.570
45.480,169.220,0.013,5,5151.249,2727.326
45.490,169.223,0.013,5,5151.337,2728.083
45.500,169.226,0.013,5,5151.426,2728.839
45.510,169.229,0.013,5,5151.515,2729.596
45.520,169.232,0.013,5,5151.603,2730.352
45.530,169.235,0.013,5,5151.692,2731.109
45.540,169.238,0.013,5,5151.781,2731.865
45.550,169.241,0.013,5,5151.869,2732.622
45.560,169.243,0.013,5,5151.958,2733.378
45.570,169.246,0.013,5,5152.046,2734.135
45.580,169.249,0.013,5,5152.134,2734.892
45.590,169.252,0.013,5,5152.223,2735.648
45.600,169.255,0.013,5,5152.311,2736.405
45.610,169.258,0.013,5,5152.399,2737.162
45.620,169.261,0.013,5,5152.487,2737.918
45.630,169.264,0.013,5,5152.576,2738.675
45.640,169.267,0.013,5,5152.664,2739.432
45.650,169.270,0.013,5,5152.752,2740.188
45.660,169.272,0.013,5,5152.840,2740.945
45.670,169.275,0.013,5,5152.928,2741.702
45.680,169.278,0.013,5,5153.016,2742.458
45.690,169.281,0.013,5,5153.104,2743.215
45.700,169.284,0.013,5,5153.191,2743.972
45.710,169.287,0.013,5,5153.279,2744.729
45.720,169.290,0.013,5,5153.367,2745.486
45.730,169.293,0.013,5,5153.455,2746.242
45.740,169.296,0.013,5,5153.543,2746.999
45.750,169.298,0.013,5,5153.630,2747.756
45.760,169.301,0.013,5,5153.718,2748.513
45.770,169.304,0.013,5,5153.805,2749.270
45.780,169.307,0.013,5,5153.893,2750.027
45.790,169.310,0.013,5,5153.980,2750.783
45.800,169.313,0.013,5,5154.068,2751.540
45.810,169.316,0.013,5,5154.155,2752.297
45.820,169.319,0.013,5,5154.243,2753.054
45.830,169.321,0.013,5,5154.330,2753.811
45.840,169.324,0.013,5,5154.417,2754.568
45.850,169.327,0.013,5,5154.504,2755.325
45.860,169.330,0.013,5,5154.592,2756.082
45.870,169.333,0.013,5,5154.679,2756.839
45.880,169.336,0.013,5,5154.766,2757.596
45.890,169.339,0.013,5,5154.853,2758.353
45.900,169.341,0.013,5,5154.940,2759.110
45.910,169.344,0.013,5,5155.027,2759.867
45.920,169.347,0.013,5,5155.114,2760.624
45.930,169.350,0.013,5,5155.201,2761.381
45.940,169.353,0.013,5,5155.288,2762.138
45.950,169.356,0.013,5,5155.375,2762.895
45.960,169.359,0.013,5,5155.461,2763.652
45.970,169.361,0.013,5,5155.548,2764.410
45.980,169.364,0.013,5,5155.635,2765.167
45.990,169.367,0.013,5,5155.722,2765.924
46.000,169.370,0.013,5,5155.808,2766.681
46.010,169.373,0.013,5,5155.895,2767.438
46.020,169.376,0.013,5,5155.981,2768.195
46.030,169.379,0.013,5,5156.068,2768.952
46.040,169.381,0.013,5,5156.154,2769.710
46.050,169.384,0.013,5,5156.241,2770.467
46.060,169.387,0.013,5,5156.327,2771.224
46.070,169.390,0.013,5,5156.413,2771.981
46.080,169.393,0.013,5,5156.500,2772.739
46.090,169.396,0.013,5,5156.586,2773.496
46.100,169.398,0.013,5,5156.672,2774.253
46.110,169.401,0.013,5,5156.758,2775.010
46.120,169.404,0.013,5,5156.844,2775.768
46.130,169.407,0.013,5,5156.931,2776.525
46.140,169.410,0.013,5,5157.017,2777.282
46.150,169.413,0.013,5,5157.103,2778.040
46.160,169.415,0.013,5,5157.189,2778.797
46.170,169.418,0.013,5,5157.275,2779.554
46.180,169.421,0.013,5,5157.360,2780.312
46.190,169.424,0.013,5,5157.446,2781.069
46.200,169.427,0.013,5,5157.532,2781.827
46.210,169.429,0.013,5,5157.618,2782.584
46.220,169.432,0.013,5,5157.704,2783.341
46.230,169.435,0.013,5,5157.789,2784.099
46.240,169.438,0.013,5,5157.875,2784.856
46.250,169.441,0.013,5,5157.960,2785.614
46.260,169.443,0.013,5,5158.046,2786.371
46.270,169.446,0.013,5,5158.132,2787.129
46.280,169.449,0.013,5,5158.217,2787.886
46.290,169.452,0.013,5,5158.302,2788.644
46.300,169.455,0.013,5,5158.388,2789.401
46.310,169.458,0.013,5,5158.473,2790.159
46.320,169.460,0.013,5,5158.559,2790.916
46.330,169.463,0.013,5,5158.644,2791.674
46.340,169.466,0.013,5,5158.729,2792.432
46.350,169.469,0.013,5,5158.814,2793.189
46.360,169.472,0.013,5,5158.899,2793.947
46.370,169.474,0.013,5,5158.985,2794.704
46.380,169.477,0.013,5,5159.070,2795.462
46.390,169.480,0.013,5,5159.155,2796.220
46.400,169.483,0.013,5,5159.240,2796.977
46.410,169.485,0.013,5,5159.325,2797.735
46.420,169.488,0.013,5,5159.410,2798.493
46.430,169.491,0.013,5,5159.494,2799.250
46.440,169.494,0.013,5,5159.579,2800.008
46.450,169.497,0.013,5,5159.664,2800.766
46.460,169.499,0.013,5,5159.749,2801.523
46.470,169.502,0.013,5,5159.833,2802.281
46.480,169.505,0.013,5,5159.918,2803.039
46.490,169.508,0.013,5,5160.003,2803.797
46.500,169.511,0.013,5,5160.087,2804.555
46.510,169.513,0.013,5,5160.172,2805.312
46.520,169.516,0.013,5,5160.256,2806.070
46.530,169.519,0.013,5,5160.341,2806.828
46.540,169.522,0.013,5,5160.425,2807.586
46.550,169.524,0.013,5,5160.510,2808.344
46.560,169.527,0.013,5,5160.594,2809.101
46.570,169.530,0.013,5,5160.678,2809.859
46.580,169.533,0.013,5,5160.763,2810.617
46.590,169.536,0.013,5,5160.847,2811.375
46.600,169.538,0.013,5,5160.931,2812.133
46.610,169.541,0.013,5,5161.015,2812.891
46.620,169.544,0.013,5,5161.099,2813.649
46.630,169.547,0.013,5,5161.183,2814.407
46.640,169.549,0.013,5,5161.267,2815.165
46.650,169.552,0.013,5,5161.351,2815.923
46.660,169.555,0.013,5,5161.435,2816.681
46.670,169.558,0.013,5,5161.519,2817.439
46.680,169.560,0.013,5,5161.603,2818.197
46.690,169.563,0.013,5,5161.687,2818.955
46.700,169.566,0.013,5,5161.771,2819.713
46.710,169.569,0.013,5,5161.855,2820.471
46.720,169.571,0.013,5,5161.938,2821.229
46.730,169.574,0.013,5,5162.022,2821.987
46.740,169.577,0.013,5,5162.106,2822.745
46.750,169.580,0.013,5,5162.189,2823.503
46.760,169.582,0.013,5,5162.273,2824.261
46.770,169.585,0.012,5,5162.356,2825.019
46.780,169.588,0.012,5,5162.440,2825.777
46.790,169.591,0.012,5,5162.523,2826.535
46.800,169.593,0.012,5,5162.607,2827.294
46.810,169.596,0.012,5,5162.690,2828.052
46.820,169.599,0.012,5,5162.773,2828.810
46.830,169.602,0.012,5,5162.856,2829.568
46.840,169.604,0.012,5,5162.940,2830.326
46.850,169.607,0.012,5,5163.023,2831.085
46.860,169.610,0.012,5,5163.106,2831.843
46.870,169.612,0.012,5,5163.189,2832.601
46.880,169.615,0.012,5,5163.272,2833.359
46.890,169.618,0.012,5,5163.355,2834.118
46.900,169.621,0.012,5,5163.438,2834.876
46.910,169.623,0.012,5,5163.521,2835.634
46.920,169.626,0.012,5,5163.604,2836.392
46.930,169.629,0.012,5,5163.687,2837.151
46.940,169.632,0.012,5,5163.770,2837.909
46.950,169.634,0.012,5,5163.853,2838.667
46.960,169.637,0.012,5,5163.935,2839.426
46.970,169.640,0.012,5,5164.018,2840.184
46.980,169.642,0.012,5,5164.101,2840.942
46.990,169.645,0.012,5,5164.184,2841.701
47.000,169.648,0.012,5,5164.266,2842.459
47.010,169.651,0.012,5,5164.349,2843.218
47.020,169.653,0.012,5,5164.431,2843.976
47.030,169.656,0.012,5,5164.514,2844.734
47.040,169.659,0.012,5,5164.596,2845.493
47.050,169.661,0.012,5,5164.679,2846.251
47.060,169.664,0.012,5,5164.761,2847.010
47.070,169.667,0.012,5,5164.843,2847.768
47.080,169.669,0.012,5,5164.926,2848.527
47.090,169.672,0.012,5,5165.008,2849.285
47.100,169.675,0.012,5,5165.090,2850.044
47.110,169.678,0.012,5,5165.172,2850.802
47.120,169.680,0.012,5,5165.254,2851.561
47.130,169.683,0.012,5,5165.336,2852.319
47.140,169.686,0.012,5,5165.418,2853.078
47.150,169.688,0.012,5,5165.500,2853.837
47.160,169.691,0.012,5,5165.582,2854.595
47.170,169.694,0.012,5,5165.664,2855.354
47.180,169.696,0.012,5,5165.746,2856.112
47.190,169.699,0.012,5,5165.828,2856.871
47.200,169.702,0.012,5,5165.910,2857.630
47.210,169.705,0.012,5,5165.992,2858.388
47.220,169.707,0.012,5,5166.074,2859.147
47.230,169.710,0.012,5,5166.155,2859.906
47.240,169.713,0.012,5,5166.237,2860.664
47.250,169.715,0.012,5,5166.319,2861.423
47.260,169.718,0.012,5,5166.400,2862.182
47.270,169.721,0.012,5,5166.482,2862.940
47.280,169.723,0.012,5,5166.563,2863.699
47.290,169.726,0.012,5,5166.645,2864.458
47.300,169.729,0.012,5,5166.726,2865.217
47.310,169.731,0.012,5,5166.807,2865.975
47.320,169.734,0.012,5,5166.889,2866.734
47.330,169.737,0.012,5,5166.970,2867.493
47.340,169.739,0.012,5,5167.051,2868.252
47.350,169.742,0.012,5,5167.133,2869.011
47.360,169.745,0.012,5,5167.214,2869.769
47.370,169.747,0.012,5,5167.295,2870.528
47.380,169.750,0.012,5,5167.376,2871.287
47.390,169.753,0.012,5,5167.457,2872.046
47.400,169.755,0.012,5,5167.538,2872.805
47.410,169.758,0.012,5,5167.619,2873.564
47.420,169.761,0.012,5,5167.700,2874.323
47.430,169.763,0.012,5,5167.781,2875.081
47.440,169.766,0.012,5,5167.862,2875.840
47.450,169.769,0.012,5,5167.943,2876.599
47.460,169.771,0.012,5,5168.024,2877.358
47.470,169.774,0.012,5,5168.105,2878.117
47.480,169.777,0.012,5,5168.185,2878.876
47.490,169.779,0.012,5,5168.266,2879.635
47.500,169.782,0.012,5,5168.347,2880.394
47.510,169.785,0.012,5,5168.427,2881.153
47.520,169.787,0.012,5,5168.508,2881.912
47.530,169.790,0.012,5,5168.588,2882.671
47.540,169.792,0.012,5,5168.669,2883.430
47.550,169.795,0.012,5,5168.749,2884.189
47.560,169.798,0.012,5,5168.830,2884.948
47.570,169.800,0.012,5,5168.910,2885.707
47.580,169.803,0.012,5,5168.991,2886.466
47.590,169.806,0.012,5,5169.071,2887.226
47.600,169.808,0.012,5,5169.151,2887.985
47.610,169.811,0.012,5,5169.231,2888.744
47.620,169.814,0.012,5,5169.312,2889.503
47.630,169.816,0.012,5,5169.392,2890.262
47.640,169.819,0.012,5,5169.472,2891.021
47.650,169.821,0.012,5,5169.552,2891.780
47.660,169.824,0.012,5,5169.632,2892.540
47.670,169.827,0.012,5,5169.712,2893.299
47.680,169.829,0.012,5,5169.792,2894.058
47.690,169.832,0.012,5,5169.872,2894.817
47.700,169.835,0.012,5,5169.952,2895.576
47.710,169.837,0.012,5,5170.032,2896.336
47.720,169.840,0.012,5,5170.112,2897.095
47.730,169.842,0.012,5,5170.191,2897.854
47.740,169.845,0.012,5,5170.271,2898.613
47.750,169.848,0.012,5,5170.351,2899.373
47.760,169.850,0.012,5,5170.430,2900.132
47.770,169.853,0.012,5,5170.510,2900.891
47.780,169.856,0.012,5,5170.590,2901.651
47.790,169.858,0.012,5,5170.669,2902.410
47.800,169.861,0.012,5,5170.749,2903.169
47.810,169.863,0.012,5,5170.828,2903.929
47.820,169.866,0.012,5,5170.908,2904.688
47.830,169.869,0.012,5,5170.987,2905.447
47.840,169.871,0.012,5,5171.066,2906.207
47.850,169.874,0.012,5,5171.146,2906.966
47.860,169.876,0.012,5,5171.225,2907.726
47.870,169.879,0.012,5,5171.304,2908.485
47.880,169.882,0.012,5,5171.384,2909.245
47.890,169.884,0.012,5,5171.463,2910.004
47.900,169.887,0.012,5,5171.542,2910.763
47.910,169.889,0.012,5,5171.621,2911.523
47.920,169.892,0.012,5,5171.700,2912.282
47.930,169.895,0.012,5,5171.779,2913.042
47.940,169.897,0.012,5,5171.858,2913.801
47.950,169.900,0.012,5,5171.937,2914.561
47.960,169.902,0.012,5,5172.016,2915.320
47.970,169.905,0.012,5,5172.095,2916.080
47.980,169.908,0.012,5,5172.174,2916.840
47.990,169.910,0.012,5,5172.252,2917.599
48.000,169.913,0.012,5,5172.331,2918.359
48.010,169.915,0.012,5,5172.410,2919.118
48.020,169.918,0.012,5,5172.489,2919.878
48.030,169.921,0.012,5,5172.567,2920.637
48.040,169.923,0.012,5,5172.646,2921.397
48.050,169.926,0.012,5,5172.724,2922.157
48.060,169.928,0.012,5,5172.803,2922.916
48.070,169.931,0.012,5,5172.882,2923.676
48.080,169.933,0.012,5,5172.960,2924.436
48.090,169.936,0.012,5,5173.038,2925.195
48.100,169.939,0.012,5,5173.117,2925.955
48.110,169.941,0.012,5,5173.195,2926.715
48.120,169.944,0.012,5,5173.273,2927.475
48.130,169.946,0.012,5,5173.352,2928.234
48.140,169.949,0.012,5,5173.430,2928.994
48.150,169.951,0.012,5,5173.508,2929.754
48.160,169.954,0.012,5,5173.586,2930.513
48.170,169.957,0.012,5,5173.664,2931.273
48.180,169.959,0.012,5,5173.743,2932.033
48.190,169.962,0.012,5,5173.821,2932.793
48.200,169.964,0.012,5,5173.899,2933.553
48.210,169.967,0.012,5,5173.977,2934.312
48.220,169.969,0.012,5,5174.055,2935.072
48.230,169.972,0.012,5,5174.132,2935.832
48.240,169.974,0.012,5,5174.210,2936.592
48.250,169.977,0.012,5,5174.288,2937.352
48.260,169.980,0.012,5,5174.366,2938.112
48.270,169.982,0.012,5,5174.444,2938.872
48.280,169.985,0.012,5,5174.521,2939.632
48.290,169.987,0.012,5,5174.599,2940.391
48.300,169.990,0.012,5,5174.677,2941.151
48.310,169.992,0.012,5,5174.754,2941.911
48.320,169.995,0.012,5,5174.832,2942.671
48.330,169.997,0.012,5,5174.910,2943.431
48.340,170.000,0.012,5,5174.987,2944.191
48.350,170.003,0.012,5,5175.064,2944.951
48.360,170.005,0.012,5,5175.142,2945.711
48.370,170.008,0.012,5,5175.219,2946.471
48.380,170.010,0.012,5,5175.297,2947.231
48.390,170.013,0.012,5,5175.374,2947.991
48.400,170.015,0.012,5,5175.451,2948.751
48.410,170.018,0.012,5,5175.528,2949.511
48.420,170.020,0.012,5,5175.606,2950.271
48.430,170.023,0.012,5,5175.683,2951.031
48.440,170.025,0.012,5,5175.760,2951.791
48.450,170.028,0.012,5,5175.837,2952.552
48.460,170.030,0.012,5,5175.914,2953.312
48.470,170.033,0.012,5,5175.991,2954.072
48.480,170.036,0.012,5,5176.068,2954.832
48.490,170.038,0.012,5,5176.145,2955.592
48.500,170.041,0.012,5,5176.222,2956.352
48.510,170.043,0.012,5,5176.299,2957.112
48.520,170.046,0.011,5,5176.376,2957.872
48.530,170.048,0.011,5,5176.453,2958.633
48.540,170.051,0.011,5,5176.529,2959.393
48.550,170.053,0.011,5,5176.606,2960.153
48.560,170.056,0.011,5,5176.683,2960.913
48.570,170.058,0.011,5,5176.759,2961.674
48.580,170.061,0.011,5,5176.836,2962.434
48.590,170.063,0.011,5,5176.913,2963.194
48.600,170.066,0.011,5,5176.989,2963.954
48.610,170.068,0.011,5,5177.066,2964.715
48.620,170.071,0.011,5,5177.142,2965.475
48.630,170.073,0.011,5,5177.219,2966.235
48.640,170.076,0.011,5,5177.295,2966.995
48.650,170.078,0.011,5,5177.371,2967.756
48.660,170.081,0.011,5,5177.448,2968.516
48.670,170.083,0.011,5,5177.524,2969.276
48.680,170.086,0.011,5,5177.600,2970.037
48.690,170.088,0.011,5,5177.676,2970.797
48.700,170.091,0.011,5,5177.753,2971.557
48.710,170.093,0.011,5,5177.829,2972.318
48.720,170.096,0.011,5,5177.905,2973.078
48.730,170.098,0.011,5,5177.981,2973.839
48.740,170.101,0.011,5,5178.057,2974.599
48.750,170.103,0.011,5,5178.133,2975.360
48.760,170.106,0.011,5,5178.209,2976.120
48.770,170.108,0.011,5,5178.285,2976.880
48.780,170.111,0.011,5,5178.361,2977.641
48.790,170.113,0.011,5,5178.437,2978.401
48.800,170.116,0.011,5,5178.512,2979.162
48.810,170.118,0.011,5,5178.588,2979.922
48.820,170.121,0.011,5,5178.664,2980.683
48.830,170.123,0.011,5,5178.740,2981.443
48.840,170.126,0.011,5,5178.815,2982.204
48.850,170.128,0.011,5,5178.891,2982.964
48.860,170.131,0.011,5,5178.966,2983.725
48.870,170.133,0.011,5,5179.042,2984.486
48.880,170.136,0.011,5,5179.118,2985.246
48.890,170.138,0.011,5,5179.193,2986.007
48.900,170.141,0.011,5,5179.269,2986.767
48.910,170.143,0.011,5,5179.344,2987.528
48.920,170.146,0.011,5,5179.419,2988.289
48.930,170.148,0.011,5,5179.495,2989.049
48.940,170.151,0.011,5,5179.570,2989.810
48.950,170.153,0.011,5,5179.645,2990.570
48.960,170.156,0.011,5,5179.721,2991.331
48.970,170.158,0.011,5,5179.796,2992.092
48.980,170.160,0.011,5,5179.871,2992.852
48.990,170.163,0.011,5,5179.946,2993.613
49.000,170.165,0.011,5,5180.021,2994.374
49.010,170.168,0.011,5,5180.096,2995.135
49.020,170.170,0.011,5,5180.171,2995.895
49.030,170.173,0.011,5,5180.246,2996.656
49.040,170.175,0.011,5,5180.321,2997.417
49.050,170.178,0.011,5,5180.396,2998.178
49.060,170.180,0.011,5,5180.471,2998.938
49.070,170.183,0.011,5,5180.546,2999.699
49.080,170.185,0.011,5,5180.621,3000.460
49.090,170.188,0.011,5,5180.695,3001.221
49.100,170.190,0.011,5,5180.770,3001.982
49.110,170.192,0.011,5,5180.845,3002.742
49.120,170.195,0.011,5,5180.920,3003.503
49.130,170.197,0.011,5,5180.994,3004.264
49.140,170.200,0.011,5,5181.069,3005.025
49.150,170.202,0.011,5,5181.143,3005.786
49.160,170.205,0.011,5,5181.218,3006.547
49.170,170.207,0.011,5,5181.292,3007.308
49.180,170.210,0.011,5,5181.367,3008.068
49.190,170.212,0.011,5,5181.441,3008.829
49.200,170.214,0.011,5,5181.516,3009.590
49.210,170.217,0.011,5,5181.590,3010.351
49.220,170.219,0.011,5,5181.664,3011.112
49.230,170.222,0.011,5,5181.739,3011.873
49.240,170.224,0.011,5,5181.813,3012.634
49.250,170.227,0.011,5,5181.887,3013.395
49.260,170.229,0.011,5,5181.961,3014.156
49.270,170.232,0.011,5,5182.035,3014.917
49.280,170.234,0.011,5,5182.109,3015.678
49.290,170.236,0.011,5,5182.183,3016.439
49.300,170.239,0.011,5,5182.258,3017.200
49.310,170.241,0.011,5,5182.332,3017.961
49.320,170.244,0.011,5,5182.405,3018.722
49.330,170.246,0.011,5,5182.479,3019.483
49.340,170.249,0.011,5,5182.553,3020.244
49.350,170.251,0.011,5,5182.627,3021.005
49.360,170.253,0.011,5,5182.701,3021.767
49.370,170.256,0.011,5,5182.775,3022.528
49.380,170.258,0.011,5,5182.848,3023.289
49.390,170.261,0.011,5,5182.922,3024.050
49.400,170.263,0.011,5,5182.996,3024.811
49.410,170.266,0.011,5,5183.070,3025.572
49.420,170.268,0.011,5,5183.143,3026.333
49.430,170.270,0.011,5,5183.217,3027.095
49.440,170.273,0.011,5,5183.290,3027.856
49.450,170.275,0.011,5,5183.364,3028.617
49.460,170.278,0.011,5,5183.437,3029.378
49.470,170.280,0.011,5,5183.511,3030.139
49.480,170.282,0.011,5,5183.584,3030.901
49.490,170.285,0.011,5,5183.657,3031.662
49.500,170.287,0.011,5,5183.731,3032.423
49.510,170.290,0.011,5,5183.804,3033.184
49.520,170.292,0.011,5,5183.877,3033.946
49.530,170.294,0.011,5,5183.951,3034.707
49.540,170.297,0.011,5,5184.024,3035.468
49.550,170.299,0.011,5,5184.097,3036.230
49.560,170.302,0.011,5,5184.170,3036.991
49.570,170.304,0.011,5,5184.243,3037.752
49.580,170.306,0.011,5,5184.316,3038.513
49.590,170.309,0.011,5,5184.389,3039.275
49.600,170.311,0.011,5,5184.462,3040.036
49.610,170.314,0.011,5,5184.535,3040.798
49.620,170.316,0.011,5,5184.608,3041.559
49.630,170.318,0.011,5,5184.681,3042.320
49.640,170.321,0.011,5,5184.754,3043.082
49.650,170.323,0.011,5,5184.826,3043.843
49.660,170.326,0.011,5,5184.899,3044.605
49.670,170.328,0.011,5,5184.972,3045.366
49.680,170.330,0.011,5,5185.045,3046.127
49.690,170.333,0.011,5,5185.117,3046.889
49.700,170.335,0.011,5,5185.190,3047.650
49.710,170.338,0.011,5,5185.263,3048.412
49.720,170.340,0.011,5,5185.335,3049.173
49.730,170.342,0.011,5,5185.408,3049.935
49.740,170.345,0.011,5,5185.480,3050.696
49.750,170.347,0.011,5,5185.553,3051.458
49.760,170.349,0.011,5,5185.625,3052.219
49.770,170.352,0.011,5,5185.697,3052.981
49.780,170.354,0.011,5,5185.770,3053.742
49.790,170.357,0.011,5,5185.842,3054.504
49.800,170.359,0.011,5,5185.914,3055.266
49.810,170.361,0.011,5,5185.987,3056.027
49.820,170.364,0.011,5,5186.059,3056.789
49.830,170.366,0.011,5,5186.131,3057.550
49.840,170.368,0.011,5,5186.203,3058.312
49.850,170.371,0.011,5,5186.275,3059.074
49.860,170.373,0.011,5,5186.347,3059.835
49.870,170.376,0.011,5,5186.419,3060.597
49.880,170.378,0.011,5,5186.491,3061.359
49.890,170.380,0.011,5,5186.563,3062.120
49.900,170.383,0.011,5,5186.635,3062.882
49.910,170.385,0.011,5,5186.707,3063.644
49.920,170.387,0.011,5,5186.779,3064.405
49.930,170.390,0.011,5,5186.851,3065.167
49.940,170.392,0.011,5,5186.923,3065.929
49.950,170.394,0.011,5,5186.995,3066.690
49.960,170.397,0.011,5,5187.066,3067.452
49.970,170.399,0.011,5,5187.138,3068.214
49.980,170.402,0.011,5,5187.210,3068.976
49.990,170.404,0.011,5,5187.281,3069.737
50.000,170.406,0.011,5,5187.353,3070.499
50.010,170.409,0.011,5,5187.424,3071.261
50.020,170.411,0.011,5,5187.496,3072.023
50.030,170.413,0.011,5,5187.567,3072.785
50.040,170.416,0.011,5,5187.639,3073.546
50.050,170.418,0.011,5,5187.710,3074.308
50.060,170.420,0.011,5,5187.782,3075.070
50.070,170.423,0.011,5,5187.853,3075.832
50.080,170.425,0.011,5,5187.924,3076.594
50.090,170.427,0.011,5,5187.996,3077.356
50.100,170.430,0.011,5,5188.067,3078.118
50.110,170.432,0.011,5,5188.138,3078.880
50.120,170.434,0.011,5,5188.209,3079.641
50.130,170.437,0.011,5,5188.280,3080.403
50.140,170.439,0.011,5,5188.352,3081.165
50.150,170.441,0.011,5,5188.423,3081.927
50.160,170.444,0.011,5,5188.494,3082.689
50.170,170.446,0.011,5,5188.565,3083.451
50.180,170.448,0.011,5,5188.636,3084.213
50.190,170.451,0.011,5,5188.707,3084.975
50.200,170.453,0.011,5,5188.778,3085.737
50.210,170.455,0.011,5,5188.849,3086.499
50.220,170.458,0.011,5,5188.919,3087.261
50.230,170.460,0.011,5,5188.990,3088.023
50.240,170.462,0.011,5,5189.061,3088.785
50.250,170.465,0.011,5,5189.132,3089.547
50.260,170.467,0.011,5,5189.202,3090.309
50.270,170.469,0.011,5,5189.273,3091.071
50.280,170.472,0.011,5,5189.344,3091.833
50.290,170.474,0.011,5,5189.414,3092.596
50.300,170.476,0.011,5,5189.485,3093.358
50.310,170.479,0.011,5,5189.555,3094.120
50.320,170.481,0.011,5,5189.626,3094.882
50.330,170.483,0.011,5,5189.696,3095.644
50.340,170.486,0.011,5,5189.767,3096.406
50.350,170.488,0.011,5,5189.837,3097.168
50.360,170.490,0.011,5,5189.908,3097.930
50.370,170.492,0.011,5,5189.978,3098.693
50.380,170.495,0.011,5,5190.048,3099.455
50.390,170.497,0.011,5,5190.119,3100.217
50.400,170.499,0.011,5,5190.189,3100.979
50.410,170.502,0.011,5,5190.259,3101.741
50.420,170.504,0.011,5,5190.329,3102.504
50.430,170.506,0.010,5,5190.399,3103.266
50.440,170.509,0.010,5,5190.469,3104.028
50.450,170.511,0.010,5,5190.540,3104.790
50.460,170.513,0.010,5,5190.610,3105.553
50.470,170.516,0.010,5,5190.680,3106.315
50.480,170.518,0.010,5,5190.750,3107.077
50.490,170.520,0.010,5,5190.820,3107.839
50.500,170.522,0.010,5,5190.889,3108.602
50.510,170.525,0.010,5,5190.959,3109.364
50.520,170.527,0.010,5,5191.029,3110.126
50.530,170.529,0.010,5,5191.099,3110.889
50.540,170.532,0.010,5,5191.169,3111.651
50.550,170.534,0.010,5,5191.238,3112.413
50.560,170.536,0.010,5,5191.308,3113.176
50.570,170.538,0.010,5,5191.378,3113.938
50.580,170.541,0.010,5,5191.447,3114.700
50.590,170.543,0.010,5,5191.517,3115.463
50.600,170.545,0.010,5,5191.587,3116.225
50.610,170.548,0.010,5,5191.656,3116.988
50.620,170.550,0.010,5,5191.726,3117.750
50.630,170.552,0.010,5,5191.795,3118.513
50.640,170.554,0.010,5,5191.865,3119.275
50.650,170.557,0.010,5,5191.934,3120.037
50.660,170.559,0.010,5,5192.003,3120.800
50.670,170.561,0.010,5,5192.073,3121.562
50.680,170.564,0.010,5,5192.142,3122.325
50.690,170.566,0.010,5,5192.211,3123.087
50.700,170.568,0.010,5,5192.281,3123.850
50.710,170.570,0.010,5,5192.350,3124.612
50.720,170.573,0.010,5,5192.419,3125.375
50.730,170.575,0.010,5,5192.488,3126.137
50.740,170.577,0.010,5,5192.557,3126.900
50.750,170.579,0.010,5,5192.626,3127.663
50.760,170.582,0.010,5,5192.695,3128.425
50.770,170.584,0.010,5,5192.764,3129.188
50.780,170.586,0.010,5,5192.833,3129.950
50.790,170.589,0.010,5,5192.902,3130.713
50.800,170.591,0.010,5,5192.971,3131.475
50.810,170.593,0.010,5,5193.040,3132.238
50.820,170.595,0.010,5,5193.109,3133.001
50.830,170.598,0.010,5,5193.178,3133.763
50.840,170.600,0.010,5,5193.247,3134.526
50.850,170.602,0.010,5,5193.315,3135.289
50.860,170.604,0.010,5,5193.384,3136.051
50.870,170.607,0.010,5,5193.453,3136.814
50.880,170.609,0.010,5,5193.521,3137.577
50.890,170.611,0.010,5,5193.590,3138.339
50.900,170.613,0.010,5,5193.658,3139.102
50.910,170.616,0.010,5,5193.727,3139.865
50.920,170.618,0.010,5,5193.796,3140.628
50.930,170.620,0.010,5,5193.864,3141.390
50.940,170.622,0.010,5,5193.932,3142.153
50.950,170.625,0.010,5,5194.001,3142.916
50.960,170.627,0.010,5,5194.069,3143.679
50.970,170.629,0.010,5,5194.138,3144.441
50.980,170.631,0.010,5,5194.206,3145.204
50.990,170.634,0.010,5,5194.274,3145.967
51.000,170.636,0.010,5,5194.343,3146.730
51.010,170.638,0.010,5,5194.411,3147.493
51.020,170.640,0.010,5,5194.479,3148.255
51.030,170.643,0.010,5,5194.547,3149.018
51.040,170.645,0.010,5,5194.615,3149.781
51.050,170.647,0.010,5,5194.683,3150.544
51.060,170.649,0.010,5,5194.751,3151.307
51.070,170.652,0.010,5,5194.819,3152.070
51.080,170.654,0.010,5,5194.887,3152.833
51.090,170.656,0.010,5,5194.955,3153.596
51.100,170.658,0.010,5,5195.023,3154.358
51.110,170.660,0.010,5,5195.091,3155.121
51.120,170.663,0.010,5,5195.159,3155.884
51.130,170.665,0.010,5,5195.227,3156.647
51.140,170.667,0.010,5,5195.295,3157.410
51.150,170.669,0.010,5,5195.362,3158.173
51.160,170.672,0.010,5,5195.430,3158.936
51.170,170.674,0.010,5,5195.498,3159.699
51.180,170.676,0.010,5,5195.566,3160.462
51.190,170.678,0.010,5,5195.633,3161.225
51.200,170.680,0.010,5,5195.701,3161.988
51.210,170.683,0.010,5,5195.768,3162.751
51.220,170.685,0.010,5,5195.836,3163.514
51.230,170.687,0.010,5,5195.903,3164.277
51.240,170.689,0.010,5,5195.971,3165.040
51.250,170.692,0.010,5,5196.038,3165.803
51.260,170.694,0.010,5,5196.106,3166.566
51.270,170.696,0.010,5,5196.173,3167.329
51.280,170.698,0.010,5,5196.240,3168.092
51.290,170.700,0.010,5,5196.308,3168.856
51.300,170.703,0.010,5,5196.375,3169.619
51.310,170.705,0.010,5,5196.442,3170.382
51.320,170.707,0.010,5,5196.510,3171.145
51.330,170.709,0.010,5,5196.577,3171.908
51.340,170.711,0.010,5,5196.644,3172.671
51.350,170.714,0.010,5,5196.711,3173.434
51.360,170.716,0.010,5,5196.778,3174.198
51.370,170.718,0.010,5,5196.845,3174.961
51.380,170.720,0.010,5,5196.912,3175.724
51.390,170.722,0.010,5,5196.979,3176.487
51.400,170.725,0.010,5,5197.046,3177.250
51.410,170.727,0.010,5,5197.113,3178.014
51.420,170.729,0.010,5,5197.180,3178.777
51.430,170.731,0.010,5,5197.247,3179.540
51.440,170.733,0.010,5,5197.314,3180.303
51.450,170.736,0.010,5,5197.380,3181.066
51.460,170.738,0.010,5,5197.447,3181.830
51.470,170.740,0.010,5,5197.514,3182.593
51.480,170.742,0.010,5,5197.581,3183.356
51.490,170.744,0.010,5,5197.647,3184.120
51.500,170.747,0.010,5,5197.714,3184.883
51.510,170.749,0.010,5,5197.781,3185.646
51.520,170.751,0.010,5,5197.847,3186.410
51.530,170.753,0.010,5,5197.914,3187.173
51.540,170.755,0.010,5,5197.980,3187.936
51.550,170.758,0.010,5,5198.047,3188.700
51.560,170.760,0.010,5,5198.113,3189.463
51.570,170.762,0.010,5,5198.180,3190.226
51.580,170.764,0.010,5,5198.246,3190.990
51.590,170.766,0.010,5,5198.312,3191.753
51.600,170.768,0.010,5,5198.379,3192.516
51.610,170.771,0.010,5,5198.445,3193.280
51.620,170.773,0.010,5,5198.511,3194.043
51.630,170.775,0.010,5,5198.577,3194.807
51.640,170.777,0.010,5,5198.644,3195.570
51.650,170.779,0.010,5,5198.710,3196.334
51.660,170.781,0.010,5,5198.776,3197.097
51.670,170.784,0.010,5,5198.842,3197.861
51.680,170.786,0.010,5,5198.908,3198.624
51.690,170.788,0.010,5,5198.974,3199.388
51.700,170.790,0.010,5,5199.040,3200.151
51.710,170.792,0.010,5,5199.106,3200.915
51.720,170.794,0.010,5,5199.172,3201.678
51.730,170.797,0.010,5,5199.238,3202.442
51.740,170.799,0.010,5,5199.304,3203.205
51.750,170.801,0.010,5,5199.370,3203.969
51.760,170.803,0.010,5,5199.436,3204.732
51.770,170.805,0.010,5,5199.501,3205.496
51.780,170.807,0.010,5,5199.567,3206.259
51.790,170.810,0.010,5,5199.633,3207.023
51.800,170.812,0.010,5,5199.698,3207.787
51.810,170.814,0.010,5,5199.764,3208.550
51.820,170.816,0.010,5,5199.830,3209.314
51.830,170.818,0.010,5,5199.895,3210.077
51.840,170.820,0.010,5,5199.961,3210.841
51.850,170.823,0.010,5,5200.026,3211.605
51.860,170.825,0.010,5,5200.092,3212.368
51.870,170.827,0.010,5,5200.157,3213.132
51.880,170.829,0.010,5,5200.223,3213.896
51.890,170.831,0.010,5,5200.288,3214.659
51.900,170.833,0.010,5,5200.354,3215.423
51.910,170.835,0.010,5,5200.419,3216.187
51.920,170.838,0.010,5,5200.484,3216.950
51.930,170.840,0.010,5,5200.550,3217.714
51.940,170.842,0.010,5,5200.615,3218.478
51.950,170.844,0.010,5,5200.680,3219.242
51.960,170.846,0.010,5,5200.745,3220.005
51.970,170.848,0.010,5,5200.810,3220.769
51.980,170.850,0.010,5,5200.876,3221.533
51.990,170.853,0.010,5,5200.941,3222.297
52.000,170.855,0.010,5,5201.006,3223.060
52.010,170.857,0.010,5,5201.071,3223.824
52.020,170.859,0.010,5,5201.136,3224.588
52.030,170.861,0.010,5,5201.201,3225.352
52.040,170.863,0.010,5,5201.266,3226.116
52.050,170.865,0.010,5,5201.331,3226.880
52.060,170.868,0.010,5,5201.395,3227.643
52.070,170.870,0.010,5,5201.460,3228.407
52.080,170.872,0.010,5,5201.525,3229.171
52.090,170.874,0.010,5,5201.590,3229.935
52.100,170.876,0.010,5,5201.655,3230.699
52.110,170.878,0.010,5,5201.719,3231.463
52.120,170.880,0.010,5,5201.784,3232.227
52.130,170.882,0.010,5,5201.849,3232.991
52.140,170.885,0.010,5,5201.913,3233.755
52.150,170.887,0.010,5,5201.978,3234.518
52.160,170.889,0.010,5,5202.043,3235.282
52.170,170.891,0.010,5,5202.107,3236.046
52.180,170.893,0.010,5,5202.172,3236.810
52.190,170.895,0.010,5,5202.236,3237.574
52.200,170.897,0.010,5,5202.300,3238.338
52.210,170.899,0.010,5,5202.365,3239.102
52.220,170.901,0.010,5,5202.429,3239.866
52.230,170.904,0.010,5,5202.494,3240.630
52.240,170.906,0.010,5,5202.558,3241.394
52.250,170.908,0.010,5,5202.622,3242.158
52.260,170.910,0.010,5,5202.686,3242.922
52.270,170.912,0.010,5,5202.751,3243.686
52.280,170.914,0.010,5,5202.815,3244.450
52.290,170.916,0.010,5,5202.879,3245.214
52.300,170.918,0.010,5,5202.943,3245.979
52.310,170.920,0.010,5,5203.007,3246.743
52.320,170.923,0.010,5,5203.071,3247.507
52.330,170.925,0.010,5,5203.135,3248.271
52.340,170.927,0.010,5,5203.199,3249.035
52.350,170.929,0.010,5,5203.263,3249.799
52.360,170.931,0.010,5,5203.327,3250.563
52.370,170.933,0.010,5,5203.391,3251.327
52.380,170.935,0.010,5,5203.455,3252.091
52.390,170.937,0.010,5,5203.519,3252.856
52.400,170.939,0.010,5,5203.583,3253.620
52.410,170.941,0.010,5,5203.647,3254.384
52.420,170.944,0.010,5,5203.710,3255.148
52.430,170.946,0.010,5,5203.774,3255.912
52.440,170.948,0.010,5,5203.838,3256.677
52.450,170.950,0.010,5,5203.902,3257.441
52.460,170.952,0.010,5,5203.965,3258.205
52.470,170.954,0.010,5,5204.029,3258.969
52.480,170.956,0.010,5,5204.092,3259.733
52.490,170.958,0.010,5,5204.156,3260.498
52.500,170.960,0.010,5,5204.220,3261.262
52.510,170.962,0.010,5,5204.283,3262.026
52.520,170.964,0.009,5,5204.346,3262.791
52.530,170.967,0.009,5,5204.410,3263.555
52.540,170.969,0.009,5,5204.473,3264.319
52.550,170.971,0.009,5,5204.537,3265.083
52.560,170.973,0.009,5,5204.600,3265.848
52.570,170.975,0.009,5,5204.663,3266.612
52.580,170.977,0.009,5,5204.727,3267.376
52.590,170.979,0.009,5,5204.790,3268.141
52.600,170.981,0.009,5,5204.853,3268.905
52.610,170.983,0.009,5,5204.916,3269.669
52.620,170.985,0.009,5,5204.979,3270.434
52.630,170.987,0.009,5,5205.043,3271.198
52.640,170.989,0.009,5,5205.106,3271.963
52.650,170.991,0.009,5,5205.169,3272.727
52.660,170.994,0.009,5,5205.232,3273.491
52.670,170.996,0.009,5,5205.295,3274.256
52.680,170.998,0.009,5,5205.358,3275.020
52.690,171.000,0.009,5,5205.421,3275.785
52.700,171.002,0.009,5,5205.484,3276.549
52.710,171.004,0.009,5,5205.547,3277.314
52.720,171.006,0.009,5,5205.609,3278.078
52.730,171.008,0.009,5,5205.672,3278.843
52.740,171.010,0.009,5,5205.735,3279.607
52.750,171.012,0.009,5,5205.798,3280.371
52.760,171.014,0.009,5,5205.861,3281.136
52.770,171.016,0.009,5,5205.923,3281.900
52.780,171.018,0.009,5,5205.986,3282.665
52.790,171.020,0.009,5,5206.049,3283.430
52.800,171.022,0.009,5,5206.111,3284.194
52.810,171.025,0.009,5,5206.174,3284.959
52.820,171.027,0.009,5,5206.236,3285.723
52.830,171.029,0.009,5,5206.299,3286.488
52.840,171.031,0.009,5,5206.361,3287.252
52.850,171.033,0.009,5,5206.424,3288.017
52.860,171.035,0.009,5,5206.486,3288.781
52.870,171.037,0.009,5,5206.549,3289.546
52.880,171.039,0.009,5,5206.611,3290.311
52.890,171.041,0.009,5,5206.673,3291.075
52.900,171.043,0.009,5,5206.736,3291.840
52.910,171.045,0.009,5,5206.798,3292.605
52.920,171.047,0.009,5,5206.860,3293.369
52.930,171.049,0.009,5,5206.922,3294.134
52.940,171.051,0.009,5,5206.985,3294.899
52.950,171.053,0.009,5,5207.047,3295.663
52.960,171.055,0.009,5,5207.109,3296.428
52.970,171.057,0.009,5,5207.171,3297.193
52.980,171.059,0.009,5,5207.233,3297.957
52.990,171.061,0.009,5,5207.295,3298.722
53.000,171.063,0.009,5,5207.357,3299.487
53.010,171.065,0.009,5,5207.419,3300.251
53.020,171.067,0.009,5,5207.481,3301.016
53.030,171.069,0.009,5,5207.543,3301.781
53.040,171.072,0.009,5,5207.605,3302.546
53.050,171.074,0.009,5,5207.667,3303.310
53.060,171.076,0.009,5,5207.729,3304.075
53.070,171.078,0.009,5,5207.791,3304.840
53.080,171.080,0.009,5,5207.852,3305.605
53.090,171.082,0.009,5,5207.914,3306.370
53.100,171.084,0.009,5,5207.976,3307.134
53.110,171.086,0.009,5,5208.038,3307.899
53.120,171.088,0.009,5,5208.099,3308.664
53.130,171.090,0.009,5,5208.161,3309.429
53.140,171.092,0.009,5,5208.222,3310.194
53.150,171.094,0.009,5,5208.284,3310.959
53.160,171.096,0.009,5,5208.346,3311.724
53.170,171.098,0.009,5,5208.407,3312.488
53.180,171.100,0.009,5,5208.469,3313.253
53.190,171.102,0.009,5,5208.530,3314.018
53.200,171.104,0.009,5,5208.591,3314.783
53.210,171.106,0.009,5,5208.653,3315.548
53.220,171.108,0.009,5,5208.714,3316.313
53.230,171.110,0.009,5,5208.776,3317.078
53.240,171.112,0.009,5,5208.837,3317.843
53.250,171.114,0.009,5,5208.898,3318.608
53.260,171.116,0.009,5,5208.959,3319.373
53.270,171.118,0.009,5,5209.021,3320.138
53.280,171.120,0.009,5,5209.082,3320.903
53.290,171.122,0.009,5,5209.143,3321.668
53.300,171.124,0.009,5,5209.204,3322.433
53.310,171.126,0.009,5,5209.265,3323.198
53.320,171.128,0.009,5,5209.326,3323.963
53.330,171.130,0.009,5,5209.387,3324.728
53.340,171.132,0.009,5,5209.448,3325.493
53.350,171.134,0.009,5,5209.509,3326.258
53.360,171.136,0.009,5,5209.570,3327.023
53.370,171.138,0.009,5,5209.631,3327.788
53.380,171.140,0.009,5,5209.692,3328.553
53.390,171.142,0.009,5,5209.753,3329.318
53.400,171.144,0.009,5,5209.814,3330.083
53.410,171.146,0.009,5,5209.875,3330.848
53.420,171.148,0.009,5,5209.935,3331.613
53.430,171.150,0.009,5,5209.996,3332.378
53.440,171.152,0.009,5,5210.057,3333.143
53.450,171.154,0.009,5,5210.118,3333.909
53.460,171.156,0.009,5,5210.178,3334.674
53.470,171.158,0.009,5,5210.239,3335.439
53.480,171.160,0.009,5,5210.300,3336.204
53.490,171.162,0.009,5,5210.360,3336.969
53.500,171.164,0.009,5,5210.421,3337.734
53.510,171.166,0.009,5,5210.481,3338.499
53.520,171.168,0.009,5,5210.542,3339.265
53.530,171.170,0.009,5,5210.602,3340.030
53.540,171.172,0.009,5,5210.663,3340.795
53.550,171.174,0.009,5,5210.723,3341.560
53.560,171.176,0.009,5,5210.783,3342.325
53.570,171.178,0.009,5,5210.844,3343.091
53.580,171.180,0.009,5,5210.904,3343.856
53.590,171.182,0.009,5,5210.964,3344.621
53.600,171.184,0.009,5,5211.025,3345.386
53.610,171.186,0.009,5,5211.085,3346.152
53.620,171.188,0.009,5,5211.145,3346.917
53.630,171.190,0.009,5,5211.205,3347.682
53.640,171.192,0.009,5,5211.265,3348.448
53.650,171.194,0.009,5,5211.325,3349.213
53.660,171.196,0.009,5,5211.386,3349.978
53.670,171.198,0.009,5,5211.446,3350.744
53.680,171.200,0.009,5,5211.506,3351.509
53.690,171.202,0.009,5,5211.566,3352.274
53.700,171.204,0.009,5,5211.626,3353.040
53.710,171.206,0.009,5,5211.686,3353.805
53.720,171.208,0.009,5,5211.745,3354.570
53.730,171.210,0.009,5,5211.805,3355.336
53.740,171.211,0.009,5,5211.865,3356.101
53.750,171.213,0.009,5,5211.925,3356.866
53.760,171.215,0.009,5,5211.985,3357.632
53.770,171.217,0.009,5,5212.045,3358.397
53.780,171.219,0.009,5,5212.104,3359.163
53.790,171.221,0.009,5,5212.164,3359.928
53.800,171.223,0.009,5,5212.224,3360.694
53.810,171.225,0.009,5,5212.283,3361.459
53.820,171.227,0.009,5,5212.343,3362.224
53.830,171.229,0.009,5,5212.403,3362.990
53.840,171.231,0.009,5,5212.462,3363.755
53.850,171.233,0.009,5,5212.522,3364.521
53.860,171.235,0.009,5,5212.581,3365.286
53.870,171.237,0.009,5,5212.641,3366.052
53.880,171.239,0.009,5,5212.700,3366.817
53.890,171.241,0.009,5,5212.760,3367.583
53.900,171.243,0.009,5,5212.819,3368.348
53.910,171.245,0.009,5,5212.878,3369.114
53.920,171.247,0.009,5,5212.938,3369.879
53.930,171.249,0.009,5,5212.997,3370.645
53.940,171.251,0.009,5,5213.056,3371.411
53.950,171.253,0.009,5,5213.116,3372.176
53.960,171.254,0.009,5,5213.175,3372.942
53.970,171.256,0.009,5,5213.234,3373.707
53.980,171.258,0.009,5,5213.293,3374.473
53.990,171.260,0.009,5,5213.352,3375.238
54.000,171.262,0.009,5,5213.411,3376.004
54.010,171.264,0.009,5,5213.470,3376.770
54.020,171.266,0.009,5,5213.530,3377.535
54.030,171.268,0.009,5,5213.589,3378.301
54.040,171.270,0.009,5,5213.648,3379.067
54.050,171.272,0.009,5,5213.707,3379.832
54.060,171.274,0.009,5,5213.765,3380.598
54.070,171.276,0.009,5,5213.824,3381.364
54.080,171.278,0.009,5,5213.883,3382.129
54.090,171.280,0.009,5,5213.942,3382.895
54.100,171.282,0.009,5,5214.001,3383.661
54.110,171.284,0.009,5,5214.060,3384.426
54.120,171.285,0.009,5,5214.119,3385.192
54.130,171.287,0.009,5,5214.177,3385.958
54.140,171.289,0.009,5,5214.236,3386.723
54.150,171.291,0.009,5,5214.295,3387.489
54.160,171.293,0.009,5,5214.353,3388.255
54.170,171.295,0.009,5,5214.412,3389.021
54.180,171.297,0.009,5,5214.471,3389.787
54.190,171.299,0.009,5,5214.529,3390.552
54.200,171.301,0.009,5,5214.588,3391.318
54.210,171.303,0.009,5,5214.646,3392.084
54.220,171.305,0.009,5,5214.705,3392.850
54.230,171.307,0.009,5,5214.763,3393.615
54.240,171.309,0.009,5,5214.822,3394.381
54.250,171.311,0.009,5,5214.880,3395.147
54.260,171.312,0.009,5,5214.938,3395.913
54.270,171.314,0.009,5,5214.997,3396.679
54.280,171.316,0.009,5,5215.055,3397.445
54.290,171.318,0.009,5,5215.113,3398.210
54.300,171.320,0.009,5,5215.172,3398.976
54.310,171.322,0.009,5,5215.230,3399.742
54.320,171.324,0.009,5,5215.288,3400.508
54.330,171.326,0.009,5,5215.346,3401.274
54.340,171.328,0.009,5,5215.404,3402.040
54.350,171.330,0.009,5,5215.463,3402.806
54.360,171.332,0.009,5,5215.521,3403.572
54.370,171.333,0.009,5,5215.579,3404.338
54.380,171.335,0.009,5,5215.637,3405.104
54.390,171.337,0.009,5,5215.695,3405.870
54.400,171.339,0.009,5,5215.753,3406.636
54.410,171.341,0.009,5,5215.811,3407.401
54.420,171.343,0.009,5,5215.869,3408.167
54.430,171.345,0.009,5,5215.927,3408.933
54.440,171.347,0.009,5,5215.985,3409.699
54.450,171.349,0.009,5,5216.042,3410.465
54.460,171.351,0.009,5,5216.100,3411.231
54.470,171.352,0.009,5,5216.158,3411.997
54.480,171.354,0.009,5,5216.216,3412.763
54.490,171.356,0.009,5,5216.274,3413.529
54.500,171.358,0.009,5,5216.331,3414.296
54.510,171.360,0.009,5,5216.389,3415.062
54.520,171.362,0.009,5,5216.447,3415.828
54.530,171.364,0.009,5,5216.504,3416.594
54.540,171.366,0.009,5,5216.562,3417.360
54.550,171.368,0.009,5,5216.619,3418.126
54.560,171.370,0.009,5,5216.677,3418.892
54.570,171.371,0.009,5,5216.734,3419.658
54.580,171.373,0.009,5,5216.792,3420.424
54.590,171.375,0.009,5,5216.849,3421.190
54.600,171.377,0.009,5,5216.907,3421.956
54.610,171.379,0.009,5,5216.964,3422.722
54.620,171.381,0.009,5,5217.022,3423.489
54.630,171.383,0.009,5,5217.079,3424.255
54.640,171.385,0.009,5,5217.136,3425.021
54.650,171.387,0.009,5,5217.194,3425.787
54.660,171.388,0.009,5,5217.251,3426.553
54.670,171.390,0.009,5,5217.308,3427.319
54.680,171.392,0.009,5,5217.365,3428.086
54.690,171.394,0.009,5,5217.422,3428.852
54.700,171.396,0.009,5,5217.480,3429.618
54.710,171.398,0.009,5,5217.537,3430.384
54.720,171.400,0.009,5,5217.594,3431.150
54.730,171.402,0.009,5,5217.651,3431.917
54.740,171.403,0.009,5,5217.708,3432.683
54.750,171.405,0.009,5,5217.765,3433.449
54.760,171.407,0.009,5,5217.822,3434.215
54.770,171.409,0.009,5,5217.879,3434.982
54.780,171.411,0.009,5,5217.936,3435.748
54.790,171.413,0.009,5,5217.993,3436.514
54.800,171.415,0.009,5,5218.050,3437.281
54.810,171.417,0.009,5,5218.107,3438.047
54.820,171.418,0.009,5,5218.163,3438.813
54.830,171.420,0.008,5,5218.220,3439.579
54.840,171.422,0.008,5,5218.277,3440.346
54.850,171.424,0.008,5,5218.334,3441.112
54.860,171.426,0.008,5,5218.390,3441.878
54.870,171.428,0.008,5,5218.447,3442.645
54.880,171.430,0.008,5,5218.504,3443.411
54.890,171.431,0.008,5,5218.560,3444.178
54.900,171.433,0.008,5,5218.617,3444.944
54.910,171.435,0.008,5,5218.674,3445.710
54.920,171.437,0.008,5,5218.730,3446.477
54.930,171.439,0.008,5,5218.787,3447.243
54.940,171.441,0.008,5,5218.843,3448.010
54.950,171.443,0.008,5,5218.900,3448.776
54.960,171.444,0.008,5,5218.956,3449.542
54.970,171.446,0.008,5,5219.013,3450.309
54.980,171.448,0.008,5,5219.069,3451.075
54.990,171.450,0.008,5,5219.125,3451.842
55.000,171.452,0.008,5,5219.182,3452.608
55.010,171.454,0.008,5,5219.238,3453.375
55.020,171.456,0.008,5,5219.294,3454.141
55.030,171.457,0.008,5,5219.351,3454.908
55.040,171.459,0.008,5,5219.407,3455.674
55.050,171.461,0.008,5,5219.463,3456.441
55.060,171.463,0.008,5,5219.519,3457.207
55.070,171.465,0.008,5,5219.575,3457.974
55.080,171.467,0.008,5,5219.631,3458.740
55.090,171.468,0.008,5,5219.688,3459.507
55.100,171.470,0.008,5,5219.744,3460.273
55.110,171.472,0.008,5,5219.800,3461.040
55.120,171.474,0.008,5,5219.856,3461.806
55.130,171.476,0.008,5,5219.912,3462.573
55.140,171.478,0.008,5,5219.968,3463.339
55.150,171.479,0.008,5,5220.024,3464.106
55.160,171.481,0.008,5,5220.080,3464.873
55.170,171.483,0.008,5,5220.135,3465.639
55.180,171.485,0.008,5,5220.191,3466.406
55.190,171.487,0.008,5,5220.247,3467.172
55.200,171.489,0.008,5,5220.303,3467.939
55.210,171.490,0.008,5,5220.359,3468.706
55.220,171.492,0.008,5,5220.414,3469.472
55.230,171.494,0.008,5,5220.470,3470.239
55.240,171.496,0.008,5,5220.526,3471.006
55.250,171.498,0.008,5,5220.582,3471.772
55.260,171.500,0.008,5,5220.637,3472.539
55.270,171.501,0.008,5,5220.693,3473.306
55.280,171.503,0.008,5,5220.748,3474.072
55.290,171.505,0.008,5,5220.804,3474.839
55.300,171.507,0.008,5,5220.859,3475.606
55.310,171.509,0.008,5,5220.915,3476.372
55.320,171.511,0.008,5,5220.970,3477.139
55.330,171.512,0.008,5,5221.026,3477.906
55.340,171.514,0.008,5,5221.081,3478.673
55.350,171.516,0.008,5,5221.137,3479.439
55.360,171.518,0.008,5,5221.192,3480.206
55.370,171.520,0.008,5,5221.247,3480.973
55.380,171.521,0.008,5,5221.303,3481.740
55.390,171.523,0.008,5,5221.358,3482.506
55.400,171.525,0.008,5,5221.413,3483.273
55.410,171.527,0.008,5,5221.469,3484.040
55.420,171.529,0.008,5,5221.524,3484.807
55.430,171.531,0.008,5,5221.579,3485.574
55.440,171.532,0.008,5,5221.634,3486.340
55.450,171.534,0.008,5,5221.689,3487.107
55.460,171.536,0.008,5,5221.744,3487.874
55.470,171.538,0.008,5,5221.799,3488.641
55.480,171.540,0.008,5,5221.855,3489.408
55.490,171.541,0.008,5,5221.910,3490.175
55.500,171.543,0.008,5,5221.965,3490.941
55.510,171.545,0.008,5,5222.020,3491.708
55.520,171.547,0.008,5,5222.074,3492.475
55.530,171.549,0.008,5,5222.129,3493.242
55.540,171.550,0.008,5,5222.184,3494.009
55.550,171.552,0.008,5,5222.239,3494.776
55.560,171.554,0.008,5,5222.294,3495.543
55.570,171.556,0.008,5,5222.349,3496.310
55.580,171.558,0.008,5,5222.404,3497.077
55.590,171.559,0.008,5,5222.458,3497.844
55.600,171.561,0.008,5,5222.513,3498.611
55.610,171.563,0.008,5,5222.568,3499.378
55.620,171.565,0.008,5,5222.623,3500.144
55.630,171.567,0.008,5,5222.677,3500.911
55.640,171.568,0.008,5,5222.732,3501.678
55.650,171.570,0.008,5,5222.786,3502.445
55.660,171.572,0.008,5,5222.841,3503.212
55.670,171.574,0.008,5,5222.896,3503.979
55.680,171.576,0.008,5,5222.950,3504.746
55.690,171.577,0.008,5,5223.005,3505.513
55.700,171.579,0.008,5,5223.059,3506.280
55.710,171.581,0.008,5,5223.114,3507.047
55.720,171.583,0.008,5,5223.168,3507.815
55.730,171.585,0.008,5,5223.222,3508.582
55.740,171.586,0.008,5,5223.277,3509.349
55.750,171.588,0.008,5,5223.331,3510.116
55.760,171.590,0.008,5,5223.385,3510.883
55.770,171.592,0.008,5,5223.440,3511.650
55.780,171.593,0.008,5,5223.494,3512.417
55.790,171.595,0.008,5,5223.548,3513.184
55.800,171.597,0.008,5,5223.602,3513.951
55.810,171.599,0.008,5,5223.657,3514.718
55.820,171.601,0.008,5,5223.711,3515.485
55.830,171.602,0.008,5,5223.765,3516.253
55.840,171.604,0.008,5,5223.819,3517.020
55.850,171.606,0.008,5,5223.873,3517.787
55.860,171.608,0.008,5,5223.927,3518.554
55.870,171.609,0.008,5,5223.981,3519.321
55.880,171.611,0.008,5,5224.035,3520.088
55.890,171.613,0.008,5,5224.089,3520.855
55.900,171.615,0.008,5,5224.143,3521.623
55.910,171.617,0.008,5,5224.197,3522.390
55.920,171.618,0.008,5,5224.251,3523.157
55.930,171.620,0.008,5,5224.305,3523.924
55.940,171.622,0.008,5,5224.359,3524.691
55.950,171.624,0.008,5,5224.413,3525.459
55.960,171.625,0.008,5,5224.466,3526.226
55.970,171.627,0.008,5,5224.520,3526.993
55.980,171.629,0.008,5,5224.574,3527.760
55.990,171.631,0.008,5,5224.628,3528.528
56.000,171.632,0.008,5,5224.681,3529.295
56.010,171.634,0.008,5,5224.735,3530.062
56.020,171.636,0.008,5,5224.789,3530.829
56.030,171.638,0.008,5,5224.842,3531.597
56.040,171.640,0.008,5,5224.896,3532.364
56.050,171.641,0.008,5,5224.949,3533.131
56.060,171.643,0.008,5,5225.003,3533.899
56.070,171.645,0.008,5,5225.056,3534.666
56.080,171.647,0.008,5,5225.110,3535.433
56.090,171.648,0.008,5,5225.163,3536.201
56.100,171.650,0.008,5,5225.217,3536.968
56.110,171.652,0.008,5,5225.270,3537.735
56.120,171.654,0.008,5,5225.324,3538.503
56.130,171.655,0.008,5,5225.377,3539.270
56.140,171.657,0.008,5,5225.430,3540.037
56.150,171.659,0.008,5,5225.484,3540.805
56.160,171.661,0.008,5,5225.537,3541.572
56.170,171.662,0.008,5,5225.590,3542.340
56.180,171.664,0.008,5,5225.643,3543.107
56.190,171.666,0.008,5,5225.697,3543.874
56.200,171.668,0.008,5,5225.750,3544.642
56.210,171.669,0.008,5,5225.803,3545.409
56.220,171.671,0.008,5,5225.856,3546.177
56.230,171.673,0.008,5,5225.909,3546.944
56.240,171.675,0.008,5,5225.962,3547.712
56.250,171.676,0.008,5,5226.015,3548.479
56.260,171.678,0.008,5,5226.068,3549.247
56.270,171.680,0.008,5,5226.121,3550.014
56.280,171.682,0.008,5,5226.174,3550.782
56.290,171.683,0.008,5,5226.227,3551.549
56.300,171.685,0.008,5,5226.280,3552.317
56.310,171.687,0.008,5,5226.333,3553.084
56.320,171.688,0.008,5,5226.386,3553.852
56.330,171.690,0.008,5,5226.439,3554.619
56.340,171.692,0.008,5,5226.492,3555.387
56.350,171.694,0.008,5,5226.544,3556.154
56.360,171.695,0.008,5,5226.597,3556.922
56.370,171.697,0.008,5,5226.650,3557.689
56.380,171.699,0.008,5,5226.703,3558.457
56.390,171.701,0.008,5,5226.755,3559.224
56.400,171.702,0.008,5,5226.808,3559.992
56.410,171.704,0.008,5,5226.861,3560.760
56.420,171.706,0.008,5,5226.913,3561.527
56.430,171.708,0.008,5,5226.966,3562.295
56.440,171.709,0.008,5,5227.019,3563.062
56.450,171.711,0.008,5,5227.071,3563.830
56.460,171.713,0.008,5,5227.124,3564.598
56.470,171.714,0.008,5,5227.176,3565.365
56.480,171.716,0.008,5,5227.229,3566.133
56.490,171.718,0.008,5,5227.281,3566.900
56.500,171.720,0.008,5,5227.333,3567.668
56.510,171.721,0.008,5,5227.386,3568.436
56.520,171.723,0.008,5,5227.438,3569.203
56.530,171.725,0.008,5,5227.491,3569.971
56.540,171.726,0.008,5,5227.543,3570.739
56.550,171.728,0.008,5,5227.595,3571.507
56.560,171.730,0.008,5,5227.647,3572.274
56.570,171.732,0.008,5,5227.700,3573.042
56.580,171.733,0.008,5,5227.752,3573.810
56.590,171.735,0.008,5,5227.804,3574.577
56.600,171.737,0.008,5,5227.856,3575.345
56.610,171.738,0.008,5,5227.908,3576.113
56.620,171.740,0.008,5,5227.960,3576.881
56.630,171.742,0.008,5,5228.013,3577.648
56.640,171.744,0.008,5,5228.065,3578.416
56.650,171.745,0.008,5,5228.117,3579.184
56.660,171.747,0.008,5,5228.169,3579.952
56.670,171.749,0.008,5,5228.221,3580.719
56.680,171.750,0.008,5,5228.273,3581.487
56.690,171.752,0.008,5,5228.325,3582.255
56.700,171.754,0.008,5,5228.377,3583.023
56.710,171.756,0.008,5,5228.428,3583.791
56.720,171.757,0.008,5,5228.480,3584.558
56.730,171.759,0.008,5,5228.532,3585.326
56.740,171.761,0.008,5,5228.584,3586.094
56.750,171.762,0.008,5,5228.636,3586.862
56.760,171.764,0.008,5,5228.687,3587.630
56.770,171.766,0.008,5,5228.739,3588.398
56.780,171.767,0.008,5,5228.791,3589.166
56.790,171.769,0.008,5,5228.843,3589.933
56.800,171.771,0.008,5,5228.894,3590.701
56.810,171.773,0.008,5,5228.946,3591.469
56.820,171.774,0.008,5,5228.998,3592.237
56.830,171.776,0.008,5,5229.049,3593.005
56.840,171.778,0.008,5,5229.101,3593.773
56.850,171.779,0.008,5,5229.152,3594.541
56.860,171.781,0.008,5,5229.204,3595.309
56.870,171.783,0.008,5,5229.255,3596.077
56.880,171.784,0.008,5,5229.307,3596.845
56.890,171.786,0.008,5,5229.358,3597.613
56.900,171.788,0.008,5,5229.410,3598.381
56.910,171.789,0.008,5,5229.461,3599.149
56.920,171.791,0.008,5,5229.512,3599.917
56.930,171.793,0.008,5,5229.564,3600.684
56.940,171.795,0.008,5,5229.615,3601.452
56.950,171.796,0.008,5,5229.666,3602.220
56.960,171.798,0.008,5,5229.718,3602.988
56.970,171.800,0.008,5,5229.769,3603.756
56.980,171.801,0.008,5,5229.820,3604.525
56.990,171.803,0.008,5,5229.871,3605.293
57.000,171.805,0.008,5,5229.922,3606.061
57.010,171.806,0.008,5,5229.974,3606.829
57.020,171.808,0.008,5,5230.025,3607.597
57.030,171.810,0.008,5,5230.076,3608.365
57.040,171.811,0.008,5,5230.127,3609.133
57.050,171.813,0.008,5,5230.178,3609.901
57.060,171.815,0.008,5,5230.229,3610.669
57.070,171.816,0.008,5,5230.280,3611.437
57.080,171.818,0.008,5,5230.331,3612.205
57.090,171.820,0.008,5,5230.382,3612.973
57.100,171.821,0.008,5,5230.433,3613.741
57.110,171.823,0.008,5,5230.484,3614.509
57.120,171.825,0.008,5,5230.535,3615.278
57.130,171.826,0.008,5,5230.585,3616.046
57.140,171.828,0.008,5,5230.636,3616.814
57.150,171.830,0.008,5,5230.687,3617.582
57.160,171.831,0.008,5,5230.738,3618.350
57.170,171.833,0.008,5,5230.789,3619.118
57.180,171.835,0.008,5,5230.839,3619.886
57.190,171.836,0.008,5,5230.890,3620.655
57.200,171.838,0.008,5,5230.941,3621.423
57.210,171.840,0.008,5,5230.991,3622.191
57.220,171.841,0.008,5,5231.042,3622.959
57.230,171.843,0.008,5,5231.093,3623.727
57.240,171.845,0.008,5,5231.143,3624.496
57.250,171.846,0.008,5,5231.194,3625.264
57.260,171.848,0.008,5,5231.244,3626.032
57.270,171.850,0.008,5,5231.295,3626.800
57.280,171.851,0.008,5,5231.345,3627.569
57.290,171.853,0.008,5,5231.396,3628.337
57.300,171.855,0.008,5,5231.446,3629.105
57.310,171.856,0.008,5,5231.497,3629.873
57.320,171.858,0.008,5,5231.547,3630.642
57.330,171.860,0.008,5,5231.597,3631.410
57.340,171.861,0.008,5,5231.648,3632.178
57.350,171.863,0.008,5,5231.698,3632.946
57.360,171.865,0.008,5,5231.748,3633.715
57.370,171.866,0.008,5,5231.799,3634.483
57.380,171.868,0.008,5,5231.849,3635.251
57.390,171.870,0.008,5,5231.899,3636.020
57.400,171.871,0.008,5,5231.949,3636.788
57.410,171.873,0.008,5,5231.999,3637.556
57.420,171.875,0.008,5,5232.050,3638.325
57.430,171.876,0.007,5,5232.100,3639.093
57.440,171.878,0.007,5,5232.150,3639.861
57.450,171.879,0.007,5,5232.200,3640.630
57.460,171.881,0.007,5,5232.250,3641.398
57.470,171.883,0.007,5,5232.300,3642.167
57.480,171.884,0.007,5,5232.350,3642.935
57.490,171.886,0.007,5,5232.400,3643.703
57.500,171.888,0.007,5,5232.450,3644.472
57.510,171.889,0.007,5,5232.500,3645.240
57.520,171.891,0.007,5,5232.550,3646.009
57.530,171.893,0.007,5,5232.600,3646.777
57.540,171.894,0.007,5,5232.649,3647.545
57.550,171.896,0.007,5,5232.699,3648.314
57.560,171.898,0.007,5,5232.749,3649.082
57.570,171.899,0.007,5,5232.799,3649.851
57.580,171.901,0.007,5,5232.849,3650.619
57.590,171.902,0.007,5,5232.898,3651.388
57.600,171.904,0.007,5,5232.948,3652.156
57.610,171.906,0.007,5,5232.998,3652.925
57.620,171.907,0.007,5,5233.047,3653.693
57.630,171.909,0.007,5,5233.097,3654.462
57.640,171.911,0.007,5,5233.147,3655.230
57.650,171.912,0.007,5,5233.196,3655.999
57.660,171.914,0.007,5,5233.246,3656.767
57.670,171.915,0.007,5,5233.295,3657.536
57.680,171.917,0.007,5,5233.345,3658.304
57.690,171.919,0.007,5,5233.394,3659.073
57.700,171.920,0.007,5,5233.444,3659.841
57.710,171.922,0.007,5,5233.493,3660.610
57.720,171.924,0.007,5,5233.543,3661.379
57.730,171.925,0.007,5,5233.592,3662.147
57.740,171.927,0.007,5,5233.642,3662.916
57.750,171.928,0.007,5,5233.691,3663.684
57.760,171.930,0.007,5,5233.740,3664.453
57.770,171.932,0.007,5,5233.790,3665.221
57.780,171.933,0.007,5,5233.839,3665.990
57.790,171.935,0.007,5,5233.888,3666.759
57.800,171.937,0.007,5,5233.937,3667.527
57.810,171.938,0.007,5,5233.987,3668.296
57.820,171.940,0.007,5,5234.036,3669.065
57.830,171.941,0.007,5,5234.085,3669.833
57.840,171.943,0.007,5,5234.134,3670.602
57.850,171.945,0.007,5,5234.183,3671.371
57.860,171.946,0.007,5,5234.232,3672.139
57.870,171.948,0.007,5,5234.281,3672.908
57.880,171.949,0.007,5,5234.330,3673.677
57.890,171.951,0.007,5,5234.379,3674.445
57.900,171.953,0.007,5,5234.428,3675.214
57.910,171.954,0.007,5,5234.477,3675.983
57.920,171.956,0.007,5,5234.526,3676.751
57.930,171.958,0.007,5,5234.575,3677.520
57.940,171.959,0.007,5,5234.624,3678.289
57.950,171.961,0.007,5,5234.673,3679.058
57.960,171.962,0.007,5,5234.722,3679.826
57.970,171.964,0.007,5,5234.771,3680.595
57.980,171.966,0.007,5,5234.820,3681.364
57.990,171.967,0.007,5,5234.868,3682.133
58.000,171.969,0.007,5,5234.917,3682.901
58.010,171.970,0.007,5,5234.966,3683.670
58.020,171.972,0.007,5,5235.015,3684.439
58.030,171.974,0.007,5,5235.063,3685.208
58.040,171.975,0.007,5,5235.112,3685.976
58.050,171.977,0.007,5,5235.161,3686.745
58.060,171.978,0.007,5,5235.209,3687.514
58.070,171.980,0.007,5,5235.258,3688.283
58.080,171.982,0.007,5,5235.306,3689.052
58.090,171.983,0.007,5,5235.355,3689.821
58.100,171.985,0.007,5,5235.404,3690.589
58.110,171.986,0.007,5,5235.452,3691.358
58.120,171.988,0.007,5,5235.501,3692.127
58.130,171.989,0.007,5,5235.549,3692.896
58.140,171.991,0.007,5,5235.597,3693.665
58.150,171.993,0.007,5,5235.646,3694.434
58.160,171.994,0.007,5,5235.694,3695.203
58.170,171.996,0.007,5,5235.743,3695.971
58.180,171.997,0.007,5,5235.791,3696.740
58.190,171.999,0.007,5,5235.839,3697.509
58.200,172.001,0.007,5,5235.888,3698.278
58.210,172.002,0.007,5,5235.936,3699.047
58.220,172.004,0.007,5,5235.984,3699.816
58.230,172.005,0.007,5,5236.032,3700.585
58.240,172.007,0.007,5,5236.081,3701.354
58.250,172.009,0.007,5,5236.129,3702.123
58.260,172.010,0.007,5,5236.177,3702.892
58.270,172.012,0.007,5,5236.225,3703.661
58.280,172.013,0.007,5,5236.273,3704.430
58.290,172.015,0.007,5,5236.321,3705.199
58.300,172.016,0.007,5,5236.369,3705.968
58.310,172.018,0.007,5,5236.417,3706.737
58.320,172.020,0.007,5,5236.465,3707.506
58.330,172.021,0.007,5,5236.513,3708.275
58.340,172.023,0.007,5,5236.561,3709.044
58.350,172.024,0.007,5,5236.609,3709.813
58.360,172.026,0.007,5,5236.657,3710.582
58.370,172.027,0.007,5,5236.705,3711.351
58.380,172.029,0.007,5,5236.753,3712.120
58.390,172.031,0.007,5,5236.801,3712.889
58.400,172.032,0.007,5,5236.849,3713.658
58.410,172.034,0.007,5,5236.896,3714.427
58.420,172.035,0.007,5,5236.944,3715.196
58.430,172.037,0.007,5,5236.992,3715.965
58.440,172.038,0.007,5,5237.040,3716.734
58.450,172.040,0.007,5,5237.087,3717.503
58.460,172.042,0.007,5,5237.135,3718.272
58.470,172.043,0.007,5,5237.183,3719.041
58.480,172.045,0.007,5,5237.230,3719.811
58.490,172.046,0.007,5,5237.278,3720.580
58.500,172.048,0.007,5,5237.326,3721.349
58.510,172.049,0.007,5,5237.373,3722.118
58.520,172.051,0.007,5,5237.421,3722.887
58.530,172.053,0.007,5,5237.468,3723.656
58.540,172.054,0.007,5,5237.516,3724.425
58.550,172.056,0.007,5,5237.563,3725.194
58.560,172.057,0.007,5,5237.611,3725.964
58.570,172.059,0.007,5,5237.658,3726.733
58.580,172.060,0.007,5,5237.706,3727.502
58.590,172.062,0.007,5,5237.753,3728.271
58.600,172.063,0.007,5,5237.800,3729.040
58.610,172.065,0.007,5,5237.848,3729.810
58.620,172.067,0.007,5,5237.895,3730.579
58.630,172.068,0.007,5,5237.942,3731.348
58.640,172.070,0.007,5,5237.990,3732.117
58.650,172.071,0.007,5,5238.037,3732.886
58.660,172.073,0.007,5,5238.084,3733.656
58.670,172.074,0.007,5,5238.131,3734.425
58.680,172.076,0.007,5,5238.179,3735.194
58.690,172.077,0.007,5,5238.226,3735.963
58.700,172.079,0.007,5,5238.273,3736.733
58.710,172.081,0.007,5,5238.320,3737.502
58.720,172.082,0.007,5,5238.367,3738.271
58.730,172.084,0.007,5,5238.414,3739.040
58.740,172.085,0.007,5,5238.461,3739.810
58.750,172.087,0.007,5,5238.508,3740.579
58.760,172.088,0.007,5,5238.555,3741.348
58.770,172.090,0.007,5,5238.602,3742.118
58.780,172.091,0.007,5,5238.649,3742.887
58.790,172.093,0.007,5,5238.696,3743.656
58.800,172.094,0.007,5,5238.743,3744.426
58.810,172.096,0.007,5,5238.790,3745.195
58.820,172.098,0.007,5,5238.837,3745.964
58.830,172.099,0.007,5,5238.884,3746.734
58.840,172.101,0.007,5,5238.931,3747.503
58.850,172.102,0.007,5,5238.977,3748.272
58.860,172.104,0.007,5,5239.024,3749.042
58.870,172.105,0.007,5,5239.071,3749.811
58.880,172.107,0.007,5,5239.118,3750.581
58.890,172.108,0.007,5,5239.164,3751.350
58.900,172.110,0.007,5,5239.211,3752.119
58.910,172.111,0.007,5,5239.258,3752.889
58.920,172.113,0.007,5,5239.304,3753.658
58.930,172.114,0.007,5,5239.351,3754.428
58.940,172.116,0.007,5,5239.398,3755.197
58.950,172.117,0.007,5,5239.444,3755.966
58.960,172.119,0.007,5,5239.491,3756.736
58.970,172.121,0.007,5,5239.537,3757.505
58.980,172.122,0.007,5,5239.584,3758.275
58.990,172.124,0.007,5,5239.630,3759.044
59.000,172.125,0.007,5,5239.677,3759.814
59.010,172.127,0.007,5,5239.723,3760.583
59.020,172.128,0.007,5,5239.770,3761.353
59.030,172.130,0.007,5,5239.816,3762.122
59.040,172.131,0.007,5,5239.862,3762.892
59.050,172.133,0.007,5,5239.909,3763.661
59.060,172.134,0.007,5,5239.955,3764.431
59.070,172.136,0.007,5,5240.001,3765.200
59.080,172.137,0.007,5,5240.048,3765.970
59.090,172.139,0.007,5,5240.094,3766.739
59.100,172.140,0.007,5,5240.140,3767.509
59.110,172.142,0.007,5,5240.187,3768.278
59.120,172.143,0.007,5,5240.233,3769.048
59.130,172.145,0.007,5,5240.279,3769.817
59.140,172.146,0.007,5,5240.325,3770.587
59.150,172.148,0.007,5,5240.371,3771.357
59.160,172.149,0.007,5,5240.417,3772.126
59.170,172.151,0.007,5,5240.463,3772.896
59.180,172.152,0.007,5,5240.509,3773.665
59.190,172.154,0.007,5,5240.555,3774.435
59.200,172.155,0.007,5,5240.602,3775.204
59.210,172.157,0.007,5,5240.648,3775.974
59.220,172.158,0.007,5,5240.693,3776.744
59.230,172.160,0.007,5,5240.739,3777.513
59.240,172.162,0.007,5,5240.785,3778.283
59.250,172.163,0.007,5,5240.831,3779.053
59.260,172.165,0.007,5,5240.877,3779.822
59.270,172.166,0.007,5,5240.923,3780.592
59.280,172.168,0.007,5,5240.969,3781.362
59.290,172.169,0.007,5,5241.015,3782.131
59.300,172.171,0.007,5,5241.061,3782.901
59.310,172.172,0.007,5,5241.106,3783.671
59.320,172.174,0.007,5,5241.152,3784.440
59.330,172.175,0.007,5,5241.198,3785.210
59.340,172.177,0.007,5,5241.244,3785.980
59.350,172.178,0.007,5,5241.289,3786.749
59.360,172.180,0.007,5,5241.335,3787.519
59.370,172.181,0.007,5,5241.381,3788.289
59.380,172.183,0.007,5,5241.426,3789.058
59.390,172.184,0.007,5,5241.472,3789.828
59.400,172.186,0.007,5,5241.517,3790.598
59.410,172.187,0.007,5,5241.563,3791.368
59.420,172.189,0.007,5,5241.608,3792.137
59.430,172.190,0.007,5,5241.654,3792.907
59.440,172.192,0.007,5,5241.699,3793.677
59.450,172.193,0.007,5,5241.745,3794.447
59.460,172.195,0.007,5,5241.790,3795.216
59.470,172.196,0.007,5,5241.836,3795.986
59.480,172.198,0.007,5,5241.881,3796.756
59.490,172.199,0.007,5,5241.927,3797.526
59.500,172.200,0.007,5,5241.972,3798.296
59.510,172.202,0.007,5,5242.017,3799.065
59.520,172.203,0.007,5,5242.063,3799.835
59.530,172.205,0.007,5,5242.108,3800.605
59.540,172.206,0.007,5,5242.153,3801.375
59.550,172.208,0.007,5,5242.198,3802.145
59.560,172.209,0.007,5,5242.244,3802.915
59.570,172.211,0.007,5,5242.289,3803.684
59.580,172.212,0.007,5,5242.334,3804.454
59.590,172.214,0.007,5,5242.379,3805.224
59.600,172.215,0.007,5,5242.424,3805.994
59.610,172.217,0.007,5,5242.469,3806.764
59.620,172.218,0.007,5,5242.515,3807.534
59.630,172.220,0.007,5,5242.560,3808.304
59.640,172.221,0.007,5,5242.605,3809.074
59.650,172.223,0.007,5,5242.650,3809.844
59.660,172.224,0.007,5,5242.695,3810.613
59.670,172.226,0.007,5,5242.740,3811.383
59.680,172.227,0.007,5,5242.785,3812.153
59.690,172.229,0.007,5,5242.830,3812.923
59.700,172.230,0.007,5,5242.875,3813.693
59.710,172.232,0.007,5,5242.919,3814.463
59.720,172.233,0.007,5,5242.964,3815.233
59.730,172.235,0.007,5,5243.009,3816.003
59.740,172.236,0.007,5,5243.054,3816.773
59.750,172.238,0.007,5,5243.099,3817.543
59.760,172.239,0.007,5,5243.144,3818.313
59.770,172.240,0.007,5,5243.188,3819.083
59.780,172.242,0.007,5,5243.233,3819.853
59.790,172.243,0.007,5,5243.278,3820.623
59.800,172.245,0.007,5,5243.323,3821.393
59.810,172.246,0.007,5,5243.367,3822.163
59.820,172.248,0.007,5,5243.412,3822.933
59.830,172.249,0.007,5,5243.457,3823.703
59.840,172.251,0.007,5,5243.501,3824.473
59.850,172.252,0.007,5,5243.546,3825.243
59.860,172.254,0.007,5,5243.590,3826.013
59.870,172.255,0.007,5,5243.635,3826.783
59.880,172.257,0.007,5,5243.679,3827.553
59.890,172.258,0.007,5,5243.724,3828.323
59.900,172.260,0.007,5,5243.769,3829.093
59.910,172.261,0.007,5,5243.813,3829.863
59.920,172.262,0.007,5,5243.857,3830.633
59.930,172.264,0.007,5,5243.902,3831.403
59.940,172.265,0.007,5,5243.946,3832.174
59.950,172.267,0.007,5,5243.991,3832.944
59.960,172.268,0.007,5,5244.035,3833.714
59.970,172.270,0.007,5,5244.079,3834.484
59.980,172.271,0.007,5,5244.124,3835.254
59.990,172.273,0.007,5,5244.168,3836.024
60.000,172.274,0.007,5,5244.212,3836.794
60.010,172.276,0.007,5,5244.257,3837.564
60.020,172.277,0.007,5,5244.301,3838.335
60.030,172.278,0.007,5,5244.345,3839.105
60.040,172.280,0.007,5,5244.389,3839.875
60.050,172.281,0.007,5,5244.433,3840.645
60.060,172.283,0.007,5,5244.477,3841.415
60.070,172.284,0.007,5,5244.522,3842.185
60.080,172.286,0.007,5,5244.566,3842.956
60.090,172.287,0.007,5,5244.610,3843.726
60.100,172.289,0.007,5,5244.654,3844.496
60.110,172.290,0.007,5,5244.698,3845.266
60.120,172.291,0.007,5,5244.742,3846.036
60.130,172.293,0.007,5,5244.786,3846.807
60.140,172.294,0.007,5,5244.830,3847.577
60.150,172.296,0.007,5,5244.874,3848.347
60.160,172.297,0.007,5,5244.918,3849.117
60.170,172.299,0.007,5,5244.962,3849.888
60.180,172.300,0.007,5,5245.006,3850.658
60.190,172.302,0.007,5,5245.050,3851.428
60.200,172.303,0.007,5,5245.093,3852.198
60.210,172.304,0.007,5,5245.137,3852.969
60.220,172.306,0.007,5,5245.181,3853.739
60.230,172.307,0.007,5,5245.225,3854.509
60.240,172.309,0.007,5,5245.269,3855.279
60.250,172.310,0.007,5,5245.312,3856.050
60.260,172.312,0.007,5,5245.356,3856.820
60.270,172.313,0.007,5,5245.400,3857.590
60.280,172.315,0.007,5,5245.443,3858.361
60.290,172.316,0.007,5,5245.487,3859.131
60.300,172.317,0.007,5,5245.531,3859.901
60.310,172.319,0.007,5,5245.574,3860.672
60.320,172.320,0.007,5,5245.618,3861.442
60.330,172.322,0.007,5,5245.662,3862.212
60.340,172.323,0.007,5,5245.705,3862.983
60.350,172.325,0.007,5,5245.749,3863.753
60.360,172.326,0.007,5,5245.792,3864.523
60.370,172.327,0.007,5,5245.836,3865.294
60.380,172.329,0.007,5,5245.879,3866.064
60.390,172.330,0.007,5,5245.923,3866.834
60.400,172.332,0.006,5,5245.966,3867.605
60.410,172.333,0.006,5,5246.009,3868.375
60.420,172.335,0.006,5,5246.053,3869.146
60.430,172.336,0.006,5,5246.096,3869.916
60.440,172.337,0.006,5,5246.140,3870.687
60.450,172.339,0.006,5,5246.183,3871.457
60.460,172.340,0.006,5,5246.226,3872.227
60.470,172.342,0.006,5,5246.269,3872.998
60.480,172.343,0.006,5,5246.313,3873.768
60.490,172.345,0.006,5,5246.356,3874.539
60.500,172.346,0.006,5,5246.399,3875.309
60.510,172.347,0.006,5,5246.442,3876.080
60.520,172.349,0.006,5,5246.486,3876.850
60.530,172.350,0.006,5,5246.529,3877.621
60.540,172.352,0.006,5,5246.572,3878.391
60.550,172.353,0.006,5,5246.615,3879.161
60.560,172.354,0.006,5,5246.658,3879.932
60.570,172.356,0.006,5,5246.701,3880.702
60.580,172.357,0.006,5,5246.744,3881.473
60.590,172.359,0.006,5,5246.787,3882.244
60.600,172.360,0.006,5,5246.830,3883.014
60.610,172.361,0.006,5,5246.873,3883.785
60.620,172.363,0.006,5,5246.916,3884.555
60.630,172.364,0.006,5,5246.959,3885.326
60.640,172.366,0.006,5,5247.002,3886.096
60.650,172.367,0.006,5,5247.045,3886.867
60.660,172.369,0.006,5,5247.088,3887.637
60.670,172.370,0.006,5,5247.131,3888.408
60.680,172.371,0.006,5,5247.174,3889.178
60.690,172.373,0.006,5,5247.216,3889.949
60.700,172.374,0.006,5,5247.259,3890.720
60.710,172.376,0.006,5,5247.302,3891.490
60.720,172.377,0.006,5,5247.345,3892.261
60.730,172.378,0.006,5,5247.388,3893.031
60.740,172.380,0.006,5,5247.430,3893.802
60.750,172.381,0.006,5,5247.473,3894.573
60.760,172.383,0.006,5,5247.516,3895.343
60.770,172.384,0.006,5,5247.558,3896.114
60.780,172.385,0.006,5,5247.601,3896.884
60.790,172.387,0.006,5,5247.644,3897.655
60.800,172.388,0.006,5,5247.686,3898.426
60.810,172.390,0.006,5,5247.729,3899.196
60.820,172.391,0.006,5,5247.771,3899.967
60.830,172.392,0.006,5,5247.814,3900.738
60.840,172.394,0.006,5,5247.856,3901.508
60.850,172.395,0.006,5,5247.899,3902.279
60.860,172.397,0.006,5,5247.941,3903.050
60.870,172.398,0.006,5,5247.984,3903.820
60.880,172.399,0.006,5,5248.026,3904.591
60.890,172.401,0.006,5,5248.069,3905.362
60.900,172.402,0.006,5,5248.111,3906.132
60.910,172.404,0.006,5,5248.153,3906.903
60.920,172.405,0.006,5,5248.196,3907.674
60.930,172.406,0.006,5,5248.238,3908.445
60.940,172.408,0.006,5,5248.280,3909.215
60.950,172.409,0.006,5,5248.323,3909.986
60.960,172.410,0.006,5,5248.365,3910.757
60.970,172.412,0.006,5,5248.407,3911.528
60.980,172.413,0.006,5,5248.449,3912.298
60.990,172.415,0.006,5,5248.492,3913.069
61.000,172.416,0.006,5,5248.534,3913.840
61.010,172.417,0.006,5,5248.576,3914.611
61.020,172.419,0.006,5,5248.618,3915.381
61.030,172.420,0.006,5,5248.660,3916.152
61.040,172.422,0.006,5,5248.702,3916.923
61.050,172.423,0.006,5,5248.744,3917.694
61.060,172.424,0.006,5,5248.787,3918.465
61.070,172.426,0.006,5,5248.829,3919.235
61.080,172.427,0.006,5,5248.871,3920.006
61.090,172.428,0.006,5,5248.913,3920.777
61.100,172.430,0.006,5,5248.955,3921.548
61.110,172.431,0.006,5,5248.997,3922.319
61.120,172.433,0.006,5,5249.039,3923.090
61.130,172.434,0.006,5,5249.080,3923.860
61.140,172.435,0.006,5,5249.122,3924.631
61.150,172.437,0.006,5,5249.164,3925.402
61.160,172.438,0.006,5,5249.206,3926.173
61.170,172.440,0.006,5,5249.248,3926.944
61.180,172.441,0.006,5,5249.290,3927.715
61.190,172.442,0.006,5,5249.332,3928.486
61.200,172.444,0.006,5,5249.373,3929.256
61.210,172.445,0.006,5,5249.415,3930.027
61.220,172.446,0.006,5,5249.457,3930.798
61.230,172.448,0.006,5,5249.499,3931.569
61.240,172.449,0.006,5,5249.540,3932.340
61.250,172.450,0.006,5,5249.582,3933.111
61.260,172.452,0.006,5,5249.624,3933.882
61.270,172.453,0.006,5,5249.665,3934.653
61.280,172.455,0.006,5,5249.707,3935.424
61.290,172.456,0.006,5,5249.749,3936.195
61.300,172.457,0.006,5,5249.790,3936.966
61.310,172.459,0.006,5,5249.832,3937.737
61.320,172.460,0.006,5,5249.873,3938.508
61.330,172.461,0.006,5,5249.915,3939.279
61.340,172.463,0.006,5,5249.956,3940.050
61.350,172.464,0.006,5,5249.998,3940.821
61.360,172.465,0.006,5,5250.039,3941.592
61.370,172.467,0.006,5,5250.081,3942.363
61.380,172.468,0.006,5,5250.122,3943.134
61.390,172.470,0.006,5,5250.163,3943.905
61.400,172.471,0.006,5,5250.205,3944.676
61.410,172.472,0.006,5,5250.246,3945.447
61.420,172.474,0.006,5,5250.288,3946.218
61.430,172.475,0.006,5,5250.329,3946.989
61.440,172.476,0.006,5,5250.370,3947.760
61.450,172.478,0.006,5,5250.411,3948.531
61.460,172.479,0.006,5,5250.453,3949.302
61.470,172.480,0.006,5,5250.494,3950.073
61.480,172.482,0.006,5,5250.535,3950.844
61.490,172.483,0.006,5,5250.576,3951.615
61.500,172.484,0.006,5,5250.618,3952.386
61.510,172.486,0.006,5,5250.659,3953.157
61.520,172.487,0.006,5,5250.700,3953.928
61.530,172.489,0.006,5,5250.741,3954.699
61.540,172.490,0.006,5,5250.782,3955.470
61.550,172.491,0.006,5,5250.823,3956.242
61.560,172.493,0.006,5,5250.864,3957.013
61.570,172.494,0.006,5,5250.905,3957.784
61.580,172.495,0.006,5,5250.946,3958.555
61.590,172.497,0.006,5,5250.987,3959.326
61.600,172.498,0.006,5,5251.028,3960.097
61.610,172.499,0.006,5,5251.069,3960.868
61.620,172.501,0.006,5,5251.110,3961.639
61.630,172.502,0.006,5,5251.151,3962.411
61.640,172.503,0.006,5,5251.192,3963.182
61.650,172.505,0.006,5,5251.233,3963.953
61.660,172.506,0.006,5,5251.274,3964.724
61.670,172.507,0.006,5,5251.315,3965.495
61.680,172.509,0.006,5,5251.355,3966.266
61.690,172.510,0.006,5,5251.396,3967.038
61.700,172.511,0.006,5,5251.437,3967.809
61.710,172.513,0.006,5,5251.478,3968.580
61.720,172.514,0.006,5,5251.519,3969.351
61.730,172.515,0.006,5,5251.559,3970.122
61.740,172.517,0.006,5,5251.600,3970.894
61.750,172.518,0.006,5,5251.641,3971.665
61.760,172.519,0.006,5,5251.681,3972.436
61.770,172.521,0.006,5,5251.722,3973.207
61.780,172.522,0.006,5,5251.763,3973.979
61.790,172.523,0.006,5,5251.803,3974.750
61.800,172.525,0.006,5,5251.844,3975.521
61.810,172.526,0.006,5,5251.884,3976.292
61.820,172.527,0.006,5,5251.925,3977.064
61.830,172.529,0.006,5,5251.965,3977.835
61.840,172.530,0.006,5,5252.006,3978.606
61.850,172.531,0.006,5,5252.046,3979.377
61.860,172.533,0.006,5,5252.087,3980.149
61.870,172.534,0.006,5,5252.127,3980.920
61.880,172.535,0.006,5,5252.168,3981.691
61.890,172.537,0.006,5,5252.208,3982.463
61.900,172.538,0.006,5,5252.249,3983.234
61.910,172.539,0.006,5,5252.289,3984.005
61.920,172.541,0.006,5,5252.329,3984.777
61.930,172.542,0.006,5,5252.370,3985.548
61.940,172.543,0.006,5,5252.410,3986.319
61.950,172.545,0.006,5,5252.450,3987.091
61.960,172.546,0.006,5,5252.491,3987.862
61.970,172.547,0.006,5,5252.531,3988.633
61.980,172.549,0.006,5,5252.571,3989.405
61.990,172.550,0.006,5,5252.611,3990.176
62.000,172.551,0.006,5,5252.652,3990.947
62.010,172.553,0.006,5,5252.692,3991.719
62.020,172.554,0.006,5,5252.732,3992.490
62.030,172.555,0.006,5,5252.772,3993.262
62.040,172.557,0.006,5,5252.812,3994.033
62.050,172.558,0.006,5,5252.852,3994.804
62.060,172.559,0.006,5,5252.892,3995.576
62.070,172.561,0.006,5,5252.932,3996.347
62.080,172.562,0.006,5,5252.972,3997.119
62.090,172.563,0.006,5,5253.012,3997.890
62.100,172.564,0.006,5,5253.052,3998.661
62.110,172.566,0.006,5,5253.092,3999.433
62.120,172.567,0.006,5,5253.132,4000.204
62.130,172.568,0.006,5,5253.172,4000.976
62.140,172.570,0.006,5,5253.212,4001.747
62.150,172.571,0.006,5,5253.252,4002.519
62.160,172.572,0.006,5,5253.292,4003.290
62.170,172.574,0.006,5,5253.332,4004.062
62.180,172.575,0.006,5,5253.372,4004.833
62.190,172.576,0.006,5,5253.412,4005.605
62.200,172.578,0.006,5,5253.451,4006.376
62.210,172.579,0.006,5,5253.491,4007.148
62.220,172.580,0.006,5,5253.531,4007.919
62.230,172.582,0.006,5,5253.571,4008.691
62.240,172.583,0.006,5,5253.610,4009.462
62.250,172.584,0.006,5,5253.650,4010.234
62.260,172.585,0.006,5,5253.690,4011.005
62.270,172.587,0.006,5,5253.730,4011.777
62.280,172.588,0.006,5,5253.769,4012.548
62.290,172.589,0.006,5,5253.809,4013.320
62.300,172.591,0.006,5,5253.848,4014.091
62.310,172.592,0.006,5,5253.888,4014.863
62.320,172.593,0.006,5,5253.928,4015.634
62.330,172.595,0.006,5,5253.967,4016.406
62.340,172.596,0.006,5,5254.007,4017.178
62.350,172.597,0.006,5,5254.046,4017.949
62.360,172.598,0.006,5,5254.086,4018.721
62.370,172.600,0.006,5,5254.125,4019.492
62.380,172.601,0.006,5,5254.165,4020.264
62.390,172.602,0.006,5,5254.204,4021.035
62.400,172.604,0.006,5,5254.244,4021.807
62.410,172.605,0.006,5,5254.283,4022.579
62.420,172.606,0.006,5,5254.322,4023.350
62.430,172.607,0.006,5,5254.362,4024.122
62.440,172.609,0.006,5,5254.401,4024.894
62.450,172.610,0.006,5,5254.440,4025.665
62.460,172.611,0.006,5,5254.480,4026.437
62.470,172.613,0.006,5,5254.519,4027.208
62.480,172.614,0.006,5,5254.558,4027.980
62.490,172.615,0.006,5,5254.598,4028.752
62.500,172.617,0.006,5,5254.637,4029.523
62.510,172.618,0.006,5,5254.676,4030.295
62.520,172.619,0.006,5,5254.715,4031.067
62.530,172.620,0.006,5,5254.754,4031.838
62.540,172.622,0.006,5,5254.794,4032.610
62.550,172.623,0.006,5,5254.833,4033.382
62.560,172.624,0.006,5,5254.872,4034.154
62.570,172.626,0.006,5,5254.911,4034.925
62.580,172.627,0.006,5,5254.950,4035.697
62.590,172.628,0.006,5,5254.989,4036.469
62.600,172.629,0.006,5,5255.028,4037.240
62.610,172.631,0.006,5,5255.067,4038.012
62.620,172.632,0.006,5,5255.106,4038.784
62.630,172.633,0.006,5,5255.145,4039.556
62.640,172.635,0.006,5,5255.184,4040.327
62.650,172.636,0.006,5,5255.223,4041.099
62.660,172.637,0.006,5,5255.262,4041.871
62.670,172.638,0.006,5,5255.301,4042.643
62.680,172.640,0.006,5,5255.340,4043.414
62.690,172.641,0.006,5,5255.379,4044.186
62.700,172.642,0.006,5,5255.418,4044.958
62.710,172.643,0.006,5,5255.456,4045.730
62.720,172.645,0.006,5,5255.495,4046.501
62.730,172.646,0.006,5,5255.534,4047.273
62.740,172.647,0.006,5,5255.573,4048.045
62.750,172.649,0.006,5,5255.612,4048.817
62.760,172.650,0.006,5,5255.650,4049.589
62.770,172.651,0.006,5,5255.689,4050.361
62.780,172.652,0.006,5,5255.728,4051.132
62.790,172.654,0.006,5,5255.767,4051.904
62.800,172.655,0.006,5,5255.805,4052.676
62.810,172.656,0.006,5,5255.844,4053.448
62.820,172.657,0.006,5,5255.882,4054.220
62.830,172.659,0.006,5,5255.921,4054.992
62.840,172.660,0.006,5,5255.960,4055.763
62.850,172.661,0.006,5,5255.998,4056.535
62.860,172.663,0.006,5,5256.037,4057.307
62.870,172.664,0.006,5,5256.075,4058.079
62.880,172.665,0.006,5,5256.114,4058.851
62.890,172.666,0.006,5,5256.152,4059.623
62.900,172.668,0.006,5,5256.191,4060.395
62.910,172.669,0.006,5,5256.229,4061.167
62.920,172.670,0.006,5,5256.268,4061.938
62.930,172.671,0.006,5,5256.306,4062.710
62.940,172.673,0.006,5,5256.345,4063.482
62.950,172.674,0.006,5,5256.383,4064.254
62.960,172.675,0.006,5,5256.421,4065.026
62.970,172.676,0.006,5,5256.460,4065.798
62.980,172.678,0.006,5,5256.498,4066.570
62.990,172.679,0.006,5,5256.536,4067.342
63.000,172.680,0.006,5,5256.575,4068.114
63.010,172.681,0.006,5,5256.613,4068.886
63.020,172.683,0.006,5,5256.651,4069.658
63.030,172.684,0.006,5,5256.690,4070.430
63.040,172.685,0.006,5,5256.728,4071.202
63.050,172.686,0.006,5,5256.766,4071.974
63.060,172.688,0.006,5,5256.804,4072.746
63.070,172.689,0.006,5,5256.842,4073.518
63.080,172.690,0.006,5,5256.880,4074.290
63.090,172.691,0.006,5,5256.919,4075.062
63.100,172.693,0.006,5,5256.957,4075.834
63.110,172.694,0.006,5,5256.995,4076.606
63.120,172.695,0.006,5,5257.033,4077.378
63.130,172.696,0.006,5,5257.071,4078.150
63.140,172.698,0.006,5,5257.109,4078.922
63.150,172.699,0.006,5,5257.147,4079.694
63.160,172.700,0.006,5,5257.185,4080.466
63.170,172.701,0.006,5,5257.223,4081.238
63.180,172.703,0.006,5,5257.261,4082.010
63.190,172.704,0.006,5,5257.299,4082.782
63.200,172.705,0.006,5,5257.337,4083.554
63.210,172.706,0.006,5,5257.375,4084.326
63.220,172.708,0.006,5,5257.413,4085.098
63.230,172.709,0.006,5,5257.451,4085.870
63.240,172.710,0.006,5,5257.488,4086.642
63.250,172.711,0.006,5,5257.526,4087.414
63.260,172.713,0.006,5,5257.564,4088.187
63.270,172.714,0.006,5,5257.602,4088.959
63.280,172.715,0.006,5,5257.640,4089.731
63.290,172.716,0.006,5,5257.677,4090.503
63.300,172.718,0.006,5,5257.715,4091.275
63.310,172.719,0.006,5,5257.753,4092.047
63.320,172.720,0.006,5,5257.791,4092.819
63.330,172.721,0.006,5,5257.828,4093.591
63.340,172.723,0.006,5,5257.866,4094.363
63.350,172.724,0.006,5,5257.904,4095.136
63.360,172.725,0.006,5,5257.941,4095.908
63.370,172.726,0.006,5,5257.979,4096.680
63.380,172.728,0.006,5,5258.016,4097.452
63.390,172.729,0.006,5,5258.054,4098.224
63.400,172.730,0.006,5,5258.092,4098.996
63.410,172.731,0.006,5,5258.129,4099.769
63.420,172.732,0.006,5,5258.167,4100.541
63.430,172.734,0.006,5,5258.204,4101.313
63.440,172.735,0.006,5,5258.242,4102.085
63.450,172.736,0.006,5,5258.279,4102.857
63.460,172.737,0.006,5,5258.317,4103.630
63.470,172.739,0.006,5,5258.354,4104.402
63.480,172.740,0.006,5,5258.391,4105.174
63.490,172.741,0.006,5,5258.429,4105.946
63.500,172.742,0.006,5,5258.466,4106.718
63.510,172.744,0.006,5,5258.504,4107.491
63.520,172.745,0.006,5,5258.541,4108.263
63.530,172.746,0.006,5,5258.578,4109.035
63.540,172.747,0.006,5,5258.616,4109.807
63.550,172.748,0.006,5,5258.653,4110.580
63.560,172.750,0.006,5,5258.690,4111.352
63.570,172.751,0.006,5,5258.727,4112.124
63.580,172.752,0.006,5,5258.765,4112.896
63.590,172.753,0.006,5,5258.802,4113.669
63.600,172.755,0.006,5,5258.839,4114.441
63.610,172.756,0.006,5,5258.876,4115.213
63.620,172.757,0.006,5,5258.913,4115.986
63.630,172.758,0.006,5,5258.951,4116.758
63.640,172.759,0.006,5,5258.988,4117.530
63.650,172.761,0.006,5,5259.025,4118.302
63.660,172.762,0.006,5,5259.062,4119.075
63.670,172.763,0.006,5,5259.099,4119.847
63.680,172.764,0.006,5,5259.136,4120.619
63.690,172.766,0.006,5,5259.173,4121.392
63.700,172.767,0.006,5,5259.210,4122.164
63.710,172.768,0.006,5,5259.247,4122.936
63.720,172.769,0.006,5,5259.284,4123.709
63.730,172.770,0.006,5,5259.321,4124.481
63.740,172.772,0.006,5,5259.358,4125.254
63.750,172.773,0.006,5,5259.395,4126.026
63.760,172.774,0.006,5,5259.432,4126.798
63.770,172.775,0.006,5,5259.469,4127.571
63.780,172.776,0.006,5,5259.506,4128.343
63.790,172.778,0.006,5,5259.543,4129.115
63.800,172.779,0.006,5,5259.579,4129.888
63.810,172.780,0.006,5,5259.616,4130.660
63.820,172.781,0.006,5,5259.653,4131.433
63.830,172.783,0.006,5,5259.690,4132.205
63.840,172.784,0.006,5,5259.727,4132.977
63.850,172.785,0.005,5,5259.763,4133.750
63.860,172.786,0.005,5,5259.800,4134.522
63.870,172.787,0.005,5,5259.837,4135.295
63.880,172.789,0.005,5,5259.873,4136.067
63.890,172.790,0.005,5,5259.910,4136.840
63.900,172.791,0.005,5,5259.947,4137.612
63.910,172.792,0.005,5,5259.983,4138.384
63.920,172.793,0.005,5,5260.020,4139.157
63.930,172.795,0.005,5,5260.057,4139.929
63.940,172.796,0.005,5,5260.093,4140.702
63.950,172.797,0.005,5,5260.130,4141.474
63.960,172.798,0.005,5,5260.166,4142.247
63.970,172.799,0.005,5,5260.203,4143.019
63.980,172.801,0.005,5,5260.240,4143.792
63.990,172.802,0.005,5,5260.276,4144.564
64.000,172.803,0.005,5,5260.313,4145.337
64.010,172.804,0.005,5,5260.349,4146.109
64.020,172.805,0.005,5,5260.385,4146.882
64.030,172.807,0.005,5,5260.422,4147.654
64.040,172.808,0.005,5,5260.458,4148.427
64.050,172.809,0.005,5,5260.495,4149.199
64.060,172.810,0.005,5,5260.531,4149.972
64.070,172.811,0.005,5,5260.567,4150.744
64.080,172.813,0.005,5,5260.604,4151.517
64.090,172.814,0.005,5,5260.640,4152.289
64.100,172.815,0.005,5,5260.676,4153.062
64.110,172.816,0.005,5,5260.713,4153.835
64.120,172.817,0.005,5,5260.749,4154.607
64.130,172.819,0.005,5,5260.785,4155.380
64.140,172.820,0.005,5,5260.822,4156.152
64.150,172.821,0.005,5,5260.858,4156.925
64.160,172.822,0.005,5,5260.894,4157.697
64.170,172.823,0.005,5,5260.930,4158.470
64.180,172.824,0.005,5,5260.966,4159.243
64.190,172.826,0.005,5,5261.002,4160.015
64.200,172.827,0.005,5,5261.039,4160.788
64.210,172.828,0.005,5,5261.075,4161.560
64.220,172.829,0.005,5,5261.111,4162.333
64.230,172.830,0.005,5,5261.147,4163.106
64.240,172.832,0.005,5,5261.183,4163.878
64.250,172.833,0.005,5,5261.219,4164.651
64.260,172.834,0.005,5,5261.255,4165.423
64.270,172.835,0.005,5,5261.291,4166.196
64.280,172.836,0.005,5,5261.327,4166.969
64.290,172.837,0.005,5,5261.363,4167.741
64.300,172.839,0.005,5,5261.399,4168.514
64.310,172.840,0.005,5,5261.435,4169.287
64.320,172.841,0.005,5,5261.471,4170.059
64.330,172.842,0.005,5,5261.507,4170.832
64.340,172.843,0.005,5,5261.543,4171.605
64.350,172.845,0.005,5,5261.579,4172.377
64.360,172.846,0.005,5,5261.614,4173.150
64.370,172.847,0.005,5,5261.650,4173.923
64.380,172.848,0.005,5,5261.686,4174.696
64.390,172.849,0.005,5,5261.722,4175.468
64.400,172.850,0.005,5,5261.758,4176.241
64.410,172.852,0.005,5,5261.793,4177.014
64.420,172.853,0.005,5,5261.829,4177.786
64.430,172.854,0.005,5,5261.865,4178.559
64.440,172.855,0.005,5,5261.901,4179.332
64.450,172.856,0.005,5,5261.936,4180.105
64.460,172.857,0.005,5,5261.972,4180.877
64.470,172.859,0.005,5,5262.008,4181.650
64.480,172.860,0.005,5,5262.043,4182.423
64.490,172.861,0.005,5,5262.079,4183.196
64.500,172.862,0.005,5,5262.115,4183.968
64.510,172.863,0.005,5,5262.150,4184.741
64.520,172.865,0.005,5,5262.186,4185.514
64.530,172.866,0.005,5,5262.221,4186.287
64.540,172.867,0.005,5,5262.257,4187.059
64.550,172.868,0.005,5,5262.292,4187.832
64.560,172.869,0.005,5,5262.328,4188.605
64.570,172.870,0.005,5,5262.363,4189.378
64.580,172.872,0.005,5,5262.399,4190.151
64.590,172.873,0.005,5,5262.434,4190.923
64.600,172.874,0.005,5,5262.470,4191.696
64.610,172.875,0.005,5,5262.505,4192.469
64.620,172.876,0.005,5,5262.541,4193.242
64.630,172.877,0.005,5,5262.576,4194.015
64.640,172.879,0.005,5,5262.611,4194.788
64.650,172.880,0.005,5,5262.647,4195.560
64.660,172.881,0.005,5,5262.682,4196.333
64.670,172.882,0.005,5,5262.717,4197.106
64.680,172.883,0.005,5,5262.753,4197.879
64.690,172.884,0.005,5,5262.788,4198.652
64.700,172.885,0.005,5,5262.823,4199.425
64.710,172.887,0.005,5,5262.859,4200.198
64.720,172.888,0.005,5,5262.894,4200.970
64.730,172.889,0.005,5,5262.929,4201.743
64.740,172.890,0.005,5,5262.964,4202.516
64.750,172.891,0.005,5,5262.999,4203.289
64.760,172.892,0.005,5,5263.035,4204.062
64.770,172.894,0.005,5,5263.070,4204.835
64.780,172.895,0.005,5,5263.105,4205.608
64.790,172.896,0.005,5,5263.140,4206.381
64.800,172.897,0.005,5,5263.175,4207.154
64.810,172.898,0.005,5,5263.210,4207.927
64.820,172.899,0.005,5,5263.245,4208.699
64.830,172.900,0.005,5,5263.280,4209.472
64.840,172.902,0.005,5,5263.315,4210.245
64.850,172.903,0.005,5,5263.350,4211.018
64.860,172.904,0.005,5,5263.385,4211.791
64.870,172.905,0.005,5,5263.420,4212.564
64.880,172.906,0.005,5,5263.455,4213.337
64.890,172.907,0.005,5,5263.490,4214.110
64.900,172.909,0.005,5,5263.525,4214.883
64.910,172.910,0.005,5,5263.560,4215.656
64.920,172.911,0.005,5,5263.595,4216.429
64.930,172.912,0.005,5,5263.630,4217.202
64.940,172.913,0.005,5,5263.665,4217.975
64.950,172.914,0.005,5,5263.700,4218.748
64.960,172.915,0.005,5,5263.734,4219.521
64.970,172.917,0.005,5,5263.769,4220.294
64.980,172.918,0.005,5,5263.804,4221.067
64.990,172.919,0.005,5,5263.839,4221.840
65.000,172.920,0.005,5,5263.874,4222.613
65.010,172.921,0.005,5,5263.908,4223.386
65.020,172.922,0.005,5,5263.943,4224.159
65.030,172.923,0.005,5,5263.978,4224.932
65.040,172.925,0.005,5,5264.012,4225.705
65.050,172.926,0.005,5,5264.047,4226.478
65.060,172.927,0.005,5,5264.082,4227.251
65.070,172.928,0.005,5,5264.116,4228.024
65.080,172.929,0.005,5,5264.151,4228.797
65.090,172.930,0.005,5,5264.186,4229.570
65.100,172.931,0.005,5,5264.220,4230.344
65.110,172.932,0.005,5,5264.255,4231.117
65.120,172.934,0.005,5,5264.289,4231.890
65.130,172.935,0.005,5,5264.324,4232.663
65.140,172.936,0.005,5,5264.358,4233.436
65.150,172.937,0.005,5,5264.393,4234.209
65.160,172.938,0.005,5,5264.427,4234.982
65.170,172.939,0.005,5,5264.462,4235.755
65.180,172.940,0.005,5,5264.496,4236.528
65.190,172.942,0.005,5,5264.531,4237.301
65.200,172.943,0.005,5,5264.565,4238.074
65.210,172.944,0.005,5,5264.600,4238.848
65.220,172.945,0.005,5,5264.634,4239.621
65.230,172.946,0.005,5,5264.668,4240.394
65.240,172.947,0.005,5,5264.703,4241.167
65.250,172.948,0.005,5,5264.737,4241.940
65.260,172.949,0.005,5,5264.772,4242.713
65.270,172.951,0.005,5,5264.806,4243.486
65.280,172.952,0.005,5,5264.840,4244.260
65.290,172.953,0.005,5,5264.874,4245.033
65.300,172.954,0.005,5,5264.909,4245.806
65.310,172.955,0.005,5,5264.943,4246.579
65.320,172.956,0.005,5,5264.977,4247.352
65.330,172.957,0.005,5,5265.011,4248.126
65.340,172.958,0.005,5,5265.046,4248.899
65.350,172.960,0.005,5,5265.080,4249.672
65.360,172.961,0.005,5,5265.114,4250.445
65.370,172.962,0.005,5,5265.148,4251.218
65.380,172.963,0.005,5,5265.182,4251.992
65.390,172.964,0.005,5,5265.216,4252.765
65.400,172.965,0.005,5,5265.250,4253.538
65.410,172.966,0.005,5,5265.284,4254.311
65.420,172.967,0.005,5,5265.319,4255.084
