Time_s,Speed_mph,Acceleration_G,Gear,Engine_RPM,Distance_m
0,0,0.72,1,1000,0
0.01,0.158,0.72,1,1000,0.001
0.02,0.316,0.72,1,1000,0.002
0.03,0.474,0.72,1,1000,0.004
0.04,0.632,0.72,1,1000,0.007
0.05,0.79,0.72,1,1000,0.011
0.06,0.948,0.72,1,1000,0.015
0.07,1.106,0.72,1,1000,0.02
0.08,1.265,0.72,1,1000,0.025
0.09,1.423,0.72,1,1000,0.032
0.1,1.581,0.72,1,1000,0.039
0.11,1.739,0.72,1,1000,0.047
0.12,1.897,0.72,1,1000,0.055
0.13,2.055,0.72,1,1000,0.064
0.14,2.213,0.72,1,1000,0.074
0.15,2.371,0.72,1,1000,0.085
0.16,2.529,0.72,1,1000,0.096
0.17,2.687,0.72,1,1000,0.108
0.18,2.845,0.72,1,1000,0.121
0.19,3.003,0.72,1,1000,0.134
0.2,3.161,0.72,1,1000,0.148
0.21,3.319,0.72,1,1000,0.163
0.22,3.477,0.72,1,1000,0.179
0.23,3.635,0.72,1,1000,0.195
0.24,3.793,0.72,1,1000,0.212
0.25,3.951,0.72,1,1000,0.23
0.26,4.11,0.72,1,1000,0.248
0.27,4.268,0.72,1,1000,0.267
0.28,4.426,0.72,1,1000,0.287
0.29,4.584,0.72,1,1000,0.307
0.3,4.742,0.72,1,1000,0.329
0.31,4.9,0.72,1,1000,0.35
0.32,5.058,0.72,1,1000,0.373
0.33,5.216,0.72,1,1000,0.396
0.34,5.374,0.72,1,1000,0.42
0.35,5.532,0.72,1,1000,0.445
0.36,5.69,0.72,1,1000,0.471
0.37,5.848,0.72,1,1000,0.497
0.38,6.006,0.72,1,1000,0.524
0.39,6.164,0.72,1,1010.359,0.551
0.4,6.322,0.72,1,1036.26,0.579
0.41,6.48,0.72,1,1062.161,0.608
0.42,6.638,0.985,1,1088.062,0.638
0.43,6.854,0.985,1,1123.483,0.669
0.44,7.07,0.985,1,1158.904,0.7
0.45,7.286,0.985,1,1194.323,0.733
0.46,7.502,0.985,1,1229.743,0.766
0.47,7.718,0.985,1,1265.161,0.801
0.48,7.935,0.985,1,1300.579,0.836
0.49,8.151,0.985,1,1335.997,0.873
0.5,8.367,0.985,1,1371.413,0.91
0.51,8.583,0.985,1,1406.829,0.949
0.52,8.799,0.985,1,1442.244,0.988
0.53,9.015,0.985,1,1477.658,1.028
0.54,9.231,0.985,1,1513.072,1.069
0.55,9.447,0.984,1,1548.484,1.112
0.56,9.663,0.984,1,1583.896,1.155
0.57,9.879,0.984,1,1619.307,1.199
0.58,10.095,0.984,1,1654.717,1.244
0.59,10.311,0.984,1,1690.126,1.29
0.6,10.527,0.984,1,1725.535,1.337
0.61,10.743,0.984,1,1760.942,1.385
0.62,10.959,0.984,1,1796.348,1.434
0.63,11.175,0.984,1,1831.754,1.484
0.64,11.391,0.984,1,1867.158,1.535
0.65,11.607,0.984,1,1902.561,1.587
0.66,11.823,0.984,1,1937.964,1.64
0.67,12.039,0.984,1,1973.365,1.694
0.68,12.255,0.984,1,2008.765,1.749
0.69,12.471,0.984,1,2044.165,1.804
0.7,12.687,0.984,1,2079.563,1.861
0.71,12.903,0.984,1,2114.96,1.919
0.72,13.119,0.984,1,2150.356,1.977
0.73,13.335,0.984,1,2185.75,2.037
0.74,13.551,0.984,1,2221.144,2.098
0.75,13.767,0.984,1,2256.536,2.159
0.76,13.983,0.984,1,2291.927,2.222
0.77,14.198,0.984,1,2327.317,2.285
0.78,14.414,0.984,1,2362.705,2.35
0.79,14.63,0.984,1,2398.093,2.415
0.8,14.846,0.984,1,2433.479,2.481
0.81,15.062,0.984,1,2468.863,2.549
0.82,15.278,0.984,1,2504.247,2.617
0.83,15.494,0.984,1,2539.628,2.686
0.84,15.71,0.984,1,2575.009,2.756
0.85,15.925,0.984,1,2610.388,2.828
0.86,16.141,0.984,1,2645.766,2.9
0.87,16.357,0.983,1,2681.142,2.973
0.88,16.573,0.983,1,2716.517,3.047
0.89,16.789,0.983,1,2751.891,3.122
0.9,17.004,0.983,1,2787.263,3.198
0.91,17.22,0.983,1,2822.633,3.275
0.92,17.436,0.983,1,2858.002,3.353
0.93,17.652,0.983,1,2893.369,3.432
0.94,17.868,0.983,1,2928.735,3.512
0.95,18.083,0.983,1,2964.099,3.593
0.96,18.299,0.983,1,2999.462,3.674
0.97,18.515,0.983,1,3034.823,3.757
0.98,18.73,0.983,1,3070.182,3.841
0.99,18.946,0.983,1,3105.54,3.926
1,19.162,0.983,1,3140.896,4.011
1.01,19.378,0.983,1,3176.25,4.098
1.02,19.593,0.983,1,3211.602,4.185
1.03,19.809,0.983,1,3246.953,4.274
1.04,20.025,0.983,1,3282.302,4.364
1.05,20.24,0.983,1,3317.65,4.454
1.06,20.456,0.983,1,3352.995,4.545
1.07,20.671,0.983,1,3388.339,4.638
1.08,20.887,0.982,1,3423.681,4.731
1.09,21.103,0.982,1,3459.02,4.826
1.1,21.318,0.982,1,3494.359,4.921
1.11,21.534,0.982,1,3529.695,5.017
1.12,21.749,0.982,1,3565.029,5.114
1.13,21.965,0.982,1,3600.361,5.213
1.14,22.181,0.982,1,3635.692,5.312
1.15,22.396,0.982,1,3671.02,5.412
1.16,22.612,0.982,1,3706.347,5.513
1.17,22.827,0.982,1,3741.671,5.615
1.18,23.043,0.982,1,3776.993,5.718
1.19,23.258,0.982,1,3812.314,5.822
1.2,23.474,0.982,1,3847.632,5.927
1.21,23.689,0.982,1,3882.948,6.033
1.22,23.904,0.982,1,3918.262,6.14
1.23,24.12,0.982,1,3953.574,6.248
1.24,24.335,0.982,1,3988.884,6.356
1.25,24.551,0.982,1,4024.192,6.466
1.26,24.766,0.981,1,4059.497,6.577
1.27,24.981,0.981,1,4094.801,6.688
1.28,25.197,0.981,1,4130.102,6.801
1.29,25.412,0.981,1,4165.401,6.915
1.3,25.628,0.981,1,4200.697,7.029
1.31,25.843,0.981,1,4235.992,7.145
1.32,26.058,0.981,1,4271.284,7.261
1.33,26.273,0.981,1,4306.573,7.379
1.34,26.489,0.981,1,4341.861,7.497
1.35,26.704,0.981,1,4377.146,7.617
1.36,26.919,0.981,1,4412.428,7.737
1.37,27.134,0.981,1,4447.709,7.858
1.38,27.35,0.981,1,4482.986,7.98
1.39,27.565,0.981,1,4518.262,8.104
1.4,27.78,0.981,1,4553.535,8.228
1.41,27.995,0.98,1,4588.805,8.353
1.42,28.21,0.98,1,4624.073,8.479
1.43,28.426,0.98,1,4659.339,8.606
1.44,28.641,0.98,1,4694.602,8.734
1.45,28.856,0.98,1,4729.862,8.863
1.46,29.071,0.98,1,4765.12,8.993
1.47,29.286,0.98,1,4800.376,9.124
1.48,29.501,0.98,1,4835.628,9.256
1.49,29.716,0.98,1,4870.878,9.389
1.5,29.931,0.98,1,4906.126,9.523
1.51,30.146,0.98,1,4941.371,9.657
1.52,30.361,0.98,1,4976.613,9.793
1.53,30.576,0.98,1,5011.852,9.93
1.54,30.791,0.98,1,5047.089,10.067
1.55,31.006,0.979,1,5082.323,10.206
1.56,31.221,0.979,1,5117.554,10.346
1.57,31.436,0.979,1,5152.783,10.486
1.58,31.651,0.979,1,5188.008,10.628
1.59,31.866,0.979,1,5223.231,10.77
1.6,32.081,0.979,1,5258.451,10.913
1.61,32.295,0.979,1,5293.669,11.058
1.62,32.51,0.979,1,5328.883,11.203
1.63,32.725,0.979,1,5364.094,11.349
1.64,32.94,0.979,1,5399.303,11.497
1.65,33.155,0.979,1,5434.509,11.645
1.66,33.369,0.979,1,5469.711,11.794
1.67,33.584,0.979,1,5504.911,11.944
1.68,33.799,0.978,1,5540.108,12.095
1.69,34.014,0.978,1,5575.302,12.247
1.7,34.228,0.978,1,5610.492,12.4
1.71,34.443,0.978,1,5645.68,12.554
1.72,34.658,0.978,1,5680.865,12.709
1.73,34.872,0.978,1,5716.046,12.865
1.74,35.087,0.978,1,5751.225,13.022
1.75,35.302,0.978,1,5786.4,13.18
1.76,35.516,0.978,1,5821.573,13.339
1.77,35.731,0.978,1,5856.742,13.498
1.78,35.945,0.978,1,5891.908,13.659
1.79,36.16,0.977,1,5927.071,13.821
1.8,36.374,0.977,1,5962.23,13.983
1.81,36.589,0.977,1,5997.386,14.147
1.82,36.803,0.977,1,6032.54,14.311
1.83,37.018,0.977,1,6067.689,14.477
1.84,37.232,0.977,1,6102.836,14.643
1.85,37.446,0.977,1,6137.979,14.811
1.86,37.661,0.977,1,6173.119,14.979
1.87,37.875,0.977,1,6208.256,15.148
1.88,38.09,0.977,1,6243.389,15.319
1.89,38.304,0.977,1,6278.519,15.49
1.9,38.518,0.976,1,6313.646,15.662
1.91,38.732,0.976,1,6348.769,15.835
1.92,38.947,0.976,1,6383.889,16.009
1.93,39.161,0.976,1,6419.005,16.184
1.94,39.375,0.976,1,6454.118,16.36
1.95,39.589,0.976,1,6489.227,16.537
1.96,39.803,0.976,1,6524.333,16.715
1.97,40.018,0.976,1,6559.435,16.894
1.98,40.232,0.976,1,6594.534,17.074
1.99,40.446,0.976,1,6629.629,17.255
2,40.66,0.975,1,6664.721,17.437
2.01,40.874,0.975,1,6699.809,17.619
2.02,41.088,0.975,1,6734.893,17.803
2.03,41.302,0.975,1,6769.974,17.988
2.04,41.516,0.975,1,6805.051,18.173
2.05,41.73,0.975,1,6840.124,18.36
2.06,41.944,0.975,1,6875.194,18.547
2.07,42.158,0.975,1,6910.26,18.736
2.08,42.372,0.975,1,6945.323,18.925
2.09,42.586,0.975,1,6980.381,19.116
2.1,42.8,0.974,1,7015.436,19.307
2.11,43.013,0.974,1,7050.487,19.499
2.12,43.227,0.974,1,7085.534,19.693
2.13,43.441,0.974,1,7120.578,19.887
2.14,43.655,0.974,1,7155.617,20.082
2.15,43.869,0.974,1,7190.653,20.278
2.16,44.082,-0.026,2,4335.411,20.475
2.17,44.077,-0.026,2,4334.846,20.672
2.18,44.071,-0.026,2,4334.281,20.869
2.19,44.065,-0.026,2,4333.716,21.066
2.2,44.059,-0.026,2,4333.151,21.263
2.21,44.054,-0.026,2,4332.586,21.46
2.22,44.048,-0.026,2,4332.021,21.657
2.23,44.042,-0.026,2,4331.456,21.854
2.24,44.036,-0.026,2,4330.892,22.051
2.25,44.031,-0.026,2,4330.327,22.247
2.26,44.025,-0.026,2,4329.763,22.444
2.27,44.019,-0.026,2,4329.198,22.641
2.28,44.013,-0.026,2,4328.634,22.838
2.29,44.008,-0.026,2,4328.069,23.035
2.3,44.002,-0.026,2,4327.505,23.231
2.31,43.996,-0.026,2,4326.941,23.428
2.32,43.99,-0.026,2,4326.377,23.625
2.33,43.985,-0.026,2,4325.813,23.821
2.34,43.979,-0.026,2,4325.249,24.018
2.35,43.973,-0.026,2,4324.685,24.214
2.36,43.967,0.856,2,4324.121,24.411
2.37,44.155,0.856,2,4342.6,24.608
2.38,44.343,0.856,2,4361.077,24.807
2.39,44.531,0.856,2,4379.552,25.006
2.4,44.719,0.856,2,4398.025,25.206
2.41,44.907,0.856,2,4416.496,25.406
2.42,45.095,0.856,2,4434.965,25.608
2.43,45.282,0.856,2,4453.432,25.81
2.44,45.47,0.855,2,4471.896,26.014
2.45,45.658,0.855,2,4490.359,26.218
2.46,45.845,0.855,2,4508.819,26.423
2.47,46.033,0.855,2,4527.278,26.628
2.48,46.221,0.855,2,4545.734,26.835
2.49,46.408,0.855,2,4564.188,27.043
2.5,46.596,0.855,2,4582.639,27.251
2.51,46.784,0.855,2,4601.089,27.46
2.52,46.971,0.855,2,4619.537,27.67
2.53,47.159,0.855,2,4637.982,27.881
2.54,47.346,0.854,2,4656.425,28.092
2.55,47.534,0.854,2,4674.866,28.305
2.56,47.721,0.766,2,4693.305,28.518
2.57,47.889,0.766,2,4709.837,28.732
2.58,48.058,0.766,2,4726.367,28.947
2.59,48.226,0.766,2,4742.895,29.163
2.6,48.394,0.766,2,4759.421,29.379
2.61,48.562,0.766,2,4775.945,29.596
2.62,48.73,0.765,2,4792.467,29.814
2.63,48.898,0.765,2,4808.988,30.033
2.64,49.066,0.765,2,4825.506,30.252
2.65,49.233,0.765,2,4842.022,30.472
2.66,49.401,0.765,2,4858.536,30.693
2.67,49.569,0.765,2,4875.047,30.915
2.68,49.737,0.765,2,4891.557,31.137
2.69,49.905,0.765,2,4908.065,31.36
2.7,50.073,0.765,2,4924.571,31.584
2.71,50.241,0.765,2,4941.074,31.808
2.72,50.408,0.765,2,4957.576,32.034
2.73,50.576,0.764,2,4974.075,32.26
2.74,50.744,0.764,2,4990.572,32.487
2.75,50.912,0.764,2,5007.068,32.714
2.76,51.079,0.764,2,5023.561,32.943
2.77,51.247,0.764,2,5040.052,33.172
2.78,51.415,0.764,2,5056.541,33.402
2.79,51.582,0.764,2,5073.027,33.632
2.8,51.75,0.764,2,5089.512,33.863
2.81,51.918,0.764,2,5105.994,34.096
2.82,52.085,0.764,2,5122.474,34.328
2.83,52.253,0.763,2,5138.952,34.562
2.84,52.42,0.763,2,5155.428,34.796
2.85,52.588,0.763,2,5171.902,35.031
2.86,52.755,0.763,2,5188.374,35.267
2.87,52.923,0.763,2,5204.843,35.504
2.88,53.09,0.763,2,5221.31,35.741
2.89,53.257,0.763,2,5237.775,35.979
2.9,53.425,0.763,2,5254.238,36.218
2.91,53.592,0.763,2,5270.698,36.458
2.92,53.76,0.762,2,5287.156,36.698
2.93,53.927,0.762,2,5303.612,36.939
2.94,54.094,0.762,2,5320.066,37.181
2.95,54.261,0.762,2,5336.518,37.423
2.96,54.429,0.762,2,5352.967,37.667
2.97,54.596,0.762,2,5369.414,37.911
2.98,54.763,0.762,2,5385.859,38.156
2.99,54.93,0.762,2,5402.301,38.401
3,55.098,0.762,2,5418.742,38.648
3.01,55.265,0.762,2,5435.18,38.895
3.02,55.432,0.761,2,5451.615,39.142
3.03,55.599,0.761,2,5468.049,39.391
3.04,55.766,0.761,2,5484.48,39.64
3.05,55.933,0.761,2,5500.909,39.89
3.06,56.1,0.761,2,5517.335,40.141
3.07,56.267,0.761,2,5533.759,40.393
3.08,56.434,0.761,2,5550.181,40.645
3.09,56.601,0.761,2,5566.6,40.898
3.1,56.768,0.761,2,5583.017,41.152
3.11,56.935,0.76,2,5599.432,41.406
3.12,57.102,0.76,2,5615.844,41.661
3.13,57.269,0.76,2,5632.255,41.917
3.14,57.435,0.76,2,5648.662,42.174
3.15,57.602,0.76,2,5665.067,42.432
3.16,57.769,0.76,2,5681.47,42.69
3.17,57.936,0.76,2,5697.871,42.949
3.18,58.102,0.76,2,5714.269,43.209
3.19,58.269,0.76,2,5730.665,43.469
3.2,58.436,0.759,2,5747.058,43.73
3.21,58.603,0.759,2,5763.449,43.992
3.22,58.769,0.759,2,5779.837,44.255
3.23,58.936,0.759,2,5796.223,44.519
3.24,59.102,0.759,2,5812.607,44.783
3.25,59.269,0.759,2,5828.988,45.048
3.26,59.435,0.759,2,5845.367,45.313
3.27,59.602,0.759,2,5861.743,45.58
3.28,59.768,0.759,2,5878.117,45.847
3.29,59.935,0.758,2,5894.488,46.115
3.3,60.101,0.758,2,5910.857,46.384
3.31,60.268,0.758,2,5927.223,46.653
3.32,60.434,0.758,2,5943.587,46.923
3.33,60.601,0.758,2,5959.948,47.194
3.34,60.767,0.758,2,5976.307,47.466
3.35,60.933,0.758,2,5992.664,47.738
3.36,61.099,0.758,2,6009.018,48.011
3.37,61.266,0.758,2,6025.369,48.285
3.38,61.432,0.757,2,6041.718,48.56
3.39,61.598,0.757,2,6058.064,48.835
3.4,61.764,0.757,2,6074.408,49.111
3.41,61.93,0.757,2,6090.749,49.388
3.42,62.097,0.757,2,6107.087,49.666
3.43,62.263,0.624,2,6123.423,49.944
3.44,62.4,0.624,2,6136.901,50.223
3.45,62.537,0.624,2,6150.375,50.503
3.46,62.674,0.624,2,6163.848,50.783
3.47,62.811,0.624,2,6177.319,51.064
3.48,62.948,0.624,2,6190.787,51.345
3.49,63.085,0.624,2,6204.254,51.627
3.5,63.221,0.624,2,6217.718,51.91
3.51,63.358,0.624,2,6231.18,52.193
3.52,63.495,0.624,2,6244.64,52.477
3.53,63.632,0.623,2,6258.098,52.761
3.54,63.769,0.623,2,6271.553,53.046
3.55,63.906,0.623,2,6285.007,53.332
3.56,64.042,0.623,2,6298.458,53.618
3.57,64.179,0.623,2,6311.907,53.905
3.58,64.316,0.623,2,6325.354,54.193
3.59,64.453,0.623,2,6338.799,54.481
3.6,64.589,0.623,2,6352.242,54.77
3.61,64.726,0.623,2,6365.682,55.059
3.62,64.863,0.623,2,6379.12,55.349
3.63,64.999,0.622,2,6392.556,55.639
3.64,65.136,0.622,2,6405.99,55.931
3.65,65.272,0.622,2,6419.422,56.222
3.66,65.409,0.622,2,6432.851,56.515
3.67,65.545,0.622,2,6446.278,56.808
3.68,65.682,0.622,2,6459.703,57.101
3.69,65.818,0.622,2,6473.126,57.396
3.7,65.955,0.622,2,6486.546,57.691
3.71,66.091,0.622,2,6499.964,57.986
3.72,66.228,0.622,2,6513.38,58.282
3.73,66.364,0.621,2,6526.794,58.579
3.74,66.501,0.621,2,6540.206,58.876
3.75,66.637,0.621,2,6553.615,59.174
3.76,66.773,0.621,2,6567.022,59.472
3.77,66.91,0.621,2,6580.427,59.772
3.78,67.046,0.621,2,6593.829,60.071
3.79,67.182,0.621,2,6607.229,60.372
3.8,67.318,0.621,2,6620.627,60.673
3.81,67.454,0.621,2,6634.023,60.974
3.82,67.591,0.62,2,6647.416,61.276
3.83,67.727,0.62,2,6660.807,61.579
3.84,67.863,0.62,2,6674.196,61.882
3.85,67.999,0.62,2,6687.583,62.186
3.86,68.135,0.62,2,6700.967,62.491
3.87,68.271,0.62,2,6714.349,62.796
3.88,68.407,0.62,2,6727.728,63.102
3.89,68.543,0.62,2,6741.106,63.408
3.9,68.679,0.62,2,6754.481,63.715
3.91,68.815,0.62,2,6767.853,64.023
3.92,68.951,0.619,2,6781.224,64.331
3.93,69.087,0.619,2,6794.592,64.64
3.94,69.223,0.619,2,6807.958,64.95
3.95,69.359,0.619,2,6821.321,65.26
3.96,69.495,0.619,2,6834.682,65.57
3.97,69.631,0.619,2,6848.041,65.882
3.98,69.766,0.619,2,6861.397,66.193
3.99,69.902,0.619,2,6874.751,66.506
4,70.038,0.619,2,6888.103,66.819
4.01,70.174,0.618,2,6901.452,67.133
4.02,70.309,0.618,2,6914.799,67.447
4.03,70.445,0.618,2,6928.143,67.762
4.04,70.581,0.618,2,6941.485,68.078
4.05,70.716,0.618,2,6954.825,68.394
4.06,70.852,0.618,2,6968.163,68.71
4.07,70.988,0.618,2,6981.498,69.028
4.08,71.123,0.618,2,6994.83,69.346
4.09,71.259,0.618,2,7008.16,69.664
4.1,71.394,0.617,2,7021.488,69.983
4.11,71.53,0.617,2,7034.814,70.303
4.12,71.665,0.617,2,7048.137,70.624
4.13,71.801,0.617,2,7061.457,70.944
4.14,71.936,0.617,2,7074.776,71.266
4.15,72.071,0.617,2,7088.091,71.588
4.16,72.207,0.617,2,7101.405,71.911
4.17,72.342,0.617,2,7114.716,72.234
4.18,72.477,0.617,2,7128.024,72.558
4.19,72.613,0.616,2,7141.33,72.883
4.2,72.748,0.616,2,7154.634,73.208
4.21,72.883,0.616,2,7167.935,73.534
4.22,73.018,0.616,2,7181.234,73.861
4.23,73.154,0.616,2,7194.53,74.188
4.24,73.289,-0.046,3,4805.216,74.515
4.25,73.279,-0.046,3,4804.555,74.843
4.26,73.269,-0.046,3,4803.895,75.17
4.27,73.259,-0.046,3,4803.235,75.498
4.28,73.249,-0.046,3,4802.574,75.825
4.29,73.238,-0.046,3,4801.914,76.153
4.3,73.228,-0.046,3,4801.254,76.48
4.31,73.218,-0.046,3,4800.594,76.807
4.32,73.208,-0.046,3,4799.934,77.135
4.33,73.198,-0.046,3,4799.275,77.462
4.34,73.188,-0.046,3,4798.615,77.789
4.35,73.178,-0.046,3,4797.956,78.116
4.36,73.168,-0.046,3,4797.297,78.443
4.37,73.158,-0.046,3,4796.638,78.77
4.38,73.148,-0.046,3,4795.979,79.097
4.39,73.138,-0.046,3,4795.32,79.424
4.4,73.128,-0.046,3,4794.661,79.751
4.41,73.118,-0.046,3,4794.002,80.078
4.42,73.108,-0.046,3,4793.344,80.405
4.43,73.098,-0.046,3,4792.685,80.732
4.44,73.088,0.484,3,4792.027,81.058
4.45,73.194,0.484,3,4798.986,81.386
4.46,73.3,0.483,3,4805.944,81.713
4.47,73.406,0.483,3,4812.9,82.041
4.48,73.512,0.483,3,4819.855,82.37
4.49,73.618,0.483,3,4826.809,82.699
4.5,73.724,0.483,3,4833.762,83.029
4.51,73.83,0.483,3,4840.713,83.359
4.52,73.936,0.483,3,4847.663,83.689
4.53,74.042,0.483,3,4854.612,84.02
4.54,74.148,0.483,3,4861.559,84.352
4.55,74.254,0.483,3,4868.506,84.684
4.56,74.36,0.483,3,4875.45,85.016
4.57,74.466,0.483,3,4882.394,85.349
4.58,74.572,0.482,3,4889.336,85.682
4.59,74.678,0.482,3,4896.277,86.016
4.6,74.784,0.482,3,4903.217,86.35
4.61,74.889,0.482,3,4910.155,86.685
4.62,74.995,0.482,3,4917.092,87.021
4.63,75.101,0.482,3,4924.028,87.356
4.64,75.207,0.482,3,4930.962,87.692
4.65,75.312,0.482,3,4937.895,88.029
4.66,75.418,0.482,3,4944.827,88.366
4.67,75.524,0.482,3,4951.757,88.704
4.68,75.63,0.481,3,4958.686,89.042
4.69,75.735,0.481,3,4965.614,89.381
4.7,75.841,0.481,3,4972.54,89.72
4.71,75.946,0.481,3,4979.465,90.059
4.72,76.052,0.481,3,4986.389,90.399
4.73,76.158,0.481,3,4993.312,90.74
4.74,76.263,0.481,3,5000.233,91.08
4.75,76.369,0.481,3,5007.152,91.422
4.76,76.474,0.481,3,5014.071,91.764
4.77,76.58,0.481,3,5020.988,92.106
4.78,76.685,0.481,3,5027.904,92.449
4.79,76.791,0.48,3,5034.818,92.792
4.8,76.896,0.48,3,5041.731,93.136
4.81,77.002,0.48,3,5048.643,93.48
4.82,77.107,0.48,3,5055.553,93.825
4.83,77.212,0.48,3,5062.463,94.17
4.84,77.318,0.48,3,5069.37,94.516
4.85,77.423,0.48,3,5076.277,94.862
4.86,77.528,0.48,3,5083.182,95.208
4.87,77.634,0.48,3,5090.085,95.555
4.88,77.739,0.48,3,5096.988,95.903
4.89,77.844,0.48,3,5103.889,96.251
4.9,77.949,0.479,3,5110.788,96.599
4.91,78.055,0.479,3,5117.686,96.948
4.92,78.16,0.479,3,5124.583,97.298
4.93,78.265,0.479,3,5131.479,97.648
4.94,78.37,0.479,3,5138.373,97.998
4.95,78.475,0.479,3,5145.266,98.349
4.96,78.58,0.479,3,5152.157,98.7
4.97,78.685,0.479,3,5159.047,99.052
4.98,78.791,0.479,3,5165.936,99.404
4.99,78.896,0.479,3,5172.823,99.757
5,79.001,0.478,3,5179.709,100.11
5.01,79.106,0.478,3,5186.594,100.464
5.02,79.211,0.478,3,5193.477,100.818
5.03,79.316,0.478,3,5200.359,101.172
5.04,79.42,0.478,3,5207.239,101.527
5.05,79.525,0.478,3,5214.118,101.883
5.06,79.63,0.478,3,5220.996,102.239
5.07,79.735,0.478,3,5227.872,102.595
5.08,79.84,0.478,3,5234.747,102.952
5.09,79.945,0.478,3,5241.621,103.309
5.1,80.05,0.478,3,5248.493,103.667
5.11,80.154,0.477,3,5255.364,104.026
5.12,80.259,0.477,3,5262.233,104.384
5.13,80.364,0.477,3,5269.101,104.744
5.14,80.469,0.477,3,5275.968,105.103
5.15,80.573,0.477,3,5282.833,105.464
5.16,80.678,0.477,3,5289.697,105.824
5.17,80.783,0.477,3,5296.559,106.185
5.18,80.887,0.477,3,5303.42,106.547
5.19,80.992,0.477,3,5310.28,106.909
5.2,81.097,0.477,3,5317.138,107.272
5.21,81.201,0.476,3,5323.995,107.635
5.22,81.306,0.476,3,5330.85,107.998
5.23,81.41,0.476,3,5337.704,108.362
5.24,81.515,0.476,3,5344.557,108.726
5.25,81.619,0.476,3,5351.408,109.091
5.26,81.724,0.476,3,5358.258,109.457
5.27,81.828,0.476,3,5365.106,109.822
5.28,81.933,0.476,3,5371.953,110.189
5.29,82.037,0.476,3,5378.798,110.555
5.3,82.141,0.476,3,5385.643,110.923
5.31,82.246,0.475,3,5392.485,111.29
5.32,82.35,0.475,3,5399.326,111.658
5.33,82.455,0.475,3,5406.166,112.027
5.34,82.559,0.475,3,5413.005,112.396
5.35,82.663,0.475,3,5419.842,112.766
5.36,82.767,0.475,3,5426.677,113.136
5.37,82.872,0.475,3,5433.511,113.506
5.38,82.976,0.475,3,5440.344,113.877
5.39,83.08,0.475,3,5447.175,114.248
5.4,83.184,0.475,3,5454.005,114.62
5.41,83.288,0.474,3,5460.834,114.993
5.42,83.392,0.474,3,5467.661,115.365
5.43,83.497,0.474,3,5474.486,115.739
5.44,83.601,0.474,3,5481.31,116.112
5.45,83.705,0.474,3,5488.133,116.487
5.46,83.809,0.474,3,5494.954,116.861
5.47,83.913,0.474,3,5501.774,117.236
5.48,84.017,0.474,3,5508.592,117.612
5.49,84.121,0.474,3,5515.409,117.988
5.5,84.225,0.474,3,5522.224,118.365
5.51,84.329,0.473,3,5529.038,118.742
5.52,84.432,0.473,3,5535.851,119.119
5.53,84.536,0.473,3,5542.662,119.497
5.54,84.64,0.473,3,5549.472,119.875
5.55,84.744,0.473,3,5556.28,120.254
5.56,84.848,0.473,3,5563.086,120.633
5.57,84.952,0.473,3,5569.892,121.013
5.58,85.055,0.473,3,5576.695,121.393
5.59,85.159,0.473,3,5583.498,121.774
5.6,85.263,0.473,3,5590.299,122.155
5.61,85.367,0.472,3,5597.098,122.537
5.62,85.47,0.472,3,5603.896,122.919
5.63,85.574,0.472,3,5610.692,123.302
5.64,85.678,0.472,3,5617.487,123.685
5.65,85.781,0.472,3,5624.281,124.068
5.66,85.885,0.472,3,5631.073,124.452
5.67,85.988,0.472,3,5637.864,124.836
5.68,86.092,0.472,3,5644.653,125.221
5.69,86.195,0.472,3,5651.44,125.607
5.7,86.299,0.472,3,5658.227,125.992
5.71,86.402,0.471,3,5665.011,126.379
5.72,86.506,0.471,3,5671.794,126.765
5.73,86.609,0.471,3,5678.576,127.153
5.74,86.713,0.471,3,5685.356,127.54
5.75,86.816,0.471,3,5692.135,127.928
5.76,86.919,0.471,3,5698.912,128.317
5.77,87.023,0.471,3,5705.688,128.706
5.78,87.126,0.471,3,5712.462,129.095
5.79,87.229,0.471,3,5719.235,129.485
5.8,87.333,0.471,3,5726.007,129.876
5.81,87.436,0.47,3,5732.776,130.267
5.82,87.539,0.47,3,5739.545,130.658
5.83,87.642,0.47,3,5746.312,131.05
5.84,87.746,0.47,3,5753.077,131.442
5.85,87.849,0.47,3,5759.841,131.835
5.86,87.952,0.47,3,5766.603,132.228
5.87,88.055,0.47,3,5773.364,132.622
5.88,88.158,0.47,3,5780.123,133.016
5.89,88.261,0.47,3,5786.881,133.41
5.9,88.364,0.469,3,5793.637,133.805
5.91,88.467,0.469,3,5800.392,134.201
5.92,88.57,0.469,3,5807.145,134.597
5.93,88.673,0.469,3,5813.897,134.993
5.94,88.776,0.469,3,5820.648,135.39
5.95,88.879,0.469,3,5827.396,135.787
5.96,88.982,0.469,3,5834.144,136.185
5.97,89.085,0.469,3,5840.889,136.583
5.98,89.188,0.469,3,5847.633,136.982
5.99,89.291,0.469,3,5854.376,137.381
6,89.393,0.468,3,5861.117,137.781
6.01,89.496,0.468,3,5867.857,138.181
6.02,89.599,0.468,3,5874.595,138.581
6.03,89.702,0.468,3,5881.332,138.982
6.04,89.804,0.468,3,5888.067,139.384
6.05,89.907,0.468,3,5894.8,139.786
6.06,90.01,0.468,3,5901.532,140.188
6.07,90.112,0.468,3,5908.263,140.591
6.08,90.215,0.468,3,5914.992,140.994
6.09,90.318,0.467,3,5921.719,141.398
6.1,90.42,0.467,3,5928.445,141.802
6.11,90.523,0.467,3,5935.17,142.207
6.12,90.625,0.467,3,5941.892,142.612
6.13,90.728,0.467,3,5948.614,143.018
6.14,90.83,0.467,3,5955.334,143.424
6.15,90.933,0.467,3,5962.052,143.83
6.16,91.035,0.467,3,5968.768,144.237
6.17,91.138,0.467,3,5975.484,144.645
6.18,91.24,0.467,3,5982.197,145.052
6.19,91.342,0.466,3,5988.909,145.461
6.2,91.445,0.466,3,5995.62,145.87
6.21,91.547,0.466,3,6002.329,146.279
6.22,91.649,0.466,3,6009.036,146.689
6.23,91.752,0.466,3,6015.742,147.099
6.24,91.854,0.466,3,6022.446,147.509
6.25,91.956,0.466,3,6029.149,147.92
6.26,92.058,0.466,3,6035.85,148.332
6.27,92.161,0.466,3,6042.55,148.744
6.28,92.263,0.465,3,6049.248,149.156
6.29,92.365,0.465,3,6055.944,149.569
6.3,92.467,0.465,3,6062.639,149.983
6.31,92.569,0.465,3,6069.332,150.396
6.32,92.671,0.465,3,6076.024,150.811
6.33,92.773,0.465,3,6082.715,151.225
6.34,92.875,0.465,3,6089.403,151.641
6.35,92.977,0.465,3,6096.09,152.056
6.36,93.079,0.465,3,6102.776,152.472
6.37,93.181,0.464,3,6109.46,152.889
6.38,93.283,0.464,3,6116.142,153.306
6.39,93.385,0.376,3,6122.823,153.723
6.4,93.467,0.376,3,6128.233,154.141
6.41,93.55,0.376,3,6133.641,154.559
6.42,93.632,0.376,3,6139.048,154.978
6.43,93.715,0.376,3,6144.454,155.397
6.44,93.797,0.376,3,6149.859,155.816
6.45,93.88,0.375,3,6155.262,156.236
6.46,93.962,0.375,3,6160.664,156.656
6.47,94.044,0.375,3,6166.065,157.076
6.48,94.127,0.375,3,6171.464,157.497
6.49,94.209,0.375,3,6176.863,157.918
6.5,94.291,0.375,3,6182.259,158.34
6.51,94.374,0.375,3,6187.655,158.762
6.52,94.456,0.375,3,6193.049,159.184
6.53,94.538,0.375,3,6198.442,159.607
6.54,94.62,0.375,3,6203.834,160.03
6.55,94.703,0.375,3,6209.225,160.453
6.56,94.785,0.374,3,6214.614,160.877
6.57,94.867,0.374,3,6220.002,161.301
6.58,94.949,0.374,3,6225.388,161.725
6.59,95.031,0.374,3,6230.774,162.15
6.6,95.113,0.374,3,6236.158,162.575
6.61,95.196,0.374,3,6241.54,163.001
6.62,95.278,0.374,3,6246.922,163.427
6.63,95.36,0.374,3,6252.302,163.853
6.64,95.442,0.374,3,6257.681,164.28
6.65,95.524,0.374,3,6263.058,164.707
6.66,95.606,0.374,3,6268.435,165.134
6.67,95.688,0.373,3,6273.81,165.562
6.68,95.77,0.373,3,6279.183,165.99
6.69,95.852,0.373,3,6284.556,166.419
6.7,95.934,0.373,3,6289.927,166.847
6.71,96.015,0.373,3,6295.296,167.277
6.72,96.097,0.373,3,6300.665,167.706
6.73,96.179,0.373,3,6306.032,168.136
6.74,96.261,0.373,3,6311.398,168.567
6.75,96.343,0.373,3,6316.762,168.997
6.76,96.425,0.373,3,6322.126,169.428
6.77,96.506,0.373,3,6327.487,169.86
6.78,96.588,0.372,3,6332.848,170.291
6.79,96.67,0.372,3,6338.207,170.724
6.8,96.752,0.372,3,6343.565,171.156
6.81,96.833,0.372,3,6348.922,171.589
6.82,96.915,0.372,3,6354.278,172.022
6.83,96.997,0.372,3,6359.632,172.456
6.84,97.078,0.372,3,6364.984,172.89
6.85,97.16,0.372,3,6370.336,173.324
6.86,97.242,0.372,3,6375.686,173.759
6.87,97.323,0.372,3,6381.035,174.194
6.88,97.405,0.372,3,6386.382,174.629
6.89,97.486,0.371,3,6391.728,175.065
6.9,97.568,0.371,3,6397.073,175.501
6.91,97.649,0.371,3,6402.417,175.938
6.92,97.731,0.371,3,6407.759,176.375
6.93,97.812,0.371,3,6413.1,176.812
6.94,97.894,0.371,3,6418.44,177.25
6.95,97.975,0.371,3,6423.778,177.688
6.96,98.056,0.371,3,6429.115,178.126
6.97,98.138,0.371,3,6434.451,178.565
6.98,98.219,0.371,3,6439.785,179.004
6.99,98.301,0.371,3,6445.118,179.443
7,98.382,0.37,3,6450.45,179.883
7.01,98.463,0.37,3,6455.78,180.323
7.02,98.544,0.37,3,6461.109,180.764
7.03,98.626,0.37,3,6466.437,181.205
7.04,98.707,0.37,3,6471.763,181.646
7.05,98.788,0.37,3,6477.088,182.088
7.06,98.869,0.37,3,6482.412,182.53
7.07,98.951,0.37,3,6487.734,182.972
7.08,99.032,0.37,3,6493.055,183.415
7.09,99.113,0.37,3,6498.375,183.858
7.1,99.194,0.37,3,6503.693,184.301
7.11,99.275,0.369,3,6509.01,184.745
7.12,99.356,0.369,3,6514.326,185.189
7.13,99.437,0.369,3,6519.641,185.634
7.14,99.518,0.369,3,6524.954,186.079
7.15,99.599,0.369,3,6530.265,186.524
7.16,99.68,0.369,3,6535.576,186.969
7.17,99.761,0.369,3,6540.885,187.415
7.18,99.842,0.369,3,6546.193,187.862
7.19,99.923,0.369,3,6551.499,188.308
7.2,100.004,0.369,3,6556.804,188.755
7.21,100.085,0.369,3,6562.108,189.203
7.22,100.166,0.368,3,6567.41,189.651
7.23,100.247,0.368,3,6572.711,190.099
7.24,100.327,0.368,3,6578.011,190.547
7.25,100.408,0.368,3,6583.309,190.996
7.26,100.489,0.368,3,6588.606,191.445
7.27,100.57,0.368,3,6593.902,191.895
7.28,100.651,0.368,3,6599.196,192.345
7.29,100.731,0.368,3,6604.489,192.795
7.3,100.812,0.368,3,6609.781,193.246
7.31,100.893,0.368,3,6615.071,193.697
7.32,100.973,0.368,3,6620.36,194.148
7.33,101.054,0.367,3,6625.647,194.6
7.34,101.135,0.367,3,6630.934,195.052
7.35,101.215,0.367,3,6636.219,195.505
7.36,101.296,0.367,3,6641.502,195.957
7.37,101.376,0.367,3,6646.784,196.411
7.38,101.457,0.367,3,6652.065,196.864
7.39,101.537,0.367,3,6657.345,197.318
7.4,101.618,0.367,3,6662.623,197.772
7.41,101.698,0.367,3,6667.899,198.227
7.42,101.779,0.367,3,6673.175,198.682
7.43,101.859,0.366,3,6678.449,199.137
7.44,101.94,0.366,3,6683.722,199.593
7.45,102.02,0.366,3,6688.993,200.049
7.46,102.1,0.366,3,6694.263,200.506
7.47,102.181,0.366,3,6699.531,200.962
7.48,102.261,0.366,3,6704.799,201.419
7.49,102.341,0.366,3,6710.065,201.877
7.5,102.422,0.366,3,6715.329,202.335
7.51,102.502,0.366,3,6720.592,202.793
7.52,102.582,0.366,3,6725.854,203.252
7.53,102.663,0.366,3,6731.115,203.711
7.54,102.743,0.365,3,6736.374,204.17
7.55,102.823,0.365,3,6741.631,204.63
7.56,102.903,0.365,3,6746.888,205.09
7.57,102.983,0.365,3,6752.143,205.55
7.58,103.063,0.365,3,6757.396,206.011
7.59,103.143,0.365,3,6762.649,206.472
7.6,103.224,0.365,3,6767.9,206.933
7.61,103.304,0.365,3,6773.149,207.395
7.62,103.384,0.365,3,6778.397,207.857
7.63,103.464,0.365,3,6783.644,208.32
7.64,103.544,0.364,3,6788.889,208.783
7.65,103.624,0.364,3,6794.133,209.246
7.66,103.704,0.364,3,6799.376,209.709
7.67,103.784,0.364,3,6804.617,210.173
7.68,103.864,0.364,3,6809.857,210.638
7.69,103.943,0.364,3,6815.096,211.102
7.7,104.023,0.364,3,6820.333,211.567
7.71,104.103,0.364,3,6825.569,212.033
7.72,104.183,0.364,3,6830.803,212.499
7.73,104.263,0.364,3,6836.036,212.965
7.74,104.343,0.364,3,6841.268,213.431
7.75,104.422,0.363,3,6846.498,213.898
7.76,104.502,0.363,3,6851.727,214.365
7.77,104.582,0.363,3,6856.955,214.833
7.78,104.662,0.363,3,6862.181,215.3
7.79,104.741,0.363,3,6867.406,215.769
7.8,104.821,0.363,3,6872.629,216.237
7.81,104.901,0.363,3,6877.851,216.706
7.82,104.98,0.363,3,6883.072,217.176
7.83,105.06,0.363,3,6888.291,217.645
7.84,105.139,0.363,3,6893.509,218.115
7.85,105.219,0.362,3,6898.725,218.586
7.86,105.298,0.362,3,6903.94,219.056
7.87,105.378,0.362,3,6909.154,219.527
7.88,105.457,0.362,3,6914.366,219.999
7.89,105.537,0.362,3,6919.577,220.471
7.9,105.616,0.362,3,6924.787,220.943
7.91,105.696,0.362,3,6929.995,221.415
7.92,105.775,0.362,3,6935.202,221.888
7.93,105.855,0.362,3,6940.407,222.361
7.94,105.934,0.362,3,6945.611,222.835
7.95,106.013,0.361,3,6950.813,223.309
7.96,106.093,0.361,3,6956.015,223.783
7.97,106.172,0.361,3,6961.214,224.258
7.98,106.251,0.361,3,6966.413,224.733
7.99,106.331,0.361,3,6971.61,225.208
8,106.41,0.361,3,6976.805,225.684
8.01,106.489,0.361,3,6982,226.16
8.02,106.568,0.361,3,6987.192,226.636
8.03,106.647,0.361,3,6992.384,227.113
8.04,106.727,0.361,3,6997.574,227.59
8.05,106.806,0.361,3,7002.763,228.068
8.06,106.885,0.36,3,7007.95,228.545
8.07,106.964,0.36,3,7013.136,229.024
8.08,107.043,0.36,3,7018.32,229.502
8.09,107.122,0.36,3,7023.503,229.981
8.1,107.201,0.36,3,7028.685,230.46
8.11,107.28,0.36,3,7033.865,230.94
8.12,107.359,0.36,3,7039.044,231.42
8.13,107.438,0.36,3,7044.221,231.9
8.14,107.517,0.36,3,7049.397,232.381
8.15,107.596,0.36,3,7054.572,232.862
8.16,107.675,0.359,3,7059.745,233.343
8.17,107.754,0.359,3,7064.917,233.825
8.18,107.833,0.359,3,7070.087,234.307
8.19,107.911,0.359,3,7075.256,234.789
8.2,107.99,0.359,3,7080.424,235.272
8.21,108.069,0.359,3,7085.59,235.755
8.22,108.148,0.359,3,7090.754,236.238
8.23,108.226,0.359,3,7095.918,236.722
8.24,108.305,0.359,3,7101.08,237.206
8.25,108.384,0.359,3,7106.24,237.691
8.26,108.463,0.358,3,7111.399,238.176
8.27,108.541,0.358,3,7116.557,238.661
8.28,108.62,0.358,3,7121.713,239.147
8.29,108.699,0.358,3,7126.868,239.633
8.3,108.777,0.358,3,7132.021,240.119
8.31,108.856,0.358,3,7137.174,240.605
8.32,108.934,0.358,3,7142.324,241.092
8.33,109.013,0.358,3,7147.473,241.58
8.34,109.091,0.358,3,7152.621,242.067
8.35,109.17,0.358,3,7157.767,242.555
8.36,109.248,0.357,3,7162.912,243.044
8.37,109.327,0.357,3,7168.056,243.533
8.38,109.405,0.357,3,7173.198,244.022
8.39,109.484,0.357,3,7178.339,244.511
8.4,109.562,0.357,3,7183.478,245.001
8.41,109.64,0.357,3,7188.616,245.491
8.42,109.719,0.357,3,7193.752,245.981
8.43,109.797,0.357,3,7198.887,246.472
8.44,109.875,-0.084,4,5145.729,246.964
8.45,109.857,-0.084,4,5144.861,247.455
8.46,109.838,-0.084,4,5143.993,247.946
8.47,109.82,-0.084,4,5143.125,248.437
8.48,109.801,-0.084,4,5142.258,248.927
8.49,109.783,-0.084,4,5141.39,249.418
8.5,109.764,-0.084,4,5140.523,249.909
8.51,109.746,-0.084,4,5139.656,250.399
8.52,109.727,-0.084,4,5138.79,250.89
8.53,109.709,-0.084,4,5137.924,251.38
8.54,109.69,-0.084,4,5137.057,251.871
8.55,109.672,-0.084,4,5136.192,252.361
8.56,109.653,-0.084,4,5135.326,252.851
8.57,109.635,-0.084,4,5134.461,253.341
8.58,109.616,-0.084,4,5133.595,253.831
8.59,109.598,-0.084,4,5132.731,254.321
8.6,109.579,-0.084,4,5131.866,254.811
8.61,109.561,-0.084,4,5131.002,255.301
8.62,109.542,-0.084,4,5130.137,255.791
8.63,109.524,-0.084,4,5129.273,256.28
8.64,109.505,0.294,4,5128.41,256.77
8.65,109.57,0.294,4,5131.433,257.26
8.66,109.635,0.294,4,5134.455,257.75
8.67,109.699,0.294,4,5137.476,258.24
8.68,109.764,0.294,4,5140.496,258.731
8.69,109.828,0.294,4,5143.516,259.222
8.7,109.892,0.294,4,5146.535,259.713
8.71,109.957,0.294,4,5149.552,260.205
8.72,110.021,0.293,4,5152.569,260.696
8.73,110.086,0.293,4,5155.586,261.189
8.74,110.15,0.293,4,5158.601,261.681
8.75,110.214,0.293,4,5161.615,262.174
8.76,110.279,0.293,4,5164.629,262.667
8.77,110.343,0.293,4,5167.642,263.16
8.78,110.407,0.293,4,5170.654,263.654
8.79,110.472,0.293,4,5173.665,264.147
8.8,110.536,0.293,4,5176.675,264.642
8.81,110.6,0.293,4,5179.685,265.136
8.82,110.665,0.293,4,5182.694,265.631
8.83,110.729,0.293,4,5185.701,266.126
8.84,110.793,0.293,4,5188.708,266.621
8.85,110.857,0.292,4,5191.714,267.117
8.86,110.921,0.292,4,5194.72,267.612
8.87,110.986,0.292,4,5197.724,268.109
8.88,111.05,0.292,4,5200.728,268.605
8.89,111.114,0.292,4,5203.73,269.102
8.9,111.178,0.292,4,5206.732,269.599
8.91,111.242,0.292,4,5209.733,270.096
8.92,111.306,0.292,4,5212.734,270.594
8.93,111.37,0.292,4,5215.733,271.091
8.94,111.434,0.292,4,5218.732,271.59
8.95,111.498,0.292,4,5221.729,272.088
8.96,111.562,0.292,4,5224.726,272.587
8.97,111.626,0.291,4,5227.722,273.086
8.98,111.69,0.291,4,5230.717,273.585
8.99,111.754,0.291,4,5233.712,274.085
9,111.818,0.291,4,5236.705,274.585
9.01,111.882,0.291,4,5239.698,275.085
9.02,111.946,0.291,4,5242.689,275.585
9.03,112.01,0.291,4,5245.68,276.086
9.04,112.073,0.291,4,5248.67,276.587
9.05,112.137,0.291,4,5251.66,277.088
9.06,112.201,0.291,4,5254.648,277.59
9.07,112.265,0.291,4,5257.636,278.092
9.08,112.329,0.291,4,5260.622,278.594
9.09,112.392,0.29,4,5263.608,279.096
9.1,112.456,0.29,4,5266.593,279.599
9.11,112.52,0.29,4,5269.577,280.102
9.12,112.583,0.29,4,5272.561,280.605
9.13,112.647,0.29,4,5275.543,281.109
9.14,112.711,0.29,4,5278.525,281.613
9.15,112.774,0.29,4,5281.505,282.117
9.16,112.838,0.29,4,5284.485,282.621
9.17,112.902,0.29,4,5287.464,283.126
9.18,112.965,0.29,4,5290.443,283.631
9.19,113.029,0.29,4,5293.42,284.136
9.2,113.092,0.29,4,5296.396,284.642
9.21,113.156,0.289,4,5299.372,285.148
9.22,113.219,0.289,4,5302.347,285.654
9.23,113.283,0.289,4,5305.321,286.16
9.24,113.346,0.289,4,5308.294,286.667
9.25,113.41,0.289,4,5311.266,287.174
9.26,113.473,0.289,4,5314.238,287.681
9.27,113.537,0.289,4,5317.208,288.189
9.28,113.6,0.289,4,5320.178,288.697
9.29,113.664,0.289,4,5323.147,289.205
9.3,113.727,0.289,4,5326.115,289.713
9.31,113.79,0.289,4,5329.082,290.222
9.32,113.854,0.289,4,5332.048,290.731
9.33,113.917,0.288,4,5335.014,291.24
9.34,113.98,0.288,4,5337.978,291.75
9.35,114.044,0.288,4,5340.942,292.259
9.36,114.107,0.288,4,5343.905,292.769
9.37,114.17,0.288,4,5346.867,293.28
9.38,114.233,0.288,4,5349.828,293.791
9.39,114.297,0.288,4,5352.788,294.301
9.4,114.36,0.288,4,5355.748,294.813
9.41,114.423,0.288,4,5358.706,295.324
9.42,114.486,0.288,4,5361.664,295.836
9.43,114.549,0.288,4,5364.621,296.348
9.44,114.612,0.288,4,5367.577,296.86
9.45,114.675,0.287,4,5370.532,297.373
9.46,114.739,0.287,4,5373.487,297.886
9.47,114.802,0.287,4,5376.44,298.399
9.48,114.865,0.287,4,5379.393,298.913
9.49,114.928,0.287,4,5382.345,299.427
9.5,114.991,0.287,4,5385.295,299.941
9.51,115.054,0.287,4,5388.246,300.455
9.52,115.117,0.287,4,5391.195,300.97
9.53,115.18,0.287,4,5394.143,301.484
9.54,115.243,0.287,4,5397.091,302
9.55,115.305,0.287,4,5400.037,302.515
9.56,115.368,0.287,4,5402.983,303.031
9.57,115.431,0.286,4,5405.928,303.547
9.58,115.494,0.286,4,5408.872,304.063
9.59,115.557,0.286,4,5411.815,304.58
9.6,115.62,0.286,4,5414.757,305.097
9.61,115.683,0.286,4,5417.699,305.614
9.62,115.745,0.286,4,5420.639,306.131
9.63,115.808,0.286,4,5423.579,306.649
9.64,115.871,0.286,4,5426.518,307.167
9.65,115.934,0.286,4,5429.456,307.685
9.66,115.996,0.286,4,5432.393,308.204
9.67,116.059,0.286,4,5435.33,308.723
9.68,116.122,0.286,4,5438.265,309.242
9.69,116.184,0.285,4,5441.2,309.761
9.7,116.247,0.285,4,5444.133,310.281
9.71,116.31,0.285,4,5447.066,310.801
9.72,116.372,0.285,4,5449.998,311.321
9.73,116.435,0.285,4,5452.929,311.841
9.74,116.497,0.285,4,5455.86,312.362
9.75,116.56,0.285,4,5458.789,312.883
9.76,116.622,0.285,4,5461.718,313.405
9.77,116.685,0.285,4,5464.645,313.926
9.78,116.747,0.285,4,5467.572,314.448
9.79,116.81,0.285,4,5470.498,314.97
9.8,116.872,0.285,4,5473.423,315.493
9.81,116.935,0.284,4,5476.348,316.015
9.82,116.997,0.284,4,5479.271,316.539
9.83,117.06,0.284,4,5482.193,317.062
9.84,117.122,0.284,4,5485.115,317.585
9.85,117.184,0.284,4,5488.036,318.109
9.86,117.247,0.284,4,5490.956,318.633
9.87,117.309,0.284,4,5493.875,319.158
9.88,117.371,0.284,4,5496.793,319.683
9.89,117.434,0.284,4,5499.71,320.207
9.9,117.496,0.284,4,5502.627,320.733
9.91,117.558,0.284,4,5505.542,321.258
9.92,117.62,0.284,4,5508.457,321.784
9.93,117.683,0.283,4,5511.371,322.31
9.94,117.745,0.283,4,5514.284,322.837
9.95,117.807,0.283,4,5517.196,323.363
9.96,117.869,0.283,4,5520.107,323.89
9.97,117.931,0.283,4,5523.018,324.417
9.98,117.994,0.283,4,5525.927,324.945
9.99,118.056,0.283,4,5528.836,325.473
10,118.118,0.283,4,5531.744,326.001
10.01,118.18,0.283,4,5534.651,326.529
10.02,118.242,0.283,4,5537.557,327.057
10.03,118.304,0.283,4,5540.462,327.586
10.04,118.366,0.283,4,5543.366,328.115
10.05,118.428,0.282,4,5546.27,328.645
10.06,118.49,0.282,4,5549.172,329.175
10.07,118.552,0.282,4,5552.074,329.705
10.08,118.614,0.282,4,5554.975,330.235
10.09,118.676,0.282,4,5557.875,330.765
10.1,118.738,0.282,4,5560.774,331.296
10.11,118.799,0.282,4,5563.672,331.827
10.12,118.861,0.282,4,5566.57,332.359
10.13,118.923,0.282,4,5569.466,332.89
10.14,118.985,0.282,4,5572.362,333.422
10.15,119.047,0.282,4,5575.257,333.954
10.16,119.109,0.282,4,5578.151,334.487
10.17,119.17,0.281,4,5581.044,335.02
10.18,119.232,0.281,4,5583.936,335.553
10.19,119.294,0.281,4,5586.827,336.086
10.2,119.356,0.281,4,5589.718,336.619
10.21,119.417,0.281,4,5592.607,337.153
10.22,119.479,0.281,4,5595.496,337.687
10.23,119.541,0.281,4,5598.384,338.222
10.24,119.602,0.281,4,5601.27,338.756
10.25,119.664,0.281,4,5604.157,339.291
10.26,119.726,0.281,4,5607.042,339.827
10.27,119.787,0.281,4,5609.926,340.362
10.28,119.849,0.28,4,5612.809,340.898
10.29,119.91,0.28,4,5615.692,341.434
10.3,119.972,0.28,4,5618.574,341.97
10.31,120.033,0.28,4,5621.455,342.507
10.32,120.095,0.28,4,5624.335,343.044
10.33,120.156,0.28,4,5627.214,343.581
10.34,120.218,0.28,4,5630.092,344.118
10.35,120.279,0.28,4,5632.969,344.656
10.36,120.341,0.28,4,5635.846,345.194
10.37,120.402,0.28,4,5638.721,345.732
10.38,120.463,0.28,4,5641.596,346.271
10.39,120.525,0.28,4,5644.47,346.809
10.4,120.586,0.279,4,5647.343,347.349
10.41,120.647,0.279,4,5650.215,347.888
10.42,120.709,0.279,4,5653.086,348.427
10.43,120.77,0.279,4,5655.956,348.967
10.44,120.831,0.279,4,5658.826,349.508
10.45,120.893,0.279,4,5661.694,350.048
10.46,120.954,0.279,4,5664.562,350.589
10.47,121.015,0.279,4,5667.429,351.13
10.48,121.076,0.279,4,5670.295,351.671
10.49,121.137,0.279,4,5673.16,352.212
10.5,121.199,0.279,4,5676.024,352.754
10.51,121.26,0.279,4,5678.887,353.296
10.52,121.321,0.278,4,5681.75,353.839
10.53,121.382,0.278,4,5684.611,354.381
10.54,121.443,0.278,4,5687.472,354.924
10.55,121.504,0.278,4,5690.332,355.467
10.56,121.565,0.278,4,5693.191,356.011
10.57,121.626,0.278,4,5696.049,356.555
10.58,121.687,0.278,4,5698.906,357.099
10.59,121.748,0.278,4,5701.762,357.643
10.6,121.809,0.278,4,5704.618,358.187
10.61,121.87,0.278,4,5707.472,358.732
10.62,121.931,0.278,4,5710.326,359.277
10.63,121.992,0.278,4,5713.179,359.823
10.64,122.053,0.277,4,5716.031,360.368
10.65,122.114,0.277,4,5718.882,360.914
10.66,122.174,0.277,4,5721.732,361.46
10.67,122.235,0.277,4,5724.581,362.007
10.68,122.296,0.277,4,5727.43,362.553
10.69,122.357,0.277,4,5730.277,363.1
10.7,122.418,0.277,4,5733.124,363.648
10.71,122.479,0.277,4,5735.97,364.195
10.72,122.539,0.277,4,5738.814,364.743
10.73,122.6,0.277,4,5741.658,365.291
10.74,122.661,0.277,4,5744.502,365.839
10.75,122.721,0.276,4,5747.344,366.388
10.76,122.782,0.276,4,5750.185,366.937
10.77,122.843,0.276,4,5753.026,367.486
10.78,122.903,0.276,4,5755.865,368.035
10.79,122.964,0.276,4,5758.704,368.585
10.8,123.025,0.276,4,5761.542,369.135
10.81,123.085,0.276,4,5764.379,369.685
10.82,123.146,0.276,4,5767.215,370.236
10.83,123.206,0.276,4,5770.05,370.787
10.84,123.267,0.276,4,5772.884,371.338
10.85,123.327,0.276,4,5775.718,371.889
10.86,123.388,0.276,4,5778.55,372.441
10.87,123.448,0.275,4,5781.382,372.992
10.88,123.509,0.275,4,5784.213,373.545
10.89,123.569,0.275,4,5787.042,374.097
10.9,123.629,0.275,4,5789.871,374.65
10.91,123.69,0.275,4,5792.7,375.203
10.92,123.75,0.275,4,5795.527,375.756
10.93,123.811,0.275,4,5798.353,376.309
10.94,123.871,0.275,4,5801.179,376.863
10.95,123.931,0.275,4,5804.003,377.417
10.96,123.992,0.275,4,5806.827,377.971
10.97,124.052,0.275,4,5809.65,378.526
10.98,124.112,0.274,4,5812.472,379.081
10.99,124.172,0.274,4,5815.293,379.636
11,124.232,0.274,4,5818.113,380.191
11.01,124.293,0.274,4,5820.932,380.747
11.02,124.353,0.274,4,5823.751,381.303
11.03,124.413,0.274,4,5826.568,381.859
11.04,124.473,0.274,4,5829.385,382.415
11.05,124.533,0.274,4,5832.2,382.972
11.06,124.593,0.274,4,5835.015,383.529
11.07,124.653,0.274,4,5837.829,384.086
11.08,124.714,0.274,4,5840.642,384.644
11.09,124.774,0.274,4,5843.455,385.202
11.1,124.834,0.273,4,5846.266,385.76
11.11,124.894,0.273,4,5849.076,386.318
11.12,124.954,0.273,4,5851.886,386.877
11.13,125.014,0.273,4,5854.694,387.435
11.14,125.074,0.273,4,5857.502,387.995
11.15,125.133,0.273,4,5860.309,388.554
11.16,125.193,0.273,4,5863.115,389.114
11.17,125.253,0.273,4,5865.92,389.674
11.18,125.313,0.273,4,5868.724,390.234
11.19,125.373,0.273,4,5871.528,390.794
11.2,125.433,0.273,4,5874.33,391.355
11.21,125.493,0.273,4,5877.132,391.916
11.22,125.553,0.272,4,5879.932,392.477
11.23,125.612,0.272,4,5882.732,393.039
11.24,125.672,0.272,4,5885.531,393.601
11.25,125.732,0.272,4,5888.329,394.163
11.26,125.792,0.272,4,5891.126,394.725
11.27,125.851,0.272,4,5893.922,395.288
11.28,125.911,0.272,4,5896.718,395.851
11.29,125.971,0.272,4,5899.512,396.414
11.3,126.03,0.272,4,5902.306,396.977
11.31,126.09,0.272,4,5905.098,397.541
11.32,126.149,0.272,4,5907.89,398.105
11.33,126.209,0.271,4,5910.681,398.669
11.34,126.269,0.271,4,5913.471,399.233
11.35,126.328,0.271,4,5916.26,399.798
11.36,126.388,0.271,4,5919.048,400.363
11.37,126.447,0.271,4,5921.836,400.928
11.38,126.507,0.271,4,5924.622,401.494
11.39,126.566,0.271,4,5927.408,402.06
11.4,126.626,0.271,4,5930.192,402.626
11.41,126.685,0.271,4,5932.976,403.192
11.42,126.745,0.271,4,5935.759,403.759
11.43,126.804,0.271,4,5938.541,404.326
11.44,126.863,0.271,4,5941.322,404.893
11.45,126.923,0.27,4,5944.102,405.46
11.46,126.982,0.27,4,5946.882,406.028
11.47,127.041,0.27,4,5949.66,406.596
11.48,127.101,0.27,4,5952.438,407.164
11.49,127.16,0.27,4,5955.214,407.732
11.5,127.219,0.27,4,5957.99,408.301
11.51,127.278,0.27,4,5960.765,408.87
11.52,127.338,0.27,4,5963.539,409.439
11.53,127.397,0.27,4,5966.312,410.009
11.54,127.456,0.27,4,5969.084,410.579
11.55,127.515,0.27,4,5971.855,411.149
11.56,127.574,0.269,4,5974.626,411.719
11.57,127.634,0.269,4,5977.395,412.289
11.58,127.693,0.269,4,5980.164,412.86
11.59,127.752,0.269,4,5982.932,413.431
11.6,127.811,0.269,4,5985.698,414.003
11.61,127.87,0.269,4,5988.464,414.574
11.62,127.929,0.269,4,5991.229,415.146
11.63,127.988,0.269,4,5993.994,415.718
11.64,128.047,0.269,4,5996.757,416.291
11.65,128.106,0.269,4,5999.519,416.864
11.66,128.165,0.269,4,6002.281,417.436
11.67,128.224,0.269,4,6005.041,418.01
11.68,128.283,0.268,4,6007.801,418.583
11.69,128.342,0.268,4,6010.56,419.157
11.7,128.401,0.268,4,6013.318,419.731
11.71,128.46,0.268,4,6016.074,420.305
11.72,128.518,0.268,4,6018.831,420.88
11.73,128.577,0.268,4,6021.586,421.454
11.74,128.636,0.268,4,6024.34,422.03
11.75,128.695,0.268,4,6027.094,422.605
11.76,128.754,0.268,4,6029.846,423.18
11.77,128.812,0.268,4,6032.598,423.756
11.78,128.871,0.268,4,6035.348,424.332
11.79,128.93,0.267,4,6038.098,424.909
11.8,128.988,0.267,4,6040.847,425.485
11.81,129.047,0.267,4,6043.595,426.062
11.82,129.106,0.267,4,6046.342,426.639
11.83,129.164,0.267,4,6049.089,427.217
11.84,129.223,0.267,4,6051.834,427.795
11.85,129.282,0.267,4,6054.578,428.372
11.86,129.34,0.267,4,6057.322,428.951
11.87,129.399,0.267,4,6060.065,429.529
11.88,129.457,0.267,4,6062.806,430.108
11.89,129.516,0.267,4,6065.547,430.687
11.9,129.574,0.267,4,6068.287,431.266
11.91,129.633,0.266,4,6071.026,431.846
11.92,129.691,0.266,4,6073.765,432.425
11.93,129.75,0.266,4,6076.502,433.005
11.94,129.808,0.266,4,6079.238,433.586
11.95,129.867,0.266,4,6081.974,434.166
11.96,129.925,0.266,4,6084.708,434.747
11.97,129.983,0.266,4,6087.442,435.328
11.98,130.042,0.266,4,6090.175,435.909
11.99,130.1,0.266,4,6092.907,436.491
12,130.158,0.266,4,6095.638,437.073
12.01,130.217,0.266,4,6098.368,437.655
12.02,130.275,0.265,4,6101.097,438.237
12.03,130.333,0.265,4,6103.825,438.82
12.04,130.391,0.265,4,6106.553,439.403
12.05,130.45,0.265,4,6109.279,439.986
12.06,130.508,0.265,4,6112.005,440.57
12.07,130.566,0.265,4,6114.73,441.153
12.08,130.624,0.265,4,6117.454,441.737
12.09,130.682,0.202,4,6120.176,442.321
12.1,130.727,0.202,4,6122.251,442.906
12.11,130.771,0.202,4,6124.324,443.49
12.12,130.815,0.202,4,6126.397,444.075
12.13,130.859,0.202,4,6128.47,444.66
12.14,130.904,0.202,4,6130.541,445.245
12.15,130.948,0.201,4,6132.612,445.831
12.16,130.992,0.201,4,6134.682,446.416
12.17,131.036,0.201,4,6136.752,447.002
12.18,131.08,0.201,4,6138.821,447.588
12.19,131.125,0.201,4,6140.889,448.174
12.2,131.169,0.201,4,6142.956,448.761
12.21,131.213,0.201,4,6145.023,449.347
12.22,131.257,0.201,4,6147.089,449.934
12.23,131.301,0.201,4,6149.154,450.521
12.24,131.345,0.201,4,6151.219,451.108
12.25,131.389,0.201,4,6153.283,451.695
12.26,131.433,0.201,4,6155.346,452.283
12.27,131.477,0.201,4,6157.409,452.871
12.28,131.521,0.201,4,6159.471,453.459
12.29,131.565,0.201,4,6161.532,454.047
12.3,131.609,0.2,4,6163.593,454.635
12.31,131.653,0.2,4,6165.653,455.224
12.32,131.697,0.2,4,6167.712,455.813
12.33,131.741,0.2,4,6169.771,456.401
12.34,131.785,0.2,4,6171.829,456.991
12.35,131.829,0.2,4,6173.886,457.58
12.36,131.873,0.2,4,6175.942,458.169
12.37,131.917,0.2,4,6177.998,458.759
12.38,131.961,0.2,4,6180.053,459.349
12.39,132.005,0.2,4,6182.108,459.939
12.4,132.049,0.2,4,6184.161,460.53
12.41,132.092,0.2,4,6186.214,461.12
12.42,132.136,0.2,4,6188.267,461.711
12.43,132.18,0.2,4,6190.319,462.302
12.44,132.224,0.2,4,6192.37,462.893
12.45,132.268,0.199,4,6194.42,463.484
12.46,132.311,0.199,4,6196.47,464.075
12.47,132.355,0.199,4,6198.518,464.667
12.48,132.399,0.199,4,6200.567,465.259
12.49,132.443,0.199,4,6202.614,465.851
12.5,132.486,0.199,4,6204.661,466.443
12.51,132.53,0.199,4,6206.707,467.036
12.52,132.574,0.199,4,6208.753,467.628
12.53,132.617,0.199,4,6210.798,468.221
12.54,132.661,0.199,4,6212.842,468.814
12.55,132.705,0.199,4,6214.886,469.408
12.56,132.748,0.199,4,6216.928,470.001
12.57,132.792,0.199,4,6218.97,470.595
12.58,132.835,0.199,4,6221.012,471.189
12.59,132.879,0.199,4,6223.053,471.783
12.6,132.923,0.198,4,6225.093,472.377
12.61,132.966,0.198,4,6227.132,472.971
12.62,133.01,0.198,4,6229.171,473.566
12.63,133.053,0.198,4,6231.209,474.161
12.64,133.097,0.198,4,6233.246,474.756
12.65,133.14,0.198,4,6235.283,475.351
12.66,133.184,0.198,4,6237.319,475.946
12.67,133.227,0.198,4,6239.354,476.542
12.68,133.271,0.198,4,6241.388,477.138
12.69,133.314,0.198,4,6243.422,477.733
12.7,133.357,0.198,4,6245.456,478.33
12.71,133.401,0.198,4,6247.488,478.926
12.72,133.444,0.198,4,6249.52,479.523
12.73,133.488,0.198,4,6251.551,480.119
12.74,133.531,0.198,4,6253.582,480.716
12.75,133.574,0.197,4,6255.611,481.313
12.76,133.618,0.197,4,6257.64,481.911
12.77,133.661,0.197,4,6259.669,482.508
12.78,133.704,0.197,4,6261.697,483.106
12.79,133.747,0.197,4,6263.724,483.704
12.8,133.791,0.197,4,6265.75,484.302
12.81,133.834,0.197,4,6267.776,484.9
12.82,133.877,0.197,4,6269.801,485.499
12.83,133.92,0.197,4,6271.825,486.097
12.84,133.964,0.197,4,6273.849,486.696
12.85,134.007,0.197,4,6275.872,487.295
12.86,134.05,0.197,4,6277.894,487.895
12.87,134.093,0.197,4,6279.915,488.494
12.88,134.136,0.197,4,6281.936,489.094
12.89,134.18,0.197,4,6283.956,489.693
12.9,134.223,0.196,4,6285.976,490.293
12.91,134.266,0.196,4,6287.995,490.894
12.92,134.309,0.196,4,6290.013,491.494
12.93,134.352,0.196,4,6292.03,492.095
12.94,134.395,0.196,4,6294.047,492.696
12.95,134.438,0.196,4,6296.063,493.297
12.96,134.481,0.196,4,6298.079,493.898
12.97,134.524,0.196,4,6300.093,494.499
12.98,134.567,0.196,4,6302.107,495.101
12.99,134.61,0.196,4,6304.121,495.702
13,134.653,0.196,4,6306.133,496.304
13.01,134.696,0.196,4,6308.145,496.906
13.02,134.739,0.196,4,6310.157,497.509
13.03,134.782,0.196,4,6312.167,498.111
13.04,134.825,0.196,4,6314.177,498.714
13.05,134.868,0.195,4,6316.187,499.317
13.06,134.911,0.195,4,6318.195,499.92
13.07,134.953,0.195,4,6320.203,500.523
13.08,134.996,0.195,4,6322.21,501.127
13.09,135.039,0.195,4,6324.217,501.731
13.1,135.082,0.195,4,6326.222,502.334
13.11,135.125,0.195,4,6328.228,502.938
13.12,135.168,0.195,4,6330.232,503.543
13.13,135.21,0.195,4,6332.236,504.147
13.14,135.253,0.195,4,6334.239,504.752
13.15,135.296,0.195,4,6336.241,505.357
13.16,135.339,0.195,4,6338.243,505.962
13.17,135.381,0.195,4,6340.244,506.567
13.18,135.424,0.195,4,6342.244,507.172
13.19,135.467,0.195,4,6344.244,507.778
13.2,135.51,0.194,4,6346.243,508.384
13.21,135.552,0.194,4,6348.241,508.99
13.22,135.595,0.194,4,6350.239,509.596
13.23,135.637,0.194,4,6352.236,510.202
13.24,135.68,0.194,4,6354.232,510.809
13.25,135.723,0.194,4,6356.228,511.415
13.26,135.765,0.194,4,6358.223,512.022
13.27,135.808,0.194,4,6360.217,512.629
13.28,135.85,0.194,4,6362.21,513.237
13.29,135.893,0.194,4,6364.203,513.844
13.3,135.936,0.194,4,6366.195,514.452
13.31,135.978,0.194,4,6368.187,515.06
13.32,136.021,0.194,4,6370.178,515.668
13.33,136.063,0.194,4,6372.168,516.276
13.34,136.106,0.194,4,6374.157,516.885
13.35,136.148,0.193,4,6376.146,517.493
13.36,136.19,0.193,4,6378.134,518.102
13.37,136.233,0.193,4,6380.121,518.711
13.38,136.275,0.193,4,6382.108,519.32
13.39,136.318,0.193,4,6384.094,519.93
13.4,136.36,0.193,4,6386.079,520.539
13.41,136.402,0.193,4,6388.064,521.149
13.42,136.445,0.193,4,6390.048,521.759
13.43,136.487,0.193,4,6392.031,522.369
13.44,136.53,0.193,4,6394.013,522.979
13.45,136.572,0.193,4,6395.995,523.59
13.46,136.614,0.193,4,6397.977,524.201
13.47,136.656,0.193,4,6399.957,524.812
13.48,136.699,0.193,4,6401.937,525.423
13.49,136.741,0.193,4,6403.916,526.034
13.5,136.783,0.192,4,6405.895,526.645
13.51,136.825,0.192,4,6407.872,527.257
13.52,136.868,0.192,4,6409.849,527.869
13.53,136.91,0.192,4,6411.826,528.481
13.54,136.952,0.192,4,6413.802,529.093
13.55,136.994,0.192,4,6415.777,529.706
13.56,137.036,0.192,4,6417.751,530.318
13.57,137.079,0.192,4,6419.725,530.931
13.58,137.121,0.192,4,6421.698,531.544
13.59,137.163,0.192,4,6423.67,532.157
13.6,137.205,0.192,4,6425.642,532.771
13.61,137.247,0.192,4,6427.613,533.384
13.62,137.289,0.192,4,6429.583,533.998
13.63,137.331,0.192,4,6431.552,534.612
13.64,137.373,0.192,4,6433.521,535.226
13.65,137.415,0.191,4,6435.49,535.84
13.66,137.457,0.191,4,6437.457,536.455
13.67,137.499,0.191,4,6439.424,537.069
13.68,137.541,0.191,4,6441.39,537.684
13.69,137.583,0.191,4,6443.356,538.299
13.7,137.625,0.191,4,6445.32,538.915
13.71,137.667,0.191,4,6447.285,539.53
13.72,137.709,0.191,4,6449.248,540.146
13.73,137.751,0.191,4,6451.211,540.761
13.74,137.793,0.191,4,6453.173,541.377
13.75,137.835,0.191,4,6455.134,541.994
13.76,137.876,0.191,4,6457.095,542.61
13.77,137.918,0.191,4,6459.055,543.226
13.78,137.96,0.191,4,6461.014,543.843
13.79,138.002,0.191,4,6462.973,544.46
13.8,138.044,0.19,4,6464.931,545.077
13.81,138.086,0.19,4,6466.888,545.694
13.82,138.127,0.19,4,6468.845,546.312
13.83,138.169,0.19,4,6470.801,546.93
13.84,138.211,0.19,4,6472.756,547.548
13.85,138.253,0.19,4,6474.711,548.166
13.86,138.294,0.19,4,6476.664,548.784
13.87,138.336,0.19,4,6478.618,549.402
13.88,138.378,0.19,4,6480.57,550.021
13.89,138.419,0.19,4,6482.522,550.64
13.9,138.461,0.19,4,6484.473,551.259
13.91,138.503,0.19,4,6486.424,551.878
13.92,138.544,0.19,4,6488.373,552.497
13.93,138.586,0.19,4,6490.322,553.117
13.94,138.628,0.19,4,6492.271,553.736
13.95,138.669,0.189,4,6494.219,554.356
13.96,138.711,0.189,4,6496.166,554.976
13.97,138.752,0.189,4,6498.112,555.597
13.98,138.794,0.189,4,6500.058,556.217
13.99,138.835,0.189,4,6502.003,556.838
14,138.877,0.189,4,6503.947,557.459
14.01,138.918,0.189,4,6505.891,558.08
14.02,138.96,0.189,4,6507.834,558.701
14.03,139.001,0.189,4,6509.776,559.322
14.04,139.043,0.189,4,6511.718,559.944
14.05,139.084,0.189,4,6513.658,560.565
14.06,139.126,0.189,4,6515.599,561.187
14.07,139.167,0.189,4,6517.538,561.81
14.08,139.209,0.189,4,6519.477,562.432
14.09,139.25,0.189,4,6521.415,563.054
14.1,139.291,0.188,4,6523.353,563.677
14.11,139.333,0.188,4,6525.29,564.3
14.12,139.374,0.188,4,6527.226,564.923
14.13,139.415,0.188,4,6529.161,565.546
14.14,139.457,0.188,4,6531.096,566.17
14.15,139.498,0.188,4,6533.03,566.793
14.16,139.539,0.188,4,6534.964,567.417
14.17,139.58,0.188,4,6536.896,568.041
14.18,139.622,0.188,4,6538.828,568.665
14.19,139.663,0.188,4,6540.76,569.29
14.2,139.704,0.188,4,6542.69,569.914
14.21,139.745,0.188,4,6544.62,570.539
14.22,139.787,0.188,4,6546.55,571.164
14.23,139.828,0.188,4,6548.478,571.789
14.24,139.869,0.188,4,6550.406,572.414
14.25,139.91,0.187,4,6552.334,573.04
14.26,139.951,0.187,4,6554.26,573.665
14.27,139.992,0.187,4,6556.186,574.291
14.28,140.033,0.187,4,6558.111,574.917
14.29,140.075,0.187,4,6560.036,575.543
14.3,140.116,0.187,4,6561.96,576.17
14.31,140.157,0.187,4,6563.883,576.796
14.32,140.198,0.187,4,6565.806,577.423
14.33,140.239,0.187,4,6567.727,578.05
14.34,140.28,0.187,4,6569.649,578.677
14.35,140.321,0.187,4,6571.569,579.304
14.36,140.362,0.187,4,6573.489,579.932
14.37,140.403,0.187,4,6575.408,580.559
14.38,140.444,0.187,4,6577.326,581.187
14.39,140.485,0.187,4,6579.244,581.815
14.4,140.526,0.186,4,6581.161,582.443
14.41,140.567,0.186,4,6583.078,583.072
14.42,140.607,0.186,4,6584.993,583.7
14.43,140.648,0.186,4,6586.908,584.329
14.44,140.689,0.186,4,6588.823,584.958
14.45,140.73,0.186,4,6590.737,585.587
14.46,140.771,0.186,4,6592.65,586.216
14.47,140.812,0.186,4,6594.562,586.846
14.48,140.853,0.186,4,6596.473,587.476
14.49,140.893,0.186,4,6598.384,588.105
14.5,140.934,0.186,4,6600.295,588.735
14.51,140.975,0.186,4,6602.204,589.366
14.52,141.016,0.186,4,6604.113,589.996
14.53,141.056,0.186,4,6606.021,590.627
14.54,141.097,0.186,4,6607.929,591.257
14.55,141.138,0.185,4,6609.836,591.888
14.56,141.179,0.185,4,6611.742,592.519
14.57,141.219,0.185,4,6613.648,593.151
14.58,141.26,0.185,4,6615.552,593.782
14.59,141.301,0.185,4,6617.457,594.414
14.6,141.341,0.185,4,6619.36,595.046
14.61,141.382,0.185,4,6621.263,595.678
14.62,141.423,0.185,4,6623.165,596.31
14.63,141.463,0.185,4,6625.066,596.942
14.64,141.504,0.185,4,6626.967,597.575
14.65,141.544,0.185,4,6628.867,598.208
14.66,141.585,0.185,4,6630.767,598.841
14.67,141.625,0.185,4,6632.665,599.474
14.68,141.666,0.185,4,6634.563,600.107
14.69,141.706,0.185,4,6636.461,600.741
14.7,141.747,0.184,4,6638.357,601.374
14.71,141.787,0.184,4,6640.253,602.008
14.72,141.828,0.184,4,6642.149,602.642
14.73,141.868,0.184,4,6644.043,603.276
14.74,141.909,0.184,4,6645.937,603.911
14.75,141.949,0.184,4,6647.831,604.545
14.76,141.99,0.184,4,6649.723,605.18
14.77,142.03,0.184,4,6651.615,605.815
14.78,142.07,0.184,4,6653.507,606.45
14.79,142.111,0.184,4,6655.397,607.085
14.8,142.151,0.184,4,6657.287,607.721
14.81,142.191,0.184,4,6659.176,608.357
14.82,142.232,0.184,4,6661.065,608.992
14.83,142.272,0.184,4,6662.953,609.628
14.84,142.312,0.184,4,6664.84,610.265
14.85,142.353,0.183,4,6666.726,610.901
14.86,142.393,0.183,4,6668.612,611.537
14.87,142.433,0.183,4,6670.497,612.174
14.88,142.473,0.183,4,6672.382,612.811
14.89,142.514,0.183,4,6674.266,613.448
14.9,142.554,0.183,4,6676.149,614.085
14.91,142.594,0.183,4,6678.031,614.723
14.92,142.634,0.183,4,6679.913,615.361
14.93,142.674,0.183,4,6681.794,615.998
14.94,142.715,0.183,4,6683.674,616.636
14.95,142.755,0.183,4,6685.554,617.275
14.96,142.795,0.183,4,6687.433,617.913
14.97,142.835,0.183,4,6689.311,618.551
14.98,142.875,0.183,4,6691.189,619.19
14.99,142.915,0.183,4,6693.066,619.829
15,142.955,0.183,4,6694.943,620.468
15.01,142.995,0.182,4,6696.818,621.107
15.02,143.035,0.182,4,6698.693,621.747
15.03,143.075,0.182,4,6700.567,622.386
15.04,143.115,0.182,4,6702.441,623.026
15.05,143.155,0.182,4,6704.314,623.666
15.06,143.195,0.182,4,6706.186,624.306
15.07,143.235,0.182,4,6708.058,624.947
15.08,143.275,0.182,4,6709.929,625.587
15.09,143.315,0.182,4,6711.799,626.228
15.1,143.355,0.182,4,6713.669,626.869
15.11,143.395,0.182,4,6715.538,627.51
15.12,143.435,0.182,4,6717.406,628.151
15.13,143.475,0.182,4,6719.273,628.792
15.14,143.515,0.182,4,6721.14,629.434
15.15,143.554,0.182,4,6723.006,630.076
15.16,143.594,0.181,4,6724.872,630.717
15.17,143.634,0.181,4,6726.737,631.36
15.18,143.674,0.181,4,6728.601,632.002
15.19,143.714,0.181,4,6730.464,632.644
15.2,143.753,0.181,4,6732.327,633.287
15.21,143.793,0.181,4,6734.189,633.93
15.22,143.833,0.181,4,6736.051,634.573
15.23,143.873,0.181,4,6737.911,635.216
15.24,143.912,0.181,4,6739.771,635.859
15.25,143.952,0.181,4,6741.631,636.503
15.26,143.992,0.181,4,6743.49,637.146
15.27,144.031,0.181,4,6745.348,637.79
15.28,144.071,0.181,4,6747.205,638.434
15.29,144.111,0.181,4,6749.062,639.079
15.3,144.15,0.181,4,6750.918,639.723
15.31,144.19,0.18,4,6752.773,640.368
15.32,144.23,0.18,4,6754.628,641.012
15.33,144.269,0.18,4,6756.482,641.657
15.34,144.309,0.18,4,6758.335,642.302
15.35,144.348,0.18,4,6760.188,642.948
15.36,144.388,0.18,4,6762.04,643.593
15.37,144.427,0.18,4,6763.891,644.239
15.38,144.467,0.18,4,6765.742,644.885
15.39,144.506,0.18,4,6767.592,645.531
15.4,144.546,0.18,4,6769.441,646.177
15.41,144.585,0.18,4,6771.29,646.823
15.42,144.625,0.18,4,6773.138,647.47
15.43,144.664,0.18,4,6774.985,648.116
15.44,144.704,0.18,4,6776.831,648.763
15.45,144.743,0.18,4,6778.677,649.41
15.46,144.783,0.179,4,6780.523,650.058
15.47,144.822,0.179,4,6782.367,650.705
15.48,144.861,0.179,4,6784.211,651.353
15.49,144.901,0.179,4,6786.054,652
15.5,144.94,0.179,4,6787.897,652.648
15.51,144.979,0.179,4,6789.739,653.296
15.52,145.019,0.179,4,6791.58,653.945
15.53,145.058,0.179,4,6793.42,654.593
15.54,145.097,0.179,4,6795.26,655.242
15.55,145.137,0.179,4,6797.099,655.891
15.56,145.176,0.179,4,6798.938,656.54
15.57,145.215,0.179,4,6800.776,657.189
15.58,145.254,0.179,4,6802.613,657.838
15.59,145.293,0.179,4,6804.449,658.488
15.6,145.333,0.179,4,6806.285,659.137
15.61,145.372,0.178,4,6808.12,659.787
15.62,145.411,0.178,4,6809.955,660.437
15.63,145.45,0.178,4,6811.788,661.087
15.64,145.489,0.178,4,6813.621,661.738
15.65,145.528,0.178,4,6815.454,662.388
15.66,145.568,0.178,4,6817.286,663.039
15.67,145.607,0.178,4,6819.117,663.69
15.68,145.646,0.178,4,6820.947,664.341
15.69,145.685,0.178,4,6822.777,664.992
15.7,145.724,0.178,4,6824.606,665.644
15.71,145.763,0.178,4,6826.434,666.296
15.72,145.802,0.178,4,6828.262,666.947
15.73,145.841,0.178,4,6830.089,667.599
15.74,145.88,0.178,4,6831.915,668.251
15.75,145.919,0.178,4,6833.741,668.904
15.76,145.958,0.178,4,6835.566,669.556
15.77,145.997,0.177,4,6837.39,670.209
15.78,146.036,0.177,4,6839.214,670.862
15.79,146.075,0.177,4,6841.037,671.515
15.8,146.114,0.177,4,6842.859,672.168
15.81,146.153,0.177,4,6844.681,672.821
15.82,146.191,0.177,4,6846.502,673.475
15.83,146.23,0.177,4,6848.322,674.129
15.84,146.269,0.177,4,6850.142,674.782
15.85,146.308,0.177,4,6851.961,675.436
15.86,146.347,0.177,4,6853.779,676.091
15.87,146.386,0.177,4,6855.597,676.745
15.88,146.424,0.177,4,6857.414,677.4
15.89,146.463,0.177,4,6859.23,678.054
15.9,146.502,0.177,4,6861.046,678.709
15.91,146.541,0.177,4,6862.861,679.364
15.92,146.579,0.176,4,6864.675,680.02
15.93,146.618,0.176,4,6866.489,680.675
15.94,146.657,0.176,4,6868.301,681.331
15.95,146.696,0.176,4,6870.114,681.987
15.96,146.734,0.176,4,6871.925,682.642
15.97,146.773,0.176,4,6873.736,683.299
15.98,146.812,0.176,4,6875.546,683.955
15.99,146.85,0.176,4,6877.356,684.611
16,146.889,0.176,4,6879.165,685.268
16.01,146.927,0.176,4,6880.973,685.925
16.02,146.966,0.176,4,6882.781,686.582
16.03,147.005,0.176,4,6884.588,687.239
16.04,147.043,0.176,4,6886.394,687.896
16.05,147.082,0.176,4,6888.199,688.554
16.06,147.12,0.176,4,6890.004,689.212
16.07,147.159,0.175,4,6891.808,689.869
16.08,147.197,0.175,4,6893.612,690.527
16.09,147.236,0.175,4,6895.415,691.186
16.1,147.274,0.175,4,6897.217,691.844
16.11,147.313,0.175,4,6899.018,692.503
16.12,147.351,0.175,4,6900.819,693.161
16.13,147.39,0.175,4,6902.619,693.82
16.14,147.428,0.175,4,6904.419,694.479
16.15,147.466,0.175,4,6906.218,695.138
16.16,147.505,0.175,4,6908.016,695.798
16.17,147.543,0.175,4,6909.813,696.457
16.18,147.582,0.175,4,6911.61,697.117
16.19,147.62,0.175,4,6913.406,697.777
16.2,147.658,0.175,4,6915.202,698.437
16.21,147.697,0.175,4,6916.997,699.097
16.22,147.735,0.175,4,6918.791,699.758
16.23,147.773,0.174,4,6920.584,700.419
16.24,147.812,0.174,4,6922.377,701.079
16.25,147.85,0.174,4,6924.169,701.74
16.26,147.888,0.174,4,6925.961,702.401
16.27,147.926,0.174,4,6927.751,703.063
16.28,147.965,0.174,4,6929.542,703.724
16.29,148.003,0.174,4,6931.331,704.386
16.3,148.041,0.174,4,6933.12,705.048
16.31,148.079,0.174,4,6934.908,705.71
16.32,148.117,0.174,4,6936.695,706.372
16.33,148.155,0.174,4,6938.482,707.034
16.34,148.194,0.174,4,6940.268,707.696
16.35,148.232,0.174,4,6942.054,708.359
16.36,148.27,0.174,4,6943.839,709.022
16.37,148.308,0.174,4,6945.623,709.685
16.38,148.346,0.173,4,6947.406,710.348
16.39,148.384,0.173,4,6949.189,711.011
16.4,148.422,0.173,4,6950.971,711.675
16.41,148.46,0.173,4,6952.752,712.339
16.42,148.498,0.173,4,6954.533,713.002
16.43,148.536,0.173,4,6956.313,713.666
16.44,148.574,0.173,4,6958.093,714.331
16.45,148.612,0.173,4,6959.871,714.995
16.46,148.65,0.173,4,6961.65,715.66
16.47,148.688,0.173,4,6963.427,716.324
16.48,148.726,0.173,4,6965.204,716.989
16.49,148.764,0.173,4,6966.98,717.654
16.5,148.802,0.173,4,6968.755,718.319
16.51,148.84,0.173,4,6970.53,718.985
16.52,148.878,0.173,4,6972.304,719.65
16.53,148.915,0.172,4,6974.078,720.316
16.54,148.953,0.172,4,6975.85,720.982
16.55,148.991,0.172,4,6977.622,721.648
16.56,149.029,0.172,4,6979.394,722.314
16.57,149.067,0.172,4,6981.165,722.98
16.58,149.105,0.172,4,6982.935,723.647
16.59,149.142,0.172,4,6984.704,724.314
16.6,149.18,0.172,4,6986.473,724.981
16.61,149.218,0.172,4,6988.241,725.648
16.62,149.256,0.172,4,6990.008,726.315
16.63,149.293,0.172,4,6991.775,726.982
16.64,149.331,0.172,4,6993.541,727.65
16.65,149.369,0.172,4,6995.307,728.318
16.66,149.406,0.172,4,6997.071,728.986
16.67,149.444,0.172,4,6998.836,729.654
16.68,149.482,0.172,4,7000.599,730.322
16.69,149.519,0.171,4,7002.362,730.99
16.7,149.557,0.171,4,7004.124,731.659
16.71,149.595,0.171,4,7005.885,732.328
16.72,149.632,0.171,4,7007.646,732.997
16.73,149.67,0.171,4,7009.406,733.666
16.74,149.707,0.171,4,7011.166,734.335
16.75,149.745,0.171,4,7012.924,735.004
16.76,149.782,0.171,4,7014.682,735.674
16.77,149.82,0.171,4,7016.44,736.344
16.78,149.858,0.171,4,7018.197,737.014
16.79,149.895,0.171,4,7019.953,737.684
16.8,149.933,0.171,4,7021.708,738.354
16.81,149.97,0.171,4,7023.463,739.024
16.82,150.007,0.171,4,7025.217,739.695
16.83,150.045,0.171,4,7026.971,740.366
16.84,150.082,0.17,4,7028.723,741.037
16.85,150.12,0.17,4,7030.476,741.708
16.86,150.157,0.17,4,7032.227,742.379
16.87,150.195,0.17,4,7033.978,743.05
16.88,150.232,0.17,4,7035.728,743.722
16.89,150.269,0.17,4,7037.477,744.394
16.9,150.307,0.17,4,7039.226,745.066
16.91,150.344,0.17,4,7040.974,745.738
16.92,150.381,0.17,4,7042.722,746.41
16.93,150.419,0.17,4,7044.469,747.082
16.94,150.456,0.17,4,7046.215,747.755
16.95,150.493,0.17,4,7047.96,748.428
16.96,150.53,0.17,4,7049.705,749.101
16.97,150.568,0.17,4,7051.449,749.774
16.98,150.605,0.17,4,7053.193,750.447
16.99,150.642,0.17,4,7054.936,751.121
17,150.679,0.169,4,7056.678,751.794
17.01,150.716,0.169,4,7058.419,752.468
17.02,150.754,0.169,4,7060.16,753.142
17.03,150.791,0.169,4,7061.9,753.816
17.04,150.828,0.169,4,7063.64,754.49
17.05,150.865,0.169,4,7065.379,755.165
17.06,150.902,0.169,4,7067.117,755.839
17.07,150.939,0.169,4,7068.854,756.514
17.08,150.976,0.169,4,7070.591,757.189
17.09,151.013,0.169,4,7072.327,757.864
17.1,151.05,0.169,4,7074.063,758.539
17.11,151.087,0.169,4,7075.798,759.215
17.12,151.125,0.169,4,7077.532,759.89
17.13,151.162,0.169,4,7079.266,760.566
17.14,151.199,0.169,4,7080.998,761.242
17.15,151.236,0.168,4,7082.731,761.918
17.16,151.272,0.168,4,7084.462,762.594
17.17,151.309,0.168,4,7086.193,763.271
17.18,151.346,0.168,4,7087.923,763.947
17.19,151.383,0.168,4,7089.653,764.624
17.2,151.42,0.168,4,7091.382,765.301
17.21,151.457,0.168,4,7093.11,765.978
17.22,151.494,0.168,4,7094.838,766.655
17.23,151.531,0.168,4,7096.565,767.333
17.24,151.568,0.168,4,7098.291,768.01
17.25,151.605,0.168,4,7100.017,768.688
17.26,151.641,0.168,4,7101.742,769.366
17.27,151.678,0.168,4,7103.466,770.044
17.28,151.715,0.168,4,7105.19,770.722
17.29,151.752,0.168,4,7106.913,771.4
17.3,151.789,0.168,4,7108.635,772.079
17.31,151.825,0.167,4,7110.356,772.758
17.32,151.862,0.167,4,7112.077,773.437
17.33,151.899,0.167,4,7113.798,774.116
17.34,151.936,0.167,4,7115.517,774.795
17.35,151.972,0.167,4,7117.236,775.474
17.36,152.009,0.167,4,7118.955,776.154
17.37,152.046,0.167,4,7120.673,776.833
17.38,152.082,0.167,4,7122.39,777.513
17.39,152.119,0.167,4,7124.106,778.193
17.4,152.156,0.167,4,7125.822,778.874
17.41,152.192,0.167,4,7127.537,779.554
17.42,152.229,0.167,4,7129.251,780.234
17.43,152.265,0.167,4,7130.965,780.915
17.44,152.302,0.167,4,7132.678,781.596
17.45,152.339,0.167,4,7134.39,782.277
17.46,152.375,0.166,4,7136.102,782.958
17.47,152.412,0.166,4,7137.813,783.64
17.48,152.448,0.166,4,7139.524,784.321
17.49,152.485,0.166,4,7141.233,785.003
17.5,152.521,0.166,4,7142.943,785.685
17.51,152.558,0.166,4,7144.651,786.367
17.52,152.594,0.166,4,7146.359,787.049
17.53,152.631,0.166,4,7148.066,787.731
17.54,152.667,0.166,4,7149.773,788.413
17.55,152.703,0.166,4,7151.478,789.096
17.56,152.74,0.166,4,7153.184,789.779
17.57,152.776,0.166,4,7154.888,790.462
17.58,152.813,0.166,4,7156.592,791.145
17.59,152.849,0.166,4,7158.295,791.828
17.6,152.885,0.166,4,7159.998,792.512
17.61,152.922,0.166,4,7161.7,793.195
17.62,152.958,0.165,4,7163.401,793.879
17.63,152.994,0.165,4,7165.101,794.563
17.64,153.031,0.165,4,7166.801,795.247
17.65,153.067,0.165,4,7168.501,795.932
17.66,153.103,0.165,4,7170.199,796.616
17.67,153.139,0.165,4,7171.897,797.301
17.68,153.176,0.165,4,7173.594,797.985
17.69,153.212,0.165,4,7175.291,798.67
17.7,153.248,0.165,4,7176.987,799.355
17.71,153.284,0.165,4,7178.682,800.041
17.72,153.321,0.165,4,7180.377,800.726
17.73,153.357,0.165,4,7182.071,801.411
17.74,153.393,0.165,4,7183.764,802.097
17.75,153.429,0.165,4,7185.457,802.783
17.76,153.465,0.165,4,7187.149,803.469
17.77,153.501,0.165,4,7188.841,804.155
17.78,153.537,0.164,4,7190.531,804.842
17.79,153.573,0.164,4,7192.221,805.528
17.8,153.61,0.164,4,7193.911,806.215
17.81,153.646,0.164,4,7195.599,806.902
17.82,153.682,0.164,4,7197.288,807.589
17.83,153.718,0.164,4,7198.975,808.276
17.84,153.754,-0.151,5,4680.43,808.963
17.85,153.721,-0.151,5,4679.421,809.651
17.86,153.687,-0.151,5,4678.412,810.338
17.87,153.654,-0.151,5,4677.404,811.024
17.88,153.621,-0.151,5,4676.396,811.711
17.89,153.588,-0.151,5,4675.389,812.398
17.9,153.555,-0.151,5,4674.381,813.084
17.91,153.522,-0.151,5,4673.375,813.771
17.92,153.489,-0.151,5,4672.368,814.457
17.93,153.456,-0.151,5,4671.362,815.143
17.94,153.423,-0.15,5,4670.357,815.829
17.95,153.39,-0.15,5,4669.352,816.514
17.96,153.357,-0.15,5,4668.347,817.2
17.97,153.324,-0.15,5,4667.342,817.885
17.98,153.291,-0.15,5,4666.338,818.571
17.99,153.258,-0.15,5,4665.335,819.256
18,153.225,-0.15,5,4664.331,819.941
18.01,153.192,-0.15,5,4663.328,820.625
18.02,153.159,-0.15,5,4662.326,821.31
18.03,153.126,-0.15,5,4661.324,821.995
18.04,153.093,0.123,5,4660.322,822.679
18.05,153.12,0.123,5,4661.145,823.364
18.06,153.147,0.123,5,4661.968,824.048
18.07,153.174,0.123,5,4662.791,824.733
18.08,153.201,0.123,5,4663.613,825.418
18.09,153.228,0.123,5,4664.435,826.103
18.1,153.255,0.123,5,4665.256,826.788
18.11,153.282,0.123,5,4666.077,827.473
18.12,153.309,0.123,5,4666.898,828.159
18.13,153.336,0.123,5,4667.719,828.844
18.14,153.363,0.123,5,4668.539,829.53
18.15,153.39,0.123,5,4669.359,830.215
18.16,153.417,0.123,5,4670.178,830.901
18.17,153.444,0.123,5,4670.998,831.587
18.18,153.471,0.123,5,4671.817,832.273
18.19,153.498,0.123,5,4672.635,832.959
18.2,153.524,0.122,5,4673.454,833.646
18.21,153.551,0.122,5,4674.272,834.332
18.22,153.578,0.122,5,4675.089,835.019
18.23,153.605,0.122,5,4675.907,835.705
18.24,153.632,0.122,5,4676.724,836.392
18.25,153.659,0.122,5,4677.541,837.079
18.26,153.686,0.122,5,4678.357,837.766
18.27,153.712,0.122,5,4679.173,838.453
18.28,153.739,0.122,5,4679.989,839.141
18.29,153.766,0.095,5,4680.804,839.828
18.3,153.787,0.095,5,4681.437,840.515
18.31,153.808,0.095,5,4682.07,841.203
18.32,153.828,0.095,5,4682.702,841.891
18.33,153.849,0.095,5,4683.334,842.578
18.34,153.87,0.095,5,4683.966,843.266
18.35,153.891,0.094,5,4684.597,843.954
18.36,153.911,0.094,5,4685.228,844.642
18.37,153.932,0.094,5,4685.859,845.33
18.38,153.953,0.094,5,4686.49,846.019
18.39,153.973,0.094,5,4687.121,846.707
18.4,153.994,0.094,5,4687.751,847.395
18.41,154.015,0.094,5,4688.381,848.084
18.42,154.036,0.094,5,4689.011,848.772
18.43,154.056,0.094,5,4689.64,849.461
18.44,154.077,0.094,5,4690.27,850.15
18.45,154.098,0.094,5,4690.899,850.839
18.46,154.118,0.094,5,4691.527,851.528
18.47,154.139,0.094,5,4692.156,852.217
18.48,154.159,0.094,5,4692.784,852.906
18.49,154.18,0.094,5,4693.412,853.595
18.5,154.201,0.094,5,4694.04,854.285
18.51,154.221,0.094,5,4694.668,854.974
18.52,154.242,0.094,5,4695.295,855.664
18.53,154.263,0.094,5,4695.922,856.353
18.54,154.283,0.094,5,4696.549,857.043
18.55,154.304,0.094,5,4697.176,857.733
18.56,154.324,0.094,5,4697.802,858.423
18.57,154.345,0.094,5,4698.428,859.113
18.58,154.365,0.094,5,4699.054,859.803
18.59,154.386,0.094,5,4699.68,860.493
18.6,154.407,0.094,5,4700.305,861.183
18.61,154.427,0.094,5,4700.93,861.873
18.62,154.448,0.094,5,4701.555,862.564
18.63,154.468,0.093,5,4702.18,863.254
18.64,154.489,0.093,5,4702.804,863.945
18.65,154.509,0.093,5,4703.428,864.636
18.66,154.53,0.093,5,4704.052,865.327
18.67,154.55,0.093,5,4704.676,866.017
18.68,154.571,0.093,5,4705.299,866.708
18.69,154.591,0.093,5,4705.922,867.399
18.7,154.612,0.093,5,4706.545,868.091
18.71,154.632,0.093,5,4707.168,868.782
18.72,154.652,0.093,5,4707.79,869.473
18.73,154.673,0.093,5,4708.413,870.165
18.74,154.693,0.093,5,4709.035,870.856
18.75,154.714,0.093,5,4709.656,871.548
18.76,154.734,0.093,5,4710.278,872.24
18.77,154.755,0.093,5,4710.899,872.931
18.78,154.775,0.093,5,4711.52,873.623
18.79,154.795,0.093,5,4712.141,874.315
18.8,154.816,0.093,5,4712.761,875.007
18.81,154.836,0.093,5,4713.382,875.7
18.82,154.856,0.093,5,4714.002,876.392
18.83,154.877,0.093,5,4714.621,877.084
18.84,154.897,0.093,5,4715.241,877.777
18.85,154.918,0.093,5,4715.86,878.469
18.86,154.938,0.093,5,4716.479,879.162
18.87,154.958,0.093,5,4717.098,879.855
18.88,154.979,0.093,5,4717.717,880.547
18.89,154.999,0.093,5,4718.335,881.24
18.9,155.019,0.092,5,4718.953,881.933
18.91,155.039,0.092,5,4719.571,882.626
18.92,155.06,0.092,5,4720.189,883.32
18.93,155.08,0.092,5,4720.806,884.013
18.94,155.1,0.092,5,4721.423,884.706
18.95,155.121,0.092,5,4722.04,885.4
18.96,155.141,0.092,5,4722.657,886.093
18.97,155.161,0.092,5,4723.273,886.787
18.98,155.181,0.092,5,4723.889,887.481
18.99,155.202,0.092,5,4724.505,888.174
19,155.222,0.092,5,4725.121,888.868
19.01,155.242,0.092,5,4725.736,889.562
19.02,155.262,0.092,5,4726.351,890.256
19.03,155.282,0.092,5,4726.966,890.951
19.04,155.303,0.092,5,4727.581,891.645
19.05,155.323,0.092,5,4728.195,892.339
19.06,155.343,0.092,5,4728.81,893.034
19.07,155.363,0.092,5,4729.424,893.728
19.08,155.383,0.092,5,4730.037,894.423
19.09,155.403,0.092,5,4730.651,895.117
19.1,155.424,0.092,5,4731.264,895.812
19.11,155.444,0.092,5,4731.877,896.507
19.12,155.464,0.092,5,4732.49,897.202
19.13,155.484,0.092,5,4733.103,897.897
19.14,155.504,0.092,5,4733.715,898.592
19.15,155.524,0.092,5,4734.327,899.288
19.16,155.544,0.092,5,4734.939,899.983
19.17,155.564,0.092,5,4735.55,900.678
19.18,155.584,0.091,5,4736.162,901.374
19.19,155.605,0.091,5,4736.773,902.07
19.2,155.625,0.091,5,4737.384,902.765
19.21,155.645,0.091,5,4737.994,903.461
19.22,155.665,0.091,5,4738.605,904.157
19.23,155.685,0.091,5,4739.215,904.853
19.24,155.705,0.091,5,4739.825,905.549
19.25,155.725,0.091,5,4740.434,906.245
19.26,155.745,0.091,5,4741.044,906.941
19.27,155.765,0.091,5,4741.653,907.638
19.28,155.785,0.091,5,4742.262,908.334
19.29,155.805,0.091,5,4742.87,909.031
19.3,155.825,0.091,5,4743.479,909.727
19.31,155.845,0.091,5,4744.087,910.424
19.32,155.865,0.091,5,4744.695,911.121
19.33,155.885,0.091,5,4745.303,911.818
19.34,155.905,0.091,5,4745.91,912.514
19.35,155.925,0.091,5,4746.518,913.212
19.36,155.945,0.091,5,4747.125,913.909
19.37,155.965,0.091,5,4747.731,914.606
19.38,155.984,0.091,5,4748.338,915.303
19.39,156.004,0.091,5,4748.944,916.001
19.4,156.024,0.091,5,4749.55,916.698
19.41,156.044,0.091,5,4750.156,917.396
19.42,156.064,0.091,5,4750.762,918.093
19.43,156.084,0.091,5,4751.367,918.791
19.44,156.104,0.091,5,4751.972,919.489
19.45,156.124,0.091,5,4752.577,920.187
19.46,156.144,0.09,5,4753.182,920.885
19.47,156.163,0.09,5,4753.786,921.583
19.48,156.183,0.09,5,4754.39,922.281
19.49,156.203,0.09,5,4754.994,922.979
19.5,156.223,0.09,5,4755.598,923.678
19.51,156.243,0.09,5,4756.201,924.376
19.52,156.263,0.09,5,4756.805,925.075
19.53,156.282,0.09,5,4757.407,925.774
19.54,156.302,0.09,5,4758.01,926.472
19.55,156.322,0.09,5,4758.613,927.171
19.56,156.342,0.09,5,4759.215,927.87
19.57,156.362,0.09,5,4759.817,928.569
19.58,156.381,0.09,5,4760.419,929.268
19.59,156.401,0.09,5,4761.02,929.967
19.6,156.421,0.09,5,4761.622,930.667
19.61,156.441,0.09,5,4762.223,931.366
19.62,156.46,0.09,5,4762.823,932.065
19.63,156.48,0.09,5,4763.424,932.765
19.64,156.5,0.09,5,4764.024,933.464
19.65,156.519,0.09,5,4764.625,934.164
19.66,156.539,0.09,5,4765.224,934.864
19.67,156.559,0.09,5,4765.824,935.564
19.68,156.579,0.09,5,4766.423,936.264
19.69,156.598,0.09,5,4767.023,936.964
19.7,156.618,0.09,5,4767.622,937.664
19.71,156.638,0.09,5,4768.22,938.364
19.72,156.657,0.09,5,4768.819,939.065
19.73,156.677,0.09,5,4769.417,939.765
19.74,156.697,0.089,5,4770.015,940.465
19.75,156.716,0.089,5,4770.613,941.166
19.76,156.736,0.089,5,4771.21,941.867
19.77,156.755,0.089,5,4771.807,942.567
19.78,156.775,0.089,5,4772.404,943.268
19.79,156.795,0.089,5,4773.001,943.969
19.8,156.814,0.089,5,4773.598,944.67
19.81,156.834,0.089,5,4774.194,945.371
19.82,156.853,0.089,5,4774.79,946.073
19.83,156.873,0.089,5,4775.386,946.774
19.84,156.893,0.089,5,4775.982,947.475
19.85,156.912,0.089,5,4776.577,948.177
19.86,156.932,0.089,5,4777.172,948.878
19.87,156.951,0.089,5,4777.767,949.58
19.88,156.971,0.089,5,4778.362,950.282
19.89,156.99,0.089,5,4778.956,950.983
19.9,157.01,0.089,5,4779.55,951.685
19.91,157.029,0.089,5,4780.144,952.387
19.92,157.049,0.089,5,4780.738,953.089
19.93,157.068,0.089,5,4781.332,953.791
19.94,157.088,0.089,5,4781.925,954.494
19.95,157.107,0.089,5,4782.518,955.196
19.96,157.127,0.089,5,4783.111,955.898
19.97,157.146,0.089,5,4783.703,956.601
19.98,157.166,0.089,5,4784.296,957.304
19.99,157.185,0.089,5,4784.888,958.006
20,157.205,0.089,5,4785.479,958.709
20.01,157.224,0.089,5,4786.071,959.412
20.02,157.243,0.088,5,4786.662,960.115
20.03,157.263,0.088,5,4787.254,960.818
20.04,157.282,0.088,5,4787.844,961.521
20.05,157.302,0.088,5,4788.435,962.224
20.06,157.321,0.088,5,4789.026,962.927
20.07,157.34,0.088,5,4789.616,963.631
20.08,157.36,0.088,5,4790.206,964.334
20.09,157.379,0.088,5,4790.796,965.038
20.1,157.399,0.088,5,4791.385,965.741
20.11,157.418,0.088,5,4791.974,966.445
20.12,157.437,0.088,5,4792.563,967.149
20.13,157.457,0.088,5,4793.152,967.853
20.14,157.476,0.088,5,4793.741,968.557
20.15,157.495,0.088,5,4794.329,969.261
20.16,157.515,0.088,5,4794.917,969.965
20.17,157.534,0.088,5,4795.505,970.669
20.18,157.553,0.088,5,4796.093,971.374
20.19,157.573,0.088,5,4796.68,972.078
20.2,157.592,0.088,5,4797.267,972.783
20.21,157.611,0.088,5,4797.854,973.487
20.22,157.63,0.088,5,4798.441,974.192
20.23,157.65,0.088,5,4799.027,974.897
20.24,157.669,0.088,5,4799.613,975.601
20.25,157.688,0.088,5,4800.199,976.306
20.26,157.707,0.088,5,4800.785,977.011
20.27,157.727,0.088,5,4801.371,977.716
20.28,157.746,0.088,5,4801.956,978.422
20.29,157.765,0.088,5,4802.541,979.127
20.3,157.784,0.088,5,4803.126,979.832
20.31,157.803,0.087,5,4803.71,980.538
20.32,157.823,0.087,5,4804.295,981.243
20.33,157.842,0.087,5,4804.879,981.949
20.34,157.861,0.087,5,4805.463,982.655
20.35,157.88,0.087,5,4806.047,983.36
20.36,157.899,0.087,5,4806.63,984.066
20.37,157.919,0.087,5,4807.213,984.772
20.38,157.938,0.087,5,4807.796,985.478
20.39,157.957,0.087,5,4808.379,986.184
20.4,157.976,0.087,5,4808.961,986.891
20.41,157.995,0.087,5,4809.544,987.597
20.42,158.014,0.087,5,4810.126,988.303
20.43,158.033,0.087,5,4810.707,989.01
20.44,158.052,0.087,5,4811.289,989.716
20.45,158.072,0.087,5,4811.87,990.423
20.46,158.091,0.087,5,4812.451,991.13
20.47,158.11,0.087,5,4813.032,991.836
20.48,158.129,0.087,5,4813.613,992.543
20.49,158.148,0.087,5,4814.193,993.25
20.5,158.167,0.087,5,4814.774,993.957
20.51,158.186,0.087,5,4815.353,994.665
20.52,158.205,0.087,5,4815.933,995.372
20.53,158.224,0.087,5,4816.513,996.079
20.54,158.243,0.087,5,4817.092,996.787
20.55,158.262,0.087,5,4817.671,997.494
20.56,158.281,0.087,5,4818.25,998.202
20.57,158.3,0.087,5,4818.828,998.909
20.58,158.319,0.087,5,4819.407,999.617
20.59,158.338,0.087,5,4819.985,1000.325
20.6,158.357,0.086,5,4820.563,1001.033
20.61,158.376,0.086,5,4821.14,1001.741
20.62,158.395,0.086,5,4821.718,1002.449
20.63,158.414,0.086,5,4822.295,1003.157
20.64,158.433,0.086,5,4822.872,1003.865
20.65,158.452,0.086,5,4823.448,1004.574
20.66,158.471,0.086,5,4824.025,1005.282
20.67,158.49,0.086,5,4824.601,1005.991
20.68,158.509,0.086,5,4825.177,1006.699
20.69,158.528,0.086,5,4825.753,1007.408
20.7,158.546,0.086,5,4826.328,1008.117
20.71,158.565,0.086,5,4826.904,1008.825
20.72,158.584,0.086,5,4827.479,1009.534
20.73,158.603,0.086,5,4828.054,1010.243
20.74,158.622,0.086,5,4828.628,1010.952
20.75,158.641,0.086,5,4829.203,1011.662
20.76,158.66,0.086,5,4829.777,1012.371
20.77,158.679,0.086,5,4830.351,1013.08
20.78,158.697,0.086,5,4830.925,1013.79
20.79,158.716,0.086,5,4831.498,1014.499
20.8,158.735,0.086,5,4832.071,1015.209
20.81,158.754,0.086,5,4832.644,1015.919
20.82,158.773,0.086,5,4833.217,1016.628
20.83,158.792,0.086,5,4833.79,1017.338
20.84,158.81,0.086,5,4834.362,1018.048
20.85,158.829,0.086,5,4834.934,1018.758
20.86,158.848,0.086,5,4835.506,1019.468
20.87,158.867,0.086,5,4836.078,1020.178
20.88,158.885,0.086,5,4836.649,1020.889
20.89,158.904,0.085,5,4837.22,1021.599
20.9,158.923,0.085,5,4837.791,1022.31
20.91,158.942,0.085,5,4838.362,1023.02
20.92,158.961,0.085,5,4838.932,1023.731
20.93,158.979,0.085,5,4839.503,1024.441
20.94,158.998,0.085,5,4840.073,1025.152
20.95,159.017,0.085,5,4840.643,1025.863
20.96,159.035,0.085,5,4841.212,1026.574
20.97,159.054,0.085,5,4841.781,1027.285
20.98,159.073,0.085,5,4842.351,1027.996
20.99,159.091,0.085,5,4842.919,1028.707
21,159.11,0.085,5,4843.488,1029.419
21.01,159.129,0.085,5,4844.057,1030.13
21.02,159.148,0.085,5,4844.625,1030.841
21.03,159.166,0.085,5,4845.193,1031.553
21.04,159.185,0.085,5,4845.761,1032.265
21.05,159.203,0.085,5,4846.328,1032.976
21.06,159.222,0.085,5,4846.895,1033.688
21.07,159.241,0.085,5,4847.462,1034.4
21.08,159.259,0.085,5,4848.029,1035.112
21.09,159.278,0.085,5,4848.596,1035.824
21.1,159.297,0.085,5,4849.162,1036.536
21.11,159.315,0.085,5,4849.728,1037.248
21.12,159.334,0.085,5,4850.294,1037.961
21.13,159.352,0.085,5,4850.86,1038.673
21.14,159.371,0.085,5,4851.425,1039.385
21.15,159.389,0.085,5,4851.991,1040.098
21.16,159.408,0.085,5,4852.556,1040.811
21.17,159.427,0.085,5,4853.121,1041.523
21.18,159.445,0.084,5,4853.685,1042.236
21.19,159.464,0.084,5,4854.249,1042.949
21.2,159.482,0.084,5,4854.814,1043.662
21.21,159.501,0.084,5,4855.377,1044.375
21.22,159.519,0.084,5,4855.941,1045.088
21.23,159.538,0.084,5,4856.505,1045.801
21.24,159.556,0.084,5,4857.068,1046.514
21.25,159.575,0.084,5,4857.631,1047.228
21.26,159.593,0.084,5,4858.193,1047.941
21.27,159.612,0.084,5,4858.756,1048.655
21.28,159.63,0.084,5,4859.318,1049.368
21.29,159.649,0.084,5,4859.88,1050.082
21.3,159.667,0.084,5,4860.442,1050.796
21.31,159.686,0.084,5,4861.004,1051.51
21.32,159.704,0.084,5,4861.565,1052.224
21.33,159.722,0.084,5,4862.126,1052.938
21.34,159.741,0.084,5,4862.687,1053.652
21.35,159.759,0.084,5,4863.248,1054.366
21.36,159.778,0.084,5,4863.808,1055.08
21.37,159.796,0.084,5,4864.369,1055.795
21.38,159.814,0.084,5,4864.929,1056.509
21.39,159.833,0.084,5,4865.488,1057.224
21.4,159.851,0.084,5,4866.048,1057.938
21.41,159.87,0.084,5,4866.607,1058.653
21.42,159.888,0.084,5,4867.167,1059.368
21.43,159.906,0.084,5,4867.725,1060.082
21.44,159.925,0.084,5,4868.284,1060.797
21.45,159.943,0.084,5,4868.843,1061.512
21.46,159.961,0.084,5,4869.401,1062.227
21.47,159.98,0.083,5,4869.959,1062.943
21.48,159.998,0.083,5,4870.517,1063.658
21.49,160.016,0.083,5,4871.074,1064.373
21.5,160.035,0.083,5,4871.631,1065.089
21.51,160.053,0.083,5,4872.188,1065.804
21.52,160.071,0.083,5,4872.745,1066.52
21.53,160.09,0.083,5,4873.302,1067.235
21.54,160.108,0.083,5,4873.858,1067.951
21.55,160.126,0.083,5,4874.415,1068.667
21.56,160.144,0.083,5,4874.971,1069.383
21.57,160.163,0.083,5,4875.526,1070.099
21.58,160.181,0.083,5,4876.082,1070.815
21.59,160.199,0.083,5,4876.637,1071.531
21.6,160.217,0.083,5,4877.192,1072.247
21.61,160.236,0.083,5,4877.747,1072.964
21.62,160.254,0.083,5,4878.302,1073.68
21.63,160.272,0.083,5,4878.856,1074.397
21.64,160.29,0.083,5,4879.41,1075.113
21.65,160.308,0.083,5,4879.964,1075.83
21.66,160.327,0.083,5,4880.518,1076.546
21.67,160.345,0.083,5,4881.071,1077.263
21.68,160.363,0.083,5,4881.625,1077.98
21.69,160.381,0.083,5,4882.178,1078.697
21.7,160.399,0.083,5,4882.731,1079.414
21.71,160.417,0.083,5,4883.283,1080.131
21.72,160.436,0.083,5,4883.836,1080.848
21.73,160.454,0.083,5,4884.388,1081.566
21.74,160.472,0.083,5,4884.94,1082.283
21.75,160.49,0.083,5,4885.491,1083.001
21.76,160.508,0.083,5,4886.043,1083.718
21.77,160.526,0.082,5,4886.594,1084.436
21.78,160.544,0.082,5,4887.145,1085.153
21.79,160.562,0.082,5,4887.696,1085.871
21.8,160.58,0.082,5,4888.246,1086.589
21.81,160.599,0.082,5,4888.797,1087.307
21.82,160.617,0.082,5,4889.347,1088.025
21.83,160.635,0.082,5,4889.897,1088.743
21.84,160.653,0.082,5,4890.447,1089.461
21.85,160.671,0.082,5,4890.996,1090.18
21.86,160.689,0.082,5,4891.545,1090.898
21.87,160.707,0.082,5,4892.094,1091.616
21.88,160.725,0.082,5,4892.643,1092.335
21.89,160.743,0.082,5,4893.192,1093.053
21.9,160.761,0.082,5,4893.74,1093.772
21.91,160.779,0.082,5,4894.288,1094.491
21.92,160.797,0.082,5,4894.836,1095.21
21.93,160.815,0.082,5,4895.384,1095.929
21.94,160.833,0.082,5,4895.931,1096.648
21.95,160.851,0.082,5,4896.479,1097.367
21.96,160.869,0.082,5,4897.026,1098.086
21.97,160.887,0.082,5,4897.572,1098.805
21.98,160.905,0.082,5,4898.119,1099.524
21.99,160.923,0.082,5,4898.665,1100.244
22,160.941,0.082,5,4899.211,1100.963
22.01,160.959,0.082,5,4899.757,1101.683
22.02,160.977,0.082,5,4900.303,1102.402
22.03,160.994,0.082,5,4900.849,1103.122
22.04,161.012,0.082,5,4901.394,1103.842
22.05,161.03,0.082,5,4901.939,1104.562
22.06,161.048,0.082,5,4902.484,1105.282
22.07,161.066,0.081,5,4903.028,1106.002
22.08,161.084,0.081,5,4903.573,1106.722
22.09,161.102,0.081,5,4904.117,1107.442
22.1,161.12,0.081,5,4904.661,1108.162
22.11,161.138,0.081,5,4905.204,1108.883
22.12,161.155,0.081,5,4905.748,1109.603
22.13,161.173,0.081,5,4906.291,1110.324
22.14,161.191,0.081,5,4906.834,1111.044
22.15,161.209,0.081,5,4907.377,1111.765
22.16,161.227,0.081,5,4907.919,1112.486
22.17,161.245,0.081,5,4908.462,1113.206
22.18,161.262,0.081,5,4909.004,1113.927
22.19,161.28,0.081,5,4909.546,1114.648
22.2,161.298,0.081,5,4910.088,1115.369
22.21,161.316,0.081,5,4910.629,1116.09
22.22,161.334,0.081,5,4911.17,1116.812
22.23,161.351,0.081,5,4911.711,1117.533
22.24,161.369,0.081,5,4912.252,1118.254
22.25,161.387,0.081,5,4912.793,1118.976
22.26,161.405,0.081,5,4913.333,1119.697
22.27,161.422,0.081,5,4913.873,1120.419
22.28,161.44,0.081,5,4914.413,1121.141
22.29,161.458,0.081,5,4914.953,1121.862
22.3,161.476,0.081,5,4915.493,1122.584
22.31,161.493,0.081,5,4916.032,1123.306
22.32,161.511,0.081,5,4916.571,1124.028
22.33,161.529,0.081,5,4917.11,1124.75
22.34,161.546,0.081,5,4917.648,1125.473
22.35,161.564,0.081,5,4918.187,1126.195
22.36,161.582,0.081,5,4918.725,1126.917
22.37,161.599,0.08,5,4919.263,1127.64
22.38,161.617,0.08,5,4919.801,1128.362
22.39,161.635,0.08,5,4920.338,1129.085
22.4,161.652,0.08,5,4920.875,1129.807
22.41,161.67,0.08,5,4921.413,1130.53
22.42,161.688,0.08,5,4921.949,1131.253
22.43,161.705,0.08,5,4922.486,1131.976
22.44,161.723,0.08,5,4923.023,1132.699
22.45,161.741,0.08,5,4923.559,1133.422
22.46,161.758,0.08,5,4924.095,1134.145
22.47,161.776,0.08,5,4924.63,1134.868
22.48,161.793,0.08,5,4925.166,1135.591
22.49,161.811,0.08,5,4925.701,1136.315
22.5,161.828,0.08,5,4926.236,1137.038
22.51,161.846,0.08,5,4926.771,1137.762
22.52,161.864,0.08,5,4927.306,1138.485
22.53,161.881,0.08,5,4927.841,1139.209
22.54,161.899,0.08,5,4928.375,1139.933
22.55,161.916,0.08,5,4928.909,1140.656
22.56,161.934,0.08,5,4929.443,1141.38
22.57,161.951,0.08,5,4929.976,1142.104
22.58,161.969,0.08,5,4930.51,1142.828
22.59,161.986,0.08,5,4931.043,1143.553
22.6,162.004,0.08,5,4931.576,1144.277
22.61,162.021,0.08,5,4932.108,1145.001
22.62,162.039,0.08,5,4932.641,1145.725
22.63,162.056,0.08,5,4933.173,1146.45
22.64,162.074,0.08,5,4933.705,1147.174
22.65,162.091,0.08,5,4934.237,1147.899
22.66,162.109,0.08,5,4934.769,1148.624
22.67,162.126,0.08,5,4935.3,1149.349
22.68,162.144,0.079,5,4935.831,1150.073
22.69,162.161,0.079,5,4936.362,1150.798
22.7,162.179,0.079,5,4936.893,1151.523
22.71,162.196,0.079,5,4937.423,1152.248
22.72,162.213,0.079,5,4937.954,1152.974
22.73,162.231,0.079,5,4938.484,1153.699
22.74,162.248,0.079,5,4939.014,1154.424
22.75,162.266,0.079,5,4939.543,1155.149
22.76,162.283,0.079,5,4940.073,1155.875
22.77,162.3,0.079,5,4940.602,1156.6
22.78,162.318,0.079,5,4941.131,1157.326
22.79,162.335,0.079,5,4941.66,1158.052
22.8,162.353,0.079,5,4942.188,1158.778
22.81,162.37,0.079,5,4942.717,1159.503
22.82,162.387,0.079,5,4943.245,1160.229
22.83,162.405,0.079,5,4943.773,1160.955
22.84,162.422,0.079,5,4944.301,1161.681
22.85,162.439,0.079,5,4944.828,1162.408
22.86,162.457,0.079,5,4945.355,1163.134
22.87,162.474,0.079,5,4945.882,1163.86
22.88,162.491,0.079,5,4946.409,1164.587
22.89,162.508,0.079,5,4946.936,1165.313
22.9,162.526,0.079,5,4947.462,1166.04
22.91,162.543,0.079,5,4947.989,1166.766
22.92,162.56,0.079,5,4948.515,1167.493
22.93,162.578,0.079,5,4949.04,1168.22
22.94,162.595,0.079,5,4949.566,1168.947
22.95,162.612,0.079,5,4950.091,1169.674
22.96,162.629,0.079,5,4950.616,1170.401
22.97,162.647,0.079,5,4951.141,1171.128
22.98,162.664,0.079,5,4951.666,1171.855
22.99,162.681,0.078,5,4952.19,1172.582
23,162.698,0.078,5,4952.715,1173.309
23.01,162.716,0.078,5,4953.239,1174.037
23.02,162.733,0.078,5,4953.763,1174.764
23.03,162.75,0.078,5,4954.286,1175.492
23.04,162.767,0.078,5,4954.81,1176.219
23.05,162.784,0.078,5,4955.333,1176.947
23.06,162.801,0.078,5,4955.856,1177.675
23.07,162.819,0.078,5,4956.378,1178.403
23.08,162.836,0.078,5,4956.901,1179.131
23.09,162.853,0.078,5,4957.423,1179.859
23.1,162.87,0.078,5,4957.945,1180.587
23.11,162.887,0.078,5,4958.467,1181.315
23.12,162.904,0.078,5,4958.989,1182.043
23.13,162.922,0.078,5,4959.51,1182.772
23.14,162.939,0.078,5,4960.032,1183.5
23.15,162.956,0.078,5,4960.553,1184.229
23.16,162.973,0.078,5,4961.074,1184.957
23.17,162.99,0.078,5,4961.594,1185.686
23.18,163.007,0.078,5,4962.115,1186.414
23.19,163.024,0.078,5,4962.635,1187.143
23.2,163.041,0.078,5,4963.155,1187.872
23.21,163.058,0.078,5,4963.674,1188.601
23.22,163.075,0.078,5,4964.194,1189.33
23.23,163.092,0.078,5,4964.713,1190.059
23.24,163.11,0.078,5,4965.232,1190.788
23.25,163.127,0.078,5,4965.751,1191.517
23.26,163.144,0.078,5,4966.27,1192.247
23.27,163.161,0.078,5,4966.788,1192.976
23.28,163.178,0.078,5,4967.307,1193.706
23.29,163.195,0.078,5,4967.825,1194.435
23.3,163.212,0.077,5,4968.343,1195.165
23.31,163.229,0.077,5,4968.86,1195.895
23.32,163.246,0.077,5,4969.378,1196.624
23.33,163.263,0.077,5,4969.895,1197.354
23.34,163.28,0.077,5,4970.412,1198.084
23.35,163.297,0.077,5,4970.928,1198.814
23.36,163.314,0.077,5,4971.445,1199.544
23.37,163.331,0.077,5,4971.961,1200.274
23.38,163.348,0.077,5,4972.477,1201.005
23.39,163.364,0.077,5,4972.993,1201.735
23.4,163.381,0.077,5,4973.509,1202.465
23.41,163.398,0.077,5,4974.024,1203.196
23.42,163.415,0.077,5,4974.54,1203.926
23.43,163.432,0.077,5,4975.055,1204.657
23.44,163.449,0.077,5,4975.57,1205.387
23.45,163.466,0.077,5,4976.084,1206.118
23.46,163.483,0.077,5,4976.599,1206.849
23.47,163.5,0.077,5,4977.113,1207.58
23.48,163.517,0.077,5,4977.627,1208.311
23.49,163.534,0.077,5,4978.141,1209.042
23.5,163.55,0.077,5,4978.654,1209.773
23.51,163.567,0.077,5,4979.168,1210.504
23.52,163.584,0.077,5,4979.681,1211.236
23.53,163.601,0.077,5,4980.194,1211.967
23.54,163.618,0.077,5,4980.706,1212.698
23.55,163.635,0.077,5,4981.219,1213.43
23.56,163.651,0.077,5,4981.731,1214.162
23.57,163.668,0.077,5,4982.243,1214.893
23.58,163.685,0.077,5,4982.755,1215.625
23.59,163.702,0.077,5,4983.267,1216.357
23.6,163.719,0.077,5,4983.778,1217.089
23.61,163.736,0.076,5,4984.289,1217.821
23.62,163.752,0.076,5,4984.8,1218.553
23.63,163.769,0.076,5,4985.311,1219.285
23.64,163.786,0.076,5,4985.822,1220.017
23.65,163.803,0.076,5,4986.332,1220.749
23.66,163.819,0.076,5,4986.842,1221.482
23.67,163.836,0.076,5,4987.352,1222.214
23.68,163.853,0.076,5,4987.862,1222.946
23.69,163.87,0.076,5,4988.372,1223.679
23.7,163.886,0.076,5,4988.881,1224.412
23.71,163.903,0.076,5,4989.39,1225.144
23.72,163.92,0.076,5,4989.899,1225.877
23.73,163.937,0.076,5,4990.408,1226.61
23.74,163.953,0.076,5,4990.916,1227.343
23.75,163.97,0.076,5,4991.425,1228.076
23.76,163.987,0.076,5,4991.933,1228.809
23.77,164.003,0.076,5,4992.441,1229.542
23.78,164.02,0.076,5,4992.948,1230.275
23.79,164.037,0.076,5,4993.456,1231.009
23.8,164.053,0.076,5,4993.963,1231.742
23.81,164.07,0.076,5,4994.47,1232.476
23.82,164.087,0.076,5,4994.977,1233.209
23.83,164.103,0.076,5,4995.483,1233.943
23.84,164.12,0.076,5,4995.99,1234.676
23.85,164.137,0.076,5,4996.496,1235.41
23.86,164.153,0.076,5,4997.002,1236.144
23.87,164.17,0.076,5,4997.508,1236.878
23.88,164.186,0.076,5,4998.013,1237.612
23.89,164.203,0.076,5,4998.518,1238.346
23.9,164.22,0.076,5,4999.024,1239.08
23.91,164.236,0.076,5,4999.529,1239.814
23.92,164.253,0.076,5,5000.033,1240.548
23.93,164.269,0.075,5,5000.538,1241.283
23.94,164.286,0.075,5,5001.042,1242.017
23.95,164.302,0.075,5,5001.546,1242.752
23.96,164.319,0.075,5,5002.05,1243.486
23.97,164.336,0.075,5,5002.554,1244.221
23.98,164.352,0.075,5,5003.057,1244.956
23.99,164.369,0.075,5,5003.56,1245.69
24,164.385,0.075,5,5004.063,1246.425
24.01,164.402,0.075,5,5004.566,1247.16
24.02,164.418,0.075,5,5005.069,1247.895
24.03,164.435,0.075,5,5005.571,1248.63
24.04,164.451,0.075,5,5006.073,1249.366
24.05,164.468,0.075,5,5006.575,1250.101
24.06,164.484,0.075,5,5007.077,1250.836
24.07,164.501,0.075,5,5007.579,1251.571
24.08,164.517,0.075,5,5008.08,1252.307
24.09,164.534,0.075,5,5008.581,1253.042
24.1,164.55,0.075,5,5009.082,1253.778
24.11,164.566,0.075,5,5009.583,1254.514
24.12,164.583,0.075,5,5010.084,1255.25
24.13,164.599,0.075,5,5010.584,1255.985
24.14,164.616,0.075,5,5011.084,1256.721
24.15,164.632,0.075,5,5011.584,1257.457
24.16,164.649,0.075,5,5012.084,1258.193
24.17,164.665,0.075,5,5012.583,1258.929
24.18,164.681,0.075,5,5013.082,1259.666
24.19,164.698,0.075,5,5013.582,1260.402
24.2,164.714,0.075,5,5014.08,1261.138
24.21,164.731,0.075,5,5014.579,1261.875
24.22,164.747,0.075,5,5015.077,1262.611
24.23,164.763,0.075,5,5015.576,1263.348
24.24,164.78,0.075,5,5016.074,1264.084
24.25,164.796,0.074,5,5016.572,1264.821
24.26,164.812,0.074,5,5017.069,1265.558
24.27,164.829,0.074,5,5017.567,1266.295
24.28,164.845,0.074,5,5018.064,1267.031
24.29,164.861,0.074,5,5018.561,1267.768
24.3,164.878,0.074,5,5019.058,1268.506
24.31,164.894,0.074,5,5019.554,1269.243
24.32,164.91,0.074,5,5020.051,1269.98
24.33,164.927,0.074,5,5020.547,1270.717
24.34,164.943,0.074,5,5021.043,1271.455
24.35,164.959,0.074,5,5021.539,1272.192
24.36,164.975,0.074,5,5022.034,1272.929
24.37,164.992,0.074,5,5022.53,1273.667
24.38,165.008,0.074,5,5023.025,1274.405
24.39,165.024,0.074,5,5023.52,1275.142
24.4,165.041,0.074,5,5024.014,1275.88
24.41,165.057,0.074,5,5024.509,1276.618
24.42,165.073,0.074,5,5025.003,1277.356
24.43,165.089,0.074,5,5025.497,1278.094
24.44,165.105,0.074,5,5025.991,1278.832
24.45,165.122,0.074,5,5026.485,1279.57
24.46,165.138,0.074,5,5026.978,1280.309
24.47,165.154,0.074,5,5027.472,1281.047
24.48,165.17,0.074,5,5027.965,1281.785
24.49,165.186,0.074,5,5028.458,1282.524
24.5,165.203,0.074,5,5028.95,1283.262
24.51,165.219,0.074,5,5029.443,1284.001
24.52,165.235,0.074,5,5029.935,1284.739
24.53,165.251,0.074,5,5030.427,1285.478
24.54,165.267,0.074,5,5030.919,1286.217
24.55,165.283,0.074,5,5031.411,1286.956
24.56,165.3,0.074,5,5031.902,1287.695
24.57,165.316,0.074,5,5032.393,1288.434
24.58,165.332,0.073,5,5032.884,1289.173
24.59,165.348,0.073,5,5033.375,1289.912
24.6,165.364,0.073,5,5033.866,1290.651
24.61,165.38,0.073,5,5034.356,1291.391
24.62,165.396,0.073,5,5034.846,1292.13
24.63,165.412,0.073,5,5035.336,1292.87
24.64,165.429,0.073,5,5035.826,1293.609
24.65,165.445,0.073,5,5036.316,1294.349
24.66,165.461,0.073,5,5036.805,1295.088
24.67,165.477,0.073,5,5037.294,1295.828
24.68,165.493,0.073,5,5037.783,1296.568
24.69,165.509,0.073,5,5038.272,1297.308
24.7,165.525,0.073,5,5038.761,1298.048
24.71,165.541,0.073,5,5039.249,1298.788
24.72,165.557,0.073,5,5039.737,1299.528
24.73,165.573,0.073,5,5040.225,1300.268
24.74,165.589,0.073,5,5040.713,1301.008
24.75,165.605,0.073,5,5041.201,1301.749
24.76,165.621,0.073,5,5041.688,1302.489
24.77,165.637,0.073,5,5042.175,1303.229
24.78,165.653,0.073,5,5042.662,1303.97
24.79,165.669,0.073,5,5043.149,1304.711
24.8,165.685,0.073,5,5043.635,1305.451
24.81,165.701,0.073,5,5044.122,1306.192
24.82,165.717,0.073,5,5044.608,1306.933
24.83,165.733,0.073,5,5045.094,1307.674
24.84,165.749,0.073,5,5045.579,1308.415
24.85,165.765,0.073,5,5046.065,1309.156
24.86,165.781,0.073,5,5046.55,1309.897
24.87,165.797,0.073,5,5047.035,1310.638
24.88,165.813,0.073,5,5047.52,1311.379
24.89,165.829,0.073,5,5048.005,1312.121
24.9,165.845,0.072,5,5048.489,1312.862
24.91,165.86,0.072,5,5048.974,1313.603
24.92,165.876,0.072,5,5049.458,1314.345
24.93,165.892,0.072,5,5049.942,1315.087
24.94,165.908,0.072,5,5050.425,1315.828
24.95,165.924,0.072,5,5050.909,1316.57
24.96,165.94,0.072,5,5051.392,1317.312
24.97,165.956,0.072,5,5051.875,1318.054
24.98,165.972,0.072,5,5052.358,1318.796
24.99,165.987,0.072,5,5052.841,1319.538
25,166.003,0.072,5,5053.323,1320.28
25.01,166.019,0.072,5,5053.806,1321.022
25.02,166.035,0.072,5,5054.288,1321.764
25.03,166.051,0.072,5,5054.77,1322.507
25.04,166.067,0.072,5,5055.251,1323.249
25.05,166.082,0.072,5,5055.733,1323.991
25.06,166.098,0.072,5,5056.214,1324.734
25.07,166.114,0.072,5,5056.695,1325.476
25.08,166.13,0.072,5,5057.176,1326.219
25.09,166.146,0.072,5,5057.657,1326.962
25.1,166.161,0.072,5,5058.137,1327.705
25.11,166.177,0.072,5,5058.617,1328.448
25.12,166.193,0.072,5,5059.097,1329.191
25.13,166.209,0.072,5,5059.577,1329.934
25.14,166.225,0.072,5,5060.057,1330.677
25.15,166.24,0.072,5,5060.536,1331.42
25.16,166.256,0.072,5,5061.016,1332.163
25.17,166.272,0.072,5,5061.495,1332.906
25.18,166.287,0.072,5,5061.973,1333.65
25.19,166.303,0.072,5,5062.452,1334.393
25.2,166.319,0.072,5,5062.931,1335.137
25.21,166.335,0.072,5,5063.409,1335.88
25.22,166.35,0.072,5,5063.887,1336.624
25.23,166.366,0.072,5,5064.365,1337.368
25.24,166.382,0.071,5,5064.842,1338.111
25.25,166.397,0.071,5,5065.32,1338.855
25.26,166.413,0.071,5,5065.797,1339.599
25.27,166.429,0.071,5,5066.274,1340.343
25.28,166.444,0.071,5,5066.751,1341.087
25.29,166.46,0.071,5,5067.227,1341.831
25.3,166.476,0.071,5,5067.704,1342.576
25.31,166.491,0.071,5,5068.18,1343.32
25.32,166.507,0.071,5,5068.656,1344.064
25.33,166.523,0.071,5,5069.132,1344.809
25.34,166.538,0.071,5,5069.608,1345.553
25.35,166.554,0.071,5,5070.083,1346.298
25.36,166.569,0.071,5,5070.558,1347.042
25.37,166.585,0.071,5,5071.033,1347.787
25.38,166.601,0.071,5,5071.508,1348.532
25.39,166.616,0.071,5,5071.983,1349.277
25.4,166.632,0.071,5,5072.457,1350.022
25.41,166.647,0.071,5,5072.931,1350.767
25.42,166.663,0.071,5,5073.406,1351.512
25.43,166.679,0.071,5,5073.879,1352.257
25.44,166.694,0.071,5,5074.353,1353.002
25.45,166.71,0.071,5,5074.826,1353.747
25.46,166.725,0.071,5,5075.3,1354.492
25.47,166.741,0.071,5,5075.773,1355.238
25.48,166.756,0.071,5,5076.246,1355.983
25.49,166.772,0.071,5,5076.718,1356.729
25.5,166.787,0.071,5,5077.191,1357.474
25.51,166.803,0.071,5,5077.663,1358.22
25.52,166.818,0.071,5,5078.135,1358.966
25.53,166.834,0.071,5,5078.607,1359.712
25.54,166.849,0.071,5,5079.078,1360.458
25.55,166.865,0.071,5,5079.55,1361.204
25.56,166.88,0.071,5,5080.021,1361.95
25.57,166.896,0.07,5,5080.492,1362.696
25.58,166.911,0.07,5,5080.963,1363.442
25.59,166.927,0.07,5,5081.434,1364.188
25.6,166.942,0.07,5,5081.904,1364.934
25.61,166.958,0.07,5,5082.374,1365.681
25.62,166.973,0.07,5,5082.844,1366.427
25.63,166.989,0.07,5,5083.314,1367.174
25.64,167.004,0.07,5,5083.784,1367.92
25.65,167.019,0.07,5,5084.253,1368.667
25.66,167.035,0.07,5,5084.723,1369.414
25.67,167.05,0.07,5,5085.192,1370.16
25.68,167.066,0.07,5,5085.661,1370.907
25.69,167.081,0.07,5,5086.129,1371.654
25.7,167.096,0.07,5,5086.598,1372.401
25.71,167.112,0.07,5,5087.066,1373.148
25.72,167.127,0.07,5,5087.534,1373.895
25.73,167.143,0.07,5,5088.002,1374.642
25.74,167.158,0.07,5,5088.47,1375.39
25.75,167.173,0.07,5,5088.937,1376.137
25.76,167.189,0.07,5,5089.404,1376.884
25.77,167.204,0.07,5,5089.872,1377.632
25.78,167.219,0.07,5,5090.338,1378.379
25.79,167.235,0.07,5,5090.805,1379.127
25.8,167.25,0.07,5,5091.272,1379.875
25.81,167.265,0.07,5,5091.738,1380.622
25.82,167.281,0.07,5,5092.204,1381.37
25.83,167.296,0.07,5,5092.67,1382.118
25.84,167.311,0.07,5,5093.136,1382.866
25.85,167.326,0.07,5,5093.601,1383.614
25.86,167.342,0.07,5,5094.066,1384.362
25.87,167.357,0.07,5,5094.532,1385.11
25.88,167.372,0.07,5,5094.997,1385.859
25.89,167.388,0.07,5,5095.461,1386.607
25.9,167.403,0.07,5,5095.926,1387.355
25.91,167.418,0.069,5,5096.39,1388.104
25.92,167.433,0.069,5,5096.854,1388.852
25.93,167.449,0.069,5,5097.318,1389.601
25.94,167.464,0.069,5,5097.782,1390.349
25.95,167.479,0.069,5,5098.245,1391.098
25.96,167.494,0.069,5,5098.709,1391.847
25.97,167.509,0.069,5,5099.172,1392.596
25.98,167.525,0.069,5,5099.635,1393.345
25.99,167.54,0.069,5,5100.098,1394.094
26,167.555,0.069,5,5100.56,1394.843
26.01,167.57,0.069,5,5101.023,1395.592
26.02,167.585,0.069,5,5101.485,1396.341
26.03,167.601,0.069,5,5101.947,1397.09
26.04,167.616,0.069,5,5102.409,1397.839
26.05,167.631,0.069,5,5102.87,1398.589
26.06,167.646,0.069,5,5103.332,1399.338
26.07,167.661,0.069,5,5103.793,1400.088
26.08,167.676,0.069,5,5104.254,1400.837
26.09,167.692,0.069,5,5104.715,1401.587
26.1,167.707,0.069,5,5105.175,1402.337
26.11,167.722,0.069,5,5105.636,1403.086
26.12,167.737,0.069,5,5106.096,1403.836
26.13,167.752,0.069,5,5106.556,1404.586
26.14,167.767,0.069,5,5107.016,1405.336
26.15,167.782,0.069,5,5107.475,1406.086
26.16,167.797,0.069,5,5107.935,1406.836
26.17,167.812,0.069,5,5108.394,1407.587
26.18,167.827,0.069,5,5108.853,1408.337
26.19,167.843,0.069,5,5109.312,1409.087
26.2,167.858,0.069,5,5109.771,1409.838
26.21,167.873,0.069,5,5110.229,1410.588
26.22,167.888,0.069,5,5110.687,1411.338
26.23,167.903,0.069,5,5111.145,1412.089
26.24,167.918,0.069,5,5111.603,1412.84
26.25,167.933,0.068,5,5112.061,1413.59
26.26,167.948,0.068,5,5112.519,1414.341
26.27,167.963,0.068,5,5112.976,1415.092
26.28,167.978,0.068,5,5113.433,1415.843
26.29,167.993,0.068,5,5113.89,1416.594
26.3,168.008,0.068,5,5114.347,1417.345
26.31,168.023,0.068,5,5114.803,1418.096
26.32,168.038,0.068,5,5115.259,1418.847
26.33,168.053,0.068,5,5115.716,1419.599
26.34,168.068,0.068,5,5116.172,1420.35
26.35,168.083,0.068,5,5116.627,1421.101
26.36,168.098,0.068,5,5117.083,1421.853
26.37,168.113,0.068,5,5117.538,1422.604
26.38,168.128,0.068,5,5117.993,1423.356
26.39,168.143,0.068,5,5118.448,1424.108
26.4,168.158,0.068,5,5118.903,1424.859
26.41,168.173,0.068,5,5119.358,1425.611
26.42,168.187,0.068,5,5119.812,1426.363
26.43,168.202,0.068,5,5120.266,1427.115
26.44,168.217,0.068,5,5120.72,1427.867
26.45,168.232,0.068,5,5121.174,1428.619
26.46,168.247,0.068,5,5121.628,1429.371
26.47,168.262,0.068,5,5122.081,1430.123
26.48,168.277,0.068,5,5122.535,1430.876
26.49,168.292,0.068,5,5122.988,1431.628
26.5,168.307,0.068,5,5123.44,1432.38
26.51,168.322,0.068,5,5123.893,1433.133
26.52,168.336,0.068,5,5124.346,1433.885
26.53,168.351,0.068,5,5124.798,1434.638
26.54,168.366,0.068,5,5125.25,1435.391
26.55,168.381,0.068,5,5125.702,1436.143
26.56,168.396,0.068,5,5126.154,1436.896
26.57,168.411,0.068,5,5126.605,1437.649
26.58,168.425,0.068,5,5127.056,1438.402
26.59,168.44,0.068,5,5127.508,1439.155
26.6,168.455,0.067,5,5127.959,1439.908
26.61,168.47,0.067,5,5128.409,1440.661
26.62,168.485,0.067,5,5128.86,1441.414
26.63,168.5,0.067,5,5129.31,1442.168
26.64,168.514,0.067,5,5129.76,1442.921
26.65,168.529,0.067,5,5130.21,1443.674
26.66,168.544,0.067,5,5130.66,1444.428
26.67,168.559,0.067,5,5131.11,1445.181
26.68,168.573,0.067,5,5131.559,1445.935
26.69,168.588,0.067,5,5132.008,1446.689
26.7,168.603,0.067,5,5132.457,1447.442
26.71,168.618,0.067,5,5132.906,1448.196
26.72,168.632,0.067,5,5133.355,1448.95
26.73,168.647,0.067,5,5133.803,1449.704
26.74,168.662,0.067,5,5134.252,1450.458
26.75,168.677,0.067,5,5134.7,1451.212
26.76,168.691,0.067,5,5135.147,1451.966
26.77,168.706,0.067,5,5135.595,1452.72
26.78,168.721,0.067,5,5136.043,1453.474
26.79,168.735,0.067,5,5136.49,1454.229
26.8,168.75,0.067,5,5136.937,1454.983
26.81,168.765,0.067,5,5137.384,1455.738
26.82,168.779,0.067,5,5137.831,1456.492
26.83,168.794,0.067,5,5138.277,1457.247
26.84,168.809,0.067,5,5138.724,1458.001
26.85,168.823,0.067,5,5139.17,1458.756
26.86,168.838,0.067,5,5139.616,1459.511
26.87,168.853,0.067,5,5140.062,1460.266
26.88,168.867,0.067,5,5140.507,1461.02
26.89,168.882,0.067,5,5140.953,1461.775
26.9,168.897,0.067,5,5141.398,1462.53
26.91,168.911,0.067,5,5141.843,1463.286
26.92,168.926,0.067,5,5142.288,1464.041
26.93,168.94,0.067,5,5142.732,1464.796
26.94,168.955,0.067,5,5143.177,1465.551
26.95,168.97,0.066,5,5143.621,1466.307
26.96,168.984,0.066,5,5144.065,1467.062
26.97,168.999,0.066,5,5144.509,1467.818
26.98,169.013,0.066,5,5144.953,1468.573
26.99,169.028,0.066,5,5145.396,1469.329
27,169.043,0.066,5,5145.839,1470.084
27.01,169.057,0.066,5,5146.283,1470.84
27.02,169.072,0.066,5,5146.725,1471.596
27.03,169.086,0.066,5,5147.168,1472.352
27.04,169.101,0.066,5,5147.611,1473.108
27.05,169.115,0.066,5,5148.053,1473.864
27.06,169.13,0.066,5,5148.495,1474.62
27.07,169.144,0.066,5,5148.937,1475.376
27.08,169.159,0.066,5,5149.379,1476.132
27.09,169.173,0.066,5,5149.821,1476.888
27.1,169.188,0.066,5,5150.262,1477.645
27.11,169.202,0.066,5,5150.703,1478.401
27.12,169.217,0.066,5,5151.144,1479.158
27.13,169.231,0.066,5,5151.585,1479.914
27.14,169.246,0.066,5,5152.026,1480.671
27.15,169.26,0.066,5,5152.466,1481.427
27.16,169.275,0.066,5,5152.907,1482.184
27.17,169.289,0.066,5,5153.347,1482.941
27.18,169.304,0.066,5,5153.787,1483.698
27.19,169.318,0.066,5,5154.226,1484.455
27.2,169.332,0.066,5,5154.666,1485.212
27.21,169.347,0.066,5,5155.105,1485.969
27.22,169.361,0.066,5,5155.545,1486.726
27.23,169.376,0.066,5,5155.984,1487.483
27.24,169.39,0.066,5,5156.422,1488.24
27.25,169.405,0.066,5,5156.861,1488.998
27.26,169.419,0.066,5,5157.299,1489.755
27.27,169.433,0.066,5,5157.738,1490.512
27.28,169.448,0.066,5,5158.176,1491.27
27.29,169.462,0.066,5,5158.613,1492.027
27.3,169.477,0.065,5,5159.051,1492.785
27.31,169.491,0.065,5,5159.489,1493.543
27.32,169.505,0.065,5,5159.926,1494.301
27.33,169.52,0.065,5,5160.363,1495.058
27.34,169.534,0.065,5,5160.8,1495.816
27.35,169.548,0.065,5,5161.237,1496.574
27.36,169.563,0.065,5,5161.673,1497.332
27.37,169.577,0.065,5,5162.109,1498.09
27.38,169.591,0.065,5,5162.546,1498.848
27.39,169.606,0.065,5,5162.982,1499.607
27.4,169.62,0.065,5,5163.417,1500.365
27.41,169.634,0.065,5,5163.853,1501.123
27.42,169.649,0.065,5,5164.288,1501.882
27.43,169.663,0.065,5,5164.724,1502.64
27.44,169.677,0.065,5,5165.159,1503.399
27.45,169.691,0.065,5,5165.594,1504.157
27.46,169.706,0.065,5,5166.028,1504.916
27.47,169.72,0.065,5,5166.463,1505.675
27.48,169.734,0.065,5,5166.897,1506.433
27.49,169.749,0.065,5,5167.331,1507.192
27.5,169.763,0.065,5,5167.765,1507.951
27.51,169.777,0.065,5,5168.199,1508.71
27.52,169.791,0.065,5,5168.632,1509.469
27.53,169.805,0.065,5,5169.066,1510.228
27.54,169.82,0.065,5,5169.499,1510.987
27.55,169.834,0.065,5,5169.932,1511.747
27.56,169.848,0.065,5,5170.365,1512.506
27.57,169.862,0.065,5,5170.797,1513.265
27.58,169.877,0.065,5,5171.23,1514.025
27.59,169.891,0.065,5,5171.662,1514.784
27.6,169.905,0.065,5,5172.094,1515.544
27.61,169.919,0.065,5,5172.526,1516.303
27.62,169.933,0.065,5,5172.958,1517.063
27.63,169.948,0.065,5,5173.389,1517.823
27.64,169.962,0.065,5,5173.821,1518.582
27.65,169.976,0.065,5,5174.252,1519.342
27.66,169.99,0.064,5,5174.683,1520.102
27.67,170.004,0.064,5,5175.113,1520.862
27.68,170.018,0.064,5,5175.544,1521.622
27.69,170.032,0.064,5,5175.974,1522.382
27.7,170.047,0.064,5,5176.405,1523.143
27.71,170.061,0.064,5,5176.835,1523.903
27.72,170.075,0.064,5,5177.265,1524.663
27.73,170.089,0.064,5,5177.694,1525.423
27.74,170.103,0.064,5,5178.124,1526.184
27.75,170.117,0.064,5,5178.553,1526.944
27.76,170.131,0.064,5,5178.982,1527.705
27.77,170.145,0.064,5,5179.411,1528.466
27.78,170.159,0.064,5,5179.84,1529.226
27.79,170.174,0.064,5,5180.268,1529.987
27.8,170.188,0.064,5,5180.697,1530.748
27.81,170.202,0.064,5,5181.125,1531.509
27.82,170.216,0.064,5,5181.553,1532.27
27.83,170.23,0.064,5,5181.981,1533.031
27.84,170.244,0.064,5,5182.408,1533.792
27.85,170.258,0.064,5,5182.836,1534.553
27.86,170.272,0.064,5,5183.263,1535.314
27.87,170.286,0.064,5,5183.69,1536.075
27.88,170.3,0.064,5,5184.117,1536.836
27.89,170.314,0.064,5,5184.544,1537.598
27.9,170.328,0.064,5,5184.97,1538.359
27.91,170.342,0.064,5,5185.397,1539.121
27.92,170.356,0.064,5,5185.823,1539.882
27.93,170.37,0.064,5,5186.249,1540.644
27.94,170.384,0.064,5,5186.675,1541.406
27.95,170.398,0.064,5,5187.1,1542.167
27.96,170.412,0.064,5,5187.526,1542.929
27.97,170.426,0.064,5,5187.951,1543.691
27.98,170.44,0.064,5,5188.376,1544.453
27.99,170.454,0.064,5,5188.801,1545.215
28,170.468,0.064,5,5189.226,1545.977
28.01,170.482,0.064,5,5189.65,1546.739
28.02,170.496,0.063,5,5190.074,1547.501
28.03,170.51,0.063,5,5190.499,1548.264
28.04,170.523,0.063,5,5190.923,1549.026
28.05,170.537,0.063,5,5191.346,1549.788
28.06,170.551,0.063,5,5191.77,1550.551
28.07,170.565,0.063,5,5192.193,1551.313
28.08,170.579,0.063,5,5192.617,1552.076
28.09,170.593,0.063,5,5193.04,1552.838
28.1,170.607,0.063,5,5193.463,1553.601
28.11,170.621,0.063,5,5193.885,1554.364
28.12,170.635,0.063,5,5194.308,1555.127
28.13,170.649,0.063,5,5194.73,1555.889
28.14,170.662,0.063,5,5195.152,1556.652
28.15,170.676,0.063,5,5195.574,1557.415
28.16,170.69,0.063,5,5195.996,1558.178
28.17,170.704,0.063,5,5196.418,1558.942
28.18,170.718,0.063,5,5196.839,1559.705
28.19,170.732,0.063,5,5197.26,1560.468
28.2,170.746,0.063,5,5197.681,1561.231
28.21,170.759,0.063,5,5198.102,1561.995
28.22,170.773,0.063,5,5198.523,1562.758
28.23,170.787,0.063,5,5198.943,1563.522
28.24,170.801,0.063,5,5199.364,1564.285
28.25,170.815,0.063,5,5199.784,1565.049
28.26,170.828,0.063,5,5200.204,1565.812
28.27,170.842,0.063,5,5200.624,1566.576
28.28,170.856,0.063,5,5201.043,1567.34
28.29,170.87,0.063,5,5201.463,1568.104
28.3,170.884,0.063,5,5201.882,1568.868
28.31,170.897,0.063,5,5202.301,1569.632
28.32,170.911,0.063,5,5202.72,1570.396
28.33,170.925,0.063,5,5203.139,1571.16
28.34,170.939,0.063,5,5203.557,1571.924
28.35,170.952,0.063,5,5203.975,1572.688
28.36,170.966,0.063,5,5204.394,1573.452
28.37,170.98,0.063,5,5204.812,1574.217
28.38,170.993,0.063,5,5205.229,1574.981
28.39,171.007,0.062,5,5205.647,1575.746
28.4,171.021,0.062,5,5206.064,1576.51
28.41,171.035,0.062,5,5206.482,1577.275
28.42,171.048,0.062,5,5206.899,1578.039
28.43,171.062,0.062,5,5207.316,1578.804
28.44,171.076,0.062,5,5207.732,1579.569
28.45,171.089,0.062,5,5208.149,1580.334
28.46,171.103,0.062,5,5208.565,1581.099
28.47,171.117,0.062,5,5208.981,1581.864
28.48,171.13,0.062,5,5209.397,1582.629
28.49,171.144,0.062,5,5209.813,1583.394
28.5,171.158,0.062,5,5210.229,1584.159
28.51,171.171,0.062,5,5210.644,1584.924
28.52,171.185,0.062,5,5211.06,1585.689
28.53,171.199,0.062,5,5211.475,1586.455
28.54,171.212,0.062,5,5211.89,1587.22
28.55,171.226,0.062,5,5212.304,1587.985
28.56,171.24,0.062,5,5212.719,1588.751
28.57,171.253,0.062,5,5213.133,1589.517
28.58,171.267,0.062,5,5213.548,1590.282
28.59,171.28,0.062,5,5213.962,1591.048
28.6,171.294,0.062,5,5214.375,1591.814
28.61,171.308,0.062,5,5214.789,1592.579
28.62,171.321,0.062,5,5215.203,1593.345
28.63,171.335,0.062,5,5215.616,1594.111
28.64,171.348,0.062,5,5216.029,1594.877
28.65,171.362,0.062,5,5216.442,1595.643
28.66,171.375,0.062,5,5216.855,1596.409
28.67,171.389,0.062,5,5217.267,1597.176
28.68,171.402,0.062,5,5217.68,1597.942
28.69,171.416,0.062,5,5218.092,1598.708
28.7,171.43,0.062,5,5218.504,1599.474
28.71,171.443,0.062,5,5218.916,1600.241
28.72,171.457,0.062,5,5219.328,1601.007
28.73,171.47,0.062,5,5219.739,1601.774
28.74,171.484,0.062,5,5220.15,1602.541
28.75,171.497,0.062,5,5220.562,1603.307
28.76,171.511,0.061,5,5220.973,1604.074
28.77,171.524,0.061,5,5221.383,1604.841
28.78,171.538,0.061,5,5221.794,1605.608
28.79,171.551,0.061,5,5222.204,1606.374
28.8,171.565,0.061,5,5222.615,1607.141
28.81,171.578,0.061,5,5223.025,1607.908
28.82,171.592,0.061,5,5223.435,1608.675
28.83,171.605,0.061,5,5223.844,1609.443
28.84,171.618,0.061,5,5224.254,1610.21
28.85,171.632,0.061,5,5224.663,1610.977
28.86,171.645,0.061,5,5225.073,1611.744
28.87,171.659,0.061,5,5225.482,1612.512
28.88,171.672,0.061,5,5225.891,1613.279
28.89,171.686,0.061,5,5226.299,1614.047
28.9,171.699,0.061,5,5226.708,1614.814
28.91,171.712,0.061,5,5227.116,1615.582
28.92,171.726,0.061,5,5227.524,1616.35
28.93,171.739,0.061,5,5227.932,1617.117
28.94,171.753,0.061,5,5228.34,1617.885
28.95,171.766,0.061,5,5228.748,1618.653
28.96,171.779,0.061,5,5229.155,1619.421
28.97,171.793,0.061,5,5229.562,1620.189
28.98,171.806,0.061,5,5229.969,1620.957
28.99,171.82,0.061,5,5230.376,1621.725
29,171.833,0.061,5,5230.783,1622.493
29.01,171.846,0.061,5,5231.19,1623.261
29.02,171.86,0.061,5,5231.596,1624.03
29.03,171.873,0.061,5,5232.002,1624.798
29.04,171.886,0.061,5,5232.408,1625.566
29.05,171.9,0.061,5,5232.814,1626.335
29.06,171.913,0.061,5,5233.22,1627.103
29.07,171.926,0.061,5,5233.625,1627.872
29.08,171.94,0.061,5,5234.03,1628.641
29.09,171.953,0.061,5,5234.436,1629.409
29.1,171.966,0.061,5,5234.841,1630.178
29.11,171.98,0.061,5,5235.245,1630.947
29.12,171.993,0.061,5,5235.65,1631.716
29.13,172.006,0.061,5,5236.054,1632.485
29.14,172.019,0.06,5,5236.459,1633.254
29.15,172.033,0.06,5,5236.863,1634.023
29.16,172.046,0.06,5,5237.267,1634.792
29.17,172.059,0.06,5,5237.67,1635.561
29.18,172.072,0.06,5,5238.074,1636.33
29.19,172.086,0.06,5,5238.477,1637.1
29.2,172.099,0.06,5,5238.881,1637.869
29.21,172.112,0.06,5,5239.284,1638.638
29.22,172.125,0.06,5,5239.686,1639.408
29.23,172.139,0.06,5,5240.089,1640.177
29.24,172.152,0.06,5,5240.492,1640.947
29.25,172.165,0.06,5,5240.894,1641.717
29.26,172.178,0.06,5,5241.296,1642.486
29.27,172.191,0.06,5,5241.698,1643.256
29.28,172.205,0.06,5,5242.1,1644.026
29.29,172.218,0.06,5,5242.502,1644.796
29.3,172.231,0.06,5,5242.903,1645.566
29.31,172.244,0.06,5,5243.304,1646.336
29.32,172.257,0.06,5,5243.705,1647.106
29.33,172.271,0.06,5,5244.106,1647.876
29.34,172.284,0.06,5,5244.507,1648.646
29.35,172.297,0.06,5,5244.908,1649.416
29.36,172.31,0.06,5,5245.308,1650.187
29.37,172.323,0.06,5,5245.708,1650.957
29.38,172.336,0.06,5,5246.108,1651.727
29.39,172.35,0.06,5,5246.508,1652.498
29.4,172.363,0.06,5,5246.908,1653.268
29.41,172.376,0.06,5,5247.308,1654.039
29.42,172.389,0.06,5,5247.707,1654.81
29.43,172.402,0.06,5,5248.106,1655.58
29.44,172.415,0.06,5,5248.505,1656.351
29.45,172.428,0.06,5,5248.904,1657.122
29.46,172.441,0.06,5,5249.303,1657.893
29.47,172.454,0.06,5,5249.701,1658.664
29.48,172.467,0.06,5,5250.1,1659.435
29.49,172.481,0.06,5,5250.498,1660.206
29.5,172.494,0.06,5,5250.896,1660.977
29.51,172.507,0.06,5,5251.293,1661.748
29.52,172.52,0.059,5,5251.691,1662.519
29.53,172.533,0.059,5,5252.089,1663.291
29.54,172.546,0.059,5,5252.486,1664.062
29.55,172.559,0.059,5,5252.883,1664.833
29.56,172.572,0.059,5,5253.28,1665.605
29.57,172.585,0.059,5,5253.677,1666.376
29.58,172.598,0.059,5,5254.073,1667.148
29.59,172.611,0.059,5,5254.47,1667.919
29.6,172.624,0.059,5,5254.866,1668.691
29.61,172.637,0.059,5,5255.262,1669.463
29.62,172.65,0.059,5,5255.658,1670.235
29.63,172.663,0.059,5,5256.054,1671.007
29.64,172.676,0.059,5,5256.449,1671.779
29.65,172.689,0.059,5,5256.845,1672.551
29.66,172.702,0.059,5,5257.24,1673.323
29.67,172.715,0.059,5,5257.635,1674.095
29.68,172.728,0.059,5,5258.03,1674.867
29.69,172.741,0.059,5,5258.424,1675.639
29.7,172.754,0.059,5,5258.819,1676.411
29.71,172.767,0.059,5,5259.213,1677.184
29.72,172.78,0.059,5,5259.607,1677.956
29.73,172.793,0.059,5,5260.001,1678.729
29.74,172.806,0.059,5,5260.395,1679.501
29.75,172.819,0.059,5,5260.789,1680.274
29.76,172.832,0.059,5,5261.182,1681.046
29.77,172.844,0.059,5,5261.576,1681.819
29.78,172.857,0.059,5,5261.969,1682.592
29.79,172.87,0.059,5,5262.362,1683.364
29.8,172.883,0.059,5,5262.755,1684.137
29.81,172.896,0.059,5,5263.147,1684.91
29.82,172.909,0.059,5,5263.54,1685.683
29.83,172.922,0.059,5,5263.932,1686.456
29.84,172.935,0.059,5,5264.324,1687.229
29.85,172.948,0.059,5,5264.716,1688.002
29.86,172.961,0.059,5,5265.108,1688.776
29.87,172.973,0.059,5,5265.5,1689.549
29.88,172.986,0.059,5,5265.891,1690.322
29.89,172.999,0.059,5,5266.282,1691.096
29.9,173.012,0.059,5,5266.673,1691.869
29.91,173.025,0.058,5,5267.064,1692.643
29.92,173.038,0.058,5,5267.455,1693.416
29.93,173.05,0.058,5,5267.846,1694.19
29.94,173.063,0.058,5,5268.236,1694.963
29.95,173.076,0.058,5,5268.626,1695.737
29.96,173.089,0.058,5,5269.016,1696.511
29.97,173.102,0.058,5,5269.406,1697.285
29.98,173.115,0.058,5,5269.796,1698.059
29.99,173.127,0.058,5,5270.186,1698.833
30,173.14,0.058,5,5270.575,1699.607
30.01,173.153,0.058,5,5270.964,1700.381
30.02,173.166,0.058,5,5271.353,1701.155
30.03,173.178,0.058,5,5271.742,1701.929
30.04,173.191,0.058,5,5272.131,1702.703
30.05,173.204,0.058,5,5272.519,1703.477
30.06,173.217,0.058,5,5272.908,1704.252
30.07,173.229,0.058,5,5273.296,1705.026
30.08,173.242,0.058,5,5273.684,1705.801
30.09,173.255,0.058,5,5274.072,1706.575
30.1,173.268,0.058,5,5274.459,1707.35
30.11,173.28,0.058,5,5274.847,1708.124
30.12,173.293,0.058,5,5275.234,1708.899
30.13,173.306,0.058,5,5275.621,1709.674
30.14,173.319,0.058,5,5276.008,1710.449
30.15,173.331,0.058,5,5276.395,1711.223
30.16,173.344,0.058,5,5276.782,1711.998
30.17,173.357,0.058,5,5277.168,1712.773
30.18,173.369,0.058,5,5277.555,1713.548
30.19,173.382,0.058,5,5277.941,1714.323
30.2,173.395,0.058,5,5278.327,1715.099
30.21,173.407,0.058,5,5278.713,1715.874
30.22,173.42,0.058,5,5279.098,1716.649
30.23,173.433,0.058,5,5279.484,1717.424
30.24,173.445,0.058,5,5279.869,1718.2
30.25,173.458,0.058,5,5280.254,1718.975
30.26,173.471,0.058,5,5280.639,1719.751
30.27,173.483,0.058,5,5281.024,1720.526
30.28,173.496,0.058,5,5281.409,1721.302
30.29,173.509,0.058,5,5281.793,1722.077
30.3,173.521,0.058,5,5282.178,1722.853
30.31,173.534,0.057,5,5282.562,1723.629
30.32,173.546,0.057,5,5282.946,1724.405
30.33,173.559,0.057,5,5283.329,1725.181
30.34,173.572,0.057,5,5283.713,1725.957
30.35,173.584,0.057,5,5284.097,1726.732
30.36,173.597,0.057,5,5284.48,1727.509
30.37,173.609,0.057,5,5284.863,1728.285
30.38,173.622,0.057,5,5285.246,1729.061
30.39,173.635,0.057,5,5285.629,1729.837
30.4,173.647,0.057,5,5286.011,1730.613
30.41,173.66,0.057,5,5286.394,1731.39
30.42,173.672,0.057,5,5286.776,1732.166
30.43,173.685,0.057,5,5287.158,1732.942
30.44,173.697,0.057,5,5287.54,1733.719
30.45,173.71,0.057,5,5287.922,1734.495
30.46,173.722,0.057,5,5288.304,1735.272
30.47,173.735,0.057,5,5288.685,1736.049
30.48,173.748,0.057,5,5289.066,1736.825
30.49,173.76,0.057,5,5289.447,1737.602
30.5,173.773,0.057,5,5289.828,1738.379
30.51,173.785,0.057,5,5290.209,1739.156
30.52,173.798,0.057,5,5290.59,1739.933
30.53,173.81,0.057,5,5290.97,1740.71
30.54,173.823,0.057,5,5291.35,1741.487
30.55,173.835,0.057,5,5291.731,1742.264
30.56,173.848,0.057,5,5292.111,1743.041
30.57,173.86,0.057,5,5292.49,1743.818
30.58,173.873,0.057,5,5292.87,1744.596
30.59,173.885,0.057,5,5293.249,1745.373
30.6,173.897,0.057,5,5293.629,1746.15
30.61,173.91,0.057,5,5294.008,1746.928
30.62,173.922,0.057,5,5294.387,1747.705
30.63,173.935,0.057,5,5294.765,1748.483
30.64,173.947,0.057,5,5295.144,1749.261
30.65,173.96,0.057,5,5295.523,1750.038
30.66,173.972,0.057,5,5295.901,1750.816
30.67,173.984,0.057,5,5296.279,1751.594
30.68,173.997,0.057,5,5296.657,1752.372
30.69,174.009,0.057,5,5297.035,1753.149
30.7,174.022,0.057,5,5297.412,1753.927
30.71,174.034,0.056,5,5297.79,1754.705
30.72,174.047,0.056,5,5298.167,1755.483
30.73,174.059,0.056,5,5298.544,1756.262
30.74,174.071,0.056,5,5298.921,1757.04
30.75,174.084,0.056,5,5299.298,1757.818
30.76,174.096,0.056,5,5299.674,1758.596
30.77,174.108,0.056,5,5300.051,1759.375
30.78,174.121,0.056,5,5300.427,1760.153
30.79,174.133,0.056,5,5300.803,1760.931
30.8,174.145,0.056,5,5301.179,1761.71
30.81,174.158,0.056,5,5301.555,1762.488
30.82,174.17,0.056,5,5301.931,1763.267
30.83,174.182,0.056,5,5302.306,1764.046
30.84,174.195,0.056,5,5302.681,1764.824
30.85,174.207,0.056,5,5303.057,1765.603
30.86,174.219,0.056,5,5303.432,1766.382
30.87,174.232,0.056,5,5303.806,1767.161
30.88,174.244,0.056,5,5304.181,1767.94
30.89,174.256,0.056,5,5304.555,1768.719
30.9,174.269,0.056,5,5304.93,1769.498
30.91,174.281,0.056,5,5305.304,1770.277
30.92,174.293,0.056,5,5305.678,1771.056
30.93,174.306,0.056,5,5306.052,1771.835
30.94,174.318,0.056,5,5306.425,1772.615
30.95,174.33,0.056,5,5306.799,1773.394
30.96,174.342,0.056,5,5307.172,1774.173
30.97,174.355,0.056,5,5307.545,1774.953
30.98,174.367,0.056,5,5307.918,1775.732
30.99,174.379,0.056,5,5308.291,1776.512
31,174.391,0.056,5,5308.664,1777.291
31.01,174.404,0.056,5,5309.036,1778.071
31.02,174.416,0.056,5,5309.409,1778.851
31.03,174.428,0.056,5,5309.781,1779.631
31.04,174.44,0.056,5,5310.153,1780.41
31.05,174.452,0.056,5,5310.525,1781.19
31.06,174.465,0.056,5,5310.896,1781.97
31.07,174.477,0.056,5,5311.268,1782.75
31.08,174.489,0.056,5,5311.639,1783.53
31.09,174.501,0.056,5,5312.01,1784.31
31.1,174.513,0.056,5,5312.381,1785.09
31.11,174.526,0.055,5,5312.752,1785.871
31.12,174.538,0.055,5,5313.123,1786.651
31.13,174.55,0.055,5,5313.493,1787.431
31.14,174.562,0.055,5,5313.864,1788.212
31.15,174.574,0.055,5,5314.234,1788.992
31.16,174.586,0.055,5,5314.604,1789.772
31.17,174.599,0.055,5,5314.974,1790.553
31.18,174.611,0.055,5,5315.344,1791.334
31.19,174.623,0.055,5,5315.713,1792.114
31.2,174.635,0.055,5,5316.083,1792.895
31.21,174.647,0.055,5,5316.452,1793.676
31.22,174.659,0.055,5,5316.821,1794.456
31.23,174.671,0.055,5,5317.19,1795.237
31.24,174.684,0.055,5,5317.559,1796.018
31.25,174.696,0.055,5,5317.927,1796.799
31.26,174.708,0.055,5,5318.296,1797.58
31.27,174.72,0.055,5,5318.664,1798.361
31.28,174.732,0.055,5,5319.032,1799.142
31.29,174.744,0.055,5,5319.4,1799.923
31.3,174.756,0.055,5,5319.768,1800.705
31.31,174.768,0.055,5,5320.135,1801.486
31.32,174.78,0.055,5,5320.503,1802.267
31.33,174.792,0.055,5,5320.87,1803.049
31.34,174.804,0.055,5,5321.237,1803.83
31.35,174.816,0.055,5,5321.604,1804.612
31.36,174.828,0.055,5,5321.971,1805.393
31.37,174.841,0.055,5,5322.337,1806.175
31.38,174.853,0.055,5,5322.704,1806.956
31.39,174.865,0.055,5,5323.07,1807.738
31.4,174.877,0.055,5,5323.436,1808.52
31.41,174.889,0.055,5,5323.802,1809.302
31.42,174.901,0.055,5,5324.168,1810.084
31.43,174.913,0.055,5,5324.534,1810.866
31.44,174.925,0.055,5,5324.899,1811.648
31.45,174.937,0.055,5,5325.265,1812.43
31.46,174.949,0.055,5,5325.63,1813.212
31.47,174.961,0.055,5,5325.995,1813.994
31.48,174.973,0.055,5,5326.36,1814.776
31.49,174.985,0.055,5,5326.724,1815.558
31.5,174.997,0.055,5,5327.089,1816.341
31.51,175.009,0.055,5,5327.453,1817.123
31.52,175.021,0.054,5,5327.817,1817.905
31.53,175.032,0.054,5,5328.181,1818.688
31.54,175.044,0.054,5,5328.545,1819.47
31.55,175.056,0.054,5,5328.909,1820.253
31.56,175.068,0.054,5,5329.273,1821.036
31.57,175.08,0.054,5,5329.636,1821.818
31.58,175.092,0.054,5,5329.999,1822.601
31.59,175.104,0.054,5,5330.362,1823.384
31.6,175.116,0.054,5,5330.725,1824.167
31.61,175.128,0.054,5,5331.088,1824.949
31.62,175.14,0.054,5,5331.451,1825.732
31.63,175.152,0.054,5,5331.813,1826.515
31.64,175.164,0.054,5,5332.175,1827.298
31.65,175.176,0.054,5,5332.537,1828.082
31.66,175.187,0.054,5,5332.899,1828.865
31.67,175.199,0.054,5,5333.261,1829.648
31.68,175.211,0.054,5,5333.623,1830.431
31.69,175.223,0.054,5,5333.984,1831.214
31.7,175.235,0.054,5,5334.346,1831.998
31.71,175.247,0.054,5,5334.707,1832.781
31.72,175.259,0.054,5,5335.068,1833.565
31.73,175.271,0.054,5,5335.429,1834.348
31.74,175.282,0.054,5,5335.789,1835.132
31.75,175.294,0.054,5,5336.15,1835.916
31.76,175.306,0.054,5,5336.51,1836.699
31.77,175.318,0.054,5,5336.87,1837.483
31.78,175.33,0.054,5,5337.23,1838.267
31.79,175.342,0.054,5,5337.59,1839.051
31.8,175.353,0.054,5,5337.95,1839.834
31.81,175.365,0.054,5,5338.31,1840.618
31.82,175.377,0.054,5,5338.669,1841.402
31.83,175.389,0.054,5,5339.028,1842.186
31.84,175.401,0.054,5,5339.387,1842.971
31.85,175.412,0.054,5,5339.746,1843.755
31.86,175.424,0.054,5,5340.105,1844.539
31.87,175.436,0.054,5,5340.464,1845.323
31.88,175.448,0.054,5,5340.822,1846.108
31.89,175.46,0.054,5,5341.18,1846.892
31.9,175.471,0.054,5,5341.538,1847.676
31.91,175.483,0.054,5,5341.896,1848.461
31.92,175.495,0.054,5,5342.254,1849.245
31.93,175.507,0.054,5,5342.612,1850.03
31.94,175.518,0.053,5,5342.969,1850.815
31.95,175.53,0.053,5,5343.327,1851.599
31.96,175.542,0.053,5,5343.684,1852.384
31.97,175.553,0.053,5,5344.041,1853.169
31.98,175.565,0.053,5,5344.398,1853.954
31.99,175.577,0.053,5,5344.754,1854.739
32,175.589,0.053,5,5345.111,1855.523
32.01,175.6,0.053,5,5345.467,1856.308
32.02,175.612,0.053,5,5345.824,1857.094
32.03,175.624,0.053,5,5346.18,1857.879
32.04,175.635,0.053,5,5346.536,1858.664
32.05,175.647,0.053,5,5346.891,1859.449
32.06,175.659,0.053,5,5347.247,1860.234
32.07,175.67,0.053,5,5347.602,1861.02
32.08,175.682,0.053,5,5347.958,1861.805
32.09,175.694,0.053,5,5348.313,1862.59
32.1,175.705,0.053,5,5348.668,1863.376
32.11,175.717,0.053,5,5349.023,1864.161
32.12,175.729,0.053,5,5349.377,1864.947
32.13,175.74,0.053,5,5349.732,1865.733
32.14,175.752,0.053,5,5350.086,1866.518
32.15,175.764,0.053,5,5350.44,1867.304
32.16,175.775,0.053,5,5350.794,1868.09
32.17,175.787,0.053,5,5351.148,1868.876
32.18,175.799,0.053,5,5351.502,1869.662
32.19,175.81,0.053,5,5351.855,1870.447
32.2,175.822,0.053,5,5352.209,1871.233
32.21,175.833,0.053,5,5352.562,1872.02
32.22,175.845,0.053,5,5352.915,1872.806
32.23,175.857,0.053,5,5353.268,1873.592
32.24,175.868,0.053,5,5353.621,1874.378
32.25,175.88,0.053,5,5353.973,1875.164
32.26,175.891,0.053,5,5354.326,1875.951
32.27,175.903,0.053,5,5354.678,1876.737
32.28,175.914,0.053,5,5355.03,1877.523
32.29,175.926,0.053,5,5355.382,1878.31
32.3,175.938,0.053,5,5355.734,1879.096
32.31,175.949,0.053,5,5356.086,1879.883
32.32,175.961,0.053,5,5356.437,1880.669
32.33,175.972,0.053,5,5356.789,1881.456
32.34,175.984,0.053,5,5357.14,1882.243
32.35,175.995,0.053,5,5357.491,1883.03
32.36,176.007,0.053,5,5357.842,1883.816
32.37,176.018,0.052,5,5358.193,1884.603
32.38,176.03,0.052,5,5358.543,1885.39
32.39,176.041,0.052,5,5358.894,1886.177
32.4,176.053,0.052,5,5359.244,1886.964
32.41,176.064,0.052,5,5359.594,1887.751
32.42,176.076,0.052,5,5359.944,1888.538
32.43,176.087,0.052,5,5360.294,1889.326
32.44,176.099,0.052,5,5360.643,1890.113
32.45,176.11,0.052,5,5360.993,1890.9
32.46,176.122,0.052,5,5361.342,1891.687
32.47,176.133,0.052,5,5361.691,1892.475
32.48,176.145,0.052,5,5362.04,1893.262
32.49,176.156,0.052,5,5362.389,1894.05
32.5,176.168,0.052,5,5362.738,1894.837
32.51,176.179,0.052,5,5363.086,1895.625
32.52,176.191,0.052,5,5363.435,1896.412
32.53,176.202,0.052,5,5363.783,1897.2
32.54,176.213,0.052,5,5364.131,1897.988
32.55,176.225,0.052,5,5364.479,1898.776
32.56,176.236,0.052,5,5364.827,1899.564
32.57,176.248,0.052,5,5365.175,1900.351
32.58,176.259,0.052,5,5365.522,1901.139
32.59,176.271,0.052,5,5365.869,1901.927
32.6,176.282,0.052,5,5366.216,1902.715
32.61,176.293,0.052,5,5366.563,1903.504
32.62,176.305,0.052,5,5366.91,1904.292
32.63,176.316,0.052,5,5367.257,1905.08
32.64,176.328,0.052,5,5367.604,1905.868
32.65,176.339,0.052,5,5367.95,1906.656
32.66,176.35,0.052,5,5368.296,1907.445
32.67,176.362,0.052,5,5368.642,1908.233
32.68,176.373,0.052,5,5368.988,1909.022
32.69,176.384,0.052,5,5369.334,1909.81
32.7,176.396,0.052,5,5369.68,1910.599
32.71,176.407,0.052,5,5370.025,1911.387
32.72,176.418,0.052,5,5370.37,1912.176
32.73,176.43,0.052,5,5370.716,1912.965
32.74,176.441,0.052,5,5371.061,1913.753
32.75,176.452,0.052,5,5371.405,1914.542
32.76,176.464,0.052,5,5371.75,1915.331
32.77,176.475,0.052,5,5372.095,1916.12
32.78,176.486,0.052,5,5372.439,1916.909
32.79,176.498,0.052,5,5372.783,1917.698
32.8,176.509,0.051,5,5373.127,1918.487
32.81,176.52,0.051,5,5373.471,1919.276
32.82,176.532,0.051,5,5373.815,1920.065
32.83,176.543,0.051,5,5374.159,1920.855
32.84,176.554,0.051,5,5374.502,1921.644
32.85,176.565,0.051,5,5374.845,1922.433
32.86,176.577,0.051,5,5375.189,1923.223
32.87,176.588,0.051,5,5375.532,1924.012
32.88,176.599,0.051,5,5375.874,1924.801
32.89,176.61,0.051,5,5376.217,1925.591
32.9,176.622,0.051,5,5376.56,1926.381
32.91,176.633,0.051,5,5376.902,1927.17
32.92,176.644,0.051,5,5377.244,1927.96
32.93,176.655,0.051,5,5377.586,1928.75
32.94,176.667,0.051,5,5377.928,1929.539
32.95,176.678,0.051,5,5378.27,1930.329
32.96,176.689,0.051,5,5378.612,1931.119
32.97,176.7,0.051,5,5378.953,1931.909
32.98,176.712,0.051,5,5379.295,1932.699
32.99,176.723,0.051,5,5379.636,1933.489
33,176.734,0.051,5,5379.977,1934.279
33.01,176.745,0.051,5,5380.318,1935.069
33.02,176.756,0.051,5,5380.658,1935.859
33.03,176.768,0.051,5,5380.999,1936.649
33.04,176.779,0.051,5,5381.339,1937.44
33.05,176.79,0.051,5,5381.68,1938.23
33.06,176.801,0.051,5,5382.02,1939.02
33.07,176.812,0.051,5,5382.36,1939.811
33.08,176.823,0.051,5,5382.699,1940.601
33.09,176.835,0.051,5,5383.039,1941.392
33.1,176.846,0.051,5,5383.379,1942.182
33.11,176.857,0.051,5,5383.718,1942.973
33.12,176.868,0.051,5,5384.057,1943.764
33.13,176.879,0.051,5,5384.396,1944.554
33.14,176.89,0.051,5,5384.735,1945.345
33.15,176.901,0.051,5,5385.074,1946.136
33.16,176.913,0.051,5,5385.412,1946.927
33.17,176.924,0.051,5,5385.751,1947.718
33.18,176.935,0.051,5,5386.089,1948.509
33.19,176.946,0.051,5,5386.427,1949.3
33.2,176.957,0.051,5,5386.765,1950.091
33.21,176.968,0.051,5,5387.103,1950.882
33.22,176.979,0.051,5,5387.441,1951.673
33.23,176.99,0.051,5,5387.778,1952.464
33.24,177.001,0.05,5,5388.116,1953.256
33.25,177.012,0.05,5,5388.453,1954.047
33.26,177.024,0.05,5,5388.79,1954.838
33.27,177.035,0.05,5,5389.127,1955.63
33.28,177.046,0.05,5,5389.464,1956.421
33.29,177.057,0.05,5,5389.8,1957.213
33.3,177.068,0.05,5,5390.137,1958.004
33.31,177.079,0.05,5,5390.473,1958.796
33.32,177.09,0.05,5,5390.809,1959.588
33.33,177.101,0.05,5,5391.146,1960.379
33.34,177.112,0.05,5,5391.481,1961.171
33.35,177.123,0.05,5,5391.817,1961.963
33.36,177.134,0.05,5,5392.153,1962.755
33.37,177.145,0.05,5,5392.488,1963.547
33.38,177.156,0.05,5,5392.823,1964.339
33.39,177.167,0.05,5,5393.159,1965.131
33.4,177.178,0.05,5,5393.494,1965.923
33.41,177.189,0.05,5,5393.828,1966.715
33.42,177.2,0.05,5,5394.163,1967.507
33.43,177.211,0.05,5,5394.498,1968.299
33.44,177.222,0.05,5,5394.832,1969.091
33.45,177.233,0.05,5,5395.166,1969.884
33.46,177.244,0.05,5,5395.5,1970.676
33.47,177.255,0.05,5,5395.834,1971.468
33.48,177.266,0.05,5,5396.168,1972.261
33.49,177.277,0.05,5,5396.502,1973.053
33.5,177.288,0.05,5,5396.835,1973.846
33.51,177.299,0.05,5,5397.168,1974.638
33.52,177.31,0.05,5,5397.502,1975.431
33.53,177.321,0.05,5,5397.835,1976.224
33.54,177.332,0.05,5,5398.168,1977.017
33.55,177.342,0.05,5,5398.5,1977.809
33.56,177.353,0.05,5,5398.833,1978.602
33.57,177.364,0.05,5,5399.165,1979.395
33.58,177.375,0.05,5,5399.498,1980.188
33.59,177.386,0.05,5,5399.83,1980.981
33.6,177.397,0.05,5,5400.162,1981.774
33.61,177.408,0.05,5,5400.494,1982.567
33.62,177.419,0.05,5,5400.825,1983.36
33.63,177.43,0.05,5,5401.157,1984.153
33.64,177.441,0.05,5,5401.488,1984.947
33.65,177.452,0.05,5,5401.819,1985.74
33.66,177.462,0.05,5,5402.151,1986.533
33.67,177.473,0.05,5,5402.481,1987.327
33.68,177.484,0.049,5,5402.812,1988.12
33.69,177.495,0.049,5,5403.143,1988.914
33.7,177.506,0.049,5,5403.473,1989.707
33.71,177.517,0.049,5,5403.804,1990.501
33.72,177.528,0.049,5,5404.134,1991.294
33.73,177.538,0.049,5,5404.464,1992.088
33.74,177.549,0.049,5,5404.794,1992.882
33.75,177.56,0.049,5,5405.124,1993.675
33.76,177.571,0.049,5,5405.453,1994.469
33.77,177.582,0.049,5,5405.783,1995.263
33.78,177.593,0.049,5,5406.112,1996.057
33.79,177.603,0.049,5,5406.441,1996.851
33.8,177.614,0.049,5,5406.77,1997.645
33.81,177.625,0.049,5,5407.099,1998.439
33.82,177.636,0.049,5,5407.428,1999.233
33.83,177.647,0.049,5,5407.757,2000.027
33.84,177.657,0.049,5,5408.085,2000.821
33.85,177.668,0.049,5,5408.413,2001.616
33.86,177.679,0.049,5,5408.741,2002.41
33.87,177.69,0.049,5,5409.069,2003.204
33.88,177.7,0.049,5,5409.397,2003.999
33.89,177.711,0.049,5,5409.725,2004.793
33.9,177.722,0.049,5,5410.053,2005.588
33.91,177.733,0.049,5,5410.38,2006.382
33.92,177.743,0.049,5,5410.707,2007.177
33.93,177.754,0.049,5,5411.034,2007.971
33.94,177.765,0.049,5,5411.361,2008.766
33.95,177.776,0.049,5,5411.688,2009.561
33.96,177.786,0.049,5,5412.015,2010.356
33.97,177.797,0.049,5,5412.341,2011.15
33.98,177.808,0.049,5,5412.668,2011.945
33.99,177.819,0.049,5,5412.994,2012.74
34,177.829,0.049,5,5413.32,2013.535
34.01,177.84,0.049,5,5413.646,2014.33
34.02,177.851,0.049,5,5413.972,2015.125
34.03,177.861,0.049,5,5414.297,2015.92
34.04,177.872,0.049,5,5414.623,2016.715
34.05,177.883,0.049,5,5414.948,2017.511
34.06,177.893,0.049,5,5415.273,2018.306
34.07,177.904,0.049,5,5415.599,2019.101
34.08,177.915,0.049,5,5415.923,2019.897
34.09,177.926,0.049,5,5416.248,2020.692
34.1,177.936,0.049,5,5416.573,2021.487
34.11,177.947,0.049,5,5416.897,2022.283
34.12,177.957,0.049,5,5417.222,2023.078
34.13,177.968,0.049,5,5417.546,2023.874
34.14,177.979,0.048,5,5417.87,2024.67
34.15,177.989,0.048,5,5418.194,2025.465
34.16,178,0.048,5,5418.518,2026.261
34.17,178.011,0.048,5,5418.841,2027.057
34.18,178.021,0.048,5,5419.165,2027.853
34.19,178.032,0.048,5,5419.488,2028.649
34.2,178.043,0.048,5,5419.811,2029.444
34.21,178.053,0.048,5,5420.134,2030.24
34.22,178.064,0.048,5,5420.457,2031.036
34.23,178.074,0.048,5,5420.78,2031.833
34.24,178.085,0.048,5,5421.102,2032.629
34.25,178.096,0.048,5,5421.425,2033.425
34.26,178.106,0.048,5,5421.747,2034.221
34.27,178.117,0.048,5,5422.069,2035.017
34.28,178.127,0.048,5,5422.391,2035.814
34.29,178.138,0.048,5,5422.713,2036.61
34.3,178.148,0.048,5,5423.035,2037.406
34.31,178.159,0.048,5,5423.356,2038.203
34.32,178.17,0.048,5,5423.678,2038.999
34.33,178.18,0.048,5,5423.999,2039.796
34.34,178.191,0.048,5,5424.32,2040.592
34.35,178.201,0.048,5,5424.641,2041.389
34.36,178.212,0.048,5,5424.962,2042.186
34.37,178.222,0.048,5,5425.283,2042.982
34.38,178.233,0.048,5,5425.603,2043.779
34.39,178.243,0.048,5,5425.924,2044.576
34.4,178.254,0.048,5,5426.244,2045.373
34.41,178.264,0.048,5,5426.564,2046.17
34.42,178.275,0.048,5,5426.884,2046.967
34.43,178.285,0.048,5,5427.204,2047.764
34.44,178.296,0.048,5,5427.524,2048.561
34.45,178.306,0.048,5,5427.843,2049.358
34.46,178.317,0.048,5,5428.163,2050.155
34.47,178.327,0.048,5,5428.482,2050.952
34.48,178.338,0.048,5,5428.801,2051.749
34.49,178.348,0.048,5,5429.12,2052.547
34.5,178.359,0.048,5,5429.439,2053.344
34.51,178.369,0.048,5,5429.757,2054.141
34.52,178.38,0.048,5,5430.076,2054.939
34.53,178.39,0.048,5,5430.394,2055.736
34.54,178.401,0.048,5,5430.713,2056.534
34.55,178.411,0.048,5,5431.031,2057.331
34.56,178.422,0.048,5,5431.349,2058.129
34.57,178.432,0.048,5,5431.667,2058.927
34.58,178.442,0.048,5,5431.984,2059.724
34.59,178.453,0.048,5,5432.302,2060.522
34.6,178.463,0.047,5,5432.619,2061.32
34.61,178.474,0.047,5,5432.936,2062.118
34.62,178.484,0.047,5,5433.254,2062.916
34.63,178.495,0.047,5,5433.571,2063.714
34.64,178.505,0.047,5,5433.887,2064.512
34.65,178.515,0.047,5,5434.204,2065.31
34.66,178.526,0.047,5,5434.521,2066.108
34.67,178.536,0.047,5,5434.837,2066.906
34.68,178.547,0.047,5,5435.153,2067.704
34.69,178.557,0.047,5,5435.469,2068.502
34.7,178.567,0.047,5,5435.785,2069.301
34.71,178.578,0.047,5,5436.101,2070.099
34.72,178.588,0.047,5,5436.417,2070.897
34.73,178.598,0.047,5,5436.732,2071.696
34.74,178.609,0.047,5,5437.048,2072.494
34.75,178.619,0.047,5,5437.363,2073.293
34.76,178.629,0.047,5,5437.678,2074.091
34.77,178.64,0.047,5,5437.993,2074.89
34.78,178.65,0.047,5,5438.308,2075.688
34.79,178.661,0.047,5,5438.623,2076.487
34.8,178.671,0.047,5,5438.937,2077.286
34.81,178.681,0.047,5,5439.252,2078.085
34.82,178.692,0.047,5,5439.566,2078.883
34.83,178.702,0.047,5,5439.88,2079.682
34.84,178.712,0.047,5,5440.194,2080.481
34.85,178.722,0.047,5,5440.508,2081.28
34.86,178.733,0.047,5,5440.821,2082.079
34.87,178.743,0.047,5,5441.135,2082.878
34.88,178.753,0.047,5,5441.448,2083.677
34.89,178.764,0.047,5,5441.762,2084.476
34.9,178.774,0.047,5,5442.075,2085.276
34.91,178.784,0.047,5,5442.388,2086.075
34.92,178.794,0.047,5,5442.701,2086.874
34.93,178.805,0.047,5,5443.013,2087.673
34.94,178.815,0.047,5,5443.326,2088.473
34.95,178.825,0.047,5,5443.638,2089.272
34.96,178.836,0.047,5,5443.951,2090.072
34.97,178.846,0.047,5,5444.263,2090.871
34.98,178.856,0.047,5,5444.575,2091.671
34.99,178.866,0.047,5,5444.887,2092.47
35,178.877,0.047,5,5445.198,2093.27
35.01,178.887,0.047,5,5445.51,2094.07
35.02,178.897,0.047,5,5445.821,2094.869
35.03,178.907,0.047,5,5446.133,2095.669
35.04,178.917,0.047,5,5446.444,2096.469
35.05,178.928,0.047,5,5446.755,2097.269
35.06,178.938,0.047,5,5447.066,2098.069
35.07,178.948,0.046,5,5447.376,2098.869
35.08,178.958,0.046,5,5447.687,2099.669
35.09,178.968,0.046,5,5447.998,2100.469
35.1,178.979,0.046,5,5448.308,2101.269
35.11,178.989,0.046,5,5448.618,2102.069
35.12,178.999,0.046,5,5448.928,2102.869
35.13,179.009,0.046,5,5449.238,2103.67
35.14,179.019,0.046,5,5449.548,2104.47
35.15,179.03,0.046,5,5449.857,2105.27
35.16,179.04,0.046,5,5450.167,2106.071
35.17,179.05,0.046,5,5450.476,2106.871
35.18,179.06,0.046,5,5450.785,2107.671
35.19,179.07,0.046,5,5451.094,2108.472
35.2,179.08,0.046,5,5451.403,2109.273
35.21,179.091,0.046,5,5451.712,2110.073
35.22,179.101,0.046,5,5452.021,2110.874
35.23,179.111,0.046,5,5452.329,2111.674
35.24,179.121,0.046,5,5452.638,2112.475
35.25,179.131,0.046,5,5452.946,2113.276
35.26,179.141,0.046,5,5453.254,2114.077
35.27,179.151,0.046,5,5453.562,2114.878
35.28,179.161,0.046,5,5453.87,2115.679
35.29,179.171,0.046,5,5454.177,2116.48
35.3,179.182,0.046,5,5454.485,2117.281
35.31,179.192,0.046,5,5454.792,2118.082
35.32,179.202,0.046,5,5455.099,2118.883
35.33,179.212,0.046,5,5455.406,2119.684
35.34,179.222,0.046,5,5455.713,2120.485
35.35,179.232,0.046,5,5456.02,2121.286
35.36,179.242,0.046,5,5456.327,2122.088
35.37,179.252,0.046,5,5456.633,2122.889
35.38,179.262,0.046,5,5456.94,2123.69
35.39,179.272,0.046,5,5457.246,2124.492
35.4,179.282,0.046,5,5457.552,2125.293
35.41,179.292,0.046,5,5457.858,2126.095
35.42,179.302,0.046,5,5458.164,2126.896
35.43,179.313,0.046,5,5458.47,2127.698
35.44,179.323,0.046,5,5458.775,2128.5
35.45,179.333,0.046,5,5459.081,2129.301
35.46,179.343,0.046,5,5459.386,2130.103
35.47,179.353,0.046,5,5459.691,2130.905
35.48,179.363,0.046,5,5459.996,2131.707
35.49,179.373,0.046,5,5460.301,2132.508
35.5,179.383,0.046,5,5460.606,2133.31
35.51,179.393,0.046,5,5460.911,2134.112
35.52,179.403,0.046,5,5461.215,2134.914
35.53,179.413,0.046,5,5461.519,2135.716
35.54,179.423,0.046,5,5461.824,2136.518
35.55,179.433,0.045,5,5462.128,2137.321
35.56,179.443,0.045,5,5462.431,2138.123
35.57,179.453,0.045,5,5462.735,2138.925
35.58,179.463,0.045,5,5463.039,2139.727
35.59,179.473,0.045,5,5463.342,2140.53
35.6,179.483,0.045,5,5463.646,2141.332
35.61,179.493,0.045,5,5463.949,2142.134
35.62,179.502,0.045,5,5464.252,2142.937
35.63,179.512,0.045,5,5464.555,2143.739
35.64,179.522,0.045,5,5464.858,2144.542
35.65,179.532,0.045,5,5465.161,2145.344
35.66,179.542,0.045,5,5465.463,2146.147
35.67,179.552,0.045,5,5465.765,2146.95
35.68,179.562,0.045,5,5466.068,2147.752
35.69,179.572,0.045,5,5466.37,2148.555
35.7,179.582,0.045,5,5466.672,2149.358
35.71,179.592,0.045,5,5466.974,2150.161
35.72,179.602,0.045,5,5467.275,2150.964
35.73,179.612,0.045,5,5467.577,2151.767
35.74,179.622,0.045,5,5467.878,2152.57
35.75,179.631,0.045,5,5468.18,2153.373
35.76,179.641,0.045,5,5468.481,2154.176
35.77,179.651,0.045,5,5468.782,2154.979
35.78,179.661,0.045,5,5469.083,2155.782
35.79,179.671,0.045,5,5469.384,2156.585
35.8,179.681,0.045,5,5469.684,2157.388
35.81,179.691,0.045,5,5469.985,2158.192
35.82,179.701,0.045,5,5470.285,2158.995
35.83,179.711,0.045,5,5470.585,2159.798
35.84,179.72,0.045,5,5470.885,2160.602
35.85,179.73,0.045,5,5471.185,2161.405
35.86,179.74,0.045,5,5471.485,2162.209
35.87,179.75,0.045,5,5471.785,2163.012
35.88,179.76,0.045,5,5472.084,2163.816
35.89,179.77,0.045,5,5472.384,2164.62
35.9,179.779,0.045,5,5472.683,2165.423
35.91,179.789,0.045,5,5472.982,2166.227
35.92,179.799,0.045,5,5473.281,2167.031
35.93,179.809,0.045,5,5473.58,2167.835
35.94,179.819,0.045,5,5473.879,2168.638
35.95,179.829,0.045,5,5474.177,2169.442
35.96,179.838,0.045,5,5474.476,2170.246
35.97,179.848,0.045,5,5474.774,2171.05
35.98,179.858,0.045,5,5475.072,2171.854
35.99,179.868,0.045,5,5475.37,2172.658
36,179.877,0.045,5,5475.668,2173.462
36.01,179.887,0.045,5,5475.966,2174.267
36.02,179.897,0.045,5,5476.264,2175.071
36.03,179.907,0.045,5,5476.561,2175.875
36.04,179.917,0.044,5,5476.858,2176.679
36.05,179.926,0.044,5,5477.156,2177.484
36.06,179.936,0.044,5,5477.453,2178.288
36.07,179.946,0.044,5,5477.75,2179.093
36.08,179.956,0.044,5,5478.047,2179.897
36.09,179.965,0.044,5,5478.343,2180.702
36.1,179.975,0.044,5,5478.64,2181.506
36.11,179.985,0.044,5,5478.936,2182.311
36.12,179.995,0.044,5,5479.233,2183.115
36.13,180.004,0.044,5,5479.529,2183.92
36.14,180.014,0.044,5,5479.825,2184.725
36.15,180.024,0.044,5,5480.121,2185.53
36.16,180.033,0.044,5,5480.416,2186.334
36.17,180.043,0.044,5,5480.712,2187.139
36.18,180.053,0.044,5,5481.007,2187.944
36.19,180.063,0.044,5,5481.303,2188.749
36.2,180.072,0.044,5,5481.598,2189.554
36.21,180.082,0.044,5,5481.893,2190.359
36.22,180.092,0.044,5,5482.188,2191.164
36.23,180.101,0.044,5,5482.483,2191.969
36.24,180.111,0.044,5,5482.777,2192.774
36.25,180.121,0.044,5,5483.072,2193.58
36.26,180.13,0.044,5,5483.366,2194.385
36.27,180.14,0.044,5,5483.661,2195.19
36.28,180.15,0.044,5,5483.955,2195.996
36.29,180.159,0.044,5,5484.249,2196.801
36.3,180.169,0.044,5,5484.543,2197.606
36.31,180.179,0.044,5,5484.836,2198.412
36.32,180.188,0.044,5,5485.13,2199.217
36.33,180.198,0.044,5,5485.424,2200.023
36.34,180.208,0.044,5,5485.717,2200.829
36.35,180.217,0.044,5,5486.01,2201.634
36.36,180.227,0.044,5,5486.303,2202.44
36.37,180.236,0.044,5,5486.596,2203.246
36.38,180.246,0.044,5,5486.889,2204.051
36.39,180.256,0.044,5,5487.182,2204.857
36.4,180.265,0.044,5,5487.474,2205.663
36.41,180.275,0.044,5,5487.766,2206.469
36.42,180.285,0.044,5,5488.059,2207.275
36.43,180.294,0.044,5,5488.351,2208.081
36.44,180.304,0.044,5,5488.643,2208.887
36.45,180.313,0.044,5,5488.935,2209.693
36.46,180.323,0.044,5,5489.226,2210.499
36.47,180.332,0.044,5,5489.518,2211.305
36.48,180.342,0.044,5,5489.81,2212.111
36.49,180.352,0.044,5,5490.101,2212.918
36.5,180.361,0.044,5,5490.392,2213.724
36.51,180.371,0.044,5,5490.683,2214.53
36.52,180.38,0.044,5,5490.974,2215.337
36.53,180.39,0.044,5,5491.265,2216.143
36.54,180.399,0.043,5,5491.556,2216.95
36.55,180.409,0.043,5,5491.846,2217.756
36.56,180.418,0.043,5,5492.137,2218.563
36.57,180.428,0.043,5,5492.427,2219.369
36.58,180.438,0.043,5,5492.717,2220.176
36.59,180.447,0.043,5,5493.007,2220.982
36.6,180.457,0.043,5,5493.297,2221.789
36.61,180.466,0.043,5,5493.587,2222.596
36.62,180.476,0.043,5,5493.876,2223.403
36.63,180.485,0.043,5,5494.166,2224.21
36.64,180.495,0.043,5,5494.455,2225.016
36.65,180.504,0.043,5,5494.744,2225.823
36.66,180.514,0.043,5,5495.033,2226.63
36.67,180.523,0.043,5,5495.322,2227.437
36.68,180.533,0.043,5,5495.611,2228.244
36.69,180.542,0.043,5,5495.9,2229.051
36.7,180.552,0.043,5,5496.188,2229.859
36.71,180.561,0.043,5,5496.477,2230.666
36.72,180.571,0.043,5,5496.765,2231.473
36.73,180.58,0.043,5,5497.053,2232.28
36.74,180.589,0.043,5,5497.341,2233.088
36.75,180.599,0.043,5,5497.629,2233.895
36.76,180.608,0.043,5,5497.917,2234.702
36.77,180.618,0.043,5,5498.205,2235.51
36.78,180.627,0.043,5,5498.492,2236.317
36.79,180.637,0.043,5,5498.78,2237.125
36.8,180.646,0.043,5,5499.067,2237.932
36.81,180.656,0.043,5,5499.354,2238.74
36.82,180.665,0.043,5,5499.641,2239.548
36.83,180.674,0.043,5,5499.928,2240.355
36.84,180.684,0.043,5,5500.214,2241.163
36.85,180.693,0.043,5,5500.501,2241.971
36.86,180.703,0.043,5,5500.788,2242.779
36.87,180.712,0.043,5,5501.074,2243.586
36.88,180.721,0.043,5,5501.36,2244.394
36.89,180.731,0.043,5,5501.646,2245.202
36.9,180.74,0.043,5,5501.932,2246.01
36.91,180.75,0.043,5,5502.218,2246.818
36.92,180.759,0.043,5,5502.504,2247.626
36.93,180.768,0.043,5,5502.789,2248.434
36.94,180.778,0.043,5,5503.075,2249.243
36.95,180.787,0.043,5,5503.36,2250.051
36.96,180.797,0.043,5,5503.645,2250.859
36.97,180.806,0.043,5,5503.93,2251.667
36.98,180.815,0.043,5,5504.215,2252.476
36.99,180.825,0.043,5,5504.5,2253.284
37,180.834,0.043,5,5504.784,2254.092
37.01,180.843,0.043,5,5505.069,2254.901
37.02,180.853,0.043,5,5505.353,2255.709
37.03,180.862,0.043,5,5505.637,2256.518
37.04,180.871,0.043,5,5505.922,2257.326
37.05,180.881,0.042,5,5506.206,2258.135
37.06,180.89,0.042,5,5506.489,2258.944
37.07,180.899,0.042,5,5506.773,2259.752
37.08,180.909,0.042,5,5507.057,2260.561
37.09,180.918,0.042,5,5507.34,2261.37
37.1,180.927,0.042,5,5507.624,2262.179
37.11,180.937,0.042,5,5507.907,2262.987
37.12,180.946,0.042,5,5508.19,2263.796
37.13,180.955,0.042,5,5508.473,2264.605
37.14,180.964,0.042,5,5508.756,2265.414
37.15,180.974,0.042,5,5509.038,2266.223
37.16,180.983,0.042,5,5509.321,2267.032
37.17,180.992,0.042,5,5509.603,2267.841
37.18,181.002,0.042,5,5509.886,2268.651
37.19,181.011,0.042,5,5510.168,2269.46
37.2,181.02,0.042,5,5510.45,2270.269
37.21,181.029,0.042,5,5510.732,2271.078
37.22,181.039,0.042,5,5511.014,2271.888
37.23,181.048,0.042,5,5511.295,2272.697
37.24,181.057,0.042,5,5511.577,2273.506
37.25,181.066,0.042,5,5511.858,2274.316
37.26,181.076,0.042,5,5512.139,2275.125
37.27,181.085,0.042,5,5512.421,2275.935
37.28,181.094,0.042,5,5512.702,2276.744
37.29,181.103,0.042,5,5512.982,2277.554
37.3,181.112,0.042,5,5513.263,2278.364
37.31,181.122,0.042,5,5513.544,2279.173
37.32,181.131,0.042,5,5513.824,2279.983
37.33,181.14,0.042,5,5514.105,2280.793
37.34,181.149,0.042,5,5514.385,2281.603
37.35,181.159,0.042,5,5514.665,2282.412
37.36,181.168,0.042,5,5514.945,2283.222
37.37,181.177,0.042,5,5515.225,2284.032
37.38,181.186,0.042,5,5515.505,2284.842
37.39,181.195,0.042,5,5515.784,2285.652
37.4,181.204,0.042,5,5516.064,2286.462
37.41,181.214,0.042,5,5516.343,2287.272
37.42,181.223,0.042,5,5516.622,2288.083
37.43,181.232,0.042,5,5516.901,2288.893
37.44,181.241,0.042,5,5517.18,2289.703
37.45,181.25,0.042,5,5517.459,2290.513
37.46,181.259,0.042,5,5517.738,2291.324
37.47,181.269,0.042,5,5518.017,2292.134
37.48,181.278,0.042,5,5518.295,2292.944
37.49,181.287,0.042,5,5518.573,2293.755
37.5,181.296,0.042,5,5518.851,2294.565
37.51,181.305,0.042,5,5519.13,2295.376
37.52,181.314,0.042,5,5519.408,2296.186
37.53,181.323,0.042,5,5519.685,2296.997
37.54,181.333,0.042,5,5519.963,2297.807
37.55,181.342,0.042,5,5520.241,2298.618
37.56,181.351,0.042,5,5520.518,2299.429
37.57,181.36,0.041,5,5520.795,2300.24
37.58,181.369,0.041,5,5521.073,2301.05
37.59,181.378,0.041,5,5521.35,2301.861
37.6,181.387,0.041,5,5521.626,2302.672
37.61,181.396,0.041,5,5521.903,2303.483
37.62,181.405,0.041,5,5522.18,2304.294
37.63,181.414,0.041,5,5522.457,2305.105
37.64,181.424,0.041,5,5522.733,2305.916
37.65,181.433,0.041,5,5523.009,2306.727
37.66,181.442,0.041,5,5523.285,2307.538
37.67,181.451,0.041,5,5523.561,2308.349
37.68,181.46,0.041,5,5523.837,2309.16
37.69,181.469,0.041,5,5524.113,2309.972
37.7,181.478,0.041,5,5524.389,2310.783
37.71,181.487,0.041,5,5524.664,2311.594
37.72,181.496,0.041,5,5524.94,2312.406
37.73,181.505,0.041,5,5525.215,2313.217
37.74,181.514,0.041,5,5525.49,2314.028
37.75,181.523,0.041,5,5525.765,2314.84
37.76,181.532,0.041,5,5526.04,2315.651
37.77,181.541,0.041,5,5526.315,2316.463
37.78,181.55,0.041,5,5526.59,2317.275
37.79,181.559,0.041,5,5526.864,2318.086
37.8,181.568,0.041,5,5527.138,2318.898
37.81,181.577,0.041,5,5527.413,2319.71
37.82,181.586,0.041,5,5527.687,2320.521
37.83,181.595,0.041,5,5527.961,2321.333
37.84,181.604,0.041,5,5528.235,2322.145
37.85,181.613,0.041,5,5528.509,2322.957
37.86,181.622,0.041,5,5528.782,2323.769
37.87,181.631,0.041,5,5529.056,2324.581
37.88,181.64,0.041,5,5529.329,2325.393
37.89,181.649,0.041,5,5529.602,2326.205
37.9,181.658,0.041,5,5529.876,2327.017
37.91,181.667,0.041,5,5530.149,2327.829
37.92,181.676,0.041,5,5530.421,2328.641
37.93,181.685,0.041,5,5530.694,2329.453
37.94,181.694,0.041,5,5530.967,2330.266
37.95,181.703,0.041,5,5531.239,2331.078
37.96,181.712,0.041,5,5531.512,2331.89
37.97,181.721,0.041,5,5531.784,2332.703
37.98,181.73,0.041,5,5532.056,2333.515
37.99,181.739,0.041,5,5532.328,2334.328
38,181.748,0.041,5,5532.6,2335.14
38.01,181.757,0.041,5,5532.872,2335.953
38.02,181.766,0.041,5,5533.144,2336.765
38.03,181.774,0.041,5,5533.415,2337.578
38.04,181.783,0.041,5,5533.686,2338.39
38.05,181.792,0.041,5,5533.958,2339.203
38.06,181.801,0.041,5,5534.229,2340.016
38.07,181.81,0.041,5,5534.5,2340.829
38.08,181.819,0.041,5,5534.771,2341.641
38.09,181.828,0.041,5,5535.042,2342.454
38.1,181.837,0.04,5,5535.312,2343.267
38.11,181.846,0.04,5,5535.583,2344.08
38.12,181.855,0.04,5,5535.853,2344.893
38.13,181.863,0.04,5,5536.123,2345.706
38.14,181.872,0.04,5,5536.394,2346.519
38.15,181.881,0.04,5,5536.664,2347.332
38.16,181.89,0.04,5,5536.933,2348.145
38.17,181.899,0.04,5,5537.203,2348.958
38.18,181.908,0.04,5,5537.473,2349.772
38.19,181.917,0.04,5,5537.742,2350.585
38.2,181.925,0.04,5,5538.012,2351.398
38.21,181.934,0.04,5,5538.281,2352.211
38.22,181.943,0.04,5,5538.55,2353.025
38.23,181.952,0.04,5,5538.819,2353.838
38.24,181.961,0.04,5,5539.088,2354.652
38.25,181.97,0.04,5,5539.357,2355.465
38.26,181.979,0.04,5,5539.626,2356.279
38.27,181.987,0.04,5,5539.894,2357.092
38.28,181.996,0.04,5,5540.163,2357.906
38.29,182.005,0.04,5,5540.431,2358.719
38.3,182.014,0.04,5,5540.699,2359.533
38.31,182.023,0.04,5,5540.967,2360.347
38.32,182.031,0.04,5,5541.235,2361.16
38.33,182.04,0.04,5,5541.503,2361.974
38.34,182.049,0.04,5,5541.771,2362.788
38.35,182.058,0.04,5,5542.038,2363.602
38.36,182.067,0.04,5,5542.306,2364.416
38.37,182.075,0.04,5,5542.573,2365.23
38.38,182.084,0.04,5,5542.84,2366.044
38.39,182.093,0.04,5,5543.107,2366.858
38.4,182.102,0.04,5,5543.374,2367.672
38.41,182.11,0.04,5,5543.641,2368.486
38.42,182.119,0.04,5,5543.908,2369.3
38.43,182.128,0.04,5,5544.174,2370.114
38.44,182.137,0.04,5,5544.441,2370.929
38.45,182.145,0.04,5,5544.707,2371.743
38.46,182.154,0.04,5,5544.973,2372.557
38.47,182.163,0.04,5,5545.239,2373.371
38.48,182.172,0.04,5,5545.505,2374.186
38.49,182.18,0.04,5,5545.771,2375
38.5,182.189,0.04,5,5546.037,2375.815
38.51,182.198,0.04,5,5546.302,2376.629
38.52,182.207,0.04,5,5546.568,2377.444
38.53,182.215,0.04,5,5546.833,2378.258
38.54,182.224,0.04,5,5547.098,2379.073
38.55,182.233,0.04,5,5547.363,2379.888
38.56,182.241,0.04,5,5547.628,2380.702
38.57,182.25,0.04,5,5547.893,2381.517
38.58,182.259,0.04,5,5548.158,2382.332
38.59,182.267,0.04,5,5548.423,2383.147
38.6,182.276,0.04,5,5548.687,2383.961
38.61,182.285,0.04,5,5548.952,2384.776
38.62,182.294,0.04,5,5549.216,2385.591
38.63,182.302,0.04,5,5549.48,2386.406
38.64,182.311,0.04,5,5549.744,2387.221
38.65,182.32,0.039,5,5550.008,2388.036
38.66,182.328,0.039,5,5550.272,2388.851
38.67,182.337,0.039,5,5550.535,2389.666
38.68,182.346,0.039,5,5550.799,2390.482
38.69,182.354,0.039,5,5551.062,2391.297
38.7,182.363,0.039,5,5551.325,2392.112
38.71,182.371,0.039,5,5551.589,2392.927
38.72,182.38,0.039,5,5551.852,2393.743
38.73,182.389,0.039,5,5552.115,2394.558
38.74,182.397,0.039,5,5552.377,2395.373
38.75,182.406,0.039,5,5552.64,2396.189
38.76,182.415,0.039,5,5552.903,2397.004
38.77,182.423,0.039,5,5553.165,2397.82
38.78,182.432,0.039,5,5553.427,2398.635
38.79,182.441,0.039,5,5553.689,2399.451
38.8,182.449,0.039,5,5553.952,2400.266
38.81,182.458,0.039,5,5554.213,2401.082
38.82,182.466,0.039,5,5554.475,2401.898
38.83,182.475,0.039,5,5554.737,2402.714
38.84,182.484,0.039,5,5554.999,2403.529
38.85,182.492,0.039,5,5555.26,2404.345
38.86,182.501,0.039,5,5555.521,2405.161
38.87,182.509,0.039,5,5555.783,2405.977
38.88,182.518,0.039,5,5556.044,2406.793
38.89,182.526,0.039,5,5556.305,2407.609
38.9,182.535,0.039,5,5556.566,2408.425
38.91,182.544,0.039,5,5556.826,2409.241
38.92,182.552,0.039,5,5557.087,2410.057
38.93,182.561,0.039,5,5557.347,2410.873
38.94,182.569,0.039,5,5557.608,2411.689
38.95,182.578,0.039,5,5557.868,2412.505
38.96,182.586,0.039,5,5558.128,2413.322
38.97,182.595,0.039,5,5558.388,2414.138
38.98,182.603,0.039,5,5558.648,2414.954
38.99,182.612,0.039,5,5558.908,2415.771
39,182.62,0.039,5,5559.168,2416.587
39.01,182.629,0.039,5,5559.427,2417.403
39.02,182.638,0.039,5,5559.687,2418.22
39.03,182.646,0.039,5,5559.946,2419.036
39.04,182.655,0.039,5,5560.205,2419.853
39.05,182.663,0.039,5,5560.464,2420.669
39.06,182.672,0.039,5,5560.723,2421.486
39.07,182.68,0.039,5,5560.982,2422.303
39.08,182.689,0.039,5,5561.241,2423.119
39.09,182.697,0.039,5,5561.499,2423.936
39.1,182.706,0.039,5,5561.758,2424.753
39.11,182.714,0.039,5,5562.016,2425.57
39.12,182.723,0.039,5,5562.274,2426.387
39.13,182.731,0.039,5,5562.532,2427.203
39.14,182.739,0.039,5,5562.79,2428.02
39.15,182.748,0.039,5,5563.048,2428.837
39.16,182.756,0.039,5,5563.306,2429.654
39.17,182.765,0.039,5,5563.564,2430.471
39.18,182.773,0.039,5,5563.821,2431.288
39.19,182.782,0.039,5,5564.078,2432.105
39.2,182.79,0.038,5,5564.336,2432.923
39.21,182.799,0.038,5,5564.593,2433.74
39.22,182.807,0.038,5,5564.85,2434.557
39.23,182.816,0.038,5,5565.107,2435.374
39.24,182.824,0.038,5,5565.364,2436.192
39.25,182.832,0.038,5,5565.62,2437.009
39.26,182.841,0.038,5,5565.877,2437.826
39.27,182.849,0.038,5,5566.133,2438.644
39.28,182.858,0.038,5,5566.39,2439.461
39.29,182.866,0.038,5,5566.646,2440.279
39.3,182.875,0.038,5,5566.902,2441.096
39.31,182.883,0.038,5,5567.158,2441.914
39.32,182.891,0.038,5,5567.414,2442.731
39.33,182.9,0.038,5,5567.67,2443.549
39.34,182.908,0.038,5,5567.925,2444.367
39.35,182.917,0.038,5,5568.181,2445.184
39.36,182.925,0.038,5,5568.436,2446.002
39.37,182.933,0.038,5,5568.691,2446.82
39.38,182.942,0.038,5,5568.946,2447.638
39.39,182.95,0.038,5,5569.201,2448.456
39.4,182.958,0.038,5,5569.456,2449.273
39.41,182.967,0.038,5,5569.711,2450.091
39.42,182.975,0.038,5,5569.966,2450.909
39.43,182.984,0.038,5,5570.22,2451.727
39.44,182.992,0.038,5,5570.475,2452.545
39.45,183,0.038,5,5570.729,2453.363
39.46,183.009,0.038,5,5570.983,2454.182
39.47,183.017,0.038,5,5571.237,2455
39.48,183.025,0.038,5,5571.491,2455.818
39.49,183.034,0.038,5,5571.745,2456.636
39.5,183.042,0.038,5,5571.999,2457.454
39.51,183.05,0.038,5,5572.253,2458.273
39.52,183.059,0.038,5,5572.506,2459.091
39.53,183.067,0.038,5,5572.76,2459.909
39.54,183.075,0.038,5,5573.013,2460.728
39.55,183.084,0.038,5,5573.266,2461.546
39.56,183.092,0.038,5,5573.519,2462.365
39.57,183.1,0.038,5,5573.772,2463.183
39.58,183.109,0.038,5,5574.025,2464.002
39.59,183.117,0.038,5,5574.277,2464.821
39.6,183.125,0.038,5,5574.53,2465.639
39.61,183.133,0.038,5,5574.782,2466.458
39.62,183.142,0.038,5,5575.035,2467.277
39.63,183.15,0.038,5,5575.287,2468.095
39.64,183.158,0.038,5,5575.539,2468.914
39.65,183.167,0.038,5,5575.791,2469.733
39.66,183.175,0.038,5,5576.043,2470.552
39.67,183.183,0.038,5,5576.295,2471.371
39.68,183.191,0.038,5,5576.546,2472.19
39.69,183.2,0.038,5,5576.798,2473.009
39.7,183.208,0.038,5,5577.049,2473.828
39.71,183.216,0.038,5,5577.3,2474.647
39.72,183.224,0.038,5,5577.552,2475.466
39.73,183.233,0.038,5,5577.803,2476.285
39.74,183.241,0.038,5,5578.054,2477.104
39.75,183.249,0.038,5,5578.304,2477.923
39.76,183.257,0.038,5,5578.555,2478.742
39.77,183.266,0.037,5,5578.806,2479.562
39.78,183.274,0.037,5,5579.056,2480.381
39.79,183.282,0.037,5,5579.306,2481.2
39.8,183.29,0.037,5,5579.557,2482.02
39.81,183.298,0.037,5,5579.807,2482.839
39.82,183.307,0.037,5,5580.057,2483.659
39.83,183.315,0.037,5,5580.307,2484.478
39.84,183.323,0.037,5,5580.556,2485.298
39.85,183.331,0.037,5,5580.806,2486.117
39.86,183.339,0.037,5,5581.056,2486.937
39.87,183.348,0.037,5,5581.305,2487.756
39.88,183.356,0.037,5,5581.554,2488.576
39.89,183.364,0.037,5,5581.804,2489.396
39.9,183.372,0.037,5,5582.053,2490.216
39.91,183.38,0.037,5,5582.302,2491.035
39.92,183.389,0.037,5,5582.55,2491.855
39.93,183.397,0.037,5,5582.799,2492.675
39.94,183.405,0.037,5,5583.048,2493.495
39.95,183.413,0.037,5,5583.296,2494.315
39.96,183.421,0.037,5,5583.545,2495.135
39.97,183.429,0.037,5,5583.793,2495.955
39.98,183.438,0.037,5,5584.041,2496.775
39.99,183.446,0.037,5,5584.289,2497.595
40,183.454,0.037,5,5584.537,2498.415
40.01,183.462,0.037,5,5584.785,2499.235
40.02,183.47,0.037,5,5585.033,2500.055
40.03,183.478,0.037,5,5585.28,2500.876
40.04,183.486,0.037,5,5585.528,2501.696
40.05,183.495,0.037,5,5585.775,2502.516
40.06,183.503,0.037,5,5586.022,2503.336
40.07,183.511,0.037,5,5586.269,2504.157
40.08,183.519,0.037,5,5586.516,2504.977
40.09,183.527,0.037,5,5586.763,2505.798
40.1,183.535,0.037,5,5587.01,2506.618
40.11,183.543,0.037,5,5587.257,2507.439
40.12,183.551,0.037,5,5587.503,2508.259
40.13,183.559,0.037,5,5587.75,2509.08
40.14,183.567,0.037,5,5587.996,2509.9
40.15,183.576,0.037,5,5588.242,2510.721
40.16,183.584,0.037,5,5588.488,2511.542
40.17,183.592,0.037,5,5588.734,2512.362
40.18,183.6,0.037,5,5588.98,2513.183
40.19,183.608,0.037,5,5589.226,2514.004
40.2,183.616,0.037,5,5589.472,2514.825
40.21,183.624,0.037,5,5589.717,2515.646
40.22,183.632,0.037,5,5589.963,2516.467
40.23,183.64,0.037,5,5590.208,2517.288
40.24,183.648,0.037,5,5590.453,2518.109
40.25,183.656,0.037,5,5590.698,2518.93
40.26,183.664,0.037,5,5590.943,2519.751
40.27,183.672,0.037,5,5591.188,2520.572
40.28,183.68,0.037,5,5591.433,2521.393
40.29,183.688,0.037,5,5591.677,2522.214
40.3,183.696,0.037,5,5591.922,2523.035
40.31,183.704,0.037,5,5592.166,2523.856
40.32,183.713,0.037,5,5592.41,2524.678
40.33,183.721,0.037,5,5592.655,2525.499
40.34,183.729,0.037,5,5592.899,2526.32
40.35,183.737,0.036,5,5593.143,2527.142
40.36,183.745,0.036,5,5593.386,2527.963
40.37,183.753,0.036,5,5593.63,2528.785
40.38,183.761,0.036,5,5593.874,2529.606
40.39,183.769,0.036,5,5594.117,2530.428
40.4,183.777,0.036,5,5594.361,2531.249
40.41,183.785,0.036,5,5594.604,2532.071
40.42,183.793,0.036,5,5594.847,2532.892
40.43,183.801,0.036,5,5595.09,2533.714
40.44,183.809,0.036,5,5595.333,2534.536
40.45,183.816,0.036,5,5595.576,2535.357
40.46,183.824,0.036,5,5595.818,2536.179
40.47,183.832,0.036,5,5596.061,2537.001
40.48,183.84,0.036,5,5596.303,2537.823
40.49,183.848,0.036,5,5596.546,2538.645
40.5,183.856,0.036,5,5596.788,2539.467
40.51,183.864,0.036,5,5597.03,2540.289
40.52,183.872,0.036,5,5597.272,2541.111
40.53,183.88,0.036,5,5597.514,2541.933
40.54,183.888,0.036,5,5597.756,2542.755
40.55,183.896,0.036,5,5597.998,2543.577
40.56,183.904,0.036,5,5598.239,2544.399
40.57,183.912,0.036,5,5598.481,2545.221
40.58,183.92,0.036,5,5598.722,2546.043
40.59,183.928,0.036,5,5598.963,2546.865
40.6,183.936,0.036,5,5599.204,2547.688
40.61,183.944,0.036,5,5599.445,2548.51
40.62,183.952,0.036,5,5599.686,2549.332
40.63,183.959,0.036,5,5599.927,2550.155
40.64,183.967,0.036,5,5600.168,2550.977
40.65,183.975,0.036,5,5600.408,2551.8
40.66,183.983,0.036,5,5600.649,2552.622
40.67,183.991,0.036,5,5600.889,2553.445
40.68,183.999,0.036,5,5601.129,2554.267
40.69,184.007,0.036,5,5601.369,2555.09
40.7,184.015,0.036,5,5601.609,2555.912
40.71,184.023,0.036,5,5601.849,2556.735
40.72,184.03,0.036,5,5602.089,2557.558
40.73,184.038,0.036,5,5602.329,2558.38
40.74,184.046,0.036,5,5602.568,2559.203
40.75,184.054,0.036,5,5602.808,2560.026
40.76,184.062,0.036,5,5603.047,2560.849
40.77,184.07,0.036,5,5603.286,2561.672
40.78,184.078,0.036,5,5603.525,2562.494
40.79,184.085,0.036,5,5603.764,2563.317
40.8,184.093,0.036,5,5604.003,2564.14
40.81,184.101,0.036,5,5604.242,2564.963
40.82,184.109,0.036,5,5604.481,2565.786
40.83,184.117,0.036,5,5604.719,2566.609
40.84,184.125,0.036,5,5604.958,2567.433
40.85,184.133,0.036,5,5605.196,2568.256
40.86,184.14,0.036,5,5605.434,2569.079
40.87,184.148,0.036,5,5605.672,2569.902
40.88,184.156,0.036,5,5605.91,2570.725
40.89,184.164,0.036,5,5606.148,2571.549
40.9,184.172,0.036,5,5606.386,2572.372
40.91,184.179,0.036,5,5606.624,2573.195
40.92,184.187,0.036,5,5606.861,2574.019
40.93,184.195,0.036,5,5607.099,2574.842
40.94,184.203,0.036,5,5607.336,2575.666
40.95,184.211,0.035,5,5607.573,2576.489
40.96,184.218,0.035,5,5607.81,2577.313
40.97,184.226,0.035,5,5608.047,2578.136
40.98,184.234,0.035,5,5608.284,2578.96
40.99,184.242,0.035,5,5608.521,2579.783
41,184.25,0.035,5,5608.758,2580.607
41.01,184.257,0.035,5,5608.994,2581.431
41.02,184.265,0.035,5,5609.231,2582.255
41.03,184.273,0.035,5,5609.467,2583.078
41.04,184.281,0.035,5,5609.703,2583.902
41.05,184.288,0.035,5,5609.939,2584.726
41.06,184.296,0.035,5,5610.175,2585.55
41.07,184.304,0.035,5,5610.411,2586.374
41.08,184.312,0.035,5,5610.647,2587.198
41.09,184.319,0.035,5,5610.883,2588.022
41.1,184.327,0.035,5,5611.118,2588.846
41.11,184.335,0.035,5,5611.354,2589.67
41.12,184.343,0.035,5,5611.589,2590.494
41.13,184.35,0.035,5,5611.824,2591.318
41.14,184.358,0.035,5,5612.06,2592.142
41.15,184.366,0.035,5,5612.295,2592.966
41.16,184.373,0.035,5,5612.529,2593.791
41.17,184.381,0.035,5,5612.764,2594.615
41.18,184.389,0.035,5,5612.999,2595.439
41.19,184.397,0.035,5,5613.234,2596.263
41.2,184.404,0.035,5,5613.468,2597.088
41.21,184.412,0.035,5,5613.702,2597.912
41.22,184.42,0.035,5,5613.937,2598.737
41.23,184.427,0.035,5,5614.171,2599.561
41.24,184.435,0.035,5,5614.405,2600.386
41.25,184.443,0.035,5,5614.639,2601.21
41.26,184.45,0.035,5,5614.873,2602.035
41.27,184.458,0.035,5,5615.106,2602.859
41.28,184.466,0.035,5,5615.34,2603.684
41.29,184.473,0.035,5,5615.573,2604.509
41.3,184.481,0.035,5,5615.807,2605.333
41.31,184.489,0.035,5,5616.04,2606.158
41.32,184.496,0.035,5,5616.273,2606.983
41.33,184.504,0.035,5,5616.506,2607.808
41.34,184.512,0.035,5,5616.739,2608.632
41.35,184.519,0.035,5,5616.972,2609.457
41.36,184.527,0.035,5,5617.205,2610.282
41.37,184.535,0.035,5,5617.438,2611.107
41.38,184.542,0.035,5,5617.67,2611.932
41.39,184.55,0.035,5,5617.902,2612.757
41.4,184.558,0.035,5,5618.135,2613.582
41.41,184.565,0.035,5,5618.367,2614.407
41.42,184.573,0.035,5,5618.599,2615.232
41.43,184.58,0.035,5,5618.831,2616.057
41.44,184.588,0.035,5,5619.063,2616.883
41.45,184.596,0.035,5,5619.295,2617.708
41.46,184.603,0.035,5,5619.526,2618.533
41.47,184.611,0.035,5,5619.758,2619.358
41.48,184.618,0.035,5,5619.989,2620.184
41.49,184.626,0.035,5,5620.221,2621.009
41.5,184.634,0.035,5,5620.452,2621.834
41.51,184.641,0.035,5,5620.683,2622.66
41.52,184.649,0.035,5,5620.914,2623.485
41.53,184.656,0.035,5,5621.145,2624.311
41.54,184.664,0.035,5,5621.376,2625.136
41.55,184.672,0.035,5,5621.606,2625.962
41.56,184.679,0.035,5,5621.837,2626.787
41.57,184.687,0.034,5,5622.067,2627.613
41.58,184.694,0.034,5,5622.298,2628.439
41.59,184.702,0.034,5,5622.528,2629.264
41.6,184.709,0.034,5,5622.758,2630.09
41.61,184.717,0.034,5,5622.988,2630.916
41.62,184.725,0.034,5,5623.218,2631.742
41.63,184.732,0.034,5,5623.448,2632.568
41.64,184.74,0.034,5,5623.678,2633.393
41.65,184.747,0.034,5,5623.907,2634.219
41.66,184.755,0.034,5,5624.137,2635.045
41.67,184.762,0.034,5,5624.366,2635.871
41.68,184.77,0.034,5,5624.596,2636.697
41.69,184.777,0.034,5,5624.825,2637.523
41.7,184.785,0.034,5,5625.054,2638.349
41.71,184.792,0.034,5,5625.283,2639.175
41.72,184.8,0.034,5,5625.512,2640.001
41.73,184.807,0.034,5,5625.74,2640.828
41.74,184.815,0.034,5,5625.969,2641.654
41.75,184.822,0.034,5,5626.198,2642.48
41.76,184.83,0.034,5,5626.426,2643.306
41.77,184.837,0.034,5,5626.654,2644.133
41.78,184.845,0.034,5,5626.883,2644.959
41.79,184.852,0.034,5,5627.111,2645.785
41.8,184.86,0.034,5,5627.339,2646.612
41.81,184.867,0.034,5,5627.567,2647.438
41.82,184.875,0.034,5,5627.794,2648.265
41.83,184.882,0.034,5,5628.022,2649.091
41.84,184.89,0.034,5,5628.25,2649.918
41.85,184.897,0.034,5,5628.477,2650.744
41.86,184.905,0.034,5,5628.704,2651.571
41.87,184.912,0.034,5,5628.932,2652.397
41.88,184.92,0.034,5,5629.159,2653.224
41.89,184.927,0.034,5,5629.386,2654.051
41.9,184.935,0.034,5,5629.613,2654.878
41.91,184.942,0.034,5,5629.84,2655.704
41.92,184.95,0.034,5,5630.066,2656.531
41.93,184.957,0.034,5,5630.293,2657.358
41.94,184.964,0.034,5,5630.52,2658.185
41.95,184.972,0.034,5,5630.746,2659.012
41.96,184.979,0.034,5,5630.972,2659.839
41.97,184.987,0.034,5,5631.199,2660.666
41.98,184.994,0.034,5,5631.425,2661.493
41.99,185.002,0.034,5,5631.651,2662.32
42,185.009,0.034,5,5631.877,2663.147
42.01,185.016,0.034,5,5632.102,2663.974
42.02,185.024,0.034,5,5632.328,2664.801
42.03,185.031,0.034,5,5632.554,2665.628
42.04,185.039,0.034,5,5632.779,2666.455
42.05,185.046,0.034,5,5633.004,2667.282
42.06,185.053,0.034,5,5633.23,2668.11
42.07,185.061,0.034,5,5633.455,2668.937
42.08,185.068,0.034,5,5633.68,2669.764
42.09,185.076,0.034,5,5633.905,2670.592
42.1,185.083,0.034,5,5634.13,2671.419
42.11,185.09,0.034,5,5634.354,2672.247
42.12,185.098,0.034,5,5634.579,2673.074
42.13,185.105,0.034,5,5634.803,2673.901
42.14,185.113,0.034,5,5635.028,2674.729
42.15,185.12,0.034,5,5635.252,2675.557
42.16,185.127,0.034,5,5635.476,2676.384
42.17,185.135,0.034,5,5635.7,2677.212
42.18,185.142,0.034,5,5635.924,2678.039
42.19,185.149,0.034,5,5636.148,2678.867
42.2,185.157,0.033,5,5636.372,2679.695
42.21,185.164,0.033,5,5636.596,2680.523
42.22,185.171,0.033,5,5636.819,2681.35
42.23,185.179,0.033,5,5637.043,2682.178
42.24,185.186,0.033,5,5637.266,2683.006
42.25,185.193,0.033,5,5637.49,2683.834
42.26,185.201,0.033,5,5637.713,2684.662
42.27,185.208,0.033,5,5637.936,2685.49
42.28,185.215,0.033,5,5638.159,2686.318
42.29,185.223,0.033,5,5638.382,2687.146
42.3,185.23,0.033,5,5638.604,2687.974
42.31,185.237,0.033,5,5638.827,2688.802
42.32,185.245,0.033,5,5639.049,2689.63
42.33,185.252,0.033,5,5639.272,2690.458
42.34,185.259,0.033,5,5639.494,2691.286
42.35,185.267,0.033,5,5639.716,2692.115
42.36,185.274,0.033,5,5639.939,2692.943
42.37,185.281,0.033,5,5640.161,2693.771
42.38,185.288,0.033,5,5640.382,2694.599
42.39,185.296,0.033,5,5640.604,2695.428
42.4,185.303,0.033,5,5640.826,2696.256
42.41,185.31,0.033,5,5641.048,2697.085
42.42,185.318,0.033,5,5641.269,2697.913
42.43,185.325,0.033,5,5641.49,2698.742
42.44,185.332,0.033,5,5641.712,2699.57
42.45,185.339,0.033,5,5641.933,2700.399
42.46,185.347,0.033,5,5642.154,2701.227
42.47,185.354,0.033,5,5642.375,2702.056
42.48,185.361,0.033,5,5642.596,2702.884
42.49,185.368,0.033,5,5642.817,2703.713
42.5,185.376,0.033,5,5643.037,2704.542
42.51,185.383,0.033,5,5643.258,2705.37
42.52,185.39,0.033,5,5643.478,2706.199
42.53,185.397,0.033,5,5643.699,2707.028
42.54,185.405,0.033,5,5643.919,2707.857
42.55,185.412,0.033,5,5644.139,2708.686
42.56,185.419,0.033,5,5644.359,2709.515
42.57,185.426,0.033,5,5644.579,2710.344
42.58,185.433,0.033,5,5644.799,2711.173
42.59,185.441,0.033,5,5645.019,2712.002
42.6,185.448,0.033,5,5645.238,2712.831
42.61,185.455,0.033,5,5645.458,2713.66
42.62,185.462,0.033,5,5645.677,2714.489
42.63,185.47,0.033,5,5645.896,2715.318
42.64,185.477,0.033,5,5646.116,2716.147
42.65,185.484,0.033,5,5646.335,2716.976
42.66,185.491,0.033,5,5646.554,2717.805
42.67,185.498,0.033,5,5646.773,2718.635
42.68,185.506,0.033,5,5646.992,2719.464
42.69,185.513,0.033,5,5647.21,2720.293
42.7,185.52,0.033,5,5647.429,2721.123
42.71,185.527,0.033,5,5647.647,2721.952
42.72,185.534,0.033,5,5647.866,2722.781
42.73,185.541,0.033,5,5648.084,2723.611
42.74,185.549,0.033,5,5648.302,2724.44
42.75,185.556,0.033,5,5648.52,2725.27
42.76,185.563,0.033,5,5648.738,2726.099
42.77,185.57,0.033,5,5648.956,2726.929
42.78,185.577,0.033,5,5649.174,2727.758
42.79,185.584,0.033,5,5649.392,2728.588
42.8,185.592,0.033,5,5649.609,2729.418
42.81,185.599,0.033,5,5649.827,2730.247
42.82,185.606,0.033,5,5650.044,2731.077
42.83,185.613,0.033,5,5650.261,2731.907
42.84,185.62,0.032,5,5650.479,2732.737
42.85,185.627,0.032,5,5650.696,2733.567
42.86,185.634,0.032,5,5650.913,2734.396
42.87,185.641,0.032,5,5651.13,2735.226
42.88,185.649,0.032,5,5651.346,2736.056
42.89,185.656,0.032,5,5651.563,2736.886
42.9,185.663,0.032,5,5651.78,2737.716
42.91,185.67,0.032,5,5651.996,2738.546
42.92,185.677,0.032,5,5652.212,2739.376
42.93,185.684,0.032,5,5652.429,2740.206
42.94,185.691,0.032,5,5652.645,2741.036
42.95,185.698,0.032,5,5652.861,2741.867
42.96,185.705,0.032,5,5653.077,2742.697
42.97,185.713,0.032,5,5653.293,2743.527
42.98,185.72,0.032,5,5653.508,2744.357
42.99,185.727,0.032,5,5653.724,2745.188
43,185.734,0.032,5,5653.94,2746.018
43.01,185.741,0.032,5,5654.155,2746.848
43.02,185.748,0.032,5,5654.37,2747.679
43.03,185.755,0.032,5,5654.586,2748.509
43.04,185.762,0.032,5,5654.801,2749.339
43.05,185.769,0.032,5,5655.016,2750.17
43.06,185.776,0.032,5,5655.231,2751
43.07,185.783,0.032,5,5655.446,2751.831
43.08,185.79,0.032,5,5655.66,2752.661
43.09,185.797,0.032,5,5655.875,2753.492
43.1,185.804,0.032,5,5656.09,2754.323
43.11,185.811,0.032,5,5656.304,2755.153
43.12,185.818,0.032,5,5656.518,2755.984
43.13,185.826,0.032,5,5656.733,2756.815
43.14,185.833,0.032,5,5656.947,2757.645
43.15,185.84,0.032,5,5657.161,2758.476
43.16,185.847,0.032,5,5657.375,2759.307
43.17,185.854,0.032,5,5657.589,2760.138
43.18,185.861,0.032,5,5657.802,2760.969
43.19,185.868,0.032,5,5658.016,2761.8
43.2,185.875,0.032,5,5658.229,2762.63
43.21,185.882,0.032,5,5658.443,2763.461
43.22,185.889,0.032,5,5658.656,2764.292
43.23,185.896,0.032,5,5658.869,2765.123
43.24,185.903,0.032,5,5659.083,2765.955
43.25,185.91,0.032,5,5659.296,2766.786
43.26,185.917,0.032,5,5659.509,2767.617
43.27,185.924,0.032,5,5659.721,2768.448
43.28,185.931,0.032,5,5659.934,2769.279
43.29,185.938,0.032,5,5660.147,2770.11
43.3,185.945,0.032,5,5660.359,2770.942
43.31,185.952,0.032,5,5660.572,2771.773
43.32,185.959,0.032,5,5660.784,2772.604
43.33,185.966,0.032,5,5660.996,2773.435
43.34,185.973,0.032,5,5661.208,2774.267
43.35,185.98,0.032,5,5661.421,2775.098
43.36,185.986,0.032,5,5661.632,2775.93
43.37,185.993,0.032,5,5661.844,2776.761
43.38,186,0.032,5,5662.056,2777.593
43.39,186.007,0.032,5,5662.268,2778.424
43.4,186.014,0.032,5,5662.479,2779.256
43.41,186.021,0.032,5,5662.691,2780.087
43.42,186.028,0.032,5,5662.902,2780.919
43.43,186.035,0.032,5,5663.113,2781.751
43.44,186.042,0.032,5,5663.324,2782.582
43.45,186.049,0.032,5,5663.535,2783.414
43.46,186.056,0.032,5,5663.746,2784.246
43.47,186.063,0.032,5,5663.957,2785.077
43.48,186.07,0.032,5,5664.168,2785.909
43.49,186.077,0.032,5,5664.379,2786.741
43.5,186.084,0.032,5,5664.589,2787.573
43.51,186.091,0.031,5,5664.8,2788.405
43.52,186.097,0.031,5,5665.01,2789.237
43.53,186.104,0.031,5,5665.22,2790.069
43.54,186.111,0.031,5,5665.43,2790.901
43.55,186.118,0.031,5,5665.64,2791.733
43.56,186.125,0.031,5,5665.85,2792.565
43.57,186.132,0.031,5,5666.06,2793.397
43.58,186.139,0.031,5,5666.27,2794.229
43.59,186.146,0.031,5,5666.48,2795.061
43.6,186.153,0.031,5,5666.689,2795.893
43.61,186.159,0.031,5,5666.899,2796.726
43.62,186.166,0.031,5,5667.108,2797.558
43.63,186.173,0.031,5,5667.317,2798.39
43.64,186.18,0.031,5,5667.526,2799.222
43.65,186.187,0.031,5,5667.736,2800.055
43.66,186.194,0.031,5,5667.945,2800.887
43.67,186.201,0.031,5,5668.153,2801.719
43.68,186.208,0.031,5,5668.362,2802.552
43.69,186.214,0.031,5,5668.571,2803.384
43.7,186.221,0.031,5,5668.779,2804.217
43.71,186.228,0.031,5,5668.988,2805.049
43.72,186.235,0.031,5,5669.196,2805.882
43.73,186.242,0.031,5,5669.405,2806.714
43.74,186.249,0.031,5,5669.613,2807.547
43.75,186.255,0.031,5,5669.821,2808.38
43.76,186.262,0.031,5,5670.029,2809.212
43.77,186.269,0.031,5,5670.237,2810.045
43.78,186.276,0.031,5,5670.445,2810.878
43.79,186.283,0.031,5,5670.652,2811.711
43.8,186.29,0.031,5,5670.86,2812.543
43.81,186.296,0.031,5,5671.067,2813.376
43.82,186.303,0.031,5,5671.275,2814.209
43.83,186.31,0.031,5,5671.482,2815.042
43.84,186.317,0.031,5,5671.689,2815.875
43.85,186.324,0.031,5,5671.896,2816.708
43.86,186.33,0.031,5,5672.103,2817.541
43.87,186.337,0.031,5,5672.31,2818.374
43.88,186.344,0.031,5,5672.517,2819.207
43.89,186.351,0.031,5,5672.724,2820.04
43.9,186.358,0.031,5,5672.93,2820.873
43.91,186.364,0.031,5,5673.137,2821.706
43.92,186.371,0.031,5,5673.343,2822.539
43.93,186.378,0.031,5,5673.55,2823.372
43.94,186.385,0.031,5,5673.756,2824.206
43.95,186.392,0.031,5,5673.962,2825.039
43.96,186.398,0.031,5,5674.168,2825.872
43.97,186.405,0.031,5,5674.374,2826.705
43.98,186.412,0.031,5,5674.58,2827.539
43.99,186.419,0.031,5,5674.786,2828.372
44,186.425,0.031,5,5674.991,2829.205
44.01,186.432,0.031,5,5675.197,2830.039
44.02,186.439,0.031,5,5675.402,2830.872
44.03,186.446,0.031,5,5675.608,2831.706
44.04,186.452,0.031,5,5675.813,2832.539
44.05,186.459,0.031,5,5676.018,2833.373
44.06,186.466,0.031,5,5676.223,2834.206
44.07,186.473,0.031,5,5676.428,2835.04
44.08,186.479,0.031,5,5676.633,2835.874
44.09,186.486,0.031,5,5676.838,2836.707
44.1,186.493,0.031,5,5677.043,2837.541
44.11,186.499,0.031,5,5677.247,2838.375
44.12,186.506,0.031,5,5677.452,2839.209
44.13,186.513,0.031,5,5677.656,2840.042
44.14,186.52,0.031,5,5677.86,2840.876
44.15,186.526,0.031,5,5678.065,2841.71
44.16,186.533,0.031,5,5678.269,2842.544
44.17,186.54,0.031,5,5678.473,2843.378
44.18,186.546,0.031,5,5678.677,2844.212
44.19,186.553,0.03,5,5678.88,2845.046
44.2,186.56,0.03,5,5679.084,2845.88
44.21,186.566,0.03,5,5679.288,2846.714
44.22,186.573,0.03,5,5679.491,2847.548
44.23,186.58,0.03,5,5679.695,2848.382
44.24,186.587,0.03,5,5679.898,2849.216
44.25,186.593,0.03,5,5680.101,2850.05
44.26,186.6,0.03,5,5680.304,2850.884
44.27,186.607,0.03,5,5680.507,2851.718
44.28,186.613,0.03,5,5680.71,2852.553
44.29,186.62,0.03,5,5680.913,2853.387
44.3,186.627,0.03,5,5681.116,2854.221
44.31,186.633,0.03,5,5681.319,2855.056
44.32,186.64,0.03,5,5681.521,2855.89
44.33,186.646,0.03,5,5681.724,2856.724
44.34,186.653,0.03,5,5681.926,2857.559
44.35,186.66,0.03,5,5682.128,2858.393
44.36,186.666,0.03,5,5682.331,2859.228
44.37,186.673,0.03,5,5682.533,2860.062
44.38,186.68,0.03,5,5682.735,2860.897
44.39,186.686,0.03,5,5682.937,2861.731
44.4,186.693,0.03,5,5683.138,2862.566
44.41,186.7,0.03,5,5683.34,2863.4
44.42,186.706,0.03,5,5683.542,2864.235
44.43,186.713,0.03,5,5683.743,2865.07
44.44,186.719,0.03,5,5683.945,2865.904
44.45,186.726,0.03,5,5684.146,2866.739
44.46,186.733,0.03,5,5684.347,2867.574
44.47,186.739,0.03,5,5684.548,2868.409
44.48,186.746,0.03,5,5684.75,2869.244
44.49,186.752,0.03,5,5684.95,2870.078
44.5,186.759,0.03,5,5685.151,2870.913
44.51,186.766,0.03,5,5685.352,2871.748
44.52,186.772,0.03,5,5685.553,2872.583
44.53,186.779,0.03,5,5685.753,2873.418
44.54,186.785,0.03,5,5685.954,2874.253
44.55,186.792,0.03,5,5686.154,2875.088
44.56,186.799,0.03,5,5686.355,2875.923
44.57,186.805,0.03,5,5686.555,2876.758
44.58,186.812,0.03,5,5686.755,2877.593
44.59,186.818,0.03,5,5686.955,2878.429
44.6,186.825,0.03,5,5687.155,2879.264
44.61,186.831,0.03,5,5687.355,2880.099
44.62,186.838,0.03,5,5687.554,2880.934
44.63,186.845,0.03,5,5687.754,2881.77
44.64,186.851,0.03,5,5687.953,2882.605
44.65,186.858,0.03,5,5688.153,2883.44
44.66,186.864,0.03,5,5688.352,2884.276
44.67,186.871,0.03,5,5688.552,2885.111
44.68,186.877,0.03,5,5688.751,2885.946
44.69,186.884,0.03,5,5688.95,2886.782
44.7,186.89,0.03,5,5689.149,2887.617
44.71,186.897,0.03,5,5689.348,2888.453
44.72,186.903,0.03,5,5689.546,2889.288
44.73,186.91,0.03,5,5689.745,2890.124
44.74,186.917,0.03,5,5689.944,2890.959
44.75,186.923,0.03,5,5690.142,2891.795
44.76,186.93,0.03,5,5690.341,2892.631
44.77,186.936,0.03,5,5690.539,2893.466
44.78,186.943,0.03,5,5690.737,2894.302
44.79,186.949,0.03,5,5690.935,2895.138
44.8,186.956,0.03,5,5691.133,2895.974
44.81,186.962,0.03,5,5691.331,2896.809
44.82,186.969,0.03,5,5691.529,2897.645
44.83,186.975,0.03,5,5691.727,2898.481
44.84,186.982,0.03,5,5691.925,2899.317
44.85,186.988,0.03,5,5692.122,2900.153
44.86,186.995,0.03,5,5692.32,2900.989
44.87,187.001,0.03,5,5692.517,2901.825
44.88,187.008,0.03,5,5692.714,2902.661
44.89,187.014,0.03,5,5692.911,2903.497
44.9,187.02,0.029,5,5693.109,2904.333
44.91,187.027,0.029,5,5693.306,2905.169
44.92,187.033,0.029,5,5693.502,2906.005
44.93,187.04,0.029,5,5693.699,2906.841
44.94,187.046,0.029,5,5693.896,2907.677
44.95,187.053,0.029,5,5694.093,2908.514
44.96,187.059,0.029,5,5694.289,2909.35
44.97,187.066,0.029,5,5694.486,2910.186
44.98,187.072,0.029,5,5694.682,2911.022
44.99,187.079,0.029,5,5694.878,2911.859
45,187.085,0.029,5,5695.074,2912.695
45.01,187.091,0.029,5,5695.271,2913.531
45.02,187.098,0.029,5,5695.467,2914.368
45.03,187.104,0.029,5,5695.662,2915.204
45.04,187.111,0.029,5,5695.858,2916.041
45.05,187.117,0.029,5,5696.054,2916.877
45.06,187.124,0.029,5,5696.25,2917.714
45.07,187.13,0.029,5,5696.445,2918.55
45.08,187.136,0.029,5,5696.641,2919.387
45.09,187.143,0.029,5,5696.836,2920.223
45.1,187.149,0.029,5,5697.031,2921.06
45.11,187.156,0.029,5,5697.226,2921.897
45.12,187.162,0.029,5,5697.421,2922.733
45.13,187.169,0.029,5,5697.616,2923.57
45.14,187.175,0.029,5,5697.811,2924.407
45.15,187.181,0.029,5,5698.006,2925.244
45.16,187.188,0.029,5,5698.201,2926.08
45.17,187.194,0.029,5,5698.395,2926.917
45.18,187.201,0.029,5,5698.59,2927.754
45.19,187.207,0.029,5,5698.784,2928.591
45.2,187.213,0.029,5,5698.979,2929.428
45.21,187.22,0.029,5,5699.173,2930.265
45.22,187.226,0.029,5,5699.367,2931.102
45.23,187.232,0.029,5,5699.561,2931.939
45.24,187.239,0.029,5,5699.755,2932.776
45.25,187.245,0.029,5,5699.949,2933.613
45.26,187.252,0.029,5,5700.143,2934.45
45.27,187.258,0.029,5,5700.336,2935.287
45.28,187.264,0.029,5,5700.53,2936.124
45.29,187.271,0.029,5,5700.723,2936.961
45.3,187.277,0.029,5,5700.917,2937.799
45.31,187.283,0.029,5,5701.11,2938.636
45.32,187.29,0.029,5,5701.303,2939.473
45.33,187.296,0.029,5,5701.496,2940.31
45.34,187.302,0.029,5,5701.689,2941.148
45.35,187.309,0.029,5,5701.882,2941.985
45.36,187.315,0.029,5,5702.075,2942.822
45.37,187.321,0.029,5,5702.268,2943.66
45.38,187.328,0.029,5,5702.461,2944.497
45.39,187.334,0.029,5,5702.653,2945.335
45.4,187.34,0.029,5,5702.846,2946.172
45.41,187.347,0.029,5,5703.038,2947.01
45.42,187.353,0.029,5,5703.231,2947.847
45.43,187.359,0.029,5,5703.423,2948.685
45.44,187.366,0.029,5,5703.615,2949.522
45.45,187.372,0.029,5,5703.807,2950.36
45.46,187.378,0.029,5,5703.999,2951.198
45.47,187.385,0.029,5,5704.191,2952.035
45.48,187.391,0.029,5,5704.383,2952.873
45.49,187.397,0.029,5,5704.574,2953.711
45.5,187.403,0.029,5,5704.766,2954.549
45.51,187.41,0.029,5,5704.957,2955.386
45.52,187.416,0.029,5,5705.149,2956.224
45.53,187.422,0.029,5,5705.34,2957.062
45.54,187.429,0.029,5,5705.531,2957.9
45.55,187.435,0.029,5,5705.722,2958.738
45.56,187.441,0.029,5,5705.913,2959.576
45.57,187.447,0.029,5,5706.104,2960.414
45.58,187.454,0.029,5,5706.295,2961.252
45.59,187.46,0.029,5,5706.486,2962.09
45.6,187.466,0.029,5,5706.677,2962.928
45.61,187.472,0.029,5,5706.867,2963.766
45.62,187.479,0.029,5,5707.058,2964.604
45.63,187.485,0.028,5,5707.248,2965.442
45.64,187.491,0.028,5,5707.439,2966.28
45.65,187.497,0.028,5,5707.629,2967.118
45.66,187.504,0.028,5,5707.819,2967.957
45.67,187.51,0.028,5,5708.009,2968.795
45.68,187.516,0.028,5,5708.199,2969.633
45.69,187.522,0.028,5,5708.389,2970.471
45.7,187.529,0.028,5,5708.579,2971.31
45.71,187.535,0.028,5,5708.768,2972.148
45.72,187.541,0.028,5,5708.958,2972.987
45.73,187.547,0.028,5,5709.147,2973.825
45.74,187.554,0.028,5,5709.337,2974.663
45.75,187.56,0.028,5,5709.526,2975.502
45.76,187.566,0.028,5,5709.715,2976.34
45.77,187.572,0.028,5,5709.905,2977.179
45.78,187.578,0.028,5,5710.094,2978.017
45.79,187.585,0.028,5,5710.283,2978.856
45.8,187.591,0.028,5,5710.471,2979.695
45.81,187.597,0.028,5,5710.66,2980.533
45.82,187.603,0.028,5,5710.849,2981.372
45.83,187.609,0.028,5,5711.038,2982.211
45.84,187.616,0.028,5,5711.226,2983.049
45.85,187.622,0.028,5,5711.415,2983.888
45.86,187.628,0.028,5,5711.603,2984.727
45.87,187.634,0.028,5,5711.791,2985.566
45.88,187.64,0.028,5,5711.979,2986.404
45.89,187.647,0.028,5,5712.167,2987.243
45.9,187.653,0.028,5,5712.355,2988.082
45.91,187.659,0.028,5,5712.543,2988.921
45.92,187.665,0.028,5,5712.731,2989.76
45.93,187.671,0.028,5,5712.919,2990.599
45.94,187.677,0.028,5,5713.106,2991.438
45.95,187.684,0.028,5,5713.294,2992.277
45.96,187.69,0.028,5,5713.481,2993.116
45.97,187.696,0.028,5,5713.669,2993.955
45.98,187.702,0.028,5,5713.856,2994.794
45.99,187.708,0.028,5,5714.043,2995.633
46,187.714,0.028,5,5714.23,2996.472
46.01,187.72,0.028,5,5714.417,2997.312
46.02,187.727,0.028,5,5714.604,2998.151
46.03,187.733,0.028,5,5714.791,2998.99
46.04,187.739,0.028,5,5714.978,2999.829
46.05,187.745,0.028,5,5715.165,3000.669
46.06,187.751,0.028,5,5715.351,3001.508
46.07,187.757,0.028,5,5715.538,3002.347
46.08,187.763,0.028,5,5715.724,3003.187
46.09,187.77,0.028,5,5715.91,3004.026
46.1,187.776,0.028,5,5716.097,3004.866
46.11,187.782,0.028,5,5716.283,3005.705
46.12,187.788,0.028,5,5716.469,3006.545
46.13,187.794,0.028,5,5716.655,3007.384
46.14,187.8,0.028,5,5716.841,3008.224
46.15,187.806,0.028,5,5717.026,3009.063
46.16,187.812,0.028,5,5717.212,3009.903
46.17,187.818,0.028,5,5717.398,3010.742
46.18,187.824,0.028,5,5717.583,3011.582
46.19,187.831,0.028,5,5717.769,3012.422
46.2,187.837,0.028,5,5717.954,3013.261
46.21,187.843,0.028,5,5718.139,3014.101
46.22,187.849,0.028,5,5718.324,3014.941
46.23,187.855,0.028,5,5718.509,3015.781
46.24,187.861,0.028,5,5718.694,3016.62
46.25,187.867,0.028,5,5718.879,3017.46
46.26,187.873,0.028,5,5719.064,3018.3
46.27,187.879,0.028,5,5719.249,3019.14
46.28,187.885,0.028,5,5719.433,3019.98
46.29,187.891,0.028,5,5719.618,3020.82
46.3,187.897,0.028,5,5719.802,3021.66
46.31,187.903,0.028,5,5719.987,3022.5
46.32,187.909,0.028,5,5720.171,3023.34
46.33,187.916,0.028,5,5720.355,3024.18
46.34,187.922,0.028,5,5720.539,3025.02
46.35,187.928,0.028,5,5720.723,3025.86
46.36,187.934,0.028,5,5720.907,3026.7
46.37,187.94,0.028,5,5721.091,3027.54
46.38,187.946,0.027,5,5721.275,3028.381
46.39,187.952,0.027,5,5721.459,3029.221
46.4,187.958,0.027,5,5721.642,3030.061
46.41,187.964,0.027,5,5721.826,3030.901
46.42,187.97,0.027,5,5722.009,3031.742
46.43,187.976,0.027,5,5722.192,3032.582
46.44,187.982,0.027,5,5722.376,3033.422
46.45,187.988,0.027,5,5722.559,3034.263
46.46,187.994,0.027,5,5722.742,3035.103
46.47,188,0.027,5,5722.925,3035.944
46.48,188.006,0.027,5,5723.108,3036.784
46.49,188.012,0.027,5,5723.291,3037.625
46.5,188.018,0.027,5,5723.473,3038.465
46.51,188.024,0.027,5,5723.656,3039.306
46.52,188.03,0.027,5,5723.838,3040.146
46.53,188.036,0.027,5,5724.021,3040.987
46.54,188.042,0.027,5,5724.203,3041.827
46.55,188.048,0.027,5,5724.385,3042.668
46.56,188.054,0.027,5,5724.568,3043.509
46.57,188.06,0.027,5,5724.75,3044.349
46.58,188.066,0.027,5,5724.932,3045.19
46.59,188.072,0.027,5,5725.114,3046.031
46.6,188.078,0.027,5,5725.296,3046.872
46.61,188.084,0.027,5,5725.477,3047.713
46.62,188.09,0.027,5,5725.659,3048.553
46.63,188.096,0.027,5,5725.841,3049.394
46.64,188.102,0.027,5,5726.022,3050.235
46.65,188.108,0.027,5,5726.204,3051.076
46.66,188.114,0.027,5,5726.385,3051.917
46.67,188.12,0.027,5,5726.566,3052.758
46.68,188.126,0.027,5,5726.747,3053.599
46.69,188.131,0.027,5,5726.928,3054.44
46.7,188.137,0.027,5,5727.109,3055.281
46.71,188.143,0.027,5,5727.29,3056.122
46.72,188.149,0.027,5,5727.471,3056.963
46.73,188.155,0.027,5,5727.652,3057.804
46.74,188.161,0.027,5,5727.832,3058.645
46.75,188.167,0.027,5,5728.013,3059.487
46.76,188.173,0.027,5,5728.193,3060.328
46.77,188.179,0.027,5,5728.374,3061.169
46.78,188.185,0.027,5,5728.554,3062.01
46.79,188.191,0.027,5,5728.734,3062.852
46.8,188.197,0.027,5,5728.914,3063.693
46.81,188.203,0.027,5,5729.095,3064.534
46.82,188.209,0.027,5,5729.274,3065.376
46.83,188.214,0.027,5,5729.454,3066.217
46.84,188.22,0.027,5,5729.634,3067.058
46.85,188.226,0.027,5,5729.814,3067.9
46.86,188.232,0.027,5,5729.993,3068.741
46.87,188.238,0.027,5,5730.173,3069.583
46.88,188.244,0.027,5,5730.352,3070.424
46.89,188.25,0.027,5,5730.532,3071.266
46.9,188.256,0.027,5,5730.711,3072.107
46.91,188.262,0.027,5,5730.89,3072.949
46.92,188.267,0.027,5,5731.069,3073.791
46.93,188.273,0.027,5,5731.248,3074.632
46.94,188.279,0.027,5,5731.427,3075.474
46.95,188.285,0.027,5,5731.606,3076.316
46.96,188.291,0.027,5,5731.785,3077.158
46.97,188.297,0.027,5,5731.964,3077.999
46.98,188.303,0.027,5,5732.142,3078.841
46.99,188.309,0.027,5,5732.321,3079.683
47,188.314,0.027,5,5732.499,3080.525
47.01,188.32,0.027,5,5732.677,3081.367
47.02,188.326,0.027,5,5732.856,3082.208
47.03,188.332,0.027,5,5733.034,3083.05
47.04,188.338,0.027,5,5733.212,3083.892
47.05,188.344,0.027,5,5733.39,3084.734
47.06,188.35,0.027,5,5733.568,3085.576
47.07,188.355,0.027,5,5733.746,3086.418
47.08,188.361,0.027,5,5733.923,3087.26
47.09,188.367,0.027,5,5734.101,3088.102
47.1,188.373,0.027,5,5734.279,3088.945
47.11,188.379,0.027,5,5734.456,3089.787
47.12,188.385,0.027,5,5734.634,3090.629
47.13,188.39,0.027,5,5734.811,3091.471
47.14,188.396,0.027,5,5734.988,3092.313
47.15,188.402,0.027,5,5735.165,3093.155
47.16,188.408,0.026,5,5735.342,3093.998
47.17,188.414,0.026,5,5735.519,3094.84
47.18,188.419,0.026,5,5735.696,3095.682
47.19,188.425,0.026,5,5735.873,3096.525
47.2,188.431,0.026,5,5736.05,3097.367
47.21,188.437,0.026,5,5736.226,3098.209
47.22,188.443,0.026,5,5736.403,3099.052
47.23,188.449,0.026,5,5736.579,3099.894
47.24,188.454,0.026,5,5736.756,3100.737
47.25,188.46,0.026,5,5736.932,3101.579
47.26,188.466,0.026,5,5737.108,3102.422
47.27,188.472,0.026,5,5737.285,3103.264
47.28,188.477,0.026,5,5737.461,3104.107
47.29,188.483,0.026,5,5737.637,3104.949
47.3,188.489,0.026,5,5737.812,3105.792
47.31,188.495,0.026,5,5737.988,3106.635
47.32,188.501,0.026,5,5738.164,3107.477
47.33,188.506,0.026,5,5738.34,3108.32
47.34,188.512,0.026,5,5738.515,3109.163
47.35,188.518,0.026,5,5738.691,3110.006
47.36,188.524,0.026,5,5738.866,3110.848
47.37,188.529,0.026,5,5739.041,3111.691
47.38,188.535,0.026,5,5739.217,3112.534
47.39,188.541,0.026,5,5739.392,3113.377
47.4,188.547,0.026,5,5739.567,3114.22
47.41,188.552,0.026,5,5739.742,3115.063
47.42,188.558,0.026,5,5739.917,3115.905
47.43,188.564,0.026,5,5740.091,3116.748
47.44,188.57,0.026,5,5740.266,3117.591
47.45,188.575,0.026,5,5740.441,3118.434
47.46,188.581,0.026,5,5740.615,3119.277
47.47,188.587,0.026,5,5740.79,3120.121
47.48,188.593,0.026,5,5740.964,3120.964
47.49,188.598,0.026,5,5741.139,3121.807
47.5,188.604,0.026,5,5741.313,3122.65
47.51,188.61,0.026,5,5741.487,3123.493
47.52,188.615,0.026,5,5741.661,3124.336
47.53,188.621,0.026,5,5741.835,3125.179
47.54,188.627,0.026,5,5742.009,3126.023
47.55,188.633,0.026,5,5742.183,3126.866
47.56,188.638,0.026,5,5742.356,3127.709
47.57,188.644,0.026,5,5742.53,3128.552
47.58,188.65,0.026,5,5742.704,3129.396
47.59,188.655,0.026,5,5742.877,3130.239
47.6,188.661,0.026,5,5743.05,3131.083
47.61,188.667,0.026,5,5743.224,3131.926
47.62,188.672,0.026,5,5743.397,3132.769
47.63,188.678,0.026,5,5743.57,3133.613
47.64,188.684,0.026,5,5743.743,3134.456
47.65,188.69,0.026,5,5743.916,3135.3
47.66,188.695,0.026,5,5744.089,3136.143
47.67,188.701,0.026,5,5744.262,3136.987
47.68,188.707,0.026,5,5744.435,3137.831
47.69,188.712,0.026,5,5744.607,3138.674
47.7,188.718,0.026,5,5744.78,3139.518
47.71,188.724,0.026,5,5744.952,3140.362
47.72,188.729,0.026,5,5745.125,3141.205
47.73,188.735,0.026,5,5745.297,3142.049
47.74,188.741,0.026,5,5745.469,3142.893
47.75,188.746,0.026,5,5745.641,3143.736
47.76,188.752,0.026,5,5745.814,3144.58
47.77,188.757,0.026,5,5745.986,3145.424
47.78,188.763,0.026,5,5746.157,3146.268
47.79,188.769,0.026,5,5746.329,3147.112
47.8,188.774,0.026,5,5746.501,3147.956
47.81,188.78,0.026,5,5746.673,3148.8
47.82,188.786,0.026,5,5746.844,3149.644
47.83,188.791,0.026,5,5747.016,3150.488
47.84,188.797,0.026,5,5747.187,3151.332
47.85,188.803,0.026,5,5747.359,3152.176
47.86,188.808,0.026,5,5747.53,3153.02
47.87,188.814,0.026,5,5747.701,3153.864
47.88,188.819,0.026,5,5747.872,3154.708
47.89,188.825,0.026,5,5748.043,3155.552
47.9,188.831,0.026,5,5748.214,3156.396
47.91,188.836,0.026,5,5748.385,3157.24
47.92,188.842,0.026,5,5748.556,3158.084
47.93,188.848,0.026,5,5748.726,3158.929
47.94,188.853,0.026,5,5748.897,3159.773
47.95,188.859,0.026,5,5749.067,3160.617
47.96,188.864,0.026,5,5749.238,3161.461
47.97,188.87,0.025,5,5749.408,3162.306
47.98,188.876,0.025,5,5749.579,3163.15
47.99,188.881,0.025,5,5749.749,3163.994
48,188.887,0.025,5,5749.919,3164.839
48.01,188.892,0.025,5,5750.089,3165.683
48.02,188.898,0.025,5,5750.259,3166.528
48.03,188.903,0.025,5,5750.429,3167.372
48.04,188.909,0.025,5,5750.599,3168.217
48.05,188.915,0.025,5,5750.768,3169.061
48.06,188.92,0.025,5,5750.938,3169.906
48.07,188.926,0.025,5,5751.107,3170.75
48.08,188.931,0.025,5,5751.277,3171.595
48.09,188.937,0.025,5,5751.446,3172.44
48.1,188.942,0.025,5,5751.616,3173.284
48.11,188.948,0.025,5,5751.785,3174.129
48.12,188.954,0.025,5,5751.954,3174.974
48.13,188.959,0.025,5,5752.123,3175.818
48.14,188.965,0.025,5,5752.292,3176.663
48.15,188.97,0.025,5,5752.461,3177.508
48.16,188.976,0.025,5,5752.63,3178.353
48.17,188.981,0.025,5,5752.799,3179.197
48.18,188.987,0.025,5,5752.967,3180.042
48.19,188.992,0.025,5,5753.136,3180.887
48.2,188.998,0.025,5,5753.304,3181.732
48.21,189.003,0.025,5,5753.473,3182.577
48.22,189.009,0.025,5,5753.641,3183.422
48.23,189.015,0.025,5,5753.809,3184.267
48.24,189.02,0.025,5,5753.977,3185.112
48.25,189.026,0.025,5,5754.146,3185.957
48.26,189.031,0.025,5,5754.314,3186.802
48.27,189.037,0.025,5,5754.482,3187.647
48.28,189.042,0.025,5,5754.649,3188.492
48.29,189.048,0.025,5,5754.817,3189.337
48.3,189.053,0.025,5,5754.985,3190.182
48.31,189.059,0.025,5,5755.153,3191.028
48.32,189.064,0.025,5,5755.32,3191.873
48.33,189.07,0.025,5,5755.488,3192.718
48.34,189.075,0.025,5,5755.655,3193.563
48.35,189.081,0.025,5,5755.822,3194.408
48.36,189.086,0.025,5,5755.989,3195.254
48.37,189.092,0.025,5,5756.157,3196.099
48.38,189.097,0.025,5,5756.324,3196.944
48.39,189.103,0.025,5,5756.491,3197.79
48.4,189.108,0.025,5,5756.658,3198.635
48.41,189.114,0.025,5,5756.824,3199.481
48.42,189.119,0.025,5,5756.991,3200.326
48.43,189.125,0.025,5,5757.158,3201.171
48.44,189.13,0.025,5,5757.324,3202.017
48.45,189.135,0.025,5,5757.491,3202.862
48.46,189.141,0.025,5,5757.657,3203.708
48.47,189.146,0.025,5,5757.824,3204.554
48.48,189.152,0.025,5,5757.99,3205.399
48.49,189.157,0.025,5,5758.156,3206.245
48.5,189.163,0.025,5,5758.322,3207.09
48.51,189.168,0.025,5,5758.488,3207.936
48.52,189.174,0.025,5,5758.654,3208.782
48.53,189.179,0.025,5,5758.82,3209.627
48.54,189.185,0.025,5,5758.986,3210.473
48.55,189.19,0.025,5,5759.151,3211.319
48.56,189.195,0.025,5,5759.317,3212.165
48.57,189.201,0.025,5,5759.483,3213.01
48.58,189.206,0.025,5,5759.648,3213.856
48.59,189.212,0.025,5,5759.814,3214.702
48.6,189.217,0.025,5,5759.979,3215.548
48.61,189.223,0.025,5,5760.144,3216.394
48.62,189.228,0.025,5,5760.309,3217.24
48.63,189.233,0.025,5,5760.474,3218.086
48.64,189.239,0.025,5,5760.639,3218.932
48.65,189.244,0.025,5,5760.804,3219.778
48.66,189.25,0.025,5,5760.969,3220.624
48.67,189.255,0.025,5,5761.134,3221.47
48.68,189.261,0.025,5,5761.298,3222.316
48.69,189.266,0.025,5,5761.463,3223.162
48.7,189.271,0.025,5,5761.628,3224.008
48.71,189.277,0.025,5,5761.792,3224.854
48.72,189.282,0.025,5,5761.956,3225.7
48.73,189.288,0.025,5,5762.121,3226.547
48.74,189.293,0.025,5,5762.285,3227.393
48.75,189.298,0.025,5,5762.449,3228.239
48.76,189.304,0.025,5,5762.613,3229.085
48.77,189.309,0.025,5,5762.777,3229.932
48.78,189.314,0.025,5,5762.941,3230.778
48.79,189.32,0.025,5,5763.105,3231.624
48.8,189.325,0.024,5,5763.269,3232.471
48.81,189.331,0.024,5,5763.432,3233.317
48.82,189.336,0.024,5,5763.596,3234.163
48.83,189.341,0.024,5,5763.759,3235.01
48.84,189.347,0.024,5,5763.923,3235.856
48.85,189.352,0.024,5,5764.086,3236.703
48.86,189.357,0.024,5,5764.249,3237.549
48.87,189.363,0.024,5,5764.413,3238.396
48.88,189.368,0.024,5,5764.576,3239.242
48.89,189.374,0.024,5,5764.739,3240.089
48.9,189.379,0.024,5,5764.902,3240.935
48.91,189.384,0.024,5,5765.065,3241.782
48.92,189.39,0.024,5,5765.227,3242.629
48.93,189.395,0.024,5,5765.39,3243.475
48.94,189.4,0.024,5,5765.553,3244.322
48.95,189.406,0.024,5,5765.715,3245.169
48.96,189.411,0.024,5,5765.878,3246.016
48.97,189.416,0.024,5,5766.04,3246.862
48.98,189.422,0.024,5,5766.202,3247.709
48.99,189.427,0.024,5,5766.365,3248.556
49,189.432,0.024,5,5766.527,3249.403
49.01,189.438,0.024,5,5766.689,3250.25
49.02,189.443,0.024,5,5766.851,3251.097
49.03,189.448,0.024,5,5767.013,3251.943
49.04,189.454,0.024,5,5767.175,3252.79
49.05,189.459,0.024,5,5767.337,3253.637
49.06,189.464,0.024,5,5767.498,3254.484
49.07,189.47,0.024,5,5767.66,3255.331
49.08,189.475,0.024,5,5767.822,3256.178
49.09,189.48,0.024,5,5767.983,3257.025
49.1,189.485,0.024,5,5768.144,3257.872
49.11,189.491,0.024,5,5768.306,3258.72
49.12,189.496,0.024,5,5768.467,3259.567
49.13,189.501,0.024,5,5768.628,3260.414
49.14,189.507,0.024,5,5768.789,3261.261
49.15,189.512,0.024,5,5768.95,3262.108
49.16,189.517,0.024,5,5769.111,3262.955
49.17,189.522,0.024,5,5769.272,3263.803
49.18,189.528,0.024,5,5769.433,3264.65
49.19,189.533,0.024,5,5769.594,3265.497
49.2,189.538,0.024,5,5769.754,3266.345
49.21,189.544,0.024,5,5769.915,3267.192
49.22,189.549,0.024,5,5770.075,3268.039
49.23,189.554,0.024,5,5770.236,3268.887
49.24,189.559,0.024,5,5770.396,3269.734
49.25,189.565,0.024,5,5770.556,3270.581
49.26,189.57,0.024,5,5770.716,3271.429
49.27,189.575,0.024,5,5770.877,3272.276
49.28,189.58,0.024,5,5771.037,3273.124
49.29,189.586,0.024,5,5771.197,3273.971
49.3,189.591,0.024,5,5771.356,3274.819
49.31,189.596,0.024,5,5771.516,3275.666
49.32,189.601,0.024,5,5771.676,3276.514
49.33,189.607,0.024,5,5771.836,3277.362
49.34,189.612,0.024,5,5771.995,3278.209
49.35,189.617,0.024,5,5772.155,3279.057
49.36,189.622,0.024,5,5772.314,3279.905
49.37,189.628,0.024,5,5772.473,3280.752
49.38,189.633,0.024,5,5772.633,3281.6
49.39,189.638,0.024,5,5772.792,3282.448
49.4,189.643,0.024,5,5772.951,3283.296
49.41,189.649,0.024,5,5773.11,3284.143
49.42,189.654,0.024,5,5773.269,3284.991
49.43,189.659,0.024,5,5773.428,3285.839
49.44,189.664,0.024,5,5773.587,3286.687
49.45,189.669,0.024,5,5773.745,3287.535
49.46,189.675,0.024,5,5773.904,3288.383
49.47,189.68,0.024,5,5774.062,3289.231
49.48,189.685,0.024,5,5774.221,3290.079
49.49,189.69,0.024,5,5774.379,3290.927
49.5,189.695,0.024,5,5774.538,3291.775
49.51,189.701,0.024,5,5774.696,3292.623
49.52,189.706,0.024,5,5774.854,3293.471
49.53,189.711,0.024,5,5775.012,3294.319
49.54,189.716,0.024,5,5775.17,3295.167
49.55,189.721,0.024,5,5775.328,3296.015
49.56,189.727,0.024,5,5775.486,3296.863
49.57,189.732,0.024,5,5775.644,3297.711
49.58,189.737,0.024,5,5775.802,3298.56
49.59,189.742,0.024,5,5775.959,3299.408
49.6,189.747,0.024,5,5776.117,3300.256
49.61,189.752,0.024,5,5776.274,3301.104
49.62,189.758,0.024,5,5776.432,3301.953
49.63,189.763,0.024,5,5776.589,3302.801
49.64,189.768,0.024,5,5776.747,3303.649
49.65,189.773,0.024,5,5776.904,3304.498
49.66,189.778,0.024,5,5777.061,3305.346
49.67,189.783,0.023,5,5777.218,3306.195
49.68,189.789,0.023,5,5777.375,3307.043
49.69,189.794,0.023,5,5777.532,3307.891
49.7,189.799,0.023,5,5777.689,3308.74
49.71,189.804,0.023,5,5777.845,3309.588
49.72,189.809,0.023,5,5778.002,3310.437
49.73,189.814,0.023,5,5778.159,3311.285
49.74,189.82,0.023,5,5778.315,3312.134
49.75,189.825,0.023,5,5778.472,3312.983
49.76,189.83,0.023,5,5778.628,3313.831
49.77,189.835,0.023,5,5778.784,3314.68
49.78,189.84,0.023,5,5778.941,3315.529
49.79,189.845,0.023,5,5779.097,3316.377
49.8,189.85,0.023,5,5779.253,3317.226
49.81,189.855,0.023,5,5779.409,3318.075
49.82,189.861,0.023,5,5779.565,3318.923
49.83,189.866,0.023,5,5779.721,3319.772
49.84,189.871,0.023,5,5779.876,3320.621
49.85,189.876,0.023,5,5780.032,3321.47
49.86,189.881,0.023,5,5780.188,3322.319
49.87,189.886,0.023,5,5780.343,3323.167
49.88,189.891,0.023,5,5780.499,3324.016
49.89,189.896,0.023,5,5780.654,3324.865
49.9,189.901,0.023,5,5780.81,3325.714
49.91,189.907,0.023,5,5780.965,3326.563
49.92,189.912,0.023,5,5781.12,3327.412
49.93,189.917,0.023,5,5781.275,3328.261
49.94,189.922,0.023,5,5781.43,3329.11
49.95,189.927,0.023,5,5781.585,3329.959
49.96,189.932,0.023,5,5781.74,3330.808
49.97,189.937,0.023,5,5781.895,3331.657
49.98,189.942,0.023,5,5782.05,3332.506
49.99,189.947,0.023,5,5782.204,3333.356
50,189.952,0.023,5,5782.359,3334.205
50.01,189.957,0.023,5,5782.513,3335.054
50.02,189.963,0.023,5,5782.668,3335.903
50.03,189.968,0.023,5,5782.822,3336.752
50.04,189.973,0.023,5,5782.976,3337.602
50.05,189.978,0.023,5,5783.131,3338.451
50.06,189.983,0.023,5,5783.285,3339.3
50.07,189.988,0.023,5,5783.439,3340.15
50.08,189.993,0.023,5,5783.593,3340.999
50.09,189.998,0.023,5,5783.747,3341.848
50.1,190.003,0.023,5,5783.901,3342.698
50.11,190.008,0.023,5,5784.054,3343.547
50.12,190.013,0.023,5,5784.208,3344.397
50.13,190.018,0.023,5,5784.362,3345.246
50.14,190.023,0.023,5,5784.515,3346.095
50.15,190.028,0.023,5,5784.669,3346.945
50.16,190.033,0.023,5,5784.822,3347.794
50.17,190.038,0.023,5,5784.976,3348.644
50.18,190.043,0.023,5,5785.129,3349.494
50.19,190.048,0.023,5,5785.282,3350.343
50.2,190.053,0.023,5,5785.435,3351.193
50.21,190.058,0.023,5,5785.588,3352.042
50.22,190.063,0.023,5,5785.741,3352.892
50.23,190.069,0.023,5,5785.894,3353.742
50.24,190.074,0.023,5,5786.047,3354.591
50.25,190.079,0.023,5,5786.2,3355.441
50.26,190.084,0.023,5,5786.352,3356.291
50.27,190.089,0.023,5,5786.505,3357.141
50.28,190.094,0.023,5,5786.657,3357.99
50.29,190.099,0.023,5,5786.81,3358.84
50.3,190.104,0.023,5,5786.962,3359.69
50.31,190.109,0.023,5,5787.114,3360.54
50.32,190.114,0.023,5,5787.267,3361.39
50.33,190.119,0.023,5,5787.419,3362.24
50.34,190.124,0.023,5,5787.571,3363.09
50.35,190.129,0.023,5,5787.723,3363.94
50.36,190.134,0.023,5,5787.875,3364.79
50.37,190.139,0.023,5,5788.027,3365.64
50.38,190.144,0.023,5,5788.179,3366.49
50.39,190.149,0.023,5,5788.33,3367.34
50.4,190.154,0.023,5,5788.482,3368.19
50.41,190.158,0.023,5,5788.634,3369.04
50.42,190.163,0.023,5,5788.785,3369.89
50.43,190.168,0.023,5,5788.936,3370.74
50.44,190.173,0.023,5,5789.088,3371.59
50.45,190.178,0.023,5,5789.239,3372.44
50.46,190.183,0.023,5,5789.39,3373.291
50.47,190.188,0.023,5,5789.541,3374.141
50.48,190.193,0.023,5,5789.693,3374.991
50.49,190.198,0.023,5,5789.844,3375.841
50.5,190.203,0.023,5,5789.994,3376.692
50.51,190.208,0.023,5,5790.145,3377.542
50.52,190.213,0.023,5,5790.296,3378.392
50.53,190.218,0.023,5,5790.447,3379.243
50.54,190.223,0.023,5,5790.597,3380.093
50.55,190.228,0.023,5,5790.748,3380.943
50.56,190.233,0.023,5,5790.898,3381.794
50.57,190.238,0.023,5,5791.049,3382.644
50.58,190.243,0.022,5,5791.199,3383.495
50.59,190.248,0.022,5,5791.349,3384.345
50.6,190.253,0.022,5,5791.5,3385.196
50.61,190.258,0.022,5,5791.65,3386.046
50.62,190.263,0.022,5,5791.8,3386.897
50.63,190.267,0.022,5,5791.95,3387.747
50.64,190.272,0.022,5,5792.1,3388.598
50.65,190.277,0.022,5,5792.25,3389.448
50.66,190.282,0.022,5,5792.399,3390.299
50.67,190.287,0.022,5,5792.549,3391.15
50.68,190.292,0.022,5,5792.699,3392
50.69,190.297,0.022,5,5792.848,3392.851
50.7,190.302,0.022,5,5792.998,3393.702
50.71,190.307,0.022,5,5793.147,3394.553
50.72,190.312,0.022,5,5793.296,3395.403
50.73,190.317,0.022,5,5793.446,3396.254
50.74,190.321,0.022,5,5793.595,3397.105
50.75,190.326,0.022,5,5793.744,3397.956
50.76,190.331,0.022,5,5793.893,3398.807
50.77,190.336,0.022,5,5794.042,3399.658
50.78,190.341,0.022,5,5794.191,3400.508
50.79,190.346,0.022,5,5794.34,3401.359
50.8,190.351,0.022,5,5794.489,3402.21
50.81,190.356,0.022,5,5794.637,3403.061
50.82,190.361,0.022,5,5794.786,3403.912
50.83,190.365,0.022,5,5794.934,3404.763
50.84,190.37,0.022,5,5795.083,3405.614
50.85,190.375,0.022,5,5795.231,3406.465
50.86,190.38,0.022,5,5795.38,3407.316
50.87,190.385,0.022,5,5795.528,3408.168
50.88,190.39,0.022,5,5795.676,3409.019
50.89,190.395,0.022,5,5795.824,3409.87
50.9,190.4,0.022,5,5795.972,3410.721
50.91,190.404,0.022,5,5796.12,3411.572
50.92,190.409,0.022,5,5796.268,3412.423
50.93,190.414,0.022,5,5796.416,3413.275
50.94,190.419,0.022,5,5796.564,3414.126
50.95,190.424,0.022,5,5796.711,3414.977
50.96,190.429,0.022,5,5796.859,3415.828
50.97,190.434,0.022,5,5797.007,3416.68
50.98,190.438,0.022,5,5797.154,3417.531
50.99,190.443,0.022,5,5797.301,3418.382
51,190.448,0.022,5,5797.449,3419.234
51.01,190.453,0.022,5,5797.596,3420.085
51.02,190.458,0.022,5,5797.743,3420.937
51.03,190.463,0.022,5,5797.89,3421.788
51.04,190.467,0.022,5,5798.037,3422.639
51.05,190.472,0.022,5,5798.184,3423.491
51.06,190.477,0.022,5,5798.331,3424.342
51.07,190.482,0.022,5,5798.478,3425.194
51.08,190.487,0.022,5,5798.625,3426.046
51.09,190.492,0.022,5,5798.772,3426.897
51.1,190.496,0.022,5,5798.918,3427.749
51.11,190.501,0.022,5,5799.065,3428.6
51.12,190.506,0.022,5,5799.211,3429.452
51.13,190.511,0.022,5,5799.358,3430.304
51.14,190.516,0.022,5,5799.504,3431.155
51.15,190.52,0.022,5,5799.65,3432.007
51.16,190.525,0.022,5,5799.797,3432.859
51.17,190.53,0.022,5,5799.943,3433.71
51.18,190.535,0.022,5,5800.089,3434.562
51.19,190.54,0.022,5,5800.235,3435.414
51.2,190.544,0.022,5,5800.381,3436.266
51.21,190.549,0.022,5,5800.527,3437.118
51.22,190.554,0.022,5,5800.672,3437.97
51.23,190.559,0.022,5,5800.818,3438.821
51.24,190.564,0.022,5,5800.964,3439.673
51.25,190.568,0.022,5,5801.109,3440.525
51.26,190.573,0.022,5,5801.255,3441.377
51.27,190.578,0.022,5,5801.4,3442.229
51.28,190.583,0.022,5,5801.546,3443.081
51.29,190.587,0.022,5,5801.691,3443.933
51.3,190.592,0.022,5,5801.836,3444.785
51.31,190.597,0.022,5,5801.981,3445.637
51.32,190.602,0.022,5,5802.126,3446.489
51.33,190.607,0.022,5,5802.271,3447.341
51.34,190.611,0.022,5,5802.416,3448.193
51.35,190.616,0.022,5,5802.561,3449.046
51.36,190.621,0.022,5,5802.706,3449.898
51.37,190.626,0.022,5,5802.851,3450.75
51.38,190.63,0.022,5,5802.995,3451.602
51.39,190.635,0.022,5,5803.14,3452.454
51.4,190.64,0.022,5,5803.285,3453.306
51.41,190.645,0.022,5,5803.429,3454.159
51.42,190.649,0.022,5,5803.573,3455.011
51.43,190.654,0.022,5,5803.718,3455.863
51.44,190.659,0.022,5,5803.862,3456.716
51.45,190.663,0.022,5,5804.006,3457.568
51.46,190.668,0.022,5,5804.15,3458.42
51.47,190.673,0.022,5,5804.294,3459.273
51.48,190.678,0.022,5,5804.438,3460.125
51.49,190.682,0.022,5,5804.582,3460.978
51.5,190.687,0.022,5,5804.726,3461.83
51.51,190.692,0.022,5,5804.87,3462.682
51.52,190.697,0.022,5,5805.013,3463.535
51.53,190.701,0.021,5,5805.157,3464.387
51.54,190.706,0.021,5,5805.301,3465.24
51.55,190.711,0.021,5,5805.444,3466.093
51.56,190.715,0.021,5,5805.588,3466.945
51.57,190.72,0.021,5,5805.731,3467.798
51.58,190.725,0.021,5,5805.874,3468.65
51.59,190.73,0.021,5,5806.017,3469.503
51.6,190.734,0.021,5,5806.16,3470.356
51.61,190.739,0.021,5,5806.304,3471.208
51.62,190.744,0.021,5,5806.447,3472.061
51.63,190.748,0.021,5,5806.589,3472.914
51.64,190.753,0.021,5,5806.732,3473.766
51.65,190.758,0.021,5,5806.875,3474.619
51.66,190.762,0.021,5,5807.018,3475.472
51.67,190.767,0.021,5,5807.161,3476.325
51.68,190.772,0.021,5,5807.303,3477.178
51.69,190.776,0.021,5,5807.446,3478.03
51.7,190.781,0.021,5,5807.588,3478.883
51.71,190.786,0.021,5,5807.73,3479.736
51.72,190.791,0.021,5,5807.873,3480.589
51.73,190.795,0.021,5,5808.015,3481.442
51.74,190.8,0.021,5,5808.157,3482.295
51.75,190.805,0.021,5,5808.299,3483.148
51.76,190.809,0.021,5,5808.441,3484.001
51.77,190.814,0.021,5,5808.583,3484.854
51.78,190.819,0.021,5,5808.725,3485.707
51.79,190.823,0.021,5,5808.867,3486.56
51.8,190.828,0.021,5,5809.009,3487.413
51.81,190.832,0.021,5,5809.151,3488.266
51.82,190.837,0.021,5,5809.292,3489.119
51.83,190.842,0.021,5,5809.434,3489.973
51.84,190.846,0.021,5,5809.575,3490.826
51.85,190.851,0.021,5,5809.717,3491.679
51.86,190.856,0.021,5,5809.858,3492.532
51.87,190.86,0.021,5,5809.999,3493.385
51.88,190.865,0.021,5,5810.141,3494.239
51.89,190.87,0.021,5,5810.282,3495.092
51.9,190.874,0.021,5,5810.423,3495.945
51.91,190.879,0.021,5,5810.564,3496.798
51.92,190.884,0.021,5,5810.705,3497.652
51.93,190.888,0.021,5,5810.846,3498.505
51.94,190.893,0.021,5,5810.986,3499.358
51.95,190.897,0.021,5,5811.127,3500.212
51.96,190.902,0.021,5,5811.268,3501.065
51.97,190.907,0.021,5,5811.408,3501.919
51.98,190.911,0.021,5,5811.549,3502.772
51.99,190.916,0.021,5,5811.69,3503.626
52,190.921,0.021,5,5811.83,3504.479
52.01,190.925,0.021,5,5811.97,3505.333
52.02,190.93,0.021,5,5812.111,3506.186
52.03,190.934,0.021,5,5812.251,3507.04
52.04,190.939,0.021,5,5812.391,3507.893
52.05,190.944,0.021,5,5812.531,3508.747
52.06,190.948,0.021,5,5812.671,3509.6
52.07,190.953,0.021,5,5812.811,3510.454
52.08,190.957,0.021,5,5812.951,3511.308
52.09,190.962,0.021,5,5813.091,3512.161
52.1,190.967,0.021,5,5813.23,3513.015
52.11,190.971,0.021,5,5813.37,3513.869
52.12,190.976,0.021,5,5813.51,3514.723
52.13,190.98,0.021,5,5813.649,3515.576
52.14,190.985,0.021,5,5813.789,3516.43
52.15,190.989,0.021,5,5813.928,3517.284
52.16,190.994,0.021,5,5814.067,3518.138
52.17,190.999,0.021,5,5814.206,3518.992
52.18,191.003,0.021,5,5814.346,3519.845
52.19,191.008,0.021,5,5814.485,3520.699
52.2,191.012,0.021,5,5814.624,3521.553
52.21,191.017,0.021,5,5814.763,3522.407
52.22,191.021,0.021,5,5814.902,3523.261
52.23,191.026,0.021,5,5815.041,3524.115
52.24,191.031,0.021,5,5815.179,3524.969
52.25,191.035,0.021,5,5815.318,3525.823
52.26,191.04,0.021,5,5815.457,3526.677
52.27,191.044,0.021,5,5815.595,3527.531
52.28,191.049,0.021,5,5815.734,3528.385
52.29,191.053,0.021,5,5815.872,3529.239
52.3,191.058,0.021,5,5816.011,3530.093
52.31,191.062,0.021,5,5816.149,3530.947
52.32,191.067,0.021,5,5816.287,3531.802
52.33,191.071,0.021,5,5816.426,3532.656
52.34,191.076,0.021,5,5816.564,3533.51
52.35,191.081,0.021,5,5816.702,3534.364
52.36,191.085,0.021,5,5816.84,3535.218
52.37,191.09,0.021,5,5816.978,3536.073
52.38,191.094,0.021,5,5817.115,3536.927
52.39,191.099,0.021,5,5817.253,3537.781
52.4,191.103,0.021,5,5817.391,3538.635
52.41,191.108,0.021,5,5817.529,3539.49
52.42,191.112,0.021,5,5817.666,3540.344
52.43,191.117,0.021,5,5817.804,3541.198
52.44,191.121,0.021,5,5817.941,3542.053
52.45,191.126,0.021,5,5818.079,3542.907
52.46,191.13,0.021,5,5818.216,3543.762
52.47,191.135,0.021,5,5818.353,3544.616
52.48,191.139,0.021,5,5818.49,3545.471
52.49,191.144,0.021,5,5818.628,3546.325
52.5,191.148,0.021,5,5818.765,3547.18
52.51,191.153,0.02,5,5818.902,3548.034
52.52,191.157,0.02,5,5819.038,3548.889
52.53,191.162,0.02,5,5819.175,3549.743
52.54,191.166,0.02,5,5819.312,3550.598
52.55,191.171,0.02,5,5819.449,3551.452
52.56,191.175,0.02,5,5819.586,3552.307
52.57,191.18,0.02,5,5819.722,3553.162
52.58,191.184,0.02,5,5819.859,3554.016
52.59,191.189,0.02,5,5819.995,3554.871
52.6,191.193,0.02,5,5820.132,3555.726
52.61,191.198,0.02,5,5820.268,3556.58
52.62,191.202,0.02,5,5820.404,3557.435
52.63,191.207,0.02,5,5820.54,3558.29
52.64,191.211,0.02,5,5820.676,3559.145
52.65,191.216,0.02,5,5820.813,3560
52.66,191.22,0.02,5,5820.949,3560.854
52.67,191.225,0.02,5,5821.084,3561.709
52.68,191.229,0.02,5,5821.22,3562.564
52.69,191.233,0.02,5,5821.356,3563.419
52.7,191.238,0.02,5,5821.492,3564.274
52.71,191.242,0.02,5,5821.628,3565.129
52.72,191.247,0.02,5,5821.763,3565.984
52.73,191.251,0.02,5,5821.899,3566.839
52.74,191.256,0.02,5,5822.034,3567.694
52.75,191.26,0.02,5,5822.17,3568.549
52.76,191.265,0.02,5,5822.305,3569.404
52.77,191.269,0.02,5,5822.44,3570.259
52.78,191.274,0.02,5,5822.575,3571.114
52.79,191.278,0.02,5,5822.711,3571.969
52.8,191.282,0.02,5,5822.846,3572.824
52.81,191.287,0.02,5,5822.981,3573.679
52.82,191.291,0.02,5,5823.116,3574.534
52.83,191.296,0.02,5,5823.251,3575.39
52.84,191.3,0.02,5,5823.385,3576.245
52.85,191.305,0.02,5,5823.52,3577.1
52.86,191.309,0.02,5,5823.655,3577.955
52.87,191.313,0.02,5,5823.789,3578.81
52.88,191.318,0.02,5,5823.924,3579.666
52.89,191.322,0.02,5,5824.059,3580.521
52.9,191.327,0.02,5,5824.193,3581.376
52.91,191.331,0.02,5,5824.327,3582.232
52.92,191.335,0.02,5,5824.462,3583.087
52.93,191.34,0.02,5,5824.596,3583.942
52.94,191.344,0.02,5,5824.73,3584.798
52.95,191.349,0.02,5,5824.864,3585.653
52.96,191.353,0.02,5,5824.998,3586.509
52.97,191.357,0.02,5,5825.132,3587.364
52.98,191.362,0.02,5,5825.266,3588.219
52.99,191.366,0.02,5,5825.4,3589.075
53,191.371,0.02,5,5825.534,3589.93
53.01,191.375,0.02,5,5825.667,3590.786
53.02,191.379,0.02,5,5825.801,3591.641
53.03,191.384,0.02,5,5825.935,3592.497
53.04,191.388,0.02,5,5826.068,3593.353
53.05,191.393,0.02,5,5826.202,3594.208
53.06,191.397,0.02,5,5826.335,3595.064
53.07,191.401,0.02,5,5826.468,3595.919
53.08,191.406,0.02,5,5826.602,3596.775
53.09,191.41,0.02,5,5826.735,3597.631
53.1,191.415,0.02,5,5826.868,3598.487
53.11,191.419,0.02,5,5827.001,3599.342
53.12,191.423,0.02,5,5827.134,3600.198
53.13,191.428,0.02,5,5827.267,3601.054
53.14,191.432,0.02,5,5827.4,3601.91
53.15,191.436,0.02,5,5827.533,3602.765
53.16,191.441,0.02,5,5827.666,3603.621
53.17,191.445,0.02,5,5827.798,3604.477
53.18,191.449,0.02,5,5827.931,3605.333
53.19,191.454,0.02,5,5828.063,3606.189
53.2,191.458,0.02,5,5828.196,3607.045
53.21,191.462,0.02,5,5828.328,3607.9
53.22,191.467,0.02,5,5828.461,3608.756
53.23,191.471,0.02,5,5828.593,3609.612
53.24,191.476,0.02,5,5828.725,3610.468
53.25,191.48,0.02,5,5828.858,3611.324
53.26,191.484,0.02,5,5828.99,3612.18
53.27,191.489,0.02,5,5829.122,3613.036
53.28,191.493,0.02,5,5829.254,3613.892
53.29,191.497,0.02,5,5829.386,3614.748
53.3,191.502,0.02,5,5829.517,3615.605
53.31,191.506,0.02,5,5829.649,3616.461
53.32,191.51,0.02,5,5829.781,3617.317
53.33,191.515,0.02,5,5829.913,3618.173
53.34,191.519,0.02,5,5830.044,3619.029
53.35,191.523,0.02,5,5830.176,3619.885
53.36,191.527,0.02,5,5830.307,3620.742
53.37,191.532,0.02,5,5830.439,3621.598
53.38,191.536,0.02,5,5830.57,3622.454
53.39,191.54,0.02,5,5830.701,3623.31
53.4,191.545,0.02,5,5830.833,3624.167
53.41,191.549,0.02,5,5830.964,3625.023
53.42,191.553,0.02,5,5831.095,3625.879
53.43,191.558,0.02,5,5831.226,3626.735
53.44,191.562,0.02,5,5831.357,3627.592
53.45,191.566,0.02,5,5831.488,3628.448
53.46,191.571,0.02,5,5831.619,3629.305
53.47,191.575,0.02,5,5831.749,3630.161
53.48,191.579,0.02,5,5831.88,3631.017
53.49,191.583,0.02,5,5832.011,3631.874
53.5,191.588,0.02,5,5832.141,3632.73
53.51,191.592,0.02,5,5832.272,3633.587
53.52,191.596,0.02,5,5832.402,3634.443
53.53,191.601,0.02,5,5832.533,3635.3
53.54,191.605,0.02,5,5832.663,3636.156
53.55,191.609,0.019,5,5832.793,3637.013
53.56,191.613,0.019,5,5832.924,3637.87
53.57,191.618,0.019,5,5833.054,3638.726
53.58,191.622,0.019,5,5833.184,3639.583
53.59,191.626,0.019,5,5833.314,3640.439
53.6,191.631,0.019,5,5833.444,3641.296
53.61,191.635,0.019,5,5833.574,3642.153
53.62,191.639,0.019,5,5833.703,3643.01
53.63,191.643,0.019,5,5833.833,3643.866
53.64,191.648,0.019,5,5833.963,3644.723
53.65,191.652,0.019,5,5834.093,3645.58
53.66,191.656,0.019,5,5834.222,3646.437
53.67,191.66,0.019,5,5834.352,3647.293
53.68,191.665,0.019,5,5834.481,3648.15
53.69,191.669,0.019,5,5834.611,3649.007
53.7,191.673,0.019,5,5834.74,3649.864
53.71,191.677,0.019,5,5834.869,3650.721
53.72,191.682,0.019,5,5834.998,3651.578
53.73,191.686,0.019,5,5835.127,3652.435
53.74,191.69,0.019,5,5835.257,3653.291
53.75,191.694,0.019,5,5835.386,3654.148
53.76,191.699,0.019,5,5835.515,3655.005
53.77,191.703,0.019,5,5835.643,3655.862
53.78,191.707,0.019,5,5835.772,3656.719
53.79,191.711,0.019,5,5835.901,3657.576
53.8,191.715,0.019,5,5836.03,3658.433
53.81,191.72,0.019,5,5836.158,3659.29
53.82,191.724,0.019,5,5836.287,3660.148
53.83,191.728,0.019,5,5836.415,3661.005
53.84,191.732,0.019,5,5836.544,3661.862
53.85,191.737,0.019,5,5836.672,3662.719
53.86,191.741,0.019,5,5836.801,3663.576
53.87,191.745,0.019,5,5836.929,3664.433
53.88,191.749,0.019,5,5837.057,3665.29
53.89,191.753,0.019,5,5837.185,3666.148
53.9,191.758,0.019,5,5837.313,3667.005
53.91,191.762,0.019,5,5837.441,3667.862
53.92,191.766,0.019,5,5837.569,3668.719
53.93,191.77,0.019,5,5837.697,3669.577
53.94,191.774,0.019,5,5837.825,3670.434
53.95,191.779,0.019,5,5837.953,3671.291
53.96,191.783,0.019,5,5838.081,3672.149
53.97,191.787,0.019,5,5838.208,3673.006
53.98,191.791,0.019,5,5838.336,3673.863
53.99,191.795,0.019,5,5838.463,3674.721
54,191.8,0.019,5,5838.591,3675.578
54.01,191.804,0.019,5,5838.718,3676.436
54.02,191.808,0.019,5,5838.846,3677.293
54.03,191.812,0.019,5,5838.973,3678.151
54.04,191.816,0.019,5,5839.1,3679.008
54.05,191.821,0.019,5,5839.227,3679.866
54.06,191.825,0.019,5,5839.354,3680.723
54.07,191.829,0.019,5,5839.481,3681.581
54.08,191.833,0.019,5,5839.608,3682.438
54.09,191.837,0.019,5,5839.735,3683.296
54.1,191.841,0.019,5,5839.862,3684.153
54.11,191.846,0.019,5,5839.989,3685.011
54.12,191.85,0.019,5,5840.116,3685.869
54.13,191.854,0.019,5,5840.242,3686.726
54.14,191.858,0.019,5,5840.369,3687.584
54.15,191.862,0.019,5,5840.495,3688.442
54.16,191.866,0.019,5,5840.622,3689.299
54.17,191.87,0.019,5,5840.748,3690.157
54.18,191.875,0.019,5,5840.875,3691.015
54.19,191.879,0.019,5,5841.001,3691.873
54.2,191.883,0.019,5,5841.127,3692.731
54.21,191.887,0.019,5,5841.253,3693.588
54.22,191.891,0.019,5,5841.379,3694.446
54.23,191.895,0.019,5,5841.506,3695.304
54.24,191.899,0.019,5,5841.632,3696.162
54.25,191.904,0.019,5,5841.757,3697.02
54.26,191.908,0.019,5,5841.883,3697.878
54.27,191.912,0.019,5,5842.009,3698.736
54.28,191.916,0.019,5,5842.135,3699.594
54.29,191.92,0.019,5,5842.261,3700.452
54.3,191.924,0.019,5,5842.386,3701.309
54.31,191.928,0.019,5,5842.512,3702.167
54.32,191.933,0.019,5,5842.637,3703.026
54.33,191.937,0.019,5,5842.763,3703.884
54.34,191.941,0.019,5,5842.888,3704.742
54.35,191.945,0.019,5,5843.013,3705.6
54.36,191.949,0.019,5,5843.139,3706.458
54.37,191.953,0.019,5,5843.264,3707.316
54.38,191.957,0.019,5,5843.389,3708.174
54.39,191.961,0.019,5,5843.514,3709.032
54.4,191.965,0.019,5,5843.639,3709.89
54.41,191.97,0.019,5,5843.764,3710.748
54.42,191.974,0.019,5,5843.889,3711.607
54.43,191.978,0.019,5,5844.014,3712.465
54.44,191.982,0.019,5,5844.139,3713.323
54.45,191.986,0.019,5,5844.263,3714.181
54.46,191.99,0.019,5,5844.388,3715.04
54.47,191.994,0.019,5,5844.513,3715.898
54.48,191.998,0.019,5,5844.637,3716.756
54.49,192.002,0.019,5,5844.762,3717.615
54.5,192.006,0.019,5,5844.886,3718.473
54.51,192.01,0.019,5,5845.01,3719.331
54.52,192.015,0.019,5,5845.135,3720.19
54.53,192.019,0.019,5,5845.259,3721.048
54.54,192.023,0.019,5,5845.383,3721.906
54.55,192.027,0.019,5,5845.507,3722.765
54.56,192.031,0.019,5,5845.631,3723.623
54.57,192.035,0.019,5,5845.755,3724.482
54.58,192.039,0.019,5,5845.879,3725.34
54.59,192.043,0.019,5,5846.003,3726.199
54.6,192.047,0.019,5,5846.127,3727.057
54.61,192.051,0.019,5,5846.25,3727.916
54.62,192.055,0.019,5,5846.374,3728.774
54.63,192.059,0.018,5,5846.498,3729.633
54.64,192.063,0.018,5,5846.621,3730.492
54.65,192.067,0.018,5,5846.745,3731.35
54.66,192.072,0.018,5,5846.868,3732.209
54.67,192.076,0.018,5,5846.992,3733.068
54.68,192.08,0.018,5,5847.115,3733.926
54.69,192.084,0.018,5,5847.238,3734.785
54.7,192.088,0.018,5,5847.362,3735.644
54.71,192.092,0.018,5,5847.485,3736.502
54.72,192.096,0.018,5,5847.608,3737.361
54.73,192.1,0.018,5,5847.731,3738.22
54.74,192.104,0.018,5,5847.854,3739.079
54.75,192.108,0.018,5,5847.977,3739.937
54.76,192.112,0.018,5,5848.1,3740.796
54.77,192.116,0.018,5,5848.222,3741.655
54.78,192.12,0.018,5,5848.345,3742.514
54.79,192.124,0.018,5,5848.468,3743.373
54.8,192.128,0.018,5,5848.59,3744.232
54.81,192.132,0.018,5,5848.713,3745.091
54.82,192.136,0.018,5,5848.835,3745.949
54.83,192.14,0.018,5,5848.958,3746.808
54.84,192.144,0.018,5,5849.08,3747.667
54.85,192.148,0.018,5,5849.203,3748.526
54.86,192.152,0.018,5,5849.325,3749.385
54.87,192.156,0.018,5,5849.447,3750.244
54.88,192.16,0.018,5,5849.569,3751.103
54.89,192.164,0.018,5,5849.691,3751.962
54.9,192.168,0.018,5,5849.813,3752.822
54.91,192.172,0.018,5,5849.935,3753.681
54.92,192.176,0.018,5,5850.057,3754.54
54.93,192.18,0.018,5,5850.179,3755.399
54.94,192.184,0.018,5,5850.301,3756.258
54.95,192.188,0.018,5,5850.422,3757.117
54.96,192.192,0.018,5,5850.544,3757.976
54.97,192.196,0.018,5,5850.666,3758.836
54.98,192.2,0.018,5,5850.787,3759.695
54.99,192.204,0.018,5,5850.909,3760.554
55,192.208,0.018,5,5851.03,3761.413
55.01,192.212,0.018,5,5851.152,3762.272
55.02,192.216,0.018,5,5851.273,3763.132
55.03,192.22,0.018,5,5851.394,3763.991
55.04,192.224,0.018,5,5851.515,3764.85
55.05,192.228,0.018,5,5851.636,3765.71
55.06,192.232,0.018,5,5851.758,3766.569
55.07,192.236,0.018,5,5851.879,3767.428
55.08,192.24,0.018,5,5851.999,3768.288
55.09,192.244,0.018,5,5852.12,3769.147
55.1,192.248,0.018,5,5852.241,3770.007
55.11,192.252,0.018,5,5852.362,3770.866
55.12,192.256,0.018,5,5852.483,3771.726
55.13,192.26,0.018,5,5852.603,3772.585
55.14,192.264,0.018,5,5852.724,3773.445
55.15,192.268,0.018,5,5852.845,3774.304
55.16,192.272,0.018,5,5852.965,3775.164
55.17,192.276,0.018,5,5853.085,3776.023
55.18,192.28,0.018,5,5853.206,3776.883
55.19,192.284,0.018,5,5853.326,3777.742
55.2,192.288,0.018,5,5853.446,3778.602
55.21,192.292,0.018,5,5853.567,3779.461
55.22,192.296,0.018,5,5853.687,3780.321
55.23,192.299,0.018,5,5853.807,3781.181
55.24,192.303,0.018,5,5853.927,3782.04
55.25,192.307,0.018,5,5854.047,3782.9
55.26,192.311,0.018,5,5854.167,3783.76
55.27,192.315,0.018,5,5854.287,3784.62
55.28,192.319,0.018,5,5854.406,3785.479
55.29,192.323,0.018,5,5854.526,3786.339
55.3,192.327,0.018,5,5854.646,3787.199
55.31,192.331,0.018,5,5854.765,3788.059
55.32,192.335,0.018,5,5854.885,3788.918
55.33,192.339,0.018,5,5855.004,3789.778
55.34,192.343,0.018,5,5855.124,3790.638
55.35,192.347,0.018,5,5855.243,3791.498
55.36,192.351,0.018,5,5855.363,3792.358
55.37,192.354,0.018,5,5855.482,3793.218
55.38,192.358,0.018,5,5855.601,3794.078
55.39,192.362,0.018,5,5855.72,3794.938
55.4,192.366,0.018,5,5855.839,3795.798
55.41,192.37,0.018,5,5855.958,3796.658
55.42,192.374,0.018,5,5856.077,3797.518
55.43,192.378,0.018,5,5856.196,3798.378
55.44,192.382,0.018,5,5856.315,3799.238
55.45,192.386,0.018,5,5856.434,3800.098
55.46,192.39,0.018,5,5856.553,3800.958
55.47,192.394,0.018,5,5856.671,3801.818
55.48,192.397,0.018,5,5856.79,3802.678
55.49,192.401,0.018,5,5856.909,3803.538
55.5,192.405,0.018,5,5857.027,3804.398
55.51,192.409,0.018,5,5857.146,3805.258
55.52,192.413,0.018,5,5857.264,3806.118
55.53,192.417,0.018,5,5857.382,3806.979
55.54,192.421,0.018,5,5857.501,3807.839
55.55,192.425,0.018,5,5857.619,3808.699
55.56,192.429,0.018,5,5857.737,3809.559
55.57,192.432,0.018,5,5857.855,3810.419
55.58,192.436,0.018,5,5857.973,3811.28
55.59,192.44,0.018,5,5858.091,3812.14
55.6,192.444,0.018,5,5858.209,3813
55.61,192.448,0.018,5,5858.327,3813.861
55.62,192.452,0.018,5,5858.445,3814.721
55.63,192.456,0.018,5,5858.563,3815.581
55.64,192.46,0.018,5,5858.68,3816.442
55.65,192.463,0.018,5,5858.798,3817.302
55.66,192.467,0.018,5,5858.915,3818.162
55.67,192.471,0.018,5,5859.033,3819.023
55.68,192.475,0.018,5,5859.15,3819.883
55.69,192.479,0.018,5,5859.268,3820.744
55.7,192.483,0.018,5,5859.385,3821.604
55.71,192.487,0.018,5,5859.503,3822.465
55.72,192.49,0.018,5,5859.62,3823.325
55.73,192.494,0.018,5,5859.737,3824.186
55.74,192.498,0.018,5,5859.854,3825.046
55.75,192.502,0.018,5,5859.971,3825.907
55.76,192.506,0.018,5,5860.088,3826.767
55.77,192.51,0.018,5,5860.205,3827.628
55.78,192.513,0.017,5,5860.322,3828.489
55.79,192.517,0.017,5,5860.439,3829.349
55.8,192.521,0.017,5,5860.556,3830.21
55.81,192.525,0.017,5,5860.673,3831.071
55.82,192.529,0.017,5,5860.789,3831.931
55.83,192.533,0.017,5,5860.906,3832.792
55.84,192.536,0.017,5,5861.022,3833.653
55.85,192.54,0.017,5,5861.139,3834.513
55.86,192.544,0.017,5,5861.255,3835.374
55.87,192.548,0.017,5,5861.372,3836.235
55.88,192.552,0.017,5,5861.488,3837.096
55.89,192.556,0.017,5,5861.604,3837.956
55.9,192.559,0.017,5,5861.721,3838.817
55.91,192.563,0.017,5,5861.837,3839.678
55.92,192.567,0.017,5,5861.953,3840.539
55.93,192.571,0.017,5,5862.069,3841.4
55.94,192.575,0.017,5,5862.185,3842.261
55.95,192.578,0.017,5,5862.301,3843.122
55.96,192.582,0.017,5,5862.417,3843.983
55.97,192.586,0.017,5,5862.533,3844.844
55.98,192.59,0.017,5,5862.649,3845.704
55.99,192.594,0.017,5,5862.764,3846.565
56,192.598,0.017,5,5862.88,3847.426
56.01,192.601,0.017,5,5862.996,3848.287
56.02,192.605,0.017,5,5863.111,3849.148
56.03,192.609,0.017,5,5863.227,3850.009
56.04,192.613,0.017,5,5863.342,3850.871
56.05,192.616,0.017,5,5863.457,3851.732
56.06,192.62,0.017,5,5863.573,3852.593
56.07,192.624,0.017,5,5863.688,3853.454
56.08,192.628,0.017,5,5863.803,3854.315
56.09,192.632,0.017,5,5863.918,3855.176
56.1,192.635,0.017,5,5864.033,3856.037
56.11,192.639,0.017,5,5864.149,3856.898
56.12,192.643,0.017,5,5864.264,3857.76
56.13,192.647,0.017,5,5864.378,3858.621
56.14,192.651,0.017,5,5864.493,3859.482
56.15,192.654,0.017,5,5864.608,3860.343
56.16,192.658,0.017,5,5864.723,3861.204
56.17,192.662,0.017,5,5864.838,3862.066
56.18,192.666,0.017,5,5864.952,3862.927
56.19,192.669,0.017,5,5865.067,3863.788
56.2,192.673,0.017,5,5865.181,3864.65
56.21,192.677,0.017,5,5865.296,3865.511
56.22,192.681,0.017,5,5865.41,3866.372
56.23,192.684,0.017,5,5865.525,3867.234
56.24,192.688,0.017,5,5865.639,3868.095
56.25,192.692,0.017,5,5865.753,3868.957
56.26,192.696,0.017,5,5865.868,3869.818
56.27,192.699,0.017,5,5865.982,3870.679
56.28,192.703,0.017,5,5866.096,3871.541
56.29,192.707,0.017,5,5866.21,3872.402
56.3,192.711,0.017,5,5866.324,3873.264
56.31,192.714,0.017,5,5866.438,3874.125
56.32,192.718,0.017,5,5866.552,3874.987
56.33,192.722,0.017,5,5866.666,3875.848
56.34,192.726,0.017,5,5866.779,3876.71
56.35,192.729,0.017,5,5866.893,3877.572
56.36,192.733,0.017,5,5867.007,3878.433
56.37,192.737,0.017,5,5867.12,3879.295
56.38,192.741,0.017,5,5867.234,3880.156
56.39,192.744,0.017,5,5867.347,3881.018
56.4,192.748,0.017,5,5867.461,3881.88
56.41,192.752,0.017,5,5867.574,3882.741
56.42,192.755,0.017,5,5867.687,3883.603
56.43,192.759,0.017,5,5867.801,3884.465
56.44,192.763,0.017,5,5867.914,3885.327
56.45,192.767,0.017,5,5868.027,3886.188
56.46,192.77,0.017,5,5868.14,3887.05
56.47,192.774,0.017,5,5868.253,3887.912
56.48,192.778,0.017,5,5868.366,3888.774
56.49,192.781,0.017,5,5868.479,3889.635
56.5,192.785,0.017,5,5868.592,3890.497
56.51,192.789,0.017,5,5868.705,3891.359
56.52,192.793,0.017,5,5868.818,3892.221
56.53,192.796,0.017,5,5868.93,3893.083
56.54,192.8,0.017,5,5869.043,3893.945
56.55,192.804,0.017,5,5869.156,3894.807
56.56,192.807,0.017,5,5869.268,3895.669
56.57,192.811,0.017,5,5869.381,3896.53
56.58,192.815,0.017,5,5869.493,3897.392
56.59,192.818,0.017,5,5869.606,3898.254
56.6,192.822,0.017,5,5869.718,3899.116
56.61,192.826,0.017,5,5869.83,3899.978
56.62,192.83,0.017,5,5869.942,3900.84
56.63,192.833,0.017,5,5870.055,3901.702
56.64,192.837,0.017,5,5870.167,3902.565
56.65,192.841,0.017,5,5870.279,3903.427
56.66,192.844,0.017,5,5870.391,3904.289
56.67,192.848,0.017,5,5870.503,3905.151
56.68,192.852,0.017,5,5870.615,3906.013
56.69,192.855,0.017,5,5870.726,3906.875
56.7,192.859,0.017,5,5870.838,3907.737
56.71,192.863,0.017,5,5870.95,3908.599
56.72,192.866,0.017,5,5871.062,3909.462
56.73,192.87,0.017,5,5871.173,3910.324
56.74,192.874,0.017,5,5871.285,3911.186
56.75,192.877,0.017,5,5871.396,3912.048
56.76,192.881,0.017,5,5871.508,3912.91
56.77,192.885,0.017,5,5871.619,3913.773
56.78,192.888,0.017,5,5871.731,3914.635
56.79,192.892,0.017,5,5871.842,3915.497
56.8,192.896,0.017,5,5871.953,3916.36
56.81,192.899,0.017,5,5872.064,3917.222
56.82,192.903,0.017,5,5872.176,3918.084
56.83,192.907,0.017,5,5872.287,3918.947
56.84,192.91,0.017,5,5872.398,3919.809
56.85,192.914,0.017,5,5872.509,3920.671
56.86,192.917,0.017,5,5872.62,3921.534
56.87,192.921,0.017,5,5872.73,3922.396
56.88,192.925,0.017,5,5872.841,3923.259
56.89,192.928,0.017,5,5872.952,3924.121
56.9,192.932,0.017,5,5873.063,3924.984
56.91,192.936,0.017,5,5873.173,3925.846
56.92,192.939,0.017,5,5873.284,3926.709
56.93,192.943,0.017,5,5873.394,3927.571
56.94,192.947,0.017,5,5873.505,3928.434
56.95,192.95,0.017,5,5873.615,3929.296
56.96,192.954,0.017,5,5873.726,3930.159
56.97,192.957,0.017,5,5873.836,3931.022
56.98,192.961,0.017,5,5873.946,3931.884
56.99,192.965,0.016,5,5874.057,3932.747
57,192.968,0.016,5,5874.167,3933.609
57.01,192.972,0.016,5,5874.277,3934.472
57.02,192.976,0.016,5,5874.387,3935.335
57.03,192.979,0.016,5,5874.497,3936.197
57.04,192.983,0.016,5,5874.607,3937.06
57.05,192.986,0.016,5,5874.717,3937.923
57.06,192.99,0.016,5,5874.827,3938.786
57.07,192.994,0.016,5,5874.936,3939.648
57.08,192.997,0.016,5,5875.046,3940.511
57.09,193.001,0.016,5,5875.156,3941.374
57.1,193.004,0.016,5,5875.266,3942.237
57.11,193.008,0.016,5,5875.375,3943.1
57.12,193.012,0.016,5,5875.485,3943.962
57.13,193.015,0.016,5,5875.594,3944.825
57.14,193.019,0.016,5,5875.704,3945.688
57.15,193.022,0.016,5,5875.813,3946.551
57.16,193.026,0.016,5,5875.922,3947.414
57.17,193.03,0.016,5,5876.031,3948.277
57.18,193.033,0.016,5,5876.141,3949.14
57.19,193.037,0.016,5,5876.25,3950.003
57.2,193.04,0.016,5,5876.359,3950.866
57.21,193.044,0.016,5,5876.468,3951.729
57.22,193.047,0.016,5,5876.577,3952.592
57.23,193.051,0.016,5,5876.686,3953.455
57.24,193.055,0.016,5,5876.795,3954.318
57.25,193.058,0.016,5,5876.904,3955.181
57.26,193.062,0.016,5,5877.012,3956.044
57.27,193.065,0.016,5,5877.121,3956.907
57.28,193.069,0.016,5,5877.23,3957.77
57.29,193.072,0.016,5,5877.338,3958.633
57.3,193.076,0.016,5,5877.447,3959.496
57.31,193.08,0.016,5,5877.556,3960.359
57.32,193.083,0.016,5,5877.664,3961.223
57.33,193.087,0.016,5,5877.772,3962.086
57.34,193.09,0.016,5,5877.881,3962.949
57.35,193.094,0.016,5,5877.989,3963.812
57.36,193.097,0.016,5,5878.097,3964.675
57.37,193.101,0.016,5,5878.205,3965.539
57.38,193.105,0.016,5,5878.314,3966.402
57.39,193.108,0.016,5,5878.422,3967.265
57.4,193.112,0.016,5,5878.53,3968.128
57.41,193.115,0.016,5,5878.638,3968.992
57.42,193.119,0.016,5,5878.746,3969.855
57.43,193.122,0.016,5,5878.854,3970.718
57.44,193.126,0.016,5,5878.961,3971.582
57.45,193.129,0.016,5,5879.069,3972.445
57.46,193.133,0.016,5,5879.177,3973.308
57.47,193.136,0.016,5,5879.285,3974.172
57.48,193.14,0.016,5,5879.392,3975.035
57.49,193.143,0.016,5,5879.5,3975.899
57.5,193.147,0.016,5,5879.607,3976.762
57.51,193.151,0.016,5,5879.715,3977.626
57.52,193.154,0.016,5,5879.822,3978.489
57.53,193.158,0.016,5,5879.93,3979.353
57.54,193.161,0.016,5,5880.037,3980.216
57.55,193.165,0.016,5,5880.144,3981.08
57.56,193.168,0.016,5,5880.251,3981.943
57.57,193.172,0.016,5,5880.358,3982.807
57.58,193.175,0.016,5,5880.466,3983.67
57.59,193.179,0.016,5,5880.573,3984.534
57.6,193.182,0.016,5,5880.68,3985.397
57.61,193.186,0.016,5,5880.786,3986.261
57.62,193.189,0.016,5,5880.893,3987.125
57.63,193.193,0.016,5,5881,3987.988
57.64,193.196,0.016,5,5881.107,3988.852
57.65,193.2,0.016,5,5881.214,3989.716
57.66,193.203,0.016,5,5881.32,3990.579
57.67,193.207,0.016,5,5881.427,3991.443
57.68,193.21,0.016,5,5881.534,3992.307
57.69,193.214,0.016,5,5881.64,3993.17
57.7,193.217,0.016,5,5881.747,3994.034
57.71,193.221,0.016,5,5881.853,3994.898
57.72,193.224,0.016,5,5881.959,3995.762
57.73,193.228,0.016,5,5882.066,3996.626
57.74,193.231,0.016,5,5882.172,3997.489
57.75,193.235,0.016,5,5882.278,3998.353
57.76,193.238,0.016,5,5882.384,3999.217
57.77,193.242,0.016,5,5882.49,4000.081
57.78,193.245,0.016,5,5882.596,4000.945
57.79,193.249,0.016,5,5882.702,4001.809
57.8,193.252,0.016,5,5882.808,4002.673
57.81,193.256,0.016,5,5882.914,4003.537
57.82,193.259,0.016,5,5883.02,4004.401
57.83,193.263,0.016,5,5883.126,4005.265
57.84,193.266,0.016,5,5883.232,4006.128
57.85,193.27,0.016,5,5883.337,4006.992
57.86,193.273,0.016,5,5883.443,4007.856
57.87,193.276,0.016,5,5883.549,4008.721
57.88,193.28,0.016,5,5883.654,4009.585
57.89,193.283,0.016,5,5883.76,4010.449
57.9,193.287,0.016,5,5883.865,4011.313
57.91,193.29,0.016,5,5883.97,4012.177
57.92,193.294,0.016,5,5884.076,4013.041
57.93,193.297,0.016,5,5884.181,4013.905
57.94,193.301,0.016,5,5884.286,4014.769
57.95,193.304,0.016,5,5884.391,4015.633
57.96,193.308,0.016,5,5884.497,4016.497
57.97,193.311,0.016,5,5884.602,4017.362
57.98,193.315,0.016,5,5884.707,4018.226
57.99,193.318,0.016,5,5884.812,4019.09
58,193.321,0.016,5,5884.917,4019.954
58.01,193.325,0.016,5,5885.021,4020.818
58.02,193.328,0.016,5,5885.126,4021.683
58.03,193.332,0.016,5,5885.231,4022.547
58.04,193.335,0.016,5,5885.336,4023.411
58.05,193.339,0.016,5,5885.44,4024.276
58.06,193.342,0.016,5,5885.545,4025.14
58.07,193.346,0.016,5,5885.65,4026.004
58.08,193.349,0.016,5,5885.754,4026.869
58.09,193.352,0.016,5,5885.859,4027.733
58.1,193.356,0.016,5,5885.963,4028.597
58.11,193.359,0.016,5,5886.067,4029.462
58.12,193.363,0.016,5,5886.172,4030.326
58.13,193.366,0.016,5,5886.276,4031.19
58.14,193.37,0.016,5,5886.38,4032.055
58.15,193.373,0.016,5,5886.484,4032.919
58.16,193.376,0.016,5,5886.588,4033.784
58.17,193.38,0.016,5,5886.692,4034.648
58.18,193.383,0.016,5,5886.796,4035.513
58.19,193.387,0.016,5,5886.9,4036.377
58.2,193.39,0.016,5,5887.004,4037.242
58.21,193.393,0.016,5,5887.108,4038.106
58.22,193.397,0.016,5,5887.212,4038.971
58.23,193.4,0.016,5,5887.316,4039.836
58.24,193.404,0.016,5,5887.419,4040.7
58.25,193.407,0.016,5,5887.523,4041.565
58.26,193.41,0.016,5,5887.627,4042.429
58.27,193.414,0.015,5,5887.73,4043.294
58.28,193.417,0.015,5,5887.834,4044.159
58.29,193.421,0.015,5,5887.937,4045.023
58.3,193.424,0.015,5,5888.041,4045.888
58.31,193.427,0.015,5,5888.144,4046.753
58.32,193.431,0.015,5,5888.247,4047.617
58.33,193.434,0.015,5,5888.35,4048.482
58.34,193.438,0.015,5,5888.454,4049.347
58.35,193.441,0.015,5,5888.557,4050.212
58.36,193.444,0.015,5,5888.66,4051.076
58.37,193.448,0.015,5,5888.763,4051.941
58.38,193.451,0.015,5,5888.866,4052.806
58.39,193.455,0.015,5,5888.969,4053.671
58.4,193.458,0.015,5,5889.072,4054.536
58.41,193.461,0.015,5,5889.175,4055.401
58.42,193.465,0.015,5,5889.277,4056.265
58.43,193.468,0.015,5,5889.38,4057.13
58.44,193.471,0.015,5,5889.483,4057.995
58.45,193.475,0.015,5,5889.585,4058.86
58.46,193.478,0.015,5,5889.688,4059.725
58.47,193.482,0.015,5,5889.791,4060.59
58.48,193.485,0.015,5,5889.893,4061.455
58.49,193.488,0.015,5,5889.995,4062.32
58.5,193.492,0.015,5,5890.098,4063.185
58.51,193.495,0.015,5,5890.2,4064.05
58.52,193.498,0.015,5,5890.302,4064.915
58.53,193.502,0.015,5,5890.405,4065.78
58.54,193.505,0.015,5,5890.507,4066.645
58.55,193.508,0.015,5,5890.609,4067.51
58.56,193.512,0.015,5,5890.711,4068.375
58.57,193.515,0.015,5,5890.813,4069.24
58.58,193.518,0.015,5,5890.915,4070.105
58.59,193.522,0.015,5,5891.017,4070.97
58.6,193.525,0.015,5,5891.119,4071.835
58.61,193.529,0.015,5,5891.221,4072.701
58.62,193.532,0.015,5,5891.323,4073.566
58.63,193.535,0.015,5,5891.424,4074.431
58.64,193.539,0.015,5,5891.526,4075.296
58.65,193.542,0.015,5,5891.628,4076.161
58.66,193.545,0.015,5,5891.729,4077.027
58.67,193.549,0.015,5,5891.831,4077.892
58.68,193.552,0.015,5,5891.932,4078.757
58.69,193.555,0.015,5,5892.034,4079.622
58.7,193.559,0.015,5,5892.135,4080.488
58.71,193.562,0.015,5,5892.236,4081.353
58.72,193.565,0.015,5,5892.338,4082.218
58.73,193.569,0.015,5,5892.439,4083.084
58.74,193.572,0.015,5,5892.54,4083.949
58.75,193.575,0.015,5,5892.641,4084.814
58.76,193.579,0.015,5,5892.742,4085.68
58.77,193.582,0.015,5,5892.844,4086.545
58.78,193.585,0.015,5,5892.945,4087.41
58.79,193.588,0.015,5,5893.045,4088.276
58.8,193.592,0.015,5,5893.146,4089.141
58.81,193.595,0.015,5,5893.247,4090.007
58.82,193.598,0.015,5,5893.348,4090.872
58.83,193.602,0.015,5,5893.449,4091.738
58.84,193.605,0.015,5,5893.549,4092.603
58.85,193.608,0.015,5,5893.65,4093.469
58.86,193.612,0.015,5,5893.751,4094.334
58.87,193.615,0.015,5,5893.851,4095.2
58.88,193.618,0.015,5,5893.952,4096.065
58.89,193.622,0.015,5,5894.052,4096.931
58.9,193.625,0.015,5,5894.153,4097.796
58.91,193.628,0.015,5,5894.253,4098.662
58.92,193.631,0.015,5,5894.353,4099.528
58.93,193.635,0.015,5,5894.454,4100.393
58.94,193.638,0.015,5,5894.554,4101.259
58.95,193.641,0.015,5,5894.654,4102.125
58.96,193.645,0.015,5,5894.754,4102.99
58.97,193.648,0.015,5,5894.854,4103.856
58.98,193.651,0.015,5,5894.954,4104.722
58.99,193.654,0.015,5,5895.054,4105.587
59,193.658,0.015,5,5895.154,4106.453
59.01,193.661,0.015,5,5895.254,4107.319
59.02,193.664,0.015,5,5895.354,4108.185
59.03,193.668,0.015,5,5895.453,4109.05
59.04,193.671,0.015,5,5895.553,4109.916
59.05,193.674,0.015,5,5895.653,4110.782
59.06,193.677,0.015,5,5895.752,4111.648
59.07,193.681,0.015,5,5895.852,4112.513
59.08,193.684,0.015,5,5895.952,4113.379
59.09,193.687,0.015,5,5896.051,4114.245
59.1,193.69,0.015,5,5896.15,4115.111
59.11,193.694,0.015,5,5896.25,4115.977
59.12,193.697,0.015,5,5896.349,4116.843
59.13,193.7,0.015,5,5896.448,4117.709
59.14,193.704,0.015,5,5896.548,4118.575
59.15,193.707,0.015,5,5896.647,4119.441
59.16,193.71,0.015,5,5896.746,4120.307
59.17,193.713,0.015,5,5896.845,4121.173
59.18,193.717,0.015,5,5896.944,4122.039
59.19,193.72,0.015,5,5897.043,4122.905
59.2,193.723,0.015,5,5897.142,4123.771
59.21,193.726,0.015,5,5897.241,4124.637
59.22,193.73,0.015,5,5897.34,4125.503
59.23,193.733,0.015,5,5897.439,4126.369
59.24,193.736,0.015,5,5897.537,4127.235
59.25,193.739,0.015,5,5897.636,4128.101
59.26,193.743,0.015,5,5897.735,4128.967
59.27,193.746,0.015,5,5897.833,4129.833
59.28,193.749,0.015,5,5897.932,4130.699
59.29,193.752,0.015,5,5898.03,4131.565
59.3,193.755,0.015,5,5898.129,4132.432
59.31,193.759,0.015,5,5898.227,4133.298
59.32,193.762,0.015,5,5898.326,4134.164
59.33,193.765,0.015,5,5898.424,4135.03
59.34,193.768,0.015,5,5898.522,4135.896
59.35,193.772,0.015,5,5898.62,4136.763
59.36,193.775,0.015,5,5898.719,4137.629
59.37,193.778,0.015,5,5898.817,4138.495
59.38,193.781,0.015,5,5898.915,4139.361
59.39,193.784,0.015,5,5899.013,4140.228
59.4,193.788,0.015,5,5899.111,4141.094
59.41,193.791,0.015,5,5899.209,4141.96
59.42,193.794,0.015,5,5899.307,4142.827
59.43,193.797,0.015,5,5899.404,4143.693
59.44,193.801,0.015,5,5899.502,4144.559
59.45,193.804,0.015,5,5899.6,4145.426
59.46,193.807,0.015,5,5899.698,4146.292
59.47,193.81,0.015,5,5899.795,4147.159
59.48,193.813,0.015,5,5899.893,4148.025
59.49,193.817,0.015,5,5899.99,4148.891
59.5,193.82,0.015,5,5900.088,4149.758
59.51,193.823,0.015,5,5900.185,4150.624
59.52,193.826,0.015,5,5900.283,4151.491
59.53,193.829,0.015,5,5900.38,4152.357
59.54,193.833,0.015,5,5900.477,4153.224
59.55,193.836,0.015,5,5900.575,4154.09
59.56,193.839,0.015,5,5900.672,4154.957
59.57,193.842,0.015,5,5900.769,4155.823
59.58,193.845,0.015,5,5900.866,4156.69
59.59,193.849,0.015,5,5900.963,4157.557
59.6,193.852,0.015,5,5901.06,4158.423
59.61,193.855,0.015,5,5901.157,4159.29
59.62,193.858,0.015,5,5901.254,4160.156
59.63,193.861,0.014,5,5901.351,4161.023
59.64,193.864,0.014,5,5901.448,4161.89
59.65,193.868,0.014,5,5901.545,4162.756
59.66,193.871,0.014,5,5901.641,4163.623
59.67,193.874,0.014,5,5901.738,4164.49
59.68,193.877,0.014,5,5901.835,4165.356
59.69,193.88,0.014,5,5901.931,4166.223
59.7,193.884,0.014,5,5902.028,4167.09
59.71,193.887,0.014,5,5902.124,4167.957
59.72,193.89,0.014,5,5902.221,4168.823
59.73,193.893,0.014,5,5902.317,4169.69
59.74,193.896,0.014,5,5902.414,4170.557
59.75,193.899,0.014,5,5902.51,4171.424
59.76,193.903,0.014,5,5902.606,4172.291
59.77,193.906,0.014,5,5902.702,4173.157
59.78,193.909,0.014,5,5902.799,4174.024
59.79,193.912,0.014,5,5902.895,4174.891
59.8,193.915,0.014,5,5902.991,4175.758
59.81,193.918,0.014,5,5903.087,4176.625
59.82,193.921,0.014,5,5903.183,4177.492
59.83,193.925,0.014,5,5903.279,4178.359
59.84,193.928,0.014,5,5903.375,4179.226
59.85,193.931,0.014,5,5903.47,4180.093
59.86,193.934,0.014,5,5903.566,4180.96
59.87,193.937,0.014,5,5903.662,4181.827
59.88,193.94,0.014,5,5903.758,4182.694
59.89,193.944,0.014,5,5903.853,4183.561
59.9,193.947,0.014,5,5903.949,4184.428
59.91,193.95,0.014,5,5904.045,4185.295
59.92,193.953,0.014,5,5904.14,4186.162
59.93,193.956,0.014,5,5904.236,4187.029
59.94,193.959,0.014,5,5904.331,4187.896
59.95,193.962,0.014,5,5904.426,4188.763
59.96,193.965,0.014,5,5904.522,4189.63
59.97,193.969,0.014,5,5904.617,4190.497
59.98,193.972,0.014,5,5904.712,4191.364
59.99,193.975,0.014,5,5904.807,4192.231
60,193.978,0.014,5,5904.902,4193.098
60.01,193.981,0.014,5,5904.998,4193.966
60.02,193.984,0.014,5,5905.093,4194.833
60.03,193.987,0.014,5,5905.188,4195.7
60.04,193.99,0.014,5,5905.283,4196.567
60.05,193.994,0.014,5,5905.377,4197.434
60.06,193.997,0.014,5,5905.472,4198.302
60.07,194,0.014,5,5905.567,4199.169
60.08,194.003,0.014,5,5905.662,4200.036
60.09,194.006,0.014,5,5905.757,4200.904
60.1,194.009,0.014,5,5905.851,4201.771
60.11,194.012,0.014,5,5905.946,4202.638
60.12,194.015,0.014,5,5906.041,4203.505
60.13,194.018,0.014,5,5906.135,4204.373
60.14,194.022,0.014,5,5906.23,4205.24
60.15,194.025,0.014,5,5906.324,4206.108
60.16,194.028,0.014,5,5906.418,4206.975
60.17,194.031,0.014,5,5906.513,4207.842
60.18,194.034,0.014,5,5906.607,4208.71
60.19,194.037,0.014,5,5906.701,4209.577
60.2,194.04,0.014,5,5906.796,4210.445
60.21,194.043,0.014,5,5906.89,4211.312
60.22,194.046,0.014,5,5906.984,4212.179
60.23,194.049,0.014,5,5907.078,4213.047
60.24,194.053,0.014,5,5907.172,4213.914
60.25,194.056,0.014,5,5907.266,4214.782
60.26,194.059,0.014,5,5907.36,4215.649
60.27,194.062,0.014,5,5907.454,4216.517
60.28,194.065,0.014,5,5907.548,4217.385
60.29,194.068,0.014,5,5907.641,4218.252
60.3,194.071,0.014,5,5907.735,4219.12
60.31,194.074,0.014,5,5907.829,4219.987
60.32,194.077,0.014,5,5907.922,4220.855
60.33,194.08,0.014,5,5908.016,4221.722
60.34,194.083,0.014,5,5908.11,4222.59
60.35,194.086,0.014,5,5908.203,4223.458
60.36,194.089,0.014,5,5908.297,4224.325
60.37,194.093,0.014,5,5908.39,4225.193
60.38,194.096,0.014,5,5908.483,4226.061
60.39,194.099,0.014,5,5908.577,4226.928
60.4,194.102,0.014,5,5908.67,4227.796
60.41,194.105,0.014,5,5908.763,4228.664
60.42,194.108,0.014,5,5908.857,4229.532
60.43,194.111,0.014,5,5908.95,4230.399
60.44,194.114,0.014,5,5909.043,4231.267
60.45,194.117,0.014,5,5909.136,4232.135
60.46,194.12,0.014,5,5909.229,4233.003
60.47,194.123,0.014,5,5909.322,4233.871
60.48,194.126,0.014,5,5909.415,4234.738
60.49,194.129,0.014,5,5909.508,4235.606
60.5,194.132,0.014,5,5909.601,4236.474
60.51,194.135,0.014,5,5909.693,4237.342
60.52,194.138,0.014,5,5909.786,4238.21
60.53,194.141,0.014,5,5909.879,4239.078
60.54,194.144,0.014,5,5909.971,4239.946
60.55,194.148,0.014,5,5910.064,4240.813
60.56,194.151,0.014,5,5910.157,4241.681
60.57,194.154,0.014,5,5910.249,4242.549
60.58,194.157,0.014,5,5910.342,4243.417
60.59,194.16,0.014,5,5910.434,4244.285
60.6,194.163,0.014,5,5910.526,4245.153
60.61,194.166,0.014,5,5910.619,4246.021
60.62,194.169,0.014,5,5910.711,4246.889
60.63,194.172,0.014,5,5910.803,4247.757
60.64,194.175,0.014,5,5910.895,4248.625
60.65,194.178,0.014,5,5910.988,4249.493
60.66,194.181,0.014,5,5911.08,4250.361
60.67,194.184,0.014,5,5911.172,4251.23
60.68,194.187,0.014,5,5911.264,4252.098
60.69,194.19,0.014,5,5911.356,4252.966
60.7,194.193,0.014,5,5911.448,4253.834
60.71,194.196,0.014,5,5911.54,4254.702
60.72,194.199,0.014,5,5911.631,4255.57
60.73,194.202,0.014,5,5911.723,4256.438
60.74,194.205,0.014,5,5911.815,4257.306
60.75,194.208,0.014,5,5911.907,4258.175
60.76,194.211,0.014,5,5911.998,4259.043
60.77,194.214,0.014,5,5912.09,4259.911
60.78,194.217,0.014,5,5912.182,4260.779
60.79,194.22,0.014,5,5912.273,4261.648
60.8,194.223,0.014,5,5912.365,4262.516
60.81,194.226,0.014,5,5912.456,4263.384
60.82,194.229,0.014,5,5912.547,4264.252
60.83,194.232,0.014,5,5912.639,4265.121
60.84,194.235,0.014,5,5912.73,4265.989
60.85,194.238,0.014,5,5912.821,4266.857
60.86,194.241,0.014,5,5912.912,4267.726
60.87,194.244,0.014,5,5913.004,4268.594
60.88,194.247,0.014,5,5913.095,4269.462
60.89,194.25,0.014,5,5913.186,4270.331
60.9,194.253,0.014,5,5913.277,4271.199
60.91,194.256,0.014,5,5913.368,4272.067
60.92,194.259,0.014,5,5913.459,4272.936
60.93,194.262,0.014,5,5913.55,4273.804
60.94,194.265,0.014,5,5913.641,4274.673
60.95,194.268,0.014,5,5913.731,4275.541
60.96,194.271,0.014,5,5913.822,4276.41
60.97,194.274,0.014,5,5913.913,4277.278
60.98,194.277,0.014,5,5914.004,4278.147
60.99,194.28,0.014,5,5914.094,4279.015
61,194.283,0.014,5,5914.185,4279.884
61.01,194.286,0.014,5,5914.275,4280.752
61.02,194.289,0.014,5,5914.366,4281.621
61.03,194.292,0.014,5,5914.456,4282.489
61.04,194.295,0.014,5,5914.547,4283.358
61.05,194.298,0.014,5,5914.637,4284.226
61.06,194.301,0.014,5,5914.727,4285.095
61.07,194.304,0.014,5,5914.818,4285.964
61.08,194.307,0.014,5,5914.908,4286.832
61.09,194.31,0.013,5,5914.998,4287.701
61.1,194.313,0.013,5,5915.088,4288.57
61.11,194.316,0.013,5,5915.178,4289.438
61.12,194.318,0.013,5,5915.268,4290.307
61.13,194.321,0.013,5,5915.358,4291.176
61.14,194.324,0.013,5,5915.448,4292.044
61.15,194.327,0.013,5,5915.538,4292.913
61.16,194.33,0.013,5,5915.628,4293.782
61.17,194.333,0.013,5,5915.718,4294.651
61.18,194.336,0.013,5,5915.808,4295.519
61.19,194.339,0.013,5,5915.897,4296.388
61.2,194.342,0.013,5,5915.987,4297.257
61.21,194.345,0.013,5,5916.077,4298.126
61.22,194.348,0.013,5,5916.166,4298.994
61.23,194.351,0.013,5,5916.256,4299.863
61.24,194.354,0.013,5,5916.346,4300.732
61.25,194.357,0.013,5,5916.435,4301.601
61.26,194.36,0.013,5,5916.524,4302.47
61.27,194.363,0.013,5,5916.614,4303.339
61.28,194.366,0.013,5,5916.703,4304.208
61.29,194.369,0.013,5,5916.792,4305.077
61.3,194.371,0.013,5,5916.882,4305.945
61.31,194.374,0.013,5,5916.971,4306.814
61.32,194.377,0.013,5,5917.06,4307.683
61.33,194.38,0.013,5,5917.149,4308.552
61.34,194.383,0.013,5,5917.238,4309.421
61.35,194.386,0.013,5,5917.327,4310.29
61.36,194.389,0.013,5,5917.416,4311.159
61.37,194.392,0.013,5,5917.505,4312.028
61.38,194.395,0.013,5,5917.594,4312.897
61.39,194.398,0.013,5,5917.683,4313.766
61.4,194.401,0.013,5,5917.772,4314.635
61.41,194.404,0.013,5,5917.861,4315.504
61.42,194.407,0.013,5,5917.949,4316.373
61.43,194.409,0.013,5,5918.038,4317.243
61.44,194.412,0.013,5,5918.127,4318.112
61.45,194.415,0.013,5,5918.215,4318.981
61.46,194.418,0.013,5,5918.304,4319.85
61.47,194.421,0.013,5,5918.393,4320.719
61.48,194.424,0.013,5,5918.481,4321.588
61.49,194.427,0.013,5,5918.569,4322.457
61.5,194.43,0.013,5,5918.658,4323.327
61.51,194.433,0.013,5,5918.746,4324.196
61.52,194.436,0.013,5,5918.834,4325.065
61.53,194.439,0.013,5,5918.923,4325.934
61.54,194.441,0.013,5,5919.011,4326.803
61.55,194.444,0.013,5,5919.099,4327.673
61.56,194.447,0.013,5,5919.187,4328.542
61.57,194.45,0.013,5,5919.275,4329.411
61.58,194.453,0.013,5,5919.363,4330.28
61.59,194.456,0.013,5,5919.451,4331.15
61.6,194.459,0.013,5,5919.539,4332.019
61.61,194.462,0.013,5,5919.627,4332.888
61.62,194.465,0.013,5,5919.715,4333.758
61.63,194.467,0.013,5,5919.803,4334.627
61.64,194.47,0.013,5,5919.891,4335.496
61.65,194.473,0.013,5,5919.978,4336.366
61.66,194.476,0.013,5,5920.066,4337.235
61.67,194.479,0.013,5,5920.154,4338.105
61.68,194.482,0.013,5,5920.241,4338.974
61.69,194.485,0.013,5,5920.329,4339.843
61.7,194.488,0.013,5,5920.416,4340.713
61.71,194.49,0.013,5,5920.504,4341.582
61.72,194.493,0.013,5,5920.591,4342.452
61.73,194.496,0.013,5,5920.679,4343.321
61.74,194.499,0.013,5,5920.766,4344.191
61.75,194.502,0.013,5,5920.853,4345.06
61.76,194.505,0.013,5,5920.941,4345.93
61.77,194.508,0.013,5,5921.028,4346.799
61.78,194.511,0.013,5,5921.115,4347.669
61.79,194.513,0.013,5,5921.202,4348.538
61.8,194.516,0.013,5,5921.289,4349.408
61.81,194.519,0.013,5,5921.376,4350.277
61.82,194.522,0.013,5,5921.463,4351.147
61.83,194.525,0.013,5,5921.55,4352.017
61.84,194.528,0.013,5,5921.637,4352.886
61.85,194.531,0.013,5,5921.724,4353.756
61.86,194.533,0.013,5,5921.811,4354.626
61.87,194.536,0.013,5,5921.898,4355.495
61.88,194.539,0.013,5,5921.985,4356.365
61.89,194.542,0.013,5,5922.071,4357.235
61.9,194.545,0.013,5,5922.158,4358.104
61.91,194.548,0.013,5,5922.245,4358.974
61.92,194.551,0.013,5,5922.331,4359.844
61.93,194.553,0.013,5,5922.418,4360.713
61.94,194.556,0.013,5,5922.504,4361.583
61.95,194.559,0.013,5,5922.591,4362.453
61.96,194.562,0.013,5,5922.677,4363.323
61.97,194.565,0.013,5,5922.763,4364.192
61.98,194.568,0.013,5,5922.85,4365.062
61.99,194.57,0.013,5,5922.936,4365.932
62,194.573,0.013,5,5923.022,4366.802
62.01,194.576,0.013,5,5923.109,4367.672
62.02,194.579,0.013,5,5923.195,4368.541
62.03,194.582,0.013,5,5923.281,4369.411
62.04,194.585,0.013,5,5923.367,4370.281
62.05,194.587,0.013,5,5923.453,4371.151
62.06,194.59,0.013,5,5923.539,4372.021
62.07,194.593,0.013,5,5923.625,4372.891
62.08,194.596,0.013,5,5923.711,4373.761
62.09,194.599,0.013,5,5923.797,4374.631
62.1,194.601,0.013,5,5923.882,4375.501
62.11,194.604,0.013,5,5923.968,4376.371
62.12,194.607,0.013,5,5924.054,4377.241
62.13,194.61,0.013,5,5924.14,4378.111
62.14,194.613,0.013,5,5924.225,4378.981
62.15,194.616,0.013,5,5924.311,4379.851
62.16,194.618,0.013,5,5924.396,4380.721
62.17,194.621,0.013,5,5924.482,4381.591
62.18,194.624,0.013,5,5924.567,4382.461
62.19,194.627,0.013,5,5924.653,4383.331
62.2,194.63,0.013,5,5924.738,4384.201
62.21,194.632,0.013,5,5924.824,4385.071
62.22,194.635,0.013,5,5924.909,4385.941
62.23,194.638,0.013,5,5924.994,4386.811
62.24,194.641,0.013,5,5925.08,4387.681
62.25,194.644,0.013,5,5925.165,4388.551
62.26,194.646,0.013,5,5925.25,4389.422
62.27,194.649,0.013,5,5925.335,4390.292
62.28,194.652,0.013,5,5925.42,4391.162
62.29,194.655,0.013,5,5925.505,4392.032
62.3,194.658,0.013,5,5925.59,4392.902
62.31,194.66,0.013,5,5925.675,4393.772
62.32,194.663,0.013,5,5925.76,4394.643
62.33,194.666,0.013,5,5925.845,4395.513
62.34,194.669,0.013,5,5925.93,4396.383
62.35,194.672,0.013,5,5926.014,4397.253
62.36,194.674,0.013,5,5926.099,4398.124
62.37,194.677,0.013,5,5926.184,4398.994
62.38,194.68,0.013,5,5926.268,4399.864
62.39,194.683,0.013,5,5926.353,4400.735
62.4,194.685,0.013,5,5926.438,4401.605
62.41,194.688,0.013,5,5926.522,4402.475
62.42,194.691,0.013,5,5926.607,4403.346
62.43,194.694,0.013,5,5926.691,4404.216
62.44,194.697,0.013,5,5926.775,4405.086
62.45,194.699,0.013,5,5926.86,4405.957
62.46,194.702,0.013,5,5926.944,4406.827
62.47,194.705,0.013,5,5927.028,4407.697
62.48,194.708,0.013,5,5927.113,4408.568
62.49,194.71,0.013,5,5927.197,4409.438
62.5,194.713,0.013,5,5927.281,4410.309
62.51,194.716,0.013,5,5927.365,4411.179
62.52,194.719,0.013,5,5927.449,4412.05
62.53,194.721,0.013,5,5927.533,4412.92
62.54,194.724,0.013,5,5927.617,4413.791
62.55,194.727,0.013,5,5927.701,4414.661
62.56,194.73,0.013,5,5927.785,4415.532
62.57,194.732,0.013,5,5927.869,4416.402
62.58,194.735,0.013,5,5927.953,4417.273
62.59,194.738,0.013,5,5928.036,4418.143
62.6,194.741,0.013,5,5928.12,4419.014
62.61,194.743,0.013,5,5928.204,4419.884
62.62,194.746,0.013,5,5928.287,4420.755
62.63,194.749,0.013,5,5928.371,4421.626
62.64,194.752,0.013,5,5928.455,4422.496
62.65,194.754,0.012,5,5928.538,4423.367
62.66,194.757,0.012,5,5928.622,4424.238
62.67,194.76,0.012,5,5928.705,4425.108
62.68,194.763,0.012,5,5928.789,4425.979
62.69,194.765,0.012,5,5928.872,4426.85
62.7,194.768,0.012,5,5928.955,4427.72
62.71,194.771,0.012,5,5929.038,4428.591
62.72,194.774,0.012,5,5929.122,4429.462
62.73,194.776,0.012,5,5929.205,4430.332
62.74,194.779,0.012,5,5929.288,4431.203
62.75,194.782,0.012,5,5929.371,4432.074
62.76,194.785,0.012,5,5929.454,4432.945
62.77,194.787,0.012,5,5929.537,4433.815
62.78,194.79,0.012,5,5929.62,4434.686
62.79,194.793,0.012,5,5929.703,4435.557
62.8,194.795,0.012,5,5929.786,4436.428
62.81,194.798,0.012,5,5929.869,4437.299
62.82,194.801,0.012,5,5929.952,4438.169
62.83,194.804,0.012,5,5930.035,4439.04
62.84,194.806,0.012,5,5930.117,4439.911
62.85,194.809,0.012,5,5930.2,4440.782
62.86,194.812,0.012,5,5930.283,4441.653
62.87,194.814,0.012,5,5930.365,4442.524
62.88,194.817,0.012,5,5930.448,4443.395
62.89,194.82,0.012,5,5930.531,4444.266
62.9,194.823,0.012,5,5930.613,4445.137
62.91,194.825,0.012,5,5930.696,4446.008
62.92,194.828,0.012,5,5930.778,4446.878
62.93,194.831,0.012,5,5930.86,4447.749
62.94,194.833,0.012,5,5930.943,4448.62
62.95,194.836,0.012,5,5931.025,4449.491
62.96,194.839,0.012,5,5931.107,4450.362
62.97,194.842,0.012,5,5931.19,4451.233
62.98,194.844,0.012,5,5931.272,4452.104
62.99,194.847,0.012,5,5931.354,4452.976
63,194.85,0.012,5,5931.436,4453.847
63.01,194.852,0.012,5,5931.518,4454.718
63.02,194.855,0.012,5,5931.6,4455.589
63.03,194.858,0.012,5,5931.682,4456.46
63.04,194.86,0.012,5,5931.764,4457.331
63.05,194.863,0.012,5,5931.846,4458.202
63.06,194.866,0.012,5,5931.928,4459.073
63.07,194.868,0.012,5,5932.01,4459.944
63.08,194.871,0.012,5,5932.091,4460.815
63.09,194.874,0.012,5,5932.173,4461.687
63.1,194.877,0.012,5,5932.255,4462.558
63.11,194.879,0.012,5,5932.336,4463.429
63.12,194.882,0.012,5,5932.418,4464.3
63.13,194.885,0.012,5,5932.5,4465.171
63.14,194.887,0.012,5,5932.581,4466.043
63.15,194.89,0.012,5,5932.663,4466.914
63.16,194.893,0.012,5,5932.744,4467.785
63.17,194.895,0.012,5,5932.826,4468.656
63.18,194.898,0.012,5,5932.907,4469.528
63.19,194.901,0.012,5,5932.988,4470.399
63.2,194.903,0.012,5,5933.07,4471.27
63.21,194.906,0.012,5,5933.151,4472.141
63.22,194.909,0.012,5,5933.232,4473.013
63.23,194.911,0.012,5,5933.313,4473.884
63.24,194.914,0.012,5,5933.394,4474.755
63.25,194.917,0.012,5,5933.475,4475.627
63.26,194.919,0.012,5,5933.557,4476.498
63.27,194.922,0.012,5,5933.638,4477.37
63.28,194.925,0.012,5,5933.719,4478.241
63.29,194.927,0.012,5,5933.799,4479.112
63.3,194.93,0.012,5,5933.88,4479.984
63.31,194.933,0.012,5,5933.961,4480.855
63.32,194.935,0.012,5,5934.042,4481.727
63.33,194.938,0.012,5,5934.123,4482.598
63.34,194.941,0.012,5,5934.204,4483.47
63.35,194.943,0.012,5,5934.284,4484.341
63.36,194.946,0.012,5,5934.365,4485.213
63.37,194.948,0.012,5,5934.446,4486.084
63.38,194.951,0.012,5,5934.526,4486.956
63.39,194.954,0.012,5,5934.607,4487.827
63.4,194.956,0.012,5,5934.687,4488.699
63.41,194.959,0.012,5,5934.768,4489.57
63.42,194.962,0.012,5,5934.848,4490.442
63.43,194.964,0.012,5,5934.928,4491.313
63.44,194.967,0.012,5,5935.009,4492.185
63.45,194.97,0.012,5,5935.089,4493.056
63.46,194.972,0.012,5,5935.169,4493.928
63.47,194.975,0.012,5,5935.25,4494.8
63.48,194.978,0.012,5,5935.33,4495.671
63.49,194.98,0.012,5,5935.41,4496.543
63.5,194.983,0.012,5,5935.49,4497.415
63.51,194.985,0.012,5,5935.57,4498.286
63.52,194.988,0.012,5,5935.65,4499.158
63.53,194.991,0.012,5,5935.73,4500.03
63.54,194.993,0.012,5,5935.81,4500.901
63.55,194.996,0.012,5,5935.89,4501.773
63.56,194.999,0.012,5,5935.97,4502.645
63.57,195.001,0.012,5,5936.05,4503.516
63.58,195.004,0.012,5,5936.129,4504.388
63.59,195.006,0.012,5,5936.209,4505.26
63.6,195.009,0.012,5,5936.289,4506.132
63.61,195.012,0.012,5,5936.369,4507.003
63.62,195.014,0.012,5,5936.448,4507.875
63.63,195.017,0.012,5,5936.528,4508.747
63.64,195.019,0.012,5,5936.607,4509.619
63.65,195.022,0.012,5,5936.687,4510.491
63.66,195.025,0.012,5,5936.766,4511.363
63.67,195.027,0.012,5,5936.846,4512.234
63.68,195.03,0.012,5,5936.925,4513.106
63.69,195.033,0.012,5,5937.005,4513.978
63.7,195.035,0.012,5,5937.084,4514.85
63.71,195.038,0.012,5,5937.163,4515.722
63.72,195.04,0.012,5,5937.242,4516.594
63.73,195.043,0.012,5,5937.322,4517.466
63.74,195.046,0.012,5,5937.401,4518.338
63.75,195.048,0.012,5,5937.48,4519.21
63.76,195.051,0.012,5,5937.559,4520.082
63.77,195.053,0.012,5,5937.638,4520.953
63.78,195.056,0.012,5,5937.717,4521.825
63.79,195.059,0.012,5,5937.796,4522.697
63.8,195.061,0.012,5,5937.875,4523.569
63.81,195.064,0.012,5,5937.954,4524.441
63.82,195.066,0.012,5,5938.033,4525.313
63.83,195.069,0.012,5,5938.112,4526.186
63.84,195.071,0.012,5,5938.19,4527.058
63.85,195.074,0.012,5,5938.269,4527.93
63.86,195.077,0.012,5,5938.348,4528.802
63.87,195.079,0.012,5,5938.426,4529.674
63.88,195.082,0.012,5,5938.505,4530.546
63.89,195.084,0.012,5,5938.584,4531.418
63.9,195.087,0.012,5,5938.662,4532.29
63.91,195.09,0.012,5,5938.741,4533.162
63.92,195.092,0.012,5,5938.819,4534.034
63.93,195.095,0.012,5,5938.898,4534.907
63.94,195.097,0.012,5,5938.976,4535.779
63.95,195.1,0.012,5,5939.054,4536.651
63.96,195.102,0.012,5,5939.133,4537.523
63.97,195.105,0.012,5,5939.211,4538.395
63.98,195.108,0.012,5,5939.289,4539.267
63.99,195.11,0.012,5,5939.367,4540.14
64,195.113,0.012,5,5939.445,4541.012
64.01,195.115,0.012,5,5939.524,4541.884
64.02,195.118,0.012,5,5939.602,4542.756
64.03,195.12,0.012,5,5939.68,4543.629
64.04,195.123,0.012,5,5939.758,4544.501
64.05,195.126,0.012,5,5939.836,4545.373
64.06,195.128,0.012,5,5939.914,4546.246
64.07,195.131,0.012,5,5939.991,4547.118
64.08,195.133,0.012,5,5940.069,4547.99
64.09,195.136,0.012,5,5940.147,4548.862
64.1,195.138,0.012,5,5940.225,4549.735
64.11,195.141,0.012,5,5940.303,4550.607
64.12,195.143,0.012,5,5940.38,4551.48
64.13,195.146,0.012,5,5940.458,4552.352
64.14,195.149,0.012,5,5940.536,4553.224
64.15,195.151,0.012,5,5940.613,4554.097
64.16,195.154,0.012,5,5940.691,4554.969
64.17,195.156,0.012,5,5940.768,4555.842
64.18,195.159,0.012,5,5940.846,4556.714
64.19,195.161,0.012,5,5940.923,4557.586
64.2,195.164,0.012,5,5941.001,4558.459
64.21,195.166,0.012,5,5941.078,4559.331
64.22,195.169,0.012,5,5941.155,4560.204
64.23,195.171,0.012,5,5941.232,4561.076
64.24,195.174,0.012,5,5941.31,4561.949
64.25,195.176,0.012,5,5941.387,4562.821
64.26,195.179,0.012,5,5941.464,4563.694
64.27,195.182,0.012,5,5941.541,4564.566
64.28,195.184,0.012,5,5941.618,4565.439
64.29,195.187,0.012,5,5941.695,4566.312
64.3,195.189,0.012,5,5941.772,4567.184
64.31,195.192,0.012,5,5941.849,4568.057
64.32,195.194,0.012,5,5941.926,4568.929
64.33,195.197,0.012,5,5942.003,4569.802
64.34,195.199,0.011,5,5942.08,4570.675
64.35,195.202,0.011,5,5942.157,4571.547
64.36,195.204,0.011,5,5942.234,4572.42
64.37,195.207,0.011,5,5942.31,4573.292
64.38,195.209,0.011,5,5942.387,4574.165
64.39,195.212,0.011,5,5942.464,4575.038
64.4,195.214,0.011,5,5942.54,4575.91
64.41,195.217,0.011,5,5942.617,4576.783
64.42,195.219,0.011,5,5942.693,4577.656
64.43,195.222,0.011,5,5942.77,4578.529
64.44,195.224,0.011,5,5942.846,4579.401
64.45,195.227,0.011,5,5942.923,4580.274
64.46,195.229,0.011,5,5942.999,4581.147
64.47,195.232,0.011,5,5943.076,4582.02
64.48,195.234,0.011,5,5943.152,4582.892
64.49,195.237,0.011,5,5943.228,4583.765
64.5,195.239,0.011,5,5943.305,4584.638
64.51,195.242,0.011,5,5943.381,4585.511
64.52,195.244,0.011,5,5943.457,4586.384
64.53,195.247,0.011,5,5943.533,4587.256
64.54,195.249,0.011,5,5943.609,4588.129
64.55,195.252,0.011,5,5943.685,4589.002
64.56,195.254,0.011,5,5943.761,4589.875
64.57,195.257,0.011,5,5943.837,4590.748
64.58,195.259,0.011,5,5943.913,4591.621
64.59,195.262,0.011,5,5943.989,4592.494
64.6,195.264,0.011,5,5944.065,4593.367
64.61,195.267,0.011,5,5944.141,4594.239
64.62,195.269,0.011,5,5944.217,4595.112
64.63,195.272,0.011,5,5944.292,4595.985
64.64,195.274,0.011,5,5944.368,4596.858
64.65,195.277,0.011,5,5944.444,4597.731
64.66,195.279,0.011,5,5944.52,4598.604
64.67,195.282,0.011,5,5944.595,4599.477
64.68,195.284,0.011,5,5944.671,4600.35
64.69,195.287,0.011,5,5944.746,4601.223
64.7,195.289,0.011,5,5944.822,4602.096
64.71,195.292,0.011,5,5944.897,4602.969
64.72,195.294,0.011,5,5944.973,4603.842
64.73,195.297,0.011,5,5945.048,4604.715
64.74,195.299,0.011,5,5945.123,4605.588
64.75,195.302,0.011,5,5945.199,4606.461
64.76,195.304,0.011,5,5945.274,4607.335
64.77,195.307,0.011,5,5945.349,4608.208
64.78,195.309,0.011,5,5945.424,4609.081
64.79,195.312,0.011,5,5945.5,4609.954
64.8,195.314,0.011,5,5945.575,4610.827
64.81,195.317,0.011,5,5945.65,4611.7
64.82,195.319,0.011,5,5945.725,4612.573
64.83,195.321,0.011,5,5945.8,4613.446
64.84,195.324,0.011,5,5945.875,4614.32
64.85,195.326,0.011,5,5945.95,4615.193
64.86,195.329,0.011,5,5946.025,4616.066
64.87,195.331,0.011,5,5946.1,4616.939
64.88,195.334,0.011,5,5946.174,4617.812
64.89,195.336,0.011,5,5946.249,4618.686
64.9,195.339,0.011,5,5946.324,4619.559
64.91,195.341,0.011,5,5946.399,4620.432
64.92,195.344,0.011,5,5946.473,4621.305
64.93,195.346,0.011,5,5946.548,4622.179
64.94,195.348,0.011,5,5946.623,4623.052
64.95,195.351,0.011,5,5946.697,4623.925
64.96,195.353,0.011,5,5946.772,4624.799
64.97,195.356,0.011,5,5946.846,4625.672
64.98,195.358,0.011,5,5946.921,4626.545
64.99,195.361,0.011,5,5946.995,4627.419
65,195.363,0.011,5,5947.07,4628.292
65.01,195.366,0.011,5,5947.144,4629.165
65.02,195.368,0.011,5,5947.218,4630.039
65.03,195.371,0.011,5,5947.293,4630.912
65.04,195.373,0.011,5,5947.367,4631.785
65.05,195.375,0.011,5,5947.441,4632.659
65.06,195.378,0.011,5,5947.515,4633.532
65.07,195.38,0.011,5,5947.589,4634.406
65.08,195.383,0.011,5,5947.663,4635.279
65.09,195.385,0.011,5,5947.738,4636.153
65.1,195.388,0.011,5,5947.812,4637.026
65.11,195.39,0.011,5,5947.886,4637.9
65.12,195.392,0.011,5,5947.96,4638.773
65.13,195.395,0.011,5,5948.033,4639.646
65.14,195.397,0.011,5,5948.107,4640.52
65.15,195.4,0.011,5,5948.181,4641.393
65.16,195.402,0.011,5,5948.255,4642.267
65.17,195.405,0.011,5,5948.329,4643.141
65.18,195.407,0.011,5,5948.403,4644.014
65.19,195.409,0.011,5,5948.476,4644.888
65.2,195.412,0.011,5,5948.55,4645.761
65.21,195.414,0.011,5,5948.623,4646.635
65.22,195.417,0.011,5,5948.697,4647.508
65.23,195.419,0.011,5,5948.771,4648.382
65.24,195.421,0.011,5,5948.844,4649.256
65.25,195.424,0.011,5,5948.918,4650.129
65.26,195.426,0.011,5,5948.991,4651.003
65.27,195.429,0.011,5,5949.065,4651.876
65.28,195.431,0.011,5,5949.138,4652.75
65.29,195.434,0.011,5,5949.211,4653.624
65.3,195.436,0.011,5,5949.285,4654.497
65.31,195.438,0.011,5,5949.358,4655.371
65.32,195.441,0.011,5,5949.431,4656.245
65.33,195.443,0.011,5,5949.504,4657.119
65.34,195.446,0.011,5,5949.577,4657.992
65.35,195.448,0.011,5,5949.65,4658.866
65.36,195.45,0.011,5,5949.724,4659.74
65.37,195.453,0.011,5,5949.797,4660.614
65.38,195.455,0.011,5,5949.87,4661.487
65.39,195.458,0.011,5,5949.943,4662.361
65.4,195.46,0.011,5,5950.016,4663.235
65.41,195.462,0.011,5,5950.088,4664.109
65.42,195.465,0.011,5,5950.161,4664.982
65.43,195.467,0.011,5,5950.234,4665.856
65.44,195.47,0.011,5,5950.307,4666.73
65.45,195.472,0.011,5,5950.38,4667.604
65.46,195.474,0.011,5,5950.452,4668.478
65.47,195.477,0.011,5,5950.525,4669.352
65.48,195.479,0.011,5,5950.598,4670.225
65.49,195.481,0.011,5,5950.67,4671.099
65.5,195.484,0.011,5,5950.743,4671.973
65.51,195.486,0.011,5,5950.816,4672.847
65.52,195.489,0.011,5,5950.888,4673.721
65.53,195.491,0.011,5,5950.96,4674.595
65.54,195.493,0.011,5,5951.033,4675.469
65.55,195.496,0.011,5,5951.105,4676.343
65.56,195.498,0.011,5,5951.178,4677.217
65.57,195.501,0.011,5,5951.25,4678.091
65.58,195.503,0.011,5,5951.322,4678.965
65.59,195.505,0.011,5,5951.395,4679.839
65.6,195.508,0.011,5,5951.467,4680.713
65.61,195.51,0.011,5,5951.539,4681.587
65.62,195.512,0.011,5,5951.611,4682.461
65.63,195.515,0.011,5,5951.683,4683.335
65.64,195.517,0.011,5,5951.755,4684.209
65.65,195.519,0.011,5,5951.827,4685.083
65.66,195.522,0.011,5,5951.899,4685.957
65.67,195.524,0.011,5,5951.971,4686.831
65.68,195.527,0.011,5,5952.043,4687.705
65.69,195.529,0.011,5,5952.115,4688.579
65.7,195.531,0.011,5,5952.187,4689.453
65.71,195.534,0.011,5,5952.259,4690.327
65.72,195.536,0.011,5,5952.331,4691.202
65.73,195.538,0.011,5,5952.402,4692.076
65.74,195.541,0.011,5,5952.474,4692.95
65.75,195.543,0.011,5,5952.546,4693.824
65.76,195.545,0.011,5,5952.618,4694.698
65.77,195.548,0.011,5,5952.689,4695.572
65.78,195.55,0.011,5,5952.761,4696.446
65.79,195.552,0.011,5,5952.832,4697.321
65.8,195.555,0.011,5,5952.904,4698.195
65.81,195.557,0.011,5,5952.975,4699.069
65.82,195.56,0.011,5,5953.047,4699.943
65.83,195.562,0.011,5,5953.118,4700.818
65.84,195.564,0.011,5,5953.189,4701.692
65.85,195.567,0.011,5,5953.261,4702.566
65.86,195.569,0.011,5,5953.332,4703.44
65.87,195.571,0.011,5,5953.403,4704.315
65.88,195.574,0.011,5,5953.475,4705.189
65.89,195.576,0.011,5,5953.546,4706.063
65.9,195.578,0.011,5,5953.617,4706.938
65.91,195.581,0.011,5,5953.688,4707.812
65.92,195.583,0.011,5,5953.759,4708.686
65.93,195.585,0.011,5,5953.83,4709.561
65.94,195.588,0.011,5,5953.901,4710.435
65.95,195.59,0.011,5,5953.972,4711.309
65.96,195.592,0.011,5,5954.043,4712.184
65.97,195.595,0.011,5,5954.114,4713.058
65.98,195.597,0.011,5,5954.185,4713.932
65.99,195.599,0.011,5,5954.256,4714.807
66,195.602,0.011,5,5954.327,4715.681
66.01,195.604,0.011,5,5954.397,4716.556
66.02,195.606,0.011,5,5954.468,4717.43
66.03,195.609,0.011,5,5954.539,4718.305
66.04,195.611,0.011,5,5954.61,4719.179
66.05,195.613,0.011,5,5954.68,4720.053
66.06,195.616,0.011,5,5954.751,4720.928
66.07,195.618,0.011,5,5954.821,4721.802
66.08,195.62,0.011,5,5954.892,4722.677
66.09,195.622,0.011,5,5954.962,4723.551
66.1,195.625,0.011,5,5955.033,4724.426
66.11,195.627,0.011,5,5955.103,4725.3
66.12,195.629,0.011,5,5955.174,4726.175
66.13,195.632,0.011,5,5955.244,4727.05
66.14,195.634,0.011,5,5955.314,4727.924
66.15,195.636,0.011,5,5955.385,4728.799
66.16,195.639,0.011,5,5955.455,4729.673
66.17,195.641,0.011,5,5955.525,4730.548
66.18,195.643,0.011,5,5955.595,4731.422
66.19,195.646,0.01,5,5955.665,4732.297
66.2,195.648,0.01,5,5955.736,4733.172
66.21,195.65,0.01,5,5955.806,4734.046
66.22,195.652,0.01,5,5955.876,4734.921
66.23,195.655,0.01,5,5955.946,4735.796
66.24,195.657,0.01,5,5956.016,4736.67
66.25,195.659,0.01,5,5956.086,4737.545
66.26,195.662,0.01,5,5956.155,4738.42
66.27,195.664,0.01,5,5956.225,4739.294
66.28,195.666,0.01,5,5956.295,4740.169
66.29,195.669,0.01,5,5956.365,4741.044
66.3,195.671,0.01,5,5956.435,4741.918
66.31,195.673,0.01,5,5956.504,4742.793
66.32,195.675,0.01,5,5956.574,4743.668
66.33,195.678,0.01,5,5956.644,4744.543
66.34,195.68,0.01,5,5956.713,4745.417
66.35,195.682,0.01,5,5956.783,4746.292
66.36,195.685,0.01,5,5956.853,4747.167
66.37,195.687,0.01,5,5956.922,4748.042
66.38,195.689,0.01,5,5956.992,4748.917
66.39,195.691,0.01,5,5957.061,4749.791
66.4,195.694,0.01,5,5957.131,4750.666
66.41,195.696,0.01,5,5957.2,4751.541
66.42,195.698,0.01,5,5957.269,4752.416
66.43,195.701,0.01,5,5957.339,4753.291
66.44,195.703,0.01,5,5957.408,4754.166
66.45,195.705,0.01,5,5957.477,4755.041
66.46,195.707,0.01,5,5957.546,4755.915
66.47,195.71,0.01,5,5957.616,4756.79
66.48,195.712,0.01,5,5957.685,4757.665
66.49,195.714,0.01,5,5957.754,4758.54
66.5,195.716,0.01,5,5957.823,4759.415
66.51,195.719,0.01,5,5957.892,4760.29
66.52,195.721,0.01,5,5957.961,4761.165
66.53,195.723,0.01,5,5958.03,4762.04
66.54,195.725,0.01,5,5958.099,4762.915
66.55,195.728,0.01,5,5958.168,4763.79
66.56,195.73,0.01,5,5958.237,4764.665
66.57,195.732,0.01,5,5958.305,4765.54
66.58,195.735,0.01,5,5958.374,4766.415
66.59,195.737,0.01,5,5958.443,4767.29
66.6,195.739,0.01,5,5958.512,4768.165
66.61,195.741,0.01,5,5958.581,4769.04
66.62,195.744,0.01,5,5958.649,4769.915
66.63,195.746,0.01,5,5958.718,4770.79
66.64,195.748,0.01,5,5958.786,4771.665
66.65,195.75,0.01,5,5958.855,4772.54
66.66,195.753,0.01,5,5958.924,4773.415
66.67,195.755,0.01,5,5958.992,4774.29
66.68,195.757,0.01,5,5959.061,4775.166
66.69,195.759,0.01,5,5959.129,4776.041
66.7,195.762,0.01,5,5959.197,4776.916
66.71,195.764,0.01,5,5959.266,4777.791
66.72,195.766,0.01,5,5959.334,4778.666
66.73,195.768,0.01,5,5959.402,4779.541
66.74,195.771,0.01,5,5959.471,4780.416
66.75,195.773,0.01,5,5959.539,4781.292
66.76,195.775,0.01,5,5959.607,4782.167
66.77,195.777,0.01,5,5959.675,4783.042
66.78,195.78,0.01,5,5959.743,4783.917
66.79,195.782,0.01,5,5959.811,4784.792
66.8,195.784,0.01,5,5959.88,4785.668
66.81,195.786,0.01,5,5959.948,4786.543
66.82,195.788,0.01,5,5960.016,4787.418
66.83,195.791,0.01,5,5960.083,4788.293
66.84,195.793,0.01,5,5960.151,4789.169
66.85,195.795,0.01,5,5960.219,4790.044
66.86,195.797,0.01,5,5960.287,4790.919
66.87,195.8,0.01,5,5960.355,4791.795
66.88,195.802,0.01,5,5960.423,4792.67
66.89,195.804,0.01,5,5960.491,4793.545
66.9,195.806,0.01,5,5960.558,4794.421
66.91,195.809,0.01,5,5960.626,4795.296
66.92,195.811,0.01,5,5960.694,4796.171
66.93,195.813,0.01,5,5960.761,4797.047
66.94,195.815,0.01,5,5960.829,4797.922
66.95,195.817,0.01,5,5960.896,4798.797
66.96,195.82,0.01,5,5960.964,4799.673
66.97,195.822,0.01,5,5961.031,4800.548
66.98,195.824,0.01,5,5961.099,4801.424
66.99,195.826,0.01,5,5961.166,4802.299
67,195.828,0.01,5,5961.234,4803.174
67.01,195.831,0.01,5,5961.301,4804.05
67.02,195.833,0.01,5,5961.368,4804.925
67.03,195.835,0.01,5,5961.436,4805.801
67.04,195.837,0.01,5,5961.503,4806.676
67.05,195.84,0.01,5,5961.57,4807.552
67.06,195.842,0.01,5,5961.637,4808.427
67.07,195.844,0.01,5,5961.705,4809.303
67.08,195.846,0.01,5,5961.772,4810.178
67.09,195.848,0.01,5,5961.839,4811.054
67.1,195.851,0.01,5,5961.906,4811.929
67.11,195.853,0.01,5,5961.973,4812.805
67.12,195.855,0.01,5,5962.04,4813.68
67.13,195.857,0.01,5,5962.107,4814.556
67.14,195.859,0.01,5,5962.174,4815.431
67.15,195.862,0.01,5,5962.241,4816.307
67.16,195.864,0.01,5,5962.307,4817.183
67.17,195.866,0.01,5,5962.374,4818.058
67.18,195.868,0.01,5,5962.441,4818.934
67.19,195.87,0.01,5,5962.508,4819.809
67.2,195.873,0.01,5,5962.575,4820.685
67.21,195.875,0.01,5,5962.641,4821.561
67.22,195.877,0.01,5,5962.708,4822.436
67.23,195.879,0.01,5,5962.775,4823.312
67.24,195.881,0.01,5,5962.841,4824.188
67.25,195.883,0.01,5,5962.908,4825.063
67.26,195.886,0.01,5,5962.974,4825.939
67.27,195.888,0.01,5,5963.041,4826.815
67.28,195.89,0.01,5,5963.107,4827.69
67.29,195.892,0.01,5,5963.174,4828.566
67.3,195.894,0.01,5,5963.24,4829.442
67.31,195.897,0.01,5,5963.306,4830.318
67.32,195.899,0.01,5,5963.373,4831.193
67.33,195.901,0.01,5,5963.439,4832.069
67.34,195.903,0.01,5,5963.505,4832.945
67.35,195.905,0.01,5,5963.572,4833.821
67.36,195.907,0.01,5,5963.638,4834.696
67.37,195.91,0.01,5,5963.704,4835.572
67.38,195.912,0.01,5,5963.77,4836.448
67.39,195.914,0.01,5,5963.836,4837.324
67.4,195.916,0.01,5,5963.902,4838.2
67.41,195.918,0.01,5,5963.968,4839.076
67.42,195.92,0.01,5,5964.034,4839.951
67.43,195.923,0.01,5,5964.1,4840.827
67.44,195.925,0.01,5,5964.166,4841.703
67.45,195.927,0.01,5,5964.232,4842.579
67.46,195.929,0.01,5,5964.298,4843.455
67.47,195.931,0.01,5,5964.364,4844.331
67.48,195.933,0.01,5,5964.43,4845.207
67.49,195.936,0.01,5,5964.495,4846.083
67.5,195.938,0.01,5,5964.561,4846.958
67.51,195.94,0.01,5,5964.627,4847.834
67.52,195.942,0.01,5,5964.693,4848.71
67.53,195.944,0.01,5,5964.758,4849.586
67.54,195.946,0.01,5,5964.824,4850.462
67.55,195.949,0.01,5,5964.889,4851.338
67.56,195.951,0.01,5,5964.955,4852.214
67.57,195.953,0.01,5,5965.021,4853.09
67.58,195.955,0.01,5,5965.086,4853.966
67.59,195.957,0.01,5,5965.151,4854.842
67.6,195.959,0.01,5,5965.217,4855.718
67.61,195.961,0.01,5,5965.282,4856.594
67.62,195.964,0.01,5,5965.348,4857.47
67.63,195.966,0.01,5,5965.413,4858.346
67.64,195.968,0.01,5,5965.478,4859.222
67.65,195.97,0.01,5,5965.544,4860.098
67.66,195.972,0.01,5,5965.609,4860.974
67.67,195.974,0.01,5,5965.674,4861.851
67.68,195.976,0.01,5,5965.739,4862.727
67.69,195.979,0.01,5,5965.804,4863.603
67.7,195.981,0.01,5,5965.869,4864.479
67.71,195.983,0.01,5,5965.934,4865.355
67.72,195.985,0.01,5,5965.999,4866.231
67.73,195.987,0.01,5,5966.064,4867.107
67.74,195.989,0.01,5,5966.129,4867.983
67.75,195.991,0.01,5,5966.194,4868.86
67.76,195.994,0.01,5,5966.259,4869.736
67.77,195.996,0.01,5,5966.324,4870.612
67.78,195.998,0.01,5,5966.389,4871.488
67.79,196,0.01,5,5966.454,4872.364
67.8,196.002,0.01,5,5966.519,4873.24
67.81,196.004,0.01,5,5966.583,4874.117
67.82,196.006,0.01,5,5966.648,4874.993
67.83,196.008,0.01,5,5966.713,4875.869
67.84,196.011,0.01,5,5966.777,4876.745
67.85,196.013,0.01,5,5966.842,4877.622
67.86,196.015,0.01,5,5966.907,4878.498
67.87,196.017,0.01,5,5966.971,4879.374
67.88,196.019,0.01,5,5967.036,4880.25
67.89,196.021,0.01,5,5967.1,4881.127
67.9,196.023,0.01,5,5967.165,4882.003
67.91,196.025,0.01,5,5967.229,4882.879
67.92,196.028,0.01,5,5967.293,4883.756
67.93,196.03,0.01,5,5967.358,4884.632
67.94,196.032,0.01,5,5967.422,4885.508
67.95,196.034,0.01,5,5967.486,4886.385
67.96,196.036,0.01,5,5967.551,4887.261
67.97,196.038,0.01,5,5967.615,4888.137
67.98,196.04,0.01,5,5967.679,4889.014
67.99,196.042,0.01,5,5967.743,4889.89
68,196.044,0.01,5,5967.807,4890.767
68.01,196.047,0.01,5,5967.871,4891.643
68.02,196.049,0.01,5,5967.936,4892.519
68.03,196.051,0.01,5,5968,4893.396
68.04,196.053,0.01,5,5968.064,4894.272
68.05,196.055,0.01,5,5968.128,4895.149
68.06,196.057,0.01,5,5968.192,4896.025
68.07,196.059,0.01,5,5968.255,4896.902
68.08,196.061,0.01,5,5968.319,4897.778
68.09,196.063,0.01,5,5968.383,4898.655
68.1,196.065,0.01,5,5968.447,4899.531
68.11,196.068,0.01,5,5968.511,4900.408
68.12,196.07,0.01,5,5968.575,4901.284
68.13,196.072,0.01,5,5968.638,4902.161
68.14,196.074,0.01,5,5968.702,4903.037
68.15,196.076,0.01,5,5968.766,4903.914
68.16,196.078,0.01,5,5968.829,4904.79
68.17,196.08,0.01,5,5968.893,4905.667
68.18,196.082,0.01,5,5968.956,4906.543
68.19,196.084,0.01,5,5969.02,4907.42
68.2,196.086,0.01,5,5969.083,4908.296
68.21,196.088,0.009,5,5969.147,4909.173
68.22,196.091,0.009,5,5969.21,4910.05
68.23,196.093,0.009,5,5969.274,4910.926
68.24,196.095,0.009,5,5969.337,4911.803
68.25,196.097,0.009,5,5969.401,4912.68
68.26,196.099,0.009,5,5969.464,4913.556
68.27,196.101,0.009,5,5969.527,4914.433
68.28,196.103,0.009,5,5969.59,4915.309
68.29,196.105,0.009,5,5969.654,4916.186
68.3,196.107,0.009,5,5969.717,4917.063
68.31,196.109,0.009,5,5969.78,4917.939
68.32,196.111,0.009,5,5969.843,4918.816
68.33,196.113,0.009,5,5969.906,4919.693
68.34,196.115,0.009,5,5969.969,4920.57
68.35,196.118,0.009,5,5970.032,4921.446
68.36,196.12,0.009,5,5970.095,4922.323
68.37,196.122,0.009,5,5970.158,4923.2
68.38,196.124,0.009,5,5970.221,4924.077
68.39,196.126,0.009,5,5970.284,4924.953
68.4,196.128,0.009,5,5970.347,4925.83
68.41,196.13,0.009,5,5970.41,4926.707
68.42,196.132,0.009,5,5970.473,4927.584
68.43,196.134,0.009,5,5970.535,4928.46
68.44,196.136,0.009,5,5970.598,4929.337
68.45,196.138,0.009,5,5970.661,4930.214
68.46,196.14,0.009,5,5970.724,4931.091
68.47,196.142,0.009,5,5970.786,4931.968
68.48,196.144,0.009,5,5970.849,4932.845
68.49,196.146,0.009,5,5970.912,4933.721
68.5,196.148,0.009,5,5970.974,4934.598
68.51,196.15,0.009,5,5971.037,4935.475
68.52,196.153,0.009,5,5971.099,4936.352
68.53,196.155,0.009,5,5971.162,4937.229
68.54,196.157,0.009,5,5971.224,4938.106
68.55,196.159,0.009,5,5971.286,4938.983
68.56,196.161,0.009,5,5971.349,4939.86
68.57,196.163,0.009,5,5971.411,4940.737
68.58,196.165,0.009,5,5971.474,4941.613
68.59,196.167,0.009,5,5971.536,4942.49
68.6,196.169,0.009,5,5971.598,4943.367
68.61,196.171,0.009,5,5971.66,4944.244
68.62,196.173,0.009,5,5971.723,4945.121
68.63,196.175,0.009,5,5971.785,4945.998
68.64,196.177,0.009,5,5971.847,4946.875
68.65,196.179,0.009,5,5971.909,4947.752
68.66,196.181,0.009,5,5971.971,4948.629
68.67,196.183,0.009,5,5972.033,4949.506
68.68,196.185,0.009,5,5972.095,4950.383
68.69,196.187,0.009,5,5972.157,4951.26
68.7,196.189,0.009,5,5972.219,4952.137
68.71,196.191,0.009,5,5972.281,4953.014
68.72,196.193,0.009,5,5972.343,4953.892
68.73,196.195,0.009,5,5972.405,4954.769
68.74,196.197,0.009,5,5972.466,4955.646
68.75,196.2,0.009,5,5972.528,4956.523
68.76,196.202,0.009,5,5972.59,4957.4
68.77,196.204,0.009,5,5972.652,4958.277
68.78,196.206,0.009,5,5972.713,4959.154
68.79,196.208,0.009,5,5972.775,4960.031
68.8,196.21,0.009,5,5972.837,4960.908
68.81,196.212,0.009,5,5972.898,4961.785
68.82,196.214,0.009,5,5972.96,4962.663
68.83,196.216,0.009,5,5973.022,4963.54
68.84,196.218,0.009,5,5973.083,4964.417
68.85,196.22,0.009,5,5973.145,4965.294
68.86,196.222,0.009,5,5973.206,4966.171
68.87,196.224,0.009,5,5973.267,4967.049
68.88,196.226,0.009,5,5973.329,4967.926
68.89,196.228,0.009,5,5973.39,4968.803
68.9,196.23,0.009,5,5973.452,4969.68
68.91,196.232,0.009,5,5973.513,4970.557
68.92,196.234,0.009,5,5973.574,4971.435
68.93,196.236,0.009,5,5973.635,4972.312
68.94,196.238,0.009,5,5973.697,4973.189
68.95,196.24,0.009,5,5973.758,4974.066
68.96,196.242,0.009,5,5973.819,4974.944
68.97,196.244,0.009,5,5973.88,4975.821
68.98,196.246,0.009,5,5973.941,4976.698
68.99,196.248,0.009,5,5974.002,4977.576
69,196.25,0.009,5,5974.063,4978.453
69.01,196.252,0.009,5,5974.124,4979.33
69.02,196.254,0.009,5,5974.185,4980.208
69.03,196.256,0.009,5,5974.246,4981.085
69.04,196.258,0.009,5,5974.307,4981.962
69.05,196.26,0.009,5,5974.368,4982.84
69.06,196.262,0.009,5,5974.429,4983.717
69.07,196.264,0.009,5,5974.49,4984.594
69.08,196.266,0.009,5,5974.551,4985.472
69.09,196.268,0.009,5,5974.611,4986.349
69.1,196.27,0.009,5,5974.672,4987.227
69.11,196.272,0.009,5,5974.733,4988.104
69.12,196.274,0.009,5,5974.793,4988.981
69.13,196.276,0.009,5,5974.854,4989.859
69.14,196.278,0.009,5,5974.915,4990.736
69.15,196.28,0.009,5,5974.975,4991.614
69.16,196.282,0.009,5,5975.036,4992.491
69.17,196.284,0.009,5,5975.096,4993.369
69.18,196.286,0.009,5,5975.157,4994.246
69.19,196.288,0.009,5,5975.217,4995.124
69.2,196.29,0.009,5,5975.278,4996.001
69.21,196.292,0.009,5,5975.338,4996.879
69.22,196.294,0.009,5,5975.399,4997.756
69.23,196.296,0.009,5,5975.459,4998.634
69.24,196.298,0.009,5,5975.519,4999.511
69.25,196.3,0.009,5,5975.579,5000.389
69.26,196.302,0.009,5,5975.64,5001.266
69.27,196.304,0.009,5,5975.7,5002.144
69.28,196.306,0.009,5,5975.76,5003.021
69.29,196.308,0.009,5,5975.82,5003.899
69.3,196.31,0.009,5,5975.88,5004.776
69.31,196.312,0.009,5,5975.941,5005.654
69.32,196.314,0.009,5,5976.001,5006.532
69.33,196.316,0.009,5,5976.061,5007.409
69.34,196.318,0.009,5,5976.121,5008.287
69.35,196.319,0.009,5,5976.181,5009.165
69.36,196.321,0.009,5,5976.241,5010.042
69.37,196.323,0.009,5,5976.301,5010.92
69.38,196.325,0.009,5,5976.36,5011.797
69.39,196.327,0.009,5,5976.42,5012.675
69.4,196.329,0.009,5,5976.48,5013.553
69.41,196.331,0.009,5,5976.54,5014.43
69.42,196.333,0.009,5,5976.6,5015.308
69.43,196.335,0.009,5,5976.659,5016.186
69.44,196.337,0.009,5,5976.719,5017.064
69.45,196.339,0.009,5,5976.779,5017.941
69.46,196.341,0.009,5,5976.839,5018.819
69.47,196.343,0.009,5,5976.898,5019.697
69.48,196.345,0.009,5,5976.958,5020.574
69.49,196.347,0.009,5,5977.017,5021.452
69.5,196.349,0.009,5,5977.077,5022.33
69.51,196.351,0.009,5,5977.136,5023.208
69.52,196.353,0.009,5,5977.196,5024.085
69.53,196.355,0.009,5,5977.255,5024.963
69.54,196.357,0.009,5,5977.315,5025.841
69.55,196.359,0.009,5,5977.374,5026.719
69.56,196.361,0.009,5,5977.434,5027.597
69.57,196.363,0.009,5,5977.493,5028.474
69.58,196.365,0.009,5,5977.552,5029.352
69.59,196.366,0.009,5,5977.611,5030.23
69.6,196.368,0.009,5,5977.671,5031.108
69.61,196.37,0.009,5,5977.73,5031.986
69.62,196.372,0.009,5,5977.789,5032.864
69.63,196.374,0.009,5,5977.848,5033.742
69.64,196.376,0.009,5,5977.907,5034.619
69.65,196.378,0.009,5,5977.966,5035.497
69.66,196.38,0.009,5,5978.026,5036.375
69.67,196.382,0.009,5,5978.085,5037.253
69.68,196.384,0.009,5,5978.144,5038.131
69.69,196.386,0.009,5,5978.203,5039.009
69.7,196.388,0.009,5,5978.262,5039.887
69.71,196.39,0.009,5,5978.32,5040.765
69.72,196.392,0.009,5,5978.379,5041.643
69.73,196.394,0.009,5,5978.438,5042.521
69.74,196.396,0.009,5,5978.497,5043.399
69.75,196.398,0.009,5,5978.556,5044.277
69.76,196.399,0.009,5,5978.615,5045.155
69.77,196.401,0.009,5,5978.673,5046.033
69.78,196.403,0.009,5,5978.732,5046.911
69.79,196.405,0.009,5,5978.791,5047.789
69.8,196.407,0.009,5,5978.849,5048.667
69.81,196.409,0.009,5,5978.908,5049.545
69.82,196.411,0.009,5,5978.967,5050.423
69.83,196.413,0.009,5,5979.025,5051.301
69.84,196.415,0.009,5,5979.084,5052.179
69.85,196.417,0.009,5,5979.142,5053.057
69.86,196.419,0.009,5,5979.201,5053.935
69.87,196.421,0.009,5,5979.259,5054.813
69.88,196.423,0.009,5,5979.318,5055.691
69.89,196.424,0.009,5,5979.376,5056.569
69.9,196.426,0.009,5,5979.435,5057.447
69.91,196.428,0.009,5,5979.493,5058.325
69.92,196.43,0.009,5,5979.551,5059.204
69.93,196.432,0.009,5,5979.609,5060.082
69.94,196.434,0.009,5,5979.668,5060.96
69.95,196.436,0.009,5,5979.726,5061.838
69.96,196.438,0.009,5,5979.784,5062.716
69.97,196.44,0.009,5,5979.842,5063.594
69.98,196.442,0.009,5,5979.9,5064.472
69.99,196.444,0.009,5,5979.959,5065.351
70,196.445,0.009,5,5980.017,5066.229
70.01,196.447,0.009,5,5980.075,5067.107
70.02,196.449,0.009,5,5980.133,5067.985
70.03,196.451,0.009,5,5980.191,5068.863
70.04,196.453,0.009,5,5980.249,5069.742
70.05,196.455,0.009,5,5980.307,5070.62
70.06,196.457,0.009,5,5980.365,5071.498
70.07,196.459,0.009,5,5980.422,5072.376
70.08,196.461,0.009,5,5980.48,5073.255
70.09,196.463,0.009,5,5980.538,5074.133
70.1,196.465,0.009,5,5980.596,5075.011
70.11,196.466,0.009,5,5980.654,5075.889
70.12,196.468,0.009,5,5980.711,5076.768
70.13,196.47,0.009,5,5980.769,5077.646
70.14,196.472,0.009,5,5980.827,5078.524
70.15,196.474,0.009,5,5980.884,5079.403
70.16,196.476,0.009,5,5980.942,5080.281
70.17,196.478,0.009,5,5981,5081.159
70.18,196.48,0.009,5,5981.057,5082.038
70.19,196.482,0.009,5,5981.115,5082.916
70.2,196.483,0.009,5,5981.172,5083.794
70.21,196.485,0.009,5,5981.23,5084.673
70.22,196.487,0.009,5,5981.287,5085.551
70.23,196.489,0.009,5,5981.345,5086.43
70.24,196.491,0.009,5,5981.402,5087.308
70.25,196.493,0.009,5,5981.459,5088.186
70.26,196.495,0.009,5,5981.517,5089.065
70.27,196.497,0.009,5,5981.574,5089.943
70.28,196.499,0.009,5,5981.631,5090.822
70.29,196.5,0.009,5,5981.689,5091.7
70.3,196.502,0.009,5,5981.746,5092.578
70.31,196.504,0.009,5,5981.803,5093.457
70.32,196.506,0.009,5,5981.86,5094.335
70.33,196.508,0.009,5,5981.917,5095.214
70.34,196.51,0.009,5,5981.974,5096.092
70.35,196.512,0.009,5,5982.031,5096.971
70.36,196.514,0.009,5,5982.089,5097.849
70.37,196.515,0.009,5,5982.146,5098.728
70.38,196.517,0.009,5,5982.203,5099.606
70.39,196.519,0.009,5,5982.26,5100.485
70.4,196.521,0.009,5,5982.316,5101.363
70.41,196.523,0.009,5,5982.373,5102.242
70.42,196.525,0.009,5,5982.43,5103.12
70.43,196.527,0.009,5,5982.487,5103.999
70.44,196.529,0.009,5,5982.544,5104.878
70.45,196.53,0.008,5,5982.601,5105.756
70.46,196.532,0.008,5,5982.658,5106.635
70.47,196.534,0.008,5,5982.714,5107.513
70.48,196.536,0.008,5,5982.771,5108.392
70.49,196.538,0.008,5,5982.828,5109.27
70.5,196.54,0.008,5,5982.884,5110.149
70.51,196.542,0.008,5,5982.941,5111.028
70.52,196.543,0.008,5,5982.998,5111.906
70.53,196.545,0.008,5,5983.054,5112.785
70.54,196.547,0.008,5,5983.111,5113.664
70.55,196.549,0.008,5,5983.167,5114.542
70.56,196.551,0.008,5,5983.224,5115.421
70.57,196.553,0.008,5,5983.28,5116.3
70.58,196.555,0.008,5,5983.337,5117.178
70.59,196.556,0.008,5,5983.393,5118.057
70.6,196.558,0.008,5,5983.449,5118.936
70.61,196.56,0.008,5,5983.506,5119.814
70.62,196.562,0.008,5,5983.562,5120.693
70.63,196.564,0.008,5,5983.618,5121.572
70.64,196.566,0.008,5,5983.675,5122.45
70.65,196.568,0.008,5,5983.731,5123.329
70.66,196.569,0.008,5,5983.787,5124.208
70.67,196.571,0.008,5,5983.843,5125.087
70.68,196.573,0.008,5,5983.899,5125.965
70.69,196.575,0.008,5,5983.956,5126.844
70.7,196.577,0.008,5,5984.012,5127.723
70.71,196.579,0.008,5,5984.068,5128.602
70.72,196.58,0.008,5,5984.124,5129.481
70.73,196.582,0.008,5,5984.18,5130.359
70.74,196.584,0.008,5,5984.236,5131.238
70.75,196.586,0.008,5,5984.292,5132.117
70.76,196.588,0.008,5,5984.348,5132.996
70.77,196.59,0.008,5,5984.404,5133.875
70.78,196.591,0.008,5,5984.459,5134.753
70.79,196.593,0.008,5,5984.515,5135.632
70.8,196.595,0.008,5,5984.571,5136.511
70.81,196.597,0.008,5,5984.627,5137.39
70.82,196.599,0.008,5,5984.683,5138.269
70.83,196.601,0.008,5,5984.738,5139.148
70.84,196.602,0.008,5,5984.794,5140.027
70.85,196.604,0.008,5,5984.85,5140.906
70.86,196.606,0.008,5,5984.905,5141.785
70.87,196.608,0.008,5,5984.961,5142.663
70.88,196.61,0.008,5,5985.017,5143.542
70.89,196.612,0.008,5,5985.072,5144.421
70.9,196.613,0.008,5,5985.128,5145.3
70.91,196.615,0.008,5,5985.183,5146.179
70.92,196.617,0.008,5,5985.239,5147.058
70.93,196.619,0.008,5,5985.294,5147.937
70.94,196.621,0.008,5,5985.35,5148.816
70.95,196.623,0.008,5,5985.405,5149.695
70.96,196.624,0.008,5,5985.46,5150.574
70.97,196.626,0.008,5,5985.516,5151.453
70.98,196.628,0.008,5,5985.571,5152.332
70.99,196.63,0.008,5,5985.626,5153.211
71,196.632,0.008,5,5985.682,5154.09
71.01,196.633,0.008,5,5985.737,5154.969
71.02,196.635,0.008,5,5985.792,5155.848
71.03,196.637,0.008,5,5985.847,5156.727
71.04,196.639,0.008,5,5985.902,5157.606
71.05,196.641,0.008,5,5985.958,5158.485
71.06,196.642,0.008,5,5986.013,5159.364
71.07,196.644,0.008,5,5986.068,5160.243
71.08,196.646,0.008,5,5986.123,5161.123
71.09,196.648,0.008,5,5986.178,5162.002
71.1,196.65,0.008,5,5986.233,5162.881
71.11,196.652,0.008,5,5986.288,5163.76
71.12,196.653,0.008,5,5986.343,5164.639
71.13,196.655,0.008,5,5986.398,5165.518
71.14,196.657,0.008,5,5986.453,5166.397
71.15,196.659,0.008,5,5986.507,5167.276
71.16,196.661,0.008,5,5986.562,5168.155
71.17,196.662,0.008,5,5986.617,5169.035
71.18,196.664,0.008,5,5986.672,5169.914
71.19,196.666,0.008,5,5986.727,5170.793
71.2,196.668,0.008,5,5986.781,5171.672
71.21,196.67,0.008,5,5986.836,5172.551
71.22,196.671,0.008,5,5986.891,5173.431
71.23,196.673,0.008,5,5986.945,5174.31
71.24,196.675,0.008,5,5987,5175.189
71.25,196.677,0.008,5,5987.055,5176.068
71.26,196.678,0.008,5,5987.109,5176.947
71.27,196.68,0.008,5,5987.164,5177.827
71.28,196.682,0.008,5,5987.218,5178.706
71.29,196.684,0.008,5,5987.273,5179.585
71.3,196.686,0.008,5,5987.327,5180.464
71.31,196.687,0.008,5,5987.381,5181.344
71.32,196.689,0.008,5,5987.436,5182.223
71.33,196.691,0.008,5,5987.49,5183.102
71.34,196.693,0.008,5,5987.545,5183.982
71.35,196.695,0.008,5,5987.599,5184.861
71.36,196.696,0.008,5,5987.653,5185.74
71.37,196.698,0.008,5,5987.707,5186.619
71.38,196.7,0.008,5,5987.762,5187.499
71.39,196.702,0.008,5,5987.816,5188.378
71.4,196.703,0.008,5,5987.87,5189.257
71.41,196.705,0.008,5,5987.924,5190.137
71.42,196.707,0.008,5,5987.978,5191.016
71.43,196.709,0.008,5,5988.032,5191.896
71.44,196.711,0.008,5,5988.087,5192.775
71.45,196.712,0.008,5,5988.141,5193.654
71.46,196.714,0.008,5,5988.195,5194.534
71.47,196.716,0.008,5,5988.249,5195.413
71.48,196.718,0.008,5,5988.303,5196.292
71.49,196.719,0.008,5,5988.357,5197.172
71.5,196.721,0.008,5,5988.41,5198.051
71.51,196.723,0.008,5,5988.464,5198.931
71.52,196.725,0.008,5,5988.518,5199.81
71.53,196.727,0.008,5,5988.572,5200.69
71.54,196.728,0.008,5,5988.626,5201.569
71.55,196.73,0.008,5,5988.68,5202.449
71.56,196.732,0.008,5,5988.733,5203.328
71.57,196.734,0.008,5,5988.787,5204.208
71.58,196.735,0.008,5,5988.841,5205.087
71.59,196.737,0.008,5,5988.894,5205.966
71.6,196.739,0.008,5,5988.948,5206.846
71.61,196.741,0.008,5,5989.002,5207.725
71.62,196.742,0.008,5,5989.055,5208.605
71.63,196.744,0.008,5,5989.109,5209.485
71.64,196.746,0.008,5,5989.162,5210.364
71.65,196.748,0.008,5,5989.216,5211.244
71.66,196.749,0.008,5,5989.269,5212.123
71.67,196.751,0.008,5,5989.323,5213.003
71.68,196.753,0.008,5,5989.376,5213.882
71.69,196.755,0.008,5,5989.43,5214.762
71.7,196.756,0.008,5,5989.483,5215.641
71.71,196.758,0.008,5,5989.536,5216.521
71.72,196.76,0.008,5,5989.59,5217.401
71.73,196.762,0.008,5,5989.643,5218.28
71.74,196.763,0.008,5,5989.696,5219.16
71.75,196.765,0.008,5,5989.75,5220.039
71.76,196.767,0.008,5,5989.803,5220.919
71.77,196.769,0.008,5,5989.856,5221.799
71.78,196.77,0.008,5,5989.909,5222.678
71.79,196.772,0.008,5,5989.962,5223.558
71.8,196.774,0.008,5,5990.015,5224.438
71.81,196.776,0.008,5,5990.068,5225.317
71.82,196.777,0.008,5,5990.122,5226.197
71.83,196.779,0.008,5,5990.175,5227.077
71.84,196.781,0.008,5,5990.228,5227.956
71.85,196.783,0.008,5,5990.281,5228.836
71.86,196.784,0.008,5,5990.334,5229.716
71.87,196.786,0.008,5,5990.386,5230.595
71.88,196.788,0.008,5,5990.439,5231.475
71.89,196.79,0.008,5,5990.492,5232.355
71.9,196.791,0.008,5,5990.545,5233.235
71.91,196.793,0.008,5,5990.598,5234.114
71.92,196.795,0.008,5,5990.651,5234.994
71.93,196.797,0.008,5,5990.703,5235.874
71.94,196.798,0.008,5,5990.756,5236.754
71.95,196.8,0.008,5,5990.809,5237.633
71.96,196.802,0.008,5,5990.862,5238.513
71.97,196.803,0.008,5,5990.914,5239.393
71.98,196.805,0.008,5,5990.967,5240.273
71.99,196.807,0.008,5,5991.02,5241.153
72,196.809,0.008,5,5991.072,5242.032
72.01,196.81,0.008,5,5991.125,5242.912
72.02,196.812,0.008,5,5991.177,5243.792
72.03,196.814,0.008,5,5991.23,5244.672
72.04,196.816,0.008,5,5991.282,5245.552
72.05,196.817,0.008,5,5991.335,5246.432
72.06,196.819,0.008,5,5991.387,5247.311
72.07,196.821,0.008,5,5991.44,5248.191
72.08,196.822,0.008,5,5991.492,5249.071
72.09,196.824,0.008,5,5991.544,5249.951
72.1,196.826,0.008,5,5991.597,5250.831
72.11,196.828,0.008,5,5991.649,5251.711
72.12,196.829,0.008,5,5991.701,5252.591
72.13,196.831,0.008,5,5991.753,5253.471
72.14,196.833,0.008,5,5991.806,5254.351
72.15,196.834,0.008,5,5991.858,5255.231
72.16,196.836,0.008,5,5991.91,5256.11
72.17,196.838,0.008,5,5991.962,5256.99
72.18,196.84,0.008,5,5992.014,5257.87
72.19,196.841,0.008,5,5992.066,5258.75
72.2,196.843,0.008,5,5992.118,5259.63
72.21,196.845,0.008,5,5992.171,5260.51
72.22,196.846,0.008,5,5992.223,5261.39
72.23,196.848,0.008,5,5992.275,5262.27
72.24,196.85,0.008,5,5992.326,5263.15
72.25,196.852,0.008,5,5992.378,5264.03
72.26,196.853,0.008,5,5992.43,5264.91
72.27,196.855,0.008,5,5992.482,5265.79
72.28,196.857,0.008,5,5992.534,5266.67
72.29,196.858,0.008,5,5992.586,5267.55
72.3,196.86,0.008,5,5992.638,5268.43
72.31,196.862,0.008,5,5992.69,5269.31
72.32,196.864,0.008,5,5992.741,5270.19
72.33,196.865,0.008,5,5992.793,5271.071
72.34,196.867,0.008,5,5992.845,5271.951
72.35,196.869,0.008,5,5992.896,5272.831
72.36,196.87,0.008,5,5992.948,5273.711
72.37,196.872,0.008,5,5993,5274.591
72.38,196.874,0.008,5,5993.051,5275.471
72.39,196.875,0.008,5,5993.103,5276.351
72.4,196.877,0.008,5,5993.154,5277.231
72.41,196.879,0.008,5,5993.206,5278.111
72.42,196.88,0.008,5,5993.257,5278.991
72.43,196.882,0.008,5,5993.309,5279.872
72.44,196.884,0.008,5,5993.36,5280.752
72.45,196.886,0.008,5,5993.412,5281.632
72.46,196.887,0.008,5,5993.463,5282.512
72.47,196.889,0.008,5,5993.515,5283.392
72.48,196.891,0.008,5,5993.566,5284.272
72.49,196.892,0.008,5,5993.617,5285.153
72.5,196.894,0.008,5,5993.669,5286.033
72.51,196.896,0.008,5,5993.72,5286.913
72.52,196.897,0.008,5,5993.771,5287.793
72.53,196.899,0.008,5,5993.822,5288.673
72.54,196.901,0.008,5,5993.873,5289.554
72.55,196.902,0.008,5,5993.925,5290.434
72.56,196.904,0.008,5,5993.976,5291.314
72.57,196.906,0.008,5,5994.027,5292.194
72.58,196.907,0.008,5,5994.078,5293.075
72.59,196.909,0.008,5,5994.129,5293.955
72.6,196.911,0.008,5,5994.18,5294.835
72.61,196.912,0.008,5,5994.231,5295.715
72.62,196.914,0.008,5,5994.282,5296.596
72.63,196.916,0.008,5,5994.333,5297.476
72.64,196.917,0.008,5,5994.384,5298.356
72.65,196.919,0.008,5,5994.435,5299.237
72.66,196.921,0.008,5,5994.486,5300.117
72.67,196.922,0.008,5,5994.537,5300.997
72.68,196.924,0.008,5,5994.588,5301.878
72.69,196.926,0.008,5,5994.638,5302.758
72.7,196.927,0.008,5,5994.689,5303.638
72.71,196.929,0.008,5,5994.74,5304.519
72.72,196.931,0.008,5,5994.791,5305.399
72.73,196.932,0.008,5,5994.841,5306.279
72.74,196.934,0.008,5,5994.892,5307.16
72.75,196.936,0.008,5,5994.943,5308.04
72.76,196.937,0.008,5,5994.993,5308.92
72.77,196.939,0.008,5,5995.044,5309.801
72.78,196.941,0.008,5,5995.095,5310.681
72.79,196.942,0.008,5,5995.145,5311.562
72.8,196.944,0.008,5,5995.196,5312.442
72.81,196.946,0.008,5,5995.246,5313.322
72.82,196.947,0.008,5,5995.297,5314.203
72.83,196.949,0.008,5,5995.347,5315.083
72.84,196.951,0.008,5,5995.398,5315.964
72.85,196.952,0.008,5,5995.448,5316.844
72.86,196.954,0.008,5,5995.498,5317.725
72.87,196.956,0.008,5,5995.549,5318.605
72.88,196.957,0.008,5,5995.599,5319.486
72.89,196.959,0.008,5,5995.649,5320.366
72.9,196.961,0.008,5,5995.7,5321.247
72.91,196.962,0.008,5,5995.75,5322.127
72.92,196.964,0.008,5,5995.8,5323.008
72.93,196.966,0.008,5,5995.85,5323.888
72.94,196.967,0.008,5,5995.901,5324.769
72.95,196.969,0.008,5,5995.951,5325.649
72.96,196.971,0.008,5,5996.001,5326.53
72.97,196.972,0.007,5,5996.051,5327.41
72.98,196.974,0.007,5,5996.101,5328.291
72.99,196.976,0.007,5,5996.151,5329.171
73,196.977,0.007,5,5996.201,5330.052
73.01,196.979,0.007,5,5996.251,5330.933
73.02,196.98,0.007,5,5996.301,5331.813
73.03,196.982,0.007,5,5996.351,5332.694
73.04,196.984,0.007,5,5996.401,5333.574
73.05,196.985,0.007,5,5996.451,5334.455
73.06,196.987,0.007,5,5996.501,5335.335
73.07,196.989,0.007,5,5996.551,5336.216
73.08,196.99,0.007,5,5996.601,5337.097
73.09,196.992,0.007,5,5996.65,5337.977
73.1,196.994,0.007,5,5996.7,5338.858
73.11,196.995,0.007,5,5996.75,5339.739
73.12,196.997,0.007,5,5996.8,5340.619
73.13,196.998,0.007,5,5996.849,5341.5
73.14,197,0.007,5,5996.899,5342.381
73.15,197.002,0.007,5,5996.949,5343.261
73.16,197.003,0.007,5,5996.998,5344.142
73.17,197.005,0.007,5,5997.048,5345.023
73.18,197.007,0.007,5,5997.098,5345.903
73.19,197.008,0.007,5,5997.147,5346.784
73.2,197.01,0.007,5,5997.197,5347.665
73.21,197.011,0.007,5,5997.246,5348.546
73.22,197.013,0.007,5,5997.296,5349.426
73.23,197.015,0.007,5,5997.345,5350.307
73.24,197.016,0.007,5,5997.395,5351.188
73.25,197.018,0.007,5,5997.444,5352.068
73.26,197.02,0.007,5,5997.493,5352.949
73.27,197.021,0.007,5,5997.543,5353.83
73.28,197.023,0.007,5,5997.592,5354.711
73.29,197.024,0.007,5,5997.641,5355.592
73.3,197.026,0.007,5,5997.691,5356.472
73.31,197.028,0.007,5,5997.74,5357.353
73.32,197.029,0.007,5,5997.789,5358.234
73.33,197.031,0.007,5,5997.838,5359.115
73.34,197.033,0.007,5,5997.888,5359.996
73.35,197.034,0.007,5,5997.937,5360.876
73.36,197.036,0.007,5,5997.986,5361.757
73.37,197.037,0.007,5,5998.035,5362.638
73.38,197.039,0.007,5,5998.084,5363.519
73.39,197.041,0.007,5,5998.133,5364.4
73.4,197.042,0.007,5,5998.182,5365.281
73.41,197.044,0.007,5,5998.231,5366.161
73.42,197.045,0.007,5,5998.28,5367.042
73.43,197.047,0.007,5,5998.329,5367.923
73.44,197.049,0.007,5,5998.378,5368.804
73.45,197.05,0.007,5,5998.427,5369.685
73.46,197.052,0.007,5,5998.476,5370.566
73.47,197.054,0.007,5,5998.525,5371.447
73.48,197.055,0.007,5,5998.574,5372.328
73.49,197.057,0.007,5,5998.623,5373.209
73.5,197.058,0.007,5,5998.671,5374.09
73.51,197.06,0.007,5,5998.72,5374.97
73.52,197.062,0.007,5,5998.769,5375.851
73.53,197.063,0.007,5,5998.818,5376.732
73.54,197.065,0.007,5,5998.866,5377.613
73.55,197.066,0.007,5,5998.915,5378.494
73.56,197.068,0.007,5,5998.964,5379.375
73.57,197.07,0.007,5,5999.012,5380.256
73.58,197.071,0.007,5,5999.061,5381.137
73.59,197.073,0.007,5,5999.11,5382.018
73.6,197.074,0.007,5,5999.158,5382.899
73.61,197.076,0.007,5,5999.207,5383.78
73.62,197.077,0.007,5,5999.255,5384.661
73.63,197.079,0.007,5,5999.304,5385.542
73.64,197.081,0.007,5,5999.352,5386.423
73.65,197.082,0.007,5,5999.401,5387.304
73.66,197.084,0.007,5,5999.449,5388.185
73.67,197.085,0.007,5,5999.498,5389.066
73.68,197.087,0.007,5,5999.546,5389.947
73.69,197.089,0.007,5,5999.594,5390.828
73.7,197.09,0.007,5,5999.643,5391.71
73.71,197.092,0.007,5,5999.691,5392.591
73.72,197.093,0.007,5,5999.739,5393.472
73.73,197.095,0.007,5,5999.787,5394.353
73.74,197.097,0.007,5,5999.836,5395.234
73.75,197.098,0.007,5,5999.884,5396.115
73.76,197.1,0.007,5,5999.932,5396.996
73.77,197.101,0.007,5,5999.98,5397.877
73.78,197.103,0.007,5,6000.028,5398.758
73.79,197.104,0.007,5,6000.076,5399.64
73.8,197.106,0.007,5,6000.124,5400.521
73.81,197.108,0.007,5,6000.173,5401.402
73.82,197.109,0.007,5,6000.221,5402.283
73.83,197.111,0.007,5,6000.269,5403.164
73.84,197.112,0.007,5,6000.317,5404.045
73.85,197.114,0.007,5,6000.365,5404.926
73.86,197.116,0.007,5,6000.412,5405.808
73.87,197.117,0.007,5,6000.46,5406.689
73.88,197.119,0.007,5,6000.508,5407.57
73.89,197.12,0.007,5,6000.556,5408.451
73.9,197.122,0.007,5,6000.604,5409.332
73.91,197.123,0.007,5,6000.652,5410.214
73.92,197.125,0.007,5,6000.7,5411.095
73.93,197.127,0.007,5,6000.747,5411.976
73.94,197.128,0.007,5,6000.795,5412.857
73.95,197.13,0.007,5,6000.843,5413.739
73.96,197.131,0.007,5,6000.891,5414.62
73.97,197.133,0.007,5,6000.938,5415.501
73.98,197.134,0.007,5,6000.986,5416.382
73.99,197.136,0.007,5,6001.034,5417.264
74,197.137,0.007,5,6001.081,5418.145
74.01,197.139,0.007,5,6001.129,5419.026
74.02,197.141,0.007,5,6001.176,5419.908
74.03,197.142,0.007,5,6001.224,5420.789
74.04,197.144,0.007,5,6001.271,5421.67
74.05,197.145,0.007,5,6001.319,5422.551
74.06,197.147,0.007,5,6001.366,5423.433
74.07,197.148,0.007,5,6001.414,5424.314
74.08,197.15,0.007,5,6001.461,5425.195
74.09,197.152,0.007,5,6001.509,5426.077
74.1,197.153,0.007,5,6001.556,5426.958
74.11,197.155,0.007,5,6001.603,5427.84
74.12,197.156,0.007,5,6001.651,5428.721
74.13,197.158,0.007,5,6001.698,5429.602
74.14,197.159,0.007,5,6001.745,5430.484
74.15,197.161,0.007,5,6001.792,5431.365
74.16,197.162,0.007,5,6001.84,5432.246
74.17,197.164,0.007,5,6001.887,5433.128
74.18,197.165,0.007,5,6001.934,5434.009
74.19,197.167,0.007,5,6001.981,5434.891
74.2,197.169,0.007,5,6002.028,5435.772
74.21,197.17,0.007,5,6002.075,5436.653
74.22,197.172,0.007,5,6002.122,5437.535
74.23,197.173,0.007,5,6002.17,5438.416
74.24,197.175,0.007,5,6002.217,5439.298
74.25,197.176,0.007,5,6002.264,5440.179
74.26,197.178,0.007,5,6002.311,5441.061
74.27,197.179,0.007,5,6002.358,5441.942
74.28,197.181,0.007,5,6002.405,5442.824
74.29,197.182,0.007,5,6002.451,5443.705
74.3,197.184,0.007,5,6002.498,5444.587
74.31,197.186,0.007,5,6002.545,5445.468
74.32,197.187,0.007,5,6002.592,5446.35
74.33,197.189,0.007,5,6002.639,5447.231
74.34,197.19,0.007,5,6002.686,5448.113
74.35,197.192,0.007,5,6002.732,5448.994
74.36,197.193,0.007,5,6002.779,5449.876
74.37,197.195,0.007,5,6002.826,5450.757
74.38,197.196,0.007,5,6002.873,5451.639
74.39,197.198,0.007,5,6002.919,5452.52
74.4,197.199,0.007,5,6002.966,5453.402
74.41,197.201,0.007,5,6003.013,5454.283
74.42,197.202,0.007,5,6003.059,5455.165
74.43,197.204,0.007,5,6003.106,5456.047
74.44,197.206,0.007,5,6003.152,5456.928
74.45,197.207,0.007,5,6003.199,5457.81
74.46,197.209,0.007,5,6003.246,5458.691
74.47,197.21,0.007,5,6003.292,5459.573
74.48,197.212,0.007,5,6003.339,5460.455
74.49,197.213,0.007,5,6003.385,5461.336
74.5,197.215,0.007,5,6003.431,5462.218
74.51,197.216,0.007,5,6003.478,5463.1
74.52,197.218,0.007,5,6003.524,5463.981
74.53,197.219,0.007,5,6003.571,5464.863
74.54,197.221,0.007,5,6003.617,5465.744
74.55,197.222,0.007,5,6003.663,5466.626
74.56,197.224,0.007,5,6003.71,5467.508
74.57,197.225,0.007,5,6003.756,5468.389
74.58,197.227,0.007,5,6003.802,5469.271
74.59,197.228,0.007,5,6003.848,5470.153
74.6,197.23,0.007,5,6003.895,5471.035
74.61,197.231,0.007,5,6003.941,5471.916
74.62,197.233,0.007,5,6003.987,5472.798
74.63,197.234,0.007,5,6004.033,5473.68
74.64,197.236,0.007,5,6004.079,5474.561
74.65,197.237,0.007,5,6004.125,5475.443
74.66,197.239,0.007,5,6004.171,5476.325
74.67,197.24,0.007,5,6004.217,5477.207
74.68,197.242,0.007,5,6004.263,5478.088
74.69,197.244,0.007,5,6004.309,5478.97
74.7,197.245,0.007,5,6004.355,5479.852
74.71,197.247,0.007,5,6004.401,5480.734
74.72,197.248,0.007,5,6004.447,5481.615
74.73,197.25,0.007,5,6004.493,5482.497
74.74,197.251,0.007,5,6004.539,5483.379
74.75,197.253,0.007,5,6004.585,5484.261
74.76,197.254,0.007,5,6004.631,5485.143
74.77,197.256,0.007,5,6004.677,5486.024
74.78,197.257,0.007,5,6004.722,5486.906
74.79,197.259,0.007,5,6004.768,5487.788
74.8,197.26,0.007,5,6004.814,5488.67
74.81,197.262,0.007,5,6004.86,5489.552
74.82,197.263,0.007,5,6004.905,5490.434
74.83,197.265,0.007,5,6004.951,5491.315
74.84,197.266,0.007,5,6004.997,5492.197
74.85,197.268,0.007,5,6005.042,5493.079
74.86,197.269,0.007,5,6005.088,5493.961
74.87,197.271,0.007,5,6005.133,5494.843
74.88,197.272,0.007,5,6005.179,5495.725
74.89,197.274,0.007,5,6005.225,5496.607
74.9,197.275,0.007,5,6005.27,5497.489
74.91,197.277,0.007,5,6005.316,5498.37
74.92,197.278,0.007,5,6005.361,5499.252
74.93,197.28,0.007,5,6005.406,5500.134
74.94,197.281,0.007,5,6005.452,5501.016
74.95,197.283,0.007,5,6005.497,5501.898
74.96,197.284,0.007,5,6005.543,5502.78
74.97,197.286,0.007,5,6005.588,5503.662
74.98,197.287,0.007,5,6005.633,5504.544
74.99,197.289,0.007,5,6005.679,5505.426
75,197.29,0.007,5,6005.724,5506.308
75.01,197.291,0.007,5,6005.769,5507.19
75.02,197.293,0.007,5,6005.814,5508.072
75.03,197.294,0.007,5,6005.86,5508.954
75.04,197.296,0.007,5,6005.905,5509.836
75.05,197.297,0.007,5,6005.95,5510.718
75.06,197.299,0.007,5,6005.995,5511.6
75.07,197.3,0.007,5,6006.04,5512.482
75.08,197.302,0.007,5,6006.085,5513.364
75.09,197.303,0.007,5,6006.131,5514.246
75.1,197.305,0.007,5,6006.176,5515.128
75.11,197.306,0.007,5,6006.221,5516.01
75.12,197.308,0.007,5,6006.266,5516.892
75.13,197.309,0.007,5,6006.311,5517.774
75.14,197.311,0.007,5,6006.356,5518.656
75.15,197.312,0.007,5,6006.401,5519.538
75.16,197.314,0.007,5,6006.446,5520.42
75.17,197.315,0.007,5,6006.49,5521.302
75.18,197.317,0.007,5,6006.535,5522.184
75.19,197.318,0.007,5,6006.58,5523.066
75.2,197.32,0.007,5,6006.625,5523.949
75.21,197.321,0.007,5,6006.67,5524.831
75.22,197.323,0.007,5,6006.715,5525.713
75.23,197.324,0.007,5,6006.759,5526.595
75.24,197.325,0.007,5,6006.804,5527.477
75.25,197.327,0.007,5,6006.849,5528.359
75.26,197.328,0.007,5,6006.894,5529.241
75.27,197.33,0.007,5,6006.938,5530.123
75.28,197.331,0.007,5,6006.983,5531.006
75.29,197.333,0.007,5,6007.028,5531.888
75.3,197.334,0.007,5,6007.072,5532.77
75.31,197.336,0.007,5,6007.117,5533.652
75.32,197.337,0.007,5,6007.161,5534.534
75.33,197.339,0.007,5,6007.206,5535.416
75.34,197.34,0.007,5,6007.251,5536.299
75.35,197.342,0.007,5,6007.295,5537.181
75.36,197.343,0.007,5,6007.34,5538.063
75.37,197.345,0.007,5,6007.384,5538.945
75.38,197.346,0.007,5,6007.428,5539.827
75.39,197.347,0.007,5,6007.473,5540.71
75.4,197.349,0.007,5,6007.517,5541.592
75.41,197.35,0.007,5,6007.562,5542.474
75.42,197.352,0.007,5,6007.606,5543.356
75.43,197.353,0.007,5,6007.65,5544.239
75.44,197.355,0.007,5,6007.695,5545.121
75.45,197.356,0.007,5,6007.739,5546.003
75.46,197.358,0.007,5,6007.783,5546.885
75.47,197.359,0.007,5,6007.827,5547.768
75.48,197.361,0.007,5,6007.872,5548.65
75.49,197.362,0.007,5,6007.916,5549.532
75.5,197.363,0.007,5,6007.96,5550.414
75.51,197.365,0.007,5,6008.004,5551.297
75.52,197.366,0.007,5,6008.048,5552.179
75.53,197.368,0.007,5,6008.092,5553.061
75.54,197.369,0.007,5,6008.137,5553.944
75.55,197.371,0.007,5,6008.181,5554.826
75.56,197.372,0.007,5,6008.225,5555.708
75.57,197.374,0.007,5,6008.269,5556.591
75.58,197.375,0.007,5,6008.313,5557.473
75.59,197.376,0.007,5,6008.357,5558.355
75.6,197.378,0.007,5,6008.401,5559.238
75.61,197.379,0.007,5,6008.445,5560.12
75.62,197.381,0.007,5,6008.488,5561.002
75.63,197.382,0.007,5,6008.532,5561.885
75.64,197.384,0.007,5,6008.576,5562.767
75.65,197.385,0.007,5,6008.62,5563.65
75.66,197.387,0.007,5,6008.664,5564.532
75.67,197.388,0.007,5,6008.708,5565.414
75.68,197.389,0.007,5,6008.751,5566.297
75.69,197.391,0.007,5,6008.795,5567.179
75.7,197.392,0.007,5,6008.839,5568.062
75.71,197.394,0.007,5,6008.883,5568.944
75.72,197.395,0.007,5,6008.926,5569.827
75.73,197.397,0.007,5,6008.97,5570.709
75.74,197.398,0.007,5,6009.014,5571.591
75.75,197.399,0.007,5,6009.057,5572.474
75.76,197.401,0.007,5,6009.101,5573.356
75.77,197.402,0.007,5,6009.145,5574.239
75.78,197.404,0.007,5,6009.188,5575.121
75.79,197.405,0.007,5,6009.232,5576.004
75.8,197.407,0.007,5,6009.275,5576.886
75.81,197.408,0.007,5,6009.319,5577.769
75.82,197.41,0.007,5,6009.362,5578.651
75.83,197.411,0.007,5,6009.406,5579.534
75.84,197.412,0.006,5,6009.449,5580.416
75.85,197.414,0.006,5,6009.492,5581.299
75.86,197.415,0.006,5,6009.536,5582.181
75.87,197.417,0.006,5,6009.579,5583.064
75.88,197.418,0.006,5,6009.623,5583.946
75.89,197.419,0.006,5,6009.666,5584.829
75.9,197.421,0.006,5,6009.709,5585.711
75.91,197.422,0.006,5,6009.752,5586.594
75.92,197.424,0.006,5,6009.796,5587.477
75.93,197.425,0.006,5,6009.839,5588.359
75.94,197.427,0.006,5,6009.882,5589.242
75.95,197.428,0.006,5,6009.925,5590.124
75.96,197.429,0.006,5,6009.969,5591.007
75.97,197.431,0.006,5,6010.012,5591.889
75.98,197.432,0.006,5,6010.055,5592.772
75.99,197.434,0.006,5,6010.098,5593.655
76,197.435,0.006,5,6010.141,5594.537
76.01,197.437,0.006,5,6010.184,5595.42
76.02,197.438,0.006,5,6010.227,5596.303
76.03,197.439,0.006,5,6010.27,5597.185
76.04,197.441,0.006,5,6010.313,5598.068
76.05,197.442,0.006,5,6010.356,5598.95
76.06,197.444,0.006,5,6010.399,5599.833
76.07,197.445,0.006,5,6010.442,5600.716
76.08,197.446,0.006,5,6010.485,5601.598
76.09,197.448,0.006,5,6010.528,5602.481
76.1,197.449,0.006,5,6010.571,5603.364
76.11,197.451,0.006,5,6010.614,5604.246
76.12,197.452,0.006,5,6010.656,5605.129
76.13,197.453,0.006,5,6010.699,5606.012
76.14,197.455,0.006,5,6010.742,5606.894
76.15,197.456,0.006,5,6010.785,5607.777
76.16,197.458,0.006,5,6010.828,5608.66
76.17,197.459,0.006,5,6010.87,5609.543
76.18,197.46,0.006,5,6010.913,5610.425
76.19,197.462,0.006,5,6010.956,5611.308
76.2,197.463,0.006,5,6010.998,5612.191
76.21,197.465,0.006,5,6011.041,5613.074
76.22,197.466,0.006,5,6011.084,5613.956
76.23,197.467,0.006,5,6011.126,5614.839
76.24,197.469,0.006,5,6011.169,5615.722
76.25,197.47,0.006,5,6011.211,5616.605
76.26,197.472,0.006,5,6011.254,5617.487
76.27,197.473,0.006,5,6011.296,5618.37
76.28,197.474,0.006,5,6011.339,5619.253
76.29,197.476,0.006,5,6011.381,5620.136
76.3,197.477,0.006,5,6011.424,5621.019
76.31,197.479,0.006,5,6011.466,5621.901
76.32,197.48,0.006,5,6011.509,5622.784
76.33,197.481,0.006,5,6011.551,5623.667
76.34,197.483,0.006,5,6011.593,5624.55
76.35,197.484,0.006,5,6011.636,5625.433
76.36,197.486,0.006,5,6011.678,5626.315
76.37,197.487,0.006,5,6011.72,5627.198
76.38,197.488,0.006,5,6011.763,5628.081
76.39,197.49,0.006,5,6011.805,5628.964
76.4,197.491,0.006,5,6011.847,5629.847
76.41,197.493,0.006,5,6011.889,5630.73
76.42,197.494,0.006,5,6011.932,5631.613
76.43,197.495,0.006,5,6011.974,5632.496
76.44,197.497,0.006,5,6012.016,5633.378
76.45,197.498,0.006,5,6012.058,5634.261
76.46,197.499,0.006,5,6012.1,5635.144
76.47,197.501,0.006,5,6012.142,5636.027
76.48,197.502,0.006,5,6012.184,5636.91
76.49,197.504,0.006,5,6012.226,5637.793
76.5,197.505,0.006,5,6012.268,5638.676
76.51,197.506,0.006,5,6012.31,5639.559
76.52,197.508,0.006,5,6012.352,5640.442
76.53,197.509,0.006,5,6012.394,5641.325
76.54,197.51,0.006,5,6012.436,5642.208
76.55,197.512,0.006,5,6012.478,5643.091
76.56,197.513,0.006,5,6012.52,5643.974
76.57,197.515,0.006,5,6012.562,5644.857
76.58,197.516,0.006,5,6012.604,5645.74
76.59,197.517,0.006,5,6012.646,5646.622
76.6,197.519,0.006,5,6012.687,5647.505
76.61,197.52,0.006,5,6012.729,5648.388
76.62,197.521,0.006,5,6012.771,5649.271
76.63,197.523,0.006,5,6012.813,5650.154
76.64,197.524,0.006,5,6012.855,5651.037
76.65,197.526,0.006,5,6012.896,5651.92
76.66,197.527,0.006,5,6012.938,5652.804
76.67,197.528,0.006,5,6012.98,5653.687
76.68,197.53,0.006,5,6013.021,5654.57
76.69,197.531,0.006,5,6013.063,5655.453
76.7,197.532,0.006,5,6013.105,5656.336
76.71,197.534,0.006,5,6013.146,5657.219
76.72,197.535,0.006,5,6013.188,5658.102
76.73,197.537,0.006,5,6013.229,5658.985
76.74,197.538,0.006,5,6013.271,5659.868
76.75,197.539,0.006,5,6013.312,5660.751
76.76,197.541,0.006,5,6013.354,5661.634
76.77,197.542,0.006,5,6013.395,5662.517
76.78,197.543,0.006,5,6013.437,5663.4
76.79,197.545,0.006,5,6013.478,5664.283
76.8,197.546,0.006,5,6013.519,5665.166
76.81,197.547,0.006,5,6013.561,5666.05
76.82,197.549,0.006,5,6013.602,5666.933
76.83,197.55,0.006,5,6013.644,5667.816
76.84,197.552,0.006,5,6013.685,5668.699
76.85,197.553,0.006,5,6013.726,5669.582
76.86,197.554,0.006,5,6013.767,5670.465
76.87,197.556,0.006,5,6013.809,5671.348
76.88,197.557,0.006,5,6013.85,5672.232
76.89,197.558,0.006,5,6013.891,5673.115
76.9,197.56,0.006,5,6013.932,5673.998
76.91,197.561,0.006,5,6013.974,5674.881
76.92,197.562,0.006,5,6014.015,5675.764
76.93,197.564,0.006,5,6014.056,5676.647
76.94,197.565,0.006,5,6014.097,5677.531
76.95,197.566,0.006,5,6014.138,5678.414
76.96,197.568,0.006,5,6014.179,5679.297
76.97,197.569,0.006,5,6014.22,5680.18
76.98,197.57,0.006,5,6014.261,5681.063
76.99,197.572,0.006,5,6014.302,5681.947
77,197.573,0.006,5,6014.343,5682.83
77.01,197.574,0.006,5,6014.384,5683.713
77.02,197.576,0.006,5,6014.425,5684.596
77.03,197.577,0.006,5,6014.466,5685.48
77.04,197.579,0.006,5,6014.507,5686.363
77.05,197.58,0.006,5,6014.548,5687.246
77.06,197.581,0.006,5,6014.589,5688.129
77.07,197.583,0.006,5,6014.63,5689.013
77.08,197.584,0.006,5,6014.67,5689.896
77.09,197.585,0.006,5,6014.711,5690.779
77.1,197.587,0.006,5,6014.752,5691.663
77.11,197.588,0.006,5,6014.793,5692.546
77.12,197.589,0.006,5,6014.834,5693.429
77.13,197.591,0.006,5,6014.874,5694.312
77.14,197.592,0.006,5,6014.915,5695.196
77.15,197.593,0.006,5,6014.956,5696.079
77.16,197.595,0.006,5,6014.996,5696.962
77.17,197.596,0.006,5,6015.037,5697.846
77.18,197.597,0.006,5,6015.078,5698.729
77.19,197.599,0.006,5,6015.118,5699.612
77.2,197.6,0.006,5,6015.159,5700.496
77.21,197.601,0.006,5,6015.199,5701.379
77.22,197.603,0.006,5,6015.24,5702.262
77.23,197.604,0.006,5,6015.28,5703.146
77.24,197.605,0.006,5,6015.321,5704.029
77.25,197.607,0.006,5,6015.361,5704.913
77.26,197.608,0.006,5,6015.402,5705.796
77.27,197.609,0.006,5,6015.442,5706.679
77.28,197.611,0.006,5,6015.483,5707.563
77.29,197.612,0.006,5,6015.523,5708.446
77.3,197.613,0.006,5,6015.563,5709.33
77.31,197.615,0.006,5,6015.604,5710.213
77.32,197.616,0.006,5,6015.644,5711.096
77.33,197.617,0.006,5,6015.685,5711.98
77.34,197.619,0.006,5,6015.725,5712.863
77.35,197.62,0.006,5,6015.765,5713.747
77.36,197.621,0.006,5,6015.805,5714.63
77.37,197.622,0.006,5,6015.846,5715.514
77.38,197.624,0.006,5,6015.886,5716.397
77.39,197.625,0.006,5,6015.926,5717.281
77.4,197.626,0.006,5,6015.966,5718.164
77.41,197.628,0.006,5,6016.006,5719.047
77.42,197.629,0.006,5,6016.047,5719.931
77.43,197.63,0.006,5,6016.087,5720.814
77.44,197.632,0.006,5,6016.127,5721.698
77.45,197.633,0.006,5,6016.167,5722.581
77.46,197.634,0.006,5,6016.207,5723.465
77.47,197.636,0.006,5,6016.247,5724.348
77.48,197.637,0.006,5,6016.287,5725.232
77.49,197.638,0.006,5,6016.327,5726.115
77.5,197.64,0.006,5,6016.367,5726.999
77.51,197.641,0.006,5,6016.407,5727.883
77.52,197.642,0.006,5,6016.447,5728.766
77.53,197.644,0.006,5,6016.487,5729.65
77.54,197.645,0.006,5,6016.527,5730.533
77.55,197.646,0.006,5,6016.567,5731.417
77.56,197.647,0.006,5,6016.606,5732.3
77.57,197.649,0.006,5,6016.646,5733.184
77.58,197.65,0.006,5,6016.686,5734.067
77.59,197.651,0.006,5,6016.726,5734.951
77.6,197.653,0.006,5,6016.766,5735.835
77.61,197.654,0.006,5,6016.805,5736.718
77.62,197.655,0.006,5,6016.845,5737.602
77.63,197.657,0.006,5,6016.885,5738.485
77.64,197.658,0.006,5,6016.925,5739.369
77.65,197.659,0.006,5,6016.964,5740.253
77.66,197.661,0.006,5,6017.004,5741.136
77.67,197.662,0.006,5,6017.044,5742.02
77.68,197.663,0.006,5,6017.083,5742.903
77.69,197.664,0.006,5,6017.123,5743.787
77.7,197.666,0.006,5,6017.162,5744.671
77.71,197.667,0.006,5,6017.202,5745.554
77.72,197.668,0.006,5,6017.241,5746.438
77.73,197.67,0.006,5,6017.281,5747.322
77.74,197.671,0.006,5,6017.321,5748.205
77.75,197.672,0.006,5,6017.36,5749.089
77.76,197.674,0.006,5,6017.399,5749.973
77.77,197.675,0.006,5,6017.439,5750.856
77.78,197.676,0.006,5,6017.478,5751.74
77.79,197.677,0.006,5,6017.518,5752.624
77.8,197.679,0.006,5,6017.557,5753.508
77.81,197.68,0.006,5,6017.596,5754.391
77.82,197.681,0.006,5,6017.636,5755.275
77.83,197.683,0.006,5,6017.675,5756.159
77.84,197.684,0.006,5,6017.714,5757.042
77.85,197.685,0.006,5,6017.754,5757.926
77.86,197.686,0.006,5,6017.793,5758.81
77.87,197.688,0.006,5,6017.832,5759.694
77.88,197.689,0.006,5,6017.872,5760.577
77.89,197.69,0.006,5,6017.911,5761.461
77.9,197.692,0.006,5,6017.95,5762.345
77.91,197.693,0.006,5,6017.989,5763.229
77.92,197.694,0.006,5,6018.028,5764.112
77.93,197.695,0.006,5,6018.067,5764.996
77.94,197.697,0.006,5,6018.106,5765.88
77.95,197.698,0.006,5,6018.146,5766.764
77.96,197.699,0.006,5,6018.185,5767.648
77.97,197.701,0.006,5,6018.224,5768.531
77.98,197.702,0.006,5,6018.263,5769.415
77.99,197.703,0.006,5,6018.302,5770.299
78,197.704,0.006,5,6018.341,5771.183
78.01,197.706,0.006,5,6018.38,5772.067
78.02,197.707,0.006,5,6018.419,5772.95
78.03,197.708,0.006,5,6018.458,5773.834
78.04,197.71,0.006,5,6018.497,5774.718
78.05,197.711,0.006,5,6018.535,5775.602
78.06,197.712,0.006,5,6018.574,5776.486
78.07,197.713,0.006,5,6018.613,5777.37
78.08,197.715,0.006,5,6018.652,5778.253
78.09,197.716,0.006,5,6018.691,5779.137
78.1,197.717,0.006,5,6018.73,5780.021
78.11,197.719,0.006,5,6018.768,5780.905
78.12,197.72,0.006,5,6018.807,5781.789
78.13,197.721,0.006,5,6018.846,5782.673
78.14,197.722,0.006,5,6018.885,5783.557
78.15,197.724,0.006,5,6018.923,5784.441
78.16,197.725,0.006,5,6018.962,5785.325
78.17,197.726,0.006,5,6019.001,5786.209
78.18,197.727,0.006,5,6019.039,5787.092
78.19,197.729,0.006,5,6019.078,5787.976
78.2,197.73,0.006,5,6019.117,5788.86
78.21,197.731,0.006,5,6019.155,5789.744
78.22,197.732,0.006,5,6019.194,5790.628
78.23,197.734,0.006,5,6019.232,5791.512
78.24,197.735,0.006,5,6019.271,5792.396
78.25,197.736,0.006,5,6019.309,5793.28
78.26,197.738,0.006,5,6019.348,5794.164
78.27,197.739,0.006,5,6019.386,5795.048
78.28,197.74,0.006,5,6019.425,5795.932
78.29,197.741,0.006,5,6019.463,5796.816
78.3,197.743,0.006,5,6019.502,5797.7
78.31,197.744,0.006,5,6019.54,5798.584
78.32,197.745,0.006,5,6019.578,5799.468
78.33,197.746,0.006,5,6019.617,5800.352
78.34,197.748,0.006,5,6019.655,5801.236
78.35,197.749,0.006,5,6019.693,5802.12
78.36,197.75,0.006,5,6019.732,5803.004
78.37,197.751,0.006,5,6019.77,5803.888
78.38,197.753,0.006,5,6019.808,5804.772
78.39,197.754,0.006,5,6019.846,5805.656
78.4,197.755,0.006,5,6019.885,5806.54
78.41,197.756,0.006,5,6019.923,5807.424
78.42,197.758,0.006,5,6019.961,5808.308
78.43,197.759,0.006,5,6019.999,5809.192
78.44,197.76,0.006,5,6020.037,5810.076
78.45,197.761,0.006,5,6020.076,5810.96
78.46,197.763,0.006,5,6020.114,5811.844
78.47,197.764,0.006,5,6020.152,5812.729
78.48,197.765,0.006,5,6020.19,5813.613
78.49,197.766,0.006,5,6020.228,5814.497
78.5,197.768,0.006,5,6020.266,5815.381
78.51,197.769,0.006,5,6020.304,5816.265
78.52,197.77,0.006,5,6020.342,5817.149
78.53,197.771,0.006,5,6020.38,5818.033
78.54,197.773,0.006,5,6020.418,5818.917
78.55,197.774,0.006,5,6020.456,5819.801
78.56,197.775,0.006,5,6020.494,5820.686
78.57,197.776,0.006,5,6020.532,5821.57
78.58,197.778,0.006,5,6020.569,5822.454
78.59,197.779,0.006,5,6020.607,5823.338
78.6,197.78,0.006,5,6020.645,5824.222
78.61,197.781,0.006,5,6020.683,5825.106
78.62,197.783,0.006,5,6020.721,5825.99
78.63,197.784,0.006,5,6020.759,5826.875
78.64,197.785,0.006,5,6020.796,5827.759
78.65,197.786,0.006,5,6020.834,5828.643
78.66,197.788,0.006,5,6020.872,5829.527
78.67,197.789,0.006,5,6020.91,5830.411
78.68,197.79,0.006,5,6020.947,5831.296
78.69,197.791,0.006,5,6020.985,5832.18
78.7,197.793,0.006,5,6021.023,5833.064
78.71,197.794,0.006,5,6021.06,5833.948
78.72,197.795,0.006,5,6021.098,5834.832
78.73,197.796,0.006,5,6021.135,5835.717
78.74,197.797,0.006,5,6021.173,5836.601
78.75,197.799,0.006,5,6021.211,5837.485
78.76,197.8,0.006,5,6021.248,5838.369
78.77,197.801,0.006,5,6021.286,5839.254
78.78,197.802,0.006,5,6021.323,5840.138
78.79,197.804,0.006,5,6021.361,5841.022
78.8,197.805,0.006,5,6021.398,5841.906
78.81,197.806,0.006,5,6021.436,5842.791
78.82,197.807,0.006,5,6021.473,5843.675
78.83,197.809,0.006,5,6021.51,5844.559
78.84,197.81,0.006,5,6021.548,5845.444
78.85,197.811,0.006,5,6021.585,5846.328
78.86,197.812,0.006,5,6021.622,5847.212
78.87,197.813,0.006,5,6021.66,5848.096
78.88,197.815,0.006,5,6021.697,5848.981
78.89,197.816,0.006,5,6021.734,5849.865
78.9,197.817,0.006,5,6021.772,5850.749
78.91,197.818,0.006,5,6021.809,5851.634
78.92,197.82,0.006,5,6021.846,5852.518
78.93,197.821,0.006,5,6021.883,5853.402
78.94,197.822,0.006,5,6021.921,5854.287
78.95,197.823,0.006,5,6021.958,5855.171
78.96,197.824,0.006,5,6021.995,5856.055
78.97,197.826,0.006,5,6022.032,5856.94
78.98,197.827,0.006,5,6022.069,5857.824
78.99,197.828,0.006,5,6022.106,5858.708
79,197.829,0.006,5,6022.143,5859.593
79.01,197.831,0.006,5,6022.181,5860.477
79.02,197.832,0.006,5,6022.218,5861.362
79.03,197.833,0.006,5,6022.255,5862.246
79.04,197.834,0.006,5,6022.292,5863.13
79.05,197.835,0.006,5,6022.329,5864.015
79.06,197.837,0.006,5,6022.366,5864.899
79.07,197.838,0.006,5,6022.403,5865.784
79.08,197.839,0.006,5,6022.44,5866.668
79.09,197.84,0.006,5,6022.477,5867.552
79.1,197.842,0.006,5,6022.513,5868.437
79.11,197.843,0.006,5,6022.55,5869.321
79.12,197.844,0.006,5,6022.587,5870.206
79.13,197.845,0.006,5,6022.624,5871.09
79.14,197.846,0.006,5,6022.661,5871.975
79.15,197.848,0.006,5,6022.698,5872.859
79.16,197.849,0.006,5,6022.734,5873.744
79.17,197.85,0.006,5,6022.771,5874.628
79.18,197.851,0.006,5,6022.808,5875.513
79.19,197.852,0.005,5,6022.845,5876.397
79.2,197.854,0.005,5,6022.881,5877.281
79.21,197.855,0.005,5,6022.918,5878.166
79.22,197.856,0.005,5,6022.955,5879.05
79.23,197.857,0.005,5,6022.992,5879.935
79.24,197.858,0.005,5,6023.028,5880.819
79.25,197.86,0.005,5,6023.065,5881.704
79.26,197.861,0.005,5,6023.101,5882.588
79.27,197.862,0.005,5,6023.138,5883.473
79.28,197.863,0.005,5,6023.175,5884.358
79.29,197.864,0.005,5,6023.211,5885.242
79.3,197.866,0.005,5,6023.248,5886.127
79.31,197.867,0.005,5,6023.284,5887.011
79.32,197.868,0.005,5,6023.321,5887.896
79.33,197.869,0.005,5,6023.357,5888.78
79.34,197.87,0.005,5,6023.394,5889.665
79.35,197.872,0.005,5,6023.43,5890.549
79.36,197.873,0.005,5,6023.467,5891.434
79.37,197.874,0.005,5,6023.503,5892.319
79.38,197.875,0.005,5,6023.539,5893.203
79.39,197.876,0.005,5,6023.576,5894.088
79.4,197.878,0.005,5,6023.612,5894.972
79.41,197.879,0.005,5,6023.649,5895.857
79.42,197.88,0.005,5,6023.685,5896.741
79.43,197.881,0.005,5,6023.721,5897.626
79.44,197.882,0.005,5,6023.757,5898.511
79.45,197.884,0.005,5,6023.794,5899.395
79.46,197.885,0.005,5,6023.83,5900.28
79.47,197.886,0.005,5,6023.866,5901.165
79.48,197.887,0.005,5,6023.902,5902.049
79.49,197.888,0.005,5,6023.939,5902.934
79.5,197.89,0.005,5,6023.975,5903.818
79.51,197.891,0.005,5,6024.011,5904.703
79.52,197.892,0.005,5,6024.047,5905.588
79.53,197.893,0.005,5,6024.083,5906.472
79.54,197.894,0.005,5,6024.119,5907.357
79.55,197.895,0.005,5,6024.155,5908.242
79.56,197.897,0.005,5,6024.191,5909.126
79.57,197.898,0.005,5,6024.228,5910.011
79.58,197.899,0.005,5,6024.264,5910.896
79.59,197.9,0.005,5,6024.3,5911.781
79.6,197.901,0.005,5,6024.336,5912.665
79.61,197.903,0.005,5,6024.372,5913.55
79.62,197.904,0.005,5,6024.407,5914.435
79.63,197.905,0.005,5,6024.443,5915.319
79.64,197.906,0.005,5,6024.479,5916.204
79.65,197.907,0.005,5,6024.515,5917.089
79.66,197.908,0.005,5,6024.551,5917.974
79.67,197.91,0.005,5,6024.587,5918.858
79.68,197.911,0.005,5,6024.623,5919.743
79.69,197.912,0.005,5,6024.659,5920.628
79.7,197.913,0.005,5,6024.695,5921.512
79.71,197.914,0.005,5,6024.73,5922.397
79.72,197.916,0.005,5,6024.766,5923.282
79.73,197.917,0.005,5,6024.802,5924.167
79.74,197.918,0.005,5,6024.838,5925.052
79.75,197.919,0.005,5,6024.873,5925.936
79.76,197.92,0.005,5,6024.909,5926.821
79.77,197.921,0.005,5,6024.945,5927.706
79.78,197.923,0.005,5,6024.98,5928.591
79.79,197.924,0.005,5,6025.016,5929.475
79.8,197.925,0.005,5,6025.052,5930.36
79.81,197.926,0.005,5,6025.087,5931.245
79.82,197.927,0.005,5,6025.123,5932.13
79.83,197.928,0.005,5,6025.159,5933.015
79.84,197.93,0.005,5,6025.194,5933.9
79.85,197.931,0.005,5,6025.23,5934.784
79.86,197.932,0.005,5,6025.265,5935.669
79.87,197.933,0.005,5,6025.301,5936.554
79.88,197.934,0.005,5,6025.336,5937.439
79.89,197.935,0.005,5,6025.372,5938.324
79.9,197.937,0.005,5,6025.407,5939.209
79.91,197.938,0.005,5,6025.443,5940.093
79.92,197.939,0.005,5,6025.478,5940.978
79.93,197.94,0.005,5,6025.513,5941.863
79.94,197.941,0.005,5,6025.549,5942.748
79.95,197.942,0.005,5,6025.584,5943.633
79.96,197.944,0.005,5,6025.62,5944.518
79.97,197.945,0.005,5,6025.655,5945.403
79.98,197.946,0.005,5,6025.69,5946.288
79.99,197.947,0.005,5,6025.726,5947.172
80,197.948,0.005,5,6025.761,5948.057
80.01,197.949,0.005,5,6025.796,5948.942
80.02,197.951,0.005,5,6025.831,5949.827
80.03,197.952,0.005,5,6025.867,5950.712
80.04,197.953,0.005,5,6025.902,5951.597
80.05,197.954,0.005,5,6025.937,5952.482
80.06,197.955,0.005,5,6025.972,5953.367
80.07,197.956,0.005,5,6026.007,5954.252
80.08,197.957,0.005,5,6026.042,5955.137
80.09,197.959,0.005,5,6026.078,5956.022
80.1,197.96,0.005,5,6026.113,5956.907
80.11,197.961,0.005,5,6026.148,5957.792
80.12,197.962,0.005,5,6026.183,5958.677
80.13,197.963,0.005,5,6026.218,5959.562
80.14,197.964,0.005,5,6026.253,5960.447
80.15,197.966,0.005,5,6026.288,5961.332
80.16,197.967,0.005,5,6026.323,5962.217
80.17,197.968,0.005,5,6026.358,5963.102
80.18,197.969,0.005,5,6026.393,5963.987
80.19,197.97,0.005,5,6026.428,5964.872
80.2,197.971,0.005,5,6026.463,5965.757
80.21,197.972,0.005,5,6026.498,5966.642
80.22,197.974,0.005,5,6026.533,5967.527
80.23,197.975,0.005,5,6026.568,5968.412
80.24,197.976,0.005,5,6026.602,5969.297
80.25,197.977,0.005,5,6026.637,5970.182
80.26,197.978,0.005,5,6026.672,5971.067
80.27,197.979,0.005,5,6026.707,5971.952
80.28,197.98,0.005,5,6026.742,5972.837
80.29,197.982,0.005,5,6026.776,5973.722
80.3,197.983,0.005,5,6026.811,5974.607
80.31,197.984,0.005,5,6026.846,5975.492
80.32,197.985,0.005,5,6026.881,5976.377
80.33,197.986,0.005,5,6026.915,5977.262
80.34,197.987,0.005,5,6026.95,5978.147
80.35,197.988,0.005,5,6026.985,5979.032
80.36,197.99,0.005,5,6027.019,5979.917
80.37,197.991,0.005,5,6027.054,5980.803
80.38,197.992,0.005,5,6027.089,5981.688
80.39,197.993,0.005,5,6027.123,5982.573
80.4,197.994,0.005,5,6027.158,5983.458
80.41,197.995,0.005,5,6027.192,5984.343
80.42,197.996,0.005,5,6027.227,5985.228
80.43,197.998,0.005,5,6027.262,5986.113
80.44,197.999,0.005,5,6027.296,5986.998
80.45,198,0.005,5,6027.331,5987.883
80.46,198.001,0.005,5,6027.365,5988.769
80.47,198.002,0.005,5,6027.399,5989.654
80.48,198.003,0.005,5,6027.434,5990.539
80.49,198.004,0.005,5,6027.468,5991.424
80.5,198.005,0.005,5,6027.503,5992.309
80.51,198.007,0.005,5,6027.537,5993.194
80.52,198.008,0.005,5,6027.572,5994.08
80.53,198.009,0.005,5,6027.606,5994.965
80.54,198.01,0.005,5,6027.64,5995.85
80.55,198.011,0.005,5,6027.675,5996.735
80.56,198.012,0.005,5,6027.709,5997.62
80.57,198.013,0.005,5,6027.743,5998.506
80.58,198.014,0.005,5,6027.777,5999.391
80.59,198.016,0.005,5,6027.812,6000.276
80.6,198.017,0.005,5,6027.846,6001.161
80.61,198.018,0.005,5,6027.88,6002.046
80.62,198.019,0.005,5,6027.914,6002.932
80.63,198.02,0.005,5,6027.949,6003.817
80.64,198.021,0.005,5,6027.983,6004.702
80.65,198.022,0.005,5,6028.017,6005.587
80.66,198.023,0.005,5,6028.051,6006.473
80.67,198.025,0.005,5,6028.085,6007.358
80.68,198.026,0.005,5,6028.119,6008.243
80.69,198.027,0.005,5,6028.153,6009.128
80.7,198.028,0.005,5,6028.187,6010.014
80.71,198.029,0.005,5,6028.222,6010.899
