Time_s,Speed_mph,Acceleration_m/s^2,Gear,Engine_RPM,Distance_m
0.010,0.156,6.962,1,1000.000,0.001
0.020,0.311,6.962,1,1000.000,0.002
0.030,0.467,6.962,1,1000.000,0.004
0.040,0.623,6.962,1,1000.000,0.007
0.050,0.779,6.962,1,1000.000,0.010
0.060,0.934,6.962,1,1000.000,0.015
0.070,1.090,6.962,1,1000.000,0.019
0.080,1.246,6.962,1,1000.000,0.025
0.090,1.402,6.962,1,1000.000,0.031
0.100,1.557,6.962,1,1000.000,0.038
0.110,1.713,6.962,1,1000.000,0.046
0.120,1.869,6.962,1,1000.000,0.054
0.130,2.025,6.962,1,1000.000,0.063
0.140,2.180,6.962,1,1000.000,0.073
0.150,2.336,6.962,1,1000.000,0.084
0.160,2.492,6.962,1,1000.000,0.095
0.170,2.648,6.962,1,1000.000,0.107
0.180,2.803,6.962,1,1000.000,0.119
0.190,2.959,6.962,1,1000.000,0.132
0.200,3.115,6.962,1,1000.000,0.146
0.210,3.270,6.962,1,1000.000,0.161
0.220,3.426,6.962,1,1000.000,0.176
0.230,3.582,6.961,1,1000.000,0.192
0.240,3.738,6.961,1,1000.000,0.209
0.250,3.893,6.961,1,1000.000,0.226
0.260,4.049,6.961,1,1000.000,0.244
0.270,4.205,6.961,1,1000.000,0.263
0.280,4.361,6.961,1,1000.000,0.283
0.290,4.516,6.961,1,1000.000,0.303
0.300,4.672,6.961,1,1000.000,0.324
0.310,4.828,6.961,1,1000.000,0.345
0.320,4.983,6.961,1,1000.000,0.368
0.330,5.139,6.960,1,1000.000,0.391
0.340,5.295,6.960,1,1000.000,0.414
0.350,5.450,6.960,1,1000.000,0.439
0.360,5.606,6.960,1,1000.000,0.464
0.370,5.762,6.960,1,1000.000,0.489
0.380,5.918,6.960,1,1000.000,0.516
0.390,6.073,6.960,1,1000.000,0.543
0.400,6.229,6.960,1,1000.000,0.571
0.410,6.385,6.959,1,1000.000,0.599
0.420,6.540,6.959,1,1000.000,0.629
0.430,6.696,6.959,1,1000.000,0.659
0.440,6.852,6.959,1,1000.000,0.689
0.450,7.007,6.959,1,1000.000,0.721
0.460,7.163,6.959,1,1001.327,0.753
0.470,7.319,6.958,1,1023.570,0.785
0.480,7.474,6.958,1,1045.813,0.819
0.490,7.630,6.958,1,1068.055,0.853
0.500,7.785,6.958,1,1090.297,0.888
0.510,7.941,6.958,1,1112.538,0.923
0.520,8.097,6.957,1,1134.779,0.959
0.530,8.252,6.957,1,1157.019,0.996
0.540,8.408,6.957,1,1179.259,1.034
0.550,8.564,6.957,1,1201.497,1.072
0.560,8.719,6.957,1,1223.736,1.111
0.570,8.875,6.956,1,1245.973,1.151
0.580,9.030,6.956,1,1268.210,1.191
0.590,9.186,6.956,1,1290.446,1.232
0.600,9.342,6.956,1,1312.682,1.274
0.610,9.497,6.956,1,1334.916,1.316
0.620,9.653,6.955,1,1357.151,1.360
0.630,9.808,6.955,1,1379.384,1.403
0.640,9.964,6.955,1,1401.617,1.448
0.650,10.120,6.955,1,1423.848,1.493
0.660,10.275,6.954,1,1446.080,1.539
0.670,10.431,6.954,1,1468.310,1.586
0.680,10.586,6.954,1,1490.539,1.633
0.690,10.742,6.954,1,1512.768,1.681
0.700,10.897,6.953,1,1534.996,1.730
0.710,11.053,6.953,1,1557.223,1.779
0.720,11.208,6.953,1,1579.450,1.829
0.730,11.364,6.953,1,1601.675,1.880
0.740,11.519,6.952,1,1623.900,1.932
0.750,11.675,6.952,1,1646.124,1.984
0.760,11.831,6.952,1,1668.347,2.037
0.770,12.014,8.181,1,1690.569,2.090
0.780,12.196,8.180,1,1716.718,2.145
0.790,12.379,8.180,1,1742.867,2.200
0.800,12.562,8.180,1,1769.014,2.256
0.810,12.745,8.179,1,1795.161,2.313
0.820,12.928,8.179,1,1821.306,2.371
0.830,13.111,8.178,1,1847.450,2.430
0.840,13.294,8.178,1,1873.593,2.489
0.850,13.477,8.178,1,1899.735,2.549
0.860,13.660,8.177,1,1925.876,2.611
0.870,13.843,8.177,1,1952.015,2.672
0.880,14.026,8.177,1,1978.153,2.735
0.890,14.209,8.176,1,2004.290,2.799
0.900,14.392,8.176,1,2030.426,2.863
0.910,14.575,8.175,1,2056.560,2.928
0.920,14.757,8.175,1,2082.693,2.994
0.930,14.940,8.175,1,2108.825,3.061
0.940,15.123,8.174,1,2134.956,3.128
0.950,15.306,8.174,1,2161.085,3.197
0.960,15.489,8.173,1,2187.213,3.266
0.970,15.672,8.173,1,2213.339,3.336
0.980,15.854,8.172,1,2239.464,3.407
0.990,16.037,8.172,1,2265.588,3.479
1.000,16.220,8.172,1,2291.710,3.551
1.010,16.403,8.171,1,2317.831,3.625
1.020,16.586,8.171,1,2343.950,3.699
1.030,16.768,8.170,1,2370.068,3.774
1.040,16.951,8.170,1,2396.184,3.849
1.050,17.134,8.169,1,2422.299,3.926
1.060,17.317,8.169,1,2448.413,4.004
1.070,17.499,8.168,1,2474.525,4.082
1.080,17.682,8.168,1,2500.635,4.161
1.090,17.865,8.167,1,2526.744,4.241
1.100,18.047,8.167,1,2552.851,4.321
1.110,18.230,8.166,1,2578.956,4.403
1.120,18.413,8.166,1,2605.060,4.485
1.130,18.595,8.165,1,2631.162,4.568
1.140,18.778,8.165,1,2657.263,4.652
1.150,18.961,8.164,1,2683.362,4.737
1.160,19.143,8.164,1,2709.459,4.823
1.170,19.326,8.163,1,2735.555,4.909
1.180,19.508,8.163,1,2761.649,4.996
1.190,19.691,8.162,1,2787.741,5.084
1.200,19.874,8.161,1,2813.831,5.173
1.210,20.056,8.161,1,2839.920,5.263
1.220,20.239,8.160,1,2866.007,5.353
1.230,20.421,8.160,1,2892.092,5.444
1.240,20.604,8.159,1,2918.175,5.537
1.250,20.786,8.159,1,2944.256,5.629
1.260,20.969,8.158,1,2970.336,5.723
1.270,21.151,8.157,1,2996.413,5.818
1.280,21.334,8.157,1,3022.489,5.913
1.290,21.516,8.156,1,3048.563,6.009
1.300,21.699,8.156,1,3074.635,6.106
1.310,21.881,8.155,1,3100.705,6.204
1.320,22.063,8.154,1,3126.773,6.303
1.330,22.246,8.154,1,3152.839,6.402
1.340,22.428,8.153,1,3178.904,6.502
1.350,22.611,8.153,1,3204.966,6.604
1.360,22.793,8.152,1,3231.026,6.705
1.370,22.975,8.151,1,3257.084,6.808
1.380,23.158,8.151,1,3283.140,6.912
1.390,23.340,8.150,1,3309.194,7.016
1.400,23.522,8.149,1,3335.246,7.121
1.410,23.704,8.149,1,3361.296,7.227
1.420,23.887,8.148,1,3387.344,7.334
1.430,24.069,8.147,1,3413.390,7.442
1.440,24.251,8.147,1,3439.433,7.550
1.450,24.433,8.146,1,3465.475,7.659
1.460,24.616,8.145,1,3491.514,7.769
1.470,24.798,8.145,1,3517.551,7.880
1.480,24.980,8.144,1,3543.586,7.992
1.490,25.162,8.143,1,3569.618,8.104
1.500,25.344,8.143,1,3595.649,8.218
1.510,25.526,8.142,1,3621.677,8.332
1.520,25.709,8.141,1,3647.703,8.447
1.530,25.891,8.140,1,3673.726,8.562
1.540,26.073,8.140,1,3699.748,8.679
1.550,26.255,8.139,1,3725.767,8.796
1.560,26.437,8.138,1,3751.783,8.914
1.570,26.619,8.137,1,3777.797,9.033
1.580,26.801,8.137,1,3803.809,9.153
1.590,26.983,8.136,1,3829.819,9.274
1.600,27.165,8.135,1,3855.826,9.395
1.610,27.347,8.134,1,3881.831,9.518
1.620,27.529,8.134,1,3907.833,9.641
1.630,27.711,8.133,1,3933.833,9.764
1.640,27.893,8.132,1,3959.830,9.889
1.650,28.074,8.131,1,3985.825,10.015
1.660,28.256,8.131,1,4011.818,10.141
1.670,28.438,8.130,1,4037.807,10.268
1.680,28.620,8.129,1,4063.795,10.396
1.690,28.802,8.128,1,4089.780,10.525
1.700,28.984,8.127,1,4115.762,10.654
1.710,29.165,8.127,1,4141.742,10.785
1.720,29.347,8.126,1,4167.719,10.916
1.730,29.529,8.125,1,4193.693,11.048
1.740,29.711,8.124,1,4219.665,11.181
1.750,29.892,8.123,1,4245.634,11.314
1.760,30.074,8.122,1,4271.601,11.449
1.770,30.256,8.122,1,4297.565,11.584
1.780,30.437,8.121,1,4323.526,11.720
1.790,30.619,8.120,1,4349.485,11.857
1.800,30.801,8.119,1,4375.441,11.995
1.810,30.982,8.118,1,4401.394,12.133
1.820,31.164,8.117,1,4427.344,12.273
1.830,31.345,8.116,1,4453.292,12.413
1.840,31.527,8.116,1,4479.236,12.554
1.850,31.709,8.115,1,4505.178,12.695
1.860,31.890,8.114,1,4531.117,12.838
1.870,32.072,8.113,1,4557.054,12.981
1.880,32.253,8.112,1,4582.987,13.125
1.890,32.434,8.111,1,4608.918,13.270
1.900,32.616,8.110,1,4634.846,13.416
1.910,32.797,8.109,1,4660.771,13.563
1.920,32.979,8.108,1,4686.693,13.710
1.930,33.160,8.107,1,4712.612,13.859
1.940,33.341,8.107,1,4738.528,14.008
1.950,33.495,6.877,1,4764.441,14.157
1.960,33.649,6.876,1,4786.422,14.308
1.970,33.803,6.875,1,4808.401,14.459
1.980,33.957,6.874,1,4830.378,14.611
1.990,34.110,6.873,1,4852.352,14.763
2.000,34.264,6.873,1,4874.323,14.916
2.010,34.418,6.872,1,4896.292,15.070
2.020,34.571,6.871,1,4918.258,15.225
2.030,34.725,6.870,1,4940.222,15.380
2.040,34.879,6.869,1,4962.183,15.536
2.050,35.032,6.869,1,4984.141,15.693
2.060,35.186,6.868,1,5006.097,15.850
2.070,35.340,6.867,1,5028.050,16.008
2.080,35.493,6.866,1,5050.000,16.166
2.090,35.647,6.865,1,5071.948,16.326
2.100,35.800,6.864,1,5093.893,16.486
2.110,35.954,6.864,1,5115.836,16.647
2.120,36.107,6.863,1,5137.775,16.808
2.130,36.261,6.862,1,5159.712,16.970
2.140,36.414,6.861,1,5181.646,17.133
2.150,36.568,6.860,1,5203.578,17.296
2.160,36.721,6.859,1,5225.507,17.461
2.170,36.875,6.858,1,5247.433,17.625
2.180,37.028,6.857,1,5269.356,17.791
2.190,37.181,6.857,1,5291.276,17.957
2.200,37.335,6.856,1,5313.194,18.124
2.210,37.488,6.855,1,5335.109,18.292
2.220,37.641,6.854,1,5357.021,18.460
2.230,37.795,6.853,1,5378.930,18.629
2.240,37.948,6.852,1,5400.836,18.798
2.250,38.101,6.851,1,5422.740,18.969
2.260,38.255,6.850,1,5444.640,19.140
2.270,38.408,6.849,1,5466.538,19.312
2.280,38.561,6.849,1,5488.433,19.484
2.290,38.714,6.848,1,5510.325,19.657
2.300,38.867,6.847,1,5532.214,19.831
2.310,39.020,6.846,1,5554.100,20.005
2.320,39.174,6.845,1,5575.983,20.180
2.330,39.327,6.844,1,5597.864,20.356
2.340,39.321,-0.266,2,3371.845,20.532
2.350,39.315,-0.266,2,3371.334,20.708
2.360,39.309,-0.266,2,3370.823,20.883
2.370,39.303,-0.266,2,3370.312,21.059
2.380,39.297,-0.266,2,3369.801,21.235
2.390,39.291,-0.266,2,3369.290,21.410
2.400,39.285,-0.266,2,3368.780,21.586
2.410,39.279,-0.266,2,3368.269,21.762
2.420,39.273,-0.266,2,3367.759,21.937
2.430,39.267,-0.266,2,3367.248,22.113
2.440,39.261,-0.266,2,3366.738,22.288
2.450,39.255,-0.266,2,3366.228,22.464
2.460,39.249,-0.266,2,3365.718,22.639
2.470,39.243,-0.266,2,3365.207,22.815
2.480,39.237,-0.266,2,3364.697,22.990
2.490,39.231,-0.266,2,3364.187,23.165
2.500,39.225,-0.266,2,3363.677,23.341
2.510,39.220,-0.266,2,3363.168,23.516
2.520,39.214,-0.266,2,3362.658,23.691
2.530,39.208,-0.266,2,3362.148,23.867
2.540,39.329,5.422,2,3361.638,24.042
2.550,39.450,5.421,2,3372.037,24.219
2.560,39.571,5.420,2,3382.435,24.396
2.570,39.693,5.420,2,3392.831,24.573
2.580,39.814,5.419,2,3403.225,24.751
2.590,39.935,5.418,2,3413.619,24.930
2.600,40.056,5.417,2,3424.010,25.109
2.610,40.177,5.417,2,3434.401,25.288
2.620,40.299,5.416,2,3444.790,25.468
2.630,40.420,5.415,2,3455.177,25.649
2.640,40.541,5.414,2,3465.563,25.830
2.650,40.662,5.414,2,3475.948,26.012
2.660,40.783,5.413,2,3486.331,26.194
2.670,40.904,5.412,2,3496.713,26.377
2.680,41.025,5.411,2,3507.093,26.561
2.690,41.146,5.411,2,3517.472,26.745
2.700,41.267,5.410,2,3527.849,26.929
2.710,41.388,5.409,2,3538.225,27.114
2.720,41.509,5.408,2,3548.599,27.300
2.730,41.630,5.408,2,3558.972,27.486
2.740,41.751,5.407,2,3569.344,27.672
2.750,41.872,5.406,2,3579.714,27.860
2.760,41.993,5.405,2,3590.082,28.047
2.770,42.114,5.404,2,3600.449,28.236
2.780,42.235,5.404,2,3610.814,28.424
2.790,42.356,5.403,2,3621.178,28.614
2.800,42.476,5.402,2,3631.541,28.804
2.810,42.584,4.833,2,3641.902,28.994
2.820,42.693,4.832,2,3651.170,29.185
2.830,42.801,4.831,2,3660.437,29.376
2.840,42.909,4.830,2,3669.703,29.568
2.850,43.017,4.830,2,3678.968,29.760
2.860,43.125,4.829,2,3688.231,29.953
2.870,43.233,4.828,2,3697.492,30.146
2.880,43.341,4.828,2,3706.753,30.340
2.890,43.449,4.827,2,3716.012,30.534
2.900,43.557,4.826,2,3725.269,30.729
2.910,43.665,4.825,2,3734.526,30.924
2.920,43.773,4.825,2,3743.780,31.120
2.930,43.880,4.824,2,3753.034,31.316
2.940,43.988,4.823,2,3762.286,31.513
2.950,44.096,4.822,2,3771.536,31.710
2.960,44.204,4.822,2,3780.786,31.908
2.970,44.312,4.821,2,3790.033,32.106
2.980,44.420,4.820,2,3799.280,32.304
2.990,44.528,4.820,2,3808.525,32.503
3.000,44.635,4.819,2,3817.768,32.703
3.010,44.743,4.818,2,3827.010,32.903
3.020,44.851,4.817,2,3836.251,33.103
3.030,44.959,4.817,2,3845.491,33.304
3.040,45.066,4.816,2,3854.728,33.506
3.050,45.174,4.815,2,3863.965,33.708
3.060,45.282,4.814,2,3873.200,33.910
3.070,45.389,4.814,2,3882.433,34.113
3.080,45.497,4.813,2,3891.666,34.316
3.090,45.605,4.812,2,3900.896,34.520
3.100,45.712,4.811,2,3910.126,34.725
3.110,45.820,4.811,2,3919.353,34.929
3.120,45.928,4.810,2,3928.580,35.135
3.130,46.035,4.809,2,3937.805,35.341
3.140,46.143,4.808,2,3947.028,35.547
3.150,46.250,4.807,2,3956.250,35.754
3.160,46.358,4.807,2,3965.470,35.961
3.170,46.465,4.806,2,3974.689,36.169
3.180,46.573,4.805,2,3983.907,36.377
3.190,46.680,4.804,2,3993.123,36.585
3.200,46.788,4.804,2,4002.338,36.795
3.210,46.895,4.803,2,4011.551,37.004
3.220,47.003,4.802,2,4020.762,37.214
3.230,47.110,4.801,2,4029.973,37.425
3.240,47.217,4.801,2,4039.181,37.636
3.250,47.325,4.800,2,4048.388,37.848
3.260,47.432,4.799,2,4057.594,38.060
3.270,47.539,4.798,2,4066.798,38.272
3.280,47.647,4.797,2,4076.001,38.485
3.290,47.754,4.797,2,4085.202,38.699
3.300,47.861,4.796,2,4094.402,38.913
3.310,47.969,4.795,2,4103.600,39.127
3.320,48.076,4.794,2,4112.796,39.342
3.330,48.183,4.793,2,4121.991,39.557
3.340,48.290,4.793,2,4131.185,39.773
3.350,48.397,4.792,2,4140.377,39.990
3.360,48.505,4.791,2,4149.567,40.206
3.370,48.612,4.790,2,4158.756,40.424
3.380,48.719,4.789,2,4167.944,40.642
3.390,48.826,4.789,2,4177.130,40.860
3.400,48.933,4.788,2,4186.314,41.079
3.410,49.040,4.787,2,4195.497,41.298
3.420,49.147,4.786,2,4204.678,41.518
3.430,49.254,4.785,2,4213.858,41.738
3.440,49.361,4.785,2,4223.036,41.958
3.450,49.468,4.784,2,4232.213,42.180
3.460,49.575,4.783,2,4241.388,42.401
3.470,49.682,4.782,2,4250.561,42.623
3.480,49.789,4.781,2,4259.733,42.846
3.490,49.896,4.781,2,4268.903,43.069
3.500,50.003,4.780,2,4278.072,43.292
3.510,50.110,4.779,2,4287.239,43.516
3.520,50.217,4.778,2,4296.405,43.741
3.530,50.324,4.777,2,4305.569,43.966
3.540,50.431,4.776,2,4314.731,44.191
3.550,50.537,4.776,2,4323.892,44.417
3.560,50.644,4.775,2,4333.051,44.644
3.570,50.751,4.774,2,4342.209,44.871
3.580,50.858,4.773,2,4351.365,45.098
3.590,50.965,4.772,2,4360.519,45.326
3.600,51.071,4.771,2,4369.672,45.554
3.610,51.178,4.771,2,4378.824,45.783
3.620,51.285,4.770,2,4387.973,46.012
3.630,51.391,4.769,2,4397.121,46.242
3.640,51.498,4.768,2,4406.268,46.472
3.650,51.605,4.767,2,4415.412,46.703
3.660,51.711,4.766,2,4424.556,46.934
3.670,51.818,4.765,2,4433.697,47.166
3.680,51.924,4.765,2,4442.837,47.398
3.690,52.031,4.764,2,4451.975,47.630
3.700,52.138,4.763,2,4461.112,47.863
3.710,52.244,4.762,2,4470.247,48.097
3.720,52.351,4.761,2,4479.380,48.331
3.730,52.457,4.760,2,4488.512,48.565
3.740,52.564,4.759,2,4497.642,48.800
3.750,52.670,4.759,2,4506.770,49.036
3.760,52.776,4.758,2,4515.897,49.272
3.770,52.883,4.757,2,4525.022,49.508
3.780,52.989,4.756,2,4534.146,49.745
3.790,53.096,4.755,2,4543.267,49.982
3.800,53.202,4.754,2,4552.388,50.220
3.810,53.308,4.753,2,4561.506,50.459
3.820,53.415,4.753,2,4570.623,50.697
3.830,53.521,4.752,2,4579.738,50.937
3.840,53.627,4.751,2,4588.851,51.176
3.850,53.733,4.750,2,4597.963,51.417
3.860,53.840,4.749,2,4607.073,51.657
3.870,53.946,4.748,2,4616.181,51.898
3.880,54.052,4.747,2,4625.288,52.140
3.890,54.158,4.746,2,4634.393,52.382
3.900,54.264,4.746,2,4643.496,52.625
3.910,54.371,4.745,2,4652.598,52.868
3.920,54.477,4.744,2,4661.698,53.111
3.930,54.583,4.743,2,4670.796,53.355
3.940,54.689,4.742,2,4679.892,53.600
3.950,54.795,4.741,2,4688.987,53.845
3.960,54.901,4.740,2,4698.080,54.090
3.970,55.007,4.739,2,4707.172,54.336
3.980,55.113,4.738,2,4716.261,54.582
3.990,55.219,4.737,2,4725.349,54.829
4.000,55.325,4.737,2,4734.435,55.077
4.010,55.431,4.736,2,4743.520,55.324
4.020,55.537,4.735,2,4752.602,55.573
4.030,55.623,3.881,2,4761.683,55.821
4.040,55.710,3.880,2,4769.126,56.070
4.050,55.797,3.879,2,4776.568,56.320
4.060,55.884,3.878,2,4784.008,56.570
4.070,55.971,3.878,2,4791.447,56.820
4.080,56.057,3.877,2,4798.884,57.070
4.090,56.144,3.876,2,4806.320,57.321
4.100,56.231,3.875,2,4813.754,57.573
4.110,56.317,3.875,2,4821.187,57.825
4.120,56.404,3.874,2,4828.618,58.077
4.130,56.491,3.873,2,4836.048,58.329
4.140,56.577,3.872,2,4843.477,58.582
4.150,56.664,3.872,2,4850.904,58.835
4.160,56.750,3.871,2,4858.330,59.089
4.170,56.837,3.870,2,4865.754,59.343
4.180,56.924,3.869,2,4873.177,59.598
4.190,57.010,3.869,2,4880.598,59.853
4.200,57.097,3.868,2,4888.018,60.108
4.210,57.183,3.867,2,4895.436,60.363
4.220,57.270,3.866,2,4902.853,60.619
4.230,57.356,3.866,2,4910.269,60.876
4.240,57.443,3.865,2,4917.683,61.133
4.250,57.529,3.864,2,4925.096,61.390
4.260,57.615,3.863,2,4932.507,61.647
4.270,57.702,3.863,2,4939.916,61.905
4.280,57.788,3.862,2,4947.324,62.164
4.290,57.875,3.861,2,4954.731,62.422
4.300,57.961,3.860,2,4962.136,62.682
4.310,58.047,3.859,2,4969.540,62.941
4.320,58.134,3.859,2,4976.942,63.201
4.330,58.220,3.858,2,4984.343,63.461
4.340,58.306,3.857,2,4991.742,63.722
4.350,58.392,3.856,2,4999.140,63.983
4.360,58.479,3.856,2,5006.537,64.244
4.370,58.565,3.855,2,5013.931,64.506
4.380,58.651,3.854,2,5021.325,64.768
4.390,58.737,3.853,2,5028.717,65.031
4.400,58.824,3.852,2,5036.107,65.294
4.410,58.910,3.852,2,5043.496,65.557
4.420,58.996,3.851,2,5050.883,65.821
4.430,59.082,3.850,2,5058.269,66.085
4.440,59.168,3.849,2,5065.653,66.350
4.450,59.254,3.849,2,5073.036,66.614
4.460,59.340,3.848,2,5080.417,66.880
4.470,59.426,3.847,2,5087.797,67.145
4.480,59.512,3.846,2,5095.176,67.411
4.490,59.598,3.845,2,5102.552,67.678
4.500,59.684,3.845,2,5109.928,67.945
4.510,59.770,3.844,2,5117.302,68.212
4.520,59.856,3.843,2,5124.674,68.479
4.530,59.942,3.842,2,5132.045,68.747
4.540,60.028,3.841,2,5139.414,69.016
4.550,60.114,3.841,2,5146.782,69.284
4.560,60.200,3.840,2,5154.148,69.554
4.570,60.286,3.839,2,5161.512,69.823
4.580,60.372,3.838,2,5168.875,70.093
4.590,60.458,3.837,2,5176.237,70.363
4.600,60.543,3.837,2,5183.597,70.634
4.610,60.629,3.836,2,5190.956,70.905
4.620,60.715,3.835,2,5198.313,71.176
4.630,60.801,3.834,2,5205.668,71.448
4.640,60.887,3.833,2,5213.022,71.720
4.650,60.972,3.833,2,5220.374,71.993
4.660,61.058,3.832,2,5227.725,72.266
4.670,61.144,3.831,2,5235.075,72.539
4.680,61.229,3.830,2,5242.422,72.813
4.690,61.315,3.829,2,5249.768,73.087
4.700,61.401,3.829,2,5257.113,73.362
4.710,61.486,3.828,2,5264.456,73.636
4.720,61.572,3.827,2,5271.798,73.912
4.730,61.657,3.826,2,5279.138,74.187
4.740,61.743,3.825,2,5286.476,74.463
4.750,61.829,3.825,2,5293.813,74.740
4.760,61.914,3.824,2,5301.148,75.016
4.770,62.000,3.823,2,5308.482,75.294
4.780,62.085,3.822,2,5315.814,75.571
4.790,62.171,3.821,2,5323.145,75.849
4.800,62.256,3.820,2,5330.474,76.127
4.810,62.342,3.820,2,5337.801,76.406
4.820,62.427,3.819,2,5345.127,76.685
4.830,62.512,3.818,2,5352.451,76.965
4.840,62.598,3.817,2,5359.774,77.244
4.850,62.683,3.816,2,5367.095,77.525
4.860,62.768,3.816,2,5374.415,77.805
4.870,62.854,3.815,2,5381.733,78.086
4.880,62.939,3.814,2,5389.049,78.368
4.890,63.024,3.813,2,5396.364,78.649
4.900,63.110,3.812,2,5403.677,78.932
4.910,63.195,3.811,2,5410.989,79.214
4.920,63.280,3.811,2,5418.299,79.497
4.930,63.365,3.810,2,5425.608,79.780
4.940,63.451,3.809,2,5432.914,80.064
4.950,63.536,3.808,2,5440.220,80.348
4.960,63.621,3.807,2,5447.523,80.632
4.970,63.706,3.806,2,5454.825,80.917
4.980,63.791,3.806,2,5462.126,81.202
4.990,63.876,3.805,2,5469.425,81.488
5.000,63.961,3.804,2,5476.722,81.774
5.010,64.047,3.803,2,5484.018,82.060
5.020,64.132,3.802,2,5491.312,82.347
5.030,64.217,3.801,2,5498.604,82.634
5.040,64.302,3.801,2,5505.895,82.921
5.050,64.387,3.800,2,5513.184,83.209
5.060,64.472,3.799,2,5520.472,83.497
5.070,64.557,3.798,2,5527.758,83.786
5.080,64.641,3.797,2,5535.042,84.075
5.090,64.726,3.796,2,5542.325,84.364
5.100,64.811,3.795,2,5549.606,84.654
5.110,64.896,3.795,2,5556.886,84.944
5.120,64.981,3.794,2,5564.163,85.235
5.130,65.066,3.793,2,5571.440,85.525
5.140,65.151,3.792,2,5578.714,85.817
5.150,65.236,3.791,2,5585.987,86.108
5.160,65.320,3.790,2,5593.259,86.400
5.170,65.310,-0.476,3,3733.686,86.692
5.180,65.299,-0.476,3,3733.077,86.984
5.190,65.288,-0.476,3,3732.468,87.276
5.200,65.278,-0.476,3,3731.859,87.568
5.210,65.267,-0.476,3,3731.251,87.860
5.220,65.256,-0.476,3,3730.643,88.151
5.230,65.246,-0.476,3,3730.034,88.443
5.240,65.235,-0.475,3,3729.426,88.735
5.250,65.225,-0.475,3,3728.819,89.026
5.260,65.214,-0.475,3,3728.211,89.318
5.270,65.203,-0.475,3,3727.603,89.609
5.280,65.193,-0.475,3,3726.996,89.901
5.290,65.182,-0.475,3,3726.388,90.192
5.300,65.171,-0.475,3,3725.781,90.483
5.310,65.161,-0.475,3,3725.174,90.775
5.320,65.150,-0.475,3,3724.567,91.066
5.330,65.140,-0.474,3,3723.960,91.357
5.340,65.129,-0.474,3,3723.354,91.648
5.350,65.118,-0.474,3,3722.747,91.939
5.360,65.108,-0.474,3,3722.141,92.230
5.370,65.173,2.939,3,3721.534,92.522
5.380,65.239,2.938,3,3725.292,92.813
5.390,65.305,2.937,3,3729.048,93.105
5.400,65.371,2.937,3,3732.804,93.398
5.410,65.436,2.936,3,3736.558,93.690
5.420,65.502,2.935,3,3740.312,93.983
5.430,65.568,2.935,3,3744.065,94.276
5.440,65.633,2.934,3,3747.818,94.569
5.450,65.699,2.933,3,3751.569,94.863
5.460,65.764,2.933,3,3755.319,95.157
5.470,65.830,2.932,3,3759.069,95.451
5.480,65.896,2.931,3,3762.818,95.746
5.490,65.961,2.931,3,3766.566,96.041
5.500,66.027,2.930,3,3770.313,96.336
5.510,66.092,2.929,3,3774.059,96.632
5.520,66.158,2.929,3,3777.804,96.927
5.530,66.223,2.928,3,3781.549,97.223
5.540,66.289,2.927,3,3785.293,97.520
5.550,66.354,2.927,3,3789.035,97.816
5.560,66.420,2.926,3,3792.777,98.113
5.570,66.485,2.925,3,3796.519,98.410
5.580,66.550,2.925,3,3800.259,98.708
5.590,66.616,2.924,3,3803.998,99.006
5.600,66.681,2.923,3,3807.737,99.304
5.610,66.747,2.923,3,3811.474,99.602
5.620,66.812,2.922,3,3815.211,99.901
5.630,66.877,2.921,3,3818.947,100.200
5.640,66.943,2.921,3,3822.682,100.499
5.650,67.008,2.920,3,3826.417,100.799
5.660,67.073,2.919,3,3830.150,101.099
5.670,67.139,2.918,3,3833.882,101.399
5.680,67.204,2.918,3,3837.614,101.699
5.690,67.269,2.917,3,3841.345,102.000
5.700,67.334,2.916,3,3845.075,102.301
5.710,67.400,2.916,3,3848.804,102.602
5.720,67.465,2.915,3,3852.532,102.904
5.730,67.530,2.914,3,3856.259,103.206
5.740,67.595,2.914,3,3859.986,103.508
5.750,67.660,2.913,3,3863.711,103.810
5.760,67.725,2.912,3,3867.436,104.113
5.770,67.791,2.912,3,3871.160,104.416
5.780,67.856,2.911,3,3874.883,104.719
5.790,67.921,2.910,3,3878.605,105.023
5.800,67.986,2.910,3,3882.326,105.327
5.810,68.051,2.909,3,3886.047,105.631
5.820,68.116,2.908,3,3889.766,105.936
5.830,68.181,2.908,3,3893.485,106.240
5.840,68.246,2.907,3,3897.202,106.546
5.850,68.311,2.906,3,3900.919,106.851
5.860,68.376,2.906,3,3904.635,107.157
5.870,68.441,2.905,3,3908.351,107.463
5.880,68.506,2.904,3,3912.065,107.769
5.890,68.571,2.904,3,3915.778,108.075
5.900,68.636,2.903,3,3919.491,108.382
5.910,68.701,2.902,3,3923.202,108.689
5.920,68.766,2.901,3,3926.913,108.997
5.930,68.831,2.901,3,3930.623,109.304
5.940,68.895,2.900,3,3934.332,109.612
5.950,68.960,2.899,3,3938.040,109.921
5.960,69.025,2.899,3,3941.747,110.229
5.970,69.090,2.898,3,3945.453,110.538
5.980,69.155,2.897,3,3949.159,110.847
5.990,69.220,2.897,3,3952.863,111.157
6.000,69.284,2.896,3,3956.567,111.466
6.010,69.349,2.895,3,3960.270,111.776
6.020,69.414,2.895,3,3963.972,112.087
6.030,69.479,2.894,3,3967.673,112.397
6.040,69.543,2.893,3,3971.373,112.708
6.050,69.608,2.892,3,3975.072,113.019
6.060,69.673,2.892,3,3978.771,113.331
6.070,69.737,2.891,3,3982.468,113.643
6.080,69.802,2.890,3,3986.165,113.955
6.090,69.867,2.890,3,3989.861,114.267
6.100,69.931,2.889,3,3993.555,114.580
6.110,69.996,2.888,3,3997.249,114.893
6.120,70.061,2.888,3,4000.942,115.206
6.130,70.125,2.887,3,4004.634,115.519
6.140,70.190,2.886,3,4008.326,115.833
6.150,70.254,2.885,3,4012.016,116.147
6.160,70.319,2.885,3,4015.706,116.461
6.170,70.383,2.884,3,4019.394,116.776
6.180,70.448,2.883,3,4023.082,117.091
6.190,70.512,2.883,3,4026.769,117.406
6.200,70.577,2.882,3,4030.454,117.722
6.210,70.641,2.881,3,4034.139,118.037
6.220,70.706,2.881,3,4037.824,118.354
6.230,70.770,2.880,3,4041.507,118.670
6.240,70.834,2.879,3,4045.189,118.987
6.250,70.899,2.878,3,4048.870,119.304
6.260,70.963,2.878,3,4052.551,119.621
6.270,71.028,2.877,3,4056.231,119.938
6.280,71.092,2.876,3,4059.909,120.256
6.290,71.156,2.876,3,4063.587,120.574
6.300,71.221,2.875,3,4067.264,120.893
6.310,71.285,2.874,3,4070.940,121.211
6.320,71.349,2.874,3,4074.615,121.530
6.330,71.413,2.873,3,4078.289,121.849
6.340,71.478,2.872,3,4081.963,122.169
6.350,71.542,2.871,3,4085.635,122.489
6.360,71.606,2.871,3,4089.306,122.809
6.370,71.670,2.870,3,4092.977,123.129
6.380,71.734,2.869,3,4096.647,123.450
6.390,71.799,2.869,3,4100.315,123.771
6.400,71.863,2.868,3,4103.983,124.092
6.410,71.927,2.867,3,4107.650,124.414
6.420,71.991,2.866,3,4111.316,124.736
6.430,72.055,2.866,3,4114.981,125.058
6.440,72.119,2.865,3,4118.646,125.380
6.450,72.183,2.864,3,4122.309,125.703
6.460,72.247,2.864,3,4125.971,126.026
6.470,72.311,2.863,3,4129.633,126.349
6.480,72.375,2.862,3,4133.293,126.673
6.490,72.439,2.861,3,4136.953,126.996
6.500,72.503,2.861,3,4140.612,127.321
6.510,72.567,2.860,3,4144.270,127.645
6.520,72.631,2.859,3,4147.927,127.970
6.530,72.695,2.859,3,4151.583,128.295
6.540,72.759,2.858,3,4155.238,128.620
6.550,72.823,2.857,3,4158.892,128.945
6.560,72.887,2.856,3,4162.545,129.271
6.570,72.951,2.856,3,4166.197,129.597
6.580,73.015,2.855,3,4169.849,129.924
6.590,73.079,2.854,3,4173.499,130.250
6.600,73.143,2.854,3,4177.149,130.577
6.610,73.206,2.853,3,4180.798,130.905
6.620,73.270,2.852,3,4184.445,131.232
6.630,73.334,2.851,3,4188.092,131.560
6.640,73.398,2.851,3,4191.738,131.888
6.650,73.461,2.850,3,4195.383,132.217
6.660,73.525,2.849,3,4199.027,132.545
6.670,73.589,2.849,3,4202.670,132.874
6.680,73.653,2.848,3,4206.312,133.204
6.690,73.716,2.847,3,4209.954,133.533
6.700,73.780,2.846,3,4213.594,133.863
6.710,73.844,2.846,3,4217.233,134.193
6.720,73.907,2.845,3,4220.872,134.523
6.730,73.971,2.844,3,4224.509,134.854
6.740,74.034,2.843,3,4228.146,135.185
6.750,74.098,2.843,3,4231.782,135.516
6.760,74.162,2.842,3,4235.417,135.848
6.770,74.225,2.841,3,4239.051,136.180
6.780,74.289,2.841,3,4242.683,136.512
6.790,74.352,2.840,3,4246.315,136.844
6.800,74.416,2.839,3,4249.947,137.177
6.810,74.479,2.838,3,4253.577,137.510
6.820,74.543,2.838,3,4257.206,137.843
6.830,74.606,2.837,3,4260.834,138.176
6.840,74.670,2.836,3,4264.462,138.510
6.850,74.733,2.835,3,4268.088,138.844
6.860,74.796,2.835,3,4271.713,139.179
6.870,74.860,2.834,3,4275.338,139.513
6.880,74.923,2.833,3,4278.962,139.848
6.890,74.987,2.833,3,4282.584,140.184
6.900,75.050,2.832,3,4286.206,140.519
6.910,75.113,2.831,3,4289.827,140.855
6.920,75.177,2.830,3,4293.447,141.191
6.930,75.240,2.830,3,4297.066,141.527
6.940,75.303,2.829,3,4300.684,141.864
6.950,75.366,2.828,3,4304.301,142.201
6.960,75.430,2.827,3,4307.917,142.538
6.970,75.493,2.827,3,4311.532,142.875
6.980,75.556,2.826,3,4315.146,143.213
6.990,75.619,2.825,3,4318.759,143.551
7.000,75.683,2.824,3,4322.372,143.890
7.010,75.746,2.824,3,4325.983,144.228
7.020,75.809,2.823,3,4329.594,144.567
7.030,75.872,2.822,3,4333.203,144.906
7.040,75.935,2.821,3,4336.812,145.246
7.050,75.998,2.821,3,4340.419,145.586
7.060,76.061,2.820,3,4344.026,145.926
7.070,76.124,2.819,3,4347.632,146.266
7.080,76.187,2.819,3,4351.237,146.606
7.090,76.250,2.818,3,4354.841,146.947
7.100,76.313,2.817,3,4358.443,147.288
7.110,76.376,2.816,3,4362.045,147.630
7.120,76.439,2.816,3,4365.646,147.972
7.130,76.502,2.815,3,4369.246,148.314
7.140,76.565,2.814,3,4372.846,148.656
7.150,76.628,2.813,3,4376.444,148.998
7.160,76.691,2.813,3,4380.041,149.341
7.170,76.754,2.812,3,4383.637,149.684
7.180,76.817,2.811,3,4387.233,150.028
7.190,76.880,2.810,3,4390.827,150.371
7.200,76.943,2.810,3,4394.420,150.715
7.210,77.005,2.809,3,4398.013,151.060
7.220,77.068,2.808,3,4401.604,151.404
7.230,77.131,2.807,3,4405.195,151.749
7.240,77.194,2.807,3,4408.784,152.094
7.250,77.257,2.806,3,4412.373,152.439
7.260,77.319,2.805,3,4415.961,152.785
7.270,77.382,2.804,3,4419.547,153.131
7.280,77.445,2.804,3,4423.133,153.477
7.290,77.508,2.803,3,4426.718,153.824
7.300,77.570,2.802,3,4430.302,154.171
7.310,77.633,2.801,3,4433.885,154.518
7.320,77.696,2.801,3,4437.467,154.865
7.330,77.758,2.800,3,4441.048,155.212
7.340,77.821,2.799,3,4444.628,155.560
7.350,77.883,2.798,3,4448.207,155.909
7.360,77.946,2.798,3,4451.785,156.257
7.370,78.009,2.797,3,4455.362,156.606
7.380,78.071,2.796,3,4458.938,156.955
7.390,78.134,2.795,3,4462.513,157.304
7.400,78.196,2.795,3,4466.088,157.654
7.410,78.259,2.794,3,4469.661,158.003
7.420,78.321,2.793,3,4473.233,158.354
7.430,78.384,2.792,3,4476.805,158.704
7.440,78.446,2.792,3,4480.375,159.055
7.450,78.508,2.791,3,4483.945,159.406
7.460,78.571,2.790,3,4487.513,159.757
7.470,78.633,2.789,3,4491.080,160.108
7.480,78.696,2.789,3,4494.647,160.460
7.490,78.758,2.788,3,4498.213,160.812
7.500,78.820,2.787,3,4501.777,161.165
7.510,78.883,2.786,3,4505.341,161.517
7.520,78.945,2.786,3,4508.903,161.870
7.530,79.007,2.785,3,4512.465,162.223
7.540,79.070,2.784,3,4516.026,162.577
7.550,79.132,2.783,3,4519.586,162.931
7.560,79.194,2.783,3,4523.144,163.285
7.570,79.256,2.782,3,4526.702,163.639
7.580,79.318,2.781,3,4530.259,163.994
7.590,79.381,2.780,3,4533.815,164.348
7.600,79.443,2.779,3,4537.370,164.704
7.610,79.505,2.779,3,4540.924,165.059
7.620,79.567,2.778,3,4544.477,165.415
7.630,79.629,2.777,3,4548.029,165.771
7.640,79.691,2.776,3,4551.580,166.127
7.650,79.753,2.776,3,4555.130,166.483
7.660,79.816,2.775,3,4558.679,166.840
7.670,79.878,2.774,3,4562.227,167.197
7.680,79.940,2.773,3,4565.774,167.555
7.690,80.002,2.773,3,4569.320,167.912
7.700,80.064,2.772,3,4572.865,168.270
7.710,80.126,2.771,3,4576.409,168.628
7.720,80.188,2.770,3,4579.953,168.987
7.730,80.250,2.770,3,4583.495,169.346
7.740,80.312,2.769,3,4587.036,169.705
7.750,80.373,2.768,3,4590.576,170.064
7.760,80.435,2.767,3,4594.116,170.424
7.770,80.497,2.766,3,4597.654,170.783
7.780,80.559,2.766,3,4601.191,171.143
7.790,80.621,2.765,3,4604.727,171.504
7.800,80.683,2.764,3,4608.263,171.865
7.810,80.745,2.763,3,4611.797,172.226
7.820,80.806,2.763,3,4615.331,172.587
7.830,80.868,2.762,3,4618.863,172.948
7.840,80.930,2.761,3,4622.394,173.310
7.850,80.992,2.760,3,4625.925,173.672
7.860,81.053,2.760,3,4629.454,174.034
7.870,81.115,2.759,3,4632.983,174.397
7.880,81.177,2.758,3,4636.510,174.760
7.890,81.239,2.757,3,4640.037,175.123
7.900,81.300,2.756,3,4643.562,175.487
7.910,81.362,2.756,3,4647.087,175.850
7.920,81.423,2.755,3,4650.610,176.214
7.930,81.485,2.754,3,4654.133,176.579
7.940,81.547,2.753,3,4657.654,176.943
7.950,81.608,2.753,3,4661.175,177.308
7.960,81.670,2.752,3,4664.694,177.673
7.970,81.731,2.751,3,4668.213,178.038
7.980,81.793,2.750,3,4671.730,178.404
7.990,81.854,2.750,3,4675.247,178.770
8.000,81.916,2.749,3,4678.763,179.136
8.010,81.977,2.748,3,4682.277,179.503
8.020,82.039,2.747,3,4685.791,179.869
8.030,82.100,2.746,3,4689.303,180.236
8.040,82.162,2.746,3,4692.815,180.604
8.050,82.223,2.745,3,4696.326,180.971
8.060,82.284,2.744,3,4699.835,181.339
8.070,82.346,2.743,3,4703.344,181.707
8.080,82.407,2.743,3,4706.851,182.076
8.090,82.468,2.742,3,4710.358,182.444
8.100,82.530,2.741,3,4713.864,182.813
8.110,82.591,2.740,3,4717.368,183.182
8.120,82.652,2.739,3,4720.872,183.552
8.130,82.714,2.739,3,4724.375,183.922
8.140,82.775,2.738,3,4727.876,184.292
8.150,82.836,2.737,3,4731.377,184.662
8.160,82.897,2.736,3,4734.877,185.033
8.170,82.958,2.735,3,4738.375,185.403
8.180,83.020,2.735,3,4741.873,185.775
8.190,83.081,2.734,3,4745.370,186.146
8.200,83.142,2.733,3,4748.865,186.518
8.210,83.203,2.732,3,4752.360,186.890
8.220,83.264,2.732,3,4755.854,187.262
8.230,83.325,2.731,3,4759.346,187.634
8.240,83.374,2.161,3,4762.838,188.007
8.250,83.422,2.161,3,4765.601,188.380
8.260,83.470,2.160,3,4768.364,188.753
8.270,83.519,2.159,3,4771.126,189.127
8.280,83.567,2.159,3,4773.887,189.500
8.290,83.615,2.158,3,4776.647,189.874
8.300,83.663,2.158,3,4779.406,190.248
8.310,83.712,2.157,3,4782.165,190.622
8.320,83.760,2.156,3,4784.923,190.997
8.330,83.808,2.156,3,4787.680,191.371
8.340,83.856,2.155,3,4790.436,191.746
8.350,83.904,2.154,3,4793.192,192.121
8.360,83.953,2.154,3,4795.946,192.496
8.370,84.001,2.153,3,4798.700,192.872
8.380,84.049,2.153,3,4801.453,193.248
8.390,84.097,2.152,3,4804.205,193.624
8.400,84.145,2.151,3,4806.957,194.000
8.410,84.193,2.151,3,4809.708,194.376
8.420,84.241,2.150,3,4812.457,194.753
8.430,84.289,2.149,3,4815.207,195.130
8.440,84.338,2.149,3,4817.955,195.507
8.450,84.386,2.148,3,4820.702,195.884
8.460,84.434,2.148,3,4823.449,196.261
8.470,84.482,2.147,3,4826.195,196.639
8.480,84.530,2.146,3,4828.940,197.017
8.490,84.578,2.146,3,4831.684,197.395
8.500,84.626,2.145,3,4834.428,197.773
8.510,84.674,2.144,3,4837.170,198.152
8.520,84.722,2.144,3,4839.912,198.531
8.530,84.770,2.143,3,4842.653,198.909
8.540,84.817,2.143,3,4845.394,199.289
8.550,84.865,2.142,3,4848.133,199.668
8.560,84.913,2.141,3,4850.872,200.048
8.570,84.961,2.141,3,4853.610,200.427
8.580,85.009,2.140,3,4856.347,200.807
8.590,85.057,2.139,3,4859.083,201.188
8.600,85.105,2.139,3,4861.818,201.568
8.610,85.153,2.138,3,4864.553,201.949
8.620,85.200,2.137,3,4867.287,202.330
8.630,85.248,2.137,3,4870.020,202.711
8.640,85.296,2.136,3,4872.752,203.092
8.650,85.344,2.136,3,4875.484,203.474
8.660,85.391,2.135,3,4878.214,203.855
8.670,85.439,2.134,3,4880.944,204.237
8.680,85.487,2.134,3,4883.673,204.619
8.690,85.535,2.133,3,4886.401,205.002
8.700,85.582,2.132,3,4889.129,205.384
8.710,85.630,2.132,3,4891.855,205.767
8.720,85.678,2.131,3,4894.581,206.150
8.730,85.725,2.131,3,4897.306,206.533
8.740,85.773,2.130,3,4900.030,206.917
8.750,85.821,2.129,3,4902.754,207.301
8.760,85.868,2.129,3,4905.476,207.684
8.770,85.916,2.128,3,4908.198,208.068
8.780,85.963,2.127,3,4910.919,208.453
8.790,86.011,2.127,3,4913.639,208.837
8.800,86.059,2.126,3,4916.359,209.222
8.810,86.106,2.126,3,4919.077,209.607
8.820,86.154,2.125,3,4921.795,209.992
8.830,86.201,2.124,3,4924.512,210.377
8.840,86.249,2.124,3,4927.228,210.763
8.850,86.296,2.123,3,4929.944,211.149
8.860,86.344,2.122,3,4932.658,211.535
8.870,86.391,2.122,3,4935.372,211.921
8.880,86.439,2.121,3,4938.085,212.307
8.890,86.486,2.120,3,4940.797,212.694
8.900,86.533,2.120,3,4943.508,213.081
8.910,86.581,2.119,3,4946.219,213.468
8.920,86.628,2.119,3,4948.928,213.855
8.930,86.676,2.118,3,4951.637,214.243
8.940,86.723,2.117,3,4954.345,214.630
8.950,86.770,2.117,3,4957.052,215.018
8.960,86.818,2.116,3,4959.759,215.406
8.970,86.865,2.115,3,4962.465,215.795
8.980,86.912,2.115,3,4965.169,216.183
8.990,86.960,2.114,3,4967.873,216.572
9.000,87.007,2.114,3,4970.577,216.961
9.010,87.054,2.113,3,4973.279,217.350
9.020,87.101,2.112,3,4975.981,217.739
9.030,87.149,2.112,3,4978.681,218.129
9.040,87.196,2.111,3,4981.381,218.519
9.050,87.243,2.110,3,4984.080,218.909
9.060,87.290,2.110,3,4986.779,219.299
9.070,87.337,2.109,3,4989.476,219.689
9.080,87.385,2.108,3,4992.173,220.080
9.090,87.432,2.108,3,4994.869,220.471
9.100,87.479,2.107,3,4997.564,220.862
9.110,87.526,2.107,3,5000.258,221.253
9.120,87.573,2.106,3,5002.952,221.645
9.130,87.620,2.105,3,5005.644,222.036
9.140,87.667,2.105,3,5008.336,222.428
9.150,87.714,2.104,3,5011.027,222.821
9.160,87.761,2.103,3,5013.717,223.213
9.170,87.808,2.103,3,5016.407,223.605
9.180,87.855,2.102,3,5019.095,223.998
9.190,87.902,2.101,3,5021.783,224.391
9.200,87.949,2.101,3,5024.470,224.784
9.210,87.996,2.100,3,5027.156,225.178
9.220,88.043,2.100,3,5029.841,225.571
9.230,88.090,2.099,3,5032.526,225.965
9.240,88.137,2.098,3,5035.210,226.359
9.250,88.184,2.098,3,5037.893,226.753
9.260,88.231,2.097,3,5040.575,227.148
9.270,88.278,2.096,3,5043.256,227.542
9.280,88.325,2.096,3,5045.936,227.937
9.290,88.372,2.095,3,5048.616,228.332
9.300,88.419,2.094,3,5051.295,228.727
9.310,88.465,2.094,3,5053.973,229.123
9.320,88.512,2.093,3,5056.650,229.519
9.330,88.559,2.092,3,5059.326,229.915
9.340,88.606,2.092,3,5062.002,230.311
9.350,88.653,2.091,3,5064.676,230.707
9.360,88.699,2.091,3,5067.350,231.103
9.370,88.746,2.090,3,5070.023,231.500
9.380,88.793,2.089,3,5072.696,231.897
9.390,88.840,2.089,3,5075.367,232.294
9.400,88.886,2.088,3,5078.038,232.692
9.410,88.933,2.087,3,5080.707,233.089
9.420,88.980,2.087,3,5083.376,233.487
9.430,89.026,2.086,3,5086.045,233.885
9.440,89.073,2.085,3,5088.712,234.283
9.450,89.120,2.085,3,5091.378,234.682
9.460,89.166,2.084,3,5094.044,235.080
9.470,89.213,2.084,3,5096.709,235.479
9.480,89.259,2.083,3,5099.373,235.878
9.490,89.306,2.082,3,5102.036,236.277
9.500,89.353,2.082,3,5104.699,236.677
9.510,89.399,2.081,3,5107.360,237.076
9.520,89.446,2.080,3,5110.021,237.476
9.530,89.492,2.080,3,5112.681,237.876
9.540,89.539,2.079,3,5115.340,238.277
9.550,89.585,2.078,3,5117.999,238.677
9.560,89.632,2.078,3,5120.656,239.078
9.570,89.678,2.077,3,5123.313,239.479
9.580,89.725,2.076,3,5125.969,239.880
9.590,89.771,2.076,3,5128.624,240.281
9.600,89.817,2.075,3,5131.278,240.683
9.610,89.864,2.075,3,5133.931,241.084
9.620,89.910,2.074,3,5136.584,241.486
9.630,89.957,2.073,3,5139.236,241.888
9.640,90.003,2.073,3,5141.887,242.291
9.650,90.049,2.072,3,5144.537,242.693
9.660,90.096,2.071,3,5147.186,243.096
9.670,90.142,2.071,3,5149.834,243.499
9.680,90.188,2.070,3,5152.482,243.902
9.690,90.235,2.069,3,5155.129,244.306
9.700,90.281,2.069,3,5157.775,244.709
9.710,90.327,2.068,3,5160.420,245.113
9.720,90.373,2.067,3,5163.064,245.517
9.730,90.420,2.067,3,5165.708,245.921
9.740,90.466,2.066,3,5168.351,246.326
9.750,90.512,2.066,3,5170.992,246.730
9.760,90.558,2.065,3,5173.634,247.135
9.770,90.604,2.064,3,5176.274,247.540
9.780,90.651,2.064,3,5178.913,247.945
9.790,90.697,2.063,3,5181.552,248.351
9.800,90.743,2.062,3,5184.189,248.756
9.810,90.789,2.062,3,5186.826,249.162
9.820,90.835,2.061,3,5189.462,249.568
9.830,90.881,2.060,3,5192.098,249.975
9.840,90.927,2.060,3,5194.732,250.381
9.850,90.973,2.059,3,5197.366,250.788
9.860,91.019,2.058,3,5199.999,251.195
9.870,91.065,2.058,3,5202.631,251.602
9.880,91.111,2.057,3,5205.262,252.009
9.890,91.157,2.056,3,5207.892,252.417
9.900,91.203,2.056,3,5210.522,252.824
9.910,91.249,2.055,3,5213.150,253.232
9.920,91.295,2.055,3,5215.778,253.640
9.930,91.341,2.054,3,5218.405,254.049
9.940,91.387,2.053,3,5221.031,254.457
9.950,91.433,2.053,3,5223.657,254.866
9.960,91.479,2.052,3,5226.281,255.275
9.970,91.525,2.051,3,5228.905,255.684
9.980,91.571,2.051,3,5231.528,256.093
9.990,91.617,2.050,3,5234.150,256.503
10.000,91.662,2.049,3,5236.771,256.913
10.010,91.708,2.049,3,5239.391,257.323
10.020,91.754,2.048,3,5242.011,257.733
10.030,91.800,2.047,3,5244.630,258.143
10.040,91.846,2.047,3,5247.248,258.554
10.050,91.891,2.046,3,5249.865,258.965
10.060,91.937,2.045,3,5252.481,259.376
10.070,91.983,2.045,3,5255.096,259.787
10.080,92.029,2.044,3,5257.711,260.198
10.090,92.074,2.044,3,5260.325,260.610
10.100,92.120,2.043,3,5262.938,261.022
10.110,92.166,2.042,3,5265.550,261.434
10.120,92.211,2.042,3,5268.161,261.846
10.130,92.257,2.041,3,5270.771,262.258
10.140,92.303,2.040,3,5273.381,262.671
10.150,92.348,2.040,3,5275.990,263.084
10.160,92.394,2.039,3,5278.598,263.497
10.170,92.440,2.038,3,5281.205,263.910
10.180,92.485,2.038,3,5283.811,264.324
10.190,92.531,2.037,3,5286.417,264.737
10.200,92.576,2.036,3,5289.021,265.151
10.210,92.622,2.036,3,5291.625,265.565
10.220,92.667,2.035,3,5294.228,265.979
10.230,92.713,2.034,3,5296.830,266.394
10.240,92.758,2.034,3,5299.431,266.808
10.250,92.804,2.033,3,5302.032,267.223
10.260,92.849,2.032,3,5304.631,267.638
10.270,92.895,2.032,3,5307.230,268.054
10.280,92.940,2.031,3,5309.828,268.469
10.290,92.986,2.031,3,5312.425,268.885
10.300,93.031,2.030,3,5315.022,269.301
10.310,93.076,2.029,3,5317.617,269.717
10.320,93.122,2.029,3,5320.212,270.133
10.330,93.167,2.028,3,5322.806,270.550
10.340,93.212,2.027,3,5325.399,270.966
10.350,93.258,2.027,3,5327.991,271.383
10.360,93.303,2.026,3,5330.582,271.800
10.370,93.348,2.025,3,5333.172,272.218
10.380,93.394,2.025,3,5335.762,272.635
10.390,93.439,2.024,3,5338.351,273.053
10.400,93.484,2.023,3,5340.939,273.471
10.410,93.530,2.023,3,5343.526,273.889
10.420,93.575,2.022,3,5346.112,274.307
10.430,93.620,2.021,3,5348.698,274.726
10.440,93.665,2.021,3,5351.282,275.144
10.450,93.710,2.020,3,5353.866,275.563
10.460,93.756,2.019,3,5356.449,275.982
10.470,93.801,2.019,3,5359.031,276.402
10.480,93.846,2.018,3,5361.613,276.821
10.490,93.891,2.017,3,5364.193,277.241
10.500,93.936,2.017,3,5366.773,277.661
10.510,93.981,2.016,3,5369.351,278.081
10.520,94.026,2.016,3,5371.929,278.501
10.530,94.071,2.015,3,5374.506,278.922
10.540,94.116,2.014,3,5377.083,279.343
10.550,94.161,2.014,3,5379.658,279.764
10.560,94.206,2.013,3,5382.233,280.185
10.570,94.251,2.012,3,5384.807,280.606
10.580,94.296,2.012,3,5387.380,281.028
10.590,94.341,2.011,3,5389.952,281.449
10.600,94.386,2.010,3,5392.523,281.871
10.610,94.431,2.010,3,5395.093,282.293
10.620,94.476,2.009,3,5397.663,282.716
10.630,94.521,2.008,3,5400.232,283.138
10.640,94.566,2.008,3,5402.800,283.561
10.650,94.611,2.007,3,5405.367,283.984
10.660,94.656,2.006,3,5407.933,284.407
10.670,94.701,2.006,3,5410.498,284.831
10.680,94.746,2.005,3,5413.063,285.254
10.690,94.791,2.004,3,5415.627,285.678
10.700,94.835,2.004,3,5418.189,286.102
10.710,94.880,2.003,3,5420.752,286.526
10.720,94.925,2.002,3,5423.313,286.950
10.730,94.970,2.002,3,5425.873,287.375
10.740,95.014,2.001,3,5428.433,287.800
10.750,95.059,2.000,3,5430.991,288.225
10.760,95.104,2.000,3,5433.549,288.650
10.770,95.149,1.999,3,5436.106,289.075
10.780,95.193,1.999,3,5438.662,289.501
10.790,95.238,1.998,3,5441.218,289.926
10.800,95.283,1.997,3,5443.772,290.352
10.810,95.327,1.997,3,5446.326,290.778
10.820,95.372,1.996,3,5448.879,291.205
10.830,95.417,1.995,3,5451.431,291.631
10.840,95.461,1.995,3,5453.982,292.058
10.850,95.506,1.994,3,5456.532,292.485
10.860,95.551,1.993,3,5459.082,292.912
10.870,95.595,1.993,3,5461.630,293.340
10.880,95.640,1.992,3,5464.178,293.767
10.890,95.684,1.991,3,5466.725,294.195
10.900,95.729,1.991,3,5469.271,294.623
10.910,95.773,1.990,3,5471.816,295.051
10.920,95.818,1.989,3,5474.361,295.479
10.930,95.862,1.989,3,5476.904,295.908
10.940,95.907,1.988,3,5479.447,296.337
10.950,95.951,1.987,3,5481.989,296.766
10.960,95.996,1.987,3,5484.530,297.195
10.970,96.040,1.986,3,5487.070,297.624
10.980,96.084,1.985,3,5489.610,298.054
10.990,96.129,1.985,3,5492.148,298.483
11.000,96.173,1.984,3,5494.686,298.913
11.010,96.218,1.983,3,5497.223,299.343
11.020,96.262,1.983,3,5499.759,299.774
11.030,96.306,1.982,3,5502.294,300.204
11.040,96.351,1.981,3,5504.828,300.635
11.050,96.395,1.981,3,5507.362,301.066
11.060,96.439,1.980,3,5509.895,301.497
11.070,96.483,1.979,3,5512.426,301.928
11.080,96.528,1.979,3,5514.957,302.360
11.090,96.572,1.978,3,5517.487,302.792
11.100,96.616,1.977,3,5520.017,303.223
11.110,96.660,1.977,3,5522.545,303.656
11.120,96.705,1.976,3,5525.073,304.088
11.130,96.749,1.975,3,5527.599,304.520
11.140,96.793,1.975,3,5530.125,304.953
11.150,96.837,1.974,3,5532.650,305.386
11.160,96.881,1.974,3,5535.175,305.819
11.170,96.925,1.973,3,5537.698,306.252
11.180,96.970,1.972,3,5540.221,306.686
11.190,97.014,1.972,3,5542.742,307.120
11.200,97.058,1.971,3,5545.263,307.553
11.210,97.102,1.970,3,5547.783,307.987
11.220,97.146,1.970,3,5550.302,308.422
11.230,97.190,1.969,3,5552.821,308.856
11.240,97.234,1.968,3,5555.338,309.291
11.250,97.278,1.968,3,5557.855,309.726
11.260,97.322,1.967,3,5560.371,310.161
11.270,97.366,1.966,3,5562.885,310.596
11.280,97.410,1.966,3,5565.400,311.032
11.290,97.454,1.965,3,5567.913,311.467
11.300,97.498,1.964,3,5570.425,311.903
11.310,97.542,1.964,3,5572.937,312.339
11.320,97.586,1.963,3,5575.448,312.775
11.330,97.630,1.962,3,5577.957,313.212
11.340,97.673,1.962,3,5580.466,313.648
11.350,97.717,1.961,3,5582.975,314.085
11.360,97.761,1.960,3,5585.482,314.522
11.370,97.805,1.960,3,5587.988,314.960
11.380,97.849,1.959,3,5590.494,315.397
11.390,97.893,1.958,3,5592.999,315.835
11.400,97.936,1.958,3,5595.503,316.272
11.410,97.980,1.957,3,5598.006,316.710
11.420,97.960,-0.887,4,4000.363,317.148
11.430,97.940,-0.887,4,3999.553,317.586
11.440,97.921,-0.887,4,3998.742,318.024
11.450,97.901,-0.887,4,3997.932,318.462
11.460,97.881,-0.886,4,3997.123,318.899
11.470,97.861,-0.886,4,3996.313,319.337
11.480,97.841,-0.886,4,3995.504,319.774
11.490,97.822,-0.885,4,3994.695,320.211
11.500,97.802,-0.885,4,3993.887,320.649
11.510,97.782,-0.885,4,3993.078,321.086
11.520,97.762,-0.884,4,3992.270,321.523
11.530,97.742,-0.884,4,3991.462,321.960
11.540,97.723,-0.884,4,3990.655,322.396
11.550,97.703,-0.884,4,3989.848,322.833
11.560,97.683,-0.883,4,3989.041,323.270
11.570,97.663,-0.883,4,3988.234,323.707
11.580,97.644,-0.883,4,3987.427,324.143
11.590,97.624,-0.882,4,3986.621,324.579
11.600,97.604,-0.882,4,3985.815,325.016
11.610,97.584,-0.882,4,3985.010,325.452
11.620,97.619,1.556,4,3984.204,325.888
11.630,97.654,1.556,4,3985.626,326.325
11.640,97.689,1.555,4,3987.046,326.762
11.650,97.724,1.554,4,3988.466,327.199
11.660,97.758,1.554,4,3989.886,327.636
11.670,97.793,1.553,4,3991.305,328.073
11.680,97.828,1.553,4,3992.724,328.510
11.690,97.863,1.552,4,3994.142,328.948
11.700,97.897,1.552,4,3995.560,329.385
11.710,97.932,1.551,4,3996.978,329.823
11.720,97.967,1.551,4,3998.394,330.261
11.730,98.001,1.550,4,3999.811,330.699
11.740,98.036,1.550,4,4001.227,331.137
11.750,98.071,1.549,4,4002.642,331.576
11.760,98.105,1.549,4,4004.057,332.014
11.770,98.140,1.548,4,4005.471,332.453
11.780,98.175,1.548,4,4006.885,332.892
11.790,98.209,1.547,4,4008.299,333.331
11.800,98.244,1.547,4,4009.712,333.770
11.810,98.278,1.546,4,4011.124,334.209
11.820,98.313,1.546,4,4012.536,334.649
11.830,98.347,1.545,4,4013.948,335.089
11.840,98.382,1.545,4,4015.359,335.528
11.850,98.417,1.544,4,4016.770,335.968
11.860,98.451,1.543,4,4018.180,336.408
11.870,98.486,1.543,4,4019.590,336.849
11.880,98.520,1.542,4,4020.999,337.289
11.890,98.555,1.542,4,4022.407,337.730
11.900,98.589,1.541,4,4023.816,338.170
11.910,98.624,1.541,4,4025.223,338.611
11.920,98.658,1.540,4,4026.631,339.052
11.930,98.692,1.540,4,4028.037,339.494
11.940,98.727,1.539,4,4029.444,339.935
11.950,98.761,1.539,4,4030.850,340.376
11.960,98.796,1.538,4,4032.255,340.818
11.970,98.830,1.538,4,4033.660,341.260
11.980,98.864,1.537,4,4035.064,341.702
11.990,98.899,1.537,4,4036.468,342.144
12.000,98.933,1.536,4,4037.872,342.586
12.010,98.968,1.536,4,4039.275,343.029
12.020,99.002,1.535,4,4040.677,343.471
12.030,99.036,1.535,4,4042.079,343.914
12.040,99.071,1.534,4,4043.481,344.357
12.050,99.105,1.534,4,4044.882,344.800
12.060,99.139,1.533,4,4046.282,345.243
12.070,99.173,1.532,4,4047.682,345.686
12.080,99.208,1.532,4,4049.082,346.130
12.090,99.242,1.531,4,4050.481,346.574
12.100,99.276,1.531,4,4051.880,347.017
12.110,99.310,1.530,4,4053.278,347.461
12.120,99.345,1.530,4,4054.675,347.905
12.130,99.379,1.529,4,4056.073,348.350
12.140,99.413,1.529,4,4057.469,348.794
12.150,99.447,1.528,4,4058.866,349.239
12.160,99.481,1.528,4,4060.261,349.683
12.170,99.516,1.527,4,4061.657,350.128
12.180,99.550,1.527,4,4063.052,350.573
12.190,99.584,1.526,4,4064.446,351.019
12.200,99.618,1.526,4,4065.840,351.464
12.210,99.652,1.525,4,4067.233,351.909
12.220,99.686,1.525,4,4068.626,352.355
12.230,99.720,1.524,4,4070.018,352.801
12.240,99.754,1.524,4,4071.410,353.247
12.250,99.788,1.523,4,4072.802,353.693
12.260,99.823,1.523,4,4074.193,354.139
12.270,99.857,1.522,4,4075.583,354.585
12.280,99.891,1.521,4,4076.973,355.032
12.290,99.925,1.521,4,4078.363,355.479
12.300,99.959,1.520,4,4079.752,355.926
12.310,99.993,1.520,4,4081.141,356.373
12.320,100.027,1.519,4,4082.529,356.820
12.330,100.061,1.519,4,4083.916,357.267
12.340,100.095,1.518,4,4085.304,357.714
12.350,100.129,1.518,4,4086.690,358.162
12.360,100.162,1.517,4,4088.076,358.610
12.370,100.196,1.517,4,4089.462,359.058
12.380,100.230,1.516,4,4090.847,359.506
12.390,100.264,1.516,4,4092.232,359.954
12.400,100.298,1.515,4,4093.616,360.402
12.410,100.332,1.515,4,4095.000,360.851
12.420,100.366,1.514,4,4096.384,361.300
12.430,100.400,1.514,4,4097.766,361.748
12.440,100.434,1.513,4,4099.149,362.197
12.450,100.467,1.513,4,4100.531,362.647
12.460,100.501,1.512,4,4101.912,363.096
12.470,100.535,1.511,4,4103.293,363.545
12.480,100.569,1.511,4,4104.673,363.995
12.490,100.603,1.510,4,4106.053,364.445
12.500,100.636,1.510,4,4107.433,364.894
12.510,100.670,1.509,4,4108.812,365.345
12.520,100.704,1.509,4,4110.190,365.795
12.530,100.738,1.508,4,4111.569,366.245
12.540,100.771,1.508,4,4112.946,366.696
12.550,100.805,1.507,4,4114.323,367.146
12.560,100.839,1.507,4,4115.700,367.597
12.570,100.872,1.506,4,4117.076,368.048
12.580,100.906,1.506,4,4118.452,368.499
12.590,100.940,1.505,4,4119.827,368.950
12.600,100.973,1.505,4,4121.202,369.402
12.610,101.007,1.504,4,4122.576,369.853
12.620,101.041,1.504,4,4123.950,370.305
12.630,101.074,1.503,4,4125.323,370.757
12.640,101.108,1.503,4,4126.696,371.209
12.650,101.142,1.502,4,4128.068,371.661
12.660,101.175,1.502,4,4129.440,372.113
12.670,101.209,1.501,4,4130.811,372.566
12.680,101.242,1.500,4,4132.182,373.018
12.690,101.276,1.500,4,4133.552,373.471
12.700,101.309,1.499,4,4134.922,373.924
12.710,101.343,1.499,4,4136.292,374.377
12.720,101.376,1.498,4,4137.661,374.830
12.730,101.410,1.498,4,4139.029,375.283
12.740,101.443,1.497,4,4140.397,375.737
12.750,101.477,1.497,4,4141.765,376.191
12.760,101.510,1.496,4,4143.132,376.644
12.770,101.544,1.496,4,4144.498,377.098
12.780,101.577,1.495,4,4145.865,377.552
12.790,101.611,1.495,4,4147.230,378.007
12.800,101.644,1.494,4,4148.595,378.461
12.810,101.678,1.494,4,4149.960,378.915
12.820,101.711,1.493,4,4151.324,379.370
12.830,101.744,1.493,4,4152.688,379.825
12.840,101.778,1.492,4,4154.051,380.280
12.850,101.811,1.492,4,4155.414,380.735
12.860,101.845,1.491,4,4156.776,381.190
12.870,101.878,1.491,4,4158.138,381.646
12.880,101.911,1.490,4,4159.499,382.101
12.890,101.944,1.489,4,4160.860,382.557
12.900,101.978,1.489,4,4162.220,383.013
12.910,102.011,1.488,4,4163.580,383.469
12.920,102.044,1.488,4,4164.940,383.925
12.930,102.078,1.487,4,4166.299,384.382
12.940,102.111,1.487,4,4167.657,384.838
12.950,102.144,1.486,4,4169.015,385.295
12.960,102.177,1.486,4,4170.372,385.751
12.970,102.211,1.485,4,4171.729,386.208
12.980,102.244,1.485,4,4173.086,386.665
12.990,102.277,1.484,4,4174.442,387.123
13.000,102.310,1.484,4,4175.798,387.580
13.010,102.343,1.483,4,4177.153,388.038
13.020,102.377,1.483,4,4178.507,388.495
13.030,102.410,1.482,4,4179.861,388.953
13.040,102.443,1.482,4,4181.215,389.411
13.050,102.476,1.481,4,4182.568,389.869
13.060,102.509,1.481,4,4183.921,390.327
13.070,102.542,1.480,4,4185.273,390.786
13.080,102.575,1.480,4,4186.625,391.244
13.090,102.608,1.479,4,4187.976,391.703
13.100,102.641,1.478,4,4189.327,392.162
13.110,102.675,1.478,4,4190.677,392.621
13.120,102.708,1.477,4,4192.027,393.080
13.130,102.741,1.477,4,4193.376,393.539
13.140,102.774,1.476,4,4194.725,393.999
13.150,102.807,1.476,4,4196.074,394.458
13.160,102.840,1.475,4,4197.422,394.918
13.170,102.873,1.475,4,4198.769,395.378
13.180,102.906,1.474,4,4200.116,395.838
13.190,102.939,1.474,4,4201.463,396.298
13.200,102.972,1.473,4,4202.809,396.758
13.210,103.005,1.473,4,4204.154,397.219
13.220,103.037,1.472,4,4205.499,397.680
13.230,103.070,1.472,4,4206.844,398.140
13.240,103.103,1.471,4,4208.188,398.601
13.250,103.136,1.471,4,4209.531,399.062
13.260,103.169,1.470,4,4210.875,399.523
13.270,103.202,1.470,4,4212.217,399.985
13.280,103.235,1.469,4,4213.559,400.446
13.290,103.268,1.469,4,4214.901,400.908
13.300,103.300,1.468,4,4216.242,401.370
13.310,103.333,1.468,4,4217.583,401.832
13.320,103.366,1.467,4,4218.923,402.294
13.330,103.399,1.466,4,4220.263,402.756
13.340,103.432,1.466,4,4221.603,403.218
13.350,103.465,1.465,4,4222.941,403.681
13.360,103.497,1.465,4,4224.280,404.144
13.370,103.530,1.464,4,4225.618,404.606
13.380,103.563,1.464,4,4226.955,405.069
13.390,103.596,1.463,4,4228.292,405.533
13.400,103.628,1.463,4,4229.628,405.996
13.410,103.661,1.462,4,4230.964,406.459
13.420,103.694,1.462,4,4232.300,406.923
13.430,103.726,1.461,4,4233.635,407.386
13.440,103.759,1.461,4,4234.969,407.850
13.450,103.792,1.460,4,4236.304,408.314
13.460,103.824,1.460,4,4237.637,408.778
13.470,103.857,1.459,4,4238.970,409.243
13.480,103.890,1.459,4,4240.303,409.707
13.490,103.922,1.458,4,4241.635,410.172
13.500,103.955,1.458,4,4242.967,410.636
13.510,103.987,1.457,4,4244.298,411.101
13.520,104.020,1.457,4,4245.629,411.566
13.530,104.053,1.456,4,4246.959,412.031
13.540,104.085,1.455,4,4248.289,412.497
13.550,104.118,1.455,4,4249.618,412.962
13.560,104.150,1.454,4,4250.947,413.428
13.570,104.183,1.454,4,4252.275,413.894
13.580,104.215,1.453,4,4253.603,414.359
13.590,104.248,1.453,4,4254.930,414.825
13.600,104.280,1.452,4,4256.257,415.292
13.610,104.313,1.452,4,4257.584,415.758
13.620,104.345,1.451,4,4258.910,416.224
13.630,104.378,1.451,4,4260.235,416.691
13.640,104.410,1.450,4,4261.560,417.158
13.650,104.442,1.450,4,4262.885,417.625
13.660,104.475,1.449,4,4264.209,418.092
13.670,104.507,1.449,4,4265.532,418.559
13.680,104.540,1.448,4,4266.855,419.026
13.690,104.572,1.448,4,4268.178,419.494
13.700,104.604,1.447,4,4269.500,419.961
13.710,104.637,1.447,4,4270.822,420.429
13.720,104.669,1.446,4,4272.143,420.897
13.730,104.701,1.446,4,4273.464,421.365
13.740,104.734,1.445,4,4274.784,421.833
13.750,104.766,1.445,4,4276.104,422.302
13.760,104.798,1.444,4,4277.423,422.770
13.770,104.831,1.443,4,4278.742,423.239
13.780,104.863,1.443,4,4280.060,423.707
13.790,104.895,1.442,4,4281.378,424.176
13.800,104.928,1.442,4,4282.695,424.645
13.810,104.960,1.441,4,4284.012,425.115
13.820,104.992,1.441,4,4285.328,425.584
13.830,105.024,1.440,4,4286.644,426.054
13.840,105.056,1.440,4,4287.960,426.523
13.850,105.089,1.439,4,4289.275,426.993
13.860,105.121,1.439,4,4290.589,427.463
13.870,105.153,1.438,4,4291.903,427.933
13.880,105.185,1.438,4,4293.217,428.403
13.890,105.217,1.437,4,4294.530,428.874
13.900,105.249,1.437,4,4295.843,429.344
13.910,105.282,1.436,4,4297.155,429.815
13.920,105.314,1.436,4,4298.466,430.286
13.930,105.346,1.435,4,4299.778,430.756
13.940,105.378,1.435,4,4301.088,431.228
13.950,105.410,1.434,4,4302.398,431.699
13.960,105.442,1.434,4,4303.708,432.170
13.970,105.474,1.433,4,4305.017,432.642
13.980,105.506,1.433,4,4306.326,433.113
13.990,105.538,1.432,4,4307.635,433.585
14.000,105.570,1.431,4,4308.942,434.057
14.010,105.602,1.431,4,4310.250,434.529
14.020,105.634,1.430,4,4311.557,435.001
14.030,105.666,1.430,4,4312.863,435.474
14.040,105.698,1.429,4,4314.169,435.946
14.050,105.730,1.429,4,4315.474,436.419
14.060,105.762,1.428,4,4316.779,436.892
14.070,105.794,1.428,4,4318.084,437.365
14.080,105.826,1.427,4,4319.388,437.838
14.090,105.858,1.427,4,4320.692,438.311
14.100,105.890,1.426,4,4321.995,438.784
14.110,105.922,1.426,4,4323.297,439.258
14.120,105.953,1.425,4,4324.599,439.731
14.130,105.985,1.425,4,4325.901,440.205
14.140,106.017,1.424,4,4327.202,440.679
14.150,106.049,1.424,4,4328.503,441.153
14.160,106.081,1.423,4,4329.803,441.627
14.170,106.113,1.423,4,4331.103,442.102
14.180,106.145,1.422,4,4332.402,442.576
14.190,106.176,1.422,4,4333.701,443.051
14.200,106.208,1.421,4,4334.999,443.526
14.210,106.240,1.421,4,4336.297,444.001
14.220,106.272,1.420,4,4337.594,444.476
14.230,106.303,1.419,4,4338.891,444.951
14.240,106.335,1.419,4,4340.188,445.426
14.250,106.367,1.418,4,4341.484,445.902
14.260,106.399,1.418,4,4342.779,446.378
14.270,106.430,1.417,4,4344.074,446.853
14.280,106.462,1.417,4,4345.369,447.329
14.290,106.494,1.416,4,4346.663,447.805
14.300,106.525,1.416,4,4347.956,448.282
14.310,106.557,1.415,4,4349.249,448.758
14.320,106.589,1.415,4,4350.542,449.234
14.330,106.620,1.414,4,4351.834,449.711
14.340,106.652,1.414,4,4353.126,450.188
14.350,106.684,1.413,4,4354.417,450.665
14.360,106.715,1.413,4,4355.708,451.142
14.370,106.747,1.412,4,4356.998,451.619
14.380,106.778,1.412,4,4358.288,452.096
14.390,106.810,1.411,4,4359.577,452.574
14.400,106.841,1.411,4,4360.866,453.051
14.410,106.873,1.410,4,4362.154,453.529
14.420,106.905,1.410,4,4363.442,454.007
14.430,106.936,1.409,4,4364.729,454.485
14.440,106.968,1.409,4,4366.016,454.963
14.450,106.999,1.408,4,4367.303,455.442
14.460,107.031,1.408,4,4368.589,455.920
14.470,107.062,1.407,4,4369.874,456.399
14.480,107.093,1.406,4,4371.159,456.877
14.490,107.125,1.406,4,4372.444,457.356
14.500,107.156,1.405,4,4373.728,457.835
14.510,107.188,1.405,4,4375.012,458.315
14.520,107.219,1.404,4,4376.295,458.794
14.530,107.251,1.404,4,4377.577,459.273
14.540,107.282,1.403,4,4378.859,459.753
14.550,107.313,1.403,4,4380.141,460.233
14.560,107.345,1.402,4,4381.422,460.713
14.570,107.376,1.402,4,4382.703,461.193
14.580,107.407,1.401,4,4383.983,461.673
14.590,107.439,1.401,4,4385.263,462.153
14.600,107.470,1.400,4,4386.543,462.633
14.610,107.501,1.400,4,4387.821,463.114
14.620,107.533,1.399,4,4389.100,463.595
14.630,107.564,1.399,4,4390.378,464.076
14.640,107.595,1.398,4,4391.655,464.557
14.650,107.627,1.398,4,4392.932,465.038
14.660,107.658,1.397,4,4394.209,465.519
14.670,107.689,1.397,4,4395.485,466.000
14.680,107.720,1.396,4,4396.760,466.482
14.690,107.751,1.396,4,4398.035,466.964
14.700,107.783,1.395,4,4399.310,467.445
14.710,107.814,1.395,4,4400.584,467.927
14.720,107.845,1.394,4,4401.857,468.410
14.730,107.876,1.394,4,4403.131,468.892
14.740,107.907,1.393,4,4404.403,469.374
14.750,107.939,1.392,4,4405.676,469.857
14.760,107.970,1.392,4,4406.947,470.339
14.770,108.001,1.391,4,4408.219,470.822
14.780,108.032,1.391,4,4409.489,471.305
14.790,108.063,1.390,4,4410.760,471.788
14.800,108.094,1.390,4,4412.030,472.271
14.810,108.125,1.389,4,4413.299,472.755
14.820,108.156,1.389,4,4414.568,473.238
14.830,108.187,1.388,4,4415.836,473.722
14.840,108.218,1.388,4,4417.104,474.206
14.850,108.249,1.387,4,4418.372,474.690
14.860,108.280,1.387,4,4419.639,475.174
14.870,108.311,1.386,4,4420.905,475.658
14.880,108.342,1.386,4,4422.171,476.142
14.890,108.373,1.385,4,4423.437,476.627
14.900,108.404,1.385,4,4424.702,477.111
14.910,108.435,1.384,4,4425.967,477.596
14.920,108.466,1.384,4,4427.231,478.081
14.930,108.497,1.383,4,4428.495,478.566
14.940,108.528,1.383,4,4429.758,479.051
14.950,108.559,1.382,4,4431.021,479.536
14.960,108.590,1.382,4,4432.283,480.022
14.970,108.621,1.381,4,4433.545,480.507
14.980,108.652,1.381,4,4434.806,480.993
14.990,108.683,1.380,4,4436.067,481.479
15.000,108.714,1.380,4,4437.327,481.965
15.010,108.744,1.379,4,4438.587,482.451
15.020,108.775,1.378,4,4439.847,482.937
15.030,108.806,1.378,4,4441.106,483.424
15.040,108.837,1.377,4,4442.364,483.910
15.050,108.868,1.377,4,4443.622,484.397
15.060,108.898,1.376,4,4444.880,484.884
15.070,108.929,1.376,4,4446.137,485.371
15.080,108.960,1.375,4,4447.393,485.858
15.090,108.991,1.375,4,4448.650,486.345
15.100,109.021,1.374,4,4449.905,486.832
15.110,109.052,1.374,4,4451.160,487.320
15.120,109.083,1.373,4,4452.415,487.808
15.130,109.114,1.373,4,4453.669,488.295
15.140,109.144,1.372,4,4454.923,488.783
15.150,109.175,1.372,4,4456.176,489.271
15.160,109.206,1.371,4,4457.429,489.760
15.170,109.236,1.371,4,4458.682,490.248
15.180,109.267,1.370,4,4459.934,490.736
15.190,109.298,1.370,4,4461.185,491.225
15.200,109.328,1.369,4,4462.436,491.714
15.210,109.359,1.369,4,4463.686,492.203
15.220,109.389,1.368,4,4464.936,492.692
15.230,109.420,1.368,4,4466.186,493.181
15.240,109.451,1.367,4,4467.435,493.670
15.250,109.481,1.367,4,4468.684,494.159
15.260,109.512,1.366,4,4469.932,494.649
15.270,109.542,1.366,4,4471.179,495.139
15.280,109.573,1.365,4,4472.427,495.629
15.290,109.603,1.365,4,4473.673,496.119
15.300,109.634,1.364,4,4474.919,496.609
15.310,109.664,1.364,4,4476.165,497.099
15.320,109.695,1.363,4,4477.411,497.589
15.330,109.725,1.362,4,4478.655,498.080
15.340,109.756,1.362,4,4479.900,498.570
15.350,109.786,1.361,4,4481.144,499.061
15.360,109.817,1.361,4,4482.387,499.552
15.370,109.847,1.360,4,4483.630,500.043
15.380,109.878,1.360,4,4484.872,500.534
15.390,109.908,1.359,4,4486.114,501.026
15.400,109.938,1.359,4,4487.356,501.517
15.410,109.969,1.358,4,4488.597,502.009
15.420,109.999,1.358,4,4489.838,502.501
15.430,110.030,1.357,4,4491.078,502.992
15.440,110.060,1.357,4,4492.317,503.484
15.450,110.090,1.356,4,4493.557,503.977
15.460,110.121,1.356,4,4494.795,504.469
15.470,110.151,1.355,4,4496.033,504.961
15.480,110.181,1.355,4,4497.271,505.454
15.490,110.211,1.354,4,4498.509,505.947
15.500,110.242,1.354,4,4499.745,506.439
15.510,110.272,1.353,4,4500.982,506.932
15.520,110.302,1.353,4,4502.218,507.425
15.530,110.332,1.352,4,4503.453,507.919
15.540,110.363,1.352,4,4504.688,508.412
15.550,110.393,1.351,4,4505.922,508.905
15.560,110.423,1.351,4,4507.156,509.399
15.570,110.453,1.350,4,4508.390,509.893
15.580,110.484,1.350,4,4509.623,510.387
15.590,110.514,1.349,4,4510.856,510.881
15.600,110.544,1.349,4,4512.088,511.375
15.610,110.574,1.348,4,4513.319,511.869
15.620,110.604,1.348,4,4514.551,512.364
15.630,110.634,1.347,4,4515.781,512.858
15.640,110.664,1.347,4,4517.011,513.353
15.650,110.695,1.346,4,4518.241,513.848
15.660,110.725,1.345,4,4519.471,514.343
15.670,110.755,1.345,4,4520.699,514.838
15.680,110.785,1.344,4,4521.928,515.333
15.690,110.815,1.344,4,4523.156,515.829
15.700,110.845,1.343,4,4524.383,516.324
15.710,110.875,1.343,4,4525.610,516.820
15.720,110.905,1.342,4,4526.837,517.316
15.730,110.935,1.342,4,4528.063,517.812
15.740,110.965,1.341,4,4529.288,518.308
15.750,110.995,1.341,4,4530.513,518.804
15.760,111.025,1.340,4,4531.738,519.300
15.770,111.055,1.340,4,4532.962,519.797
15.780,111.085,1.339,4,4534.186,520.293
15.790,111.115,1.339,4,4535.409,520.790
15.800,111.145,1.338,4,4536.632,521.287
15.810,111.175,1.338,4,4537.854,521.784
15.820,111.205,1.337,4,4539.076,522.281
15.830,111.235,1.337,4,4540.297,522.778
15.840,111.264,1.336,4,4541.518,523.276
15.850,111.294,1.336,4,4542.738,523.773
15.860,111.324,1.335,4,4543.958,524.271
15.870,111.354,1.335,4,4545.178,524.769
15.880,111.384,1.334,4,4546.397,525.266
15.890,111.414,1.334,4,4547.615,525.765
15.900,111.444,1.333,4,4548.833,526.263
15.910,111.473,1.333,4,4550.051,526.761
15.920,111.503,1.332,4,4551.268,527.259
15.930,111.533,1.332,4,4552.485,527.758
15.940,111.563,1.331,4,4553.701,528.257
15.950,111.592,1.331,4,4554.916,528.756
15.960,111.622,1.330,4,4556.132,529.255
15.970,111.652,1.330,4,4557.346,529.754
15.980,111.682,1.329,4,4558.561,530.253
15.990,111.711,1.329,4,4559.775,530.752
16.000,111.741,1.328,4,4560.988,531.252
16.010,111.771,1.328,4,4562.201,531.752
16.020,111.801,1.327,4,4563.413,532.251
16.030,111.830,1.327,4,4564.625,532.751
16.040,111.860,1.326,4,4565.837,533.251
16.050,111.890,1.325,4,4567.048,533.752
16.060,111.919,1.325,4,4568.258,534.252
16.070,111.949,1.324,4,4569.468,534.752
16.080,111.978,1.324,4,4570.678,535.253
16.090,112.008,1.323,4,4571.887,535.754
16.100,112.038,1.323,4,4573.096,536.255
16.110,112.067,1.322,4,4574.304,536.756
16.120,112.097,1.322,4,4575.512,537.257
16.130,112.126,1.321,4,4576.719,537.758
16.140,112.156,1.321,4,4577.926,538.259
16.150,112.185,1.320,4,4579.132,538.761
16.160,112.215,1.320,4,4580.338,539.262
16.170,112.244,1.319,4,4581.544,539.764
16.180,112.274,1.319,4,4582.749,540.266
16.190,112.303,1.318,4,4583.953,540.768
16.200,112.333,1.318,4,4585.157,541.270
16.210,112.362,1.317,4,4586.361,541.773
16.220,112.392,1.317,4,4587.564,542.275
16.230,112.421,1.316,4,4588.767,542.778
16.240,112.451,1.316,4,4589.969,543.280
16.250,112.480,1.315,4,4591.170,543.783
16.260,112.510,1.315,4,4592.372,544.286
16.270,112.539,1.314,4,4593.572,544.789
16.280,112.568,1.314,4,4594.773,545.292
16.290,112.598,1.313,4,4595.973,545.796
16.300,112.627,1.313,4,4597.172,546.299
16.310,112.656,1.312,4,4598.371,546.803
16.320,112.686,1.312,4,4599.569,547.307
16.330,112.715,1.311,4,4600.767,547.811
16.340,112.744,1.311,4,4601.965,548.315
16.350,112.774,1.310,4,4603.162,548.819
16.360,112.803,1.310,4,4604.358,549.323
16.370,112.832,1.309,4,4605.555,549.827
16.380,112.862,1.309,4,4606.750,550.332
16.390,112.891,1.308,4,4607.945,550.837
16.400,112.920,1.308,4,4609.140,551.341
16.410,112.949,1.307,4,4610.334,551.846
16.420,112.979,1.307,4,4611.528,552.351
16.430,113.008,1.306,4,4612.721,552.857
16.440,113.037,1.306,4,4613.914,553.362
16.450,113.066,1.305,4,4615.107,553.867
16.460,113.095,1.305,4,4616.299,554.373
16.470,113.125,1.304,4,4617.490,554.879
16.480,113.154,1.304,4,4618.681,555.384
16.490,113.183,1.303,4,4619.872,555.890
16.500,113.212,1.303,4,4621.062,556.397
16.510,113.241,1.302,4,4622.251,556.903
16.520,113.270,1.302,4,4623.440,557.409
16.530,113.299,1.301,4,4624.629,557.916
16.540,113.328,1.300,4,4625.817,558.422
16.550,113.357,1.300,4,4627.005,558.929
16.560,113.387,1.299,4,4628.192,559.436
16.570,113.416,1.299,4,4629.379,559.943
16.580,113.445,1.298,4,4630.565,560.450
16.590,113.474,1.298,4,4631.751,560.957
16.600,113.503,1.297,4,4632.937,561.465
16.610,113.532,1.297,4,4634.122,561.972
16.620,113.561,1.296,4,4635.306,562.480
16.630,113.590,1.296,4,4636.490,562.988
16.640,113.619,1.295,4,4637.674,563.496
16.650,113.648,1.295,4,4638.857,564.004
16.660,113.677,1.294,4,4640.040,564.512
16.670,113.706,1.294,4,4641.222,565.020
16.680,113.734,1.293,4,4642.403,565.529
16.690,113.763,1.293,4,4643.585,566.037
16.700,113.792,1.292,4,4644.765,566.546
16.710,113.821,1.292,4,4645.946,567.055
16.720,113.850,1.291,4,4647.126,567.564
16.730,113.879,1.291,4,4648.305,568.073
16.740,113.908,1.290,4,4649.484,568.582
16.750,113.937,1.290,4,4650.662,569.091
16.760,113.966,1.289,4,4651.840,569.601
16.770,113.994,1.289,4,4653.018,570.110
16.780,114.023,1.288,4,4654.195,570.620
16.790,114.052,1.288,4,4655.372,571.130
16.800,114.081,1.287,4,4656.548,571.640
16.810,114.110,1.287,4,4657.724,572.150
16.820,114.138,1.286,4,4658.899,572.660
16.830,114.167,1.286,4,4660.074,573.171
16.840,114.196,1.285,4,4661.248,573.681
16.850,114.225,1.285,4,4662.422,574.192
16.860,114.253,1.284,4,4663.595,574.703
16.870,114.282,1.284,4,4664.768,575.213
16.880,114.311,1.283,4,4665.940,575.724
16.890,114.339,1.283,4,4667.112,576.236
16.900,114.368,1.282,4,4668.284,576.747
16.910,114.397,1.282,4,4669.455,577.258
16.920,114.425,1.281,4,4670.626,577.770
16.930,114.454,1.281,4,4671.796,578.281
16.940,114.483,1.280,4,4672.965,578.793
16.950,114.511,1.280,4,4674.135,579.305
16.960,114.540,1.279,4,4675.303,579.817
16.970,114.569,1.279,4,4676.472,580.329
16.980,114.597,1.278,4,4677.640,580.842
16.990,114.626,1.278,4,4678.807,581.354
17.000,114.654,1.277,4,4679.974,581.867
17.010,114.683,1.277,4,4681.140,582.379
17.020,114.711,1.276,4,4682.306,582.892
17.030,114.740,1.276,4,4683.472,583.405
17.040,114.768,1.275,4,4684.637,583.918
17.050,114.797,1.275,4,4685.801,584.431
17.060,114.825,1.274,4,4686.966,584.945
17.070,114.854,1.274,4,4688.129,585.458
17.080,114.882,1.273,4,4689.293,585.972
17.090,114.911,1.273,4,4690.455,586.485
17.100,114.939,1.272,4,4691.618,586.999
17.110,114.968,1.272,4,4692.779,587.513
17.120,114.996,1.271,4,4693.941,588.027
17.130,115.025,1.271,4,4695.102,588.541
17.140,115.053,1.270,4,4696.262,589.056
17.150,115.081,1.270,4,4697.422,589.570
17.160,115.110,1.269,4,4698.582,590.085
17.170,115.138,1.269,4,4699.741,590.599
17.180,115.167,1.268,4,4700.899,591.114
17.190,115.195,1.268,4,4702.058,591.629
17.200,115.223,1.267,4,4703.215,592.144
17.210,115.252,1.267,4,4704.372,592.660
17.220,115.280,1.266,4,4705.529,593.175
17.230,115.308,1.266,4,4706.686,593.690
17.240,115.337,1.265,4,4707.841,594.206
17.250,115.365,1.265,4,4708.997,594.722
17.260,115.393,1.264,4,4710.152,595.238
17.270,115.421,1.264,4,4711.306,595.754
17.280,115.450,1.263,4,4712.460,596.270
17.290,115.478,1.263,4,4713.614,596.786
17.300,115.506,1.262,4,4714.767,597.302
17.310,115.534,1.262,4,4715.920,597.819
17.320,115.563,1.261,4,4717.072,598.335
17.330,115.591,1.261,4,4718.223,598.852
17.340,115.619,1.260,4,4719.375,599.369
17.350,115.647,1.260,4,4720.526,599.886
17.360,115.675,1.259,4,4721.676,600.403
17.370,115.703,1.259,4,4722.826,600.920
17.380,115.732,1.258,4,4723.975,601.438
17.390,115.760,1.258,4,4725.124,601.955
17.400,115.788,1.257,4,4726.273,602.473
17.410,115.816,1.257,4,4727.421,602.990
17.420,115.844,1.256,4,4728.568,603.508
17.430,115.872,1.256,4,4729.715,604.026
17.440,115.900,1.255,4,4730.862,604.544
17.450,115.928,1.255,4,4732.008,605.063
17.460,115.956,1.254,4,4733.154,605.581
17.470,115.984,1.254,4,4734.299,606.100
17.480,116.012,1.253,4,4735.444,606.618
17.490,116.040,1.253,4,4736.589,607.137
17.500,116.068,1.252,4,4737.733,607.656
17.510,116.096,1.252,4,4738.876,608.175
17.520,116.124,1.251,4,4740.019,608.694
17.530,116.152,1.251,4,4741.162,609.213
17.540,116.180,1.250,4,4742.304,609.733
17.550,116.208,1.250,4,4743.445,610.252
17.560,116.236,1.249,4,4744.586,610.772
17.570,116.264,1.249,4,4745.727,611.291
17.580,116.292,1.248,4,4746.867,611.811
17.590,116.320,1.248,4,4748.007,612.331
17.600,116.348,1.247,4,4749.147,612.851
17.610,116.376,1.247,4,4750.286,613.372
17.620,116.404,1.246,4,4751.424,613.892
17.630,116.431,1.246,4,4752.562,614.412
17.640,116.459,1.245,4,4753.699,614.933
17.650,116.487,1.245,4,4754.837,615.454
17.660,116.515,1.244,4,4755.973,615.975
17.670,116.543,1.244,4,4757.109,616.496
17.680,116.571,1.243,4,4758.245,617.017
17.690,116.598,1.243,4,4759.380,617.538
17.700,116.617,0.836,4,4760.515,618.059
17.710,116.636,0.835,4,4761.278,618.581
17.720,116.654,0.835,4,4762.041,619.102
17.730,116.673,0.835,4,4762.804,619.624
17.740,116.692,0.834,4,4763.566,620.146
17.750,116.710,0.834,4,4764.328,620.667
17.760,116.729,0.834,4,4765.090,621.189
17.770,116.748,0.833,4,4765.852,621.711
17.780,116.766,0.833,4,4766.613,622.233
17.790,116.785,0.833,4,4767.374,622.755
17.800,116.804,0.832,4,4768.134,623.277
17.810,116.822,0.832,4,4768.894,623.799
17.820,116.841,0.832,4,4769.654,624.322
17.830,116.859,0.831,4,4770.414,624.844
17.840,116.878,0.831,4,4771.173,625.367
17.850,116.897,0.831,4,4771.932,625.889
17.860,116.915,0.830,4,4772.691,626.412
17.870,116.934,0.830,4,4773.449,626.935
17.880,116.952,0.830,4,4774.207,627.457
17.890,116.971,0.829,4,4774.965,627.980
17.900,116.989,0.829,4,4775.723,628.503
17.910,117.008,0.829,4,4776.480,629.026
17.920,117.027,0.828,4,4777.237,629.550
17.930,117.045,0.828,4,4777.993,630.073
17.940,117.064,0.828,4,4778.749,630.596
17.950,117.082,0.827,4,4779.505,631.120
17.960,117.101,0.827,4,4780.261,631.643
17.970,117.119,0.827,4,4781.016,632.167
17.980,117.138,0.826,4,4781.771,632.690
17.990,117.156,0.826,4,4782.526,633.214
18.000,117.174,0.826,4,4783.280,633.738
18.010,117.193,0.825,4,4784.034,634.262
18.020,117.211,0.825,4,4784.788,634.786
18.030,117.230,0.825,4,4785.542,635.310
18.040,117.248,0.824,4,4786.295,635.834
18.050,117.267,0.824,4,4787.048,636.358
18.060,117.285,0.824,4,4787.800,636.882
18.070,117.304,0.823,4,4788.553,637.407
18.080,117.322,0.823,4,4789.305,637.931
18.090,117.340,0.823,4,4790.056,638.456
18.100,117.359,0.822,4,4790.808,638.981
18.110,117.377,0.822,4,4791.559,639.505
18.120,117.396,0.822,4,4792.310,640.030
18.130,117.414,0.821,4,4793.060,640.555
18.140,117.432,0.821,4,4793.810,641.080
18.150,117.451,0.821,4,4794.560,641.605
18.160,117.469,0.820,4,4795.310,642.130
18.170,117.487,0.820,4,4796.059,642.655
18.180,117.506,0.820,4,4796.808,643.181
18.190,117.524,0.819,4,4797.556,643.706
18.200,117.542,0.819,4,4798.305,644.231
18.210,117.561,0.819,4,4799.053,644.757
18.220,117.579,0.818,4,4799.800,645.283
18.230,117.597,0.818,4,4800.548,645.808
18.240,117.616,0.818,4,4801.295,646.334
18.250,117.634,0.817,4,4802.042,646.860
18.260,117.652,0.817,4,4802.788,647.386
18.270,117.670,0.817,4,4803.535,647.912
18.280,117.689,0.816,4,4804.280,648.438
18.290,117.707,0.816,4,4805.026,648.964
18.300,117.725,0.816,4,4805.771,649.491
18.310,117.743,0.815,4,4806.516,650.017
18.320,117.762,0.815,4,4807.261,650.543
18.330,117.780,0.815,4,4808.005,651.070
18.340,117.798,0.814,4,4808.750,651.596
18.350,117.816,0.814,4,4809.493,652.123
18.360,117.834,0.814,4,4810.237,652.650
18.370,117.853,0.813,4,4810.980,653.177
18.380,117.871,0.813,4,4811.723,653.704
18.390,117.889,0.813,4,4812.465,654.231
18.400,117.907,0.812,4,4813.208,654.758
18.410,117.925,0.812,4,4813.950,655.285
18.420,117.944,0.812,4,4814.691,655.812
18.430,117.962,0.811,4,4815.433,656.340
18.440,117.980,0.811,4,4816.174,656.867
18.450,117.998,0.811,4,4816.915,657.394
18.460,118.016,0.810,4,4817.655,657.922
18.470,118.034,0.810,4,4818.395,658.450
18.480,118.052,0.810,4,4819.135,658.977
18.490,118.070,0.809,4,4819.875,659.505
18.500,118.089,0.809,4,4820.614,660.033
18.510,118.107,0.809,4,4821.353,660.561
18.520,118.125,0.808,4,4822.092,661.089
18.530,118.143,0.808,4,4822.830,661.617
18.540,118.161,0.808,4,4823.568,662.146
18.550,118.179,0.807,4,4824.306,662.674
18.560,118.197,0.807,4,4825.043,663.202
18.570,118.215,0.807,4,4825.780,663.731
18.580,118.233,0.806,4,4826.517,664.259
18.590,118.251,0.806,4,4827.254,664.788
18.600,118.269,0.806,4,4827.990,665.317
18.610,118.287,0.805,4,4828.726,665.845
18.620,118.305,0.805,4,4829.462,666.374
18.630,118.323,0.805,4,4830.197,666.903
18.640,118.341,0.804,4,4830.932,667.432
18.650,118.359,0.804,4,4831.667,667.961
18.660,118.377,0.804,4,4832.401,668.491
18.670,118.395,0.804,4,4833.135,669.020
18.680,118.413,0.803,4,4833.869,669.549
18.690,118.431,0.803,4,4834.603,670.079
18.700,118.449,0.803,4,4835.336,670.608
18.710,118.467,0.802,4,4836.069,671.138
18.720,118.485,0.802,4,4836.802,671.667
18.730,118.503,0.802,4,4837.534,672.197
18.740,118.521,0.801,4,4838.266,672.727
18.750,118.539,0.801,4,4838.998,673.257
18.760,118.557,0.801,4,4839.729,673.787
18.770,118.574,0.800,4,4840.460,674.317
18.780,118.592,0.800,4,4841.191,674.847
18.790,118.610,0.800,4,4841.922,675.377
18.800,118.628,0.799,4,4842.652,675.908
18.810,118.646,0.799,4,4843.382,676.438
18.820,118.664,0.799,4,4844.112,676.969
18.830,118.682,0.798,4,4844.841,677.499
18.840,118.700,0.798,4,4845.570,678.030
18.850,118.717,0.798,4,4846.299,678.560
18.860,118.735,0.797,4,4847.027,679.091
18.870,118.753,0.797,4,4847.756,679.622
18.880,118.771,0.797,4,4848.483,680.153
18.890,118.789,0.796,4,4849.211,680.684
18.900,118.806,0.796,4,4849.938,681.215
18.910,118.824,0.796,4,4850.665,681.746
18.920,118.842,0.795,4,4851.392,682.278
18.930,118.860,0.795,4,4852.118,682.809
18.940,118.878,0.795,4,4852.844,683.340
18.950,118.895,0.794,4,4853.570,683.872
18.960,118.913,0.794,4,4854.296,684.404
18.970,118.931,0.794,4,4855.021,684.935
18.980,118.949,0.793,4,4855.746,685.467
18.990,118.966,0.793,4,4856.470,685.999
19.000,118.984,0.793,4,4857.195,686.531
19.010,119.002,0.792,4,4857.919,687.063
19.020,119.020,0.792,4,4858.642,687.595
19.030,119.037,0.792,4,4859.366,688.127
19.040,119.055,0.791,4,4860.089,688.659
19.050,119.073,0.791,4,4860.812,689.191
19.060,119.090,0.791,4,4861.534,689.724
19.070,119.108,0.790,4,4862.256,690.256
19.080,119.126,0.790,4,4862.978,690.789
19.090,119.143,0.790,4,4863.700,691.321
19.100,119.161,0.789,4,4864.421,691.854
19.110,119.179,0.789,4,4865.142,692.387
19.120,119.196,0.789,4,4865.863,692.920
19.130,119.214,0.789,4,4866.584,693.453
19.140,119.232,0.788,4,4867.304,693.986
19.150,119.249,0.788,4,4868.024,694.519
19.160,119.267,0.788,4,4868.743,695.052
19.170,119.284,0.787,4,4869.462,695.585
19.180,119.302,0.787,4,4870.181,696.118
19.190,119.320,0.787,4,4870.900,696.652
19.200,119.337,0.786,4,4871.618,697.185
19.210,119.355,0.786,4,4872.336,697.719
19.220,119.372,0.786,4,4873.054,698.253
19.230,119.390,0.785,4,4873.772,698.786
19.240,119.408,0.785,4,4874.489,699.320
19.250,119.425,0.785,4,4875.206,699.854
19.260,119.443,0.784,4,4875.922,700.388
19.270,119.460,0.784,4,4876.639,700.922
19.280,119.478,0.784,4,4877.355,701.456
19.290,119.495,0.783,4,4878.070,701.990
19.300,119.513,0.783,4,4878.786,702.525
19.310,119.530,0.783,4,4879.501,703.059
19.320,119.548,0.782,4,4880.216,703.593
19.330,119.565,0.782,4,4880.930,704.128
19.340,119.583,0.782,4,4881.644,704.662
19.350,119.600,0.781,4,4882.358,705.197
19.360,119.618,0.781,4,4883.072,705.732
19.370,119.635,0.781,4,4883.785,706.267
19.380,119.653,0.780,4,4884.498,706.802
19.390,119.670,0.780,4,4885.211,707.336
19.400,119.687,0.780,4,4885.924,707.872
19.410,119.705,0.779,4,4886.636,708.407
19.420,119.722,0.779,4,4887.348,708.942
19.430,119.740,0.779,4,4888.059,709.477
19.440,119.757,0.778,4,4888.771,710.013
19.450,119.775,0.778,4,4889.482,710.548
19.460,119.792,0.778,4,4890.192,711.083
19.470,119.809,0.778,4,4890.903,711.619
19.480,119.827,0.777,4,4891.613,712.155
19.490,119.844,0.777,4,4892.323,712.690
19.500,119.862,0.777,4,4893.032,713.226
19.510,119.879,0.776,4,4893.742,713.762
19.520,119.896,0.776,4,4894.450,714.298
19.530,119.914,0.776,4,4895.159,714.834
19.540,119.931,0.775,4,4895.867,715.370
19.550,119.948,0.775,4,4896.576,715.907
19.560,119.966,0.775,4,4897.283,716.443
19.570,119.983,0.774,4,4897.991,716.979
19.580,120.000,0.774,4,4898.698,717.516
19.590,120.018,0.774,4,4899.405,718.052
19.600,120.035,0.773,4,4900.111,718.589
19.610,120.052,0.773,4,4900.818,719.126
19.620,120.069,0.773,4,4901.524,719.662
19.630,120.087,0.772,4,4902.230,720.199
19.640,120.104,0.772,4,4902.935,720.736
19.650,120.121,0.772,4,4903.640,721.273
19.660,120.138,0.771,4,4904.345,721.810
19.670,120.156,0.771,4,4905.050,722.347
19.680,120.173,0.771,4,4905.754,722.884
19.690,120.190,0.770,4,4906.458,723.422
19.700,120.207,0.770,4,4907.161,723.959
19.710,120.225,0.770,4,4907.865,724.497
19.720,120.242,0.770,4,4908.568,725.034
19.730,120.259,0.769,4,4909.271,725.572
19.740,120.276,0.769,4,4909.973,726.109
19.750,120.293,0.769,4,4910.675,726.647
19.760,120.311,0.768,4,4911.377,727.185
19.770,120.328,0.768,4,4912.079,727.723
19.780,120.345,0.768,4,4912.780,728.261
19.790,120.362,0.767,4,4913.481,728.799
19.800,120.379,0.767,4,4914.182,729.337
19.810,120.396,0.767,4,4914.883,729.875
19.820,120.414,0.766,4,4915.583,730.414
19.830,120.431,0.766,4,4916.283,730.952
19.840,120.448,0.766,4,4916.982,731.490
19.850,120.465,0.765,4,4917.682,732.029
19.860,120.482,0.765,4,4918.381,732.568
19.870,120.499,0.765,4,4919.079,733.106
19.880,120.516,0.764,4,4919.778,733.645
19.890,120.533,0.764,4,4920.476,734.184
19.900,120.550,0.764,4,4921.174,734.723
19.910,120.568,0.763,4,4921.871,735.262
19.920,120.585,0.763,4,4922.569,735.801
19.930,120.602,0.763,4,4923.266,736.340
19.940,120.619,0.763,4,4923.962,736.879
19.950,120.636,0.762,4,4924.659,737.418
19.960,120.653,0.762,4,4925.355,737.958
19.970,120.670,0.762,4,4926.051,738.497
19.980,120.687,0.761,4,4926.746,739.037
19.990,120.704,0.761,4,4927.442,739.576
20.000,120.721,0.761,4,4928.137,740.116
20.010,120.738,0.760,4,4928.831,740.656
20.020,120.755,0.760,4,4929.526,741.196
20.030,120.772,0.760,4,4930.220,741.735
20.040,120.789,0.759,4,4930.913,742.275
20.050,120.806,0.759,4,4931.607,742.816
20.060,120.823,0.759,4,4932.300,743.356
20.070,120.840,0.758,4,4932.993,743.896
20.080,120.857,0.758,4,4933.686,744.436
20.090,120.874,0.758,4,4934.378,744.976
20.100,120.891,0.757,4,4935.070,745.517
20.110,120.908,0.757,4,4935.762,746.057
20.120,120.925,0.757,4,4936.454,746.598
20.130,120.942,0.757,4,4937.145,747.139
20.140,120.958,0.756,4,4937.836,747.679
20.150,120.975,0.756,4,4938.526,748.220
20.160,120.992,0.756,4,4939.217,748.761
20.170,121.009,0.755,4,4939.907,749.302
20.180,121.026,0.755,4,4940.596,749.843
20.190,121.043,0.755,4,4941.286,750.384
20.200,121.060,0.754,4,4941.975,750.925
20.210,121.077,0.754,4,4942.664,751.467
20.220,121.093,0.754,4,4943.353,752.008
20.230,121.110,0.753,4,4944.041,752.549
20.240,121.127,0.753,4,4944.729,753.091
20.250,121.144,0.753,4,4945.417,753.632
20.260,121.161,0.752,4,4946.104,754.174
20.270,121.178,0.752,4,4946.791,754.716
20.280,121.194,0.752,4,4947.478,755.258
20.290,121.211,0.751,4,4948.165,755.799
20.300,121.228,0.751,4,4948.851,756.341
20.310,121.245,0.751,4,4949.537,756.883
20.320,121.262,0.751,4,4950.223,757.425
20.330,121.278,0.750,4,4950.908,757.968
20.340,121.295,0.750,4,4951.594,758.510
20.350,121.312,0.750,4,4952.278,759.052
20.360,121.329,0.749,4,4952.963,759.595
20.370,121.346,0.749,4,4953.647,760.137
20.380,121.362,0.749,4,4954.331,760.680
20.390,121.379,0.748,4,4955.015,761.222
20.400,121.396,0.748,4,4955.699,761.765
20.410,121.412,0.748,4,4956.382,762.308
20.420,121.429,0.747,4,4957.065,762.850
20.430,121.446,0.747,4,4957.747,763.393
20.440,121.463,0.747,4,4958.430,763.936
20.450,121.479,0.746,4,4959.112,764.479
20.460,121.496,0.746,4,4959.793,765.023
20.470,121.513,0.746,4,4960.475,765.566
20.480,121.529,0.746,4,4961.156,766.109
20.490,121.546,0.745,4,4961.837,766.652
20.500,121.563,0.745,4,4962.517,767.196
20.510,121.579,0.745,4,4963.198,767.739
20.520,121.596,0.744,4,4963.878,768.283
20.530,121.613,0.744,4,4964.557,768.827
20.540,121.629,0.744,4,4965.237,769.370
20.550,121.646,0.743,4,4965.916,769.914
20.560,121.663,0.743,4,4966.595,770.458
20.570,121.679,0.743,4,4967.273,771.002
20.580,121.696,0.742,4,4967.952,771.546
20.590,121.712,0.742,4,4968.630,772.090
20.600,121.729,0.742,4,4969.308,772.634
20.610,121.746,0.741,4,4969.985,773.178
20.620,121.762,0.741,4,4970.662,773.723
20.630,121.779,0.741,4,4971.339,774.267
20.640,121.795,0.741,4,4972.016,774.812
20.650,121.812,0.740,4,4972.692,775.356
20.660,121.828,0.740,4,4973.368,775.901
20.670,121.845,0.740,4,4974.044,776.446
20.680,121.861,0.739,4,4974.719,776.990
20.690,121.878,0.739,4,4975.394,777.535
20.700,121.894,0.739,4,4976.069,778.080
20.710,121.911,0.738,4,4976.744,778.625
20.720,121.928,0.738,4,4977.418,779.170
20.730,121.944,0.738,4,4978.092,779.715
20.740,121.960,0.737,4,4978.766,780.260
20.750,121.977,0.737,4,4979.440,780.806
20.760,121.993,0.737,4,4980.113,781.351
20.770,122.010,0.736,4,4980.786,781.897
20.780,122.026,0.736,4,4981.458,782.442
20.790,122.043,0.736,4,4982.131,782.988
20.800,122.059,0.736,4,4982.803,783.533
20.810,122.076,0.735,4,4983.475,784.079
20.820,122.092,0.735,4,4984.146,784.625
20.830,122.109,0.735,4,4984.817,785.171
20.840,122.125,0.734,4,4985.488,785.717
20.850,122.141,0.734,4,4986.159,786.263
20.860,122.158,0.734,4,4986.829,786.809
20.870,122.174,0.733,4,4987.499,787.355
20.880,122.191,0.733,4,4988.169,787.901
20.890,122.207,0.733,4,4988.839,788.447
20.900,122.223,0.732,4,4989.508,788.994
20.910,122.240,0.732,4,4990.177,789.540
20.920,122.256,0.732,4,4990.845,790.087
20.930,122.273,0.732,4,4991.514,790.633
20.940,122.289,0.731,4,4992.182,791.180
20.950,122.305,0.731,4,4992.850,791.727
20.960,122.322,0.731,4,4993.517,792.274
20.970,122.338,0.730,4,4994.185,792.821
20.980,122.354,0.730,4,4994.852,793.368
20.990,122.371,0.730,4,4995.518,793.915
21.000,122.387,0.729,4,4996.185,794.462
21.010,122.403,0.729,4,4996.851,795.009
21.020,122.420,0.729,4,4997.517,795.556
21.030,122.436,0.728,4,4998.182,796.104
21.040,122.452,0.728,4,4998.848,796.651
21.050,122.468,0.728,4,4999.513,797.198
21.060,122.485,0.728,4,5000.177,797.746
21.070,122.501,0.727,4,5000.842,798.294
21.080,122.517,0.727,4,5001.506,798.841
21.090,122.533,0.727,4,5002.170,799.389
21.100,122.550,0.726,4,5002.833,799.937
21.110,122.566,0.726,4,5003.497,800.485
21.120,122.582,0.726,4,5004.160,801.033
21.130,122.598,0.725,4,5004.823,801.581
21.140,122.615,0.725,4,5005.485,802.129
21.150,122.631,0.725,4,5006.147,802.677
21.160,122.647,0.724,4,5006.809,803.226
21.170,122.663,0.724,4,5007.471,803.774
21.180,122.679,0.724,4,5008.132,804.322
21.190,122.696,0.724,4,5008.793,804.871
21.200,122.712,0.723,4,5009.454,805.419
21.210,122.728,0.723,4,5010.115,805.968
21.220,122.744,0.723,4,5010.775,806.517
21.230,122.760,0.722,4,5011.435,807.066
21.240,122.776,0.722,4,5012.095,807.614
21.250,122.793,0.722,4,5012.754,808.163
21.260,122.809,0.721,4,5013.413,808.712
21.270,122.825,0.721,4,5014.072,809.261
21.280,122.841,0.721,4,5014.731,809.811
21.290,122.857,0.720,4,5015.389,810.360
21.300,122.873,0.720,4,5016.047,810.909
21.310,122.889,0.720,4,5016.705,811.458
21.320,122.905,0.720,4,5017.362,812.008
21.330,122.922,0.719,4,5018.019,812.557
21.340,122.938,0.719,4,5018.676,813.107
21.350,122.954,0.719,4,5019.333,813.657
21.360,122.970,0.718,4,5019.989,814.206
21.370,122.986,0.718,4,5020.645,814.756
21.380,123.002,0.718,4,5021.301,815.306
21.390,123.018,0.717,4,5021.957,815.856
21.400,123.034,0.717,4,5022.612,816.406
21.410,123.050,0.717,4,5023.267,816.956
21.420,123.066,0.717,4,5023.921,817.506
21.430,123.082,0.716,4,5024.576,818.056
21.440,123.098,0.716,4,5025.230,818.607
21.450,123.114,0.716,4,5025.884,819.157
21.460,123.130,0.715,4,5026.537,819.707
21.470,123.146,0.715,4,5027.191,820.258
21.480,123.162,0.715,4,5027.844,820.809
21.490,123.178,0.714,4,5028.496,821.359
21.500,123.194,0.714,4,5029.149,821.910
21.510,123.210,0.714,4,5029.801,822.461
21.520,123.226,0.713,4,5030.453,823.012
21.530,123.242,0.713,4,5031.104,823.563
21.540,123.258,0.713,4,5031.756,824.114
21.550,123.274,0.713,4,5032.407,824.665
21.560,123.290,0.712,4,5033.058,825.216
21.570,123.306,0.712,4,5033.708,825.767
21.580,123.322,0.712,4,5034.358,826.318
21.590,123.337,0.711,4,5035.008,826.870
21.600,123.353,0.711,4,5035.658,827.421
21.610,123.369,0.711,4,5036.307,827.973
21.620,123.385,0.710,4,5036.957,828.524
21.630,123.401,0.710,4,5037.605,829.076
21.640,123.417,0.710,4,5038.254,829.628
21.650,123.433,0.710,4,5038.902,830.179
21.660,123.449,0.709,4,5039.550,830.731
21.670,123.465,0.709,4,5040.198,831.283
21.680,123.480,0.709,4,5040.846,831.835
21.690,123.496,0.708,4,5041.493,832.387
21.700,123.512,0.708,4,5042.140,832.939
21.710,123.528,0.708,4,5042.786,833.492
21.720,123.544,0.707,4,5043.433,834.044
21.730,123.560,0.707,4,5044.079,834.596
21.740,123.575,0.707,4,5044.725,835.149
21.750,123.591,0.707,4,5045.370,835.701
21.760,123.607,0.706,4,5046.016,836.254
21.770,123.623,0.706,4,5046.661,836.806
21.780,123.639,0.706,4,5047.305,837.359
21.790,123.654,0.705,4,5047.950,837.912
21.800,123.670,0.705,4,5048.594,838.465
21.810,123.686,0.705,4,5049.238,839.018
21.820,123.702,0.704,4,5049.881,839.571
21.830,123.717,0.704,4,5050.525,840.124
21.840,123.733,0.704,4,5051.168,840.677
21.850,123.749,0.704,4,5051.811,841.230
21.860,123.765,0.703,4,5052.453,841.783
21.870,123.780,0.703,4,5053.095,842.337
21.880,123.796,0.703,4,5053.737,842.890
21.890,123.812,0.702,4,5054.379,843.444
21.900,123.827,0.702,4,5055.020,843.997
21.910,123.843,0.702,4,5055.662,844.551
21.920,123.859,0.701,4,5056.303,845.104
21.930,123.874,0.701,4,5056.943,845.658
21.940,123.890,0.701,4,5057.583,846.212
21.950,123.906,0.701,4,5058.224,846.766
21.960,123.921,0.700,4,5058.863,847.320
21.970,123.937,0.700,4,5059.503,847.874
21.980,123.953,0.700,4,5060.142,848.428
21.990,123.968,0.699,4,5060.781,848.982
22.000,123.984,0.699,4,5061.420,849.537
22.010,124.000,0.699,4,5062.058,850.091
22.020,124.015,0.698,4,5062.696,850.645
22.030,124.031,0.698,4,5063.334,851.200
22.040,124.047,0.698,4,5063.972,851.754
22.050,124.062,0.698,4,5064.609,852.309
22.060,124.078,0.697,4,5065.246,852.864
22.070,124.093,0.697,4,5065.883,853.418
22.080,124.109,0.697,4,5066.519,853.973
22.090,124.124,0.696,4,5067.156,854.528
22.100,124.140,0.696,4,5067.792,855.083
22.110,124.156,0.696,4,5068.427,855.638
22.120,124.171,0.695,4,5069.063,856.193
22.130,124.187,0.695,4,5069.698,856.748
22.140,124.202,0.695,4,5070.333,857.304
22.150,124.218,0.695,4,5070.967,857.859
22.160,124.233,0.694,4,5071.602,858.414
22.170,124.249,0.694,4,5072.236,858.970
22.180,124.264,0.694,4,5072.870,859.525
22.190,124.280,0.693,4,5073.503,860.081
22.200,124.295,0.693,4,5074.136,860.636
22.210,124.311,0.693,4,5074.769,861.192
22.220,124.326,0.692,4,5075.402,861.748
22.230,124.342,0.692,4,5076.034,862.304
22.240,124.357,0.692,4,5076.667,862.860
22.250,124.373,0.692,4,5077.298,863.416
22.260,124.388,0.691,4,5077.930,863.972
22.270,124.404,0.691,4,5078.561,864.528
22.280,124.419,0.691,4,5079.192,865.084
22.290,124.435,0.690,4,5079.823,865.640
22.300,124.450,0.690,4,5080.454,866.197
22.310,124.465,0.690,4,5081.084,866.753
22.320,124.481,0.689,4,5081.714,867.310
22.330,124.496,0.689,4,5082.344,867.866
22.340,124.512,0.689,4,5082.973,868.423
22.350,124.527,0.689,4,5083.602,868.979
22.360,124.543,0.688,4,5084.231,869.536
22.370,124.558,0.688,4,5084.860,870.093
22.380,124.573,0.688,4,5085.488,870.650
22.390,124.589,0.687,4,5086.116,871.207
22.400,124.604,0.687,4,5086.744,871.764
22.410,124.619,0.687,4,5087.372,872.321
22.420,124.635,0.687,4,5087.999,872.878
22.430,124.650,0.686,4,5088.626,873.435
22.440,124.665,0.686,4,5089.253,873.993
22.450,124.681,0.686,4,5089.879,874.550
22.460,124.696,0.685,4,5090.506,875.107
22.470,124.711,0.685,4,5091.132,875.665
22.480,124.727,0.685,4,5091.757,876.223
22.490,124.742,0.684,4,5092.383,876.780
22.500,124.757,0.684,4,5093.008,877.338
22.510,124.773,0.684,4,5093.633,877.896
22.520,124.788,0.684,4,5094.257,878.454
22.530,124.803,0.683,4,5094.882,879.011
22.540,124.819,0.683,4,5095.506,879.569
22.550,124.834,0.683,4,5096.129,880.128
22.560,124.849,0.682,4,5096.753,880.686
22.570,124.864,0.682,4,5097.376,881.244
22.580,124.880,0.682,4,5097.999,881.802
22.590,124.895,0.682,4,5098.622,882.360
22.600,124.910,0.681,4,5099.244,882.919
22.610,124.925,0.681,4,5099.867,883.477
22.620,124.941,0.681,4,5100.488,884.036
22.630,124.956,0.680,4,5101.110,884.594
22.640,124.971,0.680,4,5101.731,885.153
22.650,124.986,0.680,4,5102.353,885.712
22.660,125.001,0.679,4,5102.973,886.271
22.670,125.017,0.679,4,5103.594,886.830
22.680,125.032,0.679,4,5104.214,887.388
22.690,125.047,0.679,4,5104.834,887.947
22.700,125.062,0.678,4,5105.454,888.507
22.710,125.077,0.678,4,5106.074,889.066
22.720,125.092,0.678,4,5106.693,889.625
22.730,125.108,0.677,4,5107.312,890.184
22.740,125.123,0.677,4,5107.931,890.744
22.750,125.138,0.677,4,5108.549,891.303
22.760,125.153,0.677,4,5109.167,891.862
22.770,125.168,0.676,4,5109.785,892.422
22.780,125.183,0.676,4,5110.403,892.982
22.790,125.198,0.676,4,5111.020,893.541
22.800,125.213,0.675,4,5111.637,894.101
22.810,125.229,0.675,4,5112.254,894.661
22.820,125.244,0.675,4,5112.871,895.221
22.830,125.259,0.675,4,5113.487,895.781
22.840,125.274,0.674,4,5114.103,896.341
22.850,125.289,0.674,4,5114.719,896.901
22.860,125.304,0.674,4,5115.334,897.461
22.870,125.319,0.673,4,5115.949,898.021
22.880,125.334,0.673,4,5116.564,898.581
22.890,125.349,0.673,4,5117.179,899.142
22.900,125.364,0.672,4,5117.793,899.702
22.910,125.379,0.672,4,5118.408,900.263
22.920,125.394,0.672,4,5119.022,900.823
22.930,125.409,0.672,4,5119.635,901.384
22.940,125.424,0.671,4,5120.249,901.945
22.950,125.439,0.671,4,5120.862,902.505
22.960,125.454,0.671,4,5121.475,903.066
22.970,125.469,0.670,4,5122.087,903.627
22.980,125.484,0.670,4,5122.699,904.188
22.990,125.499,0.670,4,5123.311,904.749
23.000,125.514,0.670,4,5123.923,905.310
23.010,125.529,0.669,4,5124.535,905.871
23.020,125.544,0.669,4,5125.146,906.433
23.030,125.559,0.669,4,5125.757,906.994
23.040,125.574,0.668,4,5126.368,907.555
23.050,125.589,0.668,4,5126.978,908.117
23.060,125.604,0.668,4,5127.588,908.678
23.070,125.619,0.668,4,5128.198,909.240
23.080,125.634,0.667,4,5128.808,909.801
23.090,125.649,0.667,4,5129.417,910.363
23.100,125.664,0.667,4,5130.027,910.925
23.110,125.679,0.666,4,5130.635,911.487
23.120,125.694,0.666,4,5131.244,912.049
23.130,125.708,0.666,4,5131.852,912.611
23.140,125.723,0.666,4,5132.461,913.173
23.150,125.738,0.665,4,5133.068,913.735
23.160,125.753,0.665,4,5133.676,914.297
23.170,125.768,0.665,4,5134.283,914.859
23.180,125.783,0.664,4,5134.890,915.421
23.190,125.798,0.664,4,5135.497,915.984
23.200,125.812,0.664,4,5136.103,916.546
23.210,125.827,0.664,4,5136.710,917.109
23.220,125.842,0.663,4,5137.316,917.671
23.230,125.857,0.663,4,5137.921,918.234
23.240,125.872,0.663,4,5138.527,918.797
23.250,125.887,0.662,4,5139.132,919.359
23.260,125.901,0.662,4,5139.737,919.922
23.270,125.916,0.662,4,5140.342,920.485
23.280,125.931,0.661,4,5140.946,921.048
23.290,125.946,0.661,4,5141.550,921.611
23.300,125.961,0.661,4,5142.154,922.174
23.310,125.975,0.661,4,5142.758,922.737
23.320,125.990,0.660,4,5143.361,923.301
23.330,126.005,0.660,4,5143.964,923.864
23.340,126.020,0.660,4,5144.567,924.427
23.350,126.034,0.659,4,5145.170,924.991
23.360,126.049,0.659,4,5145.772,925.554
23.370,126.064,0.659,4,5146.374,926.118
23.380,126.079,0.659,4,5146.976,926.681
23.390,126.093,0.658,4,5147.577,927.245
23.400,126.108,0.658,4,5148.178,927.809
23.410,126.123,0.658,4,5148.779,928.373
23.420,126.138,0.657,4,5149.380,928.936
23.430,126.152,0.657,4,5149.981,929.500
23.440,126.167,0.657,4,5150.581,930.064
23.450,126.182,0.657,4,5151.181,930.628
23.460,126.196,0.656,4,5151.780,931.193
23.470,126.211,0.656,4,5152.380,931.757
23.480,126.226,0.656,4,5152.979,932.321
23.490,126.240,0.655,4,5153.578,932.885
23.500,126.255,0.655,4,5154.177,933.450
23.510,126.270,0.655,4,5154.775,934.014
23.520,126.284,0.655,4,5155.373,934.579
23.530,126.299,0.654,4,5155.971,935.144
23.540,126.314,0.654,4,5156.569,935.708
23.550,126.328,0.654,4,5157.166,936.273
23.560,126.343,0.653,4,5157.763,936.838
23.570,126.357,0.653,4,5158.360,937.403
23.580,126.372,0.653,4,5158.956,937.968
23.590,126.387,0.653,4,5159.553,938.533
23.600,126.401,0.652,4,5160.149,939.098
23.610,126.416,0.652,4,5160.745,939.663
23.620,126.430,0.652,4,5161.340,940.228
23.630,126.445,0.651,4,5161.935,940.793
23.640,126.459,0.651,4,5162.530,941.358
23.650,126.474,0.651,4,5163.125,941.924
23.660,126.489,0.651,4,5163.720,942.489
23.670,126.503,0.650,4,5164.314,943.055
23.680,126.518,0.650,4,5164.908,943.620
23.690,126.532,0.650,4,5165.501,944.186
23.700,126.547,0.649,4,5166.095,944.752
23.710,126.561,0.649,4,5166.688,945.318
23.720,126.576,0.649,4,5167.281,945.883
23.730,126.590,0.649,4,5167.874,946.449
23.740,126.605,0.648,4,5168.466,947.015
23.750,126.619,0.648,4,5169.058,947.581
23.760,126.634,0.648,4,5169.650,948.147
23.770,126.648,0.648,4,5170.242,948.714
23.780,126.663,0.647,4,5170.833,949.280
23.790,126.677,0.647,4,5171.424,949.846
23.800,126.692,0.647,4,5172.015,950.412
23.810,126.706,0.646,4,5172.606,950.979
23.820,126.721,0.646,4,5173.196,951.545
23.830,126.735,0.646,4,5173.786,952.112
23.840,126.749,0.646,4,5174.376,952.679
23.850,126.764,0.645,4,5174.966,953.245
23.860,126.778,0.645,4,5175.555,953.812
23.870,126.793,0.645,4,5176.144,954.379
23.880,126.807,0.644,4,5176.733,954.946
23.890,126.822,0.644,4,5177.321,955.513
23.900,126.836,0.644,4,5177.910,956.080
23.910,126.850,0.644,4,5178.498,956.647
23.920,126.865,0.643,4,5179.085,957.214
23.930,126.879,0.643,4,5179.673,957.781
23.940,126.894,0.643,4,5180.260,958.348
23.950,126.908,0.642,4,5180.847,958.916
23.960,126.922,0.642,4,5181.434,959.483
23.970,126.937,0.642,4,5182.020,960.051
23.980,126.951,0.642,4,5182.606,960.618
23.990,126.965,0.641,4,5183.192,961.186
24.000,126.980,0.641,4,5183.778,961.753
24.010,126.994,0.641,4,5184.364,962.321
24.020,127.008,0.640,4,5184.949,962.889
24.030,127.023,0.640,4,5185.534,963.457
24.040,127.037,0.640,4,5186.118,964.024
24.050,127.051,0.640,4,5186.703,964.592
24.060,127.066,0.639,4,5187.287,965.160
24.070,127.080,0.639,4,5187.871,965.729
24.080,127.094,0.639,4,5188.455,966.297
24.090,127.108,0.639,4,5189.038,966.865
24.100,127.123,0.638,4,5189.621,967.433
24.110,127.137,0.638,4,5190.204,968.002
24.120,127.151,0.638,4,5190.787,968.570
24.130,127.166,0.637,4,5191.369,969.139
24.140,127.180,0.637,4,5191.951,969.707
24.150,127.194,0.637,4,5192.533,970.276
24.160,127.208,0.637,4,5193.115,970.844
24.170,127.222,0.636,4,5193.696,971.413
24.180,127.237,0.636,4,5194.277,971.982
24.190,127.251,0.636,4,5194.858,972.551
24.200,127.265,0.635,4,5195.439,973.120
24.210,127.279,0.635,4,5196.019,973.689
24.220,127.294,0.635,4,5196.599,974.258
24.230,127.308,0.635,4,5197.179,974.827
24.240,127.322,0.634,4,5197.758,975.396
24.250,127.336,0.634,4,5198.338,975.965
24.260,127.350,0.634,4,5198.917,976.535
24.270,127.364,0.633,4,5199.496,977.104
24.280,127.379,0.633,4,5200.074,977.673
24.290,127.393,0.633,4,5200.653,978.243
24.300,127.407,0.633,4,5201.231,978.812
24.310,127.421,0.632,4,5201.808,979.382
24.320,127.435,0.632,4,5202.386,979.952
24.330,127.449,0.632,4,5202.963,980.521
24.340,127.463,0.632,4,5203.540,981.091
24.350,127.478,0.631,4,5204.117,981.661
24.360,127.492,0.631,4,5204.694,982.231
24.370,127.506,0.631,4,5205.270,982.801
24.380,127.520,0.630,4,5205.846,983.371
24.390,127.534,0.630,4,5206.422,983.941
24.400,127.548,0.630,4,5206.997,984.511
24.410,127.562,0.630,4,5207.572,985.082
24.420,127.576,0.629,4,5208.147,985.652
24.430,127.590,0.629,4,5208.722,986.222
24.440,127.604,0.629,4,5209.297,986.793
24.450,127.618,0.628,4,5209.871,987.363
24.460,127.633,0.628,4,5210.445,987.934
24.470,127.647,0.628,4,5211.019,988.505
24.480,127.661,0.628,4,5211.592,989.075
24.490,127.675,0.627,4,5212.165,989.646
24.500,127.689,0.627,4,5212.738,990.217
24.510,127.703,0.627,4,5213.311,990.788
24.520,127.717,0.627,4,5213.884,991.359
24.530,127.731,0.626,4,5214.456,991.930
24.540,127.745,0.626,4,5215.028,992.501
24.550,127.759,0.626,4,5215.600,993.072
24.560,127.773,0.625,4,5216.171,993.643
24.570,127.787,0.625,4,5216.742,994.214
24.580,127.801,0.625,4,5217.313,994.786
24.590,127.815,0.625,4,5217.884,995.357
24.600,127.829,0.624,4,5218.454,995.928
24.610,127.843,0.624,4,5219.025,996.500
24.620,127.857,0.624,4,5219.595,997.072
24.630,127.870,0.624,4,5220.164,997.643
24.640,127.884,0.623,4,5220.734,998.215
24.650,127.898,0.623,4,5221.303,998.787
24.660,127.912,0.623,4,5221.872,999.358
24.670,127.926,0.622,4,5222.441,999.930
24.680,127.940,0.622,4,5223.009,1000.502
24.690,127.954,0.622,4,5223.577,1001.074
24.700,127.968,0.622,4,5224.145,1001.646
24.710,127.982,0.621,4,5224.713,1002.218
24.720,127.996,0.621,4,5225.280,1002.791
24.730,128.010,0.621,4,5225.848,1003.363
24.740,128.023,0.620,4,5226.415,1003.935
24.750,128.037,0.620,4,5226.981,1004.508
24.760,128.051,0.620,4,5227.548,1005.080
24.770,128.065,0.620,4,5228.114,1005.653
24.780,128.079,0.619,4,5228.680,1006.225
24.790,128.093,0.619,4,5229.246,1006.798
24.800,128.107,0.619,4,5229.811,1007.370
24.810,128.120,0.619,4,5230.376,1007.943
24.820,128.134,0.618,4,5230.941,1008.516
24.830,128.148,0.618,4,5231.506,1009.089
24.840,128.162,0.618,4,5232.070,1009.662
24.850,128.176,0.617,4,5232.634,1010.235
24.860,128.190,0.617,4,5233.198,1010.808
24.870,128.203,0.617,4,5233.762,1011.381
24.880,128.217,0.617,4,5234.326,1011.954
24.890,128.231,0.616,4,5234.889,1012.527
24.900,128.245,0.616,4,5235.452,1013.101
24.910,128.259,0.616,4,5236.014,1013.674
24.920,128.272,0.616,4,5236.577,1014.247
24.930,128.286,0.615,4,5237.139,1014.821
24.940,128.300,0.615,4,5237.701,1015.394
24.950,128.314,0.615,4,5238.263,1015.968
24.960,128.327,0.614,4,5238.824,1016.542
24.970,128.341,0.614,4,5239.385,1017.116
24.980,128.355,0.614,4,5239.946,1017.689
24.990,128.369,0.614,4,5240.507,1018.263
25.000,128.382,0.613,4,5241.068,1018.837
25.010,128.396,0.613,4,5241.628,1019.411
25.020,128.410,0.613,4,5242.188,1019.985
25.030,128.423,0.613,4,5242.748,1020.559
25.040,128.437,0.612,4,5243.307,1021.133
25.050,128.451,0.612,4,5243.866,1021.708
25.060,128.464,0.612,4,5244.425,1022.282
25.070,128.478,0.612,4,5244.984,1022.856
25.080,128.492,0.611,4,5245.542,1023.431
25.090,128.505,0.611,4,5246.101,1024.005
25.100,128.519,0.611,4,5246.659,1024.580
25.110,128.533,0.610,4,5247.216,1025.154
25.120,128.546,0.610,4,5247.774,1025.729
25.130,128.560,0.610,4,5248.331,1026.304
25.140,128.574,0.610,4,5248.888,1026.878
25.150,128.587,0.609,4,5249.445,1027.453
25.160,128.601,0.609,4,5250.001,1028.028
25.170,128.615,0.609,4,5250.558,1028.603
25.180,128.628,0.609,4,5251.114,1029.178
25.190,128.642,0.608,4,5251.669,1029.753
25.200,128.655,0.608,4,5252.225,1030.328
25.210,128.669,0.608,4,5252.780,1030.904
25.220,128.683,0.607,4,5253.335,1031.479
25.230,128.696,0.607,4,5253.890,1032.054
25.240,128.710,0.607,4,5254.445,1032.629
25.250,128.723,0.607,4,5254.999,1033.205
25.260,128.737,0.606,4,5255.553,1033.780
25.270,128.750,0.606,4,5256.107,1034.356
25.280,128.764,0.606,4,5256.660,1034.932
25.290,128.778,0.606,4,5257.214,1035.507
25.300,128.791,0.605,4,5257.767,1036.083
25.310,128.805,0.605,4,5258.319,1036.659
25.320,128.818,0.605,4,5258.872,1037.235
25.330,128.832,0.604,4,5259.424,1037.811
25.340,128.845,0.604,4,5259.976,1038.387
25.350,128.859,0.604,4,5260.528,1038.963
25.360,128.872,0.604,4,5261.080,1039.539
25.370,128.886,0.603,4,5261.631,1040.115
25.380,128.899,0.603,4,5262.182,1040.691
25.390,128.913,0.603,4,5262.733,1041.267
25.400,128.926,0.603,4,5263.284,1041.844
25.410,128.940,0.602,4,5263.834,1042.420
25.420,128.953,0.602,4,5264.384,1042.997
25.430,128.967,0.602,4,5264.934,1043.573
25.440,128.980,0.602,4,5265.484,1044.150
25.450,128.993,0.601,4,5266.033,1044.726
25.460,129.007,0.601,4,5266.582,1045.303
25.470,129.020,0.601,4,5267.131,1045.880
25.480,129.034,0.600,4,5267.680,1046.457
25.490,129.047,0.600,4,5268.228,1047.034
25.500,129.061,0.600,4,5268.776,1047.611
25.510,129.074,0.600,4,5269.324,1048.188
25.520,129.087,0.599,4,5269.872,1048.765
25.530,129.101,0.599,4,5270.419,1049.342
25.540,129.114,0.599,4,5270.967,1049.919
25.550,129.128,0.599,4,5271.514,1050.496
25.560,129.141,0.598,4,5272.060,1051.074
25.570,129.154,0.598,4,5272.607,1051.651
25.580,129.168,0.598,4,5273.153,1052.228
25.590,129.181,0.598,4,5273.699,1052.806
25.600,129.194,0.597,4,5274.245,1053.383
25.610,129.208,0.597,4,5274.790,1053.961
25.620,129.221,0.597,4,5275.335,1054.539
25.630,129.235,0.596,4,5275.880,1055.116
25.640,129.248,0.596,4,5276.425,1055.694
25.650,129.261,0.596,4,5276.970,1056.272
25.660,129.275,0.596,4,5277.514,1056.850
25.670,129.288,0.595,4,5278.058,1057.428
25.680,129.301,0.595,4,5278.602,1058.006
25.690,129.314,0.595,4,5279.145,1058.584
25.700,129.328,0.595,4,5279.688,1059.162
25.710,129.341,0.594,4,5280.231,1059.740
25.720,129.354,0.594,4,5280.774,1060.319
25.730,129.368,0.594,4,5281.317,1060.897
25.740,129.381,0.594,4,5281.859,1061.475
25.750,129.394,0.593,4,5282.401,1062.054
25.760,129.407,0.593,4,5282.943,1062.632
25.770,129.421,0.593,4,5283.485,1063.211
25.780,129.434,0.592,4,5284.026,1063.790
25.790,129.447,0.592,4,5284.567,1064.368
25.800,129.460,0.592,4,5285.108,1064.947
25.810,129.474,0.592,4,5285.649,1065.526
25.820,129.487,0.591,4,5286.189,1066.105
25.830,129.500,0.591,4,5286.729,1066.684
25.840,129.513,0.591,4,5287.269,1067.263
25.850,129.527,0.591,4,5287.809,1067.842
25.860,129.540,0.590,4,5288.348,1068.421
25.870,129.553,0.590,4,5288.887,1069.000
25.880,129.566,0.590,4,5289.426,1069.579
25.890,129.579,0.590,4,5289.965,1070.158
25.900,129.593,0.589,4,5290.504,1070.738
25.910,129.606,0.589,4,5291.042,1071.317
25.920,129.619,0.589,4,5291.580,1071.896
25.930,129.632,0.589,4,5292.118,1072.476
25.940,129.645,0.588,4,5292.655,1073.056
25.950,129.658,0.588,4,5293.192,1073.635
25.960,129.671,0.588,4,5293.729,1074.215
25.970,129.685,0.587,4,5294.266,1074.795
25.980,129.698,0.587,4,5294.803,1075.374
25.990,129.711,0.587,4,5295.339,1075.954
26.000,129.724,0.587,4,5295.875,1076.534
26.010,129.737,0.586,4,5296.411,1077.114
26.020,129.750,0.586,4,5296.946,1077.694
26.030,129.763,0.586,4,5297.482,1078.274
26.040,129.776,0.586,4,5298.017,1078.854
26.050,129.790,0.585,4,5298.552,1079.435
26.060,129.803,0.585,4,5299.086,1080.015
26.070,129.816,0.585,4,5299.621,1080.595
26.080,129.829,0.585,4,5300.155,1081.176
26.090,129.842,0.584,4,5300.689,1081.756
26.100,129.855,0.584,4,5301.222,1082.337
26.110,129.868,0.584,4,5301.756,1082.917
26.120,129.881,0.584,4,5302.289,1083.498
26.130,129.894,0.583,4,5302.822,1084.078
26.140,129.907,0.583,4,5303.355,1084.659
26.150,129.920,0.583,4,5303.887,1085.240
26.160,129.933,0.582,4,5304.419,1085.821
26.170,129.946,0.582,4,5304.951,1086.402
26.180,129.959,0.582,4,5305.483,1086.983
26.190,129.972,0.582,4,5306.015,1087.564
26.200,129.985,0.581,4,5306.546,1088.145
26.210,129.998,0.581,4,5307.077,1088.726
26.220,130.011,0.581,4,5307.608,1089.307
26.230,130.024,0.581,4,5308.138,1089.888
26.240,130.037,0.580,4,5308.669,1090.470
26.250,130.050,0.580,4,5309.199,1091.051
26.260,130.063,0.580,4,5309.729,1091.632
26.270,130.076,0.580,4,5310.258,1092.214
26.280,130.089,0.579,4,5310.788,1092.796
26.290,130.102,0.579,4,5311.317,1093.377
26.300,130.115,0.579,4,5311.846,1093.959
26.310,130.128,0.579,4,5312.374,1094.541
26.320,130.141,0.578,4,5312.903,1095.122
26.330,130.154,0.578,4,5313.431,1095.704
26.340,130.167,0.578,4,5313.959,1096.286
26.350,130.180,0.578,4,5314.487,1096.868
26.360,130.193,0.577,4,5315.014,1097.450
26.370,130.205,0.577,4,5315.541,1098.032
26.380,130.218,0.577,4,5316.068,1098.614
26.390,130.231,0.577,4,5316.595,1099.196
26.400,130.244,0.576,4,5317.122,1099.779
26.410,130.257,0.576,4,5317.648,1100.361
26.420,130.270,0.576,4,5318.174,1100.943
26.430,130.283,0.575,4,5318.700,1101.526
26.440,130.296,0.575,4,5319.225,1102.108
26.450,130.309,0.575,4,5319.751,1102.691
26.460,130.321,0.575,4,5320.276,1103.273
26.470,130.334,0.574,4,5320.801,1103.856
26.480,130.347,0.574,4,5321.325,1104.439
26.490,130.360,0.574,4,5321.850,1105.021
26.500,130.373,0.574,4,5322.374,1105.604
26.510,130.386,0.573,4,5322.898,1106.187
26.520,130.398,0.573,4,5323.422,1106.770
26.530,130.411,0.573,4,5323.945,1107.353
26.540,130.424,0.573,4,5324.468,1107.936
26.550,130.437,0.572,4,5324.991,1108.519
26.560,130.450,0.572,4,5325.514,1109.102
26.570,130.462,0.572,4,5326.037,1109.686
26.580,130.475,0.572,4,5326.559,1110.269
26.590,130.488,0.571,4,5327.081,1110.852
26.600,130.501,0.571,4,5327.603,1111.436
26.610,130.514,0.571,4,5328.124,1112.019
26.620,130.526,0.571,4,5328.646,1112.602
26.630,130.539,0.570,4,5329.167,1113.186
26.640,130.552,0.570,4,5329.688,1113.770
26.650,130.565,0.570,4,5330.208,1114.353
26.660,130.577,0.570,4,5330.729,1114.937
26.670,130.590,0.569,4,5331.249,1115.521
26.680,130.603,0.569,4,5331.769,1116.105
26.690,130.615,0.569,4,5332.288,1116.689
26.700,130.628,0.569,4,5332.808,1117.273
26.710,130.641,0.568,4,5333.327,1117.857
26.720,130.654,0.568,4,5333.846,1118.441
26.730,130.666,0.568,4,5334.365,1119.025
26.740,130.679,0.568,4,5334.883,1119.609
26.750,130.692,0.567,4,5335.402,1120.193
26.760,130.704,0.567,4,5335.920,1120.778
26.770,130.717,0.567,4,5336.438,1121.362
26.780,130.730,0.566,4,5336.955,1121.946
26.790,130.742,0.566,4,5337.473,1122.531
26.800,130.755,0.566,4,5337.990,1123.115
26.810,130.768,0.566,4,5338.507,1123.700
26.820,130.780,0.565,4,5339.023,1124.285
26.830,130.793,0.565,4,5339.540,1124.869
26.840,130.806,0.565,4,5340.056,1125.454
26.850,130.818,0.565,4,5340.572,1126.039
26.860,130.831,0.564,4,5341.088,1126.624
26.870,130.844,0.564,4,5341.603,1127.209
26.880,130.856,0.564,4,5342.118,1127.794
26.890,130.869,0.564,4,5342.633,1128.379
26.900,130.881,0.563,4,5343.148,1128.964
26.910,130.894,0.563,4,5343.663,1129.549
26.920,130.907,0.563,4,5344.177,1130.134
26.930,130.919,0.563,4,5344.691,1130.719
26.940,130.932,0.562,4,5345.205,1131.305
26.950,130.944,0.562,4,5345.719,1131.890
26.960,130.957,0.562,4,5346.232,1132.475
26.970,130.969,0.562,4,5346.745,1133.061
26.980,130.982,0.561,4,5347.258,1133.646
26.990,130.995,0.561,4,5347.771,1134.232
27.000,131.007,0.561,4,5348.284,1134.818
27.010,131.020,0.561,4,5348.796,1135.403
27.020,131.032,0.560,4,5349.308,1135.989
27.030,131.045,0.560,4,5349.820,1136.575
27.040,131.057,0.560,4,5350.331,1137.161
27.050,131.070,0.560,4,5350.843,1137.747
27.060,131.082,0.559,4,5351.354,1138.333
27.070,131.095,0.559,4,5351.864,1138.919
27.080,131.107,0.559,4,5352.375,1139.505
27.090,131.120,0.559,4,5352.885,1140.091
27.100,131.132,0.558,4,5353.396,1140.677
27.110,131.145,0.558,4,5353.906,1141.264
27.120,131.157,0.558,4,5354.415,1141.850
27.130,131.170,0.558,4,5354.925,1142.436
27.140,131.182,0.557,4,5355.434,1143.023
27.150,131.195,0.557,4,5355.943,1143.609
27.160,131.207,0.557,4,5356.452,1144.196
27.170,131.219,0.557,4,5356.960,1144.782
27.180,131.232,0.556,4,5357.469,1145.369
27.190,131.244,0.556,4,5357.977,1145.956
27.200,131.257,0.556,4,5358.485,1146.542
27.210,131.269,0.556,4,5358.992,1147.129
27.220,131.282,0.555,4,5359.500,1147.716
27.230,131.294,0.555,4,5360.007,1148.303
27.240,131.306,0.555,4,5360.514,1148.890
27.250,131.319,0.555,4,5361.021,1149.477
27.260,131.331,0.554,4,5361.527,1150.064
27.270,131.344,0.554,4,5362.033,1150.651
27.280,131.356,0.554,4,5362.539,1151.239
27.290,131.368,0.554,4,5363.045,1151.826
27.300,131.381,0.553,4,5363.551,1152.413
27.310,131.393,0.553,4,5364.056,1153.001
27.320,131.406,0.553,4,5364.561,1153.588
27.330,131.418,0.553,4,5365.066,1154.176
27.340,131.430,0.552,4,5365.571,1154.763
27.350,131.443,0.552,4,5366.075,1155.351
27.360,131.455,0.552,4,5366.579,1155.938
27.370,131.467,0.552,4,5367.083,1156.526
27.380,131.480,0.551,4,5367.587,1157.114
27.390,131.492,0.551,4,5368.091,1157.702
27.400,131.504,0.551,4,5368.594,1158.289
27.410,131.517,0.551,4,5369.097,1158.877
27.420,131.529,0.550,4,5369.600,1159.465
27.430,131.541,0.550,4,5370.102,1160.053
27.440,131.554,0.550,4,5370.605,1160.642
27.450,131.566,0.550,4,5371.107,1161.230
27.460,131.578,0.549,4,5371.609,1161.818
27.470,131.590,0.549,4,5372.110,1162.406
27.480,131.603,0.549,4,5372.612,1162.994
27.490,131.615,0.549,4,5373.113,1163.583
27.500,131.627,0.548,4,5373.614,1164.171
27.510,131.639,0.548,4,5374.115,1164.760
27.520,131.652,0.548,4,5374.616,1165.348
27.530,131.664,0.548,4,5375.116,1165.937
27.540,131.676,0.547,4,5375.616,1166.526
27.550,131.688,0.547,4,5376.116,1167.114
27.560,131.701,0.547,4,5376.615,1167.703
27.570,131.713,0.547,4,5377.115,1168.292
27.580,131.725,0.546,4,5377.614,1168.881
27.590,131.737,0.546,4,5378.113,1169.470
27.600,131.750,0.546,4,5378.612,1170.059
27.610,131.762,0.546,4,5379.110,1170.648
27.620,131.774,0.545,4,5379.609,1171.237
27.630,131.786,0.545,4,5380.107,1171.826
27.640,131.798,0.545,4,5380.604,1172.415
27.650,131.811,0.545,4,5381.102,1173.004
27.660,131.823,0.544,4,5381.599,1173.594
27.670,131.835,0.544,4,5382.097,1174.183
27.680,131.847,0.544,4,5382.593,1174.772
27.690,131.859,0.544,4,5383.090,1175.362
27.700,131.871,0.543,4,5383.587,1175.951
27.710,131.884,0.543,4,5384.083,1176.541
27.720,131.896,0.543,4,5384.579,1177.130
27.730,131.908,0.543,4,5385.075,1177.720
27.740,131.920,0.542,4,5385.570,1178.310
27.750,131.932,0.542,4,5386.066,1178.900
27.760,131.944,0.542,4,5386.561,1179.489
27.770,131.956,0.542,4,5387.056,1180.079
27.780,131.968,0.541,4,5387.550,1180.669
27.790,131.980,0.541,4,5388.045,1181.259
27.800,131.993,0.541,4,5388.539,1181.849
27.810,132.005,0.541,4,5389.033,1182.440
27.820,132.017,0.540,4,5389.527,1183.030
27.830,132.029,0.540,4,5390.020,1183.620
27.840,132.041,0.540,4,5390.514,1184.210
27.850,132.053,0.540,4,5391.007,1184.801
27.860,132.065,0.539,4,5391.499,1185.391
27.870,132.077,0.539,4,5391.992,1185.981
27.880,132.089,0.539,4,5392.485,1186.572
27.890,132.101,0.539,4,5392.977,1187.162
27.900,132.113,0.538,4,5393.469,1187.753
27.910,132.125,0.538,4,5393.960,1188.344
27.920,132.137,0.538,4,5394.452,1188.934
27.930,132.149,0.538,4,5394.943,1189.525
27.940,132.161,0.537,4,5395.434,1190.116
27.950,132.173,0.537,4,5395.925,1190.707
27.960,132.185,0.537,4,5396.416,1191.298
27.970,132.197,0.537,4,5396.906,1191.889
27.980,132.209,0.536,4,5397.396,1192.480
27.990,132.221,0.536,4,5397.886,1193.071
28.000,132.233,0.536,4,5398.376,1193.662
28.010,132.245,0.536,4,5398.866,1194.253
28.020,132.257,0.535,4,5399.355,1194.844
28.030,132.269,0.535,4,5399.844,1195.436
28.040,132.281,0.535,4,5400.333,1196.027
28.050,132.293,0.535,4,5400.821,1196.618
28.060,132.305,0.535,4,5401.310,1197.210
28.070,132.317,0.534,4,5401.798,1197.801
28.080,132.329,0.534,4,5402.286,1198.393
28.090,132.341,0.534,4,5402.774,1198.985
28.100,132.353,0.534,4,5403.261,1199.576
28.110,132.365,0.533,4,5403.748,1200.168
28.120,132.377,0.533,4,5404.235,1200.760
28.130,132.389,0.533,4,5404.722,1201.352
28.140,132.401,0.533,4,5405.209,1201.943
28.150,132.413,0.532,4,5405.695,1202.535
28.160,132.425,0.532,4,5406.181,1203.127
28.170,132.436,0.532,4,5406.667,1203.719
28.180,132.448,0.532,4,5407.153,1204.311
28.190,132.460,0.531,4,5407.639,1204.904
28.200,132.472,0.531,4,5408.124,1205.496
28.210,132.484,0.531,4,5408.609,1206.088
28.220,132.496,0.531,4,5409.094,1206.680
28.230,132.508,0.530,4,5409.578,1207.273
28.240,132.520,0.530,4,5410.063,1207.865
28.250,132.531,0.530,4,5410.547,1208.458
28.260,132.543,0.530,4,5411.031,1209.050
28.270,132.555,0.529,4,5411.515,1209.643
28.280,132.567,0.529,4,5411.998,1210.235
28.290,132.579,0.529,4,5412.481,1210.828
28.300,132.591,0.529,4,5412.964,1211.421
28.310,132.602,0.528,4,5413.447,1212.014
28.320,132.614,0.528,4,5413.930,1212.606
28.330,132.626,0.528,4,5414.412,1213.199
28.340,132.638,0.528,4,5414.895,1213.792
28.350,132.650,0.527,4,5415.377,1214.385
28.360,132.661,0.527,4,5415.858,1214.978
28.370,132.673,0.527,4,5416.340,1215.571
28.380,132.685,0.527,4,5416.821,1216.165
28.390,132.697,0.527,4,5417.302,1216.758
28.400,132.709,0.526,4,5417.783,1217.351
28.410,132.720,0.526,4,5418.264,1217.944
28.420,132.732,0.526,4,5418.744,1218.538
28.430,132.744,0.526,4,5419.224,1219.131
28.440,132.756,0.525,4,5419.704,1219.725
28.450,132.767,0.525,4,5420.184,1220.318
28.460,132.779,0.525,4,5420.664,1220.912
28.470,132.791,0.525,4,5421.143,1221.505
28.480,132.803,0.524,4,5421.622,1222.099
28.490,132.814,0.524,4,5422.101,1222.693
28.500,132.826,0.524,4,5422.580,1223.286
28.510,132.838,0.524,4,5423.058,1223.880
28.520,132.849,0.523,4,5423.536,1224.474
28.530,132.861,0.523,4,5424.014,1225.068
28.540,132.873,0.523,4,5424.492,1225.662
28.550,132.884,0.523,4,5424.970,1226.256
28.560,132.896,0.522,4,5425.447,1226.850
28.570,132.908,0.522,4,5425.924,1227.444
28.580,132.920,0.522,4,5426.401,1228.039
28.590,132.931,0.522,4,5426.878,1228.633
28.600,132.943,0.521,4,5427.354,1229.227
28.610,132.955,0.521,4,5427.830,1229.822
28.620,132.966,0.521,4,5428.306,1230.416
28.630,132.978,0.521,4,5428.782,1231.010
28.640,132.989,0.521,4,5429.258,1231.605
28.650,133.001,0.520,4,5429.733,1232.199
28.660,133.013,0.520,4,5430.208,1232.794
28.670,133.024,0.520,4,5430.683,1233.389
28.680,133.036,0.520,4,5431.158,1233.984
28.690,133.048,0.519,4,5431.632,1234.578
28.700,133.059,0.519,4,5432.107,1235.173
28.710,133.071,0.519,4,5432.581,1235.768
28.720,133.082,0.519,4,5433.055,1236.363
28.730,133.094,0.518,4,5433.528,1236.958
28.740,133.106,0.518,4,5434.002,1237.553
28.750,133.117,0.518,4,5434.475,1238.148
28.760,133.129,0.518,4,5434.948,1238.743
28.770,133.140,0.517,4,5435.421,1239.338
28.780,133.152,0.517,4,5435.893,1239.934
28.790,133.163,0.517,4,5436.366,1240.529
28.800,133.175,0.517,4,5436.838,1241.124
28.810,133.187,0.516,4,5437.310,1241.720
28.820,133.198,0.516,4,5437.781,1242.315
28.830,133.210,0.516,4,5438.253,1242.911
28.840,133.221,0.516,4,5438.724,1243.506
28.850,133.233,0.516,4,5439.195,1244.102
28.860,133.244,0.515,4,5439.666,1244.697
28.870,133.256,0.515,4,5440.136,1245.293
28.880,133.267,0.515,4,5440.607,1245.889
28.890,133.279,0.515,4,5441.077,1246.485
28.900,133.290,0.514,4,5441.547,1247.081
28.910,133.302,0.514,4,5442.017,1247.676
28.920,133.313,0.514,4,5442.486,1248.272
28.930,133.325,0.514,4,5442.956,1248.868
28.940,133.336,0.513,4,5443.425,1249.464
28.950,133.348,0.513,4,5443.894,1250.061
28.960,133.359,0.513,4,5444.362,1250.657
28.970,133.371,0.513,4,5444.831,1251.253
28.980,133.382,0.512,4,5445.299,1251.849
28.990,133.394,0.512,4,5445.767,1252.446
29.000,133.405,0.512,4,5446.235,1253.042
29.010,133.417,0.512,4,5446.702,1253.638
29.020,133.428,0.511,4,5447.170,1254.235
29.030,133.439,0.511,4,5447.637,1254.831
29.040,133.451,0.511,4,5448.104,1255.428
29.050,133.462,0.511,4,5448.570,1256.025
29.060,133.474,0.511,4,5449.037,1256.621
29.070,133.485,0.510,4,5449.503,1257.218
29.080,133.497,0.510,4,5449.969,1257.815
29.090,133.508,0.510,4,5450.435,1258.412
29.100,133.519,0.510,4,5450.901,1259.008
29.110,133.531,0.509,4,5451.366,1259.605
29.120,133.542,0.509,4,5451.831,1260.202
29.130,133.553,0.509,4,5452.296,1260.799
29.140,133.565,0.509,4,5452.761,1261.397
29.150,133.576,0.508,4,5453.226,1261.994
29.160,133.588,0.508,4,5453.690,1262.591
29.170,133.599,0.508,4,5454.154,1263.188
29.180,133.610,0.508,4,5454.618,1263.785
29.190,133.622,0.508,4,5455.082,1264.383
29.200,133.633,0.507,4,5455.545,1264.980
29.210,133.644,0.507,4,5456.009,1265.578
29.220,133.656,0.507,4,5456.472,1266.175
29.230,133.667,0.507,4,5456.935,1266.773
29.240,133.678,0.506,4,5457.397,1267.370
29.250,133.690,0.506,4,5457.860,1267.968
29.260,133.701,0.506,4,5458.322,1268.566
29.270,133.712,0.506,4,5458.784,1269.163
29.280,133.724,0.505,4,5459.246,1269.761
29.290,133.735,0.505,4,5459.707,1270.359
29.300,133.746,0.505,4,5460.169,1270.957
29.310,133.757,0.505,4,5460.630,1271.555
29.320,133.769,0.504,4,5461.091,1272.153
29.330,133.780,0.504,4,5461.552,1272.751
29.340,133.791,0.504,4,5462.012,1273.349
29.350,133.803,0.504,4,5462.472,1273.947
29.360,133.814,0.504,4,5462.932,1274.545
29.370,133.825,0.503,4,5463.392,1275.144
29.380,133.836,0.503,4,5463.852,1275.742
29.390,133.848,0.503,4,5464.311,1276.340
29.400,133.859,0.503,4,5464.771,1276.939
29.410,133.870,0.502,4,5465.230,1277.537
29.420,133.881,0.502,4,5465.689,1278.136
29.430,133.893,0.502,4,5466.147,1278.734
29.440,133.904,0.502,4,5466.606,1279.333
29.450,133.915,0.501,4,5467.064,1279.931
29.460,133.926,0.501,4,5467.522,1280.530
29.470,133.937,0.501,4,5467.980,1281.129
29.480,133.949,0.501,4,5468.437,1281.728
29.490,133.960,0.501,4,5468.894,1282.326
29.500,133.971,0.500,4,5469.352,1282.925
29.510,133.982,0.500,4,5469.808,1283.524
29.520,133.993,0.500,4,5470.265,1284.123
29.530,134.005,0.500,4,5470.722,1284.722
29.540,134.016,0.499,4,5471.178,1285.321
29.550,134.027,0.499,4,5471.634,1285.921
29.560,134.038,0.499,4,5472.090,1286.520
29.570,134.049,0.499,4,5472.546,1287.119
29.580,134.060,0.498,4,5473.001,1287.718
29.590,134.072,0.498,4,5473.456,1288.318
29.600,134.083,0.498,4,5473.911,1288.917
29.610,134.094,0.498,4,5474.366,1289.517
29.620,134.105,0.498,4,5474.821,1290.116
29.630,134.116,0.497,4,5475.275,1290.716
29.640,134.127,0.497,4,5475.729,1291.315
29.650,134.138,0.497,4,5476.183,1291.915
29.660,134.149,0.497,4,5476.637,1292.515
29.670,134.160,0.496,4,5477.090,1293.114
29.680,134.172,0.496,4,5477.544,1293.714
29.690,134.183,0.496,4,5477.997,1294.314
29.700,134.194,0.496,4,5478.450,1294.914
29.710,134.205,0.495,4,5478.903,1295.514
29.720,134.216,0.495,4,5479.355,1296.114
29.730,134.227,0.495,4,5479.807,1296.714
29.740,134.238,0.495,4,5480.259,1297.314
29.750,134.249,0.495,4,5480.711,1297.914
29.760,134.260,0.494,4,5481.163,1298.514
29.770,134.271,0.494,4,5481.614,1299.115
29.780,134.282,0.494,4,5482.066,1299.715
29.790,134.293,0.494,4,5482.517,1300.315
29.800,134.304,0.493,4,5482.968,1300.916
29.810,134.315,0.493,4,5483.418,1301.516
29.820,134.326,0.493,4,5483.869,1302.117
29.830,134.337,0.493,4,5484.319,1302.717
29.840,134.348,0.492,4,5484.769,1303.318
29.850,134.359,0.492,4,5485.219,1303.918
29.860,134.370,0.492,4,5485.668,1304.519
29.870,134.381,0.492,4,5486.118,1305.120
29.880,134.392,0.492,4,5486.567,1305.721
29.890,134.403,0.491,4,5487.016,1306.321
29.900,134.414,0.491,4,5487.464,1306.922
29.910,134.425,0.491,4,5487.913,1307.523
29.920,134.436,0.491,4,5488.361,1308.124
29.930,134.447,0.490,4,5488.809,1308.725
29.940,134.458,0.490,4,5489.257,1309.326
29.950,134.469,0.490,4,5489.705,1309.927
29.960,134.480,0.490,4,5490.152,1310.529
29.970,134.491,0.490,4,5490.600,1311.130
29.980,134.502,0.489,4,5491.047,1311.731
29.990,134.513,0.489,4,5491.494,1312.332
30.000,134.524,0.489,4,5491.940,1312.934
30.010,134.535,0.489,4,5492.387,1313.535
30.020,134.546,0.488,4,5492.833,1314.137
30.030,134.557,0.488,4,5493.279,1314.738
30.040,134.568,0.488,4,5493.725,1315.340
30.050,134.579,0.488,4,5494.171,1315.941
30.060,134.590,0.487,4,5494.616,1316.543
30.070,134.600,0.487,4,5495.061,1317.145
30.080,134.611,0.487,4,5495.506,1317.747
30.090,134.622,0.487,4,5495.951,1318.348
30.100,134.633,0.487,4,5496.396,1318.950
30.110,134.644,0.486,4,5496.840,1319.552
30.120,134.655,0.486,4,5497.284,1320.154
30.130,134.666,0.486,4,5497.728,1320.756
30.140,134.677,0.486,4,5498.172,1321.358
30.150,134.687,0.485,4,5498.615,1321.960
30.160,134.698,0.485,4,5499.059,1322.562
30.170,134.709,0.485,4,5499.502,1323.165
30.180,134.720,0.485,4,5499.945,1323.767
30.190,134.731,0.485,4,5500.388,1324.369
30.200,134.742,0.484,4,5500.830,1324.972
30.210,134.752,0.484,4,5501.273,1325.574
30.220,134.763,0.484,4,5501.715,1326.176
30.230,134.774,0.484,4,5502.157,1326.779
30.240,134.785,0.483,4,5502.598,1327.381
30.250,134.796,0.483,4,5503.040,1327.984
30.260,134.807,0.483,4,5503.481,1328.587
30.270,134.817,0.483,4,5503.922,1329.189
30.280,134.828,0.483,4,5504.363,1329.792
30.290,134.839,0.482,4,5504.804,1330.395
30.300,134.850,0.482,4,5505.244,1330.998
30.310,134.860,0.482,4,5505.685,1331.601
30.320,134.871,0.482,4,5506.125,1332.203
30.330,134.882,0.481,4,5506.564,1332.806
30.340,134.893,0.481,4,5507.004,1333.409
30.350,134.904,0.481,4,5507.444,1334.013
30.360,134.914,0.481,4,5507.883,1334.616
30.370,134.925,0.481,4,5508.322,1335.219
30.380,134.936,0.480,4,5508.761,1335.822
30.390,134.947,0.480,4,5509.199,1336.425
30.400,134.957,0.480,4,5509.638,1337.029
30.410,134.968,0.480,4,5510.076,1337.632
30.420,134.979,0.479,4,5510.514,1338.235
30.430,134.989,0.479,4,5510.952,1338.839
30.440,135.000,0.479,4,5511.389,1339.442
30.450,135.011,0.479,4,5511.827,1340.046
30.460,135.022,0.478,4,5512.264,1340.649
30.470,135.032,0.478,4,5512.701,1341.253
30.480,135.043,0.478,4,5513.138,1341.857
30.490,135.054,0.478,4,5513.575,1342.461
30.500,135.064,0.478,4,5514.011,1343.064
30.510,135.075,0.477,4,5514.447,1343.668
30.520,135.086,0.477,4,5514.883,1344.272
30.530,135.096,0.477,4,5515.319,1344.876
30.540,135.107,0.477,4,5515.754,1345.480
30.550,135.118,0.476,4,5516.190,1346.084
30.560,135.128,0.476,4,5516.625,1346.688
30.570,135.139,0.476,4,5517.060,1347.292
30.580,135.150,0.476,4,5517.495,1347.896
30.590,135.160,0.476,4,5517.929,1348.501
30.600,135.171,0.475,4,5518.364,1349.105
30.610,135.182,0.475,4,5518.798,1349.709
30.620,135.192,0.475,4,5519.232,1350.314
30.630,135.203,0.475,4,5519.666,1350.918
30.640,135.213,0.474,4,5520.099,1351.522
30.650,135.224,0.474,4,5520.533,1352.127
30.660,135.235,0.474,4,5520.966,1352.731
30.670,135.245,0.474,4,5521.399,1353.336
30.680,135.256,0.474,4,5521.831,1353.941
30.690,135.266,0.473,4,5522.264,1354.545
30.700,135.277,0.473,4,5522.696,1355.150
30.710,135.288,0.473,4,5523.128,1355.755
30.720,135.298,0.473,4,5523.560,1356.360
30.730,135.309,0.473,4,5523.992,1356.965
30.740,135.319,0.472,4,5524.424,1357.570
30.750,135.330,0.472,4,5524.855,1358.175
30.760,135.340,0.472,4,5525.286,1358.780
30.770,135.351,0.472,4,5525.717,1359.385
30.780,135.361,0.471,4,5526.148,1359.990
30.790,135.372,0.471,4,5526.578,1360.595
30.800,135.383,0.471,4,5527.009,1361.200
30.810,135.393,0.471,4,5527.439,1361.805
30.820,135.404,0.471,4,5527.869,1362.411
30.830,135.414,0.470,4,5528.298,1363.016
30.840,135.425,0.470,4,5528.728,1363.622
30.850,135.435,0.470,4,5529.157,1364.227
30.860,135.446,0.470,4,5529.586,1364.832
30.870,135.456,0.469,4,5530.015,1365.438
30.880,135.467,0.469,4,5530.444,1366.044
30.890,135.477,0.469,4,5530.873,1366.649
30.900,135.488,0.469,4,5531.301,1367.255
30.910,135.498,0.469,4,5531.729,1367.861
30.920,135.509,0.468,4,5532.157,1368.466
30.930,135.519,0.468,4,5532.585,1369.072
30.940,135.530,0.468,4,5533.012,1369.678
30.950,135.540,0.468,4,5533.440,1370.284
30.960,135.550,0.467,4,5533.867,1370.890
30.970,135.561,0.467,4,5534.294,1371.496
30.980,135.571,0.467,4,5534.720,1372.102
30.990,135.582,0.467,4,5535.147,1372.708
31.000,135.592,0.467,4,5535.573,1373.314
31.010,135.603,0.466,4,5535.999,1373.920
31.020,135.613,0.466,4,5536.425,1374.527
31.030,135.623,0.466,4,5536.851,1375.133
31.040,135.634,0.466,4,5537.276,1375.739
31.050,135.644,0.465,4,5537.702,1376.346
31.060,135.655,0.465,4,5538.127,1376.952
31.070,135.665,0.465,4,5538.552,1377.559
31.080,135.676,0.465,4,5538.977,1378.165
31.090,135.686,0.465,4,5539.401,1378.772
31.100,135.696,0.464,4,5539.825,1379.378
31.110,135.707,0.464,4,5540.250,1379.985
31.120,135.717,0.464,4,5540.674,1380.592
31.130,135.727,0.464,4,5541.097,1381.198
31.140,135.738,0.464,4,5541.521,1381.805
31.150,135.748,0.463,4,5541.944,1382.412
31.160,135.759,0.463,4,5542.367,1383.019
31.170,135.769,0.463,4,5542.790,1383.626
31.180,135.779,0.463,4,5543.213,1384.233
31.190,135.790,0.462,4,5543.636,1384.840
31.200,135.800,0.462,4,5544.058,1385.447
31.210,135.810,0.462,4,5544.480,1386.054
31.220,135.821,0.462,4,5544.902,1386.661
31.230,135.831,0.462,4,5545.324,1387.269
31.240,135.841,0.461,4,5545.745,1387.876
31.250,135.852,0.461,4,5546.167,1388.483
31.260,135.862,0.461,4,5546.588,1389.091
31.270,135.872,0.461,4,5547.009,1389.698
31.280,135.882,0.460,4,5547.430,1390.305
31.290,135.893,0.460,4,5547.850,1390.913
31.300,135.903,0.460,4,5548.271,1391.520
31.310,135.913,0.460,4,5548.691,1392.128
31.320,135.924,0.460,4,5549.111,1392.736
31.330,135.934,0.459,4,5549.531,1393.343
31.340,135.944,0.459,4,5549.950,1393.951
31.350,135.954,0.459,4,5550.370,1394.559
31.360,135.965,0.459,4,5550.789,1395.167
31.370,135.975,0.459,4,5551.208,1395.774
31.380,135.985,0.458,4,5551.627,1396.382
31.390,135.995,0.458,4,5552.045,1396.990
31.400,136.006,0.458,4,5552.464,1397.598
31.410,136.016,0.458,4,5552.882,1398.206
31.420,136.026,0.457,4,5553.300,1398.814
31.430,136.036,0.457,4,5553.718,1399.423
31.440,136.047,0.457,4,5554.135,1400.031
31.450,136.057,0.457,4,5554.553,1400.639
31.460,136.067,0.457,4,5554.970,1401.247
31.470,136.077,0.456,4,5555.387,1401.856
31.480,136.087,0.456,4,5555.804,1402.464
31.490,136.098,0.456,4,5556.220,1403.072
31.500,136.108,0.456,4,5556.637,1403.681
31.510,136.118,0.456,4,5557.053,1404.289
31.520,136.128,0.455,4,5557.469,1404.898
31.530,136.138,0.455,4,5557.885,1405.506
31.540,136.149,0.455,4,5558.301,1406.115
31.550,136.159,0.455,4,5558.716,1406.724
31.560,136.169,0.454,4,5559.131,1407.333
31.570,136.179,0.454,4,5559.547,1407.941
31.580,136.189,0.454,4,5559.961,1408.550
31.590,136.199,0.454,4,5560.376,1409.159
31.600,136.210,0.454,4,5560.791,1409.768
31.610,136.220,0.453,4,5561.205,1410.377
31.620,136.230,0.453,4,5561.619,1410.986
31.630,136.240,0.453,4,5562.033,1411.595
31.640,136.250,0.453,4,5562.447,1412.204
31.650,136.260,0.453,4,5562.860,1412.813
31.660,136.270,0.452,4,5563.274,1413.422
31.670,136.280,0.452,4,5563.687,1414.032
31.680,136.291,0.452,4,5564.100,1414.641
31.690,136.301,0.452,4,5564.512,1415.250
31.700,136.311,0.452,4,5564.925,1415.859
31.710,136.321,0.451,4,5565.337,1416.469
31.720,136.331,0.451,4,5565.749,1417.078
31.730,136.341,0.451,4,5566.161,1417.688
31.740,136.351,0.451,4,5566.573,1418.297
31.750,136.361,0.450,4,5566.985,1418.907
31.760,136.371,0.450,4,5567.396,1419.517
31.770,136.381,0.450,4,5567.807,1420.126
31.780,136.391,0.450,4,5568.218,1420.736
31.790,136.401,0.450,4,5568.629,1421.346
31.800,136.412,0.449,4,5569.040,1421.956
31.810,136.422,0.449,4,5569.450,1422.565
31.820,136.432,0.449,4,5569.860,1423.175
31.830,136.442,0.449,4,5570.271,1423.785
31.840,136.452,0.449,4,5570.680,1424.395
31.850,136.462,0.448,4,5571.090,1425.005
31.860,136.472,0.448,4,5571.499,1425.615
31.870,136.482,0.448,4,5571.909,1426.226
31.880,136.492,0.448,4,5572.318,1426.836
31.890,136.502,0.447,4,5572.727,1427.446
31.900,136.512,0.447,4,5573.135,1428.056
31.910,136.522,0.447,4,5573.544,1428.666
31.920,136.532,0.447,4,5573.952,1429.277
31.930,136.542,0.447,4,5574.360,1429.887
31.940,136.552,0.446,4,5574.768,1430.498
31.950,136.562,0.446,4,5575.176,1431.108
31.960,136.572,0.446,4,5575.584,1431.719
31.970,136.582,0.446,4,5575.991,1432.329
31.980,136.592,0.446,4,5576.398,1432.940
31.990,136.602,0.445,4,5576.805,1433.551
32.000,136.612,0.445,4,5577.212,1434.161
32.010,136.622,0.445,4,5577.618,1434.772
32.020,136.631,0.445,4,5578.025,1435.383
32.030,136.641,0.445,4,5578.431,1435.994
32.040,136.651,0.444,4,5578.837,1436.605
32.050,136.661,0.444,4,5579.243,1437.215
32.060,136.671,0.444,4,5579.648,1437.826
32.070,136.681,0.444,4,5580.054,1438.437
32.080,136.691,0.443,4,5580.459,1439.049
32.090,136.701,0.443,4,5580.864,1439.660
32.100,136.711,0.443,4,5581.269,1440.271
32.110,136.721,0.443,4,5581.674,1440.882
32.120,136.731,0.443,4,5582.078,1441.493
32.130,136.741,0.442,4,5582.482,1442.104
32.140,136.751,0.442,4,5582.886,1442.716
32.150,136.760,0.442,4,5583.290,1443.327
32.160,136.770,0.442,4,5583.694,1443.939
32.170,136.780,0.442,4,5584.098,1444.550
32.180,136.790,0.441,4,5584.501,1445.162
32.190,136.800,0.441,4,5584.904,1445.773
32.200,136.810,0.441,4,5585.307,1446.385
32.210,136.820,0.441,4,5585.710,1446.996
32.220,136.829,0.441,4,5586.112,1447.608
32.230,136.839,0.440,4,5586.515,1448.220
32.240,136.849,0.440,4,5586.917,1448.832
32.250,136.859,0.440,4,5587.319,1449.443
32.260,136.869,0.440,4,5587.721,1450.055
32.270,136.879,0.440,4,5588.122,1450.667
32.280,136.889,0.439,4,5588.524,1451.279
32.290,136.898,0.439,4,5588.925,1451.891
32.300,136.908,0.439,4,5589.326,1452.503
32.310,136.918,0.439,4,5589.727,1453.115
32.320,136.928,0.438,4,5590.128,1453.727
32.330,136.938,0.438,4,5590.528,1454.339
32.340,136.947,0.438,4,5590.928,1454.952
32.350,136.957,0.438,4,5591.328,1455.564
32.360,136.967,0.438,4,5591.728,1456.176
32.370,136.977,0.437,4,5592.128,1456.789
32.380,136.987,0.437,4,5592.528,1457.401
32.390,136.996,0.437,4,5592.927,1458.013
32.400,137.006,0.437,4,5593.326,1458.626
32.410,137.016,0.437,4,5593.725,1459.238
32.420,137.026,0.436,4,5594.124,1459.851
32.430,137.035,0.436,4,5594.522,1460.463
32.440,137.045,0.436,4,5594.921,1461.076
32.450,137.055,0.436,4,5595.319,1461.689
32.460,137.065,0.436,4,5595.717,1462.302
32.470,137.074,0.435,4,5596.115,1462.914
32.480,137.084,0.435,4,5596.513,1463.527
32.490,137.094,0.435,4,5596.910,1464.140
32.500,137.104,0.435,4,5597.307,1464.753
32.510,137.113,0.435,4,5597.704,1465.366
32.520,137.123,0.434,4,5598.101,1465.979
32.530,137.133,0.434,4,5598.498,1466.592
32.540,137.142,0.434,4,5598.895,1467.205
32.550,137.152,0.434,4,5599.291,1467.818
32.560,137.162,0.434,4,5599.687,1468.431
32.570,137.126,-1.598,5,3640.054,1469.044
32.580,137.090,-1.597,5,3639.105,1469.657
32.590,137.055,-1.596,5,3638.157,1470.270
32.600,137.019,-1.596,5,3637.209,1470.882
32.610,136.983,-1.595,5,3636.262,1471.495
32.620,136.948,-1.594,5,3635.315,1472.107
32.630,136.912,-1.593,5,3634.369,1472.719
32.640,136.876,-1.593,5,3633.423,1473.331
32.650,136.841,-1.592,5,3632.478,1473.943
32.660,136.805,-1.591,5,3631.533,1474.554
32.670,136.770,-1.590,5,3630.588,1475.166
32.680,136.734,-1.590,5,3629.644,1475.777
32.690,136.698,-1.589,5,3628.700,1476.388
32.700,136.663,-1.588,5,3627.757,1476.999
32.710,136.627,-1.587,5,3626.814,1477.610
32.720,136.592,-1.587,5,3625.872,1478.220
32.730,136.556,-1.586,5,3624.930,1478.831
32.740,136.521,-1.585,5,3623.988,1479.441
32.750,136.486,-1.584,5,3623.047,1480.051
32.760,136.450,-1.584,5,3622.107,1480.661
32.770,136.454,0.178,5,3621.167,1481.271
32.780,136.458,0.177,5,3621.272,1481.881
32.790,136.462,0.177,5,3621.377,1482.491
32.800,136.466,0.177,5,3621.483,1483.101
32.810,136.470,0.177,5,3621.588,1483.711
32.820,136.474,0.177,5,3621.693,1484.321
32.830,136.478,0.177,5,3621.798,1484.932
32.840,136.482,0.177,5,3621.903,1485.542
32.850,136.486,0.177,5,3622.008,1486.152
32.860,136.490,0.177,5,3622.113,1486.762
32.870,136.494,0.177,5,3622.218,1487.372
32.880,136.498,0.177,5,3622.323,1487.982
32.890,136.502,0.177,5,3622.428,1488.593
32.900,136.506,0.176,5,3622.533,1489.203
32.910,136.509,0.176,5,3622.638,1489.813
32.920,136.513,0.176,5,3622.742,1490.423
32.930,136.517,0.176,5,3622.847,1491.034
32.940,136.521,0.176,5,3622.951,1491.644
32.950,136.525,0.176,5,3623.056,1492.254
32.960,136.529,0.176,5,3623.161,1492.865
32.970,136.533,0.176,5,3623.265,1493.475
32.980,136.537,0.176,5,3623.369,1494.085
32.990,136.541,0.176,5,3623.474,1494.696
33.000,136.545,0.176,5,3623.578,1495.306
33.010,136.549,0.176,5,3623.682,1495.917
33.020,136.553,0.175,5,3623.786,1496.527
33.030,136.557,0.175,5,3623.891,1497.137
33.040,136.561,0.175,5,3623.995,1497.748
33.050,136.565,0.175,5,3624.099,1498.358
33.060,136.568,0.175,5,3624.203,1498.969
33.070,136.572,0.175,5,3624.307,1499.579
33.080,136.576,0.175,5,3624.411,1500.190
33.090,136.580,0.175,5,3624.515,1500.801
33.100,136.584,0.175,5,3624.618,1501.411
33.110,136.588,0.175,5,3624.722,1502.022
33.120,136.592,0.175,5,3624.826,1502.632
33.130,136.596,0.175,5,3624.929,1503.243
33.140,136.600,0.174,5,3625.033,1503.854
33.150,136.604,0.174,5,3625.137,1504.464
33.160,136.608,0.174,5,3625.240,1505.075
33.170,136.611,0.174,5,3625.344,1505.686
33.180,136.615,0.174,5,3625.447,1506.296
33.190,136.619,0.174,5,3625.550,1506.907
33.200,136.623,0.174,5,3625.654,1507.518
33.210,136.627,0.174,5,3625.757,1508.129
33.220,136.631,0.174,5,3625.860,1508.740
33.230,136.635,0.174,5,3625.963,1509.350
33.240,136.639,0.174,5,3626.067,1509.961
33.250,136.643,0.174,5,3626.170,1510.572
33.260,136.646,0.173,5,3626.273,1511.183
33.270,136.650,0.173,5,3626.376,1511.794
33.280,136.654,0.173,5,3626.479,1512.405
33.290,136.658,0.173,5,3626.581,1513.016
33.300,136.662,0.173,5,3626.684,1513.627
33.310,136.666,0.173,5,3626.787,1514.237
33.320,136.670,0.173,5,3626.890,1514.848
33.330,136.674,0.173,5,3626.992,1515.459
33.340,136.677,0.173,5,3627.095,1516.070
33.350,136.681,0.173,5,3627.198,1516.681
33.360,136.685,0.173,5,3627.300,1517.292
33.370,136.689,0.173,5,3627.403,1517.904
33.380,136.693,0.172,5,3627.505,1518.515
33.390,136.697,0.172,5,3627.608,1519.126
33.400,136.701,0.172,5,3627.710,1519.737
33.410,136.704,0.172,5,3627.812,1520.348
33.420,136.708,0.172,5,3627.915,1520.959
33.430,136.712,0.172,5,3628.017,1521.570
33.440,136.716,0.172,5,3628.119,1522.181
33.450,136.720,0.172,5,3628.221,1522.793
33.460,136.724,0.172,5,3628.323,1523.404
33.470,136.727,0.172,5,3628.425,1524.015
33.480,136.731,0.172,5,3628.527,1524.626
33.490,136.735,0.172,5,3628.629,1525.238
33.500,136.739,0.172,5,3628.731,1525.849
33.510,136.743,0.171,5,3628.833,1526.460
33.520,136.747,0.171,5,3628.934,1527.071
33.530,136.750,0.171,5,3629.036,1527.683
33.540,136.754,0.171,5,3629.138,1528.294
33.550,136.758,0.171,5,3629.239,1528.905
33.560,136.762,0.171,5,3629.341,1529.517
33.570,136.766,0.171,5,3629.443,1530.128
33.580,136.770,0.171,5,3629.544,1530.740
33.590,136.773,0.171,5,3629.646,1531.351
33.600,136.777,0.171,5,3629.747,1531.963
33.610,136.781,0.171,5,3629.848,1532.574
33.620,136.785,0.171,5,3629.950,1533.185
33.630,136.789,0.170,5,3630.051,1533.797
33.640,136.792,0.170,5,3630.152,1534.408
33.650,136.796,0.170,5,3630.253,1535.020
33.660,136.800,0.170,5,3630.354,1535.632
33.670,136.804,0.170,5,3630.455,1536.243
33.680,136.808,0.170,5,3630.556,1536.855
33.690,136.812,0.170,5,3630.657,1537.466
33.700,136.815,0.170,5,3630.758,1538.078
33.710,136.819,0.170,5,3630.859,1538.690
33.720,136.823,0.170,5,3630.960,1539.301
33.730,136.827,0.170,5,3631.061,1539.913
33.740,136.831,0.170,5,3631.161,1540.525
33.750,136.834,0.170,5,3631.262,1541.136
33.760,136.838,0.169,5,3631.363,1541.748
33.770,136.842,0.169,5,3631.463,1542.360
33.780,136.846,0.169,5,3631.564,1542.971
33.790,136.849,0.169,5,3631.664,1543.583
33.800,136.853,0.169,5,3631.765,1544.195
33.810,136.857,0.169,5,3631.865,1544.807
33.820,136.861,0.169,5,3631.965,1545.419
33.830,136.865,0.169,5,3632.066,1546.031
33.840,136.868,0.169,5,3632.166,1546.642
33.850,136.872,0.169,5,3632.266,1547.254
33.860,136.876,0.169,5,3632.366,1547.866
33.870,136.880,0.169,5,3632.466,1548.478
33.880,136.883,0.168,5,3632.566,1549.090
33.890,136.887,0.168,5,3632.667,1549.702
33.900,136.891,0.168,5,3632.766,1550.314
33.910,136.895,0.168,5,3632.866,1550.926
33.920,136.898,0.168,5,3632.966,1551.538
33.930,136.902,0.168,5,3633.066,1552.150
33.940,136.906,0.168,5,3633.166,1552.762
33.950,136.910,0.168,5,3633.266,1553.374
33.960,136.914,0.168,5,3633.365,1553.986
33.970,136.917,0.168,5,3633.465,1554.598
33.980,136.921,0.168,5,3633.564,1555.210
33.990,136.925,0.168,5,3633.664,1555.822
34.000,136.929,0.168,5,3633.764,1556.434
34.010,136.932,0.167,5,3633.863,1557.046
34.020,136.936,0.167,5,3633.962,1557.659
34.030,136.940,0.167,5,3634.062,1558.271
34.040,136.943,0.167,5,3634.161,1558.883
34.050,136.947,0.167,5,3634.260,1559.495
34.060,136.951,0.167,5,3634.359,1560.107
34.070,136.955,0.167,5,3634.459,1560.720
34.080,136.958,0.167,5,3634.558,1561.332
34.090,136.962,0.167,5,3634.657,1561.944
34.100,136.966,0.167,5,3634.756,1562.556
34.110,136.970,0.167,5,3634.855,1563.169
34.120,136.973,0.167,5,3634.954,1563.781
34.130,136.977,0.166,5,3635.053,1564.393
34.140,136.981,0.166,5,3635.152,1565.006
34.150,136.985,0.166,5,3635.250,1565.618
34.160,136.988,0.166,5,3635.349,1566.231
34.170,136.992,0.166,5,3635.448,1566.843
34.180,136.996,0.166,5,3635.546,1567.455
34.190,136.999,0.166,5,3635.645,1568.068
34.200,137.003,0.166,5,3635.744,1568.680
34.210,137.007,0.166,5,3635.842,1569.293
34.220,137.011,0.166,5,3635.941,1569.905
34.230,137.014,0.166,5,3636.039,1570.518
34.240,137.018,0.166,5,3636.137,1571.130
34.250,137.022,0.166,5,3636.236,1571.743
34.260,137.025,0.165,5,3636.334,1572.355
34.270,137.029,0.165,5,3636.432,1572.968
34.280,137.033,0.165,5,3636.530,1573.581
34.290,137.036,0.165,5,3636.628,1574.193
34.300,137.040,0.165,5,3636.727,1574.806
34.310,137.044,0.165,5,3636.825,1575.418
34.320,137.048,0.165,5,3636.923,1576.031
34.330,137.051,0.165,5,3637.021,1576.644
34.340,137.055,0.165,5,3637.118,1577.256
34.350,137.059,0.165,5,3637.216,1577.869
34.360,137.062,0.165,5,3637.314,1578.482
34.370,137.066,0.165,5,3637.412,1579.095
34.380,137.070,0.165,5,3637.510,1579.707
34.390,137.073,0.164,5,3637.607,1580.320
34.400,137.077,0.164,5,3637.705,1580.933
34.410,137.081,0.164,5,3637.803,1581.546
34.420,137.084,0.164,5,3637.900,1582.159
34.430,137.088,0.164,5,3637.998,1582.771
34.440,137.092,0.164,5,3638.095,1583.384
34.450,137.095,0.164,5,3638.192,1583.997
34.460,137.099,0.164,5,3638.290,1584.610
34.470,137.103,0.164,5,3638.387,1585.223
34.480,137.106,0.164,5,3638.484,1585.836
34.490,137.110,0.164,5,3638.582,1586.449
34.500,137.114,0.164,5,3638.679,1587.062
34.510,137.117,0.164,5,3638.776,1587.675
34.520,137.121,0.163,5,3638.873,1588.288
34.530,137.125,0.163,5,3638.970,1588.901
34.540,137.128,0.163,5,3639.067,1589.514
34.550,137.132,0.163,5,3639.164,1590.127
34.560,137.136,0.163,5,3639.261,1590.740
34.570,137.139,0.163,5,3639.358,1591.353
34.580,137.143,0.163,5,3639.454,1591.966
34.590,137.147,0.163,5,3639.551,1592.579
34.600,137.150,0.163,5,3639.648,1593.192
34.610,137.154,0.163,5,3639.745,1593.805
34.620,137.157,0.163,5,3639.841,1594.418
34.630,137.161,0.163,5,3639.938,1595.032
34.640,137.161,-0.014,5,3640.034,1595.645
