Time_s,Speed_mph,Acceleration_G,Gear,Engine_RPM,Distance_m
0.000,0.000,0.579,1,1000.000,0.000
0.010,0.127,0.579,1,1000.000,0.000
0.020,0.254,0.579,1,1000.000,0.001
0.030,0.381,0.579,1,1000.000,0.003
0.040,0.509,0.579,1,1000.000,0.005
0.050,0.636,0.579,1,1000.000,0.007
0.060,0.763,0.579,1,1000.000,0.010
0.070,0.890,0.579,1,1000.000,0.014
0.080,1.017,0.579,1,1000.000,0.018
0.090,1.144,0.579,1,1000.000,0.023
0.100,1.271,0.579,1,1000.000,0.028
0.110,1.399,0.579,1,1000.000,0.034
0.120,1.526,0.579,1,1000.000,0.041
0.130,1.653,0.579,1,1000.000,0.048
0.140,1.780,0.579,1,1000.000,0.056
0.150,1.907,0.579,1,1000.000,0.064
0.160,2.034,0.579,1,1000.000,0.073
0.170,2.161,0.579,1,1000.000,0.082
0.180,2.288,0.579,1,1000.000,0.092
0.190,2.416,0.579,1,1000.000,0.103
0.200,2.543,0.579,1,1000.000,0.114
0.210,2.670,0.579,1,1000.000,0.125
0.220,2.797,0.579,1,1000.000,0.138
0.230,2.924,0.579,1,1000.000,0.150
0.240,3.051,0.579,1,1000.000,0.164
0.250,3.178,0.579,1,1000.000,0.178
0.260,3.305,0.579,1,1000.000,0.192
0.270,3.433,0.579,1,1000.000,0.207
0.280,3.560,0.579,1,1000.000,0.223
0.290,3.687,0.579,1,1000.000,0.239
0.300,3.814,0.579,1,1000.000,0.256
0.310,3.941,0.579,1,1000.000,0.273
0.320,4.068,0.579,1,1000.000,0.291
0.330,4.195,0.579,1,1000.000,0.309
0.340,4.322,0.579,1,1000.000,0.328
0.350,4.450,0.579,1,1000.000,0.348
0.360,4.577,0.579,1,1000.000,0.368
0.370,4.704,0.579,1,1000.000,0.389
0.380,4.831,0.579,1,1000.000,0.410
0.390,4.958,0.579,1,1000.000,0.432
0.400,5.085,0.579,1,1000.000,0.455
0.410,5.212,0.579,1,1000.000,0.478
0.420,5.339,0.579,1,1000.000,0.501
0.430,5.466,0.579,1,1000.000,0.525
0.440,5.593,0.579,1,1000.000,0.550
0.450,5.721,0.579,1,1000.000,0.575
0.460,5.848,0.579,1,1000.000,0.601
0.470,5.975,0.579,1,1009.017,0.628
0.480,6.102,0.579,1,1030.480,0.655
0.490,6.229,0.579,1,1051.943,0.682
0.500,6.356,0.579,1,1073.405,0.710
0.510,6.483,0.579,1,1094.867,0.739
0.520,6.610,0.579,1,1116.328,0.768
0.530,6.737,0.579,1,1137.789,0.798
0.540,6.864,0.579,1,1159.250,0.829
0.550,6.991,0.579,1,1180.710,0.860
0.560,7.118,0.579,1,1202.170,0.891
0.570,7.246,0.579,1,1223.629,0.923
0.580,7.373,0.579,1,1245.088,0.956
0.590,7.500,0.579,1,1266.547,0.989
0.600,7.627,0.579,1,1288.005,1.023
0.610,7.754,0.579,1,1309.463,1.057
0.620,7.881,0.579,1,1330.920,1.092
0.630,8.008,0.835,1,1352.377,1.128
0.640,8.191,0.835,1,1383.307,1.164
0.650,8.374,0.835,1,1414.236,1.201
0.660,8.557,0.835,1,1445.165,1.239
0.670,8.740,0.835,1,1476.093,1.278
0.680,8.924,0.835,1,1507.020,1.317
0.690,9.107,0.834,1,1537.947,1.357
0.700,9.290,0.834,1,1568.873,1.398
0.710,9.473,0.834,1,1599.798,1.440
0.720,9.656,0.834,1,1630.722,1.483
0.730,9.839,0.834,1,1661.645,1.527
0.740,10.022,0.834,1,1692.568,1.571
0.750,10.205,0.834,1,1723.489,1.616
0.760,10.388,0.834,1,1754.410,1.662
0.770,10.572,0.834,1,1785.330,1.709
0.780,10.755,0.834,1,1816.249,1.757
0.790,10.938,0.834,1,1847.168,1.805
0.800,11.121,0.834,1,1878.085,1.855
0.810,11.304,0.834,1,1909.001,1.905
0.820,11.487,0.834,1,1939.917,1.956
0.830,11.670,0.834,1,1970.831,2.007
0.840,11.853,0.834,1,2001.745,2.060
0.850,12.036,0.834,1,2032.657,2.113
0.860,12.219,0.834,1,2063.569,2.168
0.870,12.402,0.834,1,2094.479,2.223
0.880,12.585,0.834,1,2125.388,2.279
0.890,12.768,0.834,1,2156.297,2.335
0.900,12.951,0.834,1,2187.204,2.393
0.910,13.134,0.834,1,2218.110,2.451
0.920,13.317,0.834,1,2249.015,2.510
0.930,13.500,0.834,1,2279.919,2.570
0.940,13.683,0.834,1,2310.822,2.631
0.950,13.866,0.834,1,2341.724,2.692
0.960,14.049,0.834,1,2372.624,2.755
0.970,14.232,0.834,1,2403.523,2.818
0.980,14.415,0.834,1,2434.422,2.882
0.990,14.598,0.834,1,2465.318,2.947
1.000,14.781,0.834,1,2496.214,3.013
1.010,14.964,0.834,1,2527.109,3.079
1.020,15.147,0.834,1,2558.002,3.146
1.030,15.330,0.834,1,2588.894,3.214
1.040,15.513,0.833,1,2619.784,3.283
1.050,15.696,0.833,1,2650.674,3.353
1.060,15.878,0.833,1,2681.562,3.424
1.070,16.061,0.833,1,2712.448,3.495
1.080,16.244,0.833,1,2743.334,3.567
1.090,16.427,0.833,1,2774.217,3.640
1.100,16.610,0.833,1,2805.100,3.714
1.110,16.793,0.833,1,2835.981,3.789
1.120,16.976,0.833,1,2866.861,3.864
1.130,17.159,0.833,1,2897.739,3.941
1.140,17.341,0.833,1,2928.616,4.018
1.150,17.524,0.833,1,2959.492,4.096
1.160,17.707,0.833,1,2990.366,4.174
1.170,17.890,0.833,1,3021.238,4.254
1.180,18.073,0.833,1,3052.109,4.334
1.190,18.255,0.833,1,3082.978,4.416
1.200,18.438,0.833,1,3113.846,4.498
1.210,18.621,0.833,1,3144.713,4.580
1.220,18.804,0.833,1,3175.577,4.664
1.230,18.986,0.833,1,3206.441,4.749
1.240,19.169,0.833,1,3237.302,4.834
1.250,19.352,0.833,1,3268.162,4.920
1.260,19.535,0.833,1,3299.021,5.007
1.270,19.717,0.833,1,3329.877,5.095
1.280,19.900,0.833,1,3360.732,5.183
1.290,20.083,0.832,1,3391.586,5.273
1.300,20.265,0.832,1,3422.437,5.363
1.310,20.448,0.832,1,3453.287,5.454
1.320,20.631,0.832,1,3484.136,5.546
1.330,20.813,0.832,1,3514.982,5.638
1.340,20.996,0.832,1,3545.827,5.732
1.350,21.179,0.832,1,3576.670,5.826
1.360,21.361,0.832,1,3607.511,5.921
1.370,21.544,0.832,1,3638.351,6.017
1.380,21.727,0.832,1,3669.188,6.114
1.390,21.909,0.832,1,3700.024,6.211
1.400,22.092,0.832,1,3730.858,6.309
1.410,22.274,0.832,1,3761.690,6.409
1.420,22.457,0.832,1,3792.521,6.509
1.430,22.639,0.832,1,3823.349,6.609
1.440,22.822,0.832,1,3854.175,6.711
1.450,23.004,0.832,1,3885.000,6.813
1.460,23.187,0.832,1,3915.822,6.917
1.470,23.369,0.832,1,3946.643,7.021
1.480,23.552,0.832,1,3977.462,7.126
1.490,23.734,0.831,1,4008.278,7.231
1.500,23.917,0.831,1,4039.093,7.338
1.510,24.099,0.831,1,4069.906,7.445
1.520,24.282,0.831,1,4100.717,7.553
1.530,24.464,0.831,1,4131.525,7.662
1.540,24.647,0.831,1,4162.332,7.772
1.550,24.829,0.831,1,4193.136,7.883
1.560,25.011,0.831,1,4223.939,7.994
1.570,25.194,0.831,1,4254.739,8.106
1.580,25.376,0.831,1,4285.537,8.219
1.590,25.558,0.831,1,4316.333,8.333
1.600,25.741,0.831,1,4347.127,8.448
1.610,25.923,0.831,1,4377.919,8.563
1.620,26.105,0.831,1,4408.709,8.680
1.630,26.288,0.831,1,4439.496,8.797
1.640,26.470,0.831,1,4470.281,8.915
1.650,26.652,0.831,1,4501.064,9.033
1.660,26.835,0.831,1,4531.845,9.153
1.670,27.017,0.830,1,4562.623,9.273
1.680,27.199,0.830,1,4593.399,9.394
1.690,27.381,0.830,1,4624.173,9.516
1.700,27.564,0.830,1,4654.945,9.639
1.710,27.746,0.830,1,4685.714,9.763
1.720,27.928,0.830,1,4716.481,9.887
1.730,28.110,0.830,1,4747.246,10.013
1.740,28.292,0.830,1,4778.008,10.139
1.750,28.474,0.830,1,4808.768,10.266
1.760,28.656,0.830,1,4839.525,10.393
1.770,28.839,0.830,1,4870.280,10.522
1.780,29.021,0.830,1,4901.033,10.651
1.790,29.203,0.830,1,4931.783,10.781
1.800,29.385,0.830,1,4962.531,10.912
1.810,29.567,0.830,1,4993.276,11.044
1.820,29.749,0.829,1,5024.019,11.177
1.830,29.931,0.829,1,5054.760,11.310
1.840,30.113,0.829,1,5085.497,11.444
1.850,30.295,0.829,1,5116.233,11.579
1.860,30.477,0.829,1,5146.966,11.715
1.870,30.659,0.829,1,5177.696,11.852
1.880,30.841,0.829,1,5208.423,11.989
1.890,31.023,0.829,1,5239.148,12.127
1.900,31.205,0.829,1,5269.871,12.267
1.910,31.387,0.829,1,5300.591,12.406
1.920,31.568,0.829,1,5331.308,12.547
1.930,31.750,0.829,1,5362.022,12.689
1.940,31.932,0.829,1,5392.734,12.831
1.950,32.114,0.829,1,5423.443,12.974
1.960,32.296,0.828,1,5454.150,13.118
1.970,32.478,0.828,1,5484.854,13.263
1.980,32.659,0.828,1,5515.555,13.408
1.990,32.841,0.828,1,5546.253,13.555
2.000,33.023,0.828,1,5576.949,13.702
2.010,33.205,0.828,1,5607.642,13.850
2.020,33.386,0.828,1,5638.332,13.999
2.030,33.568,0.828,1,5669.019,14.149
2.040,33.750,0.828,1,5699.703,14.299
2.050,33.932,0.828,1,5730.385,14.450
2.060,34.113,0.828,1,5761.064,14.602
2.070,34.295,0.828,1,5791.739,14.755
2.080,34.476,0.828,1,5822.412,14.909
2.090,34.658,0.828,1,5853.083,15.064
2.100,34.840,0.827,1,5883.750,15.219
2.110,35.021,0.827,1,5914.414,15.375
2.120,35.203,0.827,1,5945.076,15.532
2.130,35.384,0.827,1,5975.734,15.690
2.140,35.566,0.827,1,6006.389,15.848
2.150,35.747,0.827,1,6037.042,16.008
2.160,35.929,0.827,1,6067.691,16.168
2.170,36.110,0.827,1,6098.338,16.329
2.180,36.292,0.827,1,6128.981,16.491
2.190,36.473,0.827,1,6159.622,16.654
2.200,36.655,0.827,1,6190.259,16.817
2.210,36.836,0.827,1,6220.893,16.981
2.220,37.017,0.826,1,6251.525,17.146
2.230,37.199,0.826,1,6282.153,17.312
2.240,37.380,0.826,1,6312.778,17.479
2.250,37.561,0.826,1,6343.400,17.646
2.260,37.743,0.826,1,6374.018,17.815
2.270,37.924,0.826,1,6404.634,17.984
2.280,38.105,0.826,1,6435.246,18.154
2.290,38.287,0.826,1,6465.856,18.325
2.300,38.468,0.826,1,6496.462,18.496
2.310,38.649,0.826,1,6527.065,18.669
2.320,38.830,0.826,1,6557.664,18.842
2.330,39.011,0.826,1,6588.261,19.016
2.340,39.192,0.825,1,6618.854,19.191
2.350,39.374,0.825,1,6649.443,19.366
2.360,39.555,0.825,1,6680.030,19.543
2.370,39.736,0.825,1,6710.613,19.720
2.380,39.917,0.825,1,6741.193,19.898
2.390,40.098,0.825,1,6771.770,20.077
2.400,40.279,0.825,1,6802.343,20.256
2.410,40.460,0.825,1,6832.913,20.437
2.420,40.641,0.825,1,6863.479,20.618
2.430,40.822,0.825,1,6894.042,20.800
2.440,41.003,0.825,1,6924.602,20.983
2.450,41.184,0.824,1,6955.158,21.167
2.460,41.365,0.824,1,6985.711,21.351
2.470,41.546,0.824,1,7016.260,21.537
2.480,41.727,0.824,1,7046.806,21.723
2.490,41.907,0.824,1,7077.348,21.910
2.500,42.088,0.824,1,7107.887,22.097
2.510,42.269,0.824,1,7138.423,22.286
2.520,42.450,0.824,1,7168.955,22.475
2.530,42.631,0.824,1,7199.483,22.665
2.540,42.811,0.824,1,7230.008,22.856
2.550,42.992,0.823,1,7260.529,23.048
2.560,43.173,0.823,1,7291.046,23.241
2.570,43.353,0.823,1,7321.560,23.434
2.580,43.534,0.823,1,7352.071,23.628
2.590,43.715,0.823,1,7382.578,23.823
2.600,43.895,0.823,1,7413.081,24.019
2.610,44.076,0.823,1,7443.580,24.216
2.620,44.257,0.823,1,7474.076,24.413
2.630,44.437,0.823,1,7504.568,24.612
2.640,44.618,0.823,1,7535.056,24.811
2.650,44.798,0.822,1,7565.541,25.011
2.660,44.979,0.822,1,7596.022,25.211
2.670,45.159,0.822,1,7626.499,25.413
2.680,45.340,0.822,1,7656.973,25.615
2.690,45.520,0.822,1,7687.442,25.818
2.700,45.700,0.822,1,7717.908,26.022
2.710,45.881,0.822,1,7748.370,26.227
2.720,46.061,0.822,1,7778.829,26.432
2.730,46.241,0.822,1,7809.283,26.638
2.740,46.422,0.822,1,7839.734,26.846
2.750,46.602,0.821,1,7870.180,27.054
2.760,46.782,0.821,1,7900.623,27.262
2.770,46.963,0.821,1,7931.062,27.472
2.780,47.143,0.821,1,7961.497,27.682
2.790,47.323,0.821,1,7991.928,27.893
2.800,47.503,0.821,1,8022.355,28.105
2.810,47.683,0.821,1,8052.779,28.318
2.820,47.863,0.821,1,8083.198,28.532
2.830,48.043,0.821,1,8113.613,28.746
2.840,48.224,0.820,1,8144.024,28.961
2.850,48.404,0.820,1,8174.432,29.177
2.860,48.584,0.820,1,8204.835,29.394
2.870,48.764,0.820,1,8235.234,29.611
2.880,48.944,0.820,1,8265.629,29.830
2.890,49.124,0.820,1,8296.020,30.049
2.900,49.303,0.820,1,8326.407,30.269
2.910,49.483,0.820,1,8356.790,30.490
2.920,49.663,0.820,1,8387.169,30.711
2.930,49.843,0.820,1,8417.544,30.934
2.940,50.023,0.819,1,8447.914,31.157
2.950,50.203,0.819,1,8478.281,31.381
2.960,50.383,0.819,1,8508.643,31.606
2.970,50.562,0.819,1,8539.001,31.832
2.980,50.742,0.819,1,8569.355,32.058
2.990,50.922,0.819,1,8599.705,32.285
3.000,51.101,0.819,1,8630.050,32.513
3.010,51.281,0.819,1,8660.391,32.742
3.020,51.461,0.818,1,8690.728,32.972
3.030,51.640,0.818,1,8721.061,33.202
3.040,51.820,0.818,1,8751.389,33.434
3.050,52.000,0.818,1,8781.713,33.666
3.060,52.179,0.818,1,8812.033,33.898
3.070,52.359,0.818,1,8842.349,34.132
3.080,52.538,0.818,1,8872.660,34.367
3.090,52.717,0.818,1,8902.966,34.602
3.100,52.897,0.818,1,8933.269,34.838
3.110,53.076,0.817,1,8963.567,35.075
3.120,53.256,0.817,1,8993.860,35.312
3.130,53.435,-0.033,2,5414.490,35.551
3.140,53.428,-0.033,2,5413.760,35.790
3.150,53.421,-0.033,2,5413.031,36.029
3.160,53.413,-0.033,2,5412.301,36.267
3.170,53.406,-0.033,2,5411.572,36.506
3.180,53.399,-0.033,2,5410.843,36.745
3.190,53.392,-0.033,2,5410.114,36.984
3.200,53.385,-0.033,2,5409.385,37.222
3.210,53.377,-0.033,2,5408.656,37.461
3.220,53.370,-0.033,2,5407.927,37.700
3.230,53.363,-0.033,2,5407.198,37.938
3.240,53.356,-0.033,2,5406.470,38.177
3.250,53.349,-0.033,2,5405.741,38.415
3.260,53.342,-0.033,2,5405.013,38.654
3.270,53.334,-0.033,2,5404.285,38.892
3.280,53.327,-0.033,2,5403.556,39.130
3.290,53.320,-0.033,2,5402.828,39.369
3.300,53.313,-0.033,2,5402.100,39.607
3.310,53.306,-0.033,2,5401.373,39.845
3.320,53.298,-0.033,2,5400.645,40.084
3.330,53.291,0.681,2,5399.917,40.322
3.340,53.441,0.680,2,5415.049,40.561
3.350,53.590,0.680,2,5430.179,40.800
3.360,53.739,0.680,2,5445.306,41.040
3.370,53.888,0.680,2,5460.432,41.280
3.380,54.038,0.680,2,5475.555,41.522
3.390,54.187,0.680,2,5490.676,41.763
3.400,54.336,0.680,2,5505.794,42.006
3.410,54.485,0.680,2,5520.911,42.249
3.420,54.634,0.680,2,5536.025,42.493
3.430,54.784,0.680,2,5551.136,42.738
3.440,54.933,0.679,2,5566.246,42.983
3.450,55.082,0.679,2,5581.353,43.229
3.460,55.231,0.679,2,5596.458,43.475
3.470,55.380,0.679,2,5611.561,43.723
3.480,55.529,0.679,2,5626.662,43.971
3.490,55.678,0.679,2,5641.760,44.219
3.500,55.827,0.679,2,5656.856,44.468
3.510,55.976,0.679,2,5671.949,44.718
3.520,56.125,0.679,2,5687.040,44.969
3.530,56.274,0.678,2,5702.129,45.220
3.540,56.423,0.678,2,5717.216,45.472
3.550,56.572,0.678,2,5732.300,45.725
3.560,56.720,0.678,2,5747.382,45.978
3.570,56.869,0.678,2,5762.462,46.232
3.580,57.018,0.678,2,5777.539,46.486
3.590,57.167,0.678,2,5792.614,46.741
3.600,57.315,0.678,2,5807.687,46.997
3.610,57.464,0.678,2,5822.757,47.254
3.620,57.613,0.678,2,5837.825,47.511
3.630,57.762,0.606,2,5852.890,47.769
3.640,57.895,0.606,2,5866.367,48.028
3.650,58.028,0.606,2,5879.842,48.287
3.660,58.161,0.606,2,5893.315,48.546
3.670,58.293,0.606,2,5906.786,48.807
3.680,58.426,0.606,2,5920.254,49.068
3.690,58.559,0.606,2,5933.721,49.329
3.700,58.692,0.605,2,5947.185,49.591
3.710,58.825,0.605,2,5960.647,49.854
3.720,58.958,0.605,2,5974.107,50.117
3.730,59.091,0.605,2,5987.565,50.381
3.740,59.223,0.605,2,6001.020,50.645
3.750,59.356,0.605,2,6014.474,50.910
3.760,59.489,0.605,2,6027.925,51.176
3.770,59.622,0.605,2,6041.374,51.442
3.780,59.754,0.605,2,6054.821,51.709
3.790,59.887,0.605,2,6068.265,51.977
3.800,60.020,0.604,2,6081.708,52.245
3.810,60.152,0.604,2,6095.148,52.513
3.820,60.285,0.604,2,6108.586,52.782
3.830,60.418,0.604,2,6122.022,53.052
3.840,60.550,0.604,2,6135.456,53.323
3.850,60.683,0.604,2,6148.887,53.593
3.860,60.815,0.604,2,6162.316,53.865
3.870,60.948,0.604,2,6175.743,54.137
3.880,61.080,0.604,2,6189.168,54.410
3.890,61.213,0.604,2,6202.590,54.683
3.900,61.345,0.603,2,6216.010,54.957
3.910,61.478,0.603,2,6229.428,55.232
3.920,61.610,0.603,2,6242.844,55.507
3.930,61.742,0.603,2,6256.257,55.783
3.940,61.875,0.603,2,6269.668,56.059
3.950,62.007,0.603,2,6283.077,56.336
3.960,62.139,0.603,2,6296.484,56.613
3.970,62.272,0.603,2,6309.888,56.891
3.980,62.404,0.603,2,6323.290,57.170
3.990,62.536,0.603,2,6336.690,57.449
4.000,62.668,0.602,2,6350.087,57.729
4.010,62.801,0.602,2,6363.482,58.010
4.020,62.933,0.602,2,6376.875,58.291
4.030,63.065,0.602,2,6390.266,58.572
4.040,63.197,0.602,2,6403.654,58.855
4.050,63.329,0.602,2,6417.040,59.137
4.060,63.461,0.602,2,6430.424,59.421
4.070,63.593,0.602,2,6443.805,59.705
4.080,63.725,0.602,2,6457.184,59.989
4.090,63.857,0.601,2,6470.560,60.275
4.100,63.989,0.601,2,6483.935,60.560
4.110,64.121,0.601,2,6497.307,60.847
4.120,64.253,0.601,2,6510.676,61.134
4.130,64.385,0.601,2,6524.044,61.421
4.140,64.517,0.601,2,6537.408,61.709
4.150,64.649,0.601,2,6550.771,61.998
4.160,64.781,0.601,2,6564.131,62.287
4.170,64.913,0.601,2,6577.489,62.577
4.180,65.044,0.601,2,6590.844,62.868
4.190,65.176,0.600,2,6604.197,63.159
4.200,65.308,0.600,2,6617.548,63.450
4.210,65.440,0.600,2,6630.896,63.743
4.220,65.571,0.600,2,6644.242,64.035
4.230,65.703,0.600,2,6657.586,64.329
4.240,65.835,0.600,2,6670.927,64.623
4.250,65.966,0.600,2,6684.266,64.917
4.260,66.098,0.600,2,6697.602,65.213
4.270,66.230,0.600,2,6710.936,65.508
4.280,66.361,0.599,2,6724.267,65.805
4.290,66.493,0.599,2,6737.596,66.102
4.300,66.624,0.599,2,6750.923,66.399
4.310,66.756,0.599,2,6764.247,66.697
4.320,66.887,0.599,2,6777.569,66.996
4.330,67.019,0.599,2,6790.888,67.295
4.340,67.150,0.599,2,6804.205,67.595
4.350,67.281,0.599,2,6817.520,67.896
4.360,67.413,0.599,2,6830.832,68.197
4.370,67.544,0.598,2,6844.141,68.499
4.380,67.675,0.598,2,6857.448,68.801
4.390,67.807,0.598,2,6870.753,69.104
4.400,67.938,0.598,2,6884.055,69.407
4.410,68.069,0.598,2,6897.355,69.711
4.420,68.201,0.598,2,6910.652,70.016
4.430,68.332,0.598,2,6923.947,70.321
4.440,68.463,0.598,2,6937.239,70.627
4.450,68.594,0.598,2,6950.529,70.933
4.460,68.725,0.597,2,6963.816,71.240
4.470,68.856,0.597,2,6977.101,71.547
4.480,68.987,0.597,2,6990.383,71.855
4.490,69.118,0.597,2,7003.663,72.164
4.500,69.249,0.597,2,7016.940,72.473
4.510,69.380,0.597,2,7030.215,72.783
4.520,69.511,0.597,2,7043.487,73.094
4.530,69.642,0.597,2,7056.756,73.405
4.540,69.773,0.597,2,7070.024,73.716
4.550,69.904,0.596,2,7083.288,74.029
4.560,70.035,0.596,2,7096.550,74.341
4.570,70.166,0.596,2,7109.810,74.655
4.580,70.297,0.596,2,7123.067,74.969
4.590,70.428,0.596,2,7136.321,75.283
4.600,70.558,0.596,2,7149.573,75.598
4.610,70.689,0.596,2,7162.822,75.914
4.620,70.820,0.596,2,7176.069,76.230
4.630,70.951,0.596,2,7189.313,76.547
4.640,71.081,0.595,2,7202.555,76.865
4.650,71.212,0.595,2,7215.794,77.183
4.660,71.343,0.595,2,7229.031,77.502
4.670,71.473,0.595,2,7242.264,77.821
4.680,71.604,0.595,2,7255.496,78.141
4.690,71.734,0.595,2,7268.725,78.461
4.700,71.865,0.595,2,7281.951,78.782
4.710,71.995,0.595,2,7295.174,79.103
4.720,72.126,0.594,2,7308.395,79.426
4.730,72.256,0.594,2,7321.613,79.748
4.740,72.387,0.594,2,7334.829,80.072
4.750,72.517,0.594,2,7348.042,80.396
4.760,72.647,0.594,2,7361.253,80.720
4.770,72.778,0.594,2,7374.460,81.045
4.780,72.908,0.594,2,7387.666,81.371
4.790,73.038,0.594,2,7400.868,81.697
4.800,73.169,0.594,2,7414.068,82.024
4.810,73.299,0.593,2,7427.265,82.351
4.820,73.429,0.593,2,7440.460,82.679
4.830,73.559,0.593,2,7453.652,83.008
4.840,73.690,0.593,2,7466.841,83.337
4.850,73.820,0.593,2,7480.028,83.666
4.860,73.950,0.593,2,7493.212,83.997
4.870,74.080,0.593,2,7506.393,84.328
4.880,74.210,0.593,2,7519.572,84.659
4.890,74.340,0.592,2,7532.748,84.991
4.900,74.470,0.592,2,7545.921,85.324
4.910,74.600,0.592,2,7559.092,85.657
4.920,74.730,0.592,2,7572.260,85.991
4.930,74.860,0.592,2,7585.425,86.325
4.940,74.990,0.592,2,7598.588,86.660
4.950,75.120,0.592,2,7611.748,86.996
4.960,75.249,0.592,2,7624.905,87.332
4.970,75.379,0.591,2,7638.059,87.668
4.980,75.509,0.484,2,7651.211,88.006
4.990,75.615,0.484,2,7661.981,88.343
5.000,75.722,0.484,2,7672.749,88.682
5.010,75.828,0.484,2,7683.515,89.020
5.020,75.934,0.484,2,7694.278,89.360
5.030,76.040,0.484,2,7705.039,89.699
5.040,76.146,0.484,2,7715.798,90.039
5.050,76.253,0.484,2,7726.555,90.380
5.060,76.359,0.484,2,7737.309,90.721
5.070,76.465,0.483,2,7748.061,91.063
5.080,76.571,0.483,2,7758.811,91.405
5.090,76.677,0.483,2,7769.559,91.747
5.100,76.783,0.483,2,7780.305,92.090
5.110,76.889,0.483,2,7791.048,92.434
5.120,76.995,0.483,2,7801.789,92.778
5.130,77.101,0.483,2,7812.527,93.122
5.140,77.207,0.483,2,7823.264,93.467
5.150,77.313,0.483,2,7833.998,93.813
5.160,77.419,0.483,2,7844.730,94.158
5.170,77.525,0.482,2,7855.459,94.505
5.180,77.631,0.482,2,7866.187,94.852
5.190,77.736,0.482,2,7876.912,95.199
5.200,77.842,0.482,2,7887.634,95.547
5.210,77.948,0.482,2,7898.355,95.895
5.220,78.054,0.482,2,7909.073,96.244
5.230,78.160,0.482,2,7919.789,96.593
5.240,78.265,0.482,2,7930.502,96.942
5.250,78.371,0.482,2,7941.214,97.292
5.260,78.477,0.482,2,7951.923,97.643
5.270,78.582,0.481,2,7962.629,97.994
5.280,78.688,0.481,2,7973.334,98.346
5.290,78.794,0.481,2,7984.036,98.698
5.300,78.899,0.481,2,7994.736,99.050
5.310,79.005,0.481,2,8005.433,99.403
5.320,79.110,0.481,2,8016.128,99.756
5.330,79.216,0.481,2,8026.821,100.110
5.340,79.321,0.481,2,8037.512,100.465
5.350,79.427,0.481,2,8048.200,100.820
5.360,79.532,0.480,2,8058.886,101.175
5.370,79.638,0.480,2,8069.569,101.531
5.380,79.743,0.480,2,8080.251,101.887
5.390,79.849,0.480,2,8090.930,102.244
5.400,79.954,0.480,2,8101.606,102.601
5.410,80.059,0.480,2,8112.280,102.958
5.420,80.165,0.480,2,8122.952,103.317
5.430,80.270,0.480,2,8133.622,103.675
5.440,80.375,0.480,2,8144.289,104.034
5.450,80.480,0.480,2,8154.954,104.394
5.460,80.586,0.479,2,8165.616,104.754
5.470,80.691,0.479,2,8176.277,105.114
5.480,80.796,0.479,2,8186.934,105.475
5.490,80.901,0.479,2,8197.590,105.837
5.500,81.006,0.479,2,8208.243,106.199
5.510,81.111,0.479,2,8218.894,106.561
5.520,81.217,0.479,2,8229.542,106.924
5.530,81.322,0.479,2,8240.188,107.287
5.540,81.427,0.479,2,8250.832,107.651
5.550,81.532,0.478,2,8261.473,108.015
5.560,81.637,0.478,2,8272.112,108.380
5.570,81.742,0.478,2,8282.748,108.745
5.580,81.847,0.478,2,8293.383,109.111
5.590,81.951,0.478,2,8304.014,109.477
5.600,82.056,0.478,2,8314.644,109.843
5.610,82.161,0.478,2,8325.271,110.210
5.620,82.266,0.478,2,8335.895,110.578
5.630,82.371,0.478,2,8346.517,110.946
5.640,82.476,0.477,2,8357.137,111.314
5.650,82.581,0.477,2,8367.755,111.683
5.660,82.685,0.477,2,8378.370,112.053
5.670,82.790,0.477,2,8388.982,112.423
5.680,82.895,0.477,2,8399.593,112.793
5.690,82.999,0.477,2,8410.200,113.164
5.700,83.104,0.477,2,8420.806,113.535
5.710,83.209,0.477,2,8431.409,113.907
5.720,83.313,0.477,2,8442.009,114.279
5.730,83.418,0.477,2,8452.607,114.652
5.740,83.523,0.476,2,8463.203,115.025
5.750,83.627,0.476,2,8473.796,115.398
5.760,83.732,0.476,2,8484.387,115.772
5.770,83.836,0.476,2,8494.976,116.147
5.780,83.941,0.476,2,8505.562,116.522
5.790,84.045,0.476,2,8516.145,116.898
5.800,84.149,0.476,2,8526.727,117.273
5.810,84.254,0.476,2,8537.305,117.650
5.820,84.358,0.476,2,8547.882,118.027
5.830,84.463,0.475,2,8558.455,118.404
5.840,84.567,0.475,2,8569.027,118.782
5.850,84.671,0.475,2,8579.596,119.160
5.860,84.775,0.475,2,8590.162,119.539
5.870,84.880,0.475,2,8600.726,119.918
5.880,84.984,0.475,2,8611.288,120.298
5.890,85.088,0.475,2,8621.847,120.678
5.900,85.192,0.475,2,8632.404,121.059
5.910,85.296,0.475,2,8642.958,121.440
5.920,85.401,0.474,2,8653.510,121.821
5.930,85.505,0.474,2,8664.059,122.203
5.940,85.609,0.474,2,8674.606,122.586
5.950,85.713,0.474,2,8685.150,122.969
5.960,85.817,0.474,2,8695.692,123.352
5.970,85.921,0.474,2,8706.232,123.736
5.980,86.025,0.474,2,8716.769,124.120
5.990,86.129,0.474,2,8727.303,124.505
6.000,86.233,0.474,2,8737.835,124.890
6.010,86.337,0.473,2,8748.364,125.276
6.020,86.441,0.473,2,8758.891,125.662
6.030,86.544,0.473,2,8769.416,126.049
6.040,86.648,0.473,2,8779.938,126.436
6.050,86.752,0.473,2,8790.457,126.824
6.060,86.856,0.473,2,8800.974,127.212
6.070,86.960,0.473,2,8811.489,127.600
6.080,87.063,0.473,2,8822.001,127.989
6.090,87.167,0.473,2,8832.511,128.379
6.100,87.271,0.472,2,8843.018,128.768
6.110,87.375,0.472,2,8853.522,129.159
6.120,87.478,0.472,2,8864.024,129.550
6.130,87.582,0.472,2,8874.524,129.941
6.140,87.685,0.472,2,8885.020,130.333
6.150,87.789,0.472,2,8895.515,130.725
6.160,87.892,0.472,2,8906.007,131.118
6.170,87.996,0.472,2,8916.496,131.511
6.180,88.100,0.472,2,8926.983,131.904
6.190,88.203,0.471,2,8937.467,132.298
6.200,88.306,0.471,2,8947.949,132.693
6.210,88.410,0.471,2,8958.428,133.088
6.220,88.513,0.471,2,8968.905,133.483
6.230,88.617,0.471,2,8979.379,133.879
6.240,88.720,0.471,2,8989.851,134.276
6.250,88.823,-0.064,3,6000.213,134.673
6.260,88.809,-0.064,3,5999.261,135.070
6.270,88.795,-0.064,3,5998.310,135.467
6.280,88.781,-0.064,3,5997.358,135.864
6.290,88.767,-0.064,3,5996.407,136.260
6.300,88.753,-0.064,3,5995.456,136.657
6.310,88.739,-0.064,3,5994.505,137.054
6.320,88.725,-0.064,3,5993.554,137.451
6.330,88.711,-0.064,3,5992.604,137.847
6.340,88.697,-0.064,3,5991.654,138.244
6.350,88.682,-0.064,3,5990.704,138.640
6.360,88.668,-0.064,3,5989.754,139.037
6.370,88.654,-0.064,3,5988.805,139.433
6.380,88.640,-0.064,3,5987.855,139.829
6.390,88.626,-0.064,3,5986.906,140.225
6.400,88.612,-0.064,3,5985.958,140.622
6.410,88.598,-0.064,3,5985.009,141.018
6.420,88.584,-0.064,3,5984.061,141.414
6.430,88.570,-0.064,3,5983.113,141.810
6.440,88.556,-0.064,3,5982.165,142.206
6.450,88.542,0.364,3,5981.217,142.601
6.460,88.622,0.364,3,5986.614,142.997
6.470,88.702,0.364,3,5992.009,143.394
6.480,88.782,0.364,3,5997.402,143.791
6.490,88.861,0.364,3,6002.795,144.188
6.500,88.941,0.364,3,6008.186,144.585
6.510,89.021,0.364,3,6013.576,144.983
6.520,89.101,0.363,3,6018.964,145.381
6.530,89.181,0.363,3,6024.352,145.779
6.540,89.260,0.363,3,6029.737,146.178
6.550,89.340,0.363,3,6035.122,146.578
6.560,89.420,0.363,3,6040.505,146.977
6.570,89.499,0.363,3,6045.887,147.377
6.580,89.579,0.363,3,6051.268,147.777
6.590,89.659,0.363,3,6056.647,148.178
6.600,89.738,0.363,3,6062.025,148.579
6.610,89.818,0.363,3,6067.402,148.980
6.620,89.897,0.363,3,6072.777,149.382
6.630,89.977,0.362,3,6078.151,149.784
6.640,90.057,0.362,3,6083.524,150.186
6.650,90.136,0.362,3,6088.895,150.589
6.660,90.216,0.362,3,6094.265,150.992
6.670,90.295,0.362,3,6099.634,151.396
6.680,90.374,0.362,3,6105.001,151.800
6.690,90.454,0.362,3,6110.367,152.204
6.700,90.533,0.362,3,6115.732,152.608
6.710,90.613,0.362,3,6121.096,153.013
6.720,90.692,0.362,3,6126.458,153.418
6.730,90.771,0.362,3,6131.818,153.824
6.740,90.851,0.361,3,6137.178,154.230
6.750,90.930,0.361,3,6142.536,154.636
6.760,91.009,0.361,3,6147.893,155.043
6.770,91.089,0.361,3,6153.248,155.450
6.780,91.168,0.361,3,6158.602,155.857
6.790,91.247,0.361,3,6163.955,156.265
6.800,91.326,0.361,3,6169.306,156.673
6.810,91.406,0.361,3,6174.656,157.082
6.820,91.485,0.361,3,6180.005,157.490
6.830,91.564,0.361,3,6185.352,157.900
6.840,91.643,0.361,3,6190.698,158.309
6.850,91.722,0.360,3,6196.043,158.719
6.860,91.801,0.360,3,6201.387,159.129
6.870,91.880,0.360,3,6206.729,159.540
6.880,91.959,0.360,3,6212.069,159.951
6.890,92.038,0.360,3,6217.409,160.362
6.900,92.117,0.360,3,6222.747,160.774
6.910,92.196,0.360,3,6228.083,161.186
6.920,92.275,0.360,3,6233.419,161.598
6.930,92.354,0.360,3,6238.752,162.011
6.940,92.433,0.360,3,6244.085,162.424
6.950,92.512,0.360,3,6249.416,162.837
6.960,92.591,0.359,3,6254.746,163.251
6.970,92.670,0.359,3,6260.075,163.665
6.980,92.749,0.359,3,6265.402,164.079
6.990,92.828,0.359,3,6270.728,164.494
7.000,92.907,0.359,3,6276.052,164.909
7.010,92.985,0.359,3,6281.375,165.325
7.020,93.064,0.359,3,6286.697,165.741
7.030,93.143,0.359,3,6292.018,166.157
7.040,93.222,0.359,3,6297.337,166.573
7.050,93.300,0.359,3,6302.655,166.990
7.060,93.379,0.359,3,6307.971,167.408
7.070,93.458,0.358,3,6313.286,167.825
7.080,93.536,0.358,3,6318.600,168.243
7.090,93.615,0.358,3,6323.912,168.661
7.100,93.694,0.358,3,6329.223,169.080
7.110,93.772,0.358,3,6334.532,169.499
7.120,93.851,0.358,3,6339.840,169.919
7.130,93.929,0.358,3,6345.147,170.338
7.140,94.008,0.358,3,6350.453,170.758
7.150,94.086,0.358,3,6355.757,171.179
7.160,94.165,0.358,3,6361.060,171.600
7.170,94.243,0.358,3,6366.361,172.021
7.180,94.322,0.357,3,6371.661,172.442
7.190,94.400,0.357,3,6376.960,172.864
7.200,94.479,0.357,3,6382.257,173.286
7.210,94.557,0.357,3,6387.553,173.709
7.220,94.636,0.357,3,6392.847,174.132
7.230,94.714,0.357,3,6398.140,174.555
7.240,94.792,0.357,3,6403.432,174.978
7.250,94.871,0.357,3,6408.723,175.402
7.260,94.949,0.357,3,6414.012,175.827
7.270,95.027,0.357,3,6419.299,176.251
7.280,95.105,0.357,3,6424.586,176.676
7.290,95.184,0.356,3,6429.871,177.102
7.300,95.262,0.356,3,6435.154,177.527
7.310,95.340,0.356,3,6440.436,177.953
7.320,95.418,0.356,3,6445.717,178.380
7.330,95.496,0.356,3,6450.996,178.806
7.340,95.574,0.356,3,6456.274,179.233
7.350,95.653,0.356,3,6461.551,179.661
7.360,95.731,0.356,3,6466.826,180.089
7.370,95.809,0.356,3,6472.100,180.517
7.380,95.887,0.356,3,6477.373,180.945
7.390,95.965,0.355,3,6482.644,181.374
7.400,96.043,0.355,3,6487.914,181.803
7.410,96.121,0.355,3,6493.182,182.233
7.420,96.199,0.355,3,6498.449,182.663
7.430,96.277,0.355,3,6503.714,183.093
7.440,96.355,0.355,3,6508.979,183.523
7.450,96.433,0.355,3,6514.241,183.954
7.460,96.510,0.355,3,6519.503,184.386
7.470,96.588,0.355,3,6524.763,184.817
7.480,96.666,0.355,3,6530.021,185.249
7.490,96.744,0.355,3,6535.279,185.682
7.500,96.822,0.354,3,6540.534,186.114
7.510,96.900,0.354,3,6545.789,186.547
7.520,96.977,0.354,3,6551.042,186.981
7.530,97.055,0.354,3,6556.294,187.414
7.540,97.133,0.354,3,6561.544,187.848
7.550,97.211,0.354,3,6566.793,188.283
7.560,97.288,0.354,3,6572.040,188.717
7.570,97.366,0.354,3,6577.286,189.153
7.580,97.444,0.354,3,6582.531,189.588
7.590,97.521,0.354,3,6587.774,190.024
7.600,97.599,0.354,3,6593.016,190.460
7.610,97.676,0.353,3,6598.257,190.896
7.620,97.754,0.353,3,6603.496,191.333
7.630,97.831,0.353,3,6608.733,191.770
7.640,97.909,0.353,3,6613.970,192.208
7.650,97.986,0.353,3,6619.204,192.646
7.660,98.064,0.353,3,6624.438,193.084
7.670,98.141,0.353,3,6629.670,193.523
7.680,98.219,0.353,3,6634.901,193.961
7.690,98.296,0.353,3,6640.130,194.401
7.700,98.374,0.353,3,6645.358,194.840
7.710,98.451,0.352,3,6650.584,195.280
7.720,98.528,0.352,3,6655.809,195.720
7.730,98.606,0.352,3,6661.033,196.161
7.740,98.683,0.352,3,6666.255,196.602
7.750,98.760,0.352,3,6671.476,197.043
7.760,98.837,0.352,3,6676.695,197.485
7.770,98.915,0.352,3,6681.913,197.927
7.780,98.992,0.352,3,6687.130,198.369
7.790,99.069,0.352,3,6692.345,198.812
7.800,99.146,0.352,3,6697.559,199.255
7.810,99.223,0.352,3,6702.771,199.699
7.820,99.301,0.351,3,6707.982,200.142
7.830,99.378,0.351,3,6713.191,200.586
7.840,99.455,0.351,3,6718.399,201.031
7.850,99.532,0.351,3,6723.606,201.476
7.860,99.609,0.351,3,6728.811,201.921
7.870,99.686,0.351,3,6734.015,202.366
7.880,99.763,0.351,3,6739.217,202.812
7.890,99.840,0.351,3,6744.418,203.258
7.900,99.917,0.351,3,6749.618,203.705
7.910,99.994,0.351,3,6754.816,204.152
7.920,100.071,0.350,3,6760.013,204.599
7.930,100.148,0.350,3,6765.208,205.046
7.940,100.225,0.350,3,6770.402,205.494
7.950,100.301,0.350,3,6775.594,205.942
7.960,100.378,0.350,3,6780.785,206.391
7.970,100.455,0.350,3,6785.975,206.840
7.980,100.532,0.350,3,6791.163,207.289
7.990,100.609,0.350,3,6796.350,207.739
8.000,100.686,0.350,3,6801.535,208.189
8.010,100.762,0.350,3,6806.719,208.639
8.020,100.839,0.350,3,6811.901,209.089
8.030,100.916,0.349,3,6817.082,209.540
8.040,100.992,0.349,3,6822.262,209.992
8.050,101.069,0.349,3,6827.440,210.443
8.060,101.146,0.349,3,6832.617,210.895
8.070,101.222,0.349,3,6837.792,211.348
8.080,101.299,0.349,3,6842.966,211.800
8.090,101.375,0.349,3,6848.138,212.253
8.100,101.452,0.349,3,6853.309,212.707
8.110,101.528,0.349,3,6858.479,213.160
8.120,101.605,0.349,3,6863.647,213.614
8.130,101.681,0.348,3,6868.814,214.069
8.140,101.758,0.348,3,6873.979,214.524
8.150,101.834,0.348,3,6879.143,214.979
8.160,101.911,0.348,3,6884.305,215.434
8.170,101.987,0.348,3,6889.466,215.890
8.180,102.064,0.348,3,6894.625,216.346
8.190,102.140,0.348,3,6899.784,216.802
8.200,102.216,0.348,3,6904.940,217.259
8.210,102.293,0.348,3,6910.095,217.716
8.220,102.369,0.348,3,6915.249,218.174
8.230,102.445,0.347,3,6920.401,218.631
8.240,102.521,0.347,3,6925.552,219.090
8.250,102.598,0.347,3,6930.701,219.548
8.260,102.674,0.347,3,6935.849,220.007
8.270,102.750,0.347,3,6940.996,220.466
8.280,102.826,0.347,3,6946.141,220.926
8.290,102.902,0.347,3,6951.284,221.385
8.300,102.978,0.347,3,6956.427,221.846
8.310,103.055,0.347,3,6961.567,222.306
8.320,103.131,0.347,3,6966.706,222.767
8.330,103.207,0.346,3,6971.844,223.228
8.340,103.283,0.346,3,6976.981,223.690
8.350,103.359,0.346,3,6982.115,224.152
8.360,103.435,0.346,3,6987.249,224.614
8.370,103.511,0.346,3,6992.381,225.076
8.380,103.587,0.346,3,6997.511,225.539
8.390,103.663,0.346,3,7002.640,226.003
8.400,103.738,0.346,3,7007.768,226.466
8.410,103.814,0.346,3,7012.894,226.930
8.420,103.890,0.346,3,7018.019,227.394
8.430,103.966,0.346,3,7023.142,227.859
8.440,104.042,0.345,3,7028.264,228.324
8.450,104.118,0.345,3,7033.384,228.789
8.460,104.193,0.345,3,7038.503,229.255
8.470,104.269,0.345,3,7043.620,229.721
8.480,104.345,0.345,3,7048.736,230.187
8.490,104.421,0.345,3,7053.851,230.654
8.500,104.496,0.345,3,7058.964,231.121
8.510,104.572,0.345,3,7064.075,231.588
8.520,104.648,0.345,3,7069.186,232.056
8.530,104.723,0.345,3,7074.294,232.524
8.540,104.799,0.344,3,7079.401,232.992
8.550,104.874,0.344,3,7084.507,233.461
8.560,104.950,0.344,3,7089.611,233.930
8.570,105.026,0.344,3,7094.714,234.399
8.580,105.101,0.344,3,7099.815,234.869
8.590,105.177,0.344,3,7104.915,235.339
8.600,105.252,0.344,3,7110.014,235.809
8.610,105.327,0.344,3,7115.110,236.280
8.620,105.403,0.344,3,7120.206,236.751
8.630,105.478,0.344,3,7125.300,237.222
8.640,105.554,0.343,3,7130.392,237.694
8.650,105.629,0.343,3,7135.483,238.166
8.660,105.704,0.343,3,7140.573,238.638
8.670,105.780,0.343,3,7145.661,239.111
8.680,105.855,0.343,3,7150.748,239.584
8.690,105.930,0.343,3,7155.833,240.057
8.700,106.006,0.343,3,7160.916,240.531
8.710,106.081,0.343,3,7165.999,241.005
8.720,106.156,0.343,3,7171.079,241.479
8.730,106.231,0.343,3,7176.158,241.954
8.740,106.306,0.342,3,7181.236,242.429
8.750,106.382,0.342,3,7186.312,242.905
8.760,106.457,0.342,3,7191.387,243.380
8.770,106.532,0.342,3,7196.461,243.856
8.780,106.607,0.342,3,7201.532,244.333
8.790,106.682,0.342,3,7206.603,244.810
8.800,106.757,0.342,3,7211.672,245.287
8.810,106.832,0.342,3,7216.739,245.764
8.820,106.907,0.342,3,7221.805,246.242
8.830,106.982,0.342,3,7226.869,246.720
8.840,107.057,0.341,3,7231.932,247.198
8.850,107.132,0.341,3,7236.994,247.677
8.860,107.207,0.341,3,7242.054,248.156
8.870,107.282,0.341,3,7247.112,248.636
8.880,107.356,0.341,3,7252.169,249.115
8.890,107.431,0.341,3,7257.225,249.595
8.900,107.506,0.341,3,7262.279,250.076
8.910,107.581,0.341,3,7267.331,250.557
8.920,107.656,0.341,3,7272.382,251.038
8.930,107.730,0.341,3,7277.432,251.519
8.940,107.805,0.340,3,7282.480,252.001
8.950,107.880,0.340,3,7287.527,252.483
8.960,107.954,0.340,3,7292.572,252.965
8.970,108.029,0.340,3,7297.615,253.448
8.980,108.104,0.340,3,7302.657,253.931
8.990,108.178,0.340,3,7307.698,254.415
9.000,108.253,0.340,3,7312.737,254.898
9.010,108.328,0.340,3,7317.775,255.383
9.020,108.402,0.340,3,7322.811,255.867
9.030,108.477,0.340,3,7327.846,256.352
9.040,108.551,0.339,3,7332.879,256.837
9.050,108.626,0.339,3,7337.910,257.322
9.060,108.700,0.339,3,7342.941,257.808
9.070,108.775,0.339,3,7347.969,258.294
9.080,108.849,0.339,3,7352.996,258.781
9.090,108.923,0.339,3,7358.022,259.267
9.100,108.998,0.339,3,7363.046,259.754
9.110,109.072,0.339,3,7368.069,260.242
9.120,109.146,0.339,3,7373.090,260.730
9.130,109.221,0.339,3,7378.110,261.218
9.140,109.295,0.338,3,7383.128,261.706
9.150,109.369,0.338,3,7388.145,262.195
9.160,109.444,0.338,3,7393.160,262.684
9.170,109.518,0.338,3,7398.174,263.173
9.180,109.592,0.338,3,7403.186,263.663
9.190,109.666,0.338,3,7408.196,264.153
9.200,109.740,0.338,3,7413.206,264.644
9.210,109.814,0.338,3,7418.213,265.134
9.220,109.889,0.338,3,7423.219,265.626
9.230,109.963,0.338,3,7428.224,266.117
9.240,110.037,0.337,3,7433.227,266.609
9.250,110.111,0.337,3,7438.229,267.101
9.260,110.185,0.337,3,7443.229,267.593
9.270,110.259,0.337,3,7448.228,268.086
9.280,110.333,0.337,3,7453.225,268.579
9.290,110.407,0.337,3,7458.220,269.072
9.300,110.481,0.337,3,7463.214,269.566
9.310,110.554,0.337,3,7468.207,270.060
9.320,110.628,0.337,3,7473.198,270.555
9.330,110.702,0.336,3,7478.188,271.049
9.340,110.776,0.336,3,7483.176,271.544
9.350,110.850,0.336,3,7488.162,272.040
9.360,110.924,0.336,3,7493.147,272.535
9.370,110.997,0.336,3,7498.131,273.031
9.380,111.071,0.336,3,7503.113,273.528
9.390,111.145,0.336,3,7508.093,274.024
9.400,111.219,0.336,3,7513.072,274.521
9.410,111.292,0.336,3,7518.050,275.019
9.420,111.366,0.336,3,7523.025,275.517
9.430,111.440,0.335,3,7528.000,276.015
9.440,111.513,0.335,3,7532.973,276.513
9.450,111.587,0.335,3,7537.944,277.012
9.460,111.660,0.335,3,7542.914,277.511
9.470,111.734,0.335,3,7547.882,278.010
9.480,111.807,0.335,3,7552.849,278.510
9.490,111.881,0.335,3,7557.814,279.010
9.500,111.954,0.335,3,7562.778,279.510
9.510,112.028,0.335,3,7567.740,280.011
9.520,112.101,0.335,3,7572.701,280.511
9.530,112.175,0.334,3,7577.660,281.013
9.540,112.248,0.334,3,7582.618,281.514
9.550,112.322,0.334,3,7587.574,282.016
9.560,112.395,0.334,3,7592.529,282.519
9.570,112.468,0.334,3,7597.482,283.021
9.580,112.541,0.334,3,7602.434,283.524
9.590,112.615,0.334,3,7607.384,284.027
9.600,112.688,0.334,3,7612.332,284.531
9.610,112.761,0.334,3,7617.279,285.035
9.620,112.834,0.334,3,7622.225,285.539
9.630,112.908,0.333,3,7627.169,286.044
9.640,112.981,0.333,3,7632.111,286.549
9.650,113.054,0.333,3,7637.052,287.054
9.660,113.127,0.333,3,7641.991,287.560
9.670,113.200,0.333,3,7646.929,288.065
9.680,113.273,0.262,3,7651.866,288.572
9.690,113.331,0.261,3,7655.743,289.078
9.700,113.388,0.261,3,7659.619,289.585
9.710,113.445,0.261,3,7663.495,290.092
9.720,113.503,0.261,3,7667.368,290.599
9.730,113.560,0.261,3,7671.241,291.107
9.740,113.617,0.261,3,7675.113,291.614
9.750,113.675,0.261,3,7678.983,292.123
9.760,113.732,0.261,3,7682.852,292.631
9.770,113.789,0.261,3,7686.720,293.139
9.780,113.846,0.261,3,7690.586,293.648
9.790,113.904,0.261,3,7694.452,294.157
9.800,113.961,0.261,3,7698.316,294.667
9.810,114.018,0.261,3,7702.179,295.176
9.820,114.075,0.260,3,7706.041,295.686
9.830,114.132,0.260,3,7709.902,296.196
9.840,114.190,0.260,3,7713.761,296.706
9.850,114.247,0.260,3,7717.619,297.217
9.860,114.304,0.260,3,7721.476,297.728
9.870,114.361,0.260,3,7725.332,298.239
9.880,114.418,0.260,3,7729.187,298.750
9.890,114.475,0.260,3,7733.040,299.262
9.900,114.532,0.260,3,7736.892,299.774
9.910,114.589,0.260,3,7740.743,300.286
9.920,114.646,0.260,3,7744.593,300.798
9.930,114.703,0.260,3,7748.442,301.311
9.940,114.760,0.259,3,7752.289,301.824
9.950,114.817,0.259,3,7756.135,302.337
9.960,114.874,0.259,3,7759.980,302.850
9.970,114.931,0.259,3,7763.824,303.364
9.980,114.987,0.259,3,7767.666,303.878
9.990,115.044,0.259,3,7771.508,304.392
10.000,115.101,0.259,3,7775.348,304.907
10.010,115.158,0.259,3,7779.187,305.421
10.020,115.215,0.259,3,7783.024,305.936
10.030,115.272,0.259,3,7786.861,306.451
10.040,115.328,0.259,3,7790.696,306.967
10.050,115.385,0.259,3,7794.530,307.483
10.060,115.442,0.258,3,7798.363,307.998
10.070,115.499,0.258,3,7802.194,308.515
10.080,115.555,0.258,3,7806.025,309.031
10.090,115.612,0.258,3,7809.854,309.548
10.100,115.669,0.258,3,7813.682,310.065
10.110,115.725,0.258,3,7817.509,310.582
10.120,115.782,0.258,3,7821.334,311.099
10.130,115.839,0.258,3,7825.159,311.617
10.140,115.895,0.258,3,7828.982,312.135
10.150,115.952,0.258,3,7832.804,312.653
10.160,116.008,0.258,3,7836.624,313.172
10.170,116.065,0.258,3,7840.444,313.691
10.180,116.121,0.257,3,7844.262,314.210
10.190,116.178,0.257,3,7848.079,314.729
10.200,116.234,0.257,3,7851.895,315.248
10.210,116.291,0.257,3,7855.710,315.768
10.220,116.347,0.257,3,7859.523,316.288
10.230,116.404,0.257,3,7863.335,316.808
10.240,116.460,0.257,3,7867.146,317.329
10.250,116.517,0.257,3,7870.956,317.849
10.260,116.573,0.257,3,7874.765,318.370
10.270,116.629,0.257,3,7878.572,318.892
10.280,116.686,0.257,3,7882.378,319.413
10.290,116.742,0.257,3,7886.183,319.935
10.300,116.798,0.257,3,7889.987,320.457
10.310,116.855,0.256,3,7893.789,320.979
10.320,116.911,0.256,3,7897.591,321.502
10.330,116.967,0.256,3,7901.391,322.025
10.340,117.023,0.256,3,7905.190,322.548
10.350,117.080,0.256,3,7908.987,323.071
10.360,117.136,0.256,3,7912.784,323.594
10.370,117.192,0.256,3,7916.579,324.118
10.380,117.248,0.256,3,7920.373,324.642
10.390,117.304,0.256,3,7924.165,325.166
10.400,117.360,0.256,3,7927.957,325.691
10.410,117.416,0.256,3,7931.747,326.216
10.420,117.473,0.256,3,7935.536,326.741
10.430,117.529,0.255,3,7939.324,327.266
10.440,117.585,0.255,3,7943.111,327.792
10.450,117.641,0.255,3,7946.896,328.317
10.460,117.697,0.255,3,7950.681,328.843
10.470,117.753,0.255,3,7954.464,329.370
10.480,117.809,0.255,3,7958.245,329.896
10.490,117.865,0.255,3,7962.026,330.423
10.500,117.921,0.255,3,7965.805,330.950
10.510,117.977,0.255,3,7969.583,331.477
10.520,118.032,0.255,3,7973.360,332.005
10.530,118.088,0.255,3,7977.136,332.533
10.540,118.144,0.255,3,7980.911,333.061
10.550,118.200,0.254,3,7984.684,333.589
10.560,118.256,0.254,3,7988.456,334.117
10.570,118.312,0.254,3,7992.227,334.646
10.580,118.368,0.254,3,7995.996,335.175
10.590,118.423,0.254,3,7999.765,335.704
10.600,118.479,0.254,3,8003.532,336.234
10.610,118.535,0.254,3,8007.298,336.764
10.620,118.591,0.254,3,8011.062,337.294
10.630,118.646,0.254,3,8014.826,337.824
10.640,118.702,0.254,3,8018.588,338.355
10.650,118.758,0.254,3,8022.349,338.885
10.660,118.813,0.254,3,8026.109,339.416
10.670,118.869,0.253,3,8029.867,339.948
10.680,118.925,0.253,3,8033.625,340.479
10.690,118.980,0.253,3,8037.381,341.011
10.700,119.036,0.253,3,8041.136,341.543
10.710,119.091,0.253,3,8044.889,342.075
10.720,119.147,0.253,3,8048.642,342.608
10.730,119.202,0.253,3,8052.393,343.140
10.740,119.258,0.253,3,8056.143,343.673
10.750,119.313,0.253,3,8059.892,344.207
10.760,119.369,0.253,3,8063.640,344.740
10.770,119.424,0.253,3,8067.386,345.274
10.780,119.480,0.253,3,8071.131,345.808
10.790,119.535,0.252,3,8074.875,346.342
10.800,119.591,0.252,3,8078.618,346.877
10.810,119.646,0.252,3,8082.359,347.411
10.820,119.701,0.252,3,8086.099,347.946
10.830,119.757,0.252,3,8089.838,348.482
10.840,119.812,0.252,3,8093.576,349.017
10.850,119.867,0.252,3,8097.313,349.553
10.860,119.923,0.252,3,8101.048,350.089
10.870,119.978,0.252,3,8104.782,350.625
10.880,120.033,0.252,3,8108.515,351.161
10.890,120.088,0.252,3,8112.246,351.698
10.900,120.144,0.252,3,8115.977,352.235
10.910,120.199,0.251,3,8119.706,352.772
10.920,120.254,0.251,3,8123.434,353.310
10.930,120.309,0.251,3,8127.161,353.848
10.940,120.364,0.251,3,8130.886,354.385
10.950,120.419,0.251,3,8134.610,354.924
10.960,120.475,0.251,3,8138.334,355.462
10.970,120.530,0.251,3,8142.055,356.001
10.980,120.585,0.251,3,8145.776,356.540
10.990,120.640,0.251,3,8149.495,357.079
11.000,120.695,0.251,3,8153.213,357.618
11.010,120.750,0.251,3,8156.930,358.158
11.020,120.805,0.251,3,8160.646,358.698
11.030,120.860,0.250,3,8164.360,359.238
11.040,120.915,0.250,3,8168.074,359.779
11.050,120.970,0.250,3,8171.786,360.319
11.060,121.025,0.250,3,8175.496,360.860
11.070,121.080,0.250,3,8179.206,361.401
11.080,121.135,0.250,3,8182.914,361.943
11.090,121.189,0.250,3,8186.621,362.484
11.100,121.244,0.250,3,8190.327,363.026
11.110,121.299,0.250,3,8194.032,363.568
11.120,121.354,0.250,3,8197.735,364.111
11.130,121.409,0.250,3,8201.437,364.653
11.140,121.464,0.250,3,8205.138,365.196
11.150,121.518,0.249,3,8208.838,365.739
11.160,121.573,0.249,3,8212.536,366.283
11.170,121.628,0.249,3,8216.234,366.826
11.180,121.682,0.249,3,8219.930,367.370
11.190,121.737,0.249,3,8223.624,367.914
11.200,121.792,0.249,3,8227.318,368.459
11.210,121.847,0.249,3,8231.010,369.003
11.220,121.901,0.249,3,8234.701,369.548
11.230,121.956,0.249,3,8238.391,370.093
11.240,122.010,0.249,3,8242.080,370.638
11.250,122.065,0.249,3,8245.767,371.184
11.260,122.120,0.249,3,8249.453,371.730
11.270,122.174,0.248,3,8253.138,372.276
11.280,122.229,0.248,3,8256.822,372.822
11.290,122.283,0.248,3,8260.504,373.369
11.300,122.338,0.248,3,8264.185,373.915
11.310,122.392,0.248,3,8267.865,374.462
11.320,122.447,0.248,3,8271.544,375.010
11.330,122.501,0.248,3,8275.222,375.557
11.340,122.555,0.248,3,8278.898,376.105
11.350,122.610,0.248,3,8282.573,376.653
11.360,122.664,0.248,3,8286.247,377.201
11.370,122.719,0.248,3,8289.919,377.750
11.380,122.773,0.248,3,8293.591,378.298
11.390,122.827,0.247,3,8297.261,378.847
11.400,122.882,0.247,3,8300.930,379.396
11.410,122.936,0.247,3,8304.597,379.946
11.420,122.990,0.247,3,8308.264,380.496
11.430,123.044,0.247,3,8311.929,381.046
11.440,123.099,0.247,3,8315.593,381.596
11.450,123.153,0.247,3,8319.256,382.146
11.460,123.207,0.247,3,8322.917,382.697
11.470,123.261,0.247,3,8326.577,383.248
11.480,123.315,0.247,3,8330.236,383.799
11.490,123.370,0.247,3,8333.894,384.350
11.500,123.424,0.247,3,8337.551,384.902
11.510,123.478,0.246,3,8341.206,385.454
11.520,123.532,0.246,3,8344.860,386.006
11.530,123.586,0.246,3,8348.513,386.558
11.540,123.640,0.246,3,8352.164,387.111
11.550,123.694,0.246,3,8355.815,387.664
11.560,123.748,0.246,3,8359.464,388.217
11.570,123.802,0.246,3,8363.112,388.770
11.580,123.856,0.246,3,8366.758,389.324
11.590,123.910,0.246,3,8370.404,389.877
11.600,123.964,0.246,3,8374.048,390.431
11.610,124.018,0.246,3,8377.691,390.986
11.620,124.072,0.246,3,8381.333,391.540
11.630,124.126,0.245,3,8384.973,392.095
11.640,124.180,0.245,3,8388.612,392.650
11.650,124.233,0.245,3,8392.250,393.205
11.660,124.287,0.245,3,8395.887,393.761
11.670,124.341,0.245,3,8399.523,394.317
11.680,124.395,0.245,3,8403.157,394.873
11.690,124.449,0.245,3,8406.790,395.429
11.700,124.502,0.245,3,8410.422,395.985
11.710,124.556,0.245,3,8414.052,396.542
11.720,124.610,0.245,3,8417.682,397.099
11.730,124.664,0.245,3,8421.310,397.656
11.740,124.717,0.245,3,8424.936,398.213
11.750,124.771,0.244,3,8428.562,398.771
11.760,124.825,0.244,3,8432.186,399.329
11.770,124.878,0.244,3,8435.810,399.887
11.780,124.932,0.244,3,8439.431,400.445
11.790,124.985,0.244,3,8443.052,401.004
11.800,125.039,0.244,3,8446.672,401.563
11.810,125.093,0.244,3,8450.290,402.122
11.820,125.146,0.244,3,8453.907,402.681
11.830,125.200,0.244,3,8457.522,403.241
11.840,125.253,0.244,3,8461.137,403.801
11.850,125.307,0.244,3,8464.750,404.361
11.860,125.360,0.244,3,8468.362,404.921
11.870,125.414,0.243,3,8471.973,405.482
11.880,125.467,0.243,3,8475.582,406.042
11.890,125.520,0.243,3,8479.190,406.603
11.900,125.574,0.243,3,8482.798,407.165
11.910,125.627,0.243,3,8486.403,407.726
11.920,125.681,0.243,3,8490.008,408.288
11.930,125.734,0.243,3,8493.611,408.850
11.940,125.787,0.243,3,8497.213,409.412
11.950,125.841,0.243,3,8500.814,409.974
11.960,125.894,0.243,3,8504.414,410.537
11.970,125.947,0.243,3,8508.012,411.100
11.980,126.000,0.243,3,8511.609,411.663
11.990,126.054,0.242,3,8515.205,412.227
12.000,126.107,0.242,3,8518.800,412.790
12.010,126.160,0.242,3,8522.393,413.354
12.020,126.213,0.242,3,8525.985,413.918
12.030,126.266,0.242,3,8529.576,414.483
12.040,126.319,0.242,3,8533.166,415.047
12.050,126.373,0.242,3,8536.754,415.612
12.060,126.426,0.242,3,8540.341,416.177
12.070,126.479,0.242,3,8543.927,416.742
12.080,126.532,0.242,3,8547.512,417.308
12.090,126.585,0.242,3,8551.095,417.874
12.100,126.638,0.242,3,8554.677,418.440
12.110,126.691,0.241,3,8558.258,419.006
12.120,126.744,0.241,3,8561.838,419.572
12.130,126.797,0.241,3,8565.417,420.139
12.140,126.850,0.241,3,8568.994,420.706
12.150,126.903,0.241,3,8572.570,421.273
12.160,126.956,0.241,3,8576.145,421.841
12.170,127.009,0.241,3,8579.718,422.408
12.180,127.061,0.241,3,8583.290,422.976
12.190,127.114,0.241,3,8586.861,423.544
12.200,127.167,0.241,3,8590.431,424.113
12.210,127.220,0.241,3,8594.000,424.681
12.220,127.273,0.241,3,8597.567,425.250
12.230,127.326,0.240,3,8601.133,425.819
12.240,127.378,0.240,3,8604.698,426.388
12.250,127.431,0.240,3,8608.261,426.958
12.260,127.484,0.240,3,8611.824,427.528
12.270,127.537,0.240,3,8615.385,428.098
12.280,127.589,0.240,3,8618.945,428.668
12.290,127.642,0.240,3,8622.503,429.239
12.300,127.695,0.240,3,8626.061,429.809
12.310,127.747,0.240,3,8629.617,430.380
12.320,127.800,0.240,3,8633.172,430.951
12.330,127.852,0.240,3,8636.725,431.523
12.340,127.905,0.240,3,8640.278,432.095
12.350,127.958,0.239,3,8643.829,432.666
12.360,128.010,0.239,3,8647.379,433.239
12.370,128.063,0.239,3,8650.927,433.811
12.380,128.115,0.239,3,8654.475,434.384
12.390,128.168,0.239,3,8658.021,434.956
12.400,128.220,0.239,3,8661.566,435.529
12.410,128.273,0.239,3,8665.109,436.103
12.420,128.325,0.239,3,8668.652,436.676
12.430,128.378,0.239,3,8672.193,437.250
12.440,128.430,0.239,3,8675.733,437.824
12.450,128.482,0.239,3,8679.272,438.398
12.460,128.535,0.239,3,8682.809,438.973
12.470,128.587,0.238,3,8686.345,439.548
12.480,128.639,0.238,3,8689.880,440.123
12.490,128.692,0.238,3,8693.414,440.698
12.500,128.744,0.238,3,8696.946,441.273
12.510,128.796,0.238,3,8700.478,441.849
12.520,128.848,0.238,3,8704.008,442.425
12.530,128.901,0.238,3,8707.536,443.001
12.540,128.953,0.238,3,8711.064,443.577
12.550,129.005,0.238,3,8714.590,444.154
12.560,129.057,0.238,3,8718.115,444.731
12.570,129.109,0.238,3,8721.639,445.308
12.580,129.162,0.238,3,8725.161,445.885
12.590,129.214,0.237,3,8728.682,446.462
12.600,129.266,0.237,3,8732.203,447.040
12.610,129.318,0.237,3,8735.721,447.618
12.620,129.370,0.237,3,8739.239,448.196
12.630,129.422,0.237,3,8742.755,448.775
12.640,129.474,0.237,3,8746.270,449.354
12.650,129.526,0.237,3,8749.784,449.932
12.660,129.578,0.237,3,8753.296,450.512
12.670,129.630,0.237,3,8756.808,451.091
12.680,129.682,0.237,3,8760.318,451.671
12.690,129.734,0.237,3,8763.827,452.250
12.700,129.786,0.237,3,8767.334,452.830
12.710,129.838,0.236,3,8770.840,453.411
12.720,129.890,0.236,3,8774.345,453.991
12.730,129.942,0.236,3,8777.849,454.572
12.740,129.993,0.236,3,8781.352,455.153
12.750,130.045,0.236,3,8784.853,455.734
12.760,130.097,0.236,3,8788.353,456.316
12.770,130.149,0.236,3,8791.852,456.898
12.780,130.201,0.236,3,8795.350,457.479
12.790,130.252,0.236,3,8798.846,458.062
12.800,130.304,0.236,3,8802.341,458.644
12.810,130.356,0.236,3,8805.835,459.227
12.820,130.408,0.236,3,8809.328,459.810
12.830,130.459,0.235,3,8812.819,460.393
12.840,130.511,0.235,3,8816.309,460.976
12.850,130.563,0.235,3,8819.798,461.559
12.860,130.614,0.235,3,8823.285,462.143
12.870,130.666,0.235,3,8826.772,462.727
12.880,130.717,0.235,3,8830.257,463.312
12.890,130.769,0.235,3,8833.741,463.896
12.900,130.821,0.235,3,8837.223,464.481
12.910,130.872,0.235,3,8840.705,465.066
12.920,130.924,0.235,3,8844.185,465.651
12.930,130.975,0.235,3,8847.664,466.236
12.940,131.027,0.235,3,8851.141,466.822
12.950,131.078,0.234,3,8854.618,467.408
12.960,131.129,0.234,3,8858.093,467.994
12.970,131.181,0.234,3,8861.567,468.580
12.980,131.232,0.234,3,8865.039,469.167
12.990,131.284,0.234,3,8868.511,469.753
13.000,131.335,0.234,3,8871.981,470.340
13.010,131.386,0.234,3,8875.450,470.928
13.020,131.438,0.234,3,8878.918,471.515
13.030,131.489,0.234,3,8882.384,472.103
13.040,131.540,0.234,3,8885.849,472.691
13.050,131.592,0.234,3,8889.313,473.279
13.060,131.643,0.234,3,8892.776,473.867
13.070,131.694,0.233,3,8896.237,474.456
13.080,131.745,0.233,3,8899.697,475.045
13.090,131.797,0.233,3,8903.156,475.634
13.100,131.848,0.233,3,8906.614,476.223
13.110,131.899,0.233,3,8910.070,476.813
13.120,131.950,0.233,3,8913.525,477.402
13.130,132.001,0.233,3,8916.979,477.992
13.140,132.052,0.233,3,8920.432,478.583
13.150,132.103,0.233,3,8923.883,479.173
13.160,132.154,0.233,3,8927.334,479.764
13.170,132.206,0.233,3,8930.783,480.355
13.180,132.257,0.232,3,8934.230,480.946
13.190,132.308,0.232,3,8937.677,481.537
13.200,132.359,0.232,3,8941.122,482.129
13.210,132.410,0.232,3,8944.566,482.720
13.220,132.461,0.232,3,8948.008,483.312
13.230,132.511,0.232,3,8951.450,483.905
13.240,132.562,0.232,3,8954.890,484.497
13.250,132.613,0.232,3,8958.329,485.090
13.260,132.664,0.232,3,8961.767,485.683
13.270,132.715,0.232,3,8965.203,486.276
13.280,132.766,0.232,3,8968.638,486.869
13.290,132.817,0.232,3,8972.072,487.463
13.300,132.868,0.231,3,8975.505,488.057
13.310,132.918,0.231,3,8978.936,488.651
13.320,132.969,0.231,3,8982.367,489.245
13.330,133.020,0.231,3,8985.796,489.840
13.340,133.071,0.231,3,8989.223,490.435
13.350,133.121,0.231,3,8992.650,491.030
13.360,133.172,0.231,3,8996.075,491.625
13.370,133.223,0.231,3,8999.499,492.220
13.380,133.273,-0.126,4,6430.658,492.816
13.390,133.246,-0.126,4,6429.326,493.412
13.400,133.218,-0.126,4,6427.994,494.007
13.410,133.191,-0.126,4,6426.663,494.603
13.420,133.163,-0.126,4,6425.333,495.198
13.430,133.135,-0.126,4,6424.002,495.793
13.440,133.108,-0.126,4,6422.673,496.388
13.450,133.080,-0.125,4,6421.343,496.983
13.460,133.053,-0.125,4,6420.015,497.578
13.470,133.025,-0.125,4,6418.686,498.173
13.480,132.998,-0.125,4,6417.359,498.768
13.490,132.970,-0.125,4,6416.031,499.362
13.500,132.943,-0.125,4,6414.704,499.956
13.510,132.915,-0.125,4,6413.378,500.551
13.520,132.888,-0.125,4,6412.052,501.145
13.530,132.860,-0.125,4,6410.727,501.739
13.540,132.833,-0.125,4,6409.402,502.333
13.550,132.805,-0.125,4,6408.078,502.926
13.560,132.778,-0.125,4,6406.754,503.520
13.570,132.751,-0.125,4,6405.430,504.114
13.580,132.723,0.181,4,6404.107,504.707
13.590,132.763,0.181,4,6406.021,505.300
13.600,132.802,0.181,4,6407.935,505.894
13.610,132.842,0.181,4,6409.847,506.488
13.620,132.882,0.181,4,6411.760,507.082
13.630,132.921,0.180,4,6413.671,507.676
13.640,132.961,0.180,4,6415.582,508.270
13.650,133.001,0.180,4,6417.491,508.865
13.660,133.040,0.180,4,6419.401,509.459
13.670,133.080,0.180,4,6421.309,510.054
13.680,133.119,0.180,4,6423.217,510.649
13.690,133.159,0.180,4,6425.124,511.244
13.700,133.198,0.180,4,6427.031,511.840
13.710,133.238,0.180,4,6428.937,512.435
13.720,133.277,0.180,4,6430.842,513.031
13.730,133.317,0.180,4,6432.746,513.627
13.740,133.356,0.180,4,6434.650,514.223
13.750,133.396,0.180,4,6436.553,514.819
13.760,133.435,0.180,4,6438.455,515.415
13.770,133.474,0.180,4,6440.357,516.012
13.780,133.514,0.179,4,6442.258,516.609
13.790,133.553,0.179,4,6444.158,517.206
13.800,133.593,0.179,4,6446.057,517.803
13.810,133.632,0.179,4,6447.956,518.400
13.820,133.671,0.179,4,6449.854,518.998
13.830,133.711,0.179,4,6451.752,519.595
13.840,133.750,0.179,4,6453.649,520.193
13.850,133.789,0.179,4,6455.545,520.791
13.860,133.828,0.179,4,6457.440,521.389
13.870,133.868,0.179,4,6459.335,521.988
13.880,133.907,0.179,4,6461.229,522.586
13.890,133.946,0.179,4,6463.122,523.185
13.900,133.985,0.179,4,6465.015,523.784
13.910,134.025,0.179,4,6466.906,524.383
13.920,134.064,0.179,4,6468.798,524.982
13.930,134.103,0.178,4,6470.688,525.582
13.940,134.142,0.178,4,6472.578,526.181
13.950,134.181,0.178,4,6474.467,526.781
13.960,134.220,0.178,4,6476.356,527.381
13.970,134.260,0.178,4,6478.243,527.981
13.980,134.299,0.178,4,6480.130,528.581
13.990,134.338,0.178,4,6482.017,529.182
14.000,134.377,0.178,4,6483.902,529.782
14.010,134.416,0.178,4,6485.787,530.383
14.020,134.455,0.178,4,6487.671,530.984
14.030,134.494,0.178,4,6489.555,531.585
14.040,134.533,0.178,4,6491.438,532.187
14.050,134.572,0.178,4,6493.320,532.788
14.060,134.611,0.178,4,6495.202,533.390
14.070,134.650,0.178,4,6497.082,533.992
14.080,134.689,0.177,4,6498.962,534.594
14.090,134.728,0.177,4,6500.842,535.196
14.100,134.767,0.177,4,6502.721,535.798
14.110,134.806,0.177,4,6504.599,536.401
14.120,134.845,0.177,4,6506.476,537.003
14.130,134.884,0.177,4,6508.353,537.606
14.140,134.922,0.177,4,6510.229,538.209
14.150,134.961,0.177,4,6512.104,538.813
14.160,135.000,0.177,4,6513.978,539.416
14.170,135.039,0.177,4,6515.852,540.020
14.180,135.078,0.177,4,6517.725,540.623
14.190,135.117,0.177,4,6519.598,541.227
14.200,135.155,0.177,4,6521.470,541.831
14.210,135.194,0.177,4,6523.341,542.436
14.220,135.233,0.177,4,6525.211,543.040
14.230,135.272,0.177,4,6527.081,543.645
14.240,135.310,0.176,4,6528.950,544.250
14.250,135.349,0.176,4,6530.818,544.855
14.260,135.388,0.176,4,6532.686,545.460
14.270,135.427,0.176,4,6534.553,546.065
14.280,135.465,0.176,4,6536.419,546.671
14.290,135.504,0.176,4,6538.285,547.276
14.300,135.543,0.176,4,6540.149,547.882
14.310,135.581,0.176,4,6542.014,548.488
14.320,135.620,0.176,4,6543.877,549.094
14.330,135.658,0.176,4,6545.740,549.701
14.340,135.697,0.176,4,6547.602,550.307
14.350,135.736,0.176,4,6549.463,550.914
14.360,135.774,0.176,4,6551.324,551.521
14.370,135.813,0.176,4,6553.184,552.128
14.380,135.851,0.176,4,6555.043,552.735
14.390,135.890,0.175,4,6556.902,553.342
14.400,135.928,0.175,4,6558.760,553.950
14.410,135.967,0.175,4,6560.617,554.558
14.420,136.005,0.175,4,6562.474,555.166
14.430,136.044,0.175,4,6564.330,555.774
14.440,136.082,0.175,4,6566.185,556.382
14.450,136.121,0.175,4,6568.039,556.990
14.460,136.159,0.175,4,6569.893,557.599
14.470,136.197,0.175,4,6571.746,558.208
14.480,136.236,0.175,4,6573.599,558.817
14.490,136.274,0.175,4,6575.450,559.426
14.500,136.313,0.175,4,6577.301,560.035
14.510,136.351,0.175,4,6579.152,560.645
14.520,136.389,0.175,4,6581.001,561.254
14.530,136.428,0.175,4,6582.850,561.864
14.540,136.466,0.174,4,6584.699,562.474
14.550,136.504,0.174,4,6586.546,563.084
14.560,136.542,0.174,4,6588.393,563.694
14.570,136.581,0.174,4,6590.239,564.305
14.580,136.619,0.174,4,6592.085,564.916
14.590,136.657,0.174,4,6593.930,565.526
14.600,136.695,0.174,4,6595.774,566.137
14.610,136.734,0.174,4,6597.617,566.749
14.620,136.772,0.174,4,6599.460,567.360
14.630,136.810,0.174,4,6601.302,567.971
14.640,136.848,0.174,4,6603.143,568.583
14.650,136.886,0.174,4,6604.984,569.195
14.660,136.924,0.174,4,6606.824,569.807
14.670,136.963,0.174,4,6608.663,570.419
14.680,137.001,0.174,4,6610.502,571.032
14.690,137.039,0.174,4,6612.340,571.644
14.700,137.077,0.173,4,6614.177,572.257
14.710,137.115,0.173,4,6616.014,572.870
14.720,137.153,0.173,4,6617.849,573.483
14.730,137.191,0.173,4,6619.685,574.096
14.740,137.229,0.173,4,6621.519,574.709
14.750,137.267,0.173,4,6623.353,575.323
14.760,137.305,0.173,4,6625.186,575.937
14.770,137.343,0.173,4,6627.018,576.550
14.780,137.381,0.173,4,6628.850,577.164
14.790,137.419,0.173,4,6630.681,577.779
14.800,137.457,0.173,4,6632.511,578.393
14.810,137.495,0.173,4,6634.341,579.008
14.820,137.533,0.173,4,6636.170,579.622
14.830,137.570,0.173,4,6637.998,580.237
14.840,137.608,0.173,4,6639.826,580.852
14.850,137.646,0.172,4,6641.653,581.468
14.860,137.684,0.172,4,6643.479,582.083
14.870,137.722,0.172,4,6645.304,582.699
14.880,137.760,0.172,4,6647.129,583.314
14.890,137.798,0.172,4,6648.953,583.930
14.900,137.835,0.172,4,6650.777,584.546
14.910,137.873,0.172,4,6652.600,585.163
14.920,137.911,0.172,4,6654.422,585.779
14.930,137.949,0.172,4,6656.243,586.396
14.940,137.986,0.172,4,6658.064,587.012
14.950,138.024,0.172,4,6659.884,587.629
14.960,138.062,0.172,4,6661.703,588.247
14.970,138.099,0.172,4,6663.522,588.864
14.980,138.137,0.172,4,6665.340,589.481
14.990,138.175,0.172,4,6667.157,590.099
15.000,138.212,0.171,4,6668.974,590.717
15.010,138.250,0.171,4,6670.789,591.335
15.020,138.288,0.171,4,6672.605,591.953
15.030,138.325,0.171,4,6674.419,592.571
15.040,138.363,0.171,4,6676.233,593.189
15.050,138.400,0.171,4,6678.046,593.808
15.060,138.438,0.171,4,6679.859,594.427
15.070,138.476,0.171,4,6681.670,595.046
15.080,138.513,0.171,4,6683.481,595.665
15.090,138.551,0.171,4,6685.292,596.284
15.100,138.588,0.171,4,6687.102,596.904
15.110,138.626,0.171,4,6688.911,597.523
15.120,138.663,0.171,4,6690.719,598.143
15.130,138.701,0.171,4,6692.527,598.763
15.140,138.738,0.171,4,6694.333,599.383
15.150,138.775,0.171,4,6696.140,600.004
15.160,138.813,0.170,4,6697.945,600.624
15.170,138.850,0.170,4,6699.750,601.245
15.180,138.888,0.170,4,6701.554,601.865
15.190,138.925,0.170,4,6703.358,602.486
15.200,138.962,0.170,4,6705.161,603.107
15.210,139.000,0.170,4,6706.963,603.729
15.220,139.037,0.170,4,6708.764,604.350
15.230,139.074,0.170,4,6710.565,604.972
15.240,139.112,0.170,4,6712.365,605.594
15.250,139.149,0.170,4,6714.165,606.216
15.260,139.186,0.170,4,6715.963,606.838
15.270,139.224,0.170,4,6717.761,607.460
15.280,139.261,0.170,4,6719.559,608.083
15.290,139.298,0.170,4,6721.356,608.705
15.300,139.335,0.170,4,6723.152,609.328
15.310,139.372,0.169,4,6724.947,609.951
15.320,139.410,0.169,4,6726.741,610.574
15.330,139.447,0.169,4,6728.535,611.197
15.340,139.484,0.169,4,6730.329,611.821
15.350,139.521,0.169,4,6732.121,612.444
15.360,139.558,0.169,4,6733.913,613.068
15.370,139.595,0.169,4,6735.704,613.692
15.380,139.632,0.169,4,6737.495,614.316
15.390,139.670,0.169,4,6739.285,614.941
15.400,139.707,0.169,4,6741.074,615.565
15.410,139.744,0.169,4,6742.862,616.190
15.420,139.781,0.169,4,6744.650,616.815
15.430,139.818,0.169,4,6746.437,617.440
15.440,139.855,0.169,4,6748.223,618.065
15.450,139.892,0.169,4,6750.009,618.690
15.460,139.929,0.169,4,6751.794,619.315
15.470,139.966,0.168,4,6753.579,619.941
15.480,140.003,0.168,4,6755.362,620.567
15.490,140.040,0.168,4,6757.145,621.193
15.500,140.077,0.168,4,6758.927,621.819
15.510,140.114,0.168,4,6760.709,622.445
15.520,140.151,0.168,4,6762.490,623.072
15.530,140.187,0.168,4,6764.270,623.698
15.540,140.224,0.168,4,6766.050,624.325
15.550,140.261,0.168,4,6767.829,624.952
15.560,140.298,0.168,4,6769.607,625.579
15.570,140.335,0.168,4,6771.384,626.206
15.580,140.372,0.168,4,6773.161,626.834
15.590,140.408,0.168,4,6774.937,627.461
15.600,140.445,0.168,4,6776.713,628.089
15.610,140.482,0.168,4,6778.488,628.717
15.620,140.519,0.167,4,6780.262,629.345
15.630,140.556,0.167,4,6782.035,629.973
15.640,140.592,0.167,4,6783.808,630.602
15.650,140.629,0.167,4,6785.580,631.230
15.660,140.666,0.167,4,6787.351,631.859
15.670,140.702,0.167,4,6789.122,632.488
15.680,140.739,0.167,4,6790.892,633.117
15.690,140.776,0.167,4,6792.661,633.746
15.700,140.812,0.167,4,6794.430,634.376
15.710,140.849,0.167,4,6796.198,635.005
15.720,140.886,0.167,4,6797.965,635.635
15.730,140.922,0.167,4,6799.732,636.265
15.740,140.959,0.167,4,6801.498,636.895
15.750,140.996,0.167,4,6803.263,637.525
15.760,141.032,0.167,4,6805.028,638.156
15.770,141.069,0.167,4,6806.791,638.786
15.780,141.105,0.166,4,6808.555,639.417
15.790,141.142,0.166,4,6810.317,640.048
15.800,141.178,0.166,4,6812.079,640.679
15.810,141.215,0.166,4,6813.840,641.310
15.820,141.251,0.166,4,6815.601,641.941
15.830,141.288,0.166,4,6817.360,642.573
15.840,141.324,0.166,4,6819.119,643.205
15.850,141.361,0.166,4,6820.878,643.836
15.860,141.397,0.166,4,6822.636,644.468
15.870,141.433,0.166,4,6824.393,645.101
15.880,141.470,0.166,4,6826.149,645.733
15.890,141.506,0.166,4,6827.905,646.365
15.900,141.543,0.166,4,6829.660,646.998
15.910,141.579,0.166,4,6831.414,647.631
15.920,141.615,0.166,4,6833.168,648.264
15.930,141.652,0.165,4,6834.921,648.897
15.940,141.688,0.165,4,6836.673,649.530
15.950,141.724,0.165,4,6838.425,650.164
15.960,141.761,0.165,4,6840.176,650.798
15.970,141.797,0.165,4,6841.926,651.431
15.980,141.833,0.165,4,6843.676,652.065
15.990,141.869,0.165,4,6845.424,652.699
16.000,141.906,0.165,4,6847.173,653.334
16.010,141.942,0.165,4,6848.920,653.968
16.020,141.978,0.165,4,6850.667,654.603
16.030,142.014,0.165,4,6852.413,655.238
16.040,142.050,0.165,4,6854.159,655.873
16.050,142.086,0.165,4,6855.904,656.508
16.060,142.123,0.165,4,6857.648,657.143
16.070,142.159,0.165,4,6859.391,657.778
16.080,142.195,0.165,4,6861.134,658.414
16.090,142.231,0.164,4,6862.876,659.050
16.100,142.267,0.164,4,6864.618,659.686
16.110,142.303,0.164,4,6866.358,660.322
16.120,142.339,0.164,4,6868.098,660.958
16.130,142.375,0.164,4,6869.838,661.594
16.140,142.411,0.164,4,6871.577,662.231
16.150,142.447,0.164,4,6873.315,662.868
16.160,142.483,0.164,4,6875.052,663.504
16.170,142.519,0.164,4,6876.789,664.141
16.180,142.555,0.164,4,6878.525,664.779
16.190,142.591,0.164,4,6880.260,665.416
16.200,142.627,0.164,4,6881.995,666.054
16.210,142.663,0.164,4,6883.729,666.691
16.220,142.699,0.164,4,6885.462,667.329
16.230,142.735,0.164,4,6887.195,667.967
16.240,142.771,0.164,4,6888.927,668.605
16.250,142.807,0.163,4,6890.658,669.244
16.260,142.843,0.163,4,6892.388,669.882
16.270,142.878,0.163,4,6894.118,670.521
16.280,142.914,0.163,4,6895.848,671.159
16.290,142.950,0.163,4,6897.576,671.798
16.300,142.986,0.163,4,6899.304,672.438
16.310,143.022,0.163,4,6901.031,673.077
16.320,143.058,0.163,4,6902.758,673.716
16.330,143.093,0.163,4,6904.484,674.356
16.340,143.129,0.163,4,6906.209,674.996
16.350,143.165,0.163,4,6907.933,675.636
16.360,143.201,0.163,4,6909.657,676.276
16.370,143.236,0.163,4,6911.380,676.916
16.380,143.272,0.163,4,6913.103,677.556
16.390,143.308,0.163,4,6914.825,678.197
16.400,143.343,0.162,4,6916.546,678.838
16.410,143.379,0.162,4,6918.266,679.478
16.420,143.415,0.162,4,6919.986,680.120
16.430,143.450,0.162,4,6921.705,680.761
16.440,143.486,0.162,4,6923.424,681.402
16.450,143.521,0.162,4,6925.141,682.044
16.460,143.557,0.162,4,6926.858,682.685
16.470,143.593,0.162,4,6928.575,683.327
16.480,143.628,0.162,4,6930.291,683.969
16.490,143.664,0.162,4,6932.006,684.611
16.500,143.699,0.162,4,6933.720,685.254
16.510,143.735,0.162,4,6935.434,685.896
16.520,143.770,0.162,4,6937.147,686.539
16.530,143.806,0.162,4,6938.859,687.181
16.540,143.841,0.162,4,6940.571,687.824
16.550,143.877,0.162,4,6942.282,688.468
16.560,143.912,0.161,4,6943.992,689.111
16.570,143.948,0.161,4,6945.702,689.754
16.580,143.983,0.161,4,6947.411,690.398
16.590,144.018,0.161,4,6949.119,691.042
16.600,144.054,0.161,4,6950.827,691.685
16.610,144.089,0.161,4,6952.534,692.329
16.620,144.124,0.161,4,6954.240,692.974
16.630,144.160,0.161,4,6955.946,693.618
16.640,144.195,0.161,4,6957.651,694.263
16.650,144.230,0.161,4,6959.355,694.907
16.660,144.266,0.161,4,6961.058,695.552
16.670,144.301,0.161,4,6962.761,696.197
16.680,144.336,0.161,4,6964.464,696.842
16.690,144.372,0.161,4,6966.165,697.488
16.700,144.407,0.161,4,6967.866,698.133
16.710,144.442,0.161,4,6969.566,698.779
16.720,144.477,0.160,4,6971.266,699.425
16.730,144.513,0.160,4,6972.965,700.070
16.740,144.548,0.160,4,6974.663,700.717
16.750,144.583,0.160,4,6976.361,701.363
16.760,144.618,0.160,4,6978.057,702.009
16.770,144.653,0.160,4,6979.754,702.656
16.780,144.688,0.160,4,6981.449,703.303
16.790,144.724,0.160,4,6983.144,703.949
16.800,144.759,0.160,4,6984.838,704.597
16.810,144.794,0.160,4,6986.532,705.244
16.820,144.829,0.160,4,6988.225,705.891
16.830,144.864,0.160,4,6989.917,706.539
16.840,144.899,0.160,4,6991.608,707.186
16.850,144.934,0.160,4,6993.299,707.834
16.860,144.969,0.160,4,6994.989,708.482
16.870,145.004,0.159,4,6996.679,709.130
16.880,145.039,0.159,4,6998.368,709.779
16.890,145.074,0.159,4,7000.056,710.427
16.900,145.109,0.159,4,7001.743,711.076
16.910,145.144,0.159,4,7003.430,711.724
16.920,145.179,0.159,4,7005.116,712.373
16.930,145.214,0.159,4,7006.802,713.022
16.940,145.249,0.159,4,7008.486,713.672
16.950,145.284,0.159,4,7010.171,714.321
16.960,145.319,0.159,4,7011.854,714.971
16.970,145.353,0.159,4,7013.537,715.620
16.980,145.388,0.159,4,7015.219,716.270
16.990,145.423,0.159,4,7016.900,716.920
17.000,145.458,0.159,4,7018.581,717.570
17.010,145.493,0.159,4,7020.261,718.221
17.020,145.528,0.159,4,7021.941,718.871
17.030,145.562,0.158,4,7023.620,719.522
17.040,145.597,0.158,4,7025.298,720.173
17.050,145.632,0.158,4,7026.975,720.824
17.060,145.667,0.158,4,7028.652,721.475
17.070,145.701,0.158,4,7030.328,722.126
17.080,145.736,0.158,4,7032.003,722.777
17.090,145.771,0.158,4,7033.678,723.429
17.100,145.806,0.158,4,7035.352,724.081
17.110,145.840,0.158,4,7037.026,724.733
17.120,145.875,0.158,4,7038.698,725.385
17.130,145.910,0.158,4,7040.371,726.037
17.140,145.944,0.158,4,7042.042,726.689
17.150,145.979,0.158,4,7043.713,727.342
17.160,146.013,0.158,4,7045.383,727.994
17.170,146.048,0.158,4,7047.052,728.647
17.180,146.083,0.158,4,7048.721,729.300
17.190,146.117,0.157,4,7050.389,729.953
17.200,146.152,0.157,4,7052.056,730.607
17.210,146.186,0.157,4,7053.723,731.260
17.220,146.221,0.157,4,7055.389,731.914
17.230,146.255,0.157,4,7057.055,732.567
17.240,146.290,0.157,4,7058.719,733.221
17.250,146.324,0.157,4,7060.384,733.875
17.260,146.359,0.157,4,7062.047,734.529
17.270,146.393,0.157,4,7063.710,735.184
17.280,146.428,0.157,4,7065.372,735.838
17.290,146.462,0.157,4,7067.033,736.493
17.300,146.496,0.157,4,7068.694,737.148
17.310,146.531,0.157,4,7070.354,737.803
17.320,146.565,0.157,4,7072.013,738.458
17.330,146.600,0.157,4,7073.672,739.113
17.340,146.634,0.157,4,7075.330,739.769
17.350,146.668,0.156,4,7076.988,740.424
17.360,146.703,0.156,4,7078.644,741.080
17.370,146.737,0.156,4,7080.301,741.736
17.380,146.771,0.156,4,7081.956,742.392
17.390,146.806,0.156,4,7083.611,743.048
17.400,146.840,0.156,4,7085.265,743.704
17.410,146.874,0.156,4,7086.918,744.361
17.420,146.908,0.156,4,7088.571,745.018
17.430,146.943,0.156,4,7090.223,745.674
17.440,146.977,0.156,4,7091.875,746.331
17.450,147.011,0.156,4,7093.525,746.988
17.460,147.045,0.156,4,7095.175,747.646
17.470,147.080,0.156,4,7096.825,748.303
17.480,147.114,0.156,4,7098.474,748.961
17.490,147.148,0.156,4,7100.122,749.619
17.500,147.182,0.156,4,7101.769,750.276
17.510,147.216,0.155,4,7103.416,750.934
17.520,147.250,0.155,4,7105.062,751.593
17.530,147.284,0.155,4,7106.708,752.251
17.540,147.318,0.155,4,7108.352,752.909
17.550,147.352,0.155,4,7109.996,753.568
17.560,147.387,0.155,4,7111.640,754.227
17.570,147.421,0.155,4,7113.283,754.886
17.580,147.455,0.155,4,7114.925,755.545
17.590,147.489,0.155,4,7116.566,756.204
17.600,147.523,0.155,4,7118.207,756.864
17.610,147.557,0.155,4,7119.847,757.523
17.620,147.591,0.155,4,7121.487,758.183
17.630,147.625,0.155,4,7123.126,758.843
17.640,147.659,0.155,4,7124.764,759.503
17.650,147.692,0.155,4,7126.401,760.163
17.660,147.726,0.155,4,7128.038,760.823
17.670,147.760,0.154,4,7129.674,761.484
17.680,147.794,0.154,4,7131.310,762.144
17.690,147.828,0.154,4,7132.945,762.805
17.700,147.862,0.154,4,7134.579,763.466
17.710,147.896,0.154,4,7136.212,764.127
17.720,147.930,0.154,4,7137.845,764.788
17.730,147.963,0.154,4,7139.478,765.450
17.740,147.997,0.154,4,7141.109,766.111
17.750,148.031,0.154,4,7142.740,766.773
17.760,148.065,0.154,4,7144.370,767.435
17.770,148.099,0.154,4,7146.000,768.097
17.780,148.132,0.154,4,7147.629,768.759
17.790,148.166,0.154,4,7149.257,769.421
17.800,148.200,0.154,4,7150.884,770.084
17.810,148.234,0.154,4,7152.511,770.746
17.820,148.267,0.154,4,7154.138,771.409
17.830,148.301,0.153,4,7155.763,772.072
17.840,148.335,0.153,4,7157.388,772.735
17.850,148.368,0.153,4,7159.012,773.398
17.860,148.402,0.153,4,7160.636,774.061
17.870,148.436,0.153,4,7162.259,774.725
17.880,148.469,0.153,4,7163.881,775.389
17.890,148.503,0.153,4,7165.503,776.052
17.900,148.536,0.153,4,7167.124,776.716
17.910,148.570,0.153,4,7168.744,777.380
17.920,148.604,0.153,4,7170.364,778.045
17.930,148.637,0.153,4,7171.983,778.709
17.940,148.671,0.153,4,7173.601,779.374
17.950,148.704,0.153,4,7175.219,780.038
17.960,148.738,0.153,4,7176.836,780.703
17.970,148.771,0.153,4,7178.452,781.368
17.980,148.805,0.153,4,7180.068,782.033
17.990,148.838,0.152,4,7181.683,782.698
18.000,148.872,0.152,4,7183.298,783.364
18.010,148.905,0.152,4,7184.911,784.030
18.020,148.938,0.152,4,7186.524,784.695
18.030,148.972,0.152,4,7188.137,785.361
18.040,149.005,0.152,4,7189.749,786.027
18.050,149.039,0.152,4,7191.360,786.693
18.060,149.072,0.152,4,7192.970,787.360
18.070,149.105,0.152,4,7194.580,788.026
18.080,149.139,0.152,4,7196.189,788.693
18.090,149.172,0.152,4,7197.798,789.360
18.100,149.205,0.152,4,7199.405,790.027
18.110,149.239,0.152,4,7201.013,790.694
18.120,149.272,0.152,4,7202.619,791.361
18.130,149.305,0.152,4,7204.225,792.028
18.140,149.339,0.152,4,7205.830,792.696
18.150,149.372,0.151,4,7207.435,793.363
18.160,149.405,0.151,4,7209.039,794.031
18.170,149.438,0.151,4,7210.642,794.699
18.180,149.472,0.151,4,7212.244,795.367
18.190,149.505,0.151,4,7213.846,796.036
18.200,149.538,0.151,4,7215.448,796.704
18.210,149.571,0.151,4,7217.048,797.373
18.220,149.604,0.151,4,7218.648,798.041
18.230,149.637,0.151,4,7220.247,798.710
18.240,149.671,0.151,4,7221.846,799.379
18.250,149.704,0.151,4,7223.444,800.048
18.260,149.737,0.151,4,7225.041,800.718
18.270,149.770,0.151,4,7226.638,801.387
18.280,149.803,0.151,4,7228.234,802.057
18.290,149.836,0.151,4,7229.829,802.726
18.300,149.869,0.151,4,7231.424,803.396
18.310,149.902,0.150,4,7233.018,804.066
18.320,149.935,0.150,4,7234.612,804.737
18.330,149.968,0.150,4,7236.204,805.407
18.340,150.001,0.150,4,7237.796,806.077
18.350,150.034,0.150,4,7239.388,806.748
18.360,150.067,0.150,4,7240.979,807.419
18.370,150.100,0.150,4,7242.569,808.090
18.380,150.133,0.150,4,7244.158,808.761
18.390,150.166,0.150,4,7245.747,809.432
18.400,150.199,0.150,4,7247.335,810.103
18.410,150.232,0.150,4,7248.923,810.775
18.420,150.265,0.150,4,7250.510,811.447
18.430,150.297,0.150,4,7252.096,812.118
18.440,150.330,0.150,4,7253.681,812.790
18.450,150.363,0.150,4,7255.266,813.463
18.460,150.396,0.150,4,7256.851,814.135
18.470,150.429,0.149,4,7258.434,814.807
18.480,150.462,0.149,4,7260.017,815.480
18.490,150.494,0.149,4,7261.599,816.152
18.500,150.527,0.149,4,7263.181,816.825
18.510,150.560,0.149,4,7264.762,817.498
18.520,150.593,0.149,4,7266.342,818.171
18.530,150.625,0.149,4,7267.922,818.845
18.540,150.658,0.149,4,7269.501,819.518
18.550,150.691,0.149,4,7271.080,820.192
18.560,150.724,0.149,4,7272.657,820.865
18.570,150.756,0.149,4,7274.234,821.539
18.580,150.789,0.149,4,7275.811,822.213
18.590,150.822,0.149,4,7277.387,822.887
18.600,150.854,0.149,4,7278.962,823.562
18.610,150.887,0.149,4,7280.536,824.236
18.620,150.919,0.149,4,7282.110,824.911
18.630,150.952,0.149,4,7283.683,825.586
18.640,150.985,0.148,4,7285.256,826.260
18.650,151.017,0.148,4,7286.828,826.935
18.660,151.050,0.148,4,7288.399,827.611
18.670,151.082,0.148,4,7289.969,828.286
18.680,151.115,0.148,4,7291.539,828.961
18.690,151.147,0.148,4,7293.109,829.637
18.700,151.180,0.148,4,7294.677,830.313
18.710,151.212,0.148,4,7296.245,830.989
18.720,151.245,0.148,4,7297.813,831.665
18.730,151.277,0.148,4,7299.379,832.341
18.740,151.310,0.148,4,7300.945,833.017
18.750,151.342,0.148,4,7302.511,833.694
18.760,151.375,0.148,4,7304.076,834.370
18.770,151.407,0.148,4,7305.640,835.047
18.780,151.440,0.148,4,7307.203,835.724
18.790,151.472,0.148,4,7308.766,836.401
18.800,151.504,0.147,4,7310.328,837.078
18.810,151.537,0.147,4,7311.889,837.756
18.820,151.569,0.147,4,7313.450,838.433
18.830,151.601,0.147,4,7315.011,839.111
18.840,151.634,0.147,4,7316.570,839.789
18.850,151.666,0.147,4,7318.129,840.467
18.860,151.698,0.147,4,7319.687,841.145
18.870,151.731,0.147,4,7321.245,841.823
18.880,151.763,0.147,4,7322.802,842.501
18.890,151.795,0.147,4,7324.358,843.180
18.900,151.827,0.147,4,7325.914,843.858
18.910,151.860,0.147,4,7327.469,844.537
18.920,151.892,0.147,4,7329.023,845.216
18.930,151.924,0.147,4,7330.577,845.895
18.940,151.956,0.147,4,7332.130,846.575
18.950,151.988,0.147,4,7333.683,847.254
18.960,152.020,0.146,4,7335.234,847.933
18.970,152.053,0.146,4,7336.785,848.613
18.980,152.085,0.146,4,7338.336,849.293
18.990,152.117,0.146,4,7339.886,849.973
19.000,152.149,0.146,4,7341.435,850.653
19.010,152.181,0.146,4,7342.984,851.333
19.020,152.213,0.146,4,7344.532,852.014
19.030,152.245,0.146,4,7346.079,852.694
19.040,152.277,0.146,4,7347.625,853.375
19.050,152.309,0.146,4,7349.171,854.056
19.060,152.341,0.146,4,7350.717,854.737
19.070,152.373,0.146,4,7352.262,855.418
19.080,152.405,0.146,4,7353.806,856.099
19.090,152.437,0.146,4,7355.349,856.780
19.100,152.469,0.146,4,7356.892,857.462
19.110,152.501,0.146,4,7358.434,858.143
19.120,152.533,0.146,4,7359.975,858.825
19.130,152.565,0.145,4,7361.516,859.507
19.140,152.597,0.145,4,7363.056,860.189
19.150,152.629,0.145,4,7364.596,860.872
19.160,152.661,0.145,4,7366.135,861.554
19.170,152.693,0.145,4,7367.673,862.236
19.180,152.725,0.145,4,7369.211,862.919
19.190,152.756,0.145,4,7370.748,863.602
19.200,152.788,0.145,4,7372.284,864.285
19.210,152.820,0.145,4,7373.820,864.968
19.220,152.852,0.145,4,7375.355,865.651
19.230,152.884,0.145,4,7376.889,866.335
19.240,152.916,0.145,4,7378.423,867.018
19.250,152.947,0.145,4,7379.956,867.702
19.260,152.979,0.145,4,7381.489,868.386
19.270,153.011,0.145,4,7383.020,869.070
19.280,153.043,0.145,4,7384.552,869.754
19.290,153.074,0.144,4,7386.082,870.438
19.300,153.106,0.144,4,7387.612,871.122
19.310,153.138,0.144,4,7389.141,871.807
19.320,153.169,0.144,4,7390.670,872.491
19.330,153.201,0.144,4,7392.198,873.176
19.340,153.233,0.144,4,7393.725,873.861
19.350,153.264,0.144,4,7395.252,874.546
19.360,153.296,0.144,4,7396.778,875.231
19.370,153.328,0.144,4,7398.303,875.917
19.380,153.359,0.144,4,7399.828,876.602
19.390,153.391,0.144,4,7401.352,877.288
19.400,153.422,0.144,4,7402.876,877.974
19.410,153.454,0.144,4,7404.399,878.660
19.420,153.485,0.144,4,7405.921,879.346
19.430,153.517,0.144,4,7407.443,880.032
19.440,153.548,0.144,4,7408.964,880.718
19.450,153.580,0.144,4,7410.484,881.405
19.460,153.611,0.143,4,7412.004,882.091
19.470,153.643,0.143,4,7413.523,882.778
19.480,153.674,0.143,4,7415.041,883.465
19.490,153.706,0.143,4,7416.559,884.152
19.500,153.737,0.143,4,7418.076,884.839
19.510,153.769,0.143,4,7419.592,885.527
19.520,153.800,0.143,4,7421.108,886.214
19.530,153.832,0.143,4,7422.623,886.902
19.540,153.863,0.143,4,7424.138,887.590
19.550,153.894,0.143,4,7425.652,888.277
19.560,153.926,0.143,4,7427.165,888.966
19.570,153.957,0.143,4,7428.678,889.654
19.580,153.988,0.143,4,7430.190,890.342
19.590,154.020,0.143,4,7431.701,891.030
19.600,154.051,0.143,4,7433.212,891.719
19.610,154.082,0.143,4,7434.722,892.408
19.620,154.114,0.142,4,7436.231,893.097
19.630,154.145,0.142,4,7437.740,893.786
19.640,154.176,0.142,4,7439.248,894.475
19.650,154.207,0.142,4,7440.756,895.164
19.660,154.239,0.142,4,7442.263,895.854
19.670,154.270,0.142,4,7443.769,896.543
19.680,154.301,0.142,4,7445.275,897.233
19.690,154.332,0.142,4,7446.780,897.923
19.700,154.363,0.142,4,7448.284,898.613
19.710,154.395,0.142,4,7449.788,899.303
19.720,154.426,0.142,4,7451.291,899.993
19.730,154.457,0.142,4,7452.793,900.684
19.740,154.488,0.142,4,7454.295,901.374
19.750,154.519,0.142,4,7455.796,902.065
19.760,154.550,0.142,4,7457.297,902.756
19.770,154.581,0.142,4,7458.797,903.447
19.780,154.612,0.142,4,7460.296,904.138
19.790,154.643,0.141,4,7461.795,904.829
19.800,154.674,0.141,4,7463.293,905.520
19.810,154.705,0.141,4,7464.790,906.212
19.820,154.736,0.141,4,7466.287,906.904
19.830,154.767,0.141,4,7467.783,907.595
19.840,154.798,0.141,4,7469.279,908.287
19.850,154.829,0.141,4,7470.773,908.979
19.860,154.860,0.141,4,7472.268,909.672
19.870,154.891,0.141,4,7473.761,910.364
19.880,154.922,0.141,4,7475.254,911.056
19.890,154.953,0.141,4,7476.746,911.749
19.900,154.984,0.141,4,7478.238,912.442
19.910,155.015,0.141,4,7479.729,913.135
19.920,155.046,0.141,4,7481.220,913.828
19.930,155.077,0.141,4,7482.709,914.521
19.940,155.108,0.141,4,7484.199,915.214
19.950,155.139,0.141,4,7485.687,915.908
19.960,155.169,0.140,4,7487.175,916.601
19.970,155.200,0.140,4,7488.662,917.295
19.980,155.231,0.140,4,7490.149,917.989
19.990,155.262,0.140,4,7491.635,918.683
20.000,155.293,0.140,4,7493.120,919.377
20.010,155.323,0.140,4,7494.605,920.071
20.020,155.354,0.140,4,7496.089,920.766
20.030,155.385,0.140,4,7497.572,921.460
20.040,155.416,0.140,4,7499.055,922.155
20.050,155.446,0.140,4,7500.537,922.850
20.060,155.477,0.140,4,7502.019,923.545
20.070,155.508,0.140,4,7503.500,924.240
20.080,155.538,0.140,4,7504.980,924.935
20.090,155.569,0.140,4,7506.460,925.631
20.100,155.600,0.140,4,7507.939,926.326
20.110,155.630,0.140,4,7509.417,927.022
20.120,155.661,0.140,4,7510.895,927.718
20.130,155.692,0.139,4,7512.372,928.414
20.140,155.722,0.139,4,7513.849,929.110
20.150,155.753,0.139,4,7515.325,929.806
20.160,155.783,0.139,4,7516.800,930.502
20.170,155.814,0.139,4,7518.275,931.199
20.180,155.844,0.139,4,7519.749,931.895
20.190,155.875,0.139,4,7521.222,932.592
20.200,155.906,0.139,4,7522.695,933.289
20.210,155.936,0.139,4,7524.167,933.986
20.220,155.967,0.139,4,7525.638,934.683
20.230,155.997,0.139,4,7527.109,935.380
20.240,156.027,0.139,4,7528.580,936.078
20.250,156.058,0.139,4,7530.049,936.775
20.260,156.088,0.139,4,7531.518,937.473
20.270,156.119,0.139,4,7532.986,938.171
20.280,156.149,0.139,4,7534.454,938.869
20.290,156.180,0.138,4,7535.921,939.567
20.300,156.210,0.138,4,7537.388,940.265
20.310,156.240,0.138,4,7538.854,940.964
20.320,156.271,0.138,4,7540.319,941.662
20.330,156.301,0.138,4,7541.783,942.361
20.340,156.331,0.138,4,7543.247,943.060
20.350,156.362,0.138,4,7544.711,943.759
20.360,156.392,0.138,4,7546.173,944.458
20.370,156.422,0.138,4,7547.636,945.157
20.380,156.453,0.138,4,7549.097,945.856
20.390,156.483,0.138,4,7550.558,946.556
20.400,156.513,0.138,4,7552.018,947.255
20.410,156.543,0.138,4,7553.478,947.955
20.420,156.574,0.138,4,7554.937,948.655
20.430,156.604,0.138,4,7556.395,949.355
20.440,156.634,0.138,4,7557.853,950.055
20.450,156.664,0.138,4,7559.310,950.755
20.460,156.695,0.137,4,7560.766,951.456
20.470,156.725,0.137,4,7562.222,952.156
20.480,156.755,0.137,4,7563.677,952.857
20.490,156.785,0.137,4,7565.132,953.558
20.500,156.815,0.137,4,7566.586,954.259
20.510,156.845,0.137,4,7568.039,954.960
20.520,156.875,0.137,4,7569.492,955.661
20.530,156.905,0.137,4,7570.944,956.363
20.540,156.936,0.137,4,7572.395,957.064
20.550,156.966,0.137,4,7573.846,957.766
20.560,156.996,0.137,4,7575.296,958.467
20.570,157.026,0.137,4,7576.746,959.169
20.580,157.056,0.137,4,7578.195,959.871
20.590,157.086,0.137,4,7579.643,960.574
20.600,157.116,0.137,4,7581.091,961.276
20.610,157.146,0.137,4,7582.538,961.978
20.620,157.176,0.137,4,7583.985,962.681
20.630,157.206,0.136,4,7585.430,963.384
20.640,157.236,0.136,4,7586.876,964.086
20.650,157.266,0.136,4,7588.320,964.789
20.660,157.296,0.136,4,7589.764,965.492
20.670,157.325,0.136,4,7591.208,966.196
20.680,157.355,0.136,4,7592.650,966.899
20.690,157.385,0.136,4,7594.092,967.603
20.700,157.415,0.136,4,7595.534,968.306
20.710,157.445,0.136,4,7596.975,969.010
20.720,157.475,0.136,4,7598.415,969.714
20.730,157.505,0.136,4,7599.855,970.418
20.740,157.534,0.136,4,7601.294,971.122
20.750,157.564,0.136,4,7602.732,971.826
20.760,157.594,0.136,4,7604.170,972.531
20.770,157.624,0.136,4,7605.607,973.235
20.780,157.654,0.136,4,7607.044,973.940
20.790,157.683,0.136,4,7608.480,974.645
20.800,157.713,0.135,4,7609.915,975.350
20.810,157.743,0.135,4,7611.350,976.055
20.820,157.773,0.135,4,7612.784,976.760
20.830,157.802,0.135,4,7614.217,977.466
20.840,157.832,0.135,4,7615.650,978.171
20.850,157.862,0.135,4,7617.082,978.877
20.860,157.891,0.135,4,7618.514,979.583
20.870,157.921,0.135,4,7619.945,980.288
20.880,157.951,0.135,4,7621.375,980.995
20.890,157.980,0.135,4,7622.805,981.701
20.900,158.010,0.135,4,7624.234,982.407
20.910,158.039,0.135,4,7625.662,983.113
20.920,158.069,0.135,4,7627.090,983.820
20.930,158.099,0.135,4,7628.517,984.527
20.940,158.128,0.135,4,7629.944,985.233
20.950,158.158,0.135,4,7631.370,985.940
20.960,158.187,0.135,4,7632.795,986.648
20.970,158.217,0.135,4,7634.220,987.355
20.980,158.246,0.134,4,7635.644,988.062
20.990,158.276,0.134,4,7637.068,988.770
21.000,158.305,0.134,4,7638.491,989.477
21.010,158.335,0.134,4,7639.913,990.185
21.020,158.364,0.134,4,7641.335,990.893
21.030,158.394,0.134,4,7642.756,991.601
21.040,158.423,0.134,4,7644.176,992.309
21.050,158.453,0.134,4,7645.596,993.017
21.060,158.482,0.134,4,7647.015,993.726
21.070,158.511,0.134,4,7648.434,994.434
21.080,158.541,0.134,4,7649.852,995.143
21.090,158.570,0.083,4,7651.269,995.852
21.100,158.588,0.083,4,7652.147,996.561
21.110,158.607,0.083,4,7653.024,997.270
21.120,158.625,0.083,4,7653.900,997.979
21.130,158.643,0.083,4,7654.776,998.688
21.140,158.661,0.083,4,7655.652,999.397
21.150,158.679,0.083,4,7656.528,1000.106
21.160,158.697,0.083,4,7657.403,1000.816
21.170,158.715,0.083,4,7658.277,1001.525
21.180,158.734,0.083,4,7659.152,1002.235
21.190,158.752,0.082,4,7660.026,1002.945
21.200,158.770,0.082,4,7660.899,1003.654
21.210,158.788,0.082,4,7661.772,1004.364
21.220,158.806,0.082,4,7662.645,1005.074
21.230,158.824,0.082,4,7663.517,1005.784
21.240,158.842,0.082,4,7664.389,1006.494
21.250,158.860,0.082,4,7665.261,1007.204
21.260,158.878,0.082,4,7666.132,1007.914
21.270,158.896,0.082,4,7667.003,1008.625
21.280,158.914,0.082,4,7667.874,1009.335
21.290,158.932,0.082,4,7668.744,1010.045
21.300,158.950,0.082,4,7669.614,1010.756
21.310,158.968,0.082,4,7670.483,1011.467
21.320,158.986,0.082,4,7671.352,1012.177
21.330,159.004,0.082,4,7672.220,1012.888
21.340,159.022,0.082,4,7673.089,1013.599
21.350,159.040,0.082,4,7673.957,1014.310
21.360,159.058,0.082,4,7674.824,1015.021
21.370,159.076,0.082,4,7675.691,1015.732
21.380,159.094,0.082,4,7676.558,1016.443
21.390,159.112,0.082,4,7677.424,1017.154
21.400,159.130,0.082,4,7678.290,1017.866
21.410,159.148,0.082,4,7679.156,1018.577
21.420,159.166,0.082,4,7680.021,1019.289
21.430,159.184,0.082,4,7680.886,1020.000
21.440,159.202,0.082,4,7681.750,1020.712
21.450,159.220,0.082,4,7682.614,1021.424
21.460,159.238,0.082,4,7683.478,1022.135
21.470,159.256,0.081,4,7684.341,1022.847
21.480,159.273,0.081,4,7685.204,1023.559
21.490,159.291,0.081,4,7686.067,1024.271
21.500,159.309,0.081,4,7686.929,1024.983
21.510,159.327,0.081,4,7687.791,1025.696
21.520,159.345,0.081,4,7688.652,1026.408
21.530,159.363,0.081,4,7689.513,1027.120
21.540,159.381,0.081,4,7690.374,1027.833
21.550,159.398,0.081,4,7691.234,1028.545
21.560,159.416,0.081,4,7692.094,1029.258
21.570,159.434,0.081,4,7692.954,1029.971
21.580,159.452,0.081,4,7693.813,1030.683
21.590,159.470,0.081,4,7694.672,1031.396
21.600,159.487,0.081,4,7695.530,1032.109
21.610,159.505,0.081,4,7696.388,1032.822
21.620,159.523,0.081,4,7697.246,1033.535
21.630,159.541,0.081,4,7698.103,1034.248
21.640,159.559,0.081,4,7698.960,1034.962
21.650,159.576,0.081,4,7699.817,1035.675
21.660,159.594,0.081,4,7700.673,1036.388
21.670,159.612,0.081,4,7701.529,1037.102
21.680,159.630,0.081,4,7702.384,1037.815
21.690,159.647,0.081,4,7703.239,1038.529
21.700,159.665,0.081,4,7704.094,1039.243
21.710,159.683,0.081,4,7704.948,1039.957
21.720,159.700,0.081,4,7705.802,1040.671
21.730,159.718,0.081,4,7706.656,1041.384
21.740,159.736,0.081,4,7707.509,1042.099
21.750,159.753,0.081,4,7708.362,1042.813
21.760,159.771,0.080,4,7709.214,1043.527
21.770,159.789,0.080,4,7710.066,1044.241
21.780,159.806,0.080,4,7710.918,1044.955
21.790,159.824,0.080,4,7711.769,1045.670
21.800,159.842,0.080,4,7712.620,1046.384
21.810,159.859,0.080,4,7713.471,1047.099
21.820,159.877,0.080,4,7714.321,1047.814
21.830,159.895,0.080,4,7715.171,1048.528
21.840,159.912,0.080,4,7716.020,1049.243
21.850,159.930,0.080,4,7716.869,1049.958
21.860,159.947,0.080,4,7717.718,1050.673
21.870,159.965,0.080,4,7718.566,1051.388
21.880,159.982,0.080,4,7719.414,1052.103
21.890,160.000,0.080,4,7720.262,1052.819
21.900,160.018,0.080,4,7721.109,1053.534
21.910,160.035,0.080,4,7721.956,1054.249
21.920,160.053,0.080,4,7722.803,1054.965
21.930,160.070,0.080,4,7723.649,1055.680
21.940,160.088,0.080,4,7724.495,1056.396
21.950,160.105,0.080,4,7725.340,1057.112
21.960,160.123,0.080,4,7726.185,1057.827
21.970,160.140,0.080,4,7727.030,1058.543
21.980,160.158,0.080,4,7727.874,1059.259
21.990,160.175,0.080,4,7728.718,1059.975
22.000,160.193,0.080,4,7729.561,1060.691
22.010,160.210,0.080,4,7730.405,1061.407
22.020,160.228,0.080,4,7731.247,1062.124
22.030,160.245,0.080,4,7732.090,1062.840
22.040,160.263,0.079,4,7732.932,1063.556
22.050,160.280,0.079,4,7733.773,1064.273
22.060,160.298,0.079,4,7734.615,1064.989
22.070,160.315,0.079,4,7735.456,1065.706
22.080,160.332,0.079,4,7736.296,1066.423
22.090,160.350,0.079,4,7737.137,1067.140
22.100,160.367,0.079,4,7737.976,1067.856
22.110,160.385,0.079,4,7738.816,1068.573
22.120,160.402,0.079,4,7739.655,1069.290
22.130,160.419,0.079,4,7740.494,1070.007
22.140,160.437,0.079,4,7741.332,1070.725
22.150,160.454,0.079,4,7742.170,1071.442
22.160,160.471,0.079,4,7743.008,1072.159
22.170,160.489,0.079,4,7743.845,1072.877
22.180,160.506,0.079,4,7744.682,1073.594
22.190,160.523,0.079,4,7745.518,1074.312
22.200,160.541,0.079,4,7746.354,1075.029
22.210,160.558,0.079,4,7747.190,1075.747
22.220,160.575,0.079,4,7748.026,1076.465
22.230,160.593,0.079,4,7748.861,1077.183
22.240,160.610,0.079,4,7749.695,1077.901
22.250,160.627,0.079,4,7750.530,1078.619
22.260,160.645,0.079,4,7751.364,1079.337
22.270,160.662,0.079,4,7752.197,1080.055
22.280,160.679,0.079,4,7753.031,1080.773
22.290,160.696,0.079,4,7753.863,1081.492
22.300,160.714,0.079,4,7754.696,1082.210
22.310,160.731,0.079,4,7755.528,1082.928
22.320,160.748,0.079,4,7756.360,1083.647
22.330,160.765,0.078,4,7757.191,1084.366
22.340,160.783,0.078,4,7758.022,1085.084
22.350,160.800,0.078,4,7758.853,1085.803
22.360,160.817,0.078,4,7759.683,1086.522
22.370,160.834,0.078,4,7760.513,1087.241
22.380,160.851,0.078,4,7761.343,1087.960
22.390,160.869,0.078,4,7762.172,1088.679
22.400,160.886,0.078,4,7763.001,1089.398
22.410,160.903,0.078,4,7763.829,1090.118
22.420,160.920,0.078,4,7764.657,1090.837
22.430,160.937,0.078,4,7765.485,1091.556
22.440,160.954,0.078,4,7766.312,1092.276
22.450,160.972,0.078,4,7767.139,1092.995
22.460,160.989,0.078,4,7767.966,1093.715
22.470,161.006,0.078,4,7768.792,1094.435
22.480,161.023,0.078,4,7769.618,1095.155
22.490,161.040,0.078,4,7770.444,1095.874
22.500,161.057,0.078,4,7771.269,1096.594
22.510,161.074,0.078,4,7772.094,1097.314
22.520,161.091,0.078,4,7772.918,1098.035
22.530,161.108,0.078,4,7773.742,1098.755
22.540,161.125,0.078,4,7774.566,1099.475
22.550,161.143,0.078,4,7775.389,1100.195
22.560,161.160,0.078,4,7776.212,1100.916
22.570,161.177,0.078,4,7777.035,1101.636
22.580,161.194,0.078,4,7777.857,1102.357
22.590,161.211,0.078,4,7778.679,1103.077
22.600,161.228,0.078,4,7779.501,1103.798
22.610,161.245,0.078,4,7780.322,1104.519
22.620,161.262,0.077,4,7781.143,1105.240
22.630,161.279,0.077,4,7781.963,1105.961
22.640,161.296,0.077,4,7782.783,1106.682
22.650,161.313,0.077,4,7783.603,1107.403
22.660,161.330,0.077,4,7784.422,1108.124
22.670,161.347,0.077,4,7785.241,1108.845
22.680,161.364,0.077,4,7786.060,1109.567
22.690,161.381,0.077,4,7786.878,1110.288
22.700,161.398,0.077,4,7787.696,1111.009
22.710,161.415,0.077,4,7788.514,1111.731
22.720,161.431,0.077,4,7789.331,1112.453
22.730,161.448,0.077,4,7790.148,1113.174
22.740,161.465,0.077,4,7790.964,1113.896
22.750,161.482,0.077,4,7791.781,1114.618
22.760,161.499,0.077,4,7792.596,1115.340
22.770,161.516,0.077,4,7793.412,1116.062
22.780,161.533,0.077,4,7794.227,1116.784
22.790,161.550,0.077,4,7795.041,1117.506
22.800,161.567,0.077,4,7795.856,1118.228
22.810,161.584,0.077,4,7796.670,1118.951
22.820,161.600,0.077,4,7797.483,1119.673
22.830,161.617,0.077,4,7798.297,1120.395
22.840,161.634,0.077,4,7799.109,1121.118
22.850,161.651,0.077,4,7799.922,1121.841
22.860,161.668,0.077,4,7800.734,1122.563
22.870,161.685,0.077,4,7801.546,1123.286
22.880,161.701,0.077,4,7802.357,1124.009
22.890,161.718,0.077,4,7803.168,1124.732
22.900,161.735,0.077,4,7803.979,1125.455
22.910,161.752,0.076,4,7804.789,1126.178
22.920,161.769,0.076,4,7805.600,1126.901
22.930,161.785,0.076,4,7806.409,1127.624
22.940,161.802,0.076,4,7807.218,1128.347
22.950,161.819,0.076,4,7808.027,1129.071
22.960,161.836,0.076,4,7808.836,1129.794
22.970,161.852,0.076,4,7809.644,1130.518
22.980,161.869,0.076,4,7810.452,1131.241
22.990,161.886,0.076,4,7811.260,1131.965
23.000,161.903,0.076,4,7812.067,1132.689
23.010,161.919,0.076,4,7812.873,1133.413
23.020,161.936,0.076,4,7813.680,1134.136
23.030,161.953,0.076,4,7814.486,1134.860
23.040,161.970,0.076,4,7815.292,1135.584
23.050,161.986,0.076,4,7816.097,1136.308
23.060,162.003,0.076,4,7816.902,1137.033
23.070,162.020,0.076,4,7817.707,1137.757
23.080,162.036,0.076,4,7818.511,1138.481
23.090,162.053,0.076,4,7819.315,1139.206
23.100,162.070,0.076,4,7820.118,1139.930
23.110,162.086,0.076,4,7820.922,1140.655
23.120,162.103,0.076,4,7821.724,1141.379
23.130,162.119,0.076,4,7822.527,1142.104
23.140,162.136,0.076,4,7823.329,1142.829
23.150,162.153,0.076,4,7824.131,1143.554
23.160,162.169,0.076,4,7824.932,1144.279
23.170,162.186,0.076,4,7825.733,1145.004
23.180,162.202,0.076,4,7826.534,1145.729
23.190,162.219,0.076,4,7827.334,1146.454
23.200,162.236,0.076,4,7828.134,1147.179
23.210,162.252,0.075,4,7828.934,1147.904
23.220,162.269,0.075,4,7829.733,1148.630
23.230,162.285,0.075,4,7830.532,1149.355
23.240,162.302,0.075,4,7831.331,1150.081
23.250,162.318,0.075,4,7832.129,1150.806
23.260,162.335,0.075,4,7832.927,1151.532
23.270,162.352,0.075,4,7833.725,1152.258
23.280,162.368,0.075,4,7834.522,1152.983
23.290,162.385,0.075,4,7835.319,1153.709
23.300,162.401,0.075,4,7836.115,1154.435
23.310,162.418,0.075,4,7836.911,1155.161
23.320,162.434,0.075,4,7837.707,1155.887
23.330,162.451,0.075,4,7838.502,1156.614
23.340,162.467,0.075,4,7839.297,1157.340
23.350,162.483,0.075,4,7840.092,1158.066
23.360,162.500,0.075,4,7840.886,1158.793
23.370,162.516,0.075,4,7841.680,1159.519
23.380,162.533,0.075,4,7842.474,1160.246
23.390,162.549,0.075,4,7843.267,1160.972
23.400,162.566,0.075,4,7844.060,1161.699
23.410,162.582,0.075,4,7844.853,1162.426
23.420,162.599,0.075,4,7845.645,1163.153
23.430,162.615,0.075,4,7846.437,1163.879
23.440,162.631,0.075,4,7847.228,1164.606
23.450,162.648,0.075,4,7848.019,1165.333
23.460,162.664,0.075,4,7848.810,1166.061
23.470,162.681,0.075,4,7849.601,1166.788
23.480,162.697,0.075,4,7850.391,1167.515
23.490,162.713,0.075,4,7851.181,1168.242
23.500,162.730,0.075,4,7851.970,1168.970
23.510,162.746,0.074,4,7852.759,1169.697
23.520,162.762,0.074,4,7853.548,1170.425
23.530,162.779,0.074,4,7854.336,1171.153
23.540,162.795,0.074,4,7855.124,1171.880
23.550,162.811,0.074,4,7855.912,1172.608
23.560,162.828,0.074,4,7856.699,1173.336
23.570,162.844,0.074,4,7857.486,1174.064
23.580,162.860,0.074,4,7858.273,1174.792
23.590,162.877,0.074,4,7859.059,1175.520
23.600,162.893,0.074,4,7859.845,1176.248
23.610,162.909,0.074,4,7860.630,1176.976
23.620,162.925,0.074,4,7861.415,1177.705
23.630,162.942,0.074,4,7862.200,1178.433
23.640,162.958,0.074,4,7862.985,1179.162
23.650,162.974,0.074,4,7863.769,1179.890
23.660,162.990,0.074,4,7864.553,1180.619
23.670,163.007,0.074,4,7865.336,1181.347
23.680,163.023,0.074,4,7866.119,1182.076
23.690,163.039,0.074,4,7866.902,1182.805
23.700,163.055,0.074,4,7867.684,1183.534
23.710,163.072,0.074,4,7868.466,1184.263
23.720,163.088,0.074,4,7869.248,1184.992
23.730,163.104,0.074,4,7870.029,1185.721
23.740,163.120,0.074,4,7870.810,1186.450
23.750,163.136,0.074,4,7871.591,1187.179
23.760,163.152,0.074,4,7872.371,1187.909
23.770,163.169,0.074,4,7873.151,1188.638
23.780,163.185,0.074,4,7873.931,1189.367
23.790,163.201,0.074,4,7874.710,1190.097
23.800,163.217,0.074,4,7875.489,1190.827
23.810,163.233,0.073,4,7876.267,1191.556
23.820,163.249,0.073,4,7877.046,1192.286
23.830,163.265,0.073,4,7877.824,1193.016
23.840,163.282,0.073,4,7878.601,1193.746
23.850,163.298,0.073,4,7879.378,1194.476
23.860,163.314,0.073,4,7880.155,1195.206
23.870,163.330,0.073,4,7880.931,1195.936
23.880,163.346,0.073,4,7881.708,1196.666
23.890,163.362,0.073,4,7882.483,1197.396
23.900,163.378,0.073,4,7883.259,1198.127
23.910,163.394,0.073,4,7884.034,1198.857
23.920,163.410,0.073,4,7884.809,1199.588
23.930,163.426,0.073,4,7885.583,1200.318
23.940,163.442,0.073,4,7886.357,1201.049
23.950,163.458,0.073,4,7887.131,1201.779
23.960,163.474,0.073,4,7887.904,1202.510
23.970,163.490,0.073,4,7888.677,1203.241
23.980,163.506,0.073,4,7889.450,1203.972
23.990,163.522,0.073,4,7890.222,1204.703
24.000,163.538,0.073,4,7890.994,1205.434
24.010,163.554,0.073,4,7891.766,1206.165
24.020,163.570,0.073,4,7892.537,1206.896
24.030,163.586,0.073,4,7893.308,1207.627
24.040,163.602,0.073,4,7894.078,1208.359
24.050,163.618,0.073,4,7894.849,1209.090
24.060,163.634,0.073,4,7895.618,1209.822
24.070,163.650,0.073,4,7896.388,1210.553
24.080,163.666,0.073,4,7897.157,1211.285
24.090,163.682,0.073,4,7897.926,1212.017
24.100,163.698,0.073,4,7898.695,1212.748
24.110,163.714,0.073,4,7899.463,1213.480
24.120,163.730,0.072,4,7900.231,1214.212
24.130,163.746,0.072,4,7900.998,1214.944
24.140,163.762,0.072,4,7901.765,1215.676
24.150,163.778,0.072,4,7902.532,1216.408
24.160,163.793,0.072,4,7903.298,1217.140
24.170,163.809,0.072,4,7904.065,1217.873
24.180,163.825,0.072,4,7904.830,1218.605
24.190,163.841,0.072,4,7905.596,1219.337
24.200,163.857,0.072,4,7906.361,1220.070
24.210,163.873,0.072,4,7907.126,1220.802
24.220,163.889,0.072,4,7907.890,1221.535
24.230,163.904,0.072,4,7908.654,1222.268
24.240,163.920,0.072,4,7909.418,1223.000
24.250,163.936,0.072,4,7910.181,1223.733
24.260,163.952,0.072,4,7910.944,1224.466
24.270,163.968,0.072,4,7911.707,1225.199
24.280,163.983,0.072,4,7912.469,1225.932
24.290,163.999,0.072,4,7913.231,1226.665
24.300,164.015,0.072,4,7913.993,1227.398
24.310,164.031,0.072,4,7914.754,1228.132
24.320,164.047,0.072,4,7915.515,1228.865
24.330,164.062,0.072,4,7916.276,1229.598
24.340,164.078,0.072,4,7917.036,1230.332
24.350,164.094,0.072,4,7917.796,1231.065
24.360,164.110,0.072,4,7918.555,1231.799
24.370,164.125,0.072,4,7919.315,1232.533
24.380,164.141,0.072,4,7920.073,1233.266
24.390,164.157,0.072,4,7920.832,1234.000
24.400,164.173,0.072,4,7921.590,1234.734
24.410,164.188,0.072,4,7922.348,1235.468
24.420,164.204,0.072,4,7923.106,1236.202
24.430,164.220,0.071,4,7923.863,1236.936
24.440,164.235,0.071,4,7924.620,1237.670
24.450,164.251,0.071,4,7925.376,1238.404
24.460,164.267,0.071,4,7926.133,1239.139
24.470,164.282,0.071,4,7926.888,1239.873
24.480,164.298,0.071,4,7927.644,1240.608
24.490,164.314,0.071,4,7928.399,1241.342
24.500,164.329,0.071,4,7929.154,1242.077
24.510,164.345,0.071,4,7929.908,1242.811
24.520,164.361,0.071,4,7930.662,1243.546
24.530,164.376,0.071,4,7931.416,1244.281
24.540,164.392,0.071,4,7932.170,1245.016
24.550,164.407,0.071,4,7932.923,1245.751
24.560,164.423,0.071,4,7933.676,1246.486
24.570,164.439,0.071,4,7934.428,1247.221
24.580,164.454,0.071,4,7935.180,1247.956
24.590,164.470,0.071,4,7935.932,1248.691
24.600,164.485,0.071,4,7936.683,1249.426
24.610,164.501,0.071,4,7937.435,1250.162
24.620,164.516,0.071,4,7938.185,1250.897
24.630,164.532,0.071,4,7938.936,1251.633
24.640,164.548,0.071,4,7939.686,1252.368
24.650,164.563,0.071,4,7940.436,1253.104
24.660,164.579,0.071,4,7941.185,1253.839
24.670,164.594,0.071,4,7941.934,1254.575
24.680,164.610,0.071,4,7942.683,1255.311
24.690,164.625,0.071,4,7943.431,1256.047
24.700,164.641,0.071,4,7944.179,1256.783
24.710,164.656,0.071,4,7944.927,1257.519
24.720,164.672,0.071,4,7945.674,1258.255
24.730,164.687,0.071,4,7946.421,1258.991
24.740,164.703,0.070,4,7947.168,1259.728
24.750,164.718,0.070,4,7947.914,1260.464
24.760,164.734,0.070,4,7948.660,1261.200
24.770,164.749,0.070,4,7949.406,1261.937
24.780,164.764,0.070,4,7950.152,1262.673
24.790,164.780,0.070,4,7950.897,1263.410
24.800,164.795,0.070,4,7951.641,1264.146
24.810,164.811,0.070,4,7952.386,1264.883
24.820,164.826,0.070,4,7953.130,1265.620
24.830,164.842,0.070,4,7953.873,1266.357
24.840,164.857,0.070,4,7954.617,1267.094
24.850,164.872,0.070,4,7955.360,1267.831
24.860,164.888,0.070,4,7956.102,1268.568
24.870,164.903,0.070,4,7956.845,1269.305
24.880,164.919,0.070,4,7957.587,1270.042
24.890,164.934,0.070,4,7958.328,1270.780
24.900,164.949,0.070,4,7959.070,1271.517
24.910,164.965,0.070,4,7959.811,1272.254
24.920,164.980,0.070,4,7960.551,1272.992
24.930,164.995,0.070,4,7961.292,1273.729
24.940,165.011,0.070,4,7962.032,1274.467
24.950,165.026,0.070,4,7962.771,1275.205
24.960,165.041,0.070,4,7963.511,1275.942
24.970,165.057,0.070,4,7964.250,1276.680
24.980,165.072,0.070,4,7964.988,1277.418
24.990,165.087,0.070,4,7965.727,1278.156
25.000,165.103,0.070,4,7966.465,1278.894
25.010,165.118,0.070,4,7967.202,1279.632
25.020,165.133,0.070,4,7967.940,1280.370
25.030,165.148,0.070,4,7968.677,1281.109
25.040,165.164,0.070,4,7969.413,1281.847
25.050,165.179,0.070,4,7970.150,1282.585
25.060,165.194,0.069,4,7970.886,1283.324
25.070,165.209,0.069,4,7971.621,1284.062
25.080,165.225,0.069,4,7972.357,1284.801
25.090,165.240,0.069,4,7973.092,1285.540
25.100,165.255,0.069,4,7973.826,1286.278
25.110,165.270,0.069,4,7974.561,1287.017
25.120,165.286,0.069,4,7975.295,1287.756
25.130,165.301,0.069,4,7976.028,1288.495
25.140,165.316,0.069,4,7976.762,1289.234
25.150,165.331,0.069,4,7977.495,1289.973
25.160,165.346,0.069,4,7978.227,1290.712
25.170,165.361,0.069,4,7978.960,1291.451
25.180,165.377,0.069,4,7979.692,1292.191
25.190,165.392,0.069,4,7980.423,1292.930
25.200,165.407,0.069,4,7981.155,1293.669
25.210,165.422,0.069,4,7981.886,1294.409
25.220,165.437,0.069,4,7982.616,1295.148
25.230,165.452,0.069,4,7983.347,1295.888
25.240,165.468,0.069,4,7984.077,1296.628
25.250,165.483,0.069,4,7984.806,1297.367
25.260,165.498,0.069,4,7985.536,1298.107
25.270,165.513,0.069,4,7986.265,1298.847
25.280,165.528,0.069,4,7986.993,1299.587
25.290,165.543,0.069,4,7987.722,1300.327
25.300,165.558,0.069,4,7988.450,1301.067
25.310,165.573,0.069,4,7989.178,1301.807
25.320,165.588,0.069,4,7989.905,1302.547
25.330,165.603,0.069,4,7990.632,1303.288
25.340,165.618,0.069,4,7991.359,1304.028
25.350,165.633,0.069,4,7992.085,1304.768
25.360,165.649,0.069,4,7992.811,1305.509
25.370,165.664,0.069,4,7993.537,1306.249
25.380,165.679,0.068,4,7994.262,1306.990
25.390,165.694,0.068,4,7994.987,1307.731
25.400,165.709,0.068,4,7995.712,1308.471
25.410,165.724,0.068,4,7996.437,1309.212
25.420,165.739,0.068,4,7997.161,1309.953
25.430,165.754,0.068,4,7997.884,1310.694
25.440,165.769,0.068,4,7998.608,1311.435
25.450,165.784,0.068,4,7999.331,1312.176
25.460,165.799,0.068,4,8000.054,1312.917
25.470,165.814,0.068,4,8000.776,1313.659
25.480,165.829,0.068,4,8001.498,1314.400
25.490,165.844,0.068,4,8002.220,1315.141
25.500,165.858,0.068,4,8002.941,1315.883
25.510,165.873,0.068,4,8003.663,1316.624
25.520,165.888,0.068,4,8004.383,1317.366
25.530,165.903,0.068,4,8005.104,1318.107
25.540,165.918,0.068,4,8005.824,1318.849
25.550,165.933,0.068,4,8006.544,1319.591
25.560,165.948,0.068,4,8007.263,1320.333
25.570,165.963,0.068,4,8007.983,1321.074
25.580,165.978,0.068,4,8008.701,1321.816
25.590,165.993,0.068,4,8009.420,1322.558
25.600,166.008,0.068,4,8010.138,1323.301
25.610,166.023,0.068,4,8010.856,1324.043
25.620,166.037,0.068,4,8011.573,1324.785
25.630,166.052,0.068,4,8012.291,1325.527
25.640,166.067,0.068,4,8013.008,1326.270
25.650,166.082,0.068,4,8013.724,1327.012
25.660,166.097,0.068,4,8014.440,1327.754
25.670,166.112,0.068,4,8015.156,1328.497
25.680,166.126,0.068,4,8015.872,1329.240
25.690,166.141,0.068,4,8016.587,1329.982
25.700,166.156,0.067,4,8017.302,1330.725
25.710,166.171,0.067,4,8018.017,1331.468
25.720,166.186,0.067,4,8018.731,1332.211
25.730,166.201,0.067,4,8019.445,1332.954
25.740,166.215,0.067,4,8020.158,1333.697
25.750,166.230,0.067,4,8020.872,1334.440
25.760,166.245,0.067,4,8021.585,1335.183
25.770,166.260,0.067,4,8022.297,1335.926
25.780,166.274,0.067,4,8023.010,1336.669
25.790,166.289,0.067,4,8023.722,1337.413
25.800,166.304,0.067,4,8024.433,1338.156
25.810,166.319,0.067,4,8025.145,1338.900
25.820,166.333,0.067,4,8025.856,1339.643
25.830,166.348,0.067,4,8026.567,1340.387
25.840,166.363,0.067,4,8027.277,1341.130
25.850,166.378,0.067,4,8027.987,1341.874
25.860,166.392,0.067,4,8028.697,1342.618
25.870,166.407,0.067,4,8029.406,1343.362
25.880,166.422,0.067,4,8030.115,1344.106
25.890,166.436,0.067,4,8030.824,1344.850
25.900,166.451,0.067,4,8031.532,1345.594
25.910,166.466,0.067,4,8032.241,1346.338
25.920,166.480,0.067,4,8032.948,1347.082
25.930,166.495,0.067,4,8033.656,1347.827
25.940,166.510,0.067,4,8034.363,1348.571
25.950,166.524,0.067,4,8035.070,1349.315
25.960,166.539,0.067,4,8035.776,1350.060
25.970,166.554,0.067,4,8036.483,1350.804
25.980,166.568,0.067,4,8037.188,1351.549
25.990,166.583,0.067,4,8037.894,1352.293
26.000,166.597,0.067,4,8038.599,1353.038
26.010,166.612,0.067,4,8039.304,1353.783
26.020,166.627,0.067,4,8040.009,1354.528
26.030,166.641,0.066,4,8040.713,1355.273
26.040,166.656,0.066,4,8041.417,1356.018
26.050,166.670,0.066,4,8042.120,1356.763
26.060,166.685,0.066,4,8042.824,1357.508
26.070,166.700,0.066,4,8043.527,1358.253
26.080,166.714,0.066,4,8044.229,1358.998
26.090,166.729,0.066,4,8044.932,1359.744
26.100,166.743,0.066,4,8045.634,1360.489
26.110,166.758,0.066,4,8046.335,1361.234
26.120,166.772,0.066,4,8047.037,1361.980
26.130,166.787,0.066,4,8047.738,1362.726
26.140,166.801,0.066,4,8048.439,1363.471
26.150,166.816,0.066,4,8049.139,1364.217
26.160,166.830,0.066,4,8049.839,1364.963
26.170,166.845,0.066,4,8050.539,1365.708
26.180,166.859,0.066,4,8051.238,1366.454
26.190,166.874,0.066,4,8051.937,1367.200
26.200,166.888,0.066,4,8052.636,1367.946
26.210,166.903,0.066,4,8053.335,1368.692
26.220,166.917,0.066,4,8054.033,1369.439
26.230,166.932,0.066,4,8054.731,1370.185
26.240,166.946,0.066,4,8055.428,1370.931
26.250,166.961,0.066,4,8056.126,1371.677
26.260,166.975,0.066,4,8056.822,1372.424
26.270,166.990,0.066,4,8057.519,1373.170
26.280,167.004,0.066,4,8058.215,1373.917
26.290,167.018,0.066,4,8058.911,1374.663
26.300,167.033,0.066,4,8059.607,1375.410
26.310,167.047,0.066,4,8060.302,1376.157
26.320,167.062,0.066,4,8060.997,1376.904
26.330,167.076,0.066,4,8061.692,1377.651
26.340,167.090,0.066,4,8062.386,1378.397
26.350,167.105,0.066,4,8063.080,1379.144
26.360,167.119,0.065,4,8063.774,1379.892
26.370,167.134,0.065,4,8064.467,1380.639
26.380,167.148,0.065,4,8065.160,1381.386
26.390,167.162,0.065,4,8065.853,1382.133
26.400,167.177,0.065,4,8066.546,1382.880
26.410,167.191,0.065,4,8067.238,1383.628
26.420,167.205,0.065,4,8067.930,1384.375
26.430,167.220,0.065,4,8068.621,1385.123
26.440,167.234,0.065,4,8069.312,1385.870
26.450,167.248,0.065,4,8070.003,1386.618
26.460,167.263,0.065,4,8070.694,1387.366
26.470,167.277,0.065,4,8071.384,1388.113
26.480,167.291,0.065,4,8072.074,1388.861
26.490,167.306,0.065,4,8072.763,1389.609
26.500,167.320,0.065,4,8073.453,1390.357
26.510,167.334,0.065,4,8074.142,1391.105
26.520,167.348,0.065,4,8074.830,1391.853
26.530,167.363,0.065,4,8075.519,1392.601
26.540,167.377,0.065,4,8076.207,1393.349
26.550,167.391,0.065,4,8076.894,1394.098
26.560,167.405,0.065,4,8077.582,1394.846
26.570,167.420,0.065,4,8078.269,1395.595
26.580,167.434,0.065,4,8078.956,1396.343
26.590,167.448,0.065,4,8079.642,1397.091
26.600,167.462,0.065,4,8080.328,1397.840
26.610,167.477,0.065,4,8081.014,1398.589
26.620,167.491,0.065,4,8081.699,1399.337
26.630,167.505,0.065,4,8082.385,1400.086
26.640,167.519,0.065,4,8083.070,1400.835
26.650,167.533,0.065,4,8083.754,1401.584
26.660,167.547,0.065,4,8084.438,1402.333
26.670,167.562,0.065,4,8085.122,1403.082
26.680,167.576,0.065,4,8085.806,1403.831
26.690,167.590,0.065,4,8086.489,1404.580
26.700,167.604,0.064,4,8087.172,1405.329
26.710,167.618,0.064,4,8087.855,1406.079
26.720,167.632,0.064,4,8088.537,1406.828
26.730,167.647,0.064,4,8089.219,1407.578
26.740,167.661,0.064,4,8089.901,1408.327
26.750,167.675,0.064,4,8090.582,1409.077
26.760,167.689,0.064,4,8091.264,1409.826
26.770,167.703,0.064,4,8091.944,1410.576
26.780,167.717,0.064,4,8092.625,1411.326
26.790,167.731,0.064,4,8093.305,1412.075
26.800,167.745,0.064,4,8093.985,1412.825
26.810,167.759,0.064,4,8094.664,1413.575
26.820,167.773,0.064,4,8095.344,1414.325
26.830,167.788,0.064,4,8096.023,1415.075
26.840,167.802,0.064,4,8096.701,1415.825
26.850,167.816,0.064,4,8097.380,1416.575
26.860,167.830,0.064,4,8098.058,1417.326
26.870,167.844,0.064,4,8098.735,1418.076
26.880,167.858,0.064,4,8099.413,1418.826
26.890,167.872,0.064,4,8100.090,1419.577
26.900,167.886,0.064,4,8100.766,1420.327
26.910,167.900,0.064,4,8101.443,1421.078
26.920,167.914,0.064,4,8102.119,1421.828
26.930,167.928,0.064,4,8102.795,1422.579
26.940,167.942,0.064,4,8103.470,1423.330
26.950,167.956,0.064,4,8104.145,1424.081
26.960,167.970,0.064,4,8104.820,1424.831
26.970,167.984,0.064,4,8105.495,1425.582
26.980,167.998,0.064,4,8106.169,1426.333
26.990,168.012,0.064,4,8106.843,1427.084
27.000,168.026,0.064,4,8107.517,1427.836
27.010,168.040,0.064,4,8108.190,1428.587
27.020,168.054,0.064,4,8108.863,1429.338
27.030,168.068,0.064,4,8109.536,1430.089
27.040,168.082,0.063,4,8110.208,1430.841
27.050,168.095,0.063,4,8110.880,1431.592
27.060,168.109,0.063,4,8111.552,1432.343
27.070,168.123,0.063,4,8112.224,1433.095
27.080,168.137,0.063,4,8112.895,1433.847
27.090,168.151,0.063,4,8113.566,1434.598
27.100,168.165,0.063,4,8114.236,1435.350
27.110,168.179,0.063,4,8114.906,1436.102
27.120,168.193,0.063,4,8115.576,1436.854
27.130,168.207,0.063,4,8116.246,1437.606
27.140,168.221,0.063,4,8116.915,1438.358
27.150,168.234,0.063,4,8117.584,1439.110
27.160,168.248,0.063,4,8118.253,1439.862
27.170,168.262,0.063,4,8118.921,1440.614
27.180,168.276,0.063,4,8119.589,1441.366
27.190,168.290,0.063,4,8120.257,1442.118
27.200,168.304,0.063,4,8120.925,1442.871
27.210,168.317,0.063,4,8121.592,1443.623
27.220,168.331,0.063,4,8122.259,1444.376
27.230,168.345,0.063,4,8122.925,1445.128
27.240,168.359,0.063,4,8123.591,1445.881
27.250,168.373,0.063,4,8124.257,1446.633
27.260,168.387,0.063,4,8124.923,1447.386
27.270,168.400,0.063,4,8125.588,1448.139
27.280,168.414,0.063,4,8126.253,1448.892
27.290,168.428,0.063,4,8126.918,1449.645
27.300,168.442,0.063,4,8127.582,1450.398
27.310,168.455,0.063,4,8128.246,1451.151
27.320,168.469,0.063,4,8128.910,1451.904
27.330,168.483,0.063,4,8129.574,1452.657
27.340,168.497,0.063,4,8130.237,1453.410
27.350,168.510,0.063,4,8130.900,1454.163
27.360,168.524,0.063,4,8131.562,1454.917
27.370,168.538,0.063,4,8132.224,1455.670
27.380,168.552,0.062,4,8132.886,1456.424
27.390,168.565,0.062,4,8133.548,1457.177
27.400,168.579,0.062,4,8134.209,1457.931
27.410,168.593,0.062,4,8134.870,1458.684
27.420,168.606,0.062,4,8135.531,1459.438
27.430,168.620,0.062,4,8136.192,1460.192
27.440,168.634,0.062,4,8136.852,1460.946
27.450,168.647,0.062,4,8137.511,1461.700
27.460,168.661,0.062,4,8138.171,1462.454
27.470,168.675,0.062,4,8138.830,1463.208
27.480,168.688,0.062,4,8139.489,1463.962
27.490,168.702,0.062,4,8140.148,1464.716
27.500,168.716,0.062,4,8140.806,1465.470
27.510,168.729,0.062,4,8141.464,1466.224
27.520,168.743,0.062,4,8142.122,1466.979
27.530,168.757,0.062,4,8142.779,1467.733
27.540,168.770,0.062,4,8143.436,1468.487
27.550,168.784,0.062,4,8144.093,1469.242
27.560,168.797,0.062,4,8144.749,1469.996
27.570,168.811,0.062,4,8145.405,1470.751
27.580,168.825,0.062,4,8146.061,1471.506
27.590,168.838,0.062,4,8146.717,1472.260
27.600,168.852,0.062,4,8147.372,1473.015
27.610,168.865,0.062,4,8148.027,1473.770
27.620,168.879,0.062,4,8148.682,1474.525
27.630,168.892,0.062,4,8149.336,1475.280
27.640,168.906,0.062,4,8149.990,1476.035
27.650,168.920,0.062,4,8150.644,1476.790
27.660,168.933,0.062,4,8151.297,1477.545
27.670,168.947,0.062,4,8151.950,1478.301
27.680,168.960,0.062,4,8152.603,1479.056
27.690,168.974,0.062,4,8153.256,1479.811
27.700,168.987,0.062,4,8153.908,1480.567
27.710,169.001,0.062,4,8154.560,1481.322
27.720,169.014,0.062,4,8155.212,1482.078
27.730,169.028,0.061,4,8155.863,1482.833
27.740,169.041,0.061,4,8156.514,1483.589
27.750,169.055,0.061,4,8157.165,1484.345
27.760,169.068,0.061,4,8157.815,1485.100
27.770,169.082,0.061,4,8158.465,1485.856
27.780,169.095,0.061,4,8159.115,1486.612
27.790,169.109,0.061,4,8159.764,1487.368
27.800,169.122,0.061,4,8160.414,1488.124
27.810,169.135,0.061,4,8161.063,1488.880
27.820,169.149,0.061,4,8161.711,1489.636
27.830,169.162,0.061,4,8162.360,1490.392
27.840,169.176,0.061,4,8163.008,1491.149
27.850,169.189,0.061,4,8163.655,1491.905
27.860,169.203,0.061,4,8164.303,1492.661
27.870,169.216,0.061,4,8164.950,1493.418
27.880,169.229,0.061,4,8165.597,1494.174
27.890,169.243,0.061,4,8166.243,1494.931
27.900,169.256,0.061,4,8166.889,1495.687
27.910,169.270,0.061,4,8167.535,1496.444
27.920,169.283,0.061,4,8168.181,1497.201
27.930,169.296,0.061,4,8168.826,1497.958
27.940,169.310,0.061,4,8169.471,1498.715
27.950,169.323,0.061,4,8170.116,1499.471
27.960,169.336,0.061,4,8170.760,1500.228
27.970,169.350,0.061,4,8171.404,1500.985
27.980,169.363,0.061,4,8172.048,1501.743
27.990,169.377,0.061,4,8172.692,1502.500
28.000,169.390,0.061,4,8173.335,1503.257
28.010,169.403,0.061,4,8173.978,1504.014
28.020,169.416,0.061,4,8174.621,1504.771
28.030,169.430,0.061,4,8175.263,1505.529
28.040,169.443,0.061,4,8175.905,1506.286
28.050,169.456,0.061,4,8176.547,1507.044
28.060,169.470,0.061,4,8177.188,1507.801
28.070,169.483,0.061,4,8177.829,1508.559
28.080,169.496,0.060,4,8178.470,1509.317
28.090,169.510,0.060,4,8179.111,1510.074
28.100,169.523,0.060,4,8179.751,1510.832
28.110,169.536,0.060,4,8180.391,1511.590
28.120,169.549,0.060,4,8181.030,1512.348
28.130,169.563,0.060,4,8181.670,1513.106
28.140,169.576,0.060,4,8182.309,1513.864
28.150,169.589,0.060,4,8182.948,1514.622
28.160,169.602,0.060,4,8183.586,1515.380
28.170,169.616,0.060,4,8184.224,1516.139
28.180,169.629,0.060,4,8184.862,1516.897
28.190,169.642,0.060,4,8185.500,1517.655
28.200,169.655,0.060,4,8186.137,1518.414
28.210,169.668,0.060,4,8186.774,1519.172
28.220,169.682,0.060,4,8187.411,1519.930
28.230,169.695,0.060,4,8188.047,1520.689
28.240,169.708,0.060,4,8188.683,1521.448
28.250,169.721,0.060,4,8189.319,1522.206
28.260,169.734,0.060,4,8189.954,1522.965
28.270,169.747,0.060,4,8190.590,1523.724
28.280,169.761,0.060,4,8191.225,1524.483
28.290,169.774,0.060,4,8191.859,1525.242
28.300,169.787,0.060,4,8192.493,1526.001
28.310,169.800,0.060,4,8193.128,1526.760
28.320,169.813,0.060,4,8193.761,1527.519
28.330,169.826,0.060,4,8194.395,1528.278
28.340,169.839,0.060,4,8195.028,1529.037
28.350,169.853,0.060,4,8195.661,1529.797
28.360,169.866,0.060,4,8196.293,1530.556
28.370,169.879,0.060,4,8196.926,1531.315
28.380,169.892,0.060,4,8197.557,1532.075
28.390,169.905,0.060,4,8198.189,1532.834
28.400,169.918,0.060,4,8198.821,1533.594
28.410,169.931,0.060,4,8199.452,1534.353
28.420,169.944,0.060,4,8200.082,1535.113
28.430,169.957,0.060,4,8200.713,1535.873
28.440,169.970,0.059,4,8201.343,1536.633
28.450,169.983,0.059,4,8201.973,1537.393
28.460,169.996,0.059,4,8202.603,1538.152
28.470,170.009,0.059,4,8203.232,1538.912
28.480,170.022,0.059,4,8203.861,1539.672
28.490,170.036,0.059,4,8204.490,1540.433
28.500,170.049,0.059,4,8205.118,1541.193
28.510,170.062,0.059,4,8205.746,1541.953
28.520,170.075,0.059,4,8206.374,1542.713
28.530,170.088,0.059,4,8207.002,1543.474
28.540,170.101,0.059,4,8207.629,1544.234
28.550,170.114,0.059,4,8208.256,1544.994
28.560,170.127,0.059,4,8208.883,1545.755
28.570,170.140,0.059,4,8209.509,1546.515
28.580,170.153,0.059,4,8210.135,1547.276
28.590,170.165,0.059,4,8210.761,1548.037
28.600,170.178,0.059,4,8211.387,1548.797
28.610,170.191,0.059,4,8212.012,1549.558
28.620,170.204,0.059,4,8212.637,1550.319
28.630,170.217,0.059,4,8213.261,1551.080
28.640,170.230,0.059,4,8213.886,1551.841
28.650,170.243,0.059,4,8214.510,1552.602
28.660,170.256,0.059,4,8215.134,1553.363
28.670,170.269,0.059,4,8215.757,1554.124
28.680,170.282,0.059,4,8216.380,1554.885
28.690,170.295,0.059,4,8217.003,1555.647
28.700,170.308,0.059,4,8217.626,1556.408
28.710,170.321,0.059,4,8218.248,1557.169
28.720,170.334,0.059,4,8218.870,1557.931
28.730,170.346,0.059,4,8219.492,1558.692
28.740,170.359,0.059,4,8220.113,1559.454
28.750,170.372,0.059,4,8220.735,1560.215
28.760,170.385,0.059,4,8221.355,1560.977
28.770,170.398,0.059,4,8221.976,1561.739
28.780,170.411,0.059,4,8222.596,1562.501
28.790,170.424,0.059,4,8223.216,1563.262
28.800,170.436,0.059,4,8223.836,1564.024
28.810,170.449,0.058,4,8224.456,1564.786
28.820,170.462,0.058,4,8225.075,1565.548
28.830,170.475,0.058,4,8225.694,1566.310
28.840,170.488,0.058,4,8226.312,1567.072
28.850,170.501,0.058,4,8226.930,1567.835
28.860,170.513,0.058,4,8227.548,1568.597
28.870,170.526,0.058,4,8228.166,1569.359
28.880,170.539,0.058,4,8228.783,1570.121
28.890,170.552,0.058,4,8229.401,1570.884
28.900,170.565,0.058,4,8230.017,1571.646
28.910,170.577,0.058,4,8230.634,1572.409
28.920,170.590,0.058,4,8231.250,1573.171
28.930,170.603,0.058,4,8231.866,1573.934
28.940,170.616,0.058,4,8232.482,1574.697
28.950,170.628,0.058,4,8233.097,1575.460
28.960,170.641,0.058,4,8233.712,1576.222
28.970,170.654,0.058,4,8234.327,1576.985
28.980,170.667,0.058,4,8234.942,1577.748
28.990,170.679,0.058,4,8235.556,1578.511
29.000,170.692,0.058,4,8236.170,1579.274
29.010,170.705,0.058,4,8236.784,1580.037
29.020,170.718,0.058,4,8237.397,1580.800
29.030,170.730,0.058,4,8238.010,1581.564
29.040,170.743,0.058,4,8238.623,1582.327
29.050,170.756,0.058,4,8239.235,1583.090
29.060,170.768,0.058,4,8239.848,1583.853
29.070,170.781,0.058,4,8240.460,1584.617
29.080,170.794,0.058,4,8241.071,1585.380
29.090,170.806,0.058,4,8241.683,1586.144
29.100,170.819,0.058,4,8242.294,1586.908
29.110,170.832,0.058,4,8242.905,1587.671
29.120,170.844,0.058,4,8243.515,1588.435
29.130,170.857,0.058,4,8244.125,1589.199
29.140,170.870,0.058,4,8244.735,1589.963
29.150,170.882,0.058,4,8245.345,1590.726
29.160,170.895,0.058,4,8245.954,1591.490
29.170,170.907,0.057,4,8246.563,1592.254
29.180,170.920,0.057,4,8247.172,1593.018
29.190,170.933,0.057,4,8247.781,1593.782
29.200,170.945,0.057,4,8248.389,1594.547
29.210,170.958,0.057,4,8248.997,1595.311
29.220,170.971,0.057,4,8249.605,1596.075
29.230,170.983,0.057,4,8250.212,1596.839
29.240,170.996,0.057,4,8250.819,1597.604
29.250,171.008,0.057,4,8251.426,1598.368
29.260,171.021,0.057,4,8252.032,1599.133
29.270,171.033,0.057,4,8252.639,1599.897
29.280,171.046,0.057,4,8253.245,1600.662
29.290,171.058,0.057,4,8253.850,1601.427
29.300,171.071,0.057,4,8254.456,1602.191
29.310,171.084,0.057,4,8255.061,1602.956
29.320,171.096,0.057,4,8255.666,1603.721
29.330,171.109,0.057,4,8256.270,1604.486
29.340,171.121,0.057,4,8256.874,1605.251
29.350,171.134,0.057,4,8257.478,1606.016
29.360,171.146,0.057,4,8258.082,1606.781
29.370,171.159,0.057,4,8258.686,1607.546
29.380,171.171,0.057,4,8259.289,1608.311
29.390,171.184,0.057,4,8259.892,1609.076
29.400,171.196,0.057,4,8260.494,1609.842
29.410,171.209,0.057,4,8261.096,1610.607
29.420,171.221,0.057,4,8261.698,1611.372
29.430,171.234,0.057,4,8262.300,1612.138
29.440,171.246,0.057,4,8262.902,1612.903
29.450,171.259,0.057,4,8263.503,1613.669
29.460,171.271,0.057,4,8264.104,1614.435
29.470,171.283,0.057,4,8264.704,1615.200
29.480,171.296,0.057,4,8265.304,1615.966
29.490,171.308,0.057,4,8265.904,1616.732
29.500,171.321,0.057,4,8266.504,1617.498
29.510,171.333,0.057,4,8267.104,1618.264
29.520,171.346,0.057,4,8267.703,1619.030
29.530,171.358,0.057,4,8268.302,1619.796
29.540,171.370,0.057,4,8268.900,1620.562
29.550,171.383,0.056,4,8269.499,1621.328
29.560,171.395,0.056,4,8270.097,1622.094
29.570,171.408,0.056,4,8270.695,1622.860
29.580,171.420,0.056,4,8271.292,1623.626
29.590,171.432,0.056,4,8271.889,1624.393
29.600,171.445,0.056,4,8272.486,1625.159
29.610,171.457,0.056,4,8273.083,1625.926
29.620,171.469,0.056,4,8273.679,1626.692
29.630,171.482,0.056,4,8274.275,1627.459
29.640,171.494,0.056,4,8274.871,1628.225
29.650,171.506,0.056,4,8275.467,1628.992
29.660,171.519,0.056,4,8276.062,1629.759
29.670,171.531,0.056,4,8276.657,1630.525
29.680,171.543,0.056,4,8277.252,1631.292
29.690,171.556,0.056,4,8277.846,1632.059
29.700,171.568,0.056,4,8278.440,1632.826
29.710,171.580,0.056,4,8279.034,1633.593
29.720,171.593,0.056,4,8279.628,1634.360
29.730,171.605,0.056,4,8280.221,1635.127
29.740,171.617,0.056,4,8280.814,1635.895
29.750,171.630,0.056,4,8281.407,1636.662
29.760,171.642,0.056,4,8281.999,1637.429
29.770,171.654,0.056,4,8282.591,1638.196
29.780,171.666,0.056,4,8283.183,1638.964
29.790,171.679,0.056,4,8283.775,1639.731
29.800,171.691,0.056,4,8284.366,1640.499
29.810,171.703,0.056,4,8284.957,1641.266
29.820,171.715,0.056,4,8285.548,1642.034
29.830,171.728,0.056,4,8286.139,1642.802
29.840,171.740,0.056,4,8286.729,1643.569
29.850,171.752,0.056,4,8287.319,1644.337
29.860,171.764,0.056,4,8287.909,1645.105
29.870,171.777,0.056,4,8288.498,1645.873
29.880,171.789,0.056,4,8289.087,1646.641
29.890,171.801,0.056,4,8289.676,1647.409
29.900,171.813,0.056,4,8290.265,1648.177
29.910,171.825,0.056,4,8290.853,1648.945
29.920,171.838,0.056,4,8291.441,1649.713
29.930,171.850,0.055,4,8292.029,1650.481
29.940,171.862,0.055,4,8292.616,1651.249
29.950,171.874,0.055,4,8293.203,1652.018
29.960,171.886,0.055,4,8293.790,1652.786
29.970,171.898,0.055,4,8294.377,1653.555
29.980,171.911,0.055,4,8294.963,1654.323
29.990,171.923,0.055,4,8295.549,1655.092
30.000,171.935,0.055,4,8296.135,1655.860
30.010,171.947,0.055,4,8296.721,1656.629
30.020,171.959,0.055,4,8297.306,1657.397
30.030,171.971,0.055,4,8297.891,1658.166
30.040,171.983,0.055,4,8298.476,1658.935
30.050,171.995,0.055,4,8299.060,1659.704
30.060,172.008,0.055,4,8299.644,1660.473
30.070,172.020,0.055,4,8300.228,1661.242
30.080,172.032,0.055,4,8300.812,1662.011
30.090,172.044,0.055,4,8301.395,1662.780
30.100,172.056,0.055,4,8301.978,1663.549
30.110,172.068,0.055,4,8302.561,1664.318
30.120,172.080,0.055,4,8303.144,1665.087
30.130,172.092,0.055,4,8303.726,1665.857
30.140,172.104,0.055,4,8304.308,1666.626
30.150,172.116,0.055,4,8304.889,1667.395
30.160,172.128,0.055,4,8305.471,1668.165
30.170,172.140,0.055,4,8306.052,1668.934
30.180,172.152,0.055,4,8306.633,1669.704
30.190,172.164,0.055,4,8307.213,1670.474
30.200,172.176,0.055,4,8307.794,1671.243
30.210,172.188,0.055,4,8308.374,1672.013
30.220,172.200,0.055,4,8308.954,1672.783
30.230,172.213,0.055,4,8309.533,1673.553
30.240,172.225,0.055,4,8310.112,1674.322
30.250,172.237,0.055,4,8310.691,1675.092
30.260,172.249,0.055,4,8311.270,1675.862
30.270,172.260,0.055,4,8311.848,1676.632
30.280,172.272,0.055,4,8312.427,1677.403
30.290,172.284,0.055,4,8313.004,1678.173
30.300,172.296,0.055,4,8313.582,1678.943
30.310,172.308,0.054,4,8314.159,1679.713
30.320,172.320,0.054,4,8314.736,1680.483
30.330,172.332,0.054,4,8315.313,1681.254
30.340,172.344,0.054,4,8315.890,1682.024
30.350,172.356,0.054,4,8316.466,1682.795
30.360,172.368,0.054,4,8317.042,1683.565
30.370,172.380,0.054,4,8317.618,1684.336
30.380,172.392,0.054,4,8318.193,1685.106
30.390,172.404,0.054,4,8318.768,1685.877
30.400,172.416,0.054,4,8319.343,1686.648
30.410,172.428,0.054,4,8319.918,1687.419
30.420,172.440,0.054,4,8320.492,1688.190
30.430,172.452,0.054,4,8321.066,1688.960
30.440,172.463,0.054,4,8321.640,1689.731
30.450,172.475,0.054,4,8322.213,1690.502
30.460,172.487,0.054,4,8322.786,1691.273
30.470,172.499,0.054,4,8323.359,1692.045
30.480,172.511,0.054,4,8323.932,1692.816
30.490,172.523,0.054,4,8324.505,1693.587
30.500,172.535,0.054,4,8325.077,1694.358
30.510,172.546,0.054,4,8325.649,1695.130
30.520,172.558,0.054,4,8326.220,1695.901
30.530,172.570,0.054,4,8326.792,1696.672
30.540,172.582,0.054,4,8327.363,1697.444
30.550,172.594,0.054,4,8327.934,1698.215
30.560,172.606,0.054,4,8328.504,1698.987
30.570,172.617,0.054,4,8329.074,1699.759
30.580,172.629,0.054,4,8329.644,1700.530
30.590,172.641,0.054,4,8330.214,1701.302
30.600,172.653,0.054,4,8330.784,1702.074
30.610,172.665,0.054,4,8331.353,1702.846
30.620,172.677,0.054,4,8331.922,1703.618
30.630,172.688,0.054,4,8332.490,1704.390
30.640,172.700,0.054,4,8333.059,1705.162
30.650,172.712,0.054,4,8333.627,1705.934
30.660,172.724,0.054,4,8334.195,1706.706
30.670,172.735,0.054,4,8334.762,1707.478
30.680,172.747,0.054,4,8335.330,1708.250
30.690,172.759,0.054,4,8335.897,1709.022
30.700,172.771,0.054,4,8336.463,1709.795
30.710,172.782,0.053,4,8337.030,1710.567
30.720,172.794,0.053,4,8337.596,1711.340
30.730,172.806,0.053,4,8338.162,1712.112
30.740,172.818,0.053,4,8338.728,1712.885
30.750,172.829,0.053,4,8339.293,1713.657
30.760,172.841,0.053,4,8339.858,1714.430
30.770,172.853,0.053,4,8340.423,1715.202
30.780,172.864,0.053,4,8340.988,1715.975
30.790,172.876,0.053,4,8341.552,1716.748
30.800,172.888,0.053,4,8342.116,1717.521
30.810,172.899,0.053,4,8342.680,1718.294
30.820,172.911,0.053,4,8343.244,1719.067
30.830,172.923,0.053,4,8343.807,1719.840
30.840,172.934,0.053,4,8344.370,1720.613
30.850,172.946,0.053,4,8344.933,1721.386
30.860,172.958,0.053,4,8345.495,1722.159
30.870,172.969,0.053,4,8346.058,1722.932
30.880,172.981,0.053,4,8346.620,1723.706
30.890,172.993,0.053,4,8347.181,1724.479
30.900,173.004,0.053,4,8347.743,1725.252
30.910,173.016,0.053,4,8348.304,1726.026
30.920,173.028,0.053,4,8348.865,1726.799
30.930,173.039,0.053,4,8349.426,1727.573
30.940,173.051,0.053,4,8349.986,1728.346
30.950,173.062,0.053,4,8350.546,1729.120
30.960,173.074,0.053,4,8351.106,1729.894
30.970,173.086,0.053,4,8351.665,1730.667
30.980,173.097,0.053,4,8352.225,1731.441
30.990,173.109,0.053,4,8352.784,1732.215
31.000,173.120,0.053,4,8353.343,1732.989
31.010,173.132,0.053,4,8353.901,1733.763
31.020,173.144,0.053,4,8354.459,1734.537
31.030,173.155,0.053,4,8355.017,1735.311
31.040,173.167,0.053,4,8355.575,1736.085
31.050,173.178,0.053,4,8356.133,1736.859
31.060,173.190,0.053,4,8356.690,1737.633
31.070,173.201,0.053,4,8357.247,1738.408
31.080,173.213,0.053,4,8357.803,1739.182
31.090,173.224,0.053,4,8358.360,1739.956
31.100,173.236,0.052,4,8358.916,1740.731
31.110,173.247,0.052,4,8359.472,1741.505
31.120,173.259,0.052,4,8360.027,1742.280
31.130,173.270,0.052,4,8360.583,1743.054
31.140,173.282,0.052,4,8361.138,1743.829
31.150,173.293,0.052,4,8361.693,1744.603
31.160,173.305,0.052,4,8362.247,1745.378
31.170,173.316,0.052,4,8362.801,1746.153
31.180,173.328,0.052,4,8363.355,1746.928
31.190,173.339,0.052,4,8363.909,1747.703
31.200,173.351,0.052,4,8364.463,1748.477
31.210,173.362,0.052,4,8365.016,1749.252
31.220,173.374,0.052,4,8365.569,1750.027
31.230,173.385,0.052,4,8366.122,1750.803
31.240,173.397,0.052,4,8366.674,1751.578
31.250,173.408,0.052,4,8367.226,1752.353
31.260,173.420,0.052,4,8367.778,1753.128
31.270,173.431,0.052,4,8368.330,1753.903
31.280,173.442,0.052,4,8368.881,1754.679
31.290,173.454,0.052,4,8369.432,1755.454
31.300,173.465,0.052,4,8369.983,1756.230
31.310,173.477,0.052,4,8370.534,1757.005
31.320,173.488,0.052,4,8371.084,1757.781
31.330,173.500,0.052,4,8371.634,1758.556
31.340,173.511,0.052,4,8372.184,1759.332
31.350,173.522,0.052,4,8372.734,1760.107
31.360,173.534,0.052,4,8373.283,1760.883
31.370,173.545,0.052,4,8373.832,1761.659
31.380,173.556,0.052,4,8374.381,1762.435
31.390,173.568,0.052,4,8374.930,1763.211
31.400,173.579,0.052,4,8375.478,1763.987
31.410,173.591,0.052,4,8376.026,1764.763
31.420,173.602,0.052,4,8376.574,1765.539
31.430,173.613,0.052,4,8377.121,1766.315
31.440,173.625,0.052,4,8377.668,1767.091
31.450,173.636,0.052,4,8378.215,1767.867
31.460,173.647,0.052,4,8378.762,1768.643
31.470,173.659,0.052,4,8379.308,1769.420
31.480,173.670,0.052,4,8379.855,1770.196
31.490,173.681,0.052,4,8380.401,1770.972
31.500,173.693,0.052,4,8380.946,1771.749
31.510,173.704,0.051,4,8381.492,1772.525
31.520,173.715,0.051,4,8382.037,1773.302
31.530,173.726,0.051,4,8382.582,1774.078
31.540,173.738,0.051,4,8383.126,1774.855
31.550,173.749,0.051,4,8383.671,1775.632
31.560,173.760,0.051,4,8384.215,1776.409
31.570,173.772,0.051,4,8384.759,1777.185
31.580,173.783,0.051,4,8385.302,1777.962
31.590,173.794,0.051,4,8385.846,1778.739
31.600,173.805,0.051,4,8386.389,1779.516
31.610,173.817,0.051,4,8386.931,1780.293
31.620,173.828,0.051,4,8387.474,1781.070
31.630,173.839,0.051,4,8388.016,1781.847
31.640,173.850,0.051,4,8388.558,1782.624
31.650,173.862,0.051,4,8389.100,1783.402
31.660,173.873,0.051,4,8389.642,1784.179
31.670,173.884,0.051,4,8390.183,1784.956
31.680,173.895,0.051,4,8390.724,1785.734
31.690,173.906,0.051,4,8391.265,1786.511
31.700,173.918,0.051,4,8391.805,1787.288
31.710,173.929,0.051,4,8392.345,1788.066
31.720,173.940,0.051,4,8392.885,1788.843
31.730,173.951,0.051,4,8393.425,1789.621
31.740,173.962,0.051,4,8393.965,1790.399
31.750,173.973,0.051,4,8394.504,1791.176
31.760,173.985,0.051,4,8395.043,1791.954
31.770,173.996,0.051,4,8395.582,1792.732
31.780,174.007,0.051,4,8396.120,1793.510
31.790,174.018,0.051,4,8396.658,1794.288
31.800,174.029,0.051,4,8397.196,1795.066
31.810,174.040,0.051,4,8397.734,1795.844
31.820,174.052,0.051,4,8398.271,1796.622
31.830,174.063,0.051,4,8398.808,1797.400
31.840,174.074,0.051,4,8399.345,1798.178
31.850,174.085,0.051,4,8399.882,1798.956
31.860,174.096,0.051,4,8400.418,1799.734
31.870,174.107,0.051,4,8400.954,1800.513
31.880,174.118,0.051,4,8401.490,1801.291
31.890,174.129,0.051,4,8402.026,1802.070
31.900,174.140,0.051,4,8402.561,1802.848
31.910,174.152,0.051,4,8403.096,1803.626
31.920,174.163,0.050,4,8403.631,1804.405
31.930,174.174,0.050,4,8404.166,1805.184
31.940,174.185,0.050,4,8404.700,1805.962
31.950,174.196,0.050,4,8405.234,1806.741
31.960,174.207,0.050,4,8405.768,1807.520
31.970,174.218,0.050,4,8406.302,1808.299
31.980,174.229,0.050,4,8406.835,1809.077
31.990,174.240,0.050,4,8407.368,1809.856
32.000,174.251,0.050,4,8407.901,1810.635
32.010,174.262,0.050,4,8408.434,1811.414
32.020,174.273,0.050,4,8408.966,1812.193
32.030,174.284,0.050,4,8409.498,1812.972
32.040,174.295,0.050,4,8410.030,1813.751
32.050,174.306,0.050,4,8410.561,1814.531
32.060,174.317,0.050,4,8411.093,1815.310
32.070,174.328,0.050,4,8411.624,1816.089
32.080,174.339,0.050,4,8412.154,1816.869
32.090,174.350,0.050,4,8412.685,1817.648
32.100,174.361,0.050,4,8413.215,1818.427
32.110,174.372,0.050,4,8413.745,1819.207
32.120,174.383,0.050,4,8414.275,1819.986
32.130,174.394,0.050,4,8414.805,1820.766
32.140,174.405,0.050,4,8415.334,1821.546
32.150,174.416,0.050,4,8415.863,1822.325
32.160,174.427,0.050,4,8416.392,1823.105
32.170,174.438,0.050,4,8416.920,1823.885
32.180,174.449,0.050,4,8417.448,1824.665
32.190,174.460,0.050,4,8417.976,1825.445
32.200,174.471,0.050,4,8418.504,1826.224
32.210,174.482,0.050,4,8419.032,1827.004
32.220,174.493,0.050,4,8419.559,1827.784
32.230,174.504,0.050,4,8420.086,1828.565
32.240,174.515,0.050,4,8420.613,1829.345
32.250,174.526,0.050,4,8421.139,1830.125
32.260,174.536,0.050,4,8421.666,1830.905
32.270,174.547,0.050,4,8422.192,1831.685
32.280,174.558,0.050,4,8422.717,1832.466
32.290,174.569,0.050,4,8423.243,1833.246
32.300,174.580,0.050,4,8423.768,1834.026
32.310,174.591,0.050,4,8424.293,1834.807
32.320,174.602,0.050,4,8424.818,1835.587
32.330,174.613,0.050,4,8425.342,1836.368
32.340,174.623,0.049,4,8425.866,1837.149
32.350,174.634,0.049,4,8426.390,1837.929
32.360,174.645,0.049,4,8426.914,1838.710
32.370,174.656,0.049,4,8427.438,1839.491
32.380,174.667,0.049,4,8427.961,1840.272
32.390,174.678,0.049,4,8428.484,1841.052
32.400,174.689,0.049,4,8429.007,1841.833
32.410,174.699,0.049,4,8429.529,1842.614
32.420,174.710,0.049,4,8430.051,1843.395
32.430,174.721,0.049,4,8430.573,1844.176
32.440,174.732,0.049,4,8431.095,1844.957
32.450,174.743,0.049,4,8431.617,1845.739
32.460,174.753,0.049,4,8432.138,1846.520
32.470,174.764,0.049,4,8432.659,1847.301
32.480,174.775,0.049,4,8433.180,1848.082
32.490,174.786,0.049,4,8433.700,1848.864
32.500,174.797,0.049,4,8434.220,1849.645
32.510,174.807,0.049,4,8434.740,1850.426
32.520,174.818,0.049,4,8435.260,1851.208
32.530,174.829,0.049,4,8435.780,1851.989
32.540,174.840,0.049,4,8436.299,1852.771
32.550,174.850,0.049,4,8436.818,1853.553
32.560,174.861,0.049,4,8437.337,1854.334
32.570,174.872,0.049,4,8437.855,1855.116
32.580,174.883,0.049,4,8438.373,1855.898
32.590,174.893,0.049,4,8438.891,1856.680
32.600,174.904,0.049,4,8439.409,1857.461
32.610,174.915,0.049,4,8439.927,1858.243
32.620,174.926,0.049,4,8440.444,1859.025
32.630,174.936,0.049,4,8440.961,1859.807
32.640,174.947,0.049,4,8441.478,1860.589
32.650,174.958,0.049,4,8441.994,1861.372
32.660,174.968,0.049,4,8442.510,1862.154
32.670,174.979,0.049,4,8443.026,1862.936
32.680,174.990,0.049,4,8443.542,1863.718
32.690,175.000,0.049,4,8444.058,1864.500
32.700,175.011,0.049,4,8444.573,1865.283
32.710,175.022,0.049,4,8445.088,1866.065
32.720,175.033,0.049,4,8445.603,1866.848
32.730,175.043,0.049,4,8446.117,1867.630
32.740,175.054,0.049,4,8446.632,1868.413
32.750,175.064,0.049,4,8447.146,1869.195
32.760,175.075,0.049,4,8447.660,1869.978
32.770,175.086,0.048,4,8448.173,1870.761
32.780,175.096,0.048,4,8448.686,1871.543
32.790,175.107,0.048,4,8449.199,1872.326
32.800,175.118,0.048,4,8449.712,1873.109
32.810,175.128,0.048,4,8450.225,1873.892
32.820,175.139,0.048,4,8450.737,1874.675
32.830,175.150,0.048,4,8451.249,1875.458
32.840,175.160,0.048,4,8451.761,1876.241
32.850,175.171,0.048,4,8452.273,1877.024
32.860,175.181,0.048,4,8452.784,1877.807
32.870,175.192,0.048,4,8453.295,1878.590
32.880,175.203,0.048,4,8453.806,1879.373
32.890,175.213,0.048,4,8454.317,1880.156
32.900,175.224,0.048,4,8454.827,1880.940
32.910,175.234,0.048,4,8455.337,1881.723
32.920,175.245,0.048,4,8455.847,1882.506
32.930,175.255,0.048,4,8456.357,1883.290
32.940,175.266,0.048,4,8456.866,1884.073
32.950,175.276,0.048,4,8457.375,1884.857
32.960,175.287,0.048,4,8457.884,1885.640
32.970,175.298,0.048,4,8458.393,1886.424
32.980,175.308,0.048,4,8458.901,1887.208
32.990,175.319,0.048,4,8459.409,1887.991
33.000,175.329,0.048,4,8459.917,1888.775
33.010,175.340,0.048,4,8460.425,1889.559
33.020,175.350,0.048,4,8460.932,1890.343
33.030,175.361,0.048,4,8461.439,1891.127
33.040,175.371,0.048,4,8461.946,1891.911
33.050,175.382,0.048,4,8462.453,1892.695
33.060,175.392,0.048,4,8462.960,1893.479
33.070,175.403,0.048,4,8463.466,1894.263
33.080,175.413,0.048,4,8463.972,1895.047
33.090,175.424,0.048,4,8464.477,1895.831
33.100,175.434,0.048,4,8464.983,1896.615
33.110,175.445,0.048,4,8465.488,1897.400
33.120,175.455,0.048,4,8465.993,1898.184
33.130,175.466,0.048,4,8466.498,1898.968
33.140,175.476,0.048,4,8467.002,1899.753
33.150,175.486,0.048,4,8467.507,1900.537
33.160,175.497,0.048,4,8468.011,1901.322
33.170,175.507,0.048,4,8468.515,1902.106
33.180,175.518,0.048,4,8469.018,1902.891
33.190,175.528,0.048,4,8469.521,1903.676
33.200,175.539,0.047,4,8470.024,1904.460
33.210,175.549,0.047,4,8470.527,1905.245
33.220,175.559,0.047,4,8471.030,1906.030
33.230,175.570,0.047,4,8471.532,1906.815
33.240,175.580,0.047,4,8472.034,1907.600
33.250,175.591,0.047,4,8472.536,1908.385
33.260,175.601,0.047,4,8473.038,1909.170
33.270,175.611,0.047,4,8473.539,1909.955
33.280,175.622,0.047,4,8474.040,1910.740
33.290,175.632,0.047,4,8474.541,1911.525
33.300,175.643,0.047,4,8475.042,1912.310
33.310,175.653,0.047,4,8475.542,1913.095
33.320,175.663,0.047,4,8476.042,1913.880
33.330,175.674,0.047,4,8476.542,1914.666
33.340,175.684,0.047,4,8477.042,1915.451
33.350,175.694,0.047,4,8477.541,1916.237
33.360,175.705,0.047,4,8478.041,1917.022
33.370,175.715,0.047,4,8478.540,1917.807
33.380,175.725,0.047,4,8479.038,1918.593
33.390,175.736,0.047,4,8479.537,1919.379
33.400,175.746,0.047,4,8480.035,1920.164
33.410,175.756,0.047,4,8480.533,1920.950
33.420,175.767,0.047,4,8481.031,1921.736
33.430,175.777,0.047,4,8481.528,1922.521
33.440,175.787,0.047,4,8482.026,1923.307
33.450,175.798,0.047,4,8482.523,1924.093
33.460,175.808,0.047,4,8483.019,1924.879
33.470,175.818,0.047,4,8483.516,1925.665
33.480,175.829,0.047,4,8484.012,1926.451
33.490,175.839,0.047,4,8484.508,1927.237
33.500,175.849,0.047,4,8485.004,1928.023
33.510,175.859,0.047,4,8485.500,1928.809
33.520,175.870,0.047,4,8485.995,1929.595
33.530,175.880,0.047,4,8486.490,1930.382
33.540,175.890,0.047,4,8486.985,1931.168
33.550,175.900,0.047,4,8487.480,1931.954
33.560,175.911,0.047,4,8487.974,1932.741
33.570,175.921,0.047,4,8488.469,1933.527
33.580,175.931,0.047,4,8488.963,1934.313
33.590,175.941,0.047,4,8489.456,1935.100
33.600,175.952,0.047,4,8489.950,1935.886
33.610,175.962,0.047,4,8490.443,1936.673
33.620,175.972,0.047,4,8490.936,1937.460
33.630,175.982,0.047,4,8491.429,1938.246
33.640,175.992,0.046,4,8491.921,1939.033
33.650,176.003,0.046,4,8492.414,1939.820
33.660,176.013,0.046,4,8492.906,1940.607
33.670,176.023,0.046,4,8493.397,1941.394
33.680,176.033,0.046,4,8493.889,1942.181
33.690,176.043,0.046,4,8494.380,1942.967
33.700,176.054,0.046,4,8494.871,1943.754
33.710,176.064,0.046,4,8495.362,1944.542
33.720,176.074,0.046,4,8495.853,1945.329
33.730,176.084,0.046,4,8496.343,1946.116
33.740,176.094,0.046,4,8496.833,1946.903
33.750,176.104,0.046,4,8497.323,1947.690
33.760,176.115,0.046,4,8497.813,1948.477
33.770,176.125,0.046,4,8498.302,1949.265
33.780,176.135,0.046,4,8498.792,1950.052
33.790,176.145,0.046,4,8499.281,1950.840
33.800,176.155,0.046,4,8499.769,1951.627
33.810,176.165,0.046,4,8500.258,1952.415
33.820,176.175,0.046,4,8500.746,1953.202
33.830,176.185,0.046,4,8501.234,1953.990
33.840,176.196,0.046,4,8501.722,1954.777
33.850,176.206,0.046,4,8502.209,1955.565
33.860,176.216,0.046,4,8502.697,1956.353
33.870,176.226,0.046,4,8503.184,1957.141
33.880,176.236,0.046,4,8503.671,1957.928
33.890,176.246,0.046,4,8504.157,1958.716
33.900,176.256,0.046,4,8504.644,1959.504
33.910,176.266,0.046,4,8505.130,1960.292
33.920,176.276,0.046,4,8505.616,1961.080
33.930,176.286,0.046,4,8506.101,1961.868
33.940,176.296,0.046,4,8506.587,1962.656
33.950,176.306,0.046,4,8507.072,1963.444
33.960,176.316,0.046,4,8507.557,1964.233
33.970,176.327,0.046,4,8508.042,1965.021
33.980,176.337,0.046,4,8508.526,1965.809
33.990,176.347,0.046,4,8509.011,1966.597
34.000,176.357,0.046,4,8509.495,1967.386
34.010,176.367,0.046,4,8509.978,1968.174
34.020,176.377,0.046,4,8510.462,1968.963
34.030,176.387,0.046,4,8510.945,1969.751
34.040,176.397,0.046,4,8511.428,1970.540
34.050,176.407,0.046,4,8511.911,1971.328
34.060,176.417,0.046,4,8512.394,1972.117
34.070,176.427,0.046,4,8512.876,1972.906
34.080,176.437,0.046,4,8513.359,1973.694
34.090,176.447,0.045,4,8513.841,1974.483
34.100,176.457,0.045,4,8514.322,1975.272
34.110,176.467,0.045,4,8514.804,1976.061
34.120,176.477,0.045,4,8515.285,1976.850
34.130,176.487,0.045,4,8515.766,1977.638
34.140,176.497,0.045,4,8516.247,1978.427
34.150,176.507,0.045,4,8516.727,1979.217
34.160,176.516,0.045,4,8517.208,1980.006
34.170,176.526,0.045,4,8517.688,1980.795
34.180,176.536,0.045,4,8518.167,1981.584
34.190,176.546,0.045,4,8518.647,1982.373
34.200,176.556,0.045,4,8519.126,1983.162
34.210,176.566,0.045,4,8519.606,1983.952
34.220,176.576,0.045,4,8520.085,1984.741
34.230,176.586,0.045,4,8520.563,1985.530
34.240,176.596,0.045,4,8521.042,1986.320
34.250,176.606,0.045,4,8521.520,1987.109
34.260,176.616,0.045,4,8521.998,1987.899
34.270,176.626,0.045,4,8522.476,1988.688
34.280,176.636,0.045,4,8522.953,1989.478
34.290,176.645,0.045,4,8523.431,1990.268
34.300,176.655,0.045,4,8523.908,1991.057
34.310,176.665,0.045,4,8524.384,1991.847
34.320,176.675,0.045,4,8524.861,1992.637
34.330,176.685,0.045,4,8525.337,1993.427
34.340,176.695,0.045,4,8525.814,1994.217
34.350,176.705,0.045,4,8526.289,1995.006
34.360,176.715,0.045,4,8526.765,1995.796
34.370,176.724,0.045,4,8527.241,1996.586
34.380,176.734,0.045,4,8527.716,1997.376
34.390,176.744,0.045,4,8528.191,1998.167
34.400,176.754,0.045,4,8528.666,1998.957
34.410,176.764,0.045,4,8529.140,1999.747
34.420,176.774,0.045,4,8529.614,2000.537
34.430,176.783,0.045,4,8530.089,2001.327
34.440,176.793,0.045,4,8530.562,2002.118
34.450,176.803,0.045,4,8531.036,2002.908
34.460,176.813,0.045,4,8531.509,2003.698
34.470,176.823,0.045,4,8531.983,2004.489
34.480,176.833,0.045,4,8532.455,2005.279
34.490,176.842,0.045,4,8532.928,2006.070
34.500,176.852,0.045,4,8533.401,2006.860
34.510,176.862,0.045,4,8533.873,2007.651
34.520,176.872,0.045,4,8534.345,2008.442
34.530,176.881,0.045,4,8534.817,2009.232
34.540,176.891,0.045,4,8535.288,2010.023
34.550,176.901,0.044,4,8535.760,2010.814
34.560,176.911,0.044,4,8536.231,2011.605
34.570,176.921,0.044,4,8536.702,2012.396
34.580,176.930,0.044,4,8537.172,2013.187
34.590,176.940,0.044,4,8537.643,2013.978
34.600,176.950,0.044,4,8538.113,2014.769
34.610,176.959,0.044,4,8538.583,2015.560
34.620,176.969,0.044,4,8539.053,2016.351
34.630,176.979,0.044,4,8539.522,2017.142
34.640,176.989,0.044,4,8539.991,2017.933
34.650,176.998,0.044,4,8540.460,2018.724
34.660,177.008,0.044,4,8540.929,2019.516
34.670,177.018,0.044,4,8541.398,2020.307
34.680,177.028,0.044,4,8541.866,2021.098
34.690,177.037,0.044,4,8542.334,2021.890
34.700,177.047,0.044,4,8542.802,2022.681
34.710,177.057,0.044,4,8543.270,2023.473
34.720,177.066,0.044,4,8543.737,2024.264
34.730,177.076,0.044,4,8544.205,2025.056
34.740,177.086,0.044,4,8544.672,2025.847
34.750,177.095,0.044,4,8545.138,2026.639
34.760,177.105,0.044,4,8545.605,2027.431
34.770,177.115,0.044,4,8546.071,2028.223
34.780,177.124,0.044,4,8546.537,2029.014
34.790,177.134,0.044,4,8547.003,2029.806
34.800,177.144,0.044,4,8547.469,2030.598
34.810,177.153,0.044,4,8547.934,2031.390
34.820,177.163,0.044,4,8548.400,2032.182
34.830,177.173,0.044,4,8548.865,2032.974
34.840,177.182,0.044,4,8549.329,2033.766
34.850,177.192,0.044,4,8549.794,2034.558
34.860,177.201,0.044,4,8550.258,2035.350
34.870,177.211,0.044,4,8550.722,2036.142
34.880,177.221,0.044,4,8551.186,2036.935
34.890,177.230,0.044,4,8551.650,2037.727
34.900,177.240,0.044,4,8552.113,2038.519
34.910,177.249,0.044,4,8552.576,2039.312
34.920,177.259,0.044,4,8553.039,2040.104
34.930,177.269,0.044,4,8553.502,2040.896
34.940,177.278,0.044,4,8553.964,2041.689
34.950,177.288,0.044,4,8554.427,2042.481
34.960,177.297,0.044,4,8554.889,2043.274
34.970,177.307,0.044,4,8555.351,2044.067
34.980,177.317,0.044,4,8555.812,2044.859
34.990,177.326,0.044,4,8556.274,2045.652
35.000,177.336,0.044,4,8556.735,2046.445
35.010,177.345,0.044,4,8557.196,2047.237
35.020,177.355,0.043,4,8557.656,2048.030
35.030,177.364,0.043,4,8558.117,2048.823
35.040,177.374,0.043,4,8558.577,2049.616
35.050,177.383,0.043,4,8559.037,2050.409
35.060,177.393,0.043,4,8559.497,2051.202
35.070,177.402,0.043,4,8559.957,2051.995
35.080,177.412,0.043,4,8560.416,2052.788
35.090,177.421,0.043,4,8560.875,2053.581
35.100,177.431,0.043,4,8561.334,2054.374
35.110,177.441,0.043,4,8561.793,2055.168
35.120,177.450,0.043,4,8562.251,2055.961
35.130,177.460,0.043,4,8562.709,2056.754
35.140,177.469,0.043,4,8563.167,2057.547
35.150,177.478,0.043,4,8563.625,2058.341
35.160,177.488,0.043,4,8564.083,2059.134
35.170,177.497,0.043,4,8564.540,2059.928
35.180,177.507,0.043,4,8564.997,2060.721
35.190,177.516,0.043,4,8565.454,2061.515
35.200,177.526,0.043,4,8565.911,2062.308
35.210,177.535,0.043,4,8566.367,2063.102
35.220,177.545,0.043,4,8566.824,2063.896
35.230,177.554,0.043,4,8567.280,2064.689
35.240,177.564,0.043,4,8567.735,2065.483
35.250,177.573,0.043,4,8568.191,2066.277
35.260,177.583,0.043,4,8568.646,2067.071
35.270,177.592,0.043,4,8569.102,2067.865
35.280,177.601,0.043,4,8569.556,2068.659
35.290,177.611,0.043,4,8570.011,2069.453
35.300,177.620,0.043,4,8570.466,2070.247
35.310,177.630,0.043,4,8570.920,2071.041
35.320,177.639,0.043,4,8571.374,2071.835
35.330,177.648,0.043,4,8571.828,2072.629
35.340,177.658,0.043,4,8572.281,2073.423
35.350,177.667,0.043,4,8572.735,2074.217
35.360,177.677,0.043,4,8573.188,2075.012
35.370,177.686,0.043,4,8573.641,2075.806
35.380,177.695,0.043,4,8574.094,2076.600
35.390,177.705,0.043,4,8574.546,2077.395
35.400,177.714,0.043,4,8574.998,2078.189
35.410,177.724,0.043,4,8575.450,2078.983
35.420,177.733,0.043,4,8575.902,2079.778
35.430,177.742,0.043,4,8576.354,2080.573
35.440,177.752,0.043,4,8576.805,2081.367
35.450,177.761,0.043,4,8577.256,2082.162
35.460,177.770,0.043,4,8577.707,2082.956
35.470,177.780,0.043,4,8578.158,2083.751
35.480,177.789,0.043,4,8578.609,2084.546
35.490,177.798,0.043,4,8579.059,2085.341
35.500,177.808,0.042,4,8579.509,2086.136
35.510,177.817,0.042,4,8579.959,2086.931
35.520,177.826,0.042,4,8580.408,2087.725
35.530,177.836,0.042,4,8580.858,2088.520
35.540,177.845,0.042,4,8581.307,2089.315
35.550,177.854,0.042,4,8581.756,2090.111
35.560,177.864,0.042,4,8582.205,2090.906
35.570,177.873,0.042,4,8582.653,2091.701
35.580,177.882,0.042,4,8583.102,2092.496
35.590,177.891,0.042,4,8583.550,2093.291
35.600,177.901,0.042,4,8583.998,2094.086
35.610,177.910,0.042,4,8584.445,2094.882
35.620,177.919,0.042,4,8584.893,2095.677
35.630,177.929,0.042,4,8585.340,2096.472
35.640,177.938,0.042,4,8585.787,2097.268
35.650,177.947,0.042,4,8586.234,2098.063
35.660,177.956,0.042,4,8586.680,2098.859
35.670,177.966,0.042,4,8587.127,2099.654
35.680,177.975,0.042,4,8587.573,2100.450
35.690,177.984,0.042,4,8588.019,2101.246
35.700,177.993,0.042,4,8588.465,2102.041
35.710,178.003,0.042,4,8588.910,2102.837
35.720,178.012,0.042,4,8589.355,2103.633
35.730,178.021,0.042,4,8589.800,2104.429
35.740,178.030,0.042,4,8590.245,2105.224
35.750,178.039,0.042,4,8590.690,2106.020
35.760,178.049,0.042,4,8591.134,2106.816
35.770,178.058,0.042,4,8591.578,2107.612
35.780,178.067,0.042,4,8592.022,2108.408
35.790,178.076,0.042,4,8592.466,2109.204
35.800,178.085,0.042,4,8592.910,2110.000
35.810,178.095,0.042,4,8593.353,2110.797
35.820,178.104,0.042,4,8593.796,2111.593
35.830,178.113,0.042,4,8594.239,2112.389
35.840,178.122,0.042,4,8594.682,2113.185
35.850,178.131,0.042,4,8595.124,2113.981
35.860,178.140,0.042,4,8595.566,2114.778
35.870,178.150,0.042,4,8596.009,2115.574
35.880,178.159,0.042,4,8596.450,2116.371
35.890,178.168,0.042,4,8596.892,2117.167
35.900,178.177,0.042,4,8597.333,2117.964
35.910,178.186,0.042,4,8597.774,2118.760
35.920,178.195,0.042,4,8598.215,2119.557
35.930,178.204,0.042,4,8598.656,2120.353
35.940,178.214,0.042,4,8599.097,2121.150
35.950,178.223,0.042,4,8599.537,2121.947
35.960,178.232,0.042,4,8599.977,2122.743
35.970,178.241,0.042,4,8600.417,2123.540
35.980,178.250,0.042,4,8600.857,2124.337
35.990,178.259,0.041,4,8601.296,2125.134
36.000,178.268,0.041,4,8601.735,2125.931
36.010,178.277,0.041,4,8602.174,2126.728
36.020,178.286,0.041,4,8602.613,2127.525
36.030,178.296,0.041,4,8603.052,2128.322
36.040,178.305,0.041,4,8603.490,2129.119
36.050,178.314,0.041,4,8603.928,2129.916
36.060,178.323,0.041,4,8604.366,2130.713
36.070,178.332,0.041,4,8604.804,2131.510
36.080,178.341,0.041,4,8605.242,2132.308
36.090,178.350,0.041,4,8605.679,2133.105
36.100,178.359,0.041,4,8606.116,2133.902
36.110,178.368,0.041,4,8606.553,2134.700
36.120,178.377,0.041,4,8606.989,2135.497
36.130,178.386,0.041,4,8607.426,2136.294
36.140,178.395,0.041,4,8607.862,2137.092
36.150,178.404,0.041,4,8608.298,2137.889
36.160,178.413,0.041,4,8608.734,2138.687
36.170,178.422,0.041,4,8609.170,2139.484
36.180,178.431,0.041,4,8609.605,2140.282
36.190,178.440,0.041,4,8610.040,2141.080
36.200,178.449,0.041,4,8610.475,2141.878
36.210,178.458,0.041,4,8610.910,2142.675
36.220,178.467,0.041,4,8611.344,2143.473
36.230,178.476,0.041,4,8611.779,2144.271
36.240,178.485,0.041,4,8612.213,2145.069
36.250,178.494,0.041,4,8612.647,2145.867
36.260,178.503,0.041,4,8613.081,2146.665
36.270,178.512,0.041,4,8613.514,2147.463
36.280,178.521,0.041,4,8613.947,2148.261
36.290,178.530,0.041,4,8614.380,2149.059
36.300,178.539,0.041,4,8614.813,2149.857
36.310,178.548,0.041,4,8615.246,2150.655
36.320,178.557,0.041,4,8615.678,2151.453
36.330,178.566,0.041,4,8616.110,2152.252
36.340,178.575,0.041,4,8616.542,2153.050
36.350,178.584,0.041,4,8616.974,2153.848
36.360,178.593,0.041,4,8617.406,2154.646
36.370,178.602,0.041,4,8617.837,2155.445
36.380,178.611,0.041,4,8618.268,2156.243
36.390,178.620,0.041,4,8618.699,2157.042
36.400,178.629,0.041,4,8619.130,2157.840
36.410,178.638,0.041,4,8619.561,2158.639
36.420,178.647,0.041,4,8619.991,2159.437
36.430,178.656,0.041,4,8620.421,2160.236
36.440,178.664,0.041,4,8620.851,2161.035
36.450,178.673,0.041,4,8621.280,2161.834
36.460,178.682,0.041,4,8621.710,2162.632
36.470,178.691,0.041,4,8622.139,2163.431
36.480,178.700,0.041,4,8622.568,2164.230
36.490,178.709,0.040,4,8622.997,2165.029
36.500,178.718,0.040,4,8623.426,2165.828
36.510,178.727,0.040,4,8623.854,2166.627
36.520,178.736,0.040,4,8624.282,2167.426
36.530,178.744,0.040,4,8624.710,2168.225
36.540,178.753,0.040,4,8625.138,2169.024
36.550,178.762,0.040,4,8625.566,2169.823
36.560,178.771,0.040,4,8625.993,2170.622
36.570,178.780,0.040,4,8626.420,2171.421
36.580,178.789,0.040,4,8626.847,2172.221
36.590,178.798,0.040,4,8627.274,2173.020
36.600,178.806,0.040,4,8627.701,2173.819
36.610,178.815,0.040,4,8628.127,2174.618
36.620,178.824,0.040,4,8628.553,2175.418
36.630,178.833,0.040,4,8628.979,2176.217
36.640,178.842,0.040,4,8629.405,2177.017
36.650,178.851,0.040,4,8629.830,2177.816
36.660,178.859,0.040,4,8630.255,2178.616
36.670,178.868,0.040,4,8630.680,2179.415
36.680,178.877,0.040,4,8631.105,2180.215
36.690,178.886,0.040,4,8631.530,2181.015
36.700,178.895,0.040,4,8631.954,2181.814
36.710,178.903,0.040,4,8632.379,2182.614
36.720,178.912,0.040,4,8632.803,2183.414
36.730,178.921,0.040,4,8633.227,2184.214
36.740,178.930,0.040,4,8633.650,2185.014
36.750,178.939,0.040,4,8634.074,2185.814
36.760,178.947,0.040,4,8634.497,2186.614
36.770,178.956,0.040,4,8634.920,2187.413
36.780,178.965,0.040,4,8635.343,2188.214
36.790,178.974,0.040,4,8635.765,2189.014
36.800,178.982,0.040,4,8636.188,2189.814
36.810,178.991,0.040,4,8636.610,2190.614
36.820,179.000,0.040,4,8637.032,2191.414
36.830,179.009,0.040,4,8637.453,2192.214
36.840,179.017,0.040,4,8637.875,2193.014
36.850,179.026,0.040,4,8638.296,2193.815
36.860,179.035,0.040,4,8638.717,2194.615
36.870,179.043,0.040,4,8639.138,2195.415
36.880,179.052,0.040,4,8639.559,2196.216
36.890,179.061,0.040,4,8639.980,2197.016
36.900,179.070,0.040,4,8640.400,2197.817
36.910,179.078,0.040,4,8640.820,2198.617
36.920,179.087,0.040,4,8641.240,2199.418
36.930,179.096,0.040,4,8641.660,2200.219
36.940,179.104,0.040,4,8642.079,2201.019
36.950,179.113,0.040,4,8642.498,2201.820
36.960,179.122,0.040,4,8642.918,2202.621
36.970,179.130,0.040,4,8643.336,2203.421
36.980,179.139,0.040,4,8643.755,2204.222
36.990,179.148,0.040,4,8644.174,2205.023
37.000,179.156,0.039,4,8644.592,2205.824
37.010,179.165,0.039,4,8645.010,2206.625
37.020,179.174,0.039,4,8645.428,2207.426
37.030,179.182,0.039,4,8645.845,2208.227
37.040,179.191,0.039,4,8646.263,2209.028
37.050,179.200,0.039,4,8646.680,2209.829
37.060,179.208,0.039,4,8647.097,2210.630
37.070,179.217,0.039,4,8647.514,2211.431
37.080,179.226,0.039,4,8647.930,2212.232
37.090,179.234,0.039,4,8648.347,2213.034
37.100,179.243,0.039,4,8648.763,2213.835
37.110,179.252,0.039,4,8649.179,2214.636
37.120,179.260,0.039,4,8649.595,2215.437
37.130,179.269,0.039,4,8650.010,2216.239
37.140,179.277,0.039,4,8650.426,2217.040
37.150,179.286,0.039,4,8650.841,2217.842
37.160,179.295,0.039,4,8651.256,2218.643
37.170,179.303,0.039,4,8651.671,2219.445
37.180,179.312,0.039,4,8652.085,2220.246
37.190,179.320,0.039,4,8652.500,2221.048
37.200,179.329,0.039,4,8652.914,2221.850
37.210,179.338,0.039,4,8653.328,2222.651
37.220,179.346,0.039,4,8653.742,2223.453
37.230,179.355,0.039,4,8654.155,2224.255
37.240,179.363,0.039,4,8654.569,2225.057
37.250,179.372,0.039,4,8654.982,2225.858
37.260,179.380,0.039,4,8655.395,2226.660
37.270,179.389,0.039,4,8655.807,2227.462
37.280,179.397,0.039,4,8656.220,2228.264
37.290,179.406,0.039,4,8656.632,2229.066
37.300,179.415,0.039,4,8657.044,2229.868
37.310,179.423,0.039,4,8657.456,2230.670
37.320,179.432,0.039,4,8657.868,2231.472
37.330,179.440,0.039,4,8658.280,2232.275
37.340,179.449,0.039,4,8658.691,2233.077
37.350,179.457,0.039,4,8659.102,2233.879
37.360,179.466,0.039,4,8659.513,2234.681
37.370,179.474,0.039,4,8659.924,2235.484
37.380,179.483,0.039,4,8660.334,2236.286
37.390,179.491,0.039,4,8660.745,2237.088
37.400,179.500,0.039,4,8661.155,2237.891
37.410,179.508,0.039,4,8661.565,2238.693
37.420,179.517,0.039,4,8661.974,2239.496
37.430,179.525,0.039,4,8662.384,2240.298
37.440,179.534,0.039,4,8662.793,2241.101
37.450,179.542,0.039,4,8663.202,2241.903
37.460,179.551,0.039,4,8663.611,2242.706
37.470,179.559,0.039,4,8664.020,2243.509
37.480,179.568,0.039,4,8664.428,2244.311
37.490,179.576,0.039,4,8664.837,2245.114
37.500,179.585,0.039,4,8665.245,2245.917
37.510,179.593,0.039,4,8665.653,2246.720
37.520,179.601,0.038,4,8666.060,2247.523
37.530,179.610,0.038,4,8666.468,2248.326
37.540,179.618,0.038,4,8666.875,2249.128
37.550,179.627,0.038,4,8667.282,2249.931
37.560,179.635,0.038,4,8667.689,2250.734
37.570,179.644,0.038,4,8668.096,2251.538
37.580,179.652,0.038,4,8668.503,2252.341
37.590,179.660,0.038,4,8668.909,2253.144
37.600,179.669,0.038,4,8669.315,2253.947
37.610,179.677,0.038,4,8669.721,2254.750
37.620,179.686,0.038,4,8670.127,2255.553
37.630,179.694,0.038,4,8670.532,2256.357
37.640,179.702,0.038,4,8670.937,2257.160
37.650,179.711,0.038,4,8671.342,2257.963
37.660,179.719,0.038,4,8671.747,2258.767
37.670,179.728,0.038,4,8672.152,2259.570
37.680,179.736,0.038,4,8672.557,2260.374
37.690,179.744,0.038,4,8672.961,2261.177
37.700,179.753,0.038,4,8673.365,2261.981
37.710,179.761,0.038,4,8673.769,2262.784
37.720,179.770,0.038,4,8674.173,2263.588
37.730,179.778,0.038,4,8674.576,2264.392
37.740,179.786,0.038,4,8674.979,2265.195
37.750,179.795,0.038,4,8675.383,2265.999
37.760,179.803,0.038,4,8675.786,2266.803
37.770,179.811,0.038,4,8676.188,2267.607
37.780,179.820,0.038,4,8676.591,2268.410
37.790,179.828,0.038,4,8676.993,2269.214
37.800,179.836,0.038,4,8677.395,2270.018
37.810,179.845,0.038,4,8677.797,2270.822
37.820,179.853,0.038,4,8678.199,2271.626
37.830,179.861,0.038,4,8678.600,2272.430
37.840,179.870,0.038,4,8679.002,2273.234
37.850,179.878,0.038,4,8679.403,2274.038
37.860,179.886,0.038,4,8679.804,2274.843
37.870,179.895,0.038,4,8680.205,2275.647
37.880,179.903,0.038,4,8680.605,2276.451
37.890,179.911,0.038,4,8681.005,2277.255
37.900,179.919,0.038,4,8681.406,2278.060
37.910,179.928,0.038,4,8681.806,2278.864
37.920,179.936,0.038,4,8682.205,2279.668
37.930,179.944,0.038,4,8682.605,2280.473
37.940,179.953,0.038,4,8683.004,2281.277
37.950,179.961,0.038,4,8683.403,2282.082
37.960,179.969,0.038,4,8683.802,2282.886
37.970,179.977,0.038,4,8684.201,2283.691
37.980,179.986,0.038,4,8684.600,2284.495
37.990,179.994,0.038,4,8684.998,2285.300
38.000,180.002,0.038,4,8685.396,2286.104
38.010,180.010,0.038,4,8685.794,2286.909
38.020,180.019,0.038,4,8686.192,2287.714
38.030,180.027,0.038,4,8686.590,2288.519
38.040,180.035,0.038,4,8686.987,2289.323
38.050,180.043,0.037,4,8687.384,2290.128
38.060,180.052,0.037,4,8687.781,2290.933
38.070,180.060,0.037,4,8688.178,2291.738
38.080,180.068,0.037,4,8688.575,2292.543
38.090,180.076,0.037,4,8688.971,2293.348
38.100,180.084,0.037,4,8689.367,2294.153
38.110,180.093,0.037,4,8689.763,2294.958
38.120,180.101,0.037,4,8690.159,2295.763
38.130,180.109,0.037,4,8690.555,2296.568
38.140,180.117,0.037,4,8690.950,2297.374
38.150,180.125,0.037,4,8691.346,2298.179
38.160,180.134,0.037,4,8691.741,2298.984
38.170,180.142,0.037,4,8692.135,2299.789
38.180,180.150,0.037,4,8692.530,2300.595
38.190,180.158,0.037,4,8692.925,2301.400
38.200,180.166,0.037,4,8693.319,2302.205
38.210,180.175,0.037,4,8693.713,2303.011
38.220,180.183,0.037,4,8694.107,2303.816
38.230,180.191,0.037,4,8694.501,2304.622
38.240,180.199,0.037,4,8694.894,2305.427
38.250,180.207,0.037,4,8695.287,2306.233
38.260,180.215,0.037,4,8695.680,2307.039
38.270,180.223,0.037,4,8696.073,2307.844
38.280,180.232,0.037,4,8696.466,2308.650
38.290,180.240,0.037,4,8696.859,2309.456
38.300,180.248,0.037,4,8697.251,2310.261
38.310,180.256,0.037,4,8697.643,2311.067
38.320,180.264,0.037,4,8698.035,2311.873
38.330,180.272,0.037,4,8698.427,2312.679
38.340,180.280,0.037,4,8698.818,2313.485
38.350,180.288,0.037,4,8699.210,2314.291
38.360,180.297,0.037,4,8699.601,2315.097
38.370,180.305,0.037,4,8699.992,2315.903
38.380,180.313,0.037,4,8700.383,2316.709
38.390,180.321,0.037,4,8700.773,2317.515
38.400,180.329,0.037,4,8701.164,2318.321
38.410,180.337,0.037,4,8701.554,2319.127
38.420,180.345,0.037,4,8701.944,2319.933
38.430,180.353,0.037,4,8702.334,2320.740
38.440,180.361,0.037,4,8702.723,2321.546
38.450,180.369,0.037,4,8703.113,2322.352
38.460,180.377,0.037,4,8703.502,2323.158
38.470,180.385,0.037,4,8703.891,2323.965
38.480,180.394,0.037,4,8704.280,2324.771
38.490,180.402,0.037,4,8704.669,2325.578
38.500,180.410,0.037,4,8705.057,2326.384
38.510,180.418,0.037,4,8705.445,2327.191
38.520,180.426,0.037,4,8705.833,2327.997
38.530,180.434,0.037,4,8706.221,2328.804
38.540,180.442,0.037,4,8706.609,2329.610
38.550,180.450,0.037,4,8706.997,2330.417
38.560,180.458,0.037,4,8707.384,2331.224
38.570,180.466,0.037,4,8707.771,2332.031
38.580,180.474,0.037,4,8708.158,2332.837
38.590,180.482,0.037,4,8708.545,2333.644
38.600,180.490,0.036,4,8708.931,2334.451
38.610,180.498,0.036,4,8709.318,2335.258
38.620,180.506,0.036,4,8709.704,2336.065
38.630,180.514,0.036,4,8710.090,2336.872
38.640,180.522,0.036,4,8710.476,2337.679
38.650,180.530,0.036,4,8710.861,2338.486
38.660,180.538,0.036,4,8711.247,2339.293
38.670,180.546,0.036,4,8711.632,2340.100
38.680,180.554,0.036,4,8712.017,2340.907
38.690,180.562,0.036,4,8712.402,2341.714
38.700,180.570,0.036,4,8712.786,2342.521
38.710,180.578,0.036,4,8713.171,2343.329
38.720,180.586,0.036,4,8713.555,2344.136
38.730,180.594,0.036,4,8713.939,2344.943
38.740,180.602,0.036,4,8714.323,2345.751
38.750,180.610,0.036,4,8714.707,2346.558
38.760,180.618,0.036,4,8715.090,2347.365
38.770,180.625,0.036,4,8715.474,2348.173
38.780,180.633,0.036,4,8715.857,2348.980
38.790,180.641,0.036,4,8716.240,2349.788
38.800,180.649,0.036,4,8716.623,2350.595
38.810,180.657,0.036,4,8717.005,2351.403
38.820,180.665,0.036,4,8717.387,2352.211
38.830,180.673,0.036,4,8717.770,2353.018
38.840,180.681,0.036,4,8718.152,2353.826
38.850,180.689,0.036,4,8718.533,2354.634
38.860,180.697,0.036,4,8718.915,2355.441
38.870,180.705,0.036,4,8719.297,2356.249
38.880,180.713,0.036,4,8719.678,2357.057
38.890,180.721,0.036,4,8720.059,2357.865
38.900,180.728,0.036,4,8720.440,2358.673
38.910,180.736,0.036,4,8720.820,2359.481
38.920,180.744,0.036,4,8721.201,2360.289
38.930,180.752,0.036,4,8721.581,2361.097
38.940,180.760,0.036,4,8721.961,2361.905
38.950,180.768,0.036,4,8722.341,2362.713
38.960,180.776,0.036,4,8722.721,2363.521
38.970,180.784,0.036,4,8723.101,2364.329
38.980,180.791,0.036,4,8723.480,2365.137
38.990,180.799,0.036,4,8723.859,2365.946
39.000,180.807,0.036,4,8724.238,2366.754
39.010,180.815,0.036,4,8724.617,2367.562
39.020,180.823,0.036,4,8724.995,2368.371
39.030,180.831,0.036,4,8725.374,2369.179
39.040,180.839,0.036,4,8725.752,2369.987
39.050,180.846,0.036,4,8726.130,2370.796
39.060,180.854,0.036,4,8726.508,2371.604
39.070,180.862,0.036,4,8726.886,2372.413
39.080,180.870,0.036,4,8727.263,2373.221
39.090,180.878,0.036,4,8727.641,2374.030
39.100,180.885,0.036,4,8728.018,2374.838
39.110,180.893,0.036,4,8728.395,2375.647
39.120,180.901,0.036,4,8728.771,2376.456
39.130,180.909,0.036,4,8729.148,2377.264
39.140,180.917,0.036,4,8729.524,2378.073
39.150,180.924,0.036,4,8729.900,2378.882
39.160,180.932,0.035,4,8730.276,2379.691
39.170,180.940,0.035,4,8730.652,2380.500
39.180,180.948,0.035,4,8731.028,2381.309
39.190,180.956,0.035,4,8731.403,2382.118
39.200,180.963,0.035,4,8731.779,2382.926
39.210,180.971,0.035,4,8732.154,2383.735
39.220,180.979,0.035,4,8732.528,2384.545
39.230,180.987,0.035,4,8732.903,2385.354
39.240,180.994,0.035,4,8733.278,2386.163
39.250,181.002,0.035,4,8733.652,2386.972
39.260,181.010,0.035,4,8734.026,2387.781
39.270,181.018,0.035,4,8734.400,2388.590
39.280,181.025,0.035,4,8734.774,2389.399
39.290,181.033,0.035,4,8735.147,2390.209
39.300,181.041,0.035,4,8735.521,2391.018
39.310,181.049,0.035,4,8735.894,2391.827
39.320,181.056,0.035,4,8736.267,2392.637
39.330,181.064,0.035,4,8736.640,2393.446
39.340,181.072,0.035,4,8737.013,2394.256
39.350,181.080,0.035,4,8737.385,2395.065
39.360,181.087,0.035,4,8737.757,2395.875
39.370,181.095,0.035,4,8738.129,2396.684
39.380,181.103,0.035,4,8738.501,2397.494
39.390,181.110,0.035,4,8738.873,2398.303
39.400,181.118,0.035,4,8739.245,2399.113
39.410,181.126,0.035,4,8739.616,2399.923
39.420,181.134,0.035,4,8739.987,2400.732
39.430,181.141,0.035,4,8740.358,2401.542
39.440,181.149,0.035,4,8740.729,2402.352
39.450,181.157,0.035,4,8741.100,2403.162
39.460,181.164,0.035,4,8741.470,2403.972
39.470,181.172,0.035,4,8741.840,2404.781
39.480,181.180,0.035,4,8742.210,2405.591
39.490,181.187,0.035,4,8742.580,2406.401
39.500,181.195,0.035,4,8742.950,2407.211
39.510,181.203,0.035,4,8743.320,2408.021
39.520,181.210,0.035,4,8743.689,2408.831
39.530,181.218,0.035,4,8744.058,2409.642
39.540,181.226,0.035,4,8744.427,2410.452
39.550,181.233,0.035,4,8744.796,2411.262
39.560,181.241,0.035,4,8745.164,2412.072
39.570,181.248,0.035,4,8745.533,2412.882
39.580,181.256,0.035,4,8745.901,2413.693
39.590,181.264,0.035,4,8746.269,2414.503
39.600,181.271,0.035,4,8746.637,2415.313
39.610,181.279,0.035,4,8747.005,2416.124
39.620,181.287,0.035,4,8747.372,2416.934
39.630,181.294,0.035,4,8747.740,2417.744
39.640,181.302,0.035,4,8748.107,2418.555
39.650,181.309,0.035,4,8748.474,2419.365
39.660,181.317,0.035,4,8748.840,2420.176
39.670,181.325,0.035,4,8749.207,2420.987
39.680,181.332,0.035,4,8749.573,2421.797
39.690,181.340,0.035,4,8749.940,2422.608
39.700,181.347,0.035,4,8750.306,2423.418
39.710,181.355,0.035,4,8750.672,2424.229
39.720,181.363,0.035,4,8751.037,2425.040
39.730,181.370,0.035,4,8751.403,2425.851
39.740,181.378,0.034,4,8751.768,2426.661
39.750,181.385,0.034,4,8752.133,2427.472
39.760,181.393,0.034,4,8752.498,2428.283
39.770,181.400,0.034,4,8752.863,2429.094
39.780,181.408,0.034,4,8753.228,2429.905
39.790,181.415,0.034,4,8753.592,2430.716
39.800,181.423,0.034,4,8753.956,2431.527
39.810,181.431,0.034,4,8754.320,2432.338
39.820,181.438,0.034,4,8754.684,2433.149
39.830,181.446,0.034,4,8755.048,2433.960
39.840,181.453,0.034,4,8755.412,2434.771
39.850,181.461,0.034,4,8755.775,2435.583
39.860,181.468,0.034,4,8756.138,2436.394
39.870,181.476,0.034,4,8756.501,2437.205
39.880,181.483,0.034,4,8756.864,2438.016
39.890,181.491,0.034,4,8757.226,2438.828
39.900,181.498,0.034,4,8757.589,2439.639
39.910,181.506,0.034,4,8757.951,2440.450
39.920,181.513,0.034,4,8758.313,2441.262
39.930,181.521,0.034,4,8758.675,2442.073
39.940,181.528,0.034,4,8759.037,2442.885
39.950,181.536,0.034,4,8759.398,2443.696
39.960,181.543,0.034,4,8759.760,2444.508
39.970,181.551,0.034,4,8760.121,2445.319
39.980,181.558,0.034,4,8760.482,2446.131
39.990,181.566,0.034,4,8760.843,2446.943
40.000,181.573,0.034,4,8761.203,2447.754
40.010,181.581,0.034,4,8761.564,2448.566
40.020,181.588,0.034,4,8761.924,2449.378
40.030,181.596,0.034,4,8762.284,2450.190
40.040,181.603,0.034,4,8762.644,2451.002
40.050,181.611,0.034,4,8763.004,2451.813
40.060,181.618,0.034,4,8763.363,2452.625
40.070,181.625,0.034,4,8763.723,2453.437
40.080,181.633,0.034,4,8764.082,2454.249
40.090,181.640,0.034,4,8764.441,2455.061
40.100,181.648,0.034,4,8764.800,2455.873
40.110,181.655,0.034,4,8765.159,2456.685
40.120,181.663,0.034,4,8765.517,2457.497
40.130,181.670,0.034,4,8765.875,2458.309
40.140,181.677,0.034,4,8766.234,2459.122
40.150,181.685,0.034,4,8766.591,2459.934
40.160,181.692,0.034,4,8766.949,2460.746
40.170,181.700,0.034,4,8767.307,2461.558
40.180,181.707,0.034,4,8767.664,2462.371
40.190,181.715,0.034,4,8768.022,2463.183
40.200,181.722,0.034,4,8768.379,2463.995
40.210,181.729,0.034,4,8768.736,2464.808
40.220,181.737,0.034,4,8769.092,2465.620
40.230,181.744,0.034,4,8769.449,2466.432
40.240,181.752,0.034,4,8769.805,2467.245
40.250,181.759,0.034,4,8770.161,2468.057
40.260,181.766,0.034,4,8770.517,2468.870
40.270,181.774,0.034,4,8770.873,2469.683
40.280,181.781,0.034,4,8771.229,2470.495
40.290,181.788,0.034,4,8771.584,2471.308
40.300,181.796,0.034,4,8771.940,2472.121
40.310,181.803,0.034,4,8772.295,2472.933
40.320,181.810,0.034,4,8772.650,2473.746
40.330,181.818,0.033,4,8773.004,2474.559
40.340,181.825,0.033,4,8773.359,2475.372
40.350,181.832,0.033,4,8773.713,2476.184
40.360,181.840,0.033,4,8774.068,2476.997
40.370,181.847,0.033,4,8774.422,2477.810
40.380,181.855,0.033,4,8774.776,2478.623
40.390,181.862,0.033,4,8775.129,2479.436
40.400,181.869,0.033,4,8775.483,2480.249
40.410,181.876,0.033,4,8775.836,2481.062
40.420,181.884,0.033,4,8776.189,2481.875
40.430,181.891,0.033,4,8776.542,2482.688
40.440,181.898,0.033,4,8776.895,2483.502
40.450,181.906,0.033,4,8777.248,2484.315
40.460,181.913,0.033,4,8777.600,2485.128
40.470,181.920,0.033,4,8777.953,2485.941
40.480,181.928,0.033,4,8778.305,2486.754
40.490,181.935,0.033,4,8778.657,2487.568
40.500,181.942,0.033,4,8779.008,2488.381
40.510,181.950,0.033,4,8779.360,2489.194
40.520,181.957,0.033,4,8779.712,2490.008
40.530,181.964,0.033,4,8780.063,2490.821
40.540,181.971,0.033,4,8780.414,2491.635
40.550,181.979,0.033,4,8780.765,2492.448
40.560,181.986,0.033,4,8781.115,2493.262
40.570,181.993,0.033,4,8781.466,2494.075
40.580,182.000,0.033,4,8781.816,2494.889
40.590,182.008,0.033,4,8782.167,2495.703
40.600,182.015,0.033,4,8782.517,2496.516
40.610,182.022,0.033,4,8782.866,2497.330
40.620,182.029,0.033,4,8783.216,2498.144
40.630,182.037,0.033,4,8783.566,2498.957
40.640,182.044,0.033,4,8783.915,2499.771
40.650,182.051,0.033,4,8784.264,2500.585
40.660,182.058,0.033,4,8784.613,2501.399
40.670,182.066,0.033,4,8784.962,2502.213
40.680,182.073,0.033,4,8785.311,2503.027
40.690,182.080,0.033,4,8785.659,2503.841
40.700,182.087,0.033,4,8786.007,2504.655
40.710,182.094,0.033,4,8786.355,2505.469
40.720,182.102,0.033,4,8786.703,2506.283
40.730,182.109,0.033,4,8787.051,2507.097
40.740,182.116,0.033,4,8787.399,2507.911
40.750,182.123,0.033,4,8787.746,2508.725
40.760,182.131,0.033,4,8788.093,2509.539
40.770,182.138,0.033,4,8788.440,2510.353
40.780,182.145,0.033,4,8788.787,2511.168
40.790,182.152,0.033,4,8789.134,2511.982
40.800,182.159,0.033,4,8789.481,2512.796
40.810,182.166,0.033,4,8789.827,2513.611
40.820,182.174,0.033,4,8790.173,2514.425
40.830,182.181,0.033,4,8790.519,2515.239
40.840,182.188,0.033,4,8790.865,2516.054
40.850,182.195,0.033,4,8791.211,2516.868
40.860,182.202,0.033,4,8791.556,2517.683
40.870,182.209,0.033,4,8791.902,2518.497
40.880,182.217,0.033,4,8792.247,2519.312
40.890,182.224,0.033,4,8792.592,2520.126
40.900,182.231,0.033,4,8792.937,2520.941
40.910,182.238,0.033,4,8793.281,2521.756
40.920,182.245,0.033,4,8793.626,2522.570
40.930,182.252,0.033,4,8793.970,2523.385
40.940,182.259,0.032,4,8794.314,2524.200
40.950,182.267,0.032,4,8794.658,2525.015
40.960,182.274,0.032,4,8795.002,2525.829
40.970,182.281,0.032,4,8795.346,2526.644
40.980,182.288,0.032,4,8795.689,2527.459
40.990,182.295,0.032,4,8796.032,2528.274
41.000,182.302,0.032,4,8796.375,2529.089
41.010,182.309,0.032,4,8796.718,2529.904
41.020,182.316,0.032,4,8797.061,2530.719
41.030,182.323,0.032,4,8797.404,2531.534
41.040,182.331,0.032,4,8797.746,2532.349
41.050,182.338,0.032,4,8798.088,2533.164
41.060,182.345,0.032,4,8798.431,2533.979
41.070,182.352,0.032,4,8798.772,2534.795
41.080,182.359,0.032,4,8799.114,2535.610
41.090,182.366,0.032,4,8799.456,2536.425
41.100,182.373,0.032,4,8799.797,2537.240
41.110,182.380,0.032,4,8800.138,2538.056
41.120,182.387,0.032,4,8800.479,2538.871
41.130,182.394,0.032,4,8800.820,2539.686
41.140,182.401,0.032,4,8801.161,2540.502
41.150,182.408,0.032,4,8801.502,2541.317
41.160,182.415,0.032,4,8801.842,2542.133
41.170,182.423,0.032,4,8802.182,2542.948
41.180,182.430,0.032,4,8802.522,2543.764
41.190,182.437,0.032,4,8802.862,2544.579
41.200,182.444,0.032,4,8803.202,2545.395
41.210,182.451,0.032,4,8803.541,2546.210
41.220,182.458,0.032,4,8803.881,2547.026
41.230,182.465,0.032,4,8804.220,2547.842
41.240,182.472,0.032,4,8804.559,2548.657
41.250,182.479,0.032,4,8804.898,2549.473
41.260,182.486,0.032,4,8805.236,2550.289
41.270,182.493,0.032,4,8805.575,2551.105
41.280,182.500,0.032,4,8805.913,2551.920
41.290,182.507,0.032,4,8806.252,2552.736
41.300,182.514,0.032,4,8806.590,2553.552
41.310,182.521,0.032,4,8806.927,2554.368
41.320,182.528,0.032,4,8807.265,2555.184
41.330,182.535,0.032,4,8807.603,2556.000
41.340,182.542,0.032,4,8807.940,2556.816
41.350,182.549,0.032,4,8808.277,2557.632
41.360,182.556,0.032,4,8808.614,2558.448
41.370,182.563,0.032,4,8808.951,2559.264
41.380,182.570,0.032,4,8809.287,2560.080
41.390,182.577,0.032,4,8809.624,2560.897
41.400,182.584,0.032,4,8809.960,2561.713
41.410,182.591,0.032,4,8810.296,2562.529
41.420,182.598,0.032,4,8810.632,2563.345
41.430,182.605,0.032,4,8810.968,2564.162
41.440,182.612,0.032,4,8811.304,2564.978
41.450,182.619,0.032,4,8811.639,2565.794
41.460,182.625,0.032,4,8811.975,2566.611
41.470,182.632,0.032,4,8812.310,2567.427
41.480,182.639,0.032,4,8812.645,2568.244
41.490,182.646,0.032,4,8812.980,2569.060
41.500,182.653,0.032,4,8813.314,2569.877
41.510,182.660,0.032,4,8813.649,2570.693
41.520,182.667,0.032,4,8813.983,2571.510
41.530,182.674,0.032,4,8814.317,2572.326
41.540,182.681,0.032,4,8814.651,2573.143
41.550,182.688,0.032,4,8814.985,2573.960
41.560,182.695,0.031,4,8815.319,2574.776
41.570,182.702,0.031,4,8815.652,2575.593
41.580,182.709,0.031,4,8815.985,2576.410
41.590,182.715,0.031,4,8816.319,2577.227
41.600,182.722,0.031,4,8816.652,2578.043
41.610,182.729,0.031,4,8816.984,2578.860
41.620,182.736,0.031,4,8817.317,2579.677
41.630,182.743,0.031,4,8817.649,2580.494
41.640,182.750,0.031,4,8817.982,2581.311
41.650,182.757,0.031,4,8818.314,2582.128
41.660,182.764,0.031,4,8818.646,2582.945
41.670,182.771,0.031,4,8818.978,2583.762
41.680,182.777,0.031,4,8819.309,2584.579
41.690,182.784,0.031,4,8819.641,2585.396
41.700,182.791,0.031,4,8819.972,2586.213
41.710,182.798,0.031,4,8820.303,2587.031
41.720,182.805,0.031,4,8820.634,2587.848
41.730,182.812,0.031,4,8820.965,2588.665
41.740,182.819,0.031,4,8821.296,2589.482
41.750,182.825,0.031,4,8821.626,2590.300
41.760,182.832,0.031,4,8821.956,2591.117
41.770,182.839,0.031,4,8822.287,2591.934
41.780,182.846,0.031,4,8822.617,2592.752
41.790,182.853,0.031,4,8822.946,2593.569
41.800,182.860,0.031,4,8823.276,2594.386
41.810,182.866,0.031,4,8823.606,2595.204
41.820,182.873,0.031,4,8823.935,2596.021
41.830,182.880,0.031,4,8824.264,2596.839
41.840,182.887,0.031,4,8824.593,2597.656
41.850,182.894,0.031,4,8824.922,2598.474
41.860,182.901,0.031,4,8825.251,2599.292
41.870,182.907,0.031,4,8825.579,2600.109
41.880,182.914,0.031,4,8825.907,2600.927
41.890,182.921,0.031,4,8826.236,2601.745
41.900,182.928,0.031,4,8826.564,2602.562
41.910,182.935,0.031,4,8826.891,2603.380
41.920,182.941,0.031,4,8827.219,2604.198
41.930,182.948,0.031,4,8827.547,2605.016
41.940,182.955,0.031,4,8827.874,2605.834
41.950,182.962,0.031,4,8828.201,2606.652
41.960,182.969,0.031,4,8828.528,2607.470
41.970,182.975,0.031,4,8828.855,2608.288
41.980,182.982,0.031,4,8829.182,2609.106
41.990,182.989,0.031,4,8829.508,2609.924
42.000,182.996,0.031,4,8829.835,2610.742
42.010,183.002,0.031,4,8830.161,2611.560
42.020,183.009,0.031,4,8830.487,2612.378
42.030,183.016,0.031,4,8830.813,2613.196
42.040,183.023,0.031,4,8831.139,2614.014
42.050,183.029,0.031,4,8831.464,2614.832
42.060,183.036,0.031,4,8831.789,2615.651
42.070,183.043,0.031,4,8832.115,2616.469
42.080,183.050,0.031,4,8832.440,2617.287
42.090,183.056,0.031,4,8832.765,2618.105
42.100,183.063,0.031,4,8833.089,2618.924
42.110,183.070,0.031,4,8833.414,2619.742
42.120,183.076,0.031,4,8833.738,2620.561
42.130,183.083,0.031,4,8834.063,2621.379
42.140,183.090,0.031,4,8834.387,2622.197
42.150,183.097,0.031,4,8834.711,2623.016
42.160,183.103,0.031,4,8835.034,2623.834
42.170,183.110,0.031,4,8835.358,2624.653
42.180,183.117,0.031,4,8835.681,2625.472
42.190,183.123,0.031,4,8836.005,2626.290
42.200,183.130,0.031,4,8836.328,2627.109
42.210,183.137,0.030,4,8836.651,2627.928
42.220,183.144,0.030,4,8836.974,2628.746
42.230,183.150,0.030,4,8837.296,2629.565
42.240,183.157,0.030,4,8837.619,2630.384
42.250,183.164,0.030,4,8837.941,2631.203
42.260,183.170,0.030,4,8838.263,2632.021
42.270,183.177,0.030,4,8838.585,2632.840
42.280,183.184,0.030,4,8838.907,2633.659
42.290,183.190,0.030,4,8839.229,2634.478
42.300,183.197,0.030,4,8839.550,2635.297
42.310,183.204,0.030,4,8839.871,2636.116
42.320,183.210,0.030,4,8840.193,2636.935
42.330,183.217,0.030,4,8840.514,2637.754
42.340,183.224,0.030,4,8840.834,2638.573
42.350,183.230,0.030,4,8841.155,2639.392
42.360,183.237,0.030,4,8841.476,2640.211
42.370,183.243,0.030,4,8841.796,2641.030
42.380,183.250,0.030,4,8842.116,2641.850
42.390,183.257,0.030,4,8842.436,2642.669
42.400,183.263,0.030,4,8842.756,2643.488
42.410,183.270,0.030,4,8843.076,2644.307
42.420,183.277,0.030,4,8843.395,2645.127
42.430,183.283,0.030,4,8843.715,2645.946
42.440,183.290,0.030,4,8844.034,2646.765
42.450,183.296,0.030,4,8844.353,2647.585
42.460,183.303,0.030,4,8844.672,2648.404
42.470,183.310,0.030,4,8844.991,2649.224
42.480,183.316,0.030,4,8845.310,2650.043
42.490,183.323,0.030,4,8845.628,2650.863
42.500,183.330,0.030,4,8845.946,2651.682
42.510,183.336,0.030,4,8846.264,2652.502
42.520,183.343,0.030,4,8846.582,2653.321
42.530,183.349,0.030,4,8846.900,2654.141
42.540,183.356,0.030,4,8847.218,2654.961
42.550,183.362,0.030,4,8847.535,2655.780
42.560,183.369,0.030,4,8847.853,2656.600
42.570,183.376,0.030,4,8848.170,2657.420
42.580,183.382,0.030,4,8848.487,2658.240
42.590,183.389,0.030,4,8848.804,2659.059
42.600,183.395,0.030,4,8849.120,2659.879
42.610,183.402,0.030,4,8849.437,2660.699
42.620,183.408,0.030,4,8849.753,2661.519
42.630,183.415,0.030,4,8850.069,2662.339
42.640,183.422,0.030,4,8850.385,2663.159
42.650,183.428,0.030,4,8850.701,2663.979
42.660,183.435,0.030,4,8851.017,2664.799
42.670,183.441,0.030,4,8851.333,2665.619
42.680,183.448,0.030,4,8851.648,2666.439
42.690,183.454,0.030,4,8851.963,2667.259
42.700,183.461,0.030,4,8852.278,2668.079
42.710,183.467,0.030,4,8852.593,2668.899
42.720,183.474,0.030,4,8852.908,2669.719
42.730,183.480,0.030,4,8853.223,2670.540
42.740,183.487,0.030,4,8853.537,2671.360
42.750,183.493,0.030,4,8853.852,2672.180
42.760,183.500,0.030,4,8854.166,2673.001
42.770,183.506,0.030,4,8854.480,2673.821
42.780,183.513,0.030,4,8854.794,2674.641
42.790,183.519,0.030,4,8855.107,2675.462
42.800,183.526,0.030,4,8855.421,2676.282
42.810,183.532,0.030,4,8855.734,2677.102
42.820,183.539,0.030,4,8856.047,2677.923
42.830,183.545,0.030,4,8856.360,2678.743
42.840,183.552,0.030,4,8856.673,2679.564
42.850,183.558,0.030,4,8856.986,2680.385
42.860,183.565,0.030,4,8857.299,2681.205
42.870,183.571,0.029,4,8857.611,2682.026
42.880,183.578,0.029,4,8857.923,2682.846
42.890,183.584,0.029,4,8858.235,2683.667
42.900,183.591,0.029,4,8858.547,2684.488
42.910,183.597,0.029,4,8858.859,2685.309
42.920,183.604,0.029,4,8859.171,2686.129
42.930,183.610,0.029,4,8859.482,2686.950
42.940,183.616,0.029,4,8859.794,2687.771
42.950,183.623,0.029,4,8860.105,2688.592
42.960,183.629,0.029,4,8860.416,2689.413
42.970,183.636,0.029,4,8860.727,2690.234
42.980,183.642,0.029,4,8861.037,2691.055
42.990,183.649,0.029,4,8861.348,2691.875
43.000,183.655,0.029,4,8861.658,2692.696
43.010,183.662,0.029,4,8861.969,2693.517
43.020,183.668,0.029,4,8862.279,2694.339
43.030,183.674,0.029,4,8862.589,2695.160
43.040,183.681,0.029,4,8862.898,2695.981
43.050,183.687,0.029,4,8863.208,2696.802
43.060,183.694,0.029,4,8863.517,2697.623
43.070,183.700,0.029,4,8863.827,2698.444
43.080,183.706,0.029,4,8864.136,2699.265
43.090,183.713,0.029,4,8864.445,2700.087
43.100,183.719,0.029,4,8864.754,2700.908
43.110,183.726,0.029,4,8865.062,2701.729
43.120,183.732,0.029,4,8865.371,2702.551
43.130,183.738,0.029,4,8865.679,2703.372
43.140,183.745,0.029,4,8865.987,2704.193
43.150,183.751,0.029,4,8866.295,2705.015
43.160,183.758,0.029,4,8866.603,2705.836
43.170,183.764,0.029,4,8866.911,2706.658
43.180,183.770,0.029,4,8867.219,2707.479
43.190,183.777,0.029,4,8867.526,2708.301
43.200,183.783,0.029,4,8867.833,2709.122
43.210,183.789,0.029,4,8868.141,2709.944
43.220,183.796,0.029,4,8868.448,2710.766
43.230,183.802,0.029,4,8868.754,2711.587
43.240,183.809,0.029,4,8869.061,2712.409
43.250,183.815,0.029,4,8869.368,2713.231
43.260,183.821,0.029,4,8869.674,2714.052
43.270,183.828,0.029,4,8869.980,2714.874
43.280,183.834,0.029,4,8870.286,2715.696
43.290,183.840,0.029,4,8870.592,2716.518
43.300,183.847,0.029,4,8870.898,2717.340
43.310,183.853,0.029,4,8871.203,2718.162
43.320,183.859,0.029,4,8871.509,2718.983
43.330,183.866,0.029,4,8871.814,2719.805
43.340,183.872,0.029,4,8872.119,2720.627
43.350,183.878,0.029,4,8872.424,2721.449
43.360,183.885,0.029,4,8872.729,2722.271
43.370,183.891,0.029,4,8873.034,2723.093
43.380,183.897,0.029,4,8873.338,2723.915
43.390,183.903,0.029,4,8873.642,2724.738
43.400,183.910,0.029,4,8873.947,2725.560
43.410,183.916,0.029,4,8874.251,2726.382
43.420,183.922,0.029,4,8874.555,2727.204
43.430,183.929,0.029,4,8874.858,2728.026
43.440,183.935,0.029,4,8875.162,2728.849
43.450,183.941,0.029,4,8875.465,2729.671
43.460,183.948,0.029,4,8875.769,2730.493
43.470,183.954,0.029,4,8876.072,2731.315
43.480,183.960,0.029,4,8876.375,2732.138
43.490,183.966,0.029,4,8876.678,2732.960
43.500,183.973,0.029,4,8876.980,2733.783
43.510,183.979,0.029,4,8877.283,2734.605
43.520,183.985,0.029,4,8877.585,2735.428
43.530,183.991,0.029,4,8877.887,2736.250
43.540,183.998,0.029,4,8878.189,2737.073
43.550,184.004,0.028,4,8878.491,2737.895
43.560,184.010,0.028,4,8878.793,2738.718
43.570,184.016,0.028,4,8879.095,2739.540
43.580,184.023,0.028,4,8879.396,2740.363
43.590,184.029,0.028,4,8879.697,2741.186
43.600,184.035,0.028,4,8879.999,2742.008
43.610,184.041,0.028,4,8880.300,2742.831
43.620,184.048,0.028,4,8880.600,2743.654
43.630,184.054,0.028,4,8880.901,2744.477
43.640,184.060,0.028,4,8881.202,2745.299
43.650,184.066,0.028,4,8881.502,2746.122
43.660,184.073,0.028,4,8881.802,2746.945
43.670,184.079,0.028,4,8882.102,2747.768
43.680,184.085,0.028,4,8882.402,2748.591
43.690,184.091,0.028,4,8882.702,2749.414
43.700,184.097,0.028,4,8883.002,2750.237
43.710,184.104,0.028,4,8883.301,2751.060
43.720,184.110,0.028,4,8883.601,2751.883
43.730,184.116,0.028,4,8883.900,2752.706
43.740,184.122,0.028,4,8884.199,2753.529
43.750,184.128,0.028,4,8884.498,2754.352
43.760,184.135,0.028,4,8884.796,2755.175
43.770,184.141,0.028,4,8885.095,2755.998
43.780,184.147,0.028,4,8885.393,2756.822
43.790,184.153,0.028,4,8885.692,2757.645
43.800,184.159,0.028,4,8885.990,2758.468
43.810,184.166,0.028,4,8886.288,2759.291
43.820,184.172,0.028,4,8886.586,2760.115
43.830,184.178,0.028,4,8886.883,2760.938
43.840,184.184,0.028,4,8887.181,2761.761
43.850,184.190,0.028,4,8887.478,2762.585
43.860,184.196,0.028,4,8887.775,2763.408
43.870,184.203,0.028,4,8888.073,2764.232
43.880,184.209,0.028,4,8888.369,2765.055
43.890,184.215,0.028,4,8888.666,2765.879
43.900,184.221,0.028,4,8888.963,2766.702
43.910,184.227,0.028,4,8889.259,2767.526
43.920,184.233,0.028,4,8889.556,2768.349
43.930,184.239,0.028,4,8889.852,2769.173
43.940,184.246,0.028,4,8890.148,2769.996
43.950,184.252,0.028,4,8890.444,2770.820
43.960,184.258,0.028,4,8890.740,2771.644
43.970,184.264,0.028,4,8891.035,2772.468
43.980,184.270,0.028,4,8891.331,2773.291
43.990,184.276,0.028,4,8891.626,2774.115
44.000,184.282,0.028,4,8891.921,2774.939
44.010,184.288,0.028,4,8892.216,2775.763
44.020,184.295,0.028,4,8892.511,2776.587
44.030,184.301,0.028,4,8892.805,2777.410
44.040,184.307,0.028,4,8893.100,2778.234
44.050,184.313,0.028,4,8893.394,2779.058
44.060,184.319,0.028,4,8893.689,2779.882
44.070,184.325,0.028,4,8893.983,2780.706
44.080,184.331,0.028,4,8894.277,2781.530
44.090,184.337,0.028,4,8894.571,2782.354
44.100,184.343,0.028,4,8894.864,2783.178
44.110,184.349,0.028,4,8895.158,2784.002
44.120,184.355,0.028,4,8895.451,2784.827
44.130,184.362,0.028,4,8895.744,2785.651
44.140,184.368,0.028,4,8896.037,2786.475
44.150,184.374,0.028,4,8896.330,2787.299
44.160,184.380,0.028,4,8896.623,2788.123
44.170,184.386,0.028,4,8896.916,2788.948
44.180,184.392,0.028,4,8897.208,2789.772
44.190,184.398,0.028,4,8897.500,2790.596
44.200,184.404,0.028,4,8897.793,2791.421
44.210,184.410,0.028,4,8898.085,2792.245
44.220,184.416,0.028,4,8898.376,2793.069
44.230,184.422,0.028,4,8898.668,2793.894
44.240,184.428,0.028,4,8898.960,2794.718
44.250,184.434,0.028,4,8899.251,2795.543
44.260,184.440,0.027,4,8899.542,2796.367
44.270,184.446,0.027,4,8899.834,2797.192
44.280,184.452,0.027,4,8900.125,2798.016
44.290,184.458,0.027,4,8900.415,2798.841
44.300,184.464,0.027,4,8900.706,2799.666
44.310,184.470,0.027,4,8900.997,2800.490
44.320,184.476,0.027,4,8901.287,2801.315
44.330,184.482,0.027,4,8901.577,2802.140
44.340,184.488,0.027,4,8901.867,2802.964
44.350,184.494,0.027,4,8902.157,2803.789
44.360,184.500,0.027,4,8902.447,2804.614
44.370,184.506,0.027,4,8902.737,2805.439
44.380,184.512,0.027,4,8903.026,2806.263
44.390,184.518,0.027,4,8903.316,2807.088
44.400,184.524,0.027,4,8903.605,2807.913
44.410,184.530,0.027,4,8903.894,2808.738
44.420,184.536,0.027,4,8904.183,2809.563
44.430,184.542,0.027,4,8904.472,2810.388
44.440,184.548,0.027,4,8904.761,2811.213
44.450,184.554,0.027,4,8905.049,2812.038
44.460,184.560,0.027,4,8905.337,2812.863
44.470,184.566,0.027,4,8905.626,2813.688
44.480,184.572,0.027,4,8905.914,2814.513
44.490,184.578,0.027,4,8906.202,2815.338
44.500,184.584,0.027,4,8906.489,2816.163
44.510,184.590,0.027,4,8906.777,2816.989
44.520,184.596,0.027,4,8907.065,2817.814
44.530,184.602,0.027,4,8907.352,2818.639
44.540,184.608,0.027,4,8907.639,2819.464
44.550,184.614,0.027,4,8907.926,2820.290
44.560,184.620,0.027,4,8908.213,2821.115
44.570,184.626,0.027,4,8908.500,2821.940
44.580,184.632,0.027,4,8908.786,2822.766
44.590,184.638,0.027,4,8909.073,2823.591
44.600,184.644,0.027,4,8909.359,2824.416
44.610,184.650,0.027,4,8909.645,2825.242
44.620,184.656,0.027,4,8909.931,2826.067
44.630,184.661,0.027,4,8910.217,2826.893
44.640,184.667,0.027,4,8910.503,2827.718
44.650,184.673,0.027,4,8910.789,2828.544
44.660,184.679,0.027,4,8911.074,2829.370
44.670,184.685,0.027,4,8911.359,2830.195
44.680,184.691,0.027,4,8911.645,2831.021
44.690,184.697,0.027,4,8911.930,2831.846
44.700,184.703,0.027,4,8912.214,2832.672
44.710,184.709,0.027,4,8912.499,2833.498
44.720,184.715,0.027,4,8912.784,2834.324
44.730,184.721,0.027,4,8913.068,2835.149
44.740,184.726,0.027,4,8913.353,2835.975
44.750,184.732,0.027,4,8913.637,2836.801
44.760,184.738,0.027,4,8913.921,2837.627
44.770,184.744,0.027,4,8914.205,2838.453
44.780,184.750,0.027,4,8914.488,2839.278
44.790,184.756,0.027,4,8914.772,2840.104
44.800,184.762,0.027,4,8915.055,2840.930
44.810,184.768,0.027,4,8915.339,2841.756
44.820,184.774,0.027,4,8915.622,2842.582
44.830,184.779,0.027,4,8915.905,2843.408
44.840,184.785,0.027,4,8916.188,2844.234
44.850,184.791,0.027,4,8916.470,2845.060
44.860,184.797,0.027,4,8916.753,2845.887
44.870,184.803,0.027,4,8917.035,2846.713
44.880,184.809,0.027,4,8917.318,2847.539
44.890,184.815,0.027,4,8917.600,2848.365
44.900,184.820,0.027,4,8917.882,2849.191
44.910,184.826,0.027,4,8918.164,2850.017
44.920,184.832,0.027,4,8918.445,2850.844
44.930,184.838,0.027,4,8918.727,2851.670
44.940,184.844,0.027,4,8919.009,2852.496
44.950,184.850,0.027,4,8919.290,2853.323
44.960,184.855,0.027,4,8919.571,2854.149
44.970,184.861,0.027,4,8919.852,2854.975
44.980,184.867,0.027,4,8920.133,2855.802
44.990,184.873,0.026,4,8920.414,2856.628
45.000,184.879,0.026,4,8920.694,2857.455
45.010,184.884,0.026,4,8920.975,2858.281
45.020,184.890,0.026,4,8921.255,2859.108
45.030,184.896,0.026,4,8921.535,2859.934
45.040,184.902,0.026,4,8921.815,2860.761
45.050,184.908,0.026,4,8922.095,2861.587
45.060,184.913,0.026,4,8922.375,2862.414
45.070,184.919,0.026,4,8922.654,2863.241
45.080,184.925,0.026,4,8922.934,2864.067
45.090,184.931,0.026,4,8923.213,2864.894
45.100,184.937,0.026,4,8923.492,2865.721
45.110,184.942,0.026,4,8923.771,2866.548
45.120,184.948,0.026,4,8924.050,2867.374
45.130,184.954,0.026,4,8924.329,2868.201
45.140,184.960,0.026,4,8924.608,2869.028
45.150,184.966,0.026,4,8924.886,2869.855
45.160,184.971,0.026,4,8925.164,2870.682
45.170,184.977,0.026,4,8925.442,2871.509
45.180,184.983,0.026,4,8925.721,2872.336
45.190,184.989,0.026,4,8925.998,2873.163
45.200,184.994,0.026,4,8926.276,2873.990
45.210,185.000,0.026,4,8926.554,2874.817
45.220,185.006,0.026,4,8926.831,2875.644
45.230,185.012,0.026,4,8927.109,2876.471
45.240,185.017,0.026,4,8927.386,2877.298
45.250,185.023,0.026,4,8927.663,2878.125
45.260,185.029,0.026,4,8927.940,2878.952
45.270,185.035,0.026,4,8928.217,2879.779
45.280,185.040,0.026,4,8928.493,2880.606
45.290,185.046,0.026,4,8928.770,2881.434
45.300,185.052,0.026,4,8929.046,2882.261
45.310,185.057,0.026,4,8929.322,2883.088
45.320,185.063,0.026,4,8929.598,2883.915
45.330,185.069,0.026,4,8929.874,2884.743
45.340,185.075,0.026,4,8930.150,2885.570
45.350,185.080,0.026,4,8930.426,2886.397
45.360,185.086,0.026,4,8930.701,2887.225
45.370,185.092,0.026,4,8930.977,2888.052
45.380,185.097,0.026,4,8931.252,2888.880
45.390,185.103,0.026,4,8931.527,2889.707
45.400,185.109,0.026,4,8931.802,2890.535
45.410,185.115,0.026,4,8932.077,2891.362
45.420,185.120,0.026,4,8932.351,2892.190
45.430,185.126,0.026,4,8932.626,2893.017
45.440,185.132,0.026,4,8932.900,2893.845
45.450,185.137,0.026,4,8933.175,2894.672
45.460,185.143,0.026,4,8933.449,2895.500
45.470,185.149,0.026,4,8933.723,2896.328
45.480,185.154,0.026,4,8933.997,2897.155
45.490,185.160,0.026,4,8934.270,2897.983
45.500,185.166,0.026,4,8934.544,2898.811
45.510,185.171,0.026,4,8934.817,2899.639
45.520,185.177,0.026,4,8935.091,2900.467
45.530,185.183,0.026,4,8935.364,2901.294
45.540,185.188,0.026,4,8935.637,2902.122
45.550,185.194,0.026,4,8935.910,2902.950
45.560,185.200,0.026,4,8936.182,2903.778
45.570,185.205,0.026,4,8936.455,2904.606
45.580,185.211,0.026,4,8936.727,2905.434
45.590,185.217,0.026,4,8937.000,2906.262
45.600,185.222,0.026,4,8937.272,2907.090
45.610,185.228,0.026,4,8937.544,2907.918
45.620,185.233,0.026,4,8937.816,2908.746
45.630,185.239,0.026,4,8938.088,2909.574
45.640,185.245,0.026,4,8938.359,2910.402
45.650,185.250,0.026,4,8938.631,2911.230
45.660,185.256,0.026,4,8938.902,2912.058
45.670,185.262,0.026,4,8939.173,2912.887
45.680,185.267,0.026,4,8939.444,2913.715
45.690,185.273,0.026,4,8939.715,2914.543
45.700,185.278,0.026,4,8939.986,2915.371
45.710,185.284,0.026,4,8940.257,2916.200
45.720,185.290,0.026,4,8940.527,2917.028
45.730,185.295,0.026,4,8940.798,2917.856
45.740,185.301,0.026,4,8941.068,2918.685
45.750,185.306,0.025,4,8941.338,2919.513
45.760,185.312,0.025,4,8941.608,2920.341
45.770,185.318,0.025,4,8941.878,2921.170
45.780,185.323,0.025,4,8942.148,2921.998
45.790,185.329,0.025,4,8942.417,2922.827
45.800,185.334,0.025,4,8942.687,2923.655
45.810,185.340,0.025,4,8942.956,2924.484
45.820,185.346,0.025,4,8943.225,2925.312
45.830,185.351,0.025,4,8943.494,2926.141
45.840,185.357,0.025,4,8943.763,2926.969
45.850,185.362,0.025,4,8944.032,2927.798
45.860,185.368,0.025,4,8944.300,2928.627
45.870,185.373,0.025,4,8944.569,2929.455
45.880,185.379,0.025,4,8944.837,2930.284
45.890,185.385,0.025,4,8945.105,2931.113
45.900,185.390,0.025,4,8945.374,2931.942
45.910,185.396,0.025,4,8945.641,2932.770
45.920,185.401,0.025,4,8945.909,2933.599
45.930,185.407,0.025,4,8946.177,2934.428
45.940,185.412,0.025,4,8946.444,2935.257
45.950,185.418,0.025,4,8946.712,2936.086
45.960,185.423,0.025,4,8946.979,2936.915
45.970,185.429,0.025,4,8947.246,2937.744
45.980,185.434,0.025,4,8947.513,2938.573
45.990,185.440,0.025,4,8947.780,2939.402
46.000,185.446,0.025,4,8948.047,2940.231
46.010,185.451,0.025,4,8948.313,2941.060
46.020,185.457,0.025,4,8948.580,2941.889
46.030,185.462,0.025,4,8948.846,2942.718
46.040,185.468,0.025,4,8949.112,2943.547
46.050,185.473,0.025,4,8949.378,2944.376
46.060,185.479,0.025,4,8949.644,2945.205
46.070,185.484,0.025,4,8949.910,2946.034
46.080,185.490,0.025,4,8950.176,2946.863
46.090,185.495,0.025,4,8950.441,2947.693
46.100,185.501,0.025,4,8950.706,2948.522
46.110,185.506,0.025,4,8950.972,2949.351
46.120,185.512,0.025,4,8951.237,2950.180
46.130,185.517,0.025,4,8951.502,2951.010
46.140,185.523,0.025,4,8951.767,2951.839
46.150,185.528,0.025,4,8952.031,2952.668
46.160,185.534,0.025,4,8952.296,2953.498
46.170,185.539,0.025,4,8952.560,2954.327
46.180,185.545,0.025,4,8952.825,2955.157
46.190,185.550,0.025,4,8953.089,2955.986
46.200,185.555,0.025,4,8953.353,2956.816
46.210,185.561,0.025,4,8953.617,2957.645
46.220,185.566,0.025,4,8953.880,2958.475
46.230,185.572,0.025,4,8954.144,2959.304
46.240,185.577,0.025,4,8954.407,2960.134
46.250,185.583,0.025,4,8954.671,2960.964
46.260,185.588,0.025,4,8954.934,2961.793
46.270,185.594,0.025,4,8955.197,2962.623
46.280,185.599,0.025,4,8955.460,2963.453
46.290,185.605,0.025,4,8955.723,2964.282
46.300,185.610,0.025,4,8955.986,2965.112
46.310,185.615,0.025,4,8956.248,2965.942
46.320,185.621,0.025,4,8956.510,2966.772
46.330,185.626,0.025,4,8956.773,2967.601
46.340,185.632,0.025,4,8957.035,2968.431
46.350,185.637,0.025,4,8957.297,2969.261
46.360,185.643,0.025,4,8957.559,2970.091
46.370,185.648,0.025,4,8957.821,2970.921
46.380,185.653,0.025,4,8958.082,2971.751
46.390,185.659,0.025,4,8958.344,2972.581
46.400,185.664,0.025,4,8958.605,2973.411
46.410,185.670,0.025,4,8958.866,2974.241
46.420,185.675,0.025,4,8959.127,2975.071
46.430,185.681,0.025,4,8959.388,2975.901
46.440,185.686,0.025,4,8959.649,2976.731
46.450,185.691,0.025,4,8959.910,2977.561
46.460,185.697,0.025,4,8960.170,2978.391
46.470,185.702,0.025,4,8960.431,2979.221
46.480,185.708,0.025,4,8960.691,2980.051
46.490,185.713,0.025,4,8960.951,2980.882
46.500,185.718,0.025,4,8961.211,2981.712
46.510,185.724,0.025,4,8961.471,2982.542
46.520,185.729,0.025,4,8961.731,2983.372
46.530,185.734,0.025,4,8961.990,2984.203
46.540,185.740,0.024,4,8962.250,2985.033
46.550,185.745,0.024,4,8962.509,2985.863
46.560,185.751,0.024,4,8962.768,2986.694
46.570,185.756,0.024,4,8963.028,2987.524
46.580,185.761,0.024,4,8963.287,2988.354
46.590,185.767,0.024,4,8963.545,2989.185
46.600,185.772,0.024,4,8963.804,2990.015
46.610,185.777,0.024,4,8964.063,2990.846
46.620,185.783,0.024,4,8964.321,2991.676
46.630,185.788,0.024,4,8964.579,2992.507
46.640,185.793,0.024,4,8964.838,2993.337
46.650,185.799,0.024,4,8965.096,2994.168
46.660,185.804,0.024,4,8965.354,2994.999
46.670,185.810,0.024,4,8965.611,2995.829
46.680,185.815,0.024,4,8965.869,2996.660
46.690,185.820,0.024,4,8966.126,2997.491
46.700,185.826,0.024,4,8966.384,2998.321
46.710,185.831,0.024,4,8966.641,2999.152
46.720,185.836,0.024,4,8966.898,2999.983
46.730,185.842,0.024,4,8967.155,3000.814
46.740,185.847,0.024,4,8967.412,3001.644
46.750,185.852,0.024,4,8967.669,3002.475
46.760,185.857,0.024,4,8967.925,3003.306
46.770,185.863,0.024,4,8968.182,3004.137
46.780,185.868,0.024,4,8968.438,3004.968
46.790,185.873,0.024,4,8968.694,3005.799
46.800,185.879,0.024,4,8968.951,3006.630
46.810,185.884,0.024,4,8969.207,3007.461
46.820,185.889,0.024,4,8969.462,3008.292
46.830,185.895,0.024,4,8969.718,3009.123
46.840,185.900,0.024,4,8969.974,3009.954
46.850,185.905,0.024,4,8970.229,3010.785
46.860,185.911,0.024,4,8970.484,3011.616
46.870,185.916,0.024,4,8970.739,3012.447
46.880,185.921,0.024,4,8970.995,3013.278
46.890,185.926,0.024,4,8971.249,3014.109
46.900,185.932,0.024,4,8971.504,3014.940
46.910,185.937,0.024,4,8971.759,3015.772
46.920,185.942,0.024,4,8972.013,3016.603
46.930,185.947,0.024,4,8972.268,3017.434
46.940,185.953,0.024,4,8972.522,3018.265
46.950,185.958,0.024,4,8972.776,3019.097
46.960,185.963,0.024,4,8973.030,3019.928
46.970,185.969,0.024,4,8973.284,3020.759
46.980,185.974,0.024,4,8973.538,3021.591
46.990,185.979,0.024,4,8973.791,3022.422
47.000,185.984,0.024,4,8974.045,3023.253
47.010,185.990,0.024,4,8974.298,3024.085
47.020,185.995,0.024,4,8974.551,3024.916
47.030,186.000,0.024,4,8974.805,3025.748
47.040,186.005,0.024,4,8975.058,3026.579
47.050,186.011,0.024,4,8975.310,3027.411
47.060,186.016,0.024,4,8975.563,3028.242
47.070,186.021,0.024,4,8975.816,3029.074
47.080,186.026,0.024,4,8976.068,3029.906
47.090,186.031,0.024,4,8976.320,3030.737
47.100,186.037,0.024,4,8976.573,3031.569
47.110,186.042,0.024,4,8976.825,3032.400
47.120,186.047,0.024,4,8977.077,3033.232
47.130,186.052,0.024,4,8977.328,3034.064
47.140,186.058,0.024,4,8977.580,3034.896
47.150,186.063,0.024,4,8977.832,3035.727
47.160,186.068,0.024,4,8978.083,3036.559
47.170,186.073,0.024,4,8978.334,3037.391
47.180,186.078,0.024,4,8978.586,3038.223
47.190,186.084,0.024,4,8978.837,3039.055
47.200,186.089,0.024,4,8979.088,3039.887
47.210,186.094,0.024,4,8979.338,3040.718
47.220,186.099,0.024,4,8979.589,3041.550
47.230,186.104,0.024,4,8979.840,3042.382
47.240,186.110,0.024,4,8980.090,3043.214
47.250,186.115,0.024,4,8980.340,3044.046
47.260,186.120,0.024,4,8980.590,3044.878
47.270,186.125,0.024,4,8980.840,3045.710
47.280,186.130,0.024,4,8981.090,3046.542
47.290,186.135,0.024,4,8981.340,3047.374
47.300,186.141,0.024,4,8981.590,3048.207
47.310,186.146,0.024,4,8981.839,3049.039
47.320,186.151,0.024,4,8982.089,3049.871
47.330,186.156,0.024,4,8982.338,3050.703
47.340,186.161,0.024,4,8982.587,3051.535
47.350,186.167,0.024,4,8982.836,3052.367
47.360,186.172,0.023,4,8983.085,3053.200
47.370,186.177,0.023,4,8983.334,3054.032
47.380,186.182,0.023,4,8983.582,3054.864
47.390,186.187,0.023,4,8983.831,3055.697
47.400,186.192,0.023,4,8984.079,3056.529
47.410,186.197,0.023,4,8984.327,3057.361
47.420,186.203,0.023,4,8984.576,3058.194
47.430,186.208,0.023,4,8984.824,3059.026
47.440,186.213,0.023,4,8985.071,3059.859
47.450,186.218,0.023,4,8985.319,3060.691
47.460,186.223,0.023,4,8985.567,3061.523
47.470,186.228,0.023,4,8985.814,3062.356
47.480,186.233,0.023,4,8986.062,3063.189
47.490,186.238,0.023,4,8986.309,3064.021
47.500,186.244,0.023,4,8986.556,3064.854
47.510,186.249,0.023,4,8986.803,3065.686
47.520,186.254,0.023,4,8987.050,3066.519
47.530,186.259,0.023,4,8987.297,3067.351
47.540,186.264,0.023,4,8987.543,3068.184
47.550,186.269,0.023,4,8987.790,3069.017
47.560,186.274,0.023,4,8988.036,3069.850
47.570,186.279,0.023,4,8988.282,3070.682
47.580,186.284,0.023,4,8988.528,3071.515
47.590,186.290,0.023,4,8988.774,3072.348
47.600,186.295,0.023,4,8989.020,3073.181
47.610,186.300,0.023,4,8989.266,3074.013
47.620,186.305,0.023,4,8989.511,3074.846
47.630,186.310,0.023,4,8989.757,3075.679
47.640,186.315,0.023,4,8990.002,3076.512
47.650,186.320,0.023,4,8990.247,3077.345
47.660,186.325,0.023,4,8990.493,3078.178
47.670,186.330,0.023,4,8990.738,3079.011
47.680,186.335,0.023,4,8990.982,3079.844
47.690,186.340,0.023,4,8991.227,3080.677
47.700,186.345,0.023,4,8991.472,3081.510
47.710,186.351,0.023,4,8991.716,3082.343
47.720,186.356,0.023,4,8991.961,3083.176
47.730,186.361,0.023,4,8992.205,3084.009
47.740,186.366,0.023,4,8992.449,3084.842
47.750,186.371,0.023,4,8992.693,3085.675
47.760,186.376,0.023,4,8992.937,3086.508
47.770,186.381,0.023,4,8993.180,3087.342
47.780,186.386,0.023,4,8993.424,3088.175
47.790,186.391,0.023,4,8993.668,3089.008
47.800,186.396,0.023,4,8993.911,3089.841
47.810,186.401,0.023,4,8994.154,3090.675
47.820,186.406,0.023,4,8994.397,3091.508
47.830,186.411,0.023,4,8994.640,3092.341
47.840,186.416,0.023,4,8994.883,3093.175
47.850,186.421,0.023,4,8995.126,3094.008
47.860,186.426,0.023,4,8995.368,3094.841
47.870,186.431,0.023,4,8995.611,3095.675
47.880,186.436,0.023,4,8995.853,3096.508
47.890,186.441,0.023,4,8996.095,3097.342
47.900,186.446,0.023,4,8996.338,3098.175
47.910,186.451,0.023,4,8996.580,3099.009
47.920,186.456,0.023,4,8996.821,3099.842
47.930,186.461,0.023,4,8997.063,3100.676
47.940,186.466,0.023,4,8997.305,3101.509
47.950,186.471,0.023,4,8997.546,3102.343
47.960,186.476,0.023,4,8997.788,3103.176
47.970,186.481,0.023,4,8998.029,3104.010
47.980,186.486,0.023,4,8998.270,3104.844
47.990,186.491,0.023,4,8998.511,3105.677
48.000,186.496,0.023,4,8998.752,3106.511
48.010,186.501,0.023,4,8998.993,3107.345
48.020,186.506,0.023,4,8999.233,3108.179
48.030,186.511,0.023,4,8999.474,3109.012
48.040,186.516,0.023,4,8999.714,3109.846
48.050,186.521,0.023,4,8999.954,3110.680
48.060,186.526,-0.232,5,5850.127,3111.514
48.070,186.475,-0.232,5,5848.529,3112.348
48.080,186.424,-0.232,5,5846.933,3113.181
48.090,186.374,-0.232,5,5845.337,3114.014
48.100,186.323,-0.232,5,5843.743,3114.847
48.110,186.272,-0.231,5,5842.149,3115.680
48.120,186.221,-0.231,5,5840.556,3116.513
48.130,186.170,-0.231,5,5838.964,3117.345
48.140,186.120,-0.231,5,5837.372,3118.177
48.150,186.069,-0.231,5,5835.781,3119.009
48.160,186.018,-0.231,5,5834.192,3119.841
48.170,185.968,-0.231,5,5832.603,3120.672
48.180,185.917,-0.231,5,5831.014,3121.504
48.190,185.866,-0.231,5,5829.427,3122.335
48.200,185.816,-0.230,5,5827.840,3123.165
48.210,185.765,-0.230,5,5826.255,3123.996
48.220,185.715,-0.230,5,5824.670,3124.826
48.230,185.664,-0.230,5,5823.085,3125.656
48.240,185.614,-0.230,5,5821.502,3126.486
48.250,185.563,-0.230,5,5819.919,3127.316
48.260,185.513,-0.009,5,5818.338,3128.145
48.270,185.511,-0.009,5,5818.276,3128.975
48.280,185.509,-0.009,5,5818.215,3129.804
48.290,185.507,-0.009,5,5818.153,3130.633
48.300,185.505,-0.009,5,5818.092,3131.462
48.310,185.503,-0.009,5,5818.030,3132.292
48.320,185.501,-0.009,5,5817.969,3133.121
48.330,185.499,-0.009,5,5817.907,3133.950
48.340,185.497,-0.009,5,5817.846,3134.780
48.350,185.495,-0.009,5,5817.785,3135.609
48.360,185.493,-0.009,5,5817.724,3136.438
48.370,185.491,-0.009,5,5817.662,3137.267
48.380,185.489,-0.009,5,5817.601,3138.096
48.390,185.487,-0.009,5,5817.540,3138.926
48.400,185.485,-0.009,5,5817.479,3139.755
48.410,185.483,-0.009,5,5817.418,3140.584
48.420,185.481,-0.009,5,5817.357,3141.413
48.430,185.479,-0.009,5,5817.295,3142.242
48.440,185.478,-0.009,5,5817.234,3143.072
48.450,185.476,-0.009,5,5817.173,3143.901
48.460,185.474,-0.009,5,5817.113,3144.730
48.470,185.472,-0.009,5,5817.052,3145.559
48.480,185.470,-0.009,5,5816.991,3146.388
48.490,185.468,-0.009,5,5816.930,3147.217
48.500,185.466,-0.009,5,5816.869,3148.046
48.510,185.464,-0.009,5,5816.808,3148.875
48.520,185.462,-0.009,5,5816.747,3149.705
48.530,185.460,-0.009,5,5816.687,3150.534
48.540,185.458,-0.009,5,5816.626,3151.363
48.550,185.456,-0.009,5,5816.565,3152.192
48.560,185.454,-0.009,5,5816.505,3153.021
48.570,185.452,-0.009,5,5816.444,3153.850
48.580,185.450,-0.009,5,5816.383,3154.679
48.590,185.448,-0.009,5,5816.323,3155.508
48.600,185.447,-0.009,5,5816.262,3156.337
48.610,185.445,-0.009,5,5816.202,3157.166
48.620,185.443,-0.009,5,5816.141,3157.995
48.630,185.441,-0.009,5,5816.081,3158.824
48.640,185.439,-0.009,5,5816.021,3159.653
48.650,185.437,-0.009,5,5815.960,3160.482
48.660,185.435,-0.009,5,5815.900,3161.311
48.670,185.433,-0.009,5,5815.840,3162.140
48.680,185.431,-0.009,5,5815.779,3162.969
48.690,185.429,-0.009,5,5815.719,3163.798
48.700,185.427,-0.009,5,5815.659,3164.627
48.710,185.425,-0.009,5,5815.599,3165.456
48.720,185.423,-0.009,5,5815.538,3166.285
48.730,185.422,-0.009,5,5815.478,3167.113
48.740,185.420,-0.009,5,5815.418,3167.942
48.750,185.418,-0.009,5,5815.358,3168.771
48.760,185.416,-0.009,5,5815.298,3169.600
48.770,185.414,-0.009,5,5815.238,3170.429
48.780,185.412,-0.009,5,5815.178,3171.258
48.790,185.410,-0.009,5,5815.118,3172.087
48.800,185.408,-0.009,5,5815.058,3172.916
48.810,185.406,-0.009,5,5814.998,3173.744
48.820,185.404,-0.009,5,5814.938,3174.573
48.830,185.402,-0.009,5,5814.879,3175.402
48.840,185.400,-0.009,5,5814.819,3176.231
48.850,185.399,-0.009,5,5814.759,3177.060
48.860,185.397,-0.009,5,5814.699,3177.889
48.870,185.395,-0.009,5,5814.640,3178.717
48.880,185.393,-0.009,5,5814.580,3179.546
48.890,185.391,-0.009,5,5814.520,3180.375
48.900,185.389,-0.009,5,5814.461,3181.204
48.910,185.387,-0.009,5,5814.401,3182.032
48.920,185.385,-0.009,5,5814.342,3182.861
48.930,185.383,-0.009,5,5814.282,3183.690
48.940,185.381,-0.009,5,5814.223,3184.519
48.950,185.380,-0.009,5,5814.163,3185.347
48.960,185.378,-0.009,5,5814.104,3186.176
48.970,185.376,-0.009,5,5814.044,3187.005
48.980,185.374,-0.009,5,5813.985,3187.833
48.990,185.372,-0.009,5,5813.926,3188.662
49.000,185.370,-0.009,5,5813.866,3189.491
49.010,185.368,-0.009,5,5813.807,3190.320
49.020,185.366,-0.009,5,5813.748,3191.148
49.030,185.364,-0.009,5,5813.689,3191.977
49.040,185.363,-0.009,5,5813.629,3192.805
49.050,185.361,-0.009,5,5813.570,3193.634
49.060,185.359,-0.009,5,5813.511,3194.463
49.070,185.357,-0.009,5,5813.452,3195.291
49.080,185.355,-0.009,5,5813.393,3196.120
49.090,185.353,-0.009,5,5813.334,3196.949
49.100,185.351,-0.009,5,5813.275,3197.777
49.110,185.349,-0.009,5,5813.216,3198.606
49.120,185.348,-0.009,5,5813.157,3199.434
49.130,185.346,-0.009,5,5813.098,3200.263
49.140,185.344,-0.009,5,5813.039,3201.091
49.150,185.342,-0.009,5,5812.980,3201.920
49.160,185.340,-0.009,5,5812.921,3202.749
49.170,185.338,-0.009,5,5812.863,3203.577
49.180,185.336,-0.009,5,5812.804,3204.406
49.190,185.334,-0.009,5,5812.745,3205.234
49.200,185.333,-0.009,5,5812.686,3206.063
49.210,185.331,-0.009,5,5812.628,3206.891
49.220,185.329,-0.009,5,5812.569,3207.720
49.230,185.327,-0.009,5,5812.510,3208.548
49.240,185.325,-0.009,5,5812.452,3209.377
49.250,185.323,-0.009,5,5812.393,3210.205
49.260,185.321,-0.009,5,5812.335,3211.034
49.270,185.319,-0.008,5,5812.276,3211.862
49.280,185.318,-0.008,5,5812.218,3212.691
49.290,185.316,-0.008,5,5812.159,3213.519
49.300,185.314,-0.008,5,5812.101,3214.347
49.310,185.312,-0.008,5,5812.043,3215.176
49.320,185.310,-0.008,5,5811.984,3216.004
49.330,185.308,-0.008,5,5811.926,3216.833
49.340,185.306,-0.008,5,5811.868,3217.661
49.350,185.305,-0.008,5,5811.809,3218.489
49.360,185.303,-0.008,5,5811.751,3219.318
49.370,185.301,-0.008,5,5811.693,3220.146
49.380,185.299,-0.008,5,5811.635,3220.975
49.390,185.297,-0.008,5,5811.577,3221.803
49.400,185.295,-0.008,5,5811.518,3222.631
49.410,185.293,-0.008,5,5811.460,3223.460
49.420,185.292,-0.008,5,5811.402,3224.288
49.430,185.290,-0.008,5,5811.344,3225.116
49.440,185.288,-0.008,5,5811.286,3225.945
49.450,185.286,-0.008,5,5811.228,3226.773
49.460,185.284,-0.008,5,5811.170,3227.601
49.470,185.282,-0.008,5,5811.112,3228.429
49.480,185.280,-0.008,5,5811.054,3229.258
49.490,185.279,-0.008,5,5810.997,3230.086
49.500,185.277,-0.008,5,5810.939,3230.914
49.510,185.275,-0.008,5,5810.881,3231.742
49.520,185.273,-0.008,5,5810.823,3232.571
49.530,185.271,-0.008,5,5810.766,3233.399
49.540,185.269,-0.008,5,5810.708,3234.227
49.550,185.268,-0.008,5,5810.650,3235.055
49.560,185.266,-0.008,5,5810.592,3235.884
49.570,185.264,-0.008,5,5810.535,3236.712
49.580,185.262,-0.008,5,5810.477,3237.540
49.590,185.260,-0.008,5,5810.420,3238.368
49.600,185.258,-0.008,5,5810.362,3239.196
49.610,185.257,-0.008,5,5810.305,3240.025
49.620,185.255,-0.008,5,5810.247,3240.853
49.630,185.253,-0.008,5,5810.190,3241.681
49.640,185.251,-0.008,5,5810.132,3242.509
49.650,185.249,-0.008,5,5810.075,3243.337
49.660,185.247,-0.008,5,5810.018,3244.165
49.670,185.246,-0.008,5,5809.960,3244.993
49.680,185.244,-0.008,5,5809.903,3245.822
49.690,185.242,-0.008,5,5809.846,3246.650
49.700,185.240,-0.008,5,5809.788,3247.478
49.710,185.238,-0.008,5,5809.731,3248.306
49.720,185.236,-0.008,5,5809.674,3249.134
49.730,185.235,-0.008,5,5809.617,3249.962
49.740,185.233,-0.008,5,5809.560,3250.790
49.750,185.231,-0.008,5,5809.503,3251.618
49.760,185.229,-0.008,5,5809.446,3252.446
49.770,185.227,-0.008,5,5809.389,3253.274
49.780,185.226,-0.008,5,5809.332,3254.102
49.790,185.224,-0.008,5,5809.275,3254.930
49.800,185.222,-0.008,5,5809.218,3255.758
49.810,185.220,-0.008,5,5809.161,3256.586
49.820,185.218,-0.008,5,5809.104,3257.414
49.830,185.216,-0.008,5,5809.047,3258.242
49.840,185.215,-0.008,5,5808.990,3259.070
49.850,185.213,-0.008,5,5808.933,3259.898
49.860,185.211,-0.008,5,5808.877,3260.726
49.870,185.209,-0.008,5,5808.820,3261.554
49.880,185.207,-0.008,5,5808.763,3262.382
49.890,185.206,-0.008,5,5808.706,3263.210
49.900,185.204,-0.008,5,5808.650,3264.038
49.910,185.202,-0.008,5,5808.593,3264.866
49.920,185.200,-0.008,5,5808.537,3265.694
49.930,185.198,-0.008,5,5808.480,3266.522
49.940,185.197,-0.008,5,5808.423,3267.350
49.950,185.195,-0.008,5,5808.367,3268.178
49.960,185.193,-0.008,5,5808.310,3269.006
49.970,185.191,-0.008,5,5808.254,3269.833
49.980,185.189,-0.008,5,5808.197,3270.661
49.990,185.188,-0.008,5,5808.141,3271.489
50.000,185.186,-0.008,5,5808.085,3272.317
50.010,185.184,-0.008,5,5808.028,3273.145
50.020,185.182,-0.008,5,5807.972,3273.973
50.030,185.180,-0.008,5,5807.916,3274.801
50.040,185.179,-0.008,5,5807.859,3275.628
50.050,185.177,-0.008,5,5807.803,3276.456
50.060,185.175,-0.008,5,5807.747,3277.284
50.070,185.173,-0.008,5,5807.691,3278.112
50.080,185.171,-0.008,5,5807.635,3278.940
50.090,185.170,-0.008,5,5807.579,3279.767
50.100,185.168,-0.008,5,5807.523,3280.595
50.110,185.166,-0.008,5,5807.466,3281.423
50.120,185.164,-0.008,5,5807.410,3282.251
50.130,185.163,-0.008,5,5807.354,3283.078
50.140,185.161,-0.008,5,5807.298,3283.906
50.150,185.159,-0.008,5,5807.242,3284.734
50.160,185.157,-0.008,5,5807.187,3285.562
50.170,185.155,-0.008,5,5807.131,3286.389
50.180,185.154,-0.008,5,5807.075,3287.217
50.190,185.152,-0.008,5,5807.019,3288.045
50.200,185.150,-0.008,5,5806.963,3288.872
50.210,185.148,-0.008,5,5806.907,3289.700
50.220,185.146,-0.008,5,5806.852,3290.528
50.230,185.145,-0.008,5,5806.796,3291.356
50.240,185.143,-0.008,5,5806.740,3292.183
50.250,185.141,-0.008,5,5806.685,3293.011
50.260,185.139,-0.008,5,5806.629,3293.838
50.270,185.138,-0.008,5,5806.573,3294.666
50.280,185.136,-0.008,5,5806.518,3295.494
50.290,185.134,-0.008,5,5806.462,3296.321
50.300,185.132,-0.008,5,5806.407,3297.149
50.310,185.131,-0.008,5,5806.351,3297.977
50.320,185.129,-0.008,5,5806.296,3298.804
50.330,185.127,-0.008,5,5806.240,3299.632
50.340,185.125,-0.008,5,5806.185,3300.459
50.350,185.123,-0.008,5,5806.129,3301.287
50.360,185.122,-0.008,5,5806.074,3302.115
50.370,185.120,-0.008,5,5806.019,3302.942
50.380,185.118,-0.008,5,5805.963,3303.770
50.390,185.116,-0.008,5,5805.908,3304.597
50.400,185.115,-0.008,5,5805.853,3305.425
50.410,185.113,-0.008,5,5805.798,3306.252
50.420,185.111,-0.008,5,5805.743,3307.080
50.430,185.109,-0.008,5,5805.687,3307.907
50.440,185.108,-0.008,5,5805.632,3308.735
50.450,185.106,-0.008,5,5805.577,3309.562
50.460,185.104,-0.008,5,5805.522,3310.390
50.470,185.102,-0.008,5,5805.467,3311.217
50.480,185.101,-0.008,5,5805.412,3312.045
50.490,185.099,-0.008,5,5805.357,3312.872
50.500,185.097,-0.008,5,5805.302,3313.700
50.510,185.095,-0.008,5,5805.247,3314.527
50.520,185.094,-0.008,5,5805.192,3315.355
50.530,185.092,-0.008,5,5805.137,3316.182
50.540,185.090,-0.008,5,5805.082,3317.009
50.550,185.088,-0.008,5,5805.028,3317.837
50.560,185.087,-0.008,5,5804.973,3318.664
50.570,185.085,-0.008,5,5804.918,3319.492
50.580,185.083,-0.008,5,5804.863,3320.319
50.590,185.081,-0.008,5,5804.809,3321.147
50.600,185.080,-0.008,5,5804.754,3321.974
50.610,185.078,-0.008,5,5804.699,3322.801
50.620,185.076,-0.008,5,5804.645,3323.629
50.630,185.074,-0.008,5,5804.590,3324.456
50.640,185.073,-0.008,5,5804.535,3325.283
50.650,185.071,-0.008,5,5804.481,3326.111
50.660,185.069,-0.008,5,5804.426,3326.938
50.670,185.067,-0.008,5,5804.372,3327.765
50.680,185.066,-0.008,5,5804.317,3328.593
50.690,185.064,-0.008,5,5804.263,3329.420
50.700,185.062,-0.008,5,5804.209,3330.247
50.710,185.060,-0.008,5,5804.154,3331.075
50.720,185.059,-0.008,5,5804.100,3331.902
50.730,185.057,-0.008,5,5804.046,3332.729
50.740,185.055,-0.008,5,5803.991,3333.556
50.750,185.054,-0.008,5,5803.937,3334.384
50.760,185.052,-0.008,5,5803.883,3335.211
50.770,185.050,-0.008,5,5803.829,3336.038
50.780,185.048,-0.008,5,5803.774,3336.865
50.790,185.047,-0.008,5,5803.720,3337.693
50.800,185.045,-0.008,5,5803.666,3338.520
50.810,185.043,-0.008,5,5803.612,3339.347
50.820,185.041,-0.008,5,5803.558,3340.174
50.830,185.040,-0.008,5,5803.504,3341.002
50.840,185.038,-0.008,5,5803.450,3341.829
50.850,185.036,-0.008,5,5803.396,3342.656
50.860,185.035,-0.008,5,5803.342,3343.483
50.870,185.033,-0.008,5,5803.288,3344.310
50.880,185.031,-0.008,5,5803.234,3345.137
50.890,185.029,-0.008,5,5803.180,3345.965
50.900,185.028,-0.008,5,5803.126,3346.792
50.910,185.026,-0.008,5,5803.072,3347.619
50.920,185.024,-0.008,5,5803.019,3348.446
50.930,185.023,-0.008,5,5802.965,3349.273
50.940,185.021,-0.008,5,5802.911,3350.100
50.950,185.019,-0.008,5,5802.857,3350.927
50.960,185.017,-0.008,5,5802.804,3351.754
50.970,185.016,-0.008,5,5802.750,3352.582
50.980,185.014,-0.008,5,5802.696,3353.409
50.990,185.012,-0.008,5,5802.643,3354.236
51.000,185.011,-0.008,5,5802.589,3355.063
51.010,185.009,-0.008,5,5802.535,3355.890
51.020,185.007,-0.008,5,5802.482,3356.717
51.030,185.005,-0.008,5,5802.428,3357.544
51.040,185.004,-0.008,5,5802.375,3358.371
51.050,185.002,-0.008,5,5802.322,3359.198
51.060,185.000,-0.008,5,5802.268,3360.025
51.070,184.999,-0.008,5,5802.215,3360.852
51.080,184.997,-0.008,5,5802.161,3361.679
51.090,184.995,-0.008,5,5802.108,3362.506
51.100,184.994,-0.008,5,5802.055,3363.333
51.110,184.992,-0.008,5,5802.001,3364.160
51.120,184.990,-0.008,5,5801.948,3364.987
51.130,184.988,-0.008,5,5801.895,3365.814
51.140,184.987,-0.008,5,5801.842,3366.641
51.150,184.985,-0.008,5,5801.788,3367.468
51.160,184.983,-0.008,5,5801.735,3368.295
51.170,184.982,-0.008,5,5801.682,3369.122
51.180,184.980,-0.008,5,5801.629,3369.949
51.190,184.978,-0.008,5,5801.576,3370.776
51.200,184.977,-0.008,5,5801.523,3371.603
51.210,184.975,-0.008,5,5801.470,3372.430
51.220,184.973,-0.008,5,5801.417,3373.257
51.230,184.972,-0.008,5,5801.364,3374.083
51.240,184.970,-0.008,5,5801.311,3374.910
51.250,184.968,-0.008,5,5801.258,3375.737
51.260,184.966,-0.008,5,5801.205,3376.564
51.270,184.965,-0.008,5,5801.152,3377.391
51.280,184.963,-0.008,5,5801.100,3378.218
51.290,184.961,-0.008,5,5801.047,3379.045
51.300,184.960,-0.008,5,5800.994,3379.872
51.310,184.958,-0.008,5,5800.941,3380.698
51.320,184.956,-0.008,5,5800.888,3381.525
51.330,184.955,-0.008,5,5800.836,3382.352
51.340,184.953,-0.008,5,5800.783,3383.179
51.350,184.951,-0.008,5,5800.730,3384.006
51.360,184.950,-0.008,5,5800.678,3384.832
51.370,184.948,-0.008,5,5800.625,3385.659
51.380,184.946,-0.008,5,5800.573,3386.486
51.390,184.945,-0.008,5,5800.520,3387.313
51.400,184.943,-0.008,5,5800.468,3388.140
51.410,184.941,-0.008,5,5800.415,3388.966
51.420,184.940,-0.008,5,5800.363,3389.793
51.430,184.938,-0.008,5,5800.310,3390.620
51.440,184.936,-0.008,5,5800.258,3391.447
51.450,184.935,-0.008,5,5800.205,3392.273
51.460,184.933,-0.008,5,5800.153,3393.100
51.470,184.931,-0.008,5,5800.101,3393.927
51.480,184.930,-0.008,5,5800.048,3394.753
51.490,184.928,-0.008,5,5799.996,3395.580
51.500,184.926,-0.008,5,5799.944,3396.407
51.510,184.925,-0.008,5,5799.892,3397.234
51.520,184.923,-0.008,5,5799.840,3398.060
51.530,184.921,-0.008,5,5799.787,3398.887
51.540,184.920,-0.008,5,5799.735,3399.714
51.550,184.918,-0.008,5,5799.683,3400.540
51.560,184.916,-0.008,5,5799.631,3401.367
51.570,184.915,-0.008,5,5799.579,3402.194
51.580,184.913,-0.008,5,5799.527,3403.020
51.590,184.911,-0.008,5,5799.475,3403.847
51.600,184.910,-0.008,5,5799.423,3404.673
51.610,184.908,-0.008,5,5799.371,3405.500
51.620,184.906,-0.008,5,5799.319,3406.327
51.630,184.905,-0.008,5,5799.267,3407.153
51.640,184.903,-0.008,5,5799.215,3407.980
51.650,184.901,-0.008,5,5799.163,3408.806
51.660,184.900,-0.008,5,5799.112,3409.633
51.670,184.898,-0.008,5,5799.060,3410.460
51.680,184.896,-0.008,5,5799.008,3411.286
51.690,184.895,-0.008,5,5798.956,3412.113
51.700,184.893,-0.008,5,5798.904,3412.939
51.710,184.891,-0.008,5,5798.853,3413.766
51.720,184.890,-0.008,5,5798.801,3414.592
51.730,184.888,-0.007,5,5798.749,3415.419
51.740,184.886,-0.007,5,5798.698,3416.245
51.750,184.885,-0.007,5,5798.646,3417.072
51.760,184.883,-0.007,5,5798.595,3417.898
51.770,184.882,-0.007,5,5798.543,3418.725
51.780,184.880,-0.007,5,5798.492,3419.551
51.790,184.878,-0.007,5,5798.440,3420.378
51.800,184.877,-0.007,5,5798.389,3421.204
51.810,184.875,-0.007,5,5798.337,3422.031
51.820,184.873,-0.007,5,5798.286,3422.857
51.830,184.872,-0.007,5,5798.234,3423.684
51.840,184.870,-0.007,5,5798.183,3424.510
51.850,184.868,-0.007,5,5798.132,3425.337
51.860,184.867,-0.007,5,5798.080,3426.163
51.870,184.865,-0.007,5,5798.029,3426.989
51.880,184.864,-0.007,5,5797.978,3427.816
51.890,184.862,-0.007,5,5797.927,3428.642
51.900,184.860,-0.007,5,5797.876,3429.469
51.910,184.859,-0.007,5,5797.824,3430.295
51.920,184.857,-0.007,5,5797.773,3431.121
51.930,184.855,-0.007,5,5797.722,3431.948
51.940,184.854,-0.007,5,5797.671,3432.774
51.950,184.852,-0.007,5,5797.620,3433.601
51.960,184.850,-0.007,5,5797.569,3434.427
51.970,184.849,-0.007,5,5797.518,3435.253
51.980,184.847,-0.007,5,5797.467,3436.080
51.990,184.846,-0.007,5,5797.416,3436.906
52.000,184.844,-0.007,5,5797.365,3437.732
52.010,184.842,-0.007,5,5797.314,3438.559
52.020,184.841,-0.007,5,5797.263,3439.385
52.030,184.839,-0.007,5,5797.212,3440.211
52.040,184.838,-0.007,5,5797.161,3441.038
52.050,184.836,-0.007,5,5797.111,3441.864
52.060,184.834,-0.007,5,5797.060,3442.690
52.070,184.833,-0.007,5,5797.009,3443.516
52.080,184.831,-0.007,5,5796.958,3444.343
52.090,184.829,-0.007,5,5796.908,3445.169
52.100,184.828,-0.007,5,5796.857,3445.995
52.110,184.826,-0.007,5,5796.806,3446.821
52.120,184.825,-0.007,5,5796.756,3447.648
52.130,184.823,-0.007,5,5796.705,3448.474
52.140,184.821,-0.007,5,5796.654,3449.300
52.150,184.820,-0.007,5,5796.604,3450.126
52.160,184.818,-0.007,5,5796.553,3450.953
52.170,184.817,-0.007,5,5796.503,3451.779
52.180,184.815,-0.007,5,5796.452,3452.605
52.190,184.813,-0.007,5,5796.402,3453.431
52.200,184.812,-0.007,5,5796.351,3454.257
52.210,184.810,-0.007,5,5796.301,3455.084
52.220,184.808,-0.007,5,5796.251,3455.910
52.230,184.807,-0.007,5,5796.200,3456.736
52.240,184.805,-0.007,5,5796.150,3457.562
52.250,184.804,-0.007,5,5796.100,3458.388
52.260,184.802,-0.007,5,5796.049,3459.214
52.270,184.800,-0.007,5,5795.999,3460.040
52.280,184.799,-0.007,5,5795.949,3460.867
52.290,184.797,-0.007,5,5795.899,3461.693
52.300,184.796,-0.007,5,5795.849,3462.519
52.310,184.794,-0.007,5,5795.798,3463.345
52.320,184.792,-0.007,5,5795.748,3464.171
52.330,184.791,-0.007,5,5795.698,3464.997
52.340,184.789,-0.007,5,5795.648,3465.823
52.350,184.788,-0.007,5,5795.598,3466.649
52.360,184.786,-0.007,5,5795.548,3467.475
52.370,184.784,-0.007,5,5795.498,3468.301
52.380,184.783,-0.007,5,5795.448,3469.127
52.390,184.781,-0.007,5,5795.398,3469.953
52.400,184.780,-0.007,5,5795.348,3470.780
52.410,184.778,-0.007,5,5795.298,3471.606
52.420,184.777,-0.007,5,5795.248,3472.432
52.430,184.775,-0.007,5,5795.199,3473.258
52.440,184.773,-0.007,5,5795.149,3474.084
52.450,184.772,-0.007,5,5795.099,3474.910
52.460,184.770,-0.007,5,5795.049,3475.736
52.470,184.769,-0.007,5,5795.000,3476.562
52.480,184.767,-0.007,5,5794.950,3477.388
52.490,184.765,-0.007,5,5794.900,3478.214
52.500,184.764,-0.007,5,5794.850,3479.040
52.510,184.762,-0.007,5,5794.801,3479.865
52.520,184.761,-0.007,5,5794.751,3480.691
52.530,184.759,-0.007,5,5794.702,3481.517
52.540,184.757,-0.007,5,5794.652,3482.343
52.550,184.756,-0.007,5,5794.602,3483.169
52.560,184.754,-0.007,5,5794.553,3483.995
52.570,184.753,-0.007,5,5794.503,3484.821
52.580,184.751,-0.007,5,5794.454,3485.647
52.590,184.750,-0.007,5,5794.405,3486.473
52.600,184.748,-0.007,5,5794.355,3487.299
52.610,184.746,-0.007,5,5794.306,3488.125
52.620,184.745,-0.007,5,5794.256,3488.951
52.630,184.743,-0.007,5,5794.207,3489.777
52.640,184.742,-0.007,5,5794.158,3490.602
52.650,184.740,-0.007,5,5794.108,3491.428
52.660,184.739,-0.007,5,5794.059,3492.254
52.670,184.737,-0.007,5,5794.010,3493.080
52.680,184.735,-0.007,5,5793.961,3493.906
52.690,184.734,-0.007,5,5793.911,3494.732
52.700,184.732,-0.007,5,5793.862,3495.557
52.710,184.731,-0.007,5,5793.813,3496.383
52.720,184.729,-0.007,5,5793.764,3497.209
52.730,184.728,-0.007,5,5793.715,3498.035
52.740,184.726,-0.007,5,5793.666,3498.861
52.750,184.724,-0.007,5,5793.617,3499.687
52.760,184.723,-0.007,5,5793.568,3500.512
52.770,184.721,-0.007,5,5793.519,3501.338
52.780,184.720,-0.007,5,5793.470,3502.164
52.790,184.718,-0.007,5,5793.421,3502.990
52.800,184.717,-0.007,5,5793.372,3503.815
52.810,184.715,-0.007,5,5793.323,3504.641
52.820,184.714,-0.007,5,5793.274,3505.467
52.830,184.712,-0.007,5,5793.225,3506.293
52.840,184.710,-0.007,5,5793.177,3507.118
52.850,184.709,-0.007,5,5793.128,3507.944
52.860,184.707,-0.007,5,5793.079,3508.770
52.870,184.706,-0.007,5,5793.030,3509.595
52.880,184.704,-0.007,5,5792.981,3510.421
52.890,184.703,-0.007,5,5792.933,3511.247
52.900,184.701,-0.007,5,5792.884,3512.073
52.910,184.700,-0.007,5,5792.835,3512.898
52.920,184.698,-0.007,5,5792.787,3513.724
52.930,184.696,-0.007,5,5792.738,3514.550
52.940,184.695,-0.007,5,5792.690,3515.375
52.950,184.693,-0.007,5,5792.641,3516.201
52.960,184.692,-0.007,5,5792.593,3517.027
52.970,184.690,-0.007,5,5792.544,3517.852
52.980,184.689,-0.007,5,5792.496,3518.678
52.990,184.687,-0.007,5,5792.447,3519.503
53.000,184.686,-0.007,5,5792.399,3520.329
53.010,184.684,-0.007,5,5792.350,3521.155
53.020,184.683,-0.007,5,5792.302,3521.980
53.030,184.681,-0.007,5,5792.254,3522.806
53.040,184.679,-0.007,5,5792.205,3523.632
53.050,184.678,-0.007,5,5792.157,3524.457
53.060,184.676,-0.007,5,5792.109,3525.283
53.070,184.675,-0.007,5,5792.060,3526.108
53.080,184.673,-0.007,5,5792.012,3526.934
53.090,184.672,-0.007,5,5791.964,3527.759
53.100,184.670,-0.007,5,5791.916,3528.585
53.110,184.669,-0.007,5,5791.868,3529.410
53.120,184.667,-0.007,5,5791.819,3530.236
53.130,184.666,-0.007,5,5791.771,3531.062
53.140,184.664,-0.007,5,5791.723,3531.887
53.150,184.663,-0.007,5,5791.675,3532.713
53.160,184.661,-0.007,5,5791.627,3533.538
53.170,184.660,-0.007,5,5791.579,3534.364
53.180,184.658,-0.007,5,5791.531,3535.189
53.190,184.656,-0.007,5,5791.483,3536.015
53.200,184.655,-0.007,5,5791.435,3536.840
53.210,184.653,-0.007,5,5791.387,3537.666
53.220,184.652,-0.007,5,5791.339,3538.491
53.230,184.650,-0.007,5,5791.292,3539.316
53.240,184.649,-0.007,5,5791.244,3540.142
53.250,184.647,-0.007,5,5791.196,3540.967
53.260,184.646,-0.007,5,5791.148,3541.793
53.270,184.644,-0.007,5,5791.100,3542.618
53.280,184.643,-0.007,5,5791.053,3543.444
53.290,184.641,-0.007,5,5791.005,3544.269
53.300,184.640,-0.007,5,5790.957,3545.095
53.310,184.638,-0.007,5,5790.910,3545.920
53.320,184.637,-0.007,5,5790.862,3546.745
53.330,184.635,-0.007,5,5790.814,3547.571
53.340,184.634,-0.007,5,5790.767,3548.396
53.350,184.632,-0.007,5,5790.719,3549.222
53.360,184.631,-0.007,5,5790.672,3550.047
53.370,184.629,-0.007,5,5790.624,3550.872
53.380,184.628,-0.007,5,5790.576,3551.698
53.390,184.626,-0.007,5,5790.529,3552.523
53.400,184.625,-0.007,5,5790.482,3553.348
53.410,184.623,-0.007,5,5790.434,3554.174
53.420,184.621,-0.007,5,5790.387,3554.999
53.430,184.620,-0.007,5,5790.339,3555.824
53.440,184.618,-0.007,5,5790.292,3556.650
53.450,184.617,-0.007,5,5790.245,3557.475
53.460,184.615,-0.007,5,5790.197,3558.300
53.470,184.614,-0.007,5,5790.150,3559.126
53.480,184.612,-0.007,5,5790.103,3559.951
53.490,184.611,-0.007,5,5790.055,3560.776
53.500,184.609,-0.007,5,5790.008,3561.601
53.510,184.608,-0.007,5,5789.961,3562.427
53.520,184.606,-0.007,5,5789.914,3563.252
53.530,184.605,-0.007,5,5789.867,3564.077
53.540,184.603,-0.007,5,5789.820,3564.902
53.550,184.602,-0.007,5,5789.773,3565.728
53.560,184.600,-0.007,5,5789.725,3566.553
53.570,184.599,-0.007,5,5789.678,3567.378
53.580,184.597,-0.007,5,5789.631,3568.203
53.590,184.596,-0.007,5,5789.584,3569.029
53.600,184.594,-0.007,5,5789.537,3569.854
53.610,184.593,-0.007,5,5789.490,3570.679
53.620,184.591,-0.007,5,5789.443,3571.504
53.630,184.590,-0.007,5,5789.397,3572.329
53.640,184.588,-0.007,5,5789.350,3573.155
53.650,184.587,-0.007,5,5789.303,3573.980
53.660,184.585,-0.007,5,5789.256,3574.805
53.670,184.584,-0.007,5,5789.209,3575.630
53.680,184.582,-0.007,5,5789.162,3576.455
53.690,184.581,-0.007,5,5789.116,3577.280
53.700,184.579,-0.007,5,5789.069,3578.106
53.710,184.578,-0.007,5,5789.022,3578.931
53.720,184.577,-0.007,5,5788.975,3579.756
53.730,184.575,-0.007,5,5788.929,3580.581
53.740,184.574,-0.007,5,5788.882,3581.406
53.750,184.572,-0.007,5,5788.835,3582.231
53.760,184.571,-0.007,5,5788.789,3583.056
53.770,184.569,-0.007,5,5788.742,3583.881
53.780,184.568,-0.007,5,5788.696,3584.707
53.790,184.566,-0.007,5,5788.649,3585.532
53.800,184.565,-0.007,5,5788.603,3586.357
53.810,184.563,-0.007,5,5788.556,3587.182
53.820,184.562,-0.007,5,5788.510,3588.007
53.830,184.560,-0.007,5,5788.463,3588.832
53.840,184.559,-0.007,5,5788.417,3589.657
53.850,184.557,-0.007,5,5788.371,3590.482
53.860,184.556,-0.007,5,5788.324,3591.307
53.870,184.554,-0.007,5,5788.278,3592.132
53.880,184.553,-0.007,5,5788.231,3592.957
53.890,184.551,-0.007,5,5788.185,3593.782
53.900,184.550,-0.007,5,5788.139,3594.607
53.910,184.548,-0.007,5,5788.093,3595.432
53.920,184.547,-0.007,5,5788.046,3596.257
53.930,184.545,-0.007,5,5788.000,3597.082
53.940,184.544,-0.007,5,5787.954,3597.907
53.950,184.542,-0.007,5,5787.908,3598.732
53.960,184.541,-0.007,5,5787.862,3599.557
53.970,184.540,-0.007,5,5787.816,3600.382
53.980,184.538,-0.007,5,5787.770,3601.207
53.990,184.537,-0.007,5,5787.723,3602.032
54.000,184.535,-0.007,5,5787.677,3602.857
54.010,184.534,-0.007,5,5787.631,3603.682
54.020,184.532,-0.007,5,5787.585,3604.507
54.030,184.531,-0.007,5,5787.539,3605.332
54.040,184.529,-0.007,5,5787.494,3606.157
54.050,184.528,-0.007,5,5787.448,3606.982
54.060,184.526,-0.007,5,5787.402,3607.806
54.070,184.525,-0.007,5,5787.356,3608.631
54.080,184.523,-0.007,5,5787.310,3609.456
54.090,184.522,-0.007,5,5787.264,3610.281
54.100,184.520,-0.007,5,5787.218,3611.106
54.110,184.519,-0.007,5,5787.173,3611.931
54.120,184.518,-0.007,5,5787.127,3612.756
54.130,184.516,-0.007,5,5787.081,3613.581
54.140,184.515,-0.007,5,5787.035,3614.405
54.150,184.513,-0.007,5,5786.990,3615.230
54.160,184.512,-0.007,5,5786.944,3616.055
54.170,184.510,-0.007,5,5786.898,3616.880
54.180,184.509,-0.007,5,5786.853,3617.705
54.190,184.507,-0.007,5,5786.807,3618.530
54.200,184.506,-0.007,5,5786.762,3619.354
54.210,184.504,-0.007,5,5786.716,3620.179
54.220,184.503,-0.007,5,5786.670,3621.004
54.230,184.502,-0.007,5,5786.625,3621.829
54.240,184.500,-0.007,5,5786.579,3622.654
54.250,184.499,-0.007,5,5786.534,3623.478
54.260,184.497,-0.007,5,5786.489,3624.303
54.270,184.496,-0.007,5,5786.443,3625.128
54.280,184.494,-0.007,5,5786.398,3625.953
54.290,184.493,-0.007,5,5786.352,3626.778
54.300,184.491,-0.007,5,5786.307,3627.602
54.310,184.490,-0.007,5,5786.262,3628.427
54.320,184.489,-0.007,5,5786.216,3629.252
54.330,184.487,-0.007,5,5786.171,3630.077
54.340,184.486,-0.007,5,5786.126,3630.901
54.350,184.484,-0.007,5,5786.081,3631.726
54.360,184.483,-0.007,5,5786.035,3632.551
54.370,184.481,-0.007,5,5785.990,3633.375
54.380,184.480,-0.007,5,5785.945,3634.200
54.390,184.478,-0.007,5,5785.900,3635.025
54.400,184.477,-0.007,5,5785.855,3635.849
54.410,184.476,-0.007,5,5785.810,3636.674
54.420,184.474,-0.007,5,5785.765,3637.499
54.430,184.473,-0.007,5,5785.720,3638.323
54.440,184.471,-0.007,5,5785.675,3639.148
54.450,184.470,-0.007,5,5785.630,3639.973
54.460,184.468,-0.007,5,5785.585,3640.797
54.470,184.467,-0.007,5,5785.540,3641.622
54.480,184.466,-0.007,5,5785.495,3642.447
54.490,184.464,-0.007,5,5785.450,3643.271
54.500,184.463,-0.007,5,5785.405,3644.096
54.510,184.461,-0.007,5,5785.360,3644.921
54.520,184.460,-0.007,5,5785.315,3645.745
54.530,184.458,-0.007,5,5785.270,3646.570
54.540,184.457,-0.007,5,5785.225,3647.394
54.550,184.456,-0.007,5,5785.181,3648.219
54.560,184.454,-0.006,5,5785.136,3649.044
54.570,184.453,-0.006,5,5785.091,3649.868
54.580,184.451,-0.006,5,5785.047,3650.693
54.590,184.450,-0.006,5,5785.002,3651.517
54.600,184.448,-0.006,5,5784.957,3652.342
54.610,184.447,-0.006,5,5784.913,3653.166
54.620,184.446,-0.006,5,5784.868,3653.991
54.630,184.444,-0.006,5,5784.823,3654.816
54.640,184.443,-0.006,5,5784.779,3655.640
54.650,184.441,-0.006,5,5784.734,3656.465
54.660,184.440,-0.006,5,5784.690,3657.289
54.670,184.438,-0.006,5,5784.645,3658.114
54.680,184.437,-0.006,5,5784.601,3658.938
54.690,184.436,-0.006,5,5784.556,3659.763
54.700,184.434,-0.006,5,5784.512,3660.587
54.710,184.433,-0.006,5,5784.467,3661.412
54.720,184.431,-0.006,5,5784.423,3662.236
54.730,184.430,-0.006,5,5784.379,3663.061
54.740,184.429,-0.006,5,5784.334,3663.885
54.750,184.427,-0.006,5,5784.290,3664.710
54.760,184.426,-0.006,5,5784.246,3665.534
54.770,184.424,-0.006,5,5784.201,3666.358
54.780,184.423,-0.006,5,5784.157,3667.183
54.790,184.421,-0.006,5,5784.113,3668.007
54.800,184.420,-0.006,5,5784.069,3668.832
54.810,184.419,-0.006,5,5784.024,3669.656
54.820,184.417,-0.006,5,5783.980,3670.481
54.830,184.416,-0.006,5,5783.936,3671.305
54.840,184.414,-0.006,5,5783.892,3672.129
54.850,184.413,-0.006,5,5783.848,3672.954
54.860,184.412,-0.006,5,5783.804,3673.778
54.870,184.410,-0.006,5,5783.760,3674.603
54.880,184.409,-0.006,5,5783.716,3675.427
54.890,184.407,-0.006,5,5783.672,3676.251
54.900,184.406,-0.006,5,5783.628,3677.076
54.910,184.405,-0.006,5,5783.584,3677.900
54.920,184.403,-0.006,5,5783.540,3678.724
54.930,184.402,-0.006,5,5783.496,3679.549
54.940,184.400,-0.006,5,5783.452,3680.373
54.950,184.399,-0.006,5,5783.408,3681.197
54.960,184.398,-0.006,5,5783.364,3682.022
54.970,184.396,-0.006,5,5783.320,3682.846
54.980,184.395,-0.006,5,5783.276,3683.670
54.990,184.393,-0.006,5,5783.233,3684.495
55.000,184.392,-0.006,5,5783.189,3685.319
55.010,184.391,-0.006,5,5783.145,3686.143
55.020,184.389,-0.006,5,5783.101,3686.968
55.030,184.388,-0.006,5,5783.058,3687.792
55.040,184.386,-0.006,5,5783.014,3688.616
55.050,184.385,-0.006,5,5782.970,3689.441
55.060,184.384,-0.006,5,5782.927,3690.265
55.070,184.382,-0.006,5,5782.883,3691.089
55.080,184.381,-0.006,5,5782.839,3691.913
55.090,184.379,-0.006,5,5782.796,3692.738
55.100,184.378,-0.006,5,5782.752,3693.562
55.110,184.377,-0.006,5,5782.709,3694.386
55.120,184.375,-0.006,5,5782.665,3695.210
55.130,184.374,-0.006,5,5782.622,3696.035
55.140,184.373,-0.006,5,5782.578,3696.859
55.150,184.371,-0.006,5,5782.535,3697.683
55.160,184.370,-0.006,5,5782.492,3698.507
55.170,184.368,-0.006,5,5782.448,3699.331
55.180,184.367,-0.006,5,5782.405,3700.156
55.190,184.366,-0.006,5,5782.361,3700.980
55.200,184.364,-0.006,5,5782.318,3701.804
55.210,184.363,-0.006,5,5782.275,3702.628
55.220,184.361,-0.006,5,5782.231,3703.452
55.230,184.360,-0.006,5,5782.188,3704.276
55.240,184.359,-0.006,5,5782.145,3705.101
55.250,184.357,-0.006,5,5782.102,3705.925
55.260,184.356,-0.006,5,5782.059,3706.749
55.270,184.355,-0.006,5,5782.015,3707.573
55.280,184.353,-0.006,5,5781.972,3708.397
55.290,184.352,-0.006,5,5781.929,3709.221
55.300,184.350,-0.006,5,5781.886,3710.045
55.310,184.349,-0.006,5,5781.843,3710.870
55.320,184.348,-0.006,5,5781.800,3711.694
55.330,184.346,-0.006,5,5781.757,3712.518
55.340,184.345,-0.006,5,5781.714,3713.342
55.350,184.344,-0.006,5,5781.671,3714.166
55.360,184.342,-0.006,5,5781.628,3714.990
55.370,184.341,-0.006,5,5781.585,3715.814
55.380,184.339,-0.006,5,5781.542,3716.638
55.390,184.338,-0.006,5,5781.499,3717.462
55.400,184.337,-0.006,5,5781.456,3718.286
55.410,184.335,-0.006,5,5781.413,3719.110
55.420,184.334,-0.006,5,5781.370,3719.934
55.430,184.333,-0.006,5,5781.327,3720.758
55.440,184.331,-0.006,5,5781.285,3721.583
55.450,184.330,-0.006,5,5781.242,3722.407
55.460,184.329,-0.006,5,5781.199,3723.231
55.470,184.327,-0.006,5,5781.156,3724.055
55.480,184.326,-0.006,5,5781.114,3724.879
55.490,184.324,-0.006,5,5781.071,3725.703
55.500,184.323,-0.006,5,5781.028,3726.527
55.510,184.322,-0.006,5,5780.986,3727.351
55.520,184.320,-0.006,5,5780.943,3728.175
55.530,184.319,-0.006,5,5780.900,3728.999
55.540,184.318,-0.006,5,5780.858,3729.823
55.550,184.316,-0.006,5,5780.815,3730.646
55.560,184.315,-0.006,5,5780.773,3731.470
55.570,184.314,-0.006,5,5780.730,3732.294
55.580,184.312,-0.006,5,5780.688,3733.118
55.590,184.311,-0.006,5,5780.645,3733.942
55.600,184.310,-0.006,5,5780.603,3734.766
55.610,184.308,-0.006,5,5780.560,3735.590
55.620,184.307,-0.006,5,5780.518,3736.414
55.630,184.305,-0.006,5,5780.475,3737.238
55.640,184.304,-0.006,5,5780.433,3738.062
55.650,184.303,-0.006,5,5780.391,3738.886
55.660,184.301,-0.006,5,5780.348,3739.710
55.670,184.300,-0.006,5,5780.306,3740.534
55.680,184.299,-0.006,5,5780.264,3741.358
55.690,184.297,-0.006,5,5780.221,3742.181
55.700,184.296,-0.006,5,5780.179,3743.005
55.710,184.295,-0.006,5,5780.137,3743.829
55.720,184.293,-0.006,5,5780.095,3744.653
55.730,184.292,-0.006,5,5780.052,3745.477
55.740,184.291,-0.006,5,5780.010,3746.301
55.750,184.289,-0.006,5,5779.968,3747.125
55.760,184.288,-0.006,5,5779.926,3747.948
55.770,184.287,-0.006,5,5779.884,3748.772
55.780,184.285,-0.006,5,5779.842,3749.596
55.790,184.284,-0.006,5,5779.800,3750.420
55.800,184.283,-0.006,5,5779.758,3751.244
55.810,184.281,-0.006,5,5779.716,3752.068
55.820,184.280,-0.006,5,5779.674,3752.891
55.830,184.279,-0.006,5,5779.632,3753.715
55.840,184.277,-0.006,5,5779.590,3754.539
55.850,184.276,-0.006,5,5779.548,3755.363
55.860,184.275,-0.006,5,5779.506,3756.187
55.870,184.273,-0.006,5,5779.464,3757.010
55.880,184.272,-0.006,5,5779.422,3757.834
55.890,184.271,-0.006,5,5779.380,3758.658
55.900,184.269,-0.006,5,5779.338,3759.482
55.910,184.268,-0.006,5,5779.297,3760.305
55.920,184.267,-0.006,5,5779.255,3761.129
55.930,184.265,-0.006,5,5779.213,3761.953
55.940,184.264,-0.006,5,5779.171,3762.777
55.950,184.263,-0.006,5,5779.130,3763.600
55.960,184.261,-0.006,5,5779.088,3764.424
55.970,184.260,-0.006,5,5779.046,3765.248
55.980,184.259,-0.006,5,5779.005,3766.071
55.990,184.257,-0.006,5,5778.963,3766.895
56.000,184.256,-0.006,5,5778.921,3767.719
56.010,184.255,-0.006,5,5778.880,3768.543
56.020,184.253,-0.006,5,5778.838,3769.366
56.030,184.252,-0.006,5,5778.797,3770.190
56.040,184.251,-0.006,5,5778.755,3771.014
56.050,184.249,-0.006,5,5778.714,3771.837
56.060,184.248,-0.006,5,5778.672,3772.661
56.070,184.247,-0.006,5,5778.631,3773.485
56.080,184.245,-0.006,5,5778.589,3774.308
56.090,184.244,-0.006,5,5778.548,3775.132
56.100,184.243,-0.006,5,5778.506,3775.956
56.110,184.241,-0.006,5,5778.465,3776.779
56.120,184.240,-0.006,5,5778.424,3777.603
56.130,184.239,-0.006,5,5778.382,3778.426
56.140,184.237,-0.006,5,5778.341,3779.250
56.150,184.236,-0.006,5,5778.300,3780.074
56.160,184.235,-0.006,5,5778.258,3780.897
56.170,184.233,-0.006,5,5778.217,3781.721
56.180,184.232,-0.006,5,5778.176,3782.544
56.190,184.231,-0.006,5,5778.135,3783.368
56.200,184.230,-0.006,5,5778.093,3784.192
56.210,184.228,-0.006,5,5778.052,3785.015
56.220,184.227,-0.006,5,5778.011,3785.839
56.230,184.226,-0.006,5,5777.970,3786.662
56.240,184.224,-0.006,5,5777.929,3787.486
56.250,184.223,-0.006,5,5777.888,3788.309
56.260,184.222,-0.006,5,5777.847,3789.133
56.270,184.220,-0.006,5,5777.806,3789.957
56.280,184.219,-0.006,5,5777.765,3790.780
56.290,184.218,-0.006,5,5777.724,3791.604
56.300,184.216,-0.006,5,5777.683,3792.427
56.310,184.215,-0.006,5,5777.642,3793.251
56.320,184.214,-0.006,5,5777.601,3794.074
56.330,184.213,-0.006,5,5777.560,3794.898
56.340,184.211,-0.006,5,5777.519,3795.721
56.350,184.210,-0.006,5,5777.478,3796.545
56.360,184.209,-0.006,5,5777.437,3797.368
56.370,184.207,-0.006,5,5777.396,3798.192
56.380,184.206,-0.006,5,5777.355,3799.015
56.390,184.205,-0.006,5,5777.315,3799.839
56.400,184.203,-0.006,5,5777.274,3800.662
56.410,184.202,-0.006,5,5777.233,3801.485
56.420,184.201,-0.006,5,5777.192,3802.309
56.430,184.200,-0.006,5,5777.152,3803.132
56.440,184.198,-0.006,5,5777.111,3803.956
56.450,184.197,-0.006,5,5777.070,3804.779
56.460,184.196,-0.006,5,5777.029,3805.603
56.470,184.194,-0.006,5,5776.989,3806.426
56.480,184.193,-0.006,5,5776.948,3807.250
56.490,184.192,-0.006,5,5776.908,3808.073
56.500,184.190,-0.006,5,5776.867,3808.896
56.510,184.189,-0.006,5,5776.826,3809.720
56.520,184.188,-0.006,5,5776.786,3810.543
56.530,184.187,-0.006,5,5776.745,3811.367
56.540,184.185,-0.006,5,5776.705,3812.190
56.550,184.184,-0.006,5,5776.664,3813.013
56.560,184.183,-0.006,5,5776.624,3813.837
56.570,184.181,-0.006,5,5776.584,3814.660
56.580,184.180,-0.006,5,5776.543,3815.483
56.590,184.179,-0.006,5,5776.503,3816.307
56.600,184.178,-0.006,5,5776.462,3817.130
56.610,184.176,-0.006,5,5776.422,3817.953
56.620,184.175,-0.006,5,5776.382,3818.777
56.630,184.174,-0.006,5,5776.341,3819.600
56.640,184.172,-0.006,5,5776.301,3820.423
56.650,184.171,-0.006,5,5776.261,3821.247
56.660,184.170,-0.006,5,5776.221,3822.070
56.670,184.169,-0.006,5,5776.180,3822.893
56.680,184.167,-0.006,5,5776.140,3823.717
56.690,184.166,-0.006,5,5776.100,3824.540
56.700,184.165,-0.006,5,5776.060,3825.363
56.710,184.163,-0.006,5,5776.020,3826.187
56.720,184.162,-0.006,5,5775.979,3827.010
56.730,184.161,-0.006,5,5775.939,3827.833
56.740,184.160,-0.006,5,5775.899,3828.656
56.750,184.158,-0.006,5,5775.859,3829.480
56.760,184.157,-0.006,5,5775.819,3830.303
56.770,184.156,-0.006,5,5775.779,3831.126
56.780,184.154,-0.006,5,5775.739,3831.949
56.790,184.153,-0.006,5,5775.699,3832.773
56.800,184.152,-0.006,5,5775.659,3833.596
56.810,184.151,-0.006,5,5775.619,3834.419
56.820,184.149,-0.006,5,5775.579,3835.242
56.830,184.148,-0.006,5,5775.539,3836.066
56.840,184.147,-0.006,5,5775.499,3836.889
56.850,184.146,-0.006,5,5775.460,3837.712
56.860,184.144,-0.006,5,5775.420,3838.535
56.870,184.143,-0.006,5,5775.380,3839.358
56.880,184.142,-0.006,5,5775.340,3840.182
56.890,184.140,-0.006,5,5775.300,3841.005
56.900,184.139,-0.006,5,5775.260,3841.828
56.910,184.138,-0.006,5,5775.221,3842.651
56.920,184.137,-0.006,5,5775.181,3843.474
56.930,184.135,-0.006,5,5775.141,3844.297
56.940,184.134,-0.006,5,5775.102,3845.121
56.950,184.133,-0.006,5,5775.062,3845.944
56.960,184.132,-0.006,5,5775.022,3846.767
56.970,184.130,-0.006,5,5774.983,3847.590
56.980,184.129,-0.006,5,5774.943,3848.413
56.990,184.128,-0.006,5,5774.903,3849.236
57.000,184.127,-0.006,5,5774.864,3850.059
57.010,184.125,-0.006,5,5774.824,3850.882
57.020,184.124,-0.006,5,5774.785,3851.706
57.030,184.123,-0.006,5,5774.745,3852.529
57.040,184.122,-0.006,5,5774.706,3853.352
57.050,184.120,-0.006,5,5774.666,3854.175
57.060,184.119,-0.006,5,5774.627,3854.998
57.070,184.118,-0.006,5,5774.587,3855.821
57.080,184.116,-0.006,5,5774.548,3856.644
57.090,184.115,-0.006,5,5774.509,3857.467
57.100,184.114,-0.006,5,5774.469,3858.290
57.110,184.113,-0.006,5,5774.430,3859.113
57.120,184.111,-0.006,5,5774.391,3859.936
57.130,184.110,-0.006,5,5774.351,3860.759
57.140,184.109,-0.006,5,5774.312,3861.582
57.150,184.108,-0.006,5,5774.273,3862.406
57.160,184.106,-0.006,5,5774.233,3863.229
57.170,184.105,-0.006,5,5774.194,3864.052
57.180,184.104,-0.006,5,5774.155,3864.875
57.190,184.103,-0.006,5,5774.116,3865.698
57.200,184.101,-0.006,5,5774.077,3866.521
57.210,184.100,-0.006,5,5774.037,3867.344
57.220,184.099,-0.006,5,5773.998,3868.167
57.230,184.098,-0.006,5,5773.959,3868.990
57.240,184.096,-0.006,5,5773.920,3869.813
57.250,184.095,-0.006,5,5773.881,3870.636
57.260,184.094,-0.006,5,5773.842,3871.459
57.270,184.093,-0.006,5,5773.803,3872.282
57.280,184.091,-0.006,5,5773.764,3873.104
57.290,184.090,-0.006,5,5773.725,3873.927
57.300,184.089,-0.006,5,5773.686,3874.750
57.310,184.088,-0.006,5,5773.647,3875.573
57.320,184.087,-0.006,5,5773.608,3876.396
57.330,184.085,-0.006,5,5773.569,3877.219
57.340,184.084,-0.006,5,5773.530,3878.042
57.350,184.083,-0.006,5,5773.491,3878.865
57.360,184.082,-0.006,5,5773.453,3879.688
57.370,184.080,-0.006,5,5773.414,3880.511
57.380,184.079,-0.006,5,5773.375,3881.334
57.390,184.078,-0.006,5,5773.336,3882.157
57.400,184.077,-0.006,5,5773.297,3882.980
57.410,184.075,-0.006,5,5773.259,3883.802
57.420,184.074,-0.006,5,5773.220,3884.625
57.430,184.073,-0.006,5,5773.181,3885.448
57.440,184.072,-0.006,5,5773.142,3886.271
57.450,184.070,-0.006,5,5773.104,3887.094
57.460,184.069,-0.006,5,5773.065,3887.917
57.470,184.068,-0.006,5,5773.026,3888.740
57.480,184.067,-0.006,5,5772.988,3889.563
57.490,184.066,-0.006,5,5772.949,3890.385
57.500,184.064,-0.006,5,5772.911,3891.208
57.510,184.063,-0.006,5,5772.872,3892.031
57.520,184.062,-0.006,5,5772.833,3892.854
57.530,184.061,-0.006,5,5772.795,3893.677
57.540,184.059,-0.006,5,5772.756,3894.500
57.550,184.058,-0.006,5,5772.718,3895.322
57.560,184.057,-0.006,5,5772.679,3896.145
57.570,184.056,-0.006,5,5772.641,3896.968
57.580,184.054,-0.006,5,5772.603,3897.791
57.590,184.053,-0.006,5,5772.564,3898.614
57.600,184.052,-0.006,5,5772.526,3899.436
57.610,184.051,-0.006,5,5772.487,3900.259
57.620,184.050,-0.006,5,5772.449,3901.082
57.630,184.048,-0.006,5,5772.411,3901.905
57.640,184.047,-0.006,5,5772.372,3902.727
57.650,184.046,-0.006,5,5772.334,3903.550
57.660,184.045,-0.006,5,5772.296,3904.373
57.670,184.043,-0.006,5,5772.258,3905.196
57.680,184.042,-0.006,5,5772.219,3906.019
57.690,184.041,-0.006,5,5772.181,3906.841
57.700,184.040,-0.006,5,5772.143,3907.664
57.710,184.039,-0.006,5,5772.105,3908.487
57.720,184.037,-0.006,5,5772.067,3909.309
57.730,184.036,-0.006,5,5772.028,3910.132
57.740,184.035,-0.006,5,5771.990,3910.955
57.750,184.034,-0.006,5,5771.952,3911.778
57.760,184.033,-0.006,5,5771.914,3912.600
57.770,184.031,-0.006,5,5771.876,3913.423
57.780,184.030,-0.006,5,5771.838,3914.246
57.790,184.029,-0.006,5,5771.800,3915.068
57.800,184.028,-0.006,5,5771.762,3915.891
57.810,184.026,-0.006,5,5771.724,3916.714
57.820,184.025,-0.006,5,5771.686,3917.536
57.830,184.024,-0.006,5,5771.648,3918.359
57.840,184.023,-0.006,5,5771.610,3919.182
57.850,184.022,-0.006,5,5771.572,3920.004
57.860,184.020,-0.006,5,5771.534,3920.827
57.870,184.019,-0.005,5,5771.496,3921.650
57.880,184.018,-0.005,5,5771.459,3922.472
57.890,184.017,-0.005,5,5771.421,3923.295
57.900,184.016,-0.005,5,5771.383,3924.117
57.910,184.014,-0.005,5,5771.345,3924.940
57.920,184.013,-0.005,5,5771.307,3925.763
57.930,184.012,-0.005,5,5771.270,3926.585
57.940,184.011,-0.005,5,5771.232,3927.408
57.950,184.010,-0.005,5,5771.194,3928.231
57.960,184.008,-0.005,5,5771.156,3929.053
57.970,184.007,-0.005,5,5771.119,3929.876
57.980,184.006,-0.005,5,5771.081,3930.698
57.990,184.005,-0.005,5,5771.044,3931.521
58.000,184.004,-0.005,5,5771.006,3932.343
58.010,184.002,-0.005,5,5770.968,3933.166
58.020,184.001,-0.005,5,5770.931,3933.989
58.030,184.000,-0.005,5,5770.893,3934.811
58.040,183.999,-0.005,5,5770.856,3935.634
58.050,183.998,-0.005,5,5770.818,3936.456
58.060,183.996,-0.005,5,5770.781,3937.279
58.070,183.995,-0.005,5,5770.743,3938.101
58.080,183.994,-0.005,5,5770.706,3938.924
58.090,183.993,-0.005,5,5770.668,3939.746
58.100,183.992,-0.005,5,5770.631,3940.569
58.110,183.990,-0.005,5,5770.593,3941.391
58.120,183.989,-0.005,5,5770.556,3942.214
58.130,183.988,-0.005,5,5770.518,3943.036
58.140,183.987,-0.005,5,5770.481,3943.859
58.150,183.986,-0.005,5,5770.444,3944.681
58.160,183.984,-0.005,5,5770.406,3945.504
58.170,183.983,-0.005,5,5770.369,3946.326
58.180,183.982,-0.005,5,5770.332,3947.149
58.190,183.981,-0.005,5,5770.295,3947.971
58.200,183.980,-0.005,5,5770.257,3948.794
58.210,183.979,-0.005,5,5770.220,3949.616
58.220,183.977,-0.005,5,5770.183,3950.439
58.230,183.976,-0.005,5,5770.146,3951.261
58.240,183.975,-0.005,5,5770.109,3952.084
58.250,183.974,-0.005,5,5770.071,3952.906
58.260,183.973,-0.005,5,5770.034,3953.728
58.270,183.971,-0.005,5,5769.997,3954.551
58.280,183.970,-0.005,5,5769.960,3955.373
58.290,183.969,-0.005,5,5769.923,3956.196
58.300,183.968,-0.005,5,5769.886,3957.018
58.310,183.967,-0.005,5,5769.849,3957.840
58.320,183.965,-0.005,5,5769.812,3958.663
58.330,183.964,-0.005,5,5769.775,3959.485
58.340,183.963,-0.005,5,5769.738,3960.308
58.350,183.962,-0.005,5,5769.701,3961.130
58.360,183.961,-0.005,5,5769.664,3961.952
58.370,183.960,-0.005,5,5769.627,3962.775
58.380,183.958,-0.005,5,5769.590,3963.597
58.390,183.957,-0.005,5,5769.553,3964.420
58.400,183.956,-0.005,5,5769.516,3965.242
58.410,183.955,-0.005,5,5769.479,3966.064
58.420,183.954,-0.005,5,5769.443,3966.887
58.430,183.953,-0.005,5,5769.406,3967.709
58.440,183.951,-0.005,5,5769.369,3968.531
58.450,183.950,-0.005,5,5769.332,3969.354
58.460,183.949,-0.005,5,5769.295,3970.176
58.470,183.948,-0.005,5,5769.259,3970.998
58.480,183.947,-0.005,5,5769.222,3971.821
58.490,183.946,-0.005,5,5769.185,3972.643
58.500,183.944,-0.005,5,5769.149,3973.465
58.510,183.943,-0.005,5,5769.112,3974.288
58.520,183.942,-0.005,5,5769.075,3975.110
58.530,183.941,-0.005,5,5769.039,3975.932
58.540,183.940,-0.005,5,5769.002,3976.754
58.550,183.939,-0.005,5,5768.965,3977.577
58.560,183.937,-0.005,5,5768.929,3978.399
58.570,183.936,-0.005,5,5768.892,3979.221
58.580,183.935,-0.005,5,5768.856,3980.043
58.590,183.934,-0.005,5,5768.819,3980.866
58.600,183.933,-0.005,5,5768.783,3981.688
58.610,183.932,-0.005,5,5768.746,3982.510
58.620,183.930,-0.005,5,5768.710,3983.332
58.630,183.929,-0.005,5,5768.673,3984.155
58.640,183.928,-0.005,5,5768.637,3984.977
58.650,183.927,-0.005,5,5768.600,3985.799
58.660,183.926,-0.005,5,5768.564,3986.621
58.670,183.925,-0.005,5,5768.528,3987.444
58.680,183.923,-0.005,5,5768.491,3988.266
58.690,183.922,-0.005,5,5768.455,3989.088
58.700,183.921,-0.005,5,5768.419,3989.910
58.710,183.920,-0.005,5,5768.382,3990.732
58.720,183.919,-0.005,5,5768.346,3991.555
58.730,183.918,-0.005,5,5768.310,3992.377
58.740,183.916,-0.005,5,5768.274,3993.199
58.750,183.915,-0.005,5,5768.237,3994.021
58.760,183.914,-0.005,5,5768.201,3994.843
58.770,183.913,-0.005,5,5768.165,3995.665
58.780,183.912,-0.005,5,5768.129,3996.488
58.790,183.911,-0.005,5,5768.093,3997.310
58.800,183.910,-0.005,5,5768.056,3998.132
58.810,183.908,-0.005,5,5768.020,3998.954
58.820,183.907,-0.005,5,5767.984,3999.776
58.830,183.906,-0.005,5,5767.948,4000.598
58.840,183.905,-0.005,5,5767.912,4001.421
58.850,183.904,-0.005,5,5767.876,4002.243
58.860,183.903,-0.005,5,5767.840,4003.065
58.870,183.901,-0.005,5,5767.804,4003.887
58.880,183.900,-0.005,5,5767.768,4004.709
58.890,183.899,-0.005,5,5767.732,4005.531
58.900,183.898,-0.005,5,5767.696,4006.353
58.910,183.897,-0.005,5,5767.660,4007.175
58.920,183.896,-0.005,5,5767.624,4007.997
58.930,183.895,-0.005,5,5767.588,4008.819
58.940,183.893,-0.005,5,5767.552,4009.642
58.950,183.892,-0.005,5,5767.517,4010.464
58.960,183.891,-0.005,5,5767.481,4011.286
58.970,183.890,-0.005,5,5767.445,4012.108
58.980,183.889,-0.005,5,5767.409,4012.930
58.990,183.888,-0.005,5,5767.373,4013.752
59.000,183.887,-0.005,5,5767.338,4014.574
59.010,183.885,-0.005,5,5767.302,4015.396
59.020,183.884,-0.005,5,5767.266,4016.218
59.030,183.883,-0.005,5,5767.230,4017.040
59.040,183.882,-0.005,5,5767.195,4017.862
59.050,183.881,-0.005,5,5767.159,4018.684
59.060,183.880,-0.005,5,5767.123,4019.506
59.070,183.879,-0.005,5,5767.088,4020.328
59.080,183.877,-0.005,5,5767.052,4021.150
59.090,183.876,-0.005,5,5767.016,4021.972
59.100,183.875,-0.005,5,5766.981,4022.794
59.110,183.874,-0.005,5,5766.945,4023.616
59.120,183.873,-0.005,5,5766.910,4024.438
59.130,183.872,-0.005,5,5766.874,4025.260
59.140,183.871,-0.005,5,5766.839,4026.082
59.150,183.870,-0.005,5,5766.803,4026.904
59.160,183.868,-0.005,5,5766.768,4027.726
59.170,183.867,-0.005,5,5766.732,4028.548
59.180,183.866,-0.005,5,5766.697,4029.370
59.190,183.865,-0.005,5,5766.661,4030.192
59.200,183.864,-0.005,5,5766.626,4031.014
59.210,183.863,-0.005,5,5766.590,4031.836
59.220,183.862,-0.005,5,5766.555,4032.658
59.230,183.861,-0.005,5,5766.520,4033.480
59.240,183.859,-0.005,5,5766.484,4034.302
59.250,183.858,-0.005,5,5766.449,4035.123
59.260,183.857,-0.005,5,5766.414,4035.945
59.270,183.856,-0.005,5,5766.378,4036.767
59.280,183.855,-0.005,5,5766.343,4037.589
59.290,183.854,-0.005,5,5766.308,4038.411
59.300,183.853,-0.005,5,5766.273,4039.233
59.310,183.852,-0.005,5,5766.237,4040.055
59.320,183.850,-0.005,5,5766.202,4040.877
59.330,183.849,-0.005,5,5766.167,4041.699
59.340,183.848,-0.005,5,5766.132,4042.521
59.350,183.847,-0.005,5,5766.097,4043.342
59.360,183.846,-0.005,5,5766.062,4044.164
59.370,183.845,-0.005,5,5766.026,4044.986
59.380,183.844,-0.005,5,5765.991,4045.808
59.390,183.843,-0.005,5,5765.956,4046.630
