Time_s,Speed_mph,Acceleration_G,Gear,Engine_RPM,Distance_m
0.000,0.000,0.535,1,1000.000,0.000
0.010,0.117,0.535,1,1000.000,0.000
0.020,0.235,0.535,1,1000.000,0.001
0.030,0.352,0.535,1,1000.000,0.002
0.040,0.470,0.535,1,1000.000,0.004
0.050,0.587,0.535,1,1000.000,0.007
0.060,0.704,0.535,1,1000.000,0.009
0.070,0.822,0.535,1,1000.000,0.013
0.080,0.939,0.535,1,1000.000,0.017
0.090,1.057,0.535,1,1000.000,0.021
0.100,1.174,0.535,1,1000.000,0.026
0.110,1.291,0.535,1,1000.000,0.032
0.120,1.409,0.535,1,1000.000,0.038
0.130,1.526,0.535,1,1000.000,0.044
0.140,1.644,0.535,1,1000.000,0.051
0.150,1.761,0.535,1,1000.000,0.059
0.160,1.878,0.535,1,1000.000,0.067
0.170,1.996,0.535,1,1000.000,0.076
0.180,2.113,0.535,1,1000.000,0.085
0.190,2.231,0.535,1,1000.000,0.095
0.200,2.348,0.535,1,1000.000,0.105
0.210,2.465,0.535,1,1000.000,0.116
0.220,2.583,0.535,1,1000.000,0.127
0.230,2.700,0.535,1,1000.000,0.139
0.240,2.818,0.535,1,1000.000,0.151
0.250,2.935,0.535,1,1000.000,0.164
0.260,3.052,0.535,1,1000.000,0.177
0.270,3.170,0.535,1,1000.000,0.191
0.280,3.287,0.535,1,1000.000,0.206
0.290,3.405,0.535,1,1000.000,0.221
0.300,3.522,0.535,1,1000.000,0.236
0.310,3.639,0.535,1,1000.000,0.252
0.320,3.757,0.535,1,1000.000,0.269
0.330,3.874,0.535,1,1000.000,0.286
0.340,3.991,0.535,1,1000.000,0.303
0.350,4.109,0.535,1,1000.000,0.321
0.360,4.226,0.535,1,1000.000,0.340
0.370,4.344,0.535,1,1000.000,0.359
0.380,4.461,0.535,1,1000.000,0.379
0.390,4.578,0.535,1,1000.000,0.399
0.400,4.696,0.535,1,1000.000,0.420
0.410,4.813,0.535,1,1000.000,0.441
0.420,4.930,0.535,1,1000.000,0.463
0.430,5.048,0.535,1,1000.000,0.485
0.440,5.165,0.535,1,1000.000,0.508
0.450,5.283,0.535,1,1000.000,0.531
0.460,5.400,0.535,1,1000.000,0.555
0.470,5.517,0.535,1,1000.000,0.580
0.480,5.635,0.535,1,1012.978,0.605
0.490,5.752,0.535,1,1034.076,0.630
0.500,5.869,0.535,1,1055.174,0.656
0.510,5.987,0.535,1,1076.272,0.683
0.520,6.104,0.535,1,1097.370,0.710
0.530,6.221,0.535,1,1118.467,0.737
0.540,6.339,0.535,1,1139.564,0.765
0.550,6.456,0.535,1,1160.660,0.794
0.560,6.573,0.535,1,1181.757,0.823
0.570,6.691,0.535,1,1202.852,0.853
0.580,6.808,0.535,1,1223.948,0.883
0.590,6.926,0.535,1,1245.043,0.913
0.600,7.043,0.535,1,1266.137,0.945
0.610,7.160,0.535,1,1287.232,0.976
0.620,7.278,0.535,1,1308.325,1.009
0.630,7.395,0.535,1,1329.419,1.041
0.640,7.512,0.535,1,1350.512,1.075
0.650,7.630,0.535,1,1371.604,1.109
0.660,7.747,0.535,1,1392.697,1.143
0.670,7.864,0.535,1,1413.788,1.178
0.680,7.981,0.535,1,1434.880,1.213
0.690,8.099,0.535,1,1455.971,1.249
0.700,8.216,0.535,1,1477.061,1.286
0.710,8.333,0.535,1,1498.151,1.323
0.720,8.451,0.535,1,1519.240,1.360
0.730,8.568,0.535,1,1540.329,1.398
0.740,8.685,0.535,1,1561.418,1.437
0.750,8.803,0.535,1,1582.506,1.476
0.760,8.920,0.535,1,1603.593,1.516
0.770,9.037,0.535,1,1624.680,1.556
0.780,9.155,0.534,1,1645.767,1.596
0.790,9.272,0.534,1,1666.853,1.637
0.800,9.389,0.534,1,1687.939,1.679
0.810,9.506,0.534,1,1709.023,1.721
0.820,9.624,0.534,1,1730.108,1.764
0.830,9.741,0.534,1,1751.192,1.807
0.840,9.858,0.534,1,1772.275,1.851
0.850,9.976,0.534,1,1793.358,1.896
0.860,10.093,0.534,1,1814.440,1.940
0.870,10.210,0.534,1,1835.522,1.986
0.880,10.327,0.534,1,1856.603,2.032
0.890,10.445,0.534,1,1877.684,2.078
0.900,10.562,0.534,1,1898.763,2.125
0.910,10.679,0.534,1,1919.843,2.173
0.920,10.796,0.534,1,1940.922,2.221
0.930,10.914,0.534,1,1962.000,2.269
0.940,11.031,0.534,1,1983.077,2.318
0.950,11.148,0.534,1,2004.154,2.368
0.960,11.265,0.534,1,2025.230,2.418
0.970,11.383,0.534,1,2046.306,2.468
0.980,11.500,0.534,1,2067.381,2.520
0.990,11.617,0.534,1,2088.455,2.571
1.000,11.734,0.534,1,2109.529,2.624
1.010,11.851,0.534,1,2130.602,2.676
1.020,11.969,0.534,1,2151.675,2.729
1.030,12.086,0.534,1,2172.746,2.783
1.040,12.203,0.534,1,2193.817,2.838
1.050,12.320,0.534,1,2214.888,2.892
1.060,12.437,0.534,1,2235.957,2.948
1.070,12.555,0.534,1,2257.026,3.004
1.080,12.672,0.534,1,2278.095,3.060
1.090,12.789,0.534,1,2299.162,3.117
1.100,12.906,0.534,1,2320.229,3.174
1.110,13.023,0.534,1,2341.295,3.232
1.120,13.141,0.534,1,2362.361,3.291
1.130,13.258,0.534,1,2383.425,3.350
1.140,13.375,0.534,1,2404.489,3.409
1.150,13.492,0.534,1,2425.552,3.469
1.160,13.609,0.534,1,2446.615,3.530
1.170,13.726,0.534,1,2467.676,3.591
1.180,13.844,0.534,1,2488.737,3.653
1.190,13.961,0.534,1,2509.797,3.715
1.200,14.078,0.534,1,2530.857,3.777
1.210,14.195,0.534,1,2551.915,3.841
1.220,14.312,0.534,1,2572.973,3.904
1.230,14.429,0.534,1,2594.030,3.969
1.240,14.546,0.534,1,2615.086,4.033
1.250,14.663,0.534,1,2636.141,4.099
1.260,14.781,0.534,1,2657.196,4.164
1.270,14.898,0.534,1,2678.249,4.231
1.280,15.015,0.534,1,2699.302,4.298
1.290,15.132,0.534,1,2720.354,4.365
1.300,15.249,0.534,1,2741.405,4.433
1.310,15.366,0.534,1,2762.455,4.501
1.320,15.483,0.534,1,2783.505,4.570
1.330,15.600,0.534,1,2804.553,4.640
1.340,15.717,0.533,1,2825.601,4.710
1.350,15.834,0.533,1,2846.648,4.780
1.360,15.951,0.533,1,2867.694,4.851
1.370,16.069,0.533,1,2888.739,4.923
1.380,16.186,0.533,1,2909.783,4.995
1.390,16.303,0.533,1,2930.826,5.068
1.400,16.420,0.533,1,2951.868,5.141
1.410,16.537,0.533,1,2972.910,5.214
1.420,16.654,0.533,1,2993.950,5.289
1.430,16.771,0.533,1,3014.989,5.363
1.440,16.888,0.533,1,3036.028,5.439
1.450,17.005,0.533,1,3057.066,5.514
1.460,17.122,0.533,1,3078.102,5.591
1.470,17.239,0.533,1,3099.138,5.667
1.480,17.356,0.533,1,3120.173,5.745
1.490,17.473,0.533,1,3141.206,5.823
1.500,17.590,0.533,1,3162.239,5.901
1.510,17.707,0.533,1,3183.271,5.980
1.520,17.824,0.533,1,3204.302,6.059
1.530,17.941,0.533,1,3225.331,6.139
1.540,18.058,0.533,1,3246.360,6.220
1.550,18.175,0.533,1,3267.388,6.301
1.560,18.292,0.533,1,3288.415,6.382
1.570,18.409,0.533,1,3309.441,6.464
1.580,18.526,0.533,1,3330.465,6.547
1.590,18.643,0.533,1,3351.489,6.630
1.600,18.759,0.533,1,3372.511,6.713
1.610,18.876,0.533,1,3393.533,6.798
1.620,18.993,0.533,1,3414.554,6.882
1.630,19.110,0.533,1,3435.573,6.967
1.640,19.227,0.533,1,3456.591,7.053
1.650,19.344,0.533,1,3477.609,7.139
1.660,19.461,0.533,1,3498.625,7.226
1.670,19.578,0.533,1,3519.640,7.313
1.680,19.695,0.533,1,3540.654,7.401
1.690,19.812,0.533,1,3561.667,7.489
1.700,19.929,0.533,1,3582.679,7.578
1.710,20.045,0.533,1,3603.689,7.668
1.720,20.162,0.533,1,3624.699,7.757
1.730,20.279,0.532,1,3645.707,7.848
1.740,20.396,0.532,1,3666.715,7.939
1.750,20.513,0.532,1,3687.721,8.030
1.760,20.630,0.532,1,3708.726,8.122
1.770,20.747,0.532,1,3729.730,8.215
1.780,20.863,0.532,1,3750.732,8.308
1.790,20.980,0.532,1,3771.734,8.401
1.800,21.097,0.532,1,3792.734,8.495
1.810,21.214,0.532,1,3813.733,8.590
1.820,21.331,0.532,1,3834.731,8.685
1.830,21.447,0.532,1,3855.728,8.780
1.840,21.564,0.532,1,3876.724,8.877
1.850,21.681,0.532,1,3897.718,8.973
1.860,21.798,0.532,1,3918.711,9.070
1.870,21.914,0.532,1,3939.703,9.168
1.880,22.031,0.532,1,3960.694,9.266
1.890,22.148,0.532,1,3981.683,9.365
1.900,22.265,0.532,1,4002.671,9.464
1.910,22.381,0.532,1,4023.658,9.564
1.920,22.498,0.532,1,4044.644,9.665
1.930,22.615,0.532,1,4065.629,9.765
1.940,22.732,0.532,1,4086.612,9.867
1.950,22.848,0.532,1,4107.594,9.969
1.960,22.965,0.532,1,4128.574,10.071
1.970,23.082,0.532,1,4149.554,10.174
1.980,23.198,0.532,1,4170.532,10.277
1.990,23.315,0.532,1,4191.509,10.381
2.000,23.432,0.532,1,4212.484,10.486
2.010,23.548,0.532,1,4233.458,10.591
2.020,23.665,0.532,1,4254.431,10.696
2.030,23.782,0.532,1,4275.403,10.802
2.040,23.898,0.532,1,4296.373,10.909
2.050,24.015,0.531,1,4317.342,11.016
2.060,24.132,0.531,1,4338.309,11.124
2.070,24.248,0.531,1,4359.275,11.232
2.080,24.365,0.531,1,4380.240,11.341
2.090,24.482,0.531,1,4401.204,11.450
2.100,24.598,0.531,1,4422.166,11.559
2.110,24.715,0.531,1,4443.126,11.670
2.120,24.831,0.531,1,4464.086,11.780
2.130,24.948,0.531,1,4485.044,11.892
2.140,25.064,0.531,1,4506.000,12.003
2.150,25.181,0.531,1,4526.955,12.116
2.160,25.298,0.531,1,4547.909,12.229
2.170,25.414,0.531,1,4568.861,12.342
2.180,25.531,0.531,1,4589.812,12.456
2.190,25.647,0.531,1,4610.762,12.570
2.200,25.764,0.531,1,4631.710,12.685
2.210,25.880,0.531,1,4652.656,12.801
2.220,25.997,0.531,1,4673.601,12.916
2.230,26.113,0.531,1,4694.545,13.033
2.240,26.230,0.531,1,4715.487,13.150
2.250,26.346,0.531,1,4736.428,13.267
2.260,26.463,0.531,1,4757.367,13.386
2.270,26.579,0.531,1,4778.305,13.504
2.280,26.696,0.531,1,4799.241,13.623
2.290,26.812,0.531,1,4820.176,13.743
2.300,26.929,0.531,1,4841.109,13.863
2.310,27.045,0.531,1,4862.041,13.984
2.320,27.161,0.531,1,4882.972,14.105
2.330,27.278,0.530,1,4903.900,14.226
2.340,27.394,0.530,1,4924.828,14.349
2.350,27.511,0.530,1,4945.753,14.471
2.360,27.627,0.530,1,4966.678,14.595
2.370,27.743,0.530,1,4987.600,14.718
2.380,27.860,0.530,1,5008.521,14.843
2.390,27.976,0.530,1,5029.441,14.967
2.400,28.092,0.530,1,5050.359,15.093
2.410,28.209,0.530,1,5071.275,15.219
2.420,28.325,0.530,1,5092.190,15.345
2.430,28.441,0.530,1,5113.103,15.472
2.440,28.558,0.530,1,5134.015,15.599
2.450,28.674,0.530,1,5154.925,15.727
2.460,28.790,0.530,1,5175.834,15.856
2.470,28.907,0.530,1,5196.741,15.985
2.480,29.023,0.530,1,5217.646,16.114
2.490,29.139,0.530,1,5238.550,16.244
2.500,29.256,0.530,1,5259.452,16.375
2.510,29.372,0.530,1,5280.352,16.506
2.520,29.488,0.530,1,5301.251,16.637
2.530,29.604,0.530,1,5322.148,16.769
2.540,29.721,0.530,1,5343.043,16.902
2.550,29.837,0.530,1,5363.937,17.035
2.560,29.953,0.530,1,5384.829,17.169
2.570,30.069,0.529,1,5405.720,17.303
2.580,30.185,0.529,1,5426.608,17.437
2.590,30.302,0.529,1,5447.496,17.573
2.600,30.418,0.529,1,5468.381,17.708
2.610,30.534,0.529,1,5489.265,17.845
2.620,30.650,0.529,1,5510.147,17.981
2.630,30.766,0.529,1,5531.027,18.119
2.640,30.882,0.529,1,5551.906,18.256
2.650,30.998,0.529,1,5572.782,18.395
2.660,31.115,0.529,1,5593.658,18.534
2.670,31.231,0.529,1,5614.531,18.673
2.680,31.347,0.529,1,5635.403,18.813
2.690,31.463,0.529,1,5656.273,18.953
2.700,31.579,0.529,1,5677.141,19.094
2.710,31.695,0.529,1,5698.007,19.236
2.720,31.811,0.529,1,5718.872,19.377
2.730,31.927,0.529,1,5739.735,19.520
2.740,32.043,0.529,1,5760.596,19.663
2.750,32.159,0.529,1,5781.455,19.806
2.760,32.275,0.529,1,5802.313,19.950
2.770,32.391,0.529,1,5823.168,20.095
2.780,32.507,0.529,1,5844.022,20.240
2.790,32.623,0.529,1,5864.874,20.386
2.800,32.739,0.528,1,5885.725,20.532
2.810,32.855,0.528,1,5906.573,20.678
2.820,32.971,0.528,1,5927.420,20.826
2.830,33.087,0.528,1,5948.264,20.973
2.840,33.203,0.528,1,5969.107,21.121
2.850,33.319,0.528,1,5989.949,21.270
2.860,33.435,0.528,1,6010.788,21.419
2.870,33.551,0.528,1,6031.625,21.569
2.880,33.667,0.528,1,6052.461,21.719
2.890,33.783,0.528,1,6073.294,21.870
2.900,33.898,0.528,1,6094.126,22.021
2.910,34.014,0.528,1,6114.956,22.173
2.920,34.130,0.528,1,6135.784,22.325
2.930,34.246,0.528,1,6156.610,22.478
2.940,34.362,0.528,1,6177.434,22.632
2.950,34.478,0.528,1,6198.257,22.785
2.960,34.593,0.528,1,6219.077,22.940
2.970,34.709,0.528,1,6239.895,23.095
2.980,34.825,0.528,1,6260.712,23.250
2.990,34.941,0.528,1,6281.527,23.406
3.000,35.057,0.528,1,6302.339,23.563
3.010,35.172,0.527,1,6323.150,23.720
3.020,35.288,0.527,1,6343.959,23.877
3.030,35.404,0.527,1,6364.765,24.035
3.040,35.520,0.527,1,6385.570,24.194
3.050,35.635,0.527,1,6406.373,24.353
3.060,35.751,0.527,1,6427.174,24.512
3.070,35.867,0.527,1,6447.973,24.672
3.080,35.982,0.527,1,6468.770,24.833
3.090,36.098,0.527,1,6489.565,24.994
3.100,36.214,0.527,1,6510.357,25.156
3.110,36.329,0.527,1,6531.148,25.318
3.120,36.445,0.527,1,6551.937,25.480
3.130,36.561,0.527,1,6572.724,25.644
3.140,36.676,0.527,1,6593.509,25.807
3.150,36.792,-0.023,2,3968.575,25.971
3.160,36.787,-0.023,2,3968.025,26.136
3.170,36.782,-0.023,2,3967.474,26.300
3.180,36.777,-0.023,2,3966.924,26.465
3.190,36.771,-0.023,2,3966.374,26.629
3.200,36.766,-0.023,2,3965.824,26.794
3.210,36.761,-0.023,2,3965.274,26.958
3.220,36.756,-0.023,2,3964.724,27.122
3.230,36.751,-0.023,2,3964.174,27.287
3.240,36.746,-0.023,2,3963.624,27.451
3.250,36.741,-0.023,2,3963.074,27.615
3.260,36.736,-0.023,2,3962.524,27.779
3.270,36.731,-0.023,2,3961.975,27.944
3.280,36.726,-0.023,2,3961.425,28.108
3.290,36.720,-0.023,2,3960.875,28.272
3.300,36.715,-0.023,2,3960.326,28.436
3.310,36.710,-0.023,2,3959.776,28.600
3.320,36.705,-0.023,2,3959.227,28.764
3.330,36.700,-0.023,2,3958.677,28.928
3.340,36.695,-0.023,2,3958.128,29.092
3.350,36.690,0.427,2,3957.579,29.256
3.360,36.784,0.427,2,3967.684,29.421
3.370,36.877,0.427,2,3977.788,29.585
3.380,36.971,0.427,2,3987.892,29.750
3.390,37.065,0.427,2,3997.994,29.916
3.400,37.158,0.427,2,4008.096,30.082
3.410,37.252,0.427,2,4018.196,30.248
3.420,37.345,0.427,2,4028.296,30.415
3.430,37.439,0.427,2,4038.394,30.582
3.440,37.533,0.427,2,4048.491,30.750
3.450,37.626,0.426,2,4058.588,30.918
3.460,37.720,0.426,2,4068.683,31.086
3.470,37.813,0.426,2,4078.778,31.255
3.480,37.907,0.426,2,4088.871,31.424
3.490,38.001,0.426,2,4098.963,31.594
3.500,38.094,0.426,2,4109.054,31.764
3.510,38.188,0.426,2,4119.145,31.934
3.520,38.281,0.426,2,4129.234,32.105
3.530,38.375,0.426,2,4139.322,32.277
3.540,38.468,0.426,2,4149.409,32.448
3.550,38.562,0.426,2,4159.495,32.620
3.560,38.655,0.426,2,4169.581,32.793
3.570,38.749,0.426,2,4179.665,32.966
3.580,38.842,0.426,2,4189.748,33.139
3.590,38.936,0.426,2,4199.830,33.313
3.600,39.029,0.426,2,4209.910,33.488
3.610,39.123,0.426,2,4219.990,33.662
3.620,39.216,0.426,2,4230.069,33.837
3.630,39.309,0.426,2,4240.147,34.013
3.640,39.403,0.426,2,4250.224,34.189
3.650,39.496,0.426,2,4260.299,34.365
3.660,39.590,0.426,2,4270.374,34.542
3.670,39.683,0.426,2,4280.447,34.719
3.680,39.776,0.380,2,4290.520,34.897
3.690,39.860,0.380,2,4299.526,35.075
3.700,39.943,0.380,2,4308.531,35.253
3.710,40.027,0.380,2,4317.535,35.432
3.720,40.110,0.380,2,4326.538,35.611
3.730,40.194,0.380,2,4335.540,35.791
3.740,40.277,0.380,2,4344.541,35.970
3.750,40.361,0.380,2,4353.541,36.151
3.760,40.444,0.380,2,4362.540,36.331
3.770,40.528,0.380,2,4371.538,36.512
3.780,40.611,0.380,2,4380.535,36.694
3.790,40.694,0.380,2,4389.532,36.875
3.800,40.778,0.380,2,4398.527,37.057
3.810,40.861,0.380,2,4407.521,37.240
3.820,40.945,0.380,2,4416.514,37.423
3.830,41.028,0.380,2,4425.507,37.606
3.840,41.111,0.380,2,4434.498,37.790
3.850,41.195,0.380,2,4443.488,37.974
3.860,41.278,0.380,2,4452.478,38.158
3.870,41.361,0.380,2,4461.466,38.343
3.880,41.445,0.380,2,4470.453,38.528
3.890,41.528,0.380,2,4479.440,38.713
3.900,41.611,0.380,2,4488.425,38.899
3.910,41.695,0.380,2,4497.409,39.085
3.920,41.778,0.379,2,4506.393,39.272
3.930,41.861,0.379,2,4515.375,39.459
3.940,41.944,0.379,2,4524.356,39.646
3.950,42.028,0.379,2,4533.337,39.834
3.960,42.111,0.379,2,4542.316,40.022
3.970,42.194,0.379,2,4551.294,40.210
3.980,42.277,0.379,2,4560.272,40.399
3.990,42.361,0.379,2,4569.248,40.588
4.000,42.444,0.379,2,4578.223,40.778
4.010,42.527,0.379,2,4587.198,40.968
4.020,42.610,0.379,2,4596.171,41.158
4.030,42.693,0.379,2,4605.143,41.349
4.040,42.776,0.379,2,4614.114,41.540
4.050,42.860,0.379,2,4623.084,41.731
4.060,42.943,0.379,2,4632.054,41.923
4.070,43.026,0.379,2,4641.022,42.115
4.080,43.109,0.379,2,4649.989,42.308
4.090,43.192,0.379,2,4658.955,42.501
4.100,43.275,0.379,2,4667.920,42.694
4.110,43.358,0.379,2,4676.884,42.887
4.120,43.441,0.379,2,4685.847,43.081
4.130,43.525,0.379,2,4694.809,43.276
4.140,43.608,0.379,2,4703.770,43.471
4.150,43.691,0.378,2,4712.729,43.666
4.160,43.774,0.378,2,4721.688,43.861
4.170,43.857,0.378,2,4730.646,44.057
4.180,43.940,0.378,2,4739.602,44.253
4.190,44.023,0.378,2,4748.558,44.450
4.200,44.106,0.378,2,4757.513,44.647
4.210,44.189,0.378,2,4766.466,44.844
4.220,44.272,0.378,2,4775.419,45.042
4.230,44.355,0.378,2,4784.370,45.240
4.240,44.438,0.378,2,4793.320,45.439
4.250,44.521,0.378,2,4802.270,45.637
4.260,44.604,0.378,2,4811.218,45.837
4.270,44.687,0.378,2,4820.165,46.036
4.280,44.770,0.378,2,4829.111,46.236
4.290,44.853,0.378,2,4838.056,46.436
4.300,44.935,0.378,2,4847.000,46.637
4.310,45.018,0.378,2,4855.943,46.838
4.320,45.101,0.378,2,4864.885,47.040
4.330,45.184,0.378,2,4873.825,47.241
4.340,45.267,0.378,2,4882.765,47.444
4.350,45.350,0.378,2,4891.703,47.646
4.360,45.433,0.378,2,4900.641,47.849
4.370,45.516,0.377,2,4909.577,48.052
4.380,45.598,0.377,2,4918.513,48.256
4.390,45.681,0.377,2,4927.447,48.460
4.400,45.764,0.377,2,4936.380,48.665
4.410,45.847,0.377,2,4945.312,48.869
4.420,45.930,0.377,2,4954.243,49.074
4.430,46.013,0.377,2,4963.173,49.280
4.440,46.095,0.377,2,4972.101,49.486
4.450,46.178,0.377,2,4981.029,49.692
4.460,46.261,0.377,2,4989.956,49.899
4.470,46.344,0.377,2,4998.881,50.106
4.480,46.426,0.377,2,5007.805,50.313
4.490,46.509,0.377,2,5016.728,50.521
4.500,46.592,0.377,2,5025.651,50.729
4.510,46.674,0.377,2,5034.572,50.937
4.520,46.757,0.377,2,5043.491,51.146
4.530,46.840,0.377,2,5052.410,51.355
4.540,46.922,0.377,2,5061.328,51.565
4.550,47.005,0.377,2,5070.244,51.775
4.560,47.088,0.377,2,5079.160,51.985
4.570,47.170,0.377,2,5088.074,52.196
4.580,47.253,0.377,2,5096.987,52.407
4.590,47.336,0.376,2,5105.899,52.618
4.600,47.418,0.376,2,5114.810,52.830
4.610,47.501,0.376,2,5123.720,53.042
4.620,47.583,0.376,2,5132.629,53.255
4.630,47.666,0.376,2,5141.536,53.468
4.640,47.749,0.376,2,5150.442,53.681
4.650,47.831,0.376,2,5159.348,53.895
4.660,47.914,0.376,2,5168.252,54.109
4.670,47.996,0.376,2,5177.155,54.323
4.680,48.079,0.376,2,5186.057,54.538
4.690,48.161,0.376,2,5194.957,54.753
4.700,48.244,0.376,2,5203.857,54.968
4.710,48.326,0.376,2,5212.755,55.184
4.720,48.409,0.376,2,5221.652,55.400
4.730,48.491,0.376,2,5230.549,55.617
4.740,48.574,0.376,2,5239.443,55.834
4.750,48.656,0.376,2,5248.337,56.051
4.760,48.739,0.376,2,5257.230,56.269
4.770,48.821,0.376,2,5266.121,56.487
4.780,48.903,0.376,2,5275.012,56.706
4.790,48.986,0.375,2,5283.901,56.924
4.800,49.068,0.375,2,5292.789,57.144
4.810,49.151,0.375,2,5301.676,57.363
4.820,49.233,0.375,2,5310.561,57.583
4.830,49.315,0.375,2,5319.446,57.803
4.840,49.398,0.375,2,5328.329,58.024
4.850,49.480,0.375,2,5337.211,58.245
4.860,49.562,0.375,2,5346.092,58.466
4.870,49.645,0.375,2,5354.972,58.688
4.880,49.727,0.375,2,5363.850,58.910
4.890,49.809,0.375,2,5372.728,59.133
4.900,49.892,0.375,2,5381.604,59.355
4.910,49.974,0.375,2,5390.479,59.579
4.920,50.056,0.375,2,5399.353,59.802
4.930,50.138,0.375,2,5408.226,60.026
4.940,50.221,0.375,2,5417.097,60.251
4.950,50.303,0.375,2,5425.968,60.475
4.960,50.385,0.375,2,5434.837,60.700
4.970,50.467,0.375,2,5443.705,60.926
4.980,50.550,0.375,2,5452.571,61.152
4.990,50.632,0.374,2,5461.437,61.378
5.000,50.714,0.374,2,5470.301,61.604
5.010,50.796,0.374,2,5479.164,61.831
5.020,50.878,0.374,2,5488.026,62.058
5.030,50.960,0.374,2,5496.887,62.286
5.040,51.043,0.374,2,5505.746,62.514
5.050,51.125,0.374,2,5514.605,62.742
5.060,51.207,0.374,2,5523.462,62.971
5.070,51.289,0.374,2,5532.318,63.200
5.080,51.371,0.374,2,5541.172,63.430
5.090,51.453,0.374,2,5550.026,63.659
5.100,51.535,0.374,2,5558.878,63.890
5.110,51.617,0.374,2,5567.729,64.120
5.120,51.699,0.374,2,5576.579,64.351
5.130,51.781,0.374,2,5585.427,64.582
5.140,51.863,0.374,2,5594.275,64.814
5.150,51.945,0.374,2,5603.121,65.046
5.160,52.027,0.306,2,5611.966,65.279
5.170,52.095,0.306,2,5619.211,65.511
5.180,52.162,0.306,2,5626.456,65.744
5.190,52.229,0.306,2,5633.699,65.978
5.200,52.296,0.306,2,5640.942,66.211
5.210,52.363,0.306,2,5648.183,66.445
5.220,52.430,0.306,2,5655.423,66.679
5.230,52.497,0.306,2,5662.663,66.914
5.240,52.564,0.306,2,5669.901,67.149
5.250,52.632,0.306,2,5677.138,67.384
5.260,52.699,0.306,2,5684.375,67.619
5.270,52.766,0.306,2,5691.610,67.855
5.280,52.833,0.306,2,5698.844,68.091
5.290,52.900,0.306,2,5706.078,68.328
5.300,52.967,0.305,2,5713.310,68.564
5.310,53.034,0.305,2,5720.541,68.801
5.320,53.101,0.305,2,5727.771,69.038
5.330,53.168,0.305,2,5735.001,69.276
5.340,53.235,0.305,2,5742.229,69.514
5.350,53.302,0.305,2,5749.456,69.752
5.360,53.369,0.305,2,5756.682,69.990
5.370,53.436,0.305,2,5763.907,70.229
5.380,53.503,0.305,2,5771.131,70.468
5.390,53.570,0.305,2,5778.354,70.707
5.400,53.637,0.305,2,5785.576,70.947
5.410,53.704,0.305,2,5792.797,71.187
5.420,53.771,0.305,2,5800.017,71.427
5.430,53.838,0.305,2,5807.236,71.668
5.440,53.905,0.305,2,5814.453,71.908
5.450,53.971,0.305,2,5821.670,72.150
5.460,54.038,0.305,2,5828.886,72.391
5.470,54.105,0.305,2,5836.101,72.633
5.480,54.172,0.305,2,5843.314,72.875
5.490,54.239,0.305,2,5850.527,73.117
5.500,54.306,0.305,2,5857.738,73.360
5.510,54.373,0.305,2,5864.949,73.603
5.520,54.440,0.305,2,5872.158,73.846
5.530,54.506,0.304,2,5879.367,74.089
5.540,54.573,0.304,2,5886.574,74.333
5.550,54.640,0.304,2,5893.780,74.577
5.560,54.707,0.304,2,5900.986,74.822
5.570,54.774,0.304,2,5908.190,75.066
5.580,54.840,0.304,2,5915.393,75.311
5.590,54.907,0.304,2,5922.595,75.557
5.600,54.974,0.304,2,5929.796,75.802
5.610,55.041,0.304,2,5936.996,76.048
5.620,55.107,0.304,2,5944.195,76.294
5.630,55.174,0.304,2,5951.393,76.541
5.640,55.241,0.304,2,5958.590,76.788
5.650,55.308,0.304,2,5965.786,77.035
5.660,55.374,0.304,2,5972.980,77.282
5.670,55.441,0.304,2,5980.174,77.530
5.680,55.508,0.304,2,5987.366,77.778
5.690,55.574,0.304,2,5994.558,78.026
5.700,55.641,0.304,2,6001.748,78.275
5.710,55.708,0.304,2,6008.938,78.524
5.720,55.774,0.304,2,6016.126,78.773
5.730,55.841,0.304,2,6023.313,79.022
5.740,55.907,0.304,2,6030.499,79.272
5.750,55.974,0.303,2,6037.684,79.522
5.760,56.041,0.303,2,6044.868,79.773
5.770,56.107,0.303,2,6052.051,80.023
5.780,56.174,0.303,2,6059.233,80.274
5.790,56.240,0.303,2,6066.414,80.525
5.800,56.307,0.303,2,6073.593,80.777
5.810,56.374,0.303,2,6080.772,81.029
5.820,56.440,0.303,2,6087.949,81.281
5.830,56.507,0.303,2,6095.126,81.534
5.840,56.573,0.303,2,6102.301,81.786
5.850,56.640,0.303,2,6109.475,82.039
5.860,56.706,0.303,2,6116.648,82.293
5.870,56.773,0.303,2,6123.821,82.546
5.880,56.839,0.303,2,6130.992,82.800
5.890,56.906,0.303,2,6138.161,83.055
5.900,56.972,0.303,2,6145.330,83.309
5.910,57.038,0.303,2,6152.498,83.564
5.920,57.105,0.303,2,6159.665,83.819
5.930,57.171,0.303,2,6166.830,84.074
5.940,57.238,0.303,2,6173.994,84.330
5.950,57.304,0.303,2,6181.158,84.586
5.960,57.371,0.303,2,6188.320,84.843
5.970,57.437,0.302,2,6195.481,85.099
5.980,57.503,0.302,2,6202.641,85.356
5.990,57.570,0.302,2,6209.800,85.613
6.000,57.636,0.302,2,6216.958,85.871
6.010,57.702,0.302,2,6224.115,86.129
6.020,57.769,0.302,2,6231.270,86.387
6.030,57.835,0.302,2,6238.425,86.645
6.040,57.901,0.302,2,6245.578,86.904
6.050,57.968,0.302,2,6252.731,87.163
6.060,58.034,0.302,2,6259.882,87.422
6.070,58.100,0.302,2,6267.032,87.682
6.080,58.167,0.302,2,6274.181,87.941
6.090,58.233,0.302,2,6281.329,88.202
6.100,58.299,0.302,2,6288.476,88.462
6.110,58.365,0.302,2,6295.621,88.723
6.120,58.432,0.302,2,6302.766,88.984
6.130,58.498,0.302,2,6309.909,89.245
6.140,58.564,0.302,2,6317.051,89.507
6.150,58.630,0.302,2,6324.193,89.769
6.160,58.696,0.302,2,6331.333,90.031
6.170,58.763,0.302,2,6338.472,90.294
6.180,58.829,0.302,2,6345.609,90.557
6.190,58.895,0.301,2,6352.746,90.820
6.200,58.961,0.301,2,6359.882,91.083
6.210,59.027,0.301,2,6367.016,91.347
6.220,59.093,0.301,2,6374.149,91.611
6.230,59.159,0.301,2,6381.282,91.875
6.240,59.226,0.301,2,6388.413,92.140
6.250,59.292,0.301,2,6395.543,92.405
6.260,59.358,0.301,2,6402.671,92.670
6.270,59.424,0.301,2,6409.799,92.935
6.280,59.490,0.301,2,6416.926,93.201
6.290,59.556,0.301,2,6424.051,93.467
6.300,59.622,0.301,2,6431.175,93.734
6.310,59.688,0.301,2,6438.298,94.000
6.320,59.754,0.301,2,6445.420,94.267
6.330,59.820,0.301,2,6452.541,94.535
6.340,59.886,0.301,2,6459.661,94.802
6.350,59.952,0.301,2,6466.780,95.070
6.360,60.018,0.301,2,6473.897,95.338
6.370,60.084,0.301,2,6481.013,95.607
6.380,60.150,0.301,2,6488.129,95.875
6.390,60.216,0.300,2,6495.243,96.144
6.400,60.282,0.300,2,6502.355,96.414
6.410,60.348,0.300,2,6509.467,96.683
6.420,60.414,0.300,2,6516.578,96.953
6.430,60.480,0.300,2,6523.687,97.224
6.440,60.546,0.300,2,6530.795,97.494
6.450,60.611,0.300,2,6537.903,97.765
6.460,60.677,0.300,2,6545.009,98.036
6.470,60.743,0.300,2,6552.113,98.307
6.480,60.809,0.300,2,6559.217,98.579
6.490,60.875,0.300,2,6566.320,98.851
6.500,60.941,0.300,2,6573.421,99.123
6.510,61.007,0.300,2,6580.521,99.396
6.520,61.072,0.300,2,6587.620,99.669
6.530,61.138,0.300,2,6594.718,99.942
6.540,61.204,-0.038,3,4401.210,100.215
6.550,61.196,-0.038,3,4400.613,100.489
6.560,61.187,-0.038,3,4400.016,100.763
6.570,61.179,-0.038,3,4399.419,101.036
6.580,61.171,-0.038,3,4398.823,101.310
6.590,61.163,-0.038,3,4398.226,101.583
6.600,61.154,-0.038,3,4397.630,101.856
6.610,61.146,-0.038,3,4397.033,102.130
6.620,61.138,-0.038,3,4396.437,102.403
6.630,61.129,-0.038,3,4395.841,102.676
6.640,61.121,-0.038,3,4395.245,102.950
6.650,61.113,-0.038,3,4394.649,103.223
6.660,61.104,-0.038,3,4394.053,103.496
6.670,61.096,-0.038,3,4393.457,103.769
6.680,61.088,-0.038,3,4392.861,104.042
6.690,61.080,-0.038,3,4392.266,104.315
6.700,61.071,-0.038,3,4391.670,104.588
6.710,61.063,-0.038,3,4391.075,104.861
6.720,61.055,-0.038,3,4390.480,105.134
6.730,61.047,-0.038,3,4389.884,105.407
6.740,61.038,0.232,3,4389.289,105.680
6.750,61.089,0.232,3,4392.956,105.953
6.760,61.140,0.232,3,4396.622,106.226
6.770,61.191,0.232,3,4400.288,106.500
6.780,61.242,0.232,3,4403.953,106.773
6.790,61.293,0.232,3,4407.618,107.047
6.800,61.344,0.232,3,4411.282,107.321
6.810,61.395,0.232,3,4414.945,107.596
6.820,61.446,0.232,3,4418.607,107.870
6.830,61.497,0.232,3,4422.269,108.145
6.840,61.548,0.232,3,4425.931,108.420
6.850,61.599,0.232,3,4429.592,108.695
6.860,61.650,0.232,3,4433.252,108.971
6.870,61.700,0.232,3,4436.912,109.247
6.880,61.751,0.232,3,4440.571,109.523
6.890,61.802,0.232,3,4444.229,109.799
6.900,61.853,0.232,3,4447.887,110.075
6.910,61.904,0.232,3,4451.544,110.352
6.920,61.955,0.232,3,4455.201,110.629
6.930,62.006,0.232,3,4458.857,110.906
6.940,62.056,0.232,3,4462.512,111.183
6.950,62.107,0.232,3,4466.167,111.461
6.960,62.158,0.232,3,4469.821,111.738
6.970,62.209,0.231,3,4473.475,112.016
6.980,62.260,0.231,3,4477.128,112.294
6.990,62.311,0.231,3,4480.780,112.573
7.000,62.361,0.231,3,4484.432,112.852
7.010,62.412,0.231,3,4488.083,113.130
7.020,62.463,0.231,3,4491.734,113.410
7.030,62.514,0.231,3,4495.384,113.689
7.040,62.564,0.231,3,4499.033,113.969
7.050,62.615,0.231,3,4502.682,114.248
7.060,62.666,0.231,3,4506.330,114.528
7.070,62.717,0.231,3,4509.977,114.809
7.080,62.767,0.231,3,4513.624,115.089
7.090,62.818,0.231,3,4517.270,115.370
7.100,62.869,0.231,3,4520.916,115.651
7.110,62.919,0.231,3,4524.561,115.932
7.120,62.970,0.231,3,4528.206,116.213
7.130,63.021,0.231,3,4531.849,116.495
7.140,63.071,0.231,3,4535.493,116.777
7.150,63.122,0.231,3,4539.135,117.059
7.160,63.173,0.231,3,4542.777,117.341
7.170,63.223,0.231,3,4546.419,117.624
7.180,63.274,0.231,3,4550.059,117.906
7.190,63.325,0.231,3,4553.699,118.189
7.200,63.375,0.231,3,4557.339,118.473
7.210,63.426,0.231,3,4560.978,118.756
7.220,63.476,0.231,3,4564.616,119.040
7.230,63.527,0.230,3,4568.254,119.323
7.240,63.578,0.230,3,4571.891,119.608
7.250,63.628,0.230,3,4575.527,119.892
7.260,63.679,0.230,3,4579.163,120.176
7.270,63.729,0.230,3,4582.798,120.461
7.280,63.780,0.230,3,4586.433,120.746
7.290,63.830,0.230,3,4590.067,121.031
7.300,63.881,0.230,3,4593.700,121.317
7.310,63.931,0.230,3,4597.333,121.603
7.320,63.982,0.230,3,4600.965,121.889
7.330,64.032,0.230,3,4604.596,122.175
7.340,64.083,0.230,3,4608.227,122.461
7.350,64.133,0.230,3,4611.858,122.748
7.360,64.184,0.230,3,4615.487,123.034
7.370,64.234,0.230,3,4619.116,123.321
7.380,64.285,0.230,3,4622.744,123.609
7.390,64.335,0.230,3,4626.372,123.896
7.400,64.386,0.230,3,4629.999,124.184
7.410,64.436,0.230,3,4633.626,124.472
7.420,64.486,0.230,3,4637.252,124.760
7.430,64.537,0.230,3,4640.877,125.048
7.440,64.587,0.230,3,4644.501,125.337
7.450,64.638,0.230,3,4648.125,125.626
7.460,64.688,0.230,3,4651.749,125.915
7.470,64.738,0.230,3,4655.372,126.204
7.480,64.789,0.229,3,4658.994,126.494
7.490,64.839,0.229,3,4662.615,126.784
7.500,64.890,0.229,3,4666.236,127.074
7.510,64.940,0.229,3,4669.856,127.364
7.520,64.990,0.229,3,4673.476,127.654
7.530,65.041,0.229,3,4677.095,127.945
7.540,65.091,0.229,3,4680.713,128.236
7.550,65.141,0.229,3,4684.331,128.527
7.560,65.191,0.229,3,4687.948,128.818
7.570,65.242,0.229,3,4691.564,129.110
7.580,65.292,0.229,3,4695.180,129.401
7.590,65.342,0.229,3,4698.795,129.693
7.600,65.393,0.229,3,4702.410,129.986
7.610,65.443,0.229,3,4706.024,130.278
7.620,65.493,0.229,3,4709.637,130.571
7.630,65.543,0.229,3,4713.250,130.864
7.640,65.594,0.229,3,4716.862,131.157
7.650,65.644,0.229,3,4720.473,131.450
7.660,65.694,0.229,3,4724.084,131.744
7.670,65.744,0.229,3,4727.694,132.037
7.680,65.794,0.229,3,4731.303,132.331
7.690,65.845,0.229,3,4734.912,132.626
7.700,65.895,0.229,3,4738.520,132.920
7.710,65.945,0.229,3,4742.128,133.215
7.720,65.995,0.229,3,4745.735,133.510
7.730,66.045,0.228,3,4749.341,133.805
7.740,66.095,0.228,3,4752.947,134.100
7.750,66.145,0.228,3,4756.552,134.396
7.760,66.196,0.228,3,4760.156,134.692
7.770,66.246,0.228,3,4763.760,134.988
7.780,66.296,0.228,3,4767.363,135.284
7.790,66.346,0.228,3,4770.966,135.580
7.800,66.396,0.228,3,4774.568,135.877
7.810,66.446,0.228,3,4778.169,136.174
7.820,66.496,0.228,3,4781.769,136.471
7.830,66.546,0.228,3,4785.369,136.769
7.840,66.596,0.228,3,4788.969,137.066
7.850,66.646,0.228,3,4792.567,137.364
7.860,66.696,0.228,3,4796.165,137.662
7.870,66.746,0.228,3,4799.763,137.960
7.880,66.796,0.228,3,4803.359,138.259
7.890,66.846,0.228,3,4806.955,138.557
7.900,66.896,0.228,3,4810.551,138.856
7.910,66.946,0.228,3,4814.146,139.156
7.920,66.996,0.228,3,4817.740,139.455
7.930,67.046,0.228,3,4821.333,139.755
7.940,67.096,0.228,3,4824.926,140.054
7.950,67.146,0.228,3,4828.518,140.354
7.960,67.196,0.228,3,4832.110,140.655
7.970,67.246,0.228,3,4835.701,140.955
7.980,67.296,0.227,3,4839.291,141.256
7.990,67.346,0.227,3,4842.881,141.557
8.000,67.396,0.227,3,4846.470,141.858
8.010,67.446,0.227,3,4850.058,142.160
8.020,67.496,0.227,3,4853.646,142.461
8.030,67.546,0.227,3,4857.233,142.763
8.040,67.595,0.227,3,4860.819,143.065
8.050,67.645,0.227,3,4864.405,143.367
8.060,67.695,0.227,3,4867.990,143.670
8.070,67.745,0.227,3,4871.574,143.973
8.080,67.795,0.227,3,4875.158,144.276
8.090,67.845,0.227,3,4878.741,144.579
8.100,67.894,0.227,3,4882.324,144.882
8.110,67.944,0.227,3,4885.906,145.186
8.120,67.994,0.227,3,4889.487,145.490
8.130,68.044,0.227,3,4893.067,145.794
8.140,68.094,0.227,3,4896.647,146.098
8.150,68.143,0.227,3,4900.226,146.402
8.160,68.193,0.227,3,4903.805,146.707
8.170,68.243,0.227,3,4907.383,147.012
8.180,68.293,0.227,3,4910.960,147.317
8.190,68.342,0.227,3,4914.537,147.623
8.200,68.392,0.227,3,4918.113,147.928
8.210,68.442,0.227,3,4921.688,148.234
8.220,68.492,0.226,3,4925.263,148.540
8.230,68.541,0.226,3,4928.837,148.847
8.240,68.591,0.226,3,4932.410,149.153
8.250,68.641,0.226,3,4935.983,149.460
8.260,68.690,0.226,3,4939.555,149.767
8.270,68.740,0.226,3,4943.126,150.074
8.280,68.790,0.226,3,4946.697,150.381
8.290,68.839,0.226,3,4950.267,150.689
8.300,68.889,0.226,3,4953.837,150.997
8.310,68.939,0.226,3,4957.405,151.305
8.320,68.988,0.226,3,4960.974,151.613
8.330,69.038,0.226,3,4964.541,151.922
8.340,69.087,0.226,3,4968.108,152.231
8.350,69.137,0.226,3,4971.674,152.539
8.360,69.187,0.226,3,4975.239,152.849
8.370,69.236,0.226,3,4978.804,153.158
8.380,69.286,0.226,3,4982.368,153.468
8.390,69.335,0.226,3,4985.932,153.778
8.400,69.385,0.226,3,4989.495,154.088
8.410,69.434,0.226,3,4993.057,154.398
8.420,69.484,0.226,3,4996.618,154.708
8.430,69.533,0.226,3,5000.179,155.019
8.440,69.583,0.226,3,5003.739,155.330
8.450,69.632,0.226,3,5007.299,155.641
8.460,69.682,0.225,3,5010.858,155.953
8.470,69.731,0.225,3,5014.416,156.264
8.480,69.781,0.225,3,5017.973,156.576
8.490,69.830,0.225,3,5021.530,156.888
8.500,69.880,0.225,3,5025.087,157.200
8.510,69.929,0.225,3,5028.642,157.513
8.520,69.979,0.225,3,5032.197,157.826
8.530,70.028,0.225,3,5035.751,158.139
8.540,70.077,0.225,3,5039.305,158.452
8.550,70.127,0.225,3,5042.858,158.765
8.560,70.176,0.225,3,5046.410,159.079
8.570,70.226,0.225,3,5049.961,159.393
8.580,70.275,0.225,3,5053.512,159.707
8.590,70.324,0.225,3,5057.062,160.021
8.600,70.374,0.225,3,5060.612,160.335
8.610,70.423,0.225,3,5064.161,160.650
8.620,70.472,0.225,3,5067.709,160.965
8.630,70.522,0.225,3,5071.257,161.280
8.640,70.571,0.225,3,5074.804,161.596
8.650,70.620,0.225,3,5078.350,161.911
8.660,70.670,0.225,3,5081.895,162.227
8.670,70.719,0.225,3,5085.440,162.543
8.680,70.768,0.225,3,5088.984,162.859
8.690,70.818,0.225,3,5092.528,163.176
8.700,70.867,0.224,3,5096.071,163.492
8.710,70.916,0.224,3,5099.613,163.809
8.720,70.965,0.224,3,5103.154,164.126
8.730,71.015,0.224,3,5106.695,164.444
8.740,71.064,0.224,3,5110.235,164.761
8.750,71.113,0.224,3,5113.775,165.079
8.760,71.162,0.224,3,5117.314,165.397
8.770,71.211,0.224,3,5120.852,165.715
8.780,71.261,0.224,3,5124.389,166.034
8.790,71.310,0.224,3,5127.926,166.353
8.800,71.359,0.224,3,5131.462,166.671
8.810,71.408,0.224,3,5134.998,166.991
8.820,71.457,0.224,3,5138.532,167.310
8.830,71.506,0.224,3,5142.067,167.629
8.840,71.556,0.224,3,5145.600,167.949
8.850,71.605,0.224,3,5149.133,168.269
8.860,71.654,0.224,3,5152.665,168.589
8.870,71.703,0.224,3,5156.196,168.910
8.880,71.752,0.224,3,5159.727,169.230
8.890,71.801,0.224,3,5163.257,169.551
8.900,71.850,0.224,3,5166.786,169.872
8.910,71.899,0.224,3,5170.315,170.194
8.920,71.948,0.224,3,5173.843,170.515
8.930,71.997,0.223,3,5177.370,170.837
8.940,72.046,0.223,3,5180.897,171.159
8.950,72.096,0.223,3,5184.423,171.481
8.960,72.145,0.223,3,5187.948,171.804
8.970,72.194,0.223,3,5191.473,172.126
8.980,72.243,0.223,3,5194.997,172.449
8.990,72.292,0.223,3,5198.520,172.772
9.000,72.341,0.223,3,5202.043,173.095
9.010,72.390,0.223,3,5205.564,173.419
9.020,72.438,0.223,3,5209.086,173.743
9.030,72.487,0.223,3,5212.606,174.067
9.040,72.536,0.223,3,5216.126,174.391
9.050,72.585,0.223,3,5219.645,174.715
9.060,72.634,0.223,3,5223.164,175.040
9.070,72.683,0.223,3,5226.681,175.364
9.080,72.732,0.223,3,5230.199,175.690
9.090,72.781,0.223,3,5233.715,176.015
9.100,72.830,0.223,3,5237.231,176.340
9.110,72.879,0.223,3,5240.746,176.666
9.120,72.928,0.223,3,5244.260,176.992
9.130,72.976,0.223,3,5247.774,177.318
9.140,73.025,0.223,3,5251.287,177.644
9.150,73.074,0.223,3,5254.799,177.971
9.160,73.123,0.222,3,5258.311,178.298
9.170,73.172,0.222,3,5261.822,178.625
9.180,73.221,0.222,3,5265.332,178.952
9.190,73.269,0.222,3,5268.841,179.279
9.200,73.318,0.222,3,5272.350,179.607
9.210,73.367,0.222,3,5275.859,179.935
9.220,73.416,0.222,3,5279.366,180.263
9.230,73.465,0.222,3,5282.873,180.591
9.240,73.513,0.222,3,5286.379,180.920
9.250,73.562,0.222,3,5289.884,181.248
9.260,73.611,0.222,3,5293.389,181.577
9.270,73.660,0.222,3,5296.893,181.907
9.280,73.708,0.222,3,5300.397,182.236
9.290,73.757,0.222,3,5303.899,182.566
9.300,73.806,0.222,3,5307.401,182.895
9.310,73.854,0.222,3,5310.903,183.225
9.320,73.903,0.222,3,5314.403,183.556
9.330,73.952,0.222,3,5317.903,183.886
9.340,74.000,0.222,3,5321.402,184.217
9.350,74.049,0.222,3,5324.901,184.548
9.360,74.098,0.222,3,5328.399,184.879
9.370,74.146,0.222,3,5331.896,185.210
9.380,74.195,0.222,3,5335.392,185.542
9.390,74.244,0.221,3,5338.888,185.874
9.400,74.292,0.221,3,5342.383,186.206
9.410,74.341,0.221,3,5345.877,186.538
9.420,74.389,0.221,3,5349.371,186.870
9.430,74.438,0.221,3,5352.864,187.203
9.440,74.486,0.221,3,5356.356,187.536
9.450,74.535,0.221,3,5359.848,187.869
9.460,74.584,0.221,3,5363.339,188.202
9.470,74.632,0.221,3,5366.829,188.536
9.480,74.681,0.221,3,5370.318,188.870
9.490,74.729,0.221,3,5373.807,189.204
9.500,74.778,0.221,3,5377.295,189.538
9.510,74.826,0.221,3,5380.783,189.872
9.520,74.875,0.221,3,5384.269,190.207
9.530,74.923,0.221,3,5387.755,190.542
9.540,74.972,0.221,3,5391.241,190.877
9.550,75.020,0.221,3,5394.725,191.212
9.560,75.068,0.221,3,5398.209,191.547
9.570,75.117,0.221,3,5401.693,191.883
9.580,75.165,0.221,3,5405.175,192.219
9.590,75.214,0.221,3,5408.657,192.555
9.600,75.262,0.221,3,5412.138,192.891
9.610,75.311,0.221,3,5415.618,193.228
9.620,75.359,0.220,3,5419.098,193.565
9.630,75.407,0.220,3,5422.577,193.902
9.640,75.456,0.220,3,5426.055,194.239
9.650,75.504,0.220,3,5429.533,194.576
9.660,75.552,0.220,3,5433.010,194.914
9.670,75.601,0.220,3,5436.486,195.252
9.680,75.649,0.220,3,5439.962,195.590
9.690,75.697,0.220,3,5443.436,195.928
9.700,75.746,0.220,3,5446.910,196.267
9.710,75.794,0.220,3,5450.384,196.605
9.720,75.842,0.220,3,5453.857,196.944
9.730,75.891,0.220,3,5457.329,197.284
9.740,75.939,0.220,3,5460.800,197.623
9.750,75.987,0.220,3,5464.270,197.963
9.760,76.035,0.220,3,5467.740,198.302
9.770,76.084,0.220,3,5471.209,198.642
9.780,76.132,0.220,3,5474.678,198.983
9.790,76.180,0.220,3,5478.146,199.323
9.800,76.228,0.220,3,5481.613,199.664
9.810,76.276,0.220,3,5485.079,200.005
9.820,76.325,0.220,3,5488.545,200.346
9.830,76.373,0.220,3,5492.010,200.687
9.840,76.421,0.219,3,5495.474,201.028
9.850,76.469,0.219,3,5498.937,201.370
9.860,76.517,0.219,3,5502.400,201.712
9.870,76.565,0.219,3,5505.862,202.054
9.880,76.614,0.219,3,5509.324,202.397
9.890,76.662,0.219,3,5512.784,202.739
9.900,76.710,0.219,3,5516.244,203.082
9.910,76.758,0.219,3,5519.703,203.425
9.920,76.806,0.219,3,5523.162,203.768
9.930,76.854,0.219,3,5526.620,204.112
9.940,76.902,0.219,3,5530.077,204.456
9.950,76.950,0.219,3,5533.533,204.799
9.960,76.998,0.219,3,5536.989,205.144
9.970,77.046,0.219,3,5540.444,205.488
9.980,77.094,0.219,3,5543.898,205.832
9.990,77.142,0.219,3,5547.352,206.177
10.000,77.190,0.219,3,5550.805,206.522
10.010,77.238,0.219,3,5554.257,206.867
10.020,77.286,0.219,3,5557.708,207.213
10.030,77.334,0.219,3,5561.159,207.558
10.040,77.382,0.219,3,5564.609,207.904
10.050,77.430,0.219,3,5568.058,208.250
10.060,77.478,0.218,3,5571.507,208.596
10.070,77.526,0.218,3,5574.955,208.943
10.080,77.574,0.218,3,5578.402,209.290
10.090,77.622,0.218,3,5581.848,209.636
10.100,77.670,0.218,3,5585.294,209.984
10.110,77.718,0.218,3,5588.739,210.331
10.120,77.766,0.218,3,5592.183,210.678
10.130,77.814,0.218,3,5595.627,211.026
10.140,77.862,0.218,3,5599.070,211.374
10.150,77.910,0.218,3,5602.512,211.722
10.160,77.957,0.218,3,5605.953,212.071
10.170,78.005,0.218,3,5609.394,212.419
10.180,78.053,0.173,3,5612.834,212.768
10.190,78.091,0.173,3,5615.563,213.117
10.200,78.129,0.173,3,5618.291,213.466
10.210,78.167,0.173,3,5621.019,213.816
10.220,78.205,0.173,3,5623.746,214.165
10.230,78.243,0.173,3,5626.473,214.515
10.240,78.281,0.173,3,5629.199,214.865
10.250,78.319,0.173,3,5631.925,215.215
10.260,78.356,0.173,3,5634.650,215.565
10.270,78.394,0.173,3,5637.374,215.915
10.280,78.432,0.173,3,5640.098,216.266
10.290,78.470,0.173,3,5642.821,216.617
10.300,78.508,0.172,3,5645.544,216.967
10.310,78.546,0.172,3,5648.266,217.319
10.320,78.584,0.172,3,5650.987,217.670
10.330,78.621,0.172,3,5653.708,218.021
10.340,78.659,0.172,3,5656.429,218.373
10.350,78.697,0.172,3,5659.149,218.724
10.360,78.735,0.172,3,5661.868,219.076
10.370,78.773,0.172,3,5664.586,219.428
10.380,78.811,0.172,3,5667.305,219.781
10.390,78.848,0.172,3,5670.022,220.133
10.400,78.886,0.172,3,5672.739,220.486
10.410,78.924,0.172,3,5675.455,220.838
10.420,78.962,0.172,3,5678.171,221.191
10.430,78.999,0.172,3,5680.886,221.544
10.440,79.037,0.172,3,5683.601,221.897
10.450,79.075,0.172,3,5686.315,222.251
10.460,79.113,0.172,3,5689.029,222.604
10.470,79.150,0.172,3,5691.742,222.958
10.480,79.188,0.172,3,5694.454,223.312
10.490,79.226,0.172,3,5697.166,223.666
10.500,79.264,0.172,3,5699.877,224.020
10.510,79.301,0.172,3,5702.588,224.375
10.520,79.339,0.172,3,5705.298,224.730
10.530,79.377,0.172,3,5708.007,225.084
10.540,79.414,0.172,3,5710.716,225.439
10.550,79.452,0.172,3,5713.424,225.794
10.560,79.490,0.172,3,5716.132,226.150
10.570,79.527,0.172,3,5718.839,226.505
10.580,79.565,0.171,3,5721.546,226.861
10.590,79.602,0.171,3,5724.252,227.216
10.600,79.640,0.171,3,5726.957,227.572
10.610,79.678,0.171,3,5729.662,227.928
10.620,79.715,0.171,3,5732.367,228.285
10.630,79.753,0.171,3,5735.070,228.641
10.640,79.790,0.171,3,5737.774,228.998
10.650,79.828,0.171,3,5740.476,229.355
10.660,79.866,0.171,3,5743.178,229.711
10.670,79.903,0.171,3,5745.880,230.069
10.680,79.941,0.171,3,5748.580,230.426
10.690,79.978,0.171,3,5751.281,230.783
10.700,80.016,0.171,3,5753.980,231.141
10.710,80.053,0.171,3,5756.679,231.499
10.720,80.091,0.171,3,5759.378,231.857
10.730,80.128,0.171,3,5762.076,232.215
10.740,80.166,0.171,3,5764.773,232.573
10.750,80.203,0.171,3,5767.470,232.932
10.760,80.241,0.171,3,5770.166,233.290
10.770,80.278,0.171,3,5772.862,233.649
10.780,80.316,0.171,3,5775.557,234.008
10.790,80.353,0.171,3,5778.252,234.367
10.800,80.391,0.171,3,5780.945,234.726
10.810,80.428,0.171,3,5783.639,235.086
10.820,80.466,0.171,3,5786.332,235.445
10.830,80.503,0.171,3,5789.024,235.805
10.840,80.541,0.171,3,5791.715,236.165
10.850,80.578,0.170,3,5794.406,236.525
10.860,80.615,0.170,3,5797.097,236.886
10.870,80.653,0.170,3,5799.787,237.246
10.880,80.690,0.170,3,5802.476,237.607
10.890,80.728,0.170,3,5805.165,237.968
10.900,80.765,0.170,3,5807.853,238.328
10.910,80.802,0.170,3,5810.540,238.690
10.920,80.840,0.170,3,5813.227,239.051
10.930,80.877,0.170,3,5815.914,239.412
10.940,80.914,0.170,3,5818.599,239.774
10.950,80.952,0.170,3,5821.285,240.136
10.960,80.989,0.170,3,5823.969,240.498
10.970,81.026,0.170,3,5826.653,240.860
10.980,81.064,0.170,3,5829.337,241.222
10.990,81.101,0.170,3,5832.020,241.585
11.000,81.138,0.170,3,5834.702,241.947
11.010,81.176,0.170,3,5837.384,242.310
11.020,81.213,0.170,3,5840.065,242.673
11.030,81.250,0.170,3,5842.745,243.036
11.040,81.288,0.170,3,5845.425,243.400
11.050,81.325,0.170,3,5848.105,243.763
11.060,81.362,0.170,3,5850.783,244.127
11.070,81.399,0.170,3,5853.462,244.490
11.080,81.437,0.170,3,5856.139,244.854
11.090,81.474,0.170,3,5858.816,245.219
11.100,81.511,0.170,3,5861.493,245.583
11.110,81.548,0.170,3,5864.169,245.947
11.120,81.585,0.169,3,5866.844,246.312
11.130,81.623,0.169,3,5869.519,246.677
11.140,81.660,0.169,3,5872.193,247.042
11.150,81.697,0.169,3,5874.866,247.407
11.160,81.734,0.169,3,5877.539,247.772
11.170,81.771,0.169,3,5880.212,248.138
11.180,81.808,0.169,3,5882.884,248.503
11.190,81.846,0.169,3,5885.555,248.869
11.200,81.883,0.169,3,5888.225,249.235
11.210,81.920,0.169,3,5890.895,249.601
11.220,81.957,0.169,3,5893.565,249.967
11.230,81.994,0.169,3,5896.234,250.334
11.240,82.031,0.169,3,5898.902,250.701
11.250,82.068,0.169,3,5901.570,251.067
11.260,82.105,0.169,3,5904.237,251.434
11.270,82.142,0.169,3,5906.903,251.801
11.280,82.180,0.169,3,5909.569,252.169
11.290,82.217,0.169,3,5912.235,252.536
11.300,82.254,0.169,3,5914.900,252.904
11.310,82.291,0.169,3,5917.564,253.272
11.320,82.328,0.169,3,5920.227,253.640
11.330,82.365,0.169,3,5922.890,254.008
11.340,82.402,0.169,3,5925.553,254.376
11.350,82.439,0.169,3,5928.215,254.744
11.360,82.476,0.169,3,5930.876,255.113
11.370,82.513,0.169,3,5933.537,255.482
11.380,82.550,0.169,3,5936.197,255.851
11.390,82.587,0.168,3,5938.856,256.220
11.400,82.624,0.168,3,5941.515,256.589
11.410,82.661,0.168,3,5944.173,256.959
11.420,82.698,0.168,3,5946.831,257.328
11.430,82.735,0.168,3,5949.488,257.698
11.440,82.772,0.168,3,5952.145,258.068
11.450,82.809,0.168,3,5954.801,258.438
11.460,82.845,0.168,3,5957.456,258.808
11.470,82.882,0.168,3,5960.111,259.179
11.480,82.919,0.168,3,5962.765,259.549
11.490,82.956,0.168,3,5965.419,259.920
11.500,82.993,0.168,3,5968.072,260.291
11.510,83.030,0.168,3,5970.724,260.662
11.520,83.067,0.168,3,5973.376,261.033
11.530,83.104,0.168,3,5976.027,261.405
11.540,83.141,0.168,3,5978.678,261.776
11.550,83.177,0.168,3,5981.328,262.148
11.560,83.214,0.168,3,5983.978,262.520
11.570,83.251,0.168,3,5986.627,262.892
11.580,83.288,0.168,3,5989.275,263.264
11.590,83.325,0.168,3,5991.923,263.637
11.600,83.362,0.168,3,5994.570,264.009
11.610,83.398,0.168,3,5997.216,264.382
11.620,83.435,0.168,3,5999.862,264.755
11.630,83.472,0.168,3,6002.508,265.128
11.640,83.509,0.168,3,6005.152,265.501
11.650,83.545,0.168,3,6007.797,265.875
11.660,83.582,0.167,3,6010.440,266.248
11.670,83.619,0.167,3,6013.083,266.622
11.680,83.656,0.167,3,6015.726,266.996
11.690,83.692,0.167,3,6018.367,267.370
11.700,83.729,0.167,3,6021.009,267.744
11.710,83.766,0.167,3,6023.649,268.119
11.720,83.803,0.167,3,6026.289,268.493
11.730,83.839,0.167,3,6028.929,268.868
11.740,83.876,0.167,3,6031.568,269.243
11.750,83.913,0.167,3,6034.206,269.618
11.760,83.949,0.167,3,6036.844,269.993
11.770,83.986,0.167,3,6039.481,270.368
11.780,84.023,0.167,3,6042.117,270.744
11.790,84.059,0.167,3,6044.753,271.120
11.800,84.096,0.167,3,6047.388,271.495
11.810,84.133,0.167,3,6050.023,271.871
11.820,84.169,0.167,3,6052.657,272.248
11.830,84.206,0.167,3,6055.291,272.624
11.840,84.243,0.167,3,6057.924,273.001
11.850,84.279,0.167,3,6060.556,273.377
11.860,84.316,0.167,3,6063.188,273.754
11.870,84.352,0.167,3,6065.819,274.131
11.880,84.389,0.167,3,6068.449,274.508
11.890,84.426,0.167,3,6071.079,274.886
11.900,84.462,0.167,3,6073.709,275.263
11.910,84.499,0.167,3,6076.338,275.641
11.920,84.535,0.167,3,6078.966,276.019
11.930,84.572,0.166,3,6081.593,276.397
11.940,84.608,0.166,3,6084.220,276.775
11.950,84.645,0.166,3,6086.847,277.153
11.960,84.681,0.166,3,6089.473,277.531
11.970,84.718,0.166,3,6092.098,277.910
11.980,84.754,0.166,3,6094.722,278.289
11.990,84.791,0.166,3,6097.346,278.668
12.000,84.827,0.166,3,6099.970,279.047
12.010,84.864,0.166,3,6102.593,279.426
12.020,84.900,0.166,3,6105.215,279.806
12.030,84.937,0.166,3,6107.837,280.185
12.040,84.973,0.166,3,6110.458,280.565
12.050,85.010,0.166,3,6113.078,280.945
12.060,85.046,0.166,3,6115.698,281.325
12.070,85.082,0.166,3,6118.317,281.705
12.080,85.119,0.166,3,6120.936,282.086
12.090,85.155,0.166,3,6123.554,282.466
12.100,85.192,0.166,3,6126.172,282.847
12.110,85.228,0.166,3,6128.788,283.228
12.120,85.264,0.166,3,6131.405,283.609
12.130,85.301,0.166,3,6134.020,283.991
12.140,85.337,0.166,3,6136.635,284.372
12.150,85.374,0.166,3,6139.250,284.753
12.160,85.410,0.166,3,6141.864,285.135
12.170,85.446,0.166,3,6144.477,285.517
12.180,85.483,0.166,3,6147.090,285.899
12.190,85.519,0.165,3,6149.702,286.281
12.200,85.555,0.165,3,6152.313,286.664
12.210,85.591,0.165,3,6154.924,287.046
12.220,85.628,0.165,3,6157.535,287.429
12.230,85.664,0.165,3,6160.144,287.812
12.240,85.700,0.165,3,6162.754,288.195
12.250,85.737,0.165,3,6165.362,288.578
12.260,85.773,0.165,3,6167.970,288.961
12.270,85.809,0.165,3,6170.577,289.345
12.280,85.845,0.165,3,6173.184,289.729
12.290,85.882,0.165,3,6175.790,290.113
12.300,85.918,0.165,3,6178.396,290.497
12.310,85.954,0.165,3,6181.001,290.881
12.320,85.990,0.165,3,6183.605,291.265
12.330,86.027,0.165,3,6186.209,291.650
12.340,86.063,0.165,3,6188.812,292.034
12.350,86.099,0.165,3,6191.414,292.419
12.360,86.135,0.165,3,6194.016,292.804
12.370,86.171,0.165,3,6196.618,293.189
12.380,86.207,0.165,3,6199.218,293.574
12.390,86.244,0.165,3,6201.818,293.960
12.400,86.280,0.165,3,6204.418,294.345
12.410,86.316,0.165,3,6207.017,294.731
12.420,86.352,0.165,3,6209.615,295.117
12.430,86.388,0.165,3,6212.213,295.503
12.440,86.424,0.165,3,6214.810,295.890
12.450,86.460,0.165,3,6217.407,296.276
12.460,86.496,0.164,3,6220.003,296.663
12.470,86.533,0.164,3,6222.598,297.049
12.480,86.569,0.164,3,6225.193,297.436
12.490,86.605,0.164,3,6227.787,297.823
12.500,86.641,0.164,3,6230.380,298.211
12.510,86.677,0.164,3,6232.973,298.598
12.520,86.713,0.164,3,6235.566,298.986
12.530,86.749,0.164,3,6238.157,299.373
12.540,86.785,0.164,3,6240.749,299.761
12.550,86.821,0.164,3,6243.339,300.149
12.560,86.857,0.164,3,6245.929,300.537
12.570,86.893,0.164,3,6248.518,300.926
12.580,86.929,0.164,3,6251.107,301.314
12.590,86.965,0.164,3,6253.695,301.703
12.600,87.001,0.164,3,6256.283,302.092
12.610,87.037,0.164,3,6258.870,302.481
12.620,87.073,0.164,3,6261.456,302.870
12.630,87.109,0.164,3,6264.042,303.259
12.640,87.145,0.164,3,6266.627,303.649
12.650,87.181,0.164,3,6269.211,304.039
12.660,87.217,0.164,3,6271.795,304.428
12.670,87.253,0.164,3,6274.378,304.818
12.680,87.289,0.164,3,6276.961,305.208
12.690,87.324,0.164,3,6279.543,305.599
12.700,87.360,0.164,3,6282.125,305.989
12.710,87.396,0.164,3,6284.706,306.380
12.720,87.432,0.163,3,6287.286,306.771
12.730,87.468,0.163,3,6289.866,307.162
12.740,87.504,0.163,3,6292.445,307.553
12.750,87.540,0.163,3,6295.023,307.944
12.760,87.576,0.163,3,6297.601,308.335
12.770,87.611,0.163,3,6300.178,308.727
12.780,87.647,0.163,3,6302.755,309.119
12.790,87.683,0.163,3,6305.331,309.510
12.800,87.719,0.163,3,6307.907,309.903
12.810,87.755,0.163,3,6310.481,310.295
12.820,87.790,0.163,3,6313.056,310.687
12.830,87.826,0.163,3,6315.629,311.080
12.840,87.862,0.163,3,6318.202,311.472
12.850,87.898,0.163,3,6320.775,311.865
12.860,87.934,0.163,3,6323.347,312.258
12.870,87.969,0.163,3,6325.918,312.651
12.880,88.005,0.163,3,6328.488,313.045
12.890,88.041,0.163,3,6331.058,313.438
12.900,88.077,0.163,3,6333.628,313.832
12.910,88.112,0.163,3,6336.197,314.226
12.920,88.148,0.163,3,6338.765,314.620
12.930,88.184,0.163,3,6341.332,315.014
12.940,88.219,0.163,3,6343.899,315.408
12.950,88.255,0.163,3,6346.466,315.803
12.960,88.291,0.163,3,6349.032,316.197
12.970,88.326,0.163,3,6351.597,316.592
12.980,88.362,0.162,3,6354.161,316.987
12.990,88.398,0.162,3,6356.725,317.382
13.000,88.433,0.162,3,6359.289,317.777
13.010,88.469,0.162,3,6361.851,318.173
13.020,88.505,0.162,3,6364.414,318.568
13.030,88.540,0.162,3,6366.975,318.964
13.040,88.576,0.162,3,6369.536,319.360
13.050,88.612,0.162,3,6372.096,319.756
13.060,88.647,0.162,3,6374.656,320.152
13.070,88.683,0.162,3,6377.215,320.548
13.080,88.718,0.162,3,6379.774,320.945
13.090,88.754,0.162,3,6382.332,321.342
13.100,88.789,0.162,3,6384.889,321.739
13.110,88.825,0.162,3,6387.446,322.136
13.120,88.860,0.162,3,6390.002,322.533
13.130,88.896,0.162,3,6392.557,322.930
13.140,88.932,0.162,3,6395.112,323.328
13.150,88.967,0.162,3,6397.666,323.725
13.160,89.003,0.162,3,6400.220,324.123
13.170,89.038,0.162,3,6402.773,324.521
13.180,89.074,0.162,3,6405.325,324.919
13.190,89.109,0.162,3,6407.877,325.317
13.200,89.145,0.162,3,6410.428,325.716
13.210,89.180,0.162,3,6412.979,326.114
13.220,89.215,0.162,3,6415.529,326.513
13.230,89.251,0.162,3,6418.078,326.912
13.240,89.286,0.161,3,6420.627,327.311
13.250,89.322,0.161,3,6423.175,327.710
13.260,89.357,0.161,3,6425.723,328.110
13.270,89.393,0.161,3,6428.270,328.509
13.280,89.428,0.161,3,6430.816,328.909
13.290,89.463,0.161,3,6433.362,329.309
13.300,89.499,0.161,3,6435.907,329.709
13.310,89.534,0.161,3,6438.452,330.109
13.320,89.570,0.161,3,6440.996,330.509
13.330,89.605,0.161,3,6443.539,330.910
13.340,89.640,0.161,3,6446.082,331.310
13.350,89.676,0.161,3,6448.624,331.711
13.360,89.711,0.161,3,6451.165,332.112
13.370,89.746,0.161,3,6453.706,332.513
13.380,89.782,0.161,3,6456.246,332.915
13.390,89.817,0.161,3,6458.786,333.316
13.400,89.852,0.161,3,6461.325,333.718
13.410,89.888,0.161,3,6463.863,334.119
13.420,89.923,0.161,3,6466.401,334.521
13.430,89.958,0.161,3,6468.938,334.923
13.440,89.993,0.161,3,6471.475,335.326
13.450,90.029,0.161,3,6474.011,335.728
13.460,90.064,0.161,3,6476.546,336.131
13.470,90.099,0.161,3,6479.081,336.533
13.480,90.134,0.161,3,6481.615,336.936
13.490,90.170,0.161,3,6484.149,337.339
13.500,90.205,0.160,3,6486.682,337.742
13.510,90.240,0.160,3,6489.214,338.146
13.520,90.275,0.160,3,6491.746,338.549
13.530,90.311,0.160,3,6494.277,338.953
13.540,90.346,0.160,3,6496.807,339.357
13.550,90.381,0.160,3,6499.337,339.760
13.560,90.416,0.160,3,6501.866,340.165
13.570,90.451,0.160,3,6504.395,340.569
13.580,90.486,0.160,3,6506.923,340.973
13.590,90.522,0.160,3,6509.450,341.378
13.600,90.557,0.160,3,6511.977,341.783
13.610,90.592,0.160,3,6514.503,342.188
13.620,90.627,0.160,3,6517.029,342.593
13.630,90.662,0.160,3,6519.554,342.998
13.640,90.697,0.160,3,6522.078,343.403
13.650,90.732,0.160,3,6524.602,343.809
13.660,90.767,0.160,3,6527.125,344.214
13.670,90.802,0.160,3,6529.648,344.620
13.680,90.838,0.160,3,6532.170,345.026
13.690,90.873,0.160,3,6534.691,345.432
13.700,90.908,0.160,3,6537.212,345.839
13.710,90.943,0.160,3,6539.732,346.245
13.720,90.978,0.160,3,6542.251,346.652
13.730,91.013,0.160,3,6544.770,347.059
13.740,91.048,0.160,3,6547.288,347.466
13.750,91.083,0.160,3,6549.806,347.873
13.760,91.118,0.159,3,6552.323,348.280
13.770,91.153,0.159,3,6554.839,348.687
13.780,91.188,0.159,3,6557.355,349.095
13.790,91.223,0.159,3,6559.870,349.503
13.800,91.258,0.159,3,6562.385,349.910
13.810,91.293,0.159,3,6564.899,350.319
13.820,91.328,0.159,3,6567.412,350.727
13.830,91.363,0.159,3,6569.925,351.135
13.840,91.397,0.159,3,6572.437,351.544
13.850,91.432,0.159,3,6574.948,351.952
13.860,91.467,0.159,3,6577.459,352.361
13.870,91.502,0.159,3,6579.970,352.770
13.880,91.537,0.159,3,6582.479,353.179
13.890,91.572,0.159,3,6584.988,353.588
13.900,91.607,0.159,3,6587.497,353.998
13.910,91.642,0.159,3,6590.005,354.407
13.920,91.677,0.159,3,6592.512,354.817
13.930,91.711,0.159,3,6595.018,355.227
13.940,91.746,0.159,3,6597.524,355.637
13.950,91.781,-0.066,4,4714.307,356.047
13.960,91.767,-0.066,4,4713.559,356.458
13.970,91.752,-0.066,4,4712.812,356.868
13.980,91.738,-0.066,4,4712.064,357.278
13.990,91.723,-0.066,4,4711.317,357.688
14.000,91.708,-0.066,4,4710.570,358.098
14.010,91.694,-0.066,4,4709.823,358.508
14.020,91.679,-0.066,4,4709.077,358.918
14.030,91.665,-0.066,4,4708.330,359.328
14.040,91.650,-0.066,4,4707.584,359.737
14.050,91.636,-0.066,4,4706.838,360.147
14.060,91.621,-0.066,4,4706.092,360.557
14.070,91.607,-0.066,4,4705.346,360.966
14.080,91.592,-0.066,4,4704.601,361.376
14.090,91.578,-0.066,4,4703.855,361.785
14.100,91.563,-0.066,4,4703.110,362.195
14.110,91.549,-0.066,4,4702.365,362.604
14.120,91.534,-0.066,4,4701.620,363.013
14.130,91.520,-0.066,4,4700.876,363.422
14.140,91.505,-0.066,4,4700.131,363.831
14.150,91.491,0.127,4,4699.387,364.240
14.160,91.519,0.127,4,4700.817,364.649
14.170,91.546,0.127,4,4702.247,365.059
14.180,91.574,0.127,4,4703.677,365.468
14.190,91.602,0.127,4,4705.106,365.877
14.200,91.630,0.127,4,4706.535,366.287
14.210,91.658,0.127,4,4707.964,366.697
14.220,91.686,0.127,4,4709.392,367.106
14.230,91.713,0.127,4,4710.820,367.516
14.240,91.741,0.127,4,4712.248,367.926
14.250,91.769,0.127,4,4713.675,368.337
14.260,91.797,0.127,4,4715.102,368.747
14.270,91.824,0.127,4,4716.528,369.157
14.280,91.852,0.126,4,4717.954,369.568
14.290,91.880,0.126,4,4719.380,369.979
14.300,91.908,0.126,4,4720.805,370.389
14.310,91.935,0.126,4,4722.231,370.800
14.320,91.963,0.126,4,4723.655,371.211
14.330,91.991,0.126,4,4725.080,371.622
14.340,92.019,0.126,4,4726.504,372.034
14.350,92.046,0.126,4,4727.927,372.445
14.360,92.074,0.126,4,4729.351,372.857
14.370,92.102,0.126,4,4730.774,373.268
14.380,92.129,0.126,4,4732.196,373.680
14.390,92.157,0.126,4,4733.619,374.092
14.400,92.185,0.126,4,4735.041,374.504
14.410,92.213,0.126,4,4736.462,374.916
14.420,92.240,0.126,4,4737.883,375.329
14.430,92.268,0.126,4,4739.304,375.741
14.440,92.296,0.126,4,4740.725,376.154
14.450,92.323,0.126,4,4742.145,376.566
14.460,92.351,0.126,4,4743.565,376.979
14.470,92.378,0.126,4,4744.984,377.392
14.480,92.406,0.126,4,4746.404,377.805
14.490,92.434,0.126,4,4747.822,378.218
14.500,92.461,0.126,4,4749.241,378.631
14.510,92.489,0.126,4,4750.659,379.045
14.520,92.517,0.126,4,4752.077,379.458
14.530,92.544,0.126,4,4753.494,379.872
14.540,92.572,0.126,4,4754.911,380.286
14.550,92.599,0.126,4,4756.328,380.700
14.560,92.627,0.126,4,4757.744,381.114
14.570,92.654,0.126,4,4759.160,381.528
14.580,92.682,0.126,4,4760.576,381.942
14.590,92.710,0.126,4,4761.991,382.356
14.600,92.737,0.125,4,4763.406,382.771
14.610,92.765,0.125,4,4764.820,383.186
14.620,92.792,0.125,4,4766.235,383.600
14.630,92.820,0.125,4,4767.648,384.015
14.640,92.847,0.125,4,4769.062,384.430
14.650,92.875,0.125,4,4770.475,384.845
14.660,92.902,0.125,4,4771.888,385.261
14.670,92.930,0.125,4,4773.300,385.676
14.680,92.957,0.125,4,4774.713,386.091
14.690,92.985,0.125,4,4776.124,386.507
14.700,93.012,0.125,4,4777.536,386.923
14.710,93.040,0.125,4,4778.947,387.339
14.720,93.067,0.125,4,4780.357,387.755
14.730,93.095,0.125,4,4781.768,388.171
14.740,93.122,0.125,4,4783.178,388.587
14.750,93.149,0.125,4,4784.587,389.003
14.760,93.177,0.125,4,4785.997,389.420
14.770,93.204,0.125,4,4787.406,389.836
14.780,93.232,0.125,4,4788.814,390.253
14.790,93.259,0.125,4,4790.223,390.670
14.800,93.287,0.125,4,4791.631,391.087
14.810,93.314,0.125,4,4793.038,391.504
14.820,93.341,0.125,4,4794.445,391.921
14.830,93.369,0.125,4,4795.852,392.339
14.840,93.396,0.125,4,4797.259,392.756
14.850,93.424,0.125,4,4798.665,393.174
14.860,93.451,0.125,4,4800.071,393.591
14.870,93.478,0.125,4,4801.476,394.009
14.880,93.506,0.125,4,4802.881,394.427
14.890,93.533,0.125,4,4804.286,394.845
14.900,93.560,0.125,4,4805.690,395.263
14.910,93.588,0.125,4,4807.094,395.682
14.920,93.615,0.125,4,4808.498,396.100
14.930,93.642,0.124,4,4809.901,396.519
14.940,93.670,0.124,4,4811.304,396.937
14.950,93.697,0.124,4,4812.707,397.356
14.960,93.724,0.124,4,4814.109,397.775
14.970,93.751,0.124,4,4815.511,398.194
14.980,93.779,0.124,4,4816.913,398.613
14.990,93.806,0.124,4,4818.314,399.033
15.000,93.833,0.124,4,4819.715,399.452
15.010,93.861,0.124,4,4821.115,399.871
15.020,93.888,0.124,4,4822.515,400.291
15.030,93.915,0.124,4,4823.915,400.711
15.040,93.942,0.124,4,4825.315,401.131
15.050,93.970,0.124,4,4826.714,401.551
15.060,93.997,0.124,4,4828.113,401.971
15.070,94.024,0.124,4,4829.511,402.391
15.080,94.051,0.124,4,4830.909,402.812
15.090,94.078,0.124,4,4832.307,403.232
15.100,94.106,0.124,4,4833.704,403.653
15.110,94.133,0.124,4,4835.101,404.074
15.120,94.160,0.124,4,4836.498,404.494
15.130,94.187,0.124,4,4837.894,404.915
15.140,94.214,0.124,4,4839.290,405.336
15.150,94.242,0.124,4,4840.686,405.758
15.160,94.269,0.124,4,4842.081,406.179
15.170,94.296,0.124,4,4843.476,406.601
15.180,94.323,0.124,4,4844.870,407.022
15.190,94.350,0.124,4,4846.265,407.444
15.200,94.377,0.124,4,4847.658,407.866
15.210,94.404,0.124,4,4849.052,408.288
15.220,94.432,0.124,4,4850.445,408.710
15.230,94.459,0.124,4,4851.838,409.132
15.240,94.486,0.124,4,4853.230,409.554
15.250,94.513,0.123,4,4854.622,409.977
15.260,94.540,0.123,4,4856.014,410.399
15.270,94.567,0.123,4,4857.405,410.822
15.280,94.594,0.123,4,4858.797,411.245
15.290,94.621,0.123,4,4860.187,411.668
15.300,94.648,0.123,4,4861.578,412.091
15.310,94.675,0.123,4,4862.967,412.514
15.320,94.702,0.123,4,4864.357,412.937
15.330,94.730,0.123,4,4865.746,413.361
15.340,94.757,0.123,4,4867.135,413.784
15.350,94.784,0.123,4,4868.524,414.208
15.360,94.811,0.123,4,4869.912,414.632
15.370,94.838,0.123,4,4871.300,415.056
15.380,94.865,0.123,4,4872.687,415.480
15.390,94.892,0.123,4,4874.075,415.904
15.400,94.919,0.123,4,4875.461,416.328
15.410,94.946,0.123,4,4876.848,416.752
15.420,94.973,0.123,4,4878.234,417.177
15.430,95.000,0.123,4,4879.620,417.602
15.440,95.027,0.123,4,4881.005,418.026
15.450,95.054,0.123,4,4882.390,418.451
15.460,95.080,0.123,4,4883.775,418.876
15.470,95.107,0.123,4,4885.159,419.301
15.480,95.134,0.123,4,4886.543,419.726
15.490,95.161,0.123,4,4887.927,420.152
15.500,95.188,0.123,4,4889.310,420.577
15.510,95.215,0.123,4,4890.693,421.003
15.520,95.242,0.123,4,4892.076,421.429
15.530,95.269,0.123,4,4893.458,421.854
15.540,95.296,0.123,4,4894.840,422.280
15.550,95.323,0.123,4,4896.221,422.706
15.560,95.350,0.123,4,4897.602,423.133
15.570,95.377,0.122,4,4898.983,423.559
15.580,95.403,0.122,4,4900.364,423.985
15.590,95.430,0.122,4,4901.744,424.412
15.600,95.457,0.122,4,4903.124,424.839
15.610,95.484,0.122,4,4904.503,425.265
15.620,95.511,0.122,4,4905.882,425.692
15.630,95.538,0.122,4,4907.261,426.119
15.640,95.565,0.122,4,4908.639,426.546
15.650,95.591,0.122,4,4910.017,426.974
15.660,95.618,0.122,4,4911.395,427.401
15.670,95.645,0.122,4,4912.772,427.829
15.680,95.672,0.122,4,4914.149,428.256
15.690,95.699,0.122,4,4915.526,428.684
15.700,95.725,0.122,4,4916.902,429.112
15.710,95.752,0.122,4,4918.278,429.540
15.720,95.779,0.122,4,4919.653,429.968
15.730,95.806,0.122,4,4921.028,430.396
15.740,95.833,0.122,4,4922.403,430.825
15.750,95.859,0.122,4,4923.778,431.253
15.760,95.886,0.122,4,4925.152,431.682
15.770,95.913,0.122,4,4926.526,432.110
15.780,95.940,0.122,4,4927.899,432.539
15.790,95.966,0.122,4,4929.272,432.968
15.800,95.993,0.122,4,4930.645,433.397
15.810,96.020,0.122,4,4932.017,433.826
15.820,96.046,0.122,4,4933.389,434.256
15.830,96.073,0.122,4,4934.761,434.685
15.840,96.100,0.122,4,4936.132,435.115
15.850,96.127,0.122,4,4937.503,435.544
15.860,96.153,0.122,4,4938.874,435.974
15.870,96.180,0.122,4,4940.244,436.404
15.880,96.207,0.122,4,4941.614,436.834
15.890,96.233,0.121,4,4942.983,437.264
15.900,96.260,0.121,4,4944.353,437.694
15.910,96.287,0.121,4,4945.721,438.125
15.920,96.313,0.121,4,4947.090,438.555
15.930,96.340,0.121,4,4948.458,438.986
15.940,96.366,0.121,4,4949.826,439.417
15.950,96.393,0.121,4,4951.193,439.848
15.960,96.420,0.121,4,4952.560,440.278
15.970,96.446,0.121,4,4953.927,440.710
15.980,96.473,0.121,4,4955.293,441.141
15.990,96.499,0.121,4,4956.659,441.572
16.000,96.526,0.121,4,4958.025,442.004
16.010,96.553,0.121,4,4959.390,442.435
16.020,96.579,0.121,4,4960.755,442.867
16.030,96.606,0.121,4,4962.120,443.299
16.040,96.632,0.121,4,4963.484,443.731
16.050,96.659,0.121,4,4964.848,444.163
16.060,96.685,0.121,4,4966.212,444.595
16.070,96.712,0.121,4,4967.575,445.027
16.080,96.739,0.121,4,4968.938,445.459
16.090,96.765,0.121,4,4970.300,445.892
16.100,96.792,0.121,4,4971.662,446.325
16.110,96.818,0.121,4,4973.024,446.757
16.120,96.845,0.121,4,4974.386,447.190
16.130,96.871,0.121,4,4975.747,447.623
16.140,96.898,0.121,4,4977.107,448.056
16.150,96.924,0.121,4,4978.468,448.490
16.160,96.951,0.121,4,4979.828,448.923
16.170,96.977,0.121,4,4981.187,449.356
16.180,97.003,0.121,4,4982.547,449.790
16.190,97.030,0.121,4,4983.906,450.224
16.200,97.056,0.121,4,4985.264,450.657
16.210,97.083,0.120,4,4986.623,451.091
16.220,97.109,0.120,4,4987.980,451.525
16.230,97.136,0.120,4,4989.338,451.960
16.240,97.162,0.120,4,4990.695,452.394
16.250,97.189,0.120,4,4992.052,452.828
16.260,97.215,0.120,4,4993.409,453.263
16.270,97.241,0.120,4,4994.765,453.698
16.280,97.268,0.120,4,4996.121,454.132
16.290,97.294,0.120,4,4997.476,454.567
16.300,97.320,0.120,4,4998.831,455.002
16.310,97.347,0.120,4,5000.186,455.437
16.320,97.373,0.120,4,5001.540,455.873
16.330,97.400,0.120,4,5002.894,456.308
16.340,97.426,0.120,4,5004.248,456.743
16.350,97.452,0.120,4,5005.601,457.179
16.360,97.479,0.120,4,5006.954,457.615
16.370,97.505,0.120,4,5008.307,458.050
16.380,97.531,0.120,4,5009.659,458.486
16.390,97.558,0.120,4,5011.011,458.923
16.400,97.584,0.120,4,5012.363,459.359
16.410,97.610,0.120,4,5013.714,459.795
16.420,97.637,0.120,4,5015.065,460.231
16.430,97.663,0.120,4,5016.415,460.668
16.440,97.689,0.120,4,5017.765,461.105
16.450,97.715,0.120,4,5019.115,461.541
16.460,97.742,0.120,4,5020.464,461.978
16.470,97.768,0.120,4,5021.814,462.415
16.480,97.794,0.120,4,5023.162,462.852
16.490,97.820,0.120,4,5024.511,463.290
16.500,97.847,0.120,4,5025.859,463.727
16.510,97.873,0.120,4,5027.206,464.164
16.520,97.899,0.120,4,5028.554,464.602
16.530,97.925,0.119,4,5029.901,465.040
16.540,97.952,0.119,4,5031.247,465.478
16.550,97.978,0.119,4,5032.594,465.915
16.560,98.004,0.119,4,5033.939,466.354
16.570,98.030,0.119,4,5035.285,466.792
16.580,98.056,0.119,4,5036.630,467.230
16.590,98.083,0.119,4,5037.975,467.668
16.600,98.109,0.119,4,5039.320,468.107
16.610,98.135,0.119,4,5040.664,468.546
16.620,98.161,0.119,4,5042.008,468.984
16.630,98.187,0.119,4,5043.351,469.423
16.640,98.213,0.119,4,5044.694,469.862
16.650,98.240,0.119,4,5046.037,470.301
16.660,98.266,0.119,4,5047.379,470.741
16.670,98.292,0.119,4,5048.721,471.180
16.680,98.318,0.119,4,5050.063,471.619
16.690,98.344,0.119,4,5051.404,472.059
16.700,98.370,0.119,4,5052.745,472.499
16.710,98.396,0.119,4,5054.086,472.938
16.720,98.422,0.119,4,5055.426,473.378
16.730,98.448,0.119,4,5056.766,473.818
16.740,98.474,0.119,4,5058.106,474.259
16.750,98.501,0.119,4,5059.445,474.699
16.760,98.527,0.119,4,5060.784,475.139
16.770,98.553,0.119,4,5062.122,475.580
16.780,98.579,0.119,4,5063.460,476.020
16.790,98.605,0.119,4,5064.798,476.461
16.800,98.631,0.119,4,5066.136,476.902
16.810,98.657,0.119,4,5067.473,477.343
16.820,98.683,0.119,4,5068.809,477.784
16.830,98.709,0.119,4,5070.146,478.225
16.840,98.735,0.118,4,5071.482,478.667
16.850,98.761,0.118,4,5072.818,479.108
16.860,98.787,0.118,4,5074.153,479.550
16.870,98.813,0.118,4,5075.488,479.991
16.880,98.839,0.118,4,5076.823,480.433
16.890,98.865,0.118,4,5078.157,480.875
16.900,98.891,0.118,4,5079.491,481.317
16.910,98.917,0.118,4,5080.824,481.759
16.920,98.943,0.118,4,5082.157,482.201
16.930,98.969,0.118,4,5083.490,482.644
16.940,98.995,0.118,4,5084.823,483.086
16.950,99.021,0.118,4,5086.155,483.529
16.960,99.046,0.118,4,5087.487,483.972
16.970,99.072,0.118,4,5088.818,484.414
16.980,99.098,0.118,4,5090.149,484.857
16.990,99.124,0.118,4,5091.480,485.300
17.000,99.150,0.118,4,5092.811,485.744
17.010,99.176,0.118,4,5094.141,486.187
17.020,99.202,0.118,4,5095.470,486.630
17.030,99.228,0.118,4,5096.800,487.074
17.040,99.254,0.118,4,5098.129,487.517
17.050,99.280,0.118,4,5099.457,487.961
17.060,99.305,0.118,4,5100.785,488.405
17.070,99.331,0.118,4,5102.113,488.849
17.080,99.357,0.118,4,5103.441,489.293
17.090,99.383,0.118,4,5104.768,489.737
17.100,99.409,0.118,4,5106.095,490.182
17.110,99.435,0.118,4,5107.422,490.626
17.120,99.460,0.118,4,5108.748,491.071
17.130,99.486,0.118,4,5110.074,491.515
17.140,99.512,0.118,4,5111.399,491.960
17.150,99.538,0.118,4,5112.724,492.405
17.160,99.564,0.117,4,5114.049,492.850
17.170,99.589,0.117,4,5115.373,493.295
17.180,99.615,0.117,4,5116.697,493.741
17.190,99.641,0.117,4,5118.021,494.186
17.200,99.667,0.117,4,5119.344,494.632
17.210,99.692,0.117,4,5120.667,495.077
17.220,99.718,0.117,4,5121.990,495.523
17.230,99.744,0.117,4,5123.312,495.969
17.240,99.770,0.117,4,5124.634,496.415
17.250,99.795,0.117,4,5125.956,496.861
17.260,99.821,0.117,4,5127.277,497.307
17.270,99.847,0.117,4,5128.598,497.753
17.280,99.873,0.117,4,5129.918,498.200
17.290,99.898,0.117,4,5131.238,498.646
17.300,99.924,0.117,4,5132.558,499.093
17.310,99.950,0.117,4,5133.878,499.540
17.320,99.975,0.117,4,5135.197,499.986
17.330,100.001,0.117,4,5136.516,500.433
17.340,100.027,0.117,4,5137.834,500.880
17.350,100.052,0.117,4,5139.152,501.328
17.360,100.078,0.117,4,5140.470,501.775
17.370,100.104,0.117,4,5141.787,502.222
17.380,100.129,0.117,4,5143.104,502.670
17.390,100.155,0.117,4,5144.421,503.118
17.400,100.181,0.117,4,5145.737,503.565
17.410,100.206,0.117,4,5147.053,504.013
17.420,100.232,0.117,4,5148.369,504.461
17.430,100.257,0.117,4,5149.684,504.910
17.440,100.283,0.117,4,5150.999,505.358
17.450,100.309,0.117,4,5152.313,505.806
17.460,100.334,0.117,4,5153.627,506.255
17.470,100.360,0.117,4,5154.941,506.703
17.480,100.385,0.116,4,5156.255,507.152
17.490,100.411,0.116,4,5157.568,507.601
17.500,100.436,0.116,4,5158.880,508.050
17.510,100.462,0.116,4,5160.193,508.499
17.520,100.488,0.116,4,5161.505,508.948
17.530,100.513,0.116,4,5162.817,509.397
17.540,100.539,0.116,4,5164.128,509.847
17.550,100.564,0.116,4,5165.439,510.296
17.560,100.590,0.116,4,5166.750,510.746
17.570,100.615,0.116,4,5168.060,511.195
17.580,100.641,0.116,4,5169.370,511.645
17.590,100.666,0.116,4,5170.679,512.095
17.600,100.692,0.116,4,5171.989,512.545
17.610,100.717,0.116,4,5173.298,512.995
17.620,100.743,0.116,4,5174.606,513.446
17.630,100.768,0.116,4,5175.914,513.896
17.640,100.794,0.116,4,5177.222,514.347
17.650,100.819,0.116,4,5178.530,514.797
17.660,100.844,0.116,4,5179.837,515.248
17.670,100.870,0.116,4,5181.143,515.699
17.680,100.895,0.116,4,5182.450,516.150
17.690,100.921,0.116,4,5183.756,516.601
17.700,100.946,0.116,4,5185.062,517.052
17.710,100.972,0.116,4,5186.367,517.504
17.720,100.997,0.116,4,5187.672,517.955
17.730,101.022,0.116,4,5188.977,518.407
17.740,101.048,0.116,4,5190.281,518.858
17.750,101.073,0.116,4,5191.585,519.310
17.760,101.099,0.116,4,5192.888,519.762
17.770,101.124,0.116,4,5194.192,520.214
17.780,101.149,0.116,4,5195.495,520.666
17.790,101.175,0.116,4,5196.797,521.118
17.800,101.200,0.115,4,5198.099,521.571
17.810,101.225,0.115,4,5199.401,522.023
17.820,101.251,0.115,4,5200.703,522.476
17.830,101.276,0.115,4,5202.004,522.928
17.840,101.301,0.115,4,5203.304,523.381
17.850,101.327,0.115,4,5204.605,523.834
17.860,101.352,0.115,4,5205.905,524.287
17.870,101.377,0.115,4,5207.205,524.740
17.880,101.403,0.115,4,5208.504,525.194
17.890,101.428,0.115,4,5209.803,525.647
17.900,101.453,0.115,4,5211.102,526.100
17.910,101.478,0.115,4,5212.400,526.554
17.920,101.504,0.115,4,5213.698,527.008
17.930,101.529,0.115,4,5214.996,527.461
17.940,101.554,0.115,4,5216.293,527.915
17.950,101.579,0.115,4,5217.590,528.369
17.960,101.605,0.115,4,5218.886,528.824
17.970,101.630,0.115,4,5220.182,529.278
17.980,101.655,0.115,4,5221.478,529.732
17.990,101.680,0.115,4,5222.774,530.187
18.000,101.706,0.115,4,5224.069,530.641
18.010,101.731,0.115,4,5225.364,531.096
18.020,101.756,0.115,4,5226.658,531.551
18.030,101.781,0.115,4,5227.952,532.006
18.040,101.806,0.115,4,5229.246,532.461
18.050,101.832,0.115,4,5230.539,532.916
18.060,101.857,0.115,4,5231.832,533.371
18.070,101.882,0.115,4,5233.125,533.827
18.080,101.907,0.115,4,5234.417,534.282
18.090,101.932,0.115,4,5235.709,534.738
18.100,101.957,0.115,4,5237.001,535.194
18.110,101.982,0.115,4,5238.292,535.649
18.120,102.008,0.114,4,5239.583,536.105
18.130,102.033,0.114,4,5240.874,536.561
18.140,102.058,0.114,4,5242.164,537.018
18.150,102.083,0.114,4,5243.454,537.474
18.160,102.108,0.114,4,5244.743,537.930
18.170,102.133,0.114,4,5246.032,538.387
18.180,102.158,0.114,4,5247.321,538.844
18.190,102.183,0.114,4,5248.610,539.300
18.200,102.208,0.114,4,5249.898,539.757
18.210,102.233,0.114,4,5251.185,540.214
18.220,102.259,0.114,4,5252.473,540.671
18.230,102.284,0.114,4,5253.760,541.128
18.240,102.309,0.114,4,5255.046,541.586
18.250,102.334,0.114,4,5256.333,542.043
18.260,102.359,0.114,4,5257.619,542.501
18.270,102.384,0.114,4,5258.904,542.958
18.280,102.409,0.114,4,5260.190,543.416
18.290,102.434,0.114,4,5261.475,543.874
18.300,102.459,0.114,4,5262.759,544.332
18.310,102.484,0.114,4,5264.043,544.790
18.320,102.509,0.114,4,5265.327,545.248
18.330,102.534,0.114,4,5266.611,545.706
18.340,102.559,0.114,4,5267.894,546.165
18.350,102.584,0.114,4,5269.177,546.623
18.360,102.609,0.114,4,5270.459,547.082
18.370,102.634,0.114,4,5271.741,547.541
18.380,102.659,0.114,4,5273.023,548.000
18.390,102.684,0.114,4,5274.304,548.459
18.400,102.709,0.114,4,5275.586,548.918
18.410,102.733,0.114,4,5276.866,549.377
18.420,102.758,0.114,4,5278.147,549.836
18.430,102.783,0.114,4,5279.427,550.296
18.440,102.808,0.113,4,5280.706,550.755
18.450,102.833,0.113,4,5281.985,551.215
18.460,102.858,0.113,4,5283.264,551.675
18.470,102.883,0.113,4,5284.543,552.134
18.480,102.908,0.113,4,5285.821,552.594
18.490,102.933,0.113,4,5287.099,553.055
18.500,102.958,0.113,4,5288.377,553.515
18.510,102.982,0.113,4,5289.654,553.975
18.520,103.007,0.113,4,5290.931,554.436
18.530,103.032,0.113,4,5292.207,554.896
18.540,103.057,0.113,4,5293.483,555.357
18.550,103.082,0.113,4,5294.759,555.817
18.560,103.107,0.113,4,5296.034,556.278
18.570,103.131,0.113,4,5297.310,556.739
18.580,103.156,0.113,4,5298.584,557.200
18.590,103.181,0.113,4,5299.859,557.662
18.600,103.206,0.113,4,5301.133,558.123
18.610,103.231,0.113,4,5302.406,558.584
18.620,103.255,0.113,4,5303.680,559.046
18.630,103.280,0.113,4,5304.953,559.508
18.640,103.305,0.113,4,5306.225,559.969
18.650,103.330,0.113,4,5307.497,560.431
18.660,103.355,0.113,4,5308.769,560.893
18.670,103.379,0.113,4,5310.041,561.355
18.680,103.404,0.113,4,5311.312,561.817
18.690,103.429,0.113,4,5312.583,562.280
18.700,103.454,0.113,4,5313.853,562.742
18.710,103.478,0.113,4,5315.124,563.205
18.720,103.503,0.113,4,5316.393,563.667
18.730,103.528,0.113,4,5317.663,564.130
18.740,103.552,0.113,4,5318.932,564.593
18.750,103.577,0.113,4,5320.201,565.056
18.760,103.602,0.112,4,5321.469,565.519
18.770,103.627,0.112,4,5322.737,565.982
18.780,103.651,0.112,4,5324.005,566.446
18.790,103.676,0.112,4,5325.272,566.909
18.800,103.701,0.112,4,5326.539,567.372
18.810,103.725,0.112,4,5327.806,567.836
18.820,103.750,0.112,4,5329.072,568.300
18.830,103.774,0.112,4,5330.338,568.764
18.840,103.799,0.112,4,5331.604,569.228
18.850,103.824,0.112,4,5332.869,569.692
18.860,103.848,0.112,4,5334.134,570.156
18.870,103.873,0.112,4,5335.398,570.620
18.880,103.898,0.112,4,5336.662,571.085
18.890,103.922,0.112,4,5337.926,571.549
18.900,103.947,0.112,4,5339.190,572.014
18.910,103.971,0.112,4,5340.453,572.479
18.920,103.996,0.112,4,5341.716,572.943
18.930,104.021,0.112,4,5342.978,573.408
18.940,104.045,0.112,4,5344.240,573.873
18.950,104.070,0.112,4,5345.502,574.339
18.960,104.094,0.112,4,5346.763,574.804
18.970,104.119,0.112,4,5348.024,575.269
18.980,104.143,0.112,4,5349.285,575.735
18.990,104.168,0.112,4,5350.545,576.200
19.000,104.192,0.112,4,5351.805,576.666
19.010,104.217,0.112,4,5353.065,577.132
19.020,104.241,0.112,4,5354.324,577.598
19.030,104.266,0.112,4,5355.583,578.064
19.040,104.290,0.112,4,5356.841,578.530
19.050,104.315,0.112,4,5358.100,578.996
19.060,104.339,0.112,4,5359.357,579.463
19.070,104.364,0.112,4,5360.615,579.929
19.080,104.388,0.112,4,5361.872,580.396
19.090,104.413,0.111,4,5363.129,580.863
19.100,104.437,0.111,4,5364.385,581.329
19.110,104.462,0.111,4,5365.641,581.796
19.120,104.486,0.111,4,5366.897,582.263
19.130,104.511,0.111,4,5368.153,582.731
19.140,104.535,0.111,4,5369.408,583.198
19.150,104.560,0.111,4,5370.662,583.665
19.160,104.584,0.111,4,5371.917,584.133
19.170,104.608,0.111,4,5373.171,584.600
19.180,104.633,0.111,4,5374.424,585.068
19.190,104.657,0.111,4,5375.678,585.536
19.200,104.682,0.111,4,5376.931,586.004
19.210,104.706,0.111,4,5378.183,586.472
19.220,104.730,0.111,4,5379.435,586.940
19.230,104.755,0.111,4,5380.687,587.408
19.240,104.779,0.111,4,5381.939,587.876
19.250,104.803,0.111,4,5383.190,588.345
19.260,104.828,0.111,4,5384.441,588.813
19.270,104.852,0.111,4,5385.691,589.282
19.280,104.876,0.111,4,5386.941,589.751
19.290,104.901,0.111,4,5388.191,590.220
19.300,104.925,0.111,4,5389.441,590.689
19.310,104.949,0.111,4,5390.690,591.158
19.320,104.974,0.111,4,5391.938,591.627
19.330,104.998,0.111,4,5393.187,592.096
19.340,105.022,0.111,4,5394.435,592.566
19.350,105.047,0.111,4,5395.683,593.035
19.360,105.071,0.111,4,5396.930,593.505
19.370,105.095,0.111,4,5398.177,593.975
19.380,105.119,0.111,4,5399.424,594.445
19.390,105.144,0.111,4,5400.670,594.915
19.400,105.168,0.111,4,5401.916,595.385
19.410,105.192,0.110,4,5403.161,595.855
19.420,105.216,0.110,4,5404.407,596.325
19.430,105.241,0.110,4,5405.651,596.796
19.440,105.265,0.110,4,5406.896,597.266
19.450,105.289,0.110,4,5408.140,597.737
19.460,105.313,0.110,4,5409.384,598.208
19.470,105.338,0.110,4,5410.627,598.678
19.480,105.362,0.110,4,5411.871,599.149
19.490,105.386,0.110,4,5413.113,599.620
19.500,105.410,0.110,4,5414.356,600.092
19.510,105.434,0.110,4,5415.598,600.563
19.520,105.459,0.110,4,5416.840,601.034
19.530,105.483,0.110,4,5418.081,601.506
19.540,105.507,0.110,4,5419.322,601.977
19.550,105.531,0.110,4,5420.563,602.449
19.560,105.555,0.110,4,5421.803,602.921
19.570,105.579,0.110,4,5423.043,603.393
19.580,105.603,0.110,4,5424.283,603.865
19.590,105.628,0.110,4,5425.522,604.337
19.600,105.652,0.110,4,5426.761,604.809
19.610,105.676,0.110,4,5427.999,605.282
19.620,105.700,0.110,4,5429.238,605.754
19.630,105.724,0.110,4,5430.475,606.227
19.640,105.748,0.110,4,5431.713,606.699
19.650,105.772,0.110,4,5432.950,607.172
19.660,105.796,0.110,4,5434.187,607.645
19.670,105.820,0.110,4,5435.423,608.118
19.680,105.844,0.110,4,5436.660,608.591
19.690,105.868,0.110,4,5437.895,609.064
19.700,105.893,0.110,4,5439.131,609.538
19.710,105.917,0.110,4,5440.366,610.011
19.720,105.941,0.110,4,5441.601,610.485
19.730,105.965,0.109,4,5442.835,610.958
19.740,105.989,0.109,4,5444.069,611.432
19.750,106.013,0.109,4,5445.303,611.906
19.760,106.037,0.109,4,5446.536,612.380
19.770,106.061,0.109,4,5447.769,612.854
19.780,106.085,0.109,4,5449.002,613.328
19.790,106.109,0.109,4,5450.234,613.802
19.800,106.133,0.109,4,5451.466,614.277
19.810,106.157,0.109,4,5452.697,614.751
19.820,106.181,0.109,4,5453.929,615.226
19.830,106.205,0.109,4,5455.159,615.701
19.840,106.229,0.109,4,5456.390,616.176
19.850,106.252,0.109,4,5457.620,616.650
19.860,106.276,0.109,4,5458.850,617.126
19.870,106.300,0.109,4,5460.079,617.601
19.880,106.324,0.109,4,5461.309,618.076
19.890,106.348,0.109,4,5462.537,618.551
19.900,106.372,0.109,4,5463.766,619.027
19.910,106.396,0.109,4,5464.994,619.502
19.920,106.420,0.109,4,5466.222,619.978
19.930,106.444,0.109,4,5467.449,620.454
19.940,106.468,0.109,4,5468.676,620.930
19.950,106.492,0.109,4,5469.903,621.406
19.960,106.515,0.109,4,5471.129,621.882
19.970,106.539,0.109,4,5472.355,622.358
19.980,106.563,0.109,4,5473.581,622.834
19.990,106.587,0.109,4,5474.806,623.311
20.000,106.611,0.109,4,5476.031,623.787
20.010,106.635,0.109,4,5477.255,624.264
20.020,106.659,0.109,4,5478.480,624.741
20.030,106.682,0.109,4,5479.704,625.218
20.040,106.706,0.109,4,5480.927,625.695
20.050,106.730,0.108,4,5482.150,626.172
20.060,106.754,0.108,4,5483.373,626.649
20.070,106.778,0.108,4,5484.596,627.126
20.080,106.801,0.108,4,5485.818,627.604
20.090,106.825,0.108,4,5487.040,628.081
20.100,106.849,0.108,4,5488.261,628.559
20.110,106.873,0.108,4,5489.482,629.036
20.120,106.897,0.108,4,5490.703,629.514
20.130,106.920,0.108,4,5491.923,629.992
20.140,106.944,0.108,4,5493.143,630.470
20.150,106.968,0.108,4,5494.363,630.948
20.160,106.992,0.108,4,5495.582,631.426
20.170,107.015,0.108,4,5496.801,631.905
20.180,107.039,0.108,4,5498.020,632.383
20.190,107.063,0.108,4,5499.238,632.862
20.200,107.086,0.108,4,5500.456,633.340
20.210,107.110,0.108,4,5501.674,633.819
20.220,107.134,0.108,4,5502.891,634.298
20.230,107.158,0.108,4,5504.108,634.777
20.240,107.181,0.108,4,5505.325,635.256
20.250,107.205,0.108,4,5506.541,635.735
20.260,107.229,0.108,4,5507.757,636.215
20.270,107.252,0.108,4,5508.972,636.694
20.280,107.276,0.108,4,5510.187,637.174
20.290,107.300,0.108,4,5511.402,637.653
20.300,107.323,0.108,4,5512.617,638.133
20.310,107.347,0.108,4,5513.831,638.613
20.320,107.370,0.108,4,5515.045,639.093
20.330,107.394,0.108,4,5516.258,639.573
20.340,107.418,0.108,4,5517.471,640.053
20.350,107.441,0.108,4,5518.684,640.533
20.360,107.465,0.108,4,5519.896,641.014
20.370,107.489,0.107,4,5521.108,641.494
20.380,107.512,0.107,4,5522.320,641.975
20.390,107.536,0.107,4,5523.531,642.455
20.400,107.559,0.107,4,5524.742,642.936
20.410,107.583,0.107,4,5525.953,643.417
20.420,107.606,0.107,4,5527.163,643.898
20.430,107.630,0.107,4,5528.373,644.379
20.440,107.654,0.107,4,5529.583,644.860
20.450,107.677,0.107,4,5530.792,645.341
20.460,107.701,0.107,4,5532.001,645.823
20.470,107.724,0.107,4,5533.209,646.304
20.480,107.748,0.107,4,5534.417,646.786
20.490,107.771,0.107,4,5535.625,647.268
20.500,107.795,0.107,4,5536.833,647.750
20.510,107.818,0.107,4,5538.040,648.232
20.520,107.842,0.107,4,5539.247,648.714
20.530,107.865,0.107,4,5540.453,649.196
20.540,107.889,0.107,4,5541.659,649.678
20.550,107.912,0.107,4,5542.865,650.160
20.560,107.936,0.107,4,5544.071,650.643
20.570,107.959,0.107,4,5545.276,651.125
20.580,107.982,0.107,4,5546.480,651.608
20.590,108.006,0.107,4,5547.685,652.091
20.600,108.029,0.107,4,5548.889,652.574
20.610,108.053,0.107,4,5550.092,653.057
20.620,108.076,0.107,4,5551.296,653.540
20.630,108.100,0.107,4,5552.499,654.023
20.640,108.123,0.107,4,5553.701,654.506
20.650,108.146,0.107,4,5554.904,654.990
20.660,108.170,0.107,4,5556.106,655.473
20.670,108.193,0.107,4,5557.307,655.957
20.680,108.217,0.107,4,5558.508,656.441
20.690,108.240,0.107,4,5559.709,656.924
20.700,108.263,0.106,4,5560.910,657.408
20.710,108.287,0.106,4,5562.110,657.892
20.720,108.310,0.106,4,5563.310,658.376
20.730,108.333,0.106,4,5564.509,658.861
20.740,108.357,0.106,4,5565.708,659.345
20.750,108.380,0.106,4,5566.907,659.829
20.760,108.403,0.106,4,5568.106,660.314
20.770,108.427,0.106,4,5569.304,660.799
20.780,108.450,0.106,4,5570.502,661.283
20.790,108.473,0.106,4,5571.699,661.768
20.800,108.497,0.106,4,5572.896,662.253
20.810,108.520,0.106,4,5574.093,662.738
20.820,108.543,0.106,4,5575.289,663.224
20.830,108.567,0.106,4,5576.485,663.709
20.840,108.590,0.106,4,5577.681,664.194
20.850,108.613,0.106,4,5578.876,664.680
20.860,108.636,0.106,4,5580.071,665.165
20.870,108.660,0.106,4,5581.266,665.651
20.880,108.683,0.106,4,5582.460,666.137
20.890,108.706,0.106,4,5583.654,666.623
20.900,108.729,0.106,4,5584.848,667.109
20.910,108.753,0.106,4,5586.041,667.595
20.920,108.776,0.106,4,5587.234,668.081
20.930,108.799,0.106,4,5588.426,668.567
20.940,108.822,0.106,4,5589.619,669.054
20.950,108.846,0.106,4,5590.810,669.540
20.960,108.869,0.106,4,5592.002,670.027
20.970,108.892,0.106,4,5593.193,670.514
20.980,108.915,0.106,4,5594.384,671.001
20.990,108.938,0.106,4,5595.574,671.487
21.000,108.961,0.106,4,5596.765,671.975
21.010,108.985,0.106,4,5597.954,672.462
21.020,109.008,0.105,4,5599.144,672.949
21.030,109.031,0.105,4,5600.333,673.436
21.040,109.054,0.105,4,5601.522,673.924
21.050,109.077,0.105,4,5602.710,674.411
21.060,109.100,0.105,4,5603.898,674.899
21.070,109.123,0.105,4,5605.086,675.387
21.080,109.147,0.105,4,5606.273,675.875
21.090,109.170,0.105,4,5607.460,676.363
21.100,109.193,0.105,4,5608.647,676.851
21.110,109.216,0.105,4,5609.833,677.339
21.120,109.239,0.073,4,5611.019,677.827
21.130,109.255,0.073,4,5611.842,678.316
21.140,109.271,0.073,4,5612.665,678.804
21.150,109.287,0.073,4,5613.488,679.293
21.160,109.303,0.073,4,5614.310,679.781
21.170,109.319,0.073,4,5615.133,680.270
21.180,109.335,0.073,4,5615.955,680.759
21.190,109.351,0.073,4,5616.776,681.247
21.200,109.367,0.073,4,5617.598,681.736
21.210,109.383,0.073,4,5618.419,682.225
21.220,109.399,0.073,4,5619.240,682.714
21.230,109.415,0.073,4,5620.061,683.203
21.240,109.431,0.073,4,5620.882,683.692
21.250,109.447,0.073,4,5621.702,684.182
21.260,109.463,0.073,4,5622.522,684.671
21.270,109.479,0.073,4,5623.342,685.160
21.280,109.495,0.073,4,5624.162,685.650
21.290,109.511,0.073,4,5624.981,686.139
21.300,109.527,0.073,4,5625.800,686.629
21.310,109.543,0.073,4,5626.619,687.119
21.320,109.559,0.073,4,5627.438,687.608
21.330,109.575,0.073,4,5628.256,688.098
21.340,109.590,0.073,4,5629.074,688.588
21.350,109.606,0.073,4,5629.892,689.078
21.360,109.622,0.073,4,5630.710,689.568
21.370,109.638,0.073,4,5631.527,690.058
21.380,109.654,0.072,4,5632.345,690.548
21.390,109.670,0.072,4,5633.162,691.038
21.400,109.686,0.072,4,5633.978,691.529
21.410,109.702,0.072,4,5634.795,692.019
21.420,109.718,0.072,4,5635.611,692.510
21.430,109.734,0.072,4,5636.427,693.000
21.440,109.750,0.072,4,5637.243,693.491
21.450,109.765,0.072,4,5638.058,693.981
21.460,109.781,0.072,4,5638.874,694.472
21.470,109.797,0.072,4,5639.689,694.963
21.480,109.813,0.072,4,5640.504,695.454
21.490,109.829,0.072,4,5641.318,695.945
21.500,109.845,0.072,4,5642.132,696.436
21.510,109.861,0.072,4,5642.947,696.927
21.520,109.876,0.072,4,5643.760,697.418
21.530,109.892,0.072,4,5644.574,697.909
21.540,109.908,0.072,4,5645.387,698.400
21.550,109.924,0.072,4,5646.201,698.892
21.560,109.940,0.072,4,5647.013,699.383
21.570,109.956,0.072,4,5647.826,699.875
21.580,109.971,0.072,4,5648.639,700.366
21.590,109.987,0.072,4,5649.451,700.858
21.600,110.003,0.072,4,5650.263,701.350
21.610,110.019,0.072,4,5651.074,701.842
21.620,110.035,0.072,4,5651.886,702.333
21.630,110.050,0.072,4,5652.697,702.825
21.640,110.066,0.072,4,5653.508,703.317
21.650,110.082,0.072,4,5654.319,703.809
21.660,110.098,0.072,4,5655.129,704.302
21.670,110.114,0.072,4,5655.940,704.794
21.680,110.129,0.072,4,5656.750,705.286
21.690,110.145,0.072,4,5657.560,705.778
21.700,110.161,0.072,4,5658.369,706.271
21.710,110.177,0.072,4,5659.178,706.763
21.720,110.192,0.072,4,5659.987,707.256
21.730,110.208,0.072,4,5660.796,707.749
21.740,110.224,0.072,4,5661.605,708.241
21.750,110.240,0.072,4,5662.413,708.734
21.760,110.255,0.072,4,5663.221,709.227
21.770,110.271,0.072,4,5664.029,709.720
21.780,110.287,0.072,4,5664.837,710.213
21.790,110.302,0.072,4,5665.644,710.706
21.800,110.318,0.072,4,5666.452,711.199
21.810,110.334,0.072,4,5667.259,711.692
21.820,110.350,0.072,4,5668.065,712.185
21.830,110.365,0.072,4,5668.872,712.679
21.840,110.381,0.072,4,5669.678,713.172
21.850,110.397,0.071,4,5670.484,713.666
21.860,110.412,0.071,4,5671.290,714.159
21.870,110.428,0.071,4,5672.095,714.653
21.880,110.444,0.071,4,5672.900,715.147
21.890,110.459,0.071,4,5673.705,715.640
21.900,110.475,0.071,4,5674.510,716.134
21.910,110.491,0.071,4,5675.315,716.628
21.920,110.506,0.071,4,5676.119,717.122
21.930,110.522,0.071,4,5676.923,717.616
21.940,110.538,0.071,4,5677.727,718.110
21.950,110.553,0.071,4,5678.531,718.604
21.960,110.569,0.071,4,5679.334,719.099
21.970,110.585,0.071,4,5680.137,719.593
21.980,110.600,0.071,4,5680.940,720.087
21.990,110.616,0.071,4,5681.743,720.582
22.000,110.631,0.071,4,5682.545,721.076
22.010,110.647,0.071,4,5683.347,721.571
22.020,110.663,0.071,4,5684.149,722.066
22.030,110.678,0.071,4,5684.951,722.560
22.040,110.694,0.071,4,5685.752,723.055
22.050,110.710,0.071,4,5686.554,723.550
22.060,110.725,0.071,4,5687.355,724.045
22.070,110.741,0.071,4,5688.155,724.540
22.080,110.756,0.071,4,5688.956,725.035
22.090,110.772,0.071,4,5689.756,725.530
22.100,110.787,0.071,4,5690.556,726.025
22.110,110.803,0.071,4,5691.356,726.521
22.120,110.819,0.071,4,5692.156,727.016
22.130,110.834,0.071,4,5692.955,727.512
22.140,110.850,0.071,4,5693.754,728.007
22.150,110.865,0.071,4,5694.553,728.503
22.160,110.881,0.071,4,5695.352,728.998
22.170,110.896,0.071,4,5696.150,729.494
22.180,110.912,0.071,4,5696.948,729.990
22.190,110.927,0.071,4,5697.746,730.486
22.200,110.943,0.071,4,5698.544,730.982
22.210,110.958,0.071,4,5699.341,731.478
22.220,110.974,0.071,4,5700.138,731.974
22.230,110.990,0.071,4,5700.935,732.470
22.240,111.005,0.071,4,5701.732,732.966
22.250,111.021,0.071,4,5702.529,733.462
22.260,111.036,0.071,4,5703.325,733.959
22.270,111.052,0.071,4,5704.121,734.455
22.280,111.067,0.071,4,5704.917,734.951
22.290,111.083,0.071,4,5705.712,735.448
22.300,111.098,0.071,4,5706.508,735.945
22.310,111.113,0.071,4,5707.303,736.441
22.320,111.129,0.070,4,5708.098,736.938
22.330,111.144,0.070,4,5708.892,737.435
22.340,111.160,0.070,4,5709.687,737.932
22.350,111.175,0.070,4,5710.481,738.429
22.360,111.191,0.070,4,5711.275,738.926
22.370,111.206,0.070,4,5712.068,739.423
22.380,111.222,0.070,4,5712.862,739.920
22.390,111.237,0.070,4,5713.655,740.417
22.400,111.253,0.070,4,5714.448,740.915
22.410,111.268,0.070,4,5715.240,741.412
22.420,111.283,0.070,4,5716.033,741.909
22.430,111.299,0.070,4,5716.825,742.407
22.440,111.314,0.070,4,5717.617,742.904
22.450,111.330,0.070,4,5718.409,743.402
22.460,111.345,0.070,4,5719.201,743.900
22.470,111.361,0.070,4,5719.992,744.398
22.480,111.376,0.070,4,5720.783,744.896
22.490,111.391,0.070,4,5721.574,745.393
22.500,111.407,0.070,4,5722.364,745.891
22.510,111.422,0.070,4,5723.155,746.390
22.520,111.437,0.070,4,5723.945,746.888
22.530,111.453,0.070,4,5724.735,747.386
22.540,111.468,0.070,4,5725.524,747.884
22.550,111.484,0.070,4,5726.314,748.382
22.560,111.499,0.070,4,5727.103,748.881
22.570,111.514,0.070,4,5727.892,749.379
22.580,111.530,0.070,4,5728.681,749.878
22.590,111.545,0.070,4,5729.469,750.377
22.600,111.560,0.070,4,5730.257,750.875
22.610,111.576,0.070,4,5731.045,751.374
22.620,111.591,0.070,4,5731.833,751.873
22.630,111.606,0.070,4,5732.621,752.372
22.640,111.622,0.070,4,5733.408,752.871
22.650,111.637,0.070,4,5734.195,753.370
22.660,111.652,0.070,4,5734.982,753.869
22.670,111.668,0.070,4,5735.768,754.368
22.680,111.683,0.070,4,5736.555,754.867
22.690,111.698,0.070,4,5737.341,755.366
22.700,111.714,0.070,4,5738.127,755.866
22.710,111.729,0.070,4,5738.913,756.365
22.720,111.744,0.070,4,5739.698,756.865
22.730,111.759,0.070,4,5740.483,757.364
22.740,111.775,0.070,4,5741.268,757.864
22.750,111.790,0.070,4,5742.053,758.364
22.760,111.805,0.070,4,5742.837,758.863
22.770,111.821,0.070,4,5743.622,759.363
22.780,111.836,0.070,4,5744.406,759.863
22.790,111.851,0.070,4,5745.189,760.363
22.800,111.866,0.069,4,5745.973,760.863
22.810,111.882,0.069,4,5746.756,761.363
22.820,111.897,0.069,4,5747.539,761.864
22.830,111.912,0.069,4,5748.322,762.364
22.840,111.927,0.069,4,5749.105,762.864
22.850,111.943,0.069,4,5749.887,763.365
22.860,111.958,0.069,4,5750.669,763.865
22.870,111.973,0.069,4,5751.451,764.366
22.880,111.988,0.069,4,5752.233,764.866
22.890,112.003,0.069,4,5753.014,765.367
22.900,112.019,0.069,4,5753.795,765.868
22.910,112.034,0.069,4,5754.576,766.368
22.920,112.049,0.069,4,5755.357,766.869
22.930,112.064,0.069,4,5756.138,767.370
22.940,112.079,0.069,4,5756.918,767.871
22.950,112.095,0.069,4,5757.698,768.372
22.960,112.110,0.069,4,5758.478,768.873
22.970,112.125,0.069,4,5759.257,769.375
22.980,112.140,0.069,4,5760.037,769.876
22.990,112.155,0.069,4,5760.816,770.377
23.000,112.170,0.069,4,5761.595,770.879
23.010,112.186,0.069,4,5762.373,771.380
23.020,112.201,0.069,4,5763.152,771.882
23.030,112.216,0.069,4,5763.930,772.383
23.040,112.231,0.069,4,5764.708,772.885
23.050,112.246,0.069,4,5765.485,773.387
23.060,112.261,0.069,4,5766.263,773.888
23.070,112.276,0.069,4,5767.040,774.390
23.080,112.292,0.069,4,5767.817,774.892
23.090,112.307,0.069,4,5768.594,775.394
23.100,112.322,0.069,4,5769.370,775.896
23.110,112.337,0.069,4,5770.147,776.399
23.120,112.352,0.069,4,5770.923,776.901
23.130,112.367,0.069,4,5771.699,777.403
23.140,112.382,0.069,4,5772.474,777.905
23.150,112.397,0.069,4,5773.250,778.408
23.160,112.412,0.069,4,5774.025,778.910
23.170,112.428,0.069,4,5774.800,779.413
23.180,112.443,0.069,4,5775.574,779.916
23.190,112.458,0.069,4,5776.349,780.418
23.200,112.473,0.069,4,5777.123,780.921
23.210,112.488,0.069,4,5777.897,781.424
23.220,112.503,0.069,4,5778.671,781.927
23.230,112.518,0.069,4,5779.444,782.430
23.240,112.533,0.069,4,5780.217,782.933
23.250,112.548,0.069,4,5780.990,783.436
23.260,112.563,0.069,4,5781.763,783.939
23.270,112.578,0.069,4,5782.536,784.442
23.280,112.593,0.068,4,5783.308,784.946
23.290,112.608,0.068,4,5784.080,785.449
23.300,112.623,0.068,4,5784.852,785.952
23.310,112.638,0.068,4,5785.624,786.456
23.320,112.653,0.068,4,5786.395,786.959
23.330,112.668,0.068,4,5787.166,787.463
23.340,112.683,0.068,4,5787.937,787.967
23.350,112.698,0.068,4,5788.708,788.471
23.360,112.713,0.068,4,5789.478,788.974
23.370,112.728,0.068,4,5790.249,789.478
23.380,112.743,0.068,4,5791.019,789.982
23.390,112.758,0.068,4,5791.788,790.486
23.400,112.773,0.068,4,5792.558,790.990
23.410,112.788,0.068,4,5793.327,791.495
23.420,112.803,0.068,4,5794.096,791.999
23.430,112.818,0.068,4,5794.865,792.503
23.440,112.833,0.068,4,5795.634,793.008
23.450,112.848,0.068,4,5796.402,793.512
23.460,112.863,0.068,4,5797.170,794.016
23.470,112.878,0.068,4,5797.938,794.521
23.480,112.893,0.068,4,5798.706,795.026
23.490,112.908,0.068,4,5799.473,795.530
23.500,112.923,0.068,4,5800.241,796.035
23.510,112.938,0.068,4,5801.008,796.540
23.520,112.953,0.068,4,5801.774,797.045
23.530,112.968,0.068,4,5802.541,797.550
23.540,112.983,0.068,4,5803.307,798.055
23.550,112.997,0.068,4,5804.073,798.560
23.560,113.012,0.068,4,5804.839,799.065
23.570,113.027,0.068,4,5805.605,799.571
23.580,113.042,0.068,4,5806.370,800.076
23.590,113.057,0.068,4,5807.135,800.581
23.600,113.072,0.068,4,5807.900,801.087
23.610,113.087,0.068,4,5808.665,801.592
23.620,113.102,0.068,4,5809.429,802.098
23.630,113.117,0.068,4,5810.194,802.603
23.640,113.131,0.068,4,5810.958,803.109
23.650,113.146,0.068,4,5811.721,803.615
23.660,113.161,0.068,4,5812.485,804.121
23.670,113.176,0.068,4,5813.248,804.627
23.680,113.191,0.068,4,5814.011,805.133
23.690,113.206,0.068,4,5814.774,805.639
23.700,113.221,0.068,4,5815.537,806.145
23.710,113.235,0.068,4,5816.299,806.651
23.720,113.250,0.068,4,5817.061,807.157
23.730,113.265,0.068,4,5817.823,807.663
23.740,113.280,0.068,4,5818.585,808.170
23.750,113.295,0.068,4,5819.346,808.676
23.760,113.310,0.068,4,5820.107,809.183
23.770,113.324,0.067,4,5820.868,809.689
23.780,113.339,0.067,4,5821.629,810.196
23.790,113.354,0.067,4,5822.390,810.703
23.800,113.369,0.067,4,5823.150,811.209
23.810,113.384,0.067,4,5823.910,811.716
23.820,113.398,0.067,4,5824.670,812.223
23.830,113.413,0.067,4,5825.430,812.730
23.840,113.428,0.067,4,5826.189,813.237
23.850,113.443,0.067,4,5826.948,813.744
23.860,113.458,0.067,4,5827.707,814.251
23.870,113.472,0.067,4,5828.466,814.759
23.880,113.487,0.067,4,5829.224,815.266
23.890,113.502,0.067,4,5829.982,815.773
23.900,113.517,0.067,4,5830.740,816.281
23.910,113.531,0.067,4,5831.498,816.788
23.920,113.546,0.067,4,5832.256,817.296
23.930,113.561,0.067,4,5833.013,817.803
23.940,113.576,0.067,4,5833.770,818.311
23.950,113.590,0.067,4,5834.527,818.819
23.960,113.605,0.067,4,5835.283,819.327
23.970,113.620,0.067,4,5836.040,819.835
23.980,113.635,0.067,4,5836.796,820.343
23.990,113.649,0.067,4,5837.552,820.851
24.000,113.664,0.067,4,5838.308,821.359
24.010,113.679,0.067,4,5839.063,821.867
24.020,113.693,0.067,4,5839.818,822.375
24.030,113.708,0.067,4,5840.573,822.883
24.040,113.723,0.067,4,5841.328,823.392
24.050,113.737,0.067,4,5842.083,823.900
24.060,113.752,0.067,4,5842.837,824.409
24.070,113.767,0.067,4,5843.591,824.917
24.080,113.781,0.067,4,5844.345,825.426
24.090,113.796,0.067,4,5845.098,825.934
24.100,113.811,0.067,4,5845.852,826.443
24.110,113.826,0.067,4,5846.605,826.952
24.120,113.840,0.067,4,5847.358,827.461
24.130,113.855,0.067,4,5848.111,827.970
24.140,113.869,0.067,4,5848.863,828.479
24.150,113.884,0.067,4,5849.615,828.988
24.160,113.899,0.067,4,5850.367,829.497
24.170,113.913,0.067,4,5851.119,830.006
24.180,113.928,0.067,4,5851.871,830.516
24.190,113.943,0.067,4,5852.622,831.025
24.200,113.957,0.067,4,5853.373,831.534
24.210,113.972,0.067,4,5854.124,832.044
24.220,113.987,0.067,4,5854.875,832.553
24.230,114.001,0.067,4,5855.625,833.063
24.240,114.016,0.067,4,5856.375,833.573
24.250,114.030,0.067,4,5857.125,834.082
24.260,114.045,0.066,4,5857.875,834.592
24.270,114.060,0.066,4,5858.624,835.102
24.280,114.074,0.066,4,5859.374,835.612
24.290,114.089,0.066,4,5860.123,836.122
24.300,114.103,0.066,4,5860.872,836.632
24.310,114.118,0.066,4,5861.620,837.142
24.320,114.132,0.066,4,5862.369,837.652
24.330,114.147,0.066,4,5863.117,838.162
24.340,114.162,0.066,4,5863.865,838.673
24.350,114.176,0.066,4,5864.612,839.183
24.360,114.191,0.066,4,5865.360,839.694
24.370,114.205,0.066,4,5866.107,840.204
24.380,114.220,0.066,4,5866.854,840.715
24.390,114.234,0.066,4,5867.601,841.225
24.400,114.249,0.066,4,5868.347,841.736
24.410,114.263,0.066,4,5869.094,842.247
24.420,114.278,0.066,4,5869.840,842.758
24.430,114.292,0.066,4,5870.585,843.269
24.440,114.307,0.066,4,5871.331,843.779
24.450,114.321,0.066,4,5872.076,844.291
24.460,114.336,0.066,4,5872.822,844.802
24.470,114.350,0.066,4,5873.567,845.313
24.480,114.365,0.066,4,5874.311,845.824
24.490,114.379,0.066,4,5875.056,846.335
24.500,114.394,0.066,4,5875.800,846.847
24.510,114.408,0.066,4,5876.544,847.358
24.520,114.423,0.066,4,5877.288,847.870
24.530,114.437,0.066,4,5878.031,848.381
24.540,114.452,0.066,4,5878.775,848.893
24.550,114.466,0.066,4,5879.518,849.404
24.560,114.481,0.066,4,5880.261,849.916
24.570,114.495,0.066,4,5881.003,850.428
24.580,114.510,0.066,4,5881.746,850.940
24.590,114.524,0.066,4,5882.488,851.452
24.600,114.539,0.066,4,5883.230,851.964
24.610,114.553,0.066,4,5883.972,852.476
24.620,114.567,0.066,4,5884.713,852.988
24.630,114.582,0.066,4,5885.455,853.500
24.640,114.596,0.066,4,5886.196,854.012
24.650,114.611,0.066,4,5886.937,854.525
24.660,114.625,0.066,4,5887.677,855.037
24.670,114.640,0.066,4,5888.418,855.550
24.680,114.654,0.066,4,5889.158,856.062
24.690,114.668,0.066,4,5889.898,856.575
24.700,114.683,0.066,4,5890.637,857.087
24.710,114.697,0.066,4,5891.377,857.600
24.720,114.712,0.066,4,5892.116,858.113
24.730,114.726,0.066,4,5892.855,858.626
24.740,114.740,0.066,4,5893.594,859.138
24.750,114.755,0.066,4,5894.333,859.651
24.760,114.769,0.065,4,5895.071,860.164
24.770,114.783,0.065,4,5895.809,860.678
24.780,114.798,0.065,4,5896.547,861.191
24.790,114.812,0.065,4,5897.285,861.704
24.800,114.827,0.065,4,5898.022,862.217
24.810,114.841,0.065,4,5898.759,862.731
24.820,114.855,0.065,4,5899.496,863.244
24.830,114.870,0.065,4,5900.233,863.757
24.840,114.884,0.065,4,5900.969,864.271
24.850,114.898,0.065,4,5901.706,864.785
24.860,114.913,0.065,4,5902.442,865.298
24.870,114.927,0.065,4,5903.178,865.812
24.880,114.941,0.065,4,5903.913,866.326
24.890,114.956,0.065,4,5904.649,866.840
24.900,114.970,0.065,4,5905.384,867.354
24.910,114.984,0.065,4,5906.119,867.868
24.920,114.998,0.065,4,5906.854,868.382
24.930,115.013,0.065,4,5907.588,868.896
24.940,115.027,0.065,4,5908.322,869.410
24.950,115.041,0.065,4,5909.056,869.924
24.960,115.056,0.065,4,5909.790,870.439
24.970,115.070,0.065,4,5910.524,870.953
24.980,115.084,0.065,4,5911.257,871.467
24.990,115.098,0.065,4,5911.990,871.982
25.000,115.113,0.065,4,5912.723,872.496
25.010,115.127,0.065,4,5913.456,873.011
25.020,115.141,0.065,4,5914.188,873.526
25.030,115.156,0.065,4,5914.921,874.041
25.040,115.170,0.065,4,5915.653,874.555
25.050,115.184,0.065,4,5916.385,875.070
25.060,115.198,0.065,4,5917.116,875.585
25.070,115.212,0.065,4,5917.847,876.100
25.080,115.227,0.065,4,5918.579,876.615
25.090,115.241,0.065,4,5919.309,877.130
25.100,115.255,0.065,4,5920.040,877.646
25.110,115.269,0.065,4,5920.771,878.161
25.120,115.284,0.065,4,5921.501,878.676
25.130,115.298,0.065,4,5922.231,879.192
25.140,115.312,0.065,4,5922.960,879.707
25.150,115.326,0.065,4,5923.690,880.223
25.160,115.340,0.065,4,5924.419,880.738
25.170,115.355,0.065,4,5925.148,881.254
25.180,115.369,0.065,4,5925.877,881.770
25.190,115.383,0.065,4,5926.606,882.285
25.200,115.397,0.065,4,5927.334,882.801
25.210,115.411,0.065,4,5928.063,883.317
25.220,115.426,0.065,4,5928.791,883.833
25.230,115.440,0.065,4,5929.518,884.349
25.240,115.454,0.065,4,5930.246,884.865
25.250,115.468,0.065,4,5930.973,885.381
25.260,115.482,0.064,4,5931.700,885.898
25.270,115.496,0.064,4,5932.427,886.414
25.280,115.510,0.064,4,5933.154,886.930
25.290,115.525,0.064,4,5933.880,887.447
25.300,115.539,0.064,4,5934.606,887.963
25.310,115.553,0.064,4,5935.332,888.480
25.320,115.567,0.064,4,5936.058,888.996
25.330,115.581,0.064,4,5936.783,889.513
25.340,115.595,0.064,4,5937.509,890.030
25.350,115.609,0.064,4,5938.234,890.546
25.360,115.623,0.064,4,5938.958,891.063
25.370,115.638,0.064,4,5939.683,891.580
25.380,115.652,0.064,4,5940.407,892.097
25.390,115.666,0.064,4,5941.132,892.614
25.400,115.680,0.064,4,5941.855,893.131
25.410,115.694,0.064,4,5942.579,893.648
25.420,115.708,0.064,4,5943.303,894.166
25.430,115.722,0.064,4,5944.026,894.683
25.440,115.736,0.064,4,5944.749,895.200
25.450,115.750,0.064,4,5945.472,895.718
25.460,115.764,0.064,4,5946.194,896.235
25.470,115.778,0.064,4,5946.917,896.753
25.480,115.792,0.064,4,5947.639,897.270
25.490,115.807,0.064,4,5948.361,897.788
25.500,115.821,0.064,4,5949.082,898.306
25.510,115.835,0.064,4,5949.804,898.824
25.520,115.849,0.064,4,5950.525,899.341
25.530,115.863,0.064,4,5951.246,899.859
25.540,115.877,0.064,4,5951.967,900.377
25.550,115.891,0.064,4,5952.688,900.895
25.560,115.905,0.064,4,5953.408,901.413
25.570,115.919,0.064,4,5954.128,901.932
25.580,115.933,0.064,4,5954.848,902.450
25.590,115.947,0.064,4,5955.568,902.968
25.600,115.961,0.064,4,5956.287,903.486
25.610,115.975,0.064,4,5957.006,904.005
25.620,115.989,0.064,4,5957.725,904.523
25.630,116.003,0.064,4,5958.444,905.042
25.640,116.017,0.064,4,5959.163,905.561
25.650,116.031,0.064,4,5959.881,906.079
25.660,116.045,0.064,4,5960.599,906.598
25.670,116.059,0.064,4,5961.317,907.117
25.680,116.073,0.064,4,5962.035,907.636
25.690,116.087,0.064,4,5962.752,908.155
25.700,116.101,0.064,4,5963.469,908.674
25.710,116.115,0.064,4,5964.186,909.193
25.720,116.129,0.064,4,5964.903,909.712
25.730,116.143,0.064,4,5965.620,910.231
25.740,116.157,0.064,4,5966.336,910.750
25.750,116.170,0.064,4,5967.052,911.269
25.760,116.184,0.063,4,5967.768,911.789
25.770,116.198,0.063,4,5968.484,912.308
25.780,116.212,0.063,4,5969.199,912.828
25.790,116.226,0.063,4,5969.914,913.347
25.800,116.240,0.063,4,5970.629,913.867
25.810,116.254,0.063,4,5971.344,914.386
25.820,116.268,0.063,4,5972.059,914.906
25.830,116.282,0.063,4,5972.773,915.426
25.840,116.296,0.063,4,5973.487,915.946
25.850,116.310,0.063,4,5974.201,916.466
25.860,116.324,0.063,4,5974.915,916.986
25.870,116.337,0.063,4,5975.628,917.506
25.880,116.351,0.063,4,5976.341,918.026
25.890,116.365,0.063,4,5977.054,918.546
25.900,116.379,0.063,4,5977.767,919.066
25.910,116.393,0.063,4,5978.480,919.587
25.920,116.407,0.063,4,5979.192,920.107
25.930,116.421,0.063,4,5979.904,920.627
25.940,116.435,0.063,4,5980.616,921.148
25.950,116.448,0.063,4,5981.328,921.668
25.960,116.462,0.063,4,5982.039,922.189
25.970,116.476,0.063,4,5982.750,922.710
25.980,116.490,0.063,4,5983.461,923.230
25.990,116.504,0.063,4,5984.172,923.751
26.000,116.518,0.063,4,5984.883,924.272
26.010,116.531,0.063,4,5985.593,924.793
26.020,116.545,0.063,4,5986.303,925.314
26.030,116.559,0.063,4,5987.013,925.835
26.040,116.573,0.063,4,5987.723,926.356
26.050,116.587,0.063,4,5988.432,926.877
26.060,116.600,0.063,4,5989.141,927.398
26.070,116.614,0.063,4,5989.850,927.920
26.080,116.628,0.063,4,5990.559,928.441
26.090,116.642,0.063,4,5991.268,928.962
26.100,116.656,0.063,4,5991.976,929.484
26.110,116.669,0.063,4,5992.684,930.005
26.120,116.683,0.063,4,5993.392,930.527
26.130,116.697,0.063,4,5994.100,931.049
26.140,116.711,0.063,4,5994.807,931.570
26.150,116.725,0.063,4,5995.515,932.092
26.160,116.738,0.063,4,5996.222,932.614
26.170,116.752,0.063,4,5996.928,933.136
26.180,116.766,0.063,4,5997.635,933.658
26.190,116.780,0.063,4,5998.341,934.180
26.200,116.793,0.063,4,5999.047,934.702
26.210,116.807,0.063,4,5999.753,935.224
26.220,116.821,0.063,4,6000.459,935.746
26.230,116.835,0.063,4,6001.165,936.269
26.240,116.848,0.063,4,6001.870,936.791
26.250,116.862,0.063,4,6002.575,937.313
26.260,116.876,0.063,4,6003.280,937.836
26.270,116.889,0.062,4,6003.984,938.358
26.280,116.903,0.062,4,6004.689,938.881
26.290,116.917,0.062,4,6005.393,939.403
26.300,116.931,0.062,4,6006.097,939.926
26.310,116.944,0.062,4,6006.800,940.449
26.320,116.958,0.062,4,6007.504,940.972
26.330,116.972,0.062,4,6008.207,941.495
26.340,116.985,0.062,4,6008.910,942.017
26.350,116.999,0.062,4,6009.613,942.540
26.360,117.013,0.062,4,6010.316,943.064
26.370,117.026,0.062,4,6011.018,943.587
26.380,117.040,0.062,4,6011.720,944.110
26.390,117.054,0.062,4,6012.422,944.633
26.400,117.067,0.062,4,6013.124,945.156
26.410,117.081,0.062,4,6013.826,945.680
26.420,117.095,0.062,4,6014.527,946.203
26.430,117.108,0.062,4,6015.228,946.727
26.440,117.122,0.062,4,6015.929,947.250
26.450,117.136,0.062,4,6016.629,947.774
26.460,117.149,0.062,4,6017.330,948.298
26.470,117.163,0.062,4,6018.030,948.821
26.480,117.177,0.062,4,6018.730,949.345
26.490,117.190,0.062,4,6019.430,949.869
26.500,117.204,0.062,4,6020.129,950.393
26.510,117.217,0.062,4,6020.829,950.917
26.520,117.231,0.062,4,6021.528,951.441
26.530,117.245,0.062,4,6022.227,951.965
26.540,117.258,0.062,4,6022.925,952.489
26.550,117.272,0.062,4,6023.624,953.013
26.560,117.285,0.062,4,6024.322,953.538
26.570,117.299,0.062,4,6025.020,954.062
26.580,117.313,0.062,4,6025.718,954.586
26.590,117.326,0.062,4,6026.415,955.111
26.600,117.340,0.062,4,6027.113,955.635
26.610,117.353,0.062,4,6027.810,956.160
26.620,117.367,0.062,4,6028.507,956.685
26.630,117.380,0.062,4,6029.203,957.209
26.640,117.394,0.062,4,6029.900,957.734
26.650,117.408,0.062,4,6030.596,958.259
26.660,117.421,0.062,4,6031.292,958.784
26.670,117.435,0.062,4,6031.988,959.309
26.680,117.448,0.062,4,6032.684,959.834
26.690,117.462,0.062,4,6033.379,960.359
26.700,117.475,0.062,4,6034.074,960.884
26.710,117.489,0.062,4,6034.769,961.409
26.720,117.502,0.062,4,6035.464,961.934
26.730,117.516,0.062,4,6036.158,962.460
26.740,117.529,0.062,4,6036.853,962.985
26.750,117.543,0.062,4,6037.547,963.510
26.760,117.556,0.062,4,6038.241,964.036
26.770,117.570,0.062,4,6038.934,964.562
26.780,117.583,0.061,4,6039.628,965.087
26.790,117.597,0.061,4,6040.321,965.613
26.800,117.610,0.061,4,6041.014,966.139
26.810,117.624,0.061,4,6041.707,966.664
26.820,117.637,0.061,4,6042.399,967.190
26.830,117.651,0.061,4,6043.091,967.716
26.840,117.664,0.061,4,6043.784,968.242
26.850,117.678,0.061,4,6044.476,968.768
26.860,117.691,0.061,4,6045.167,969.294
26.870,117.705,0.061,4,6045.859,969.820
26.880,117.718,0.061,4,6046.550,970.347
26.890,117.732,0.061,4,6047.241,970.873
26.900,117.745,0.061,4,6047.932,971.399
26.910,117.759,0.061,4,6048.622,971.926
26.920,117.772,0.061,4,6049.313,972.452
26.930,117.785,0.061,4,6050.003,972.979
26.940,117.799,0.061,4,6050.693,973.505
26.950,117.812,0.061,4,6051.382,974.032
26.960,117.826,0.061,4,6052.072,974.558
26.970,117.839,0.061,4,6052.761,975.085
26.980,117.852,0.061,4,6053.450,975.612
26.990,117.866,0.061,4,6054.139,976.139
27.000,117.879,0.061,4,6054.828,976.666
27.010,117.893,0.061,4,6055.516,977.193
27.020,117.906,0.061,4,6056.204,977.720
27.030,117.920,0.061,4,6056.892,978.247
27.040,117.933,0.061,4,6057.580,978.774
27.050,117.946,0.061,4,6058.268,979.301
27.060,117.960,0.061,4,6058.955,979.829
27.070,117.973,0.061,4,6059.642,980.356
27.080,117.986,0.061,4,6060.329,980.884
27.090,118.000,0.061,4,6061.016,981.411
27.100,118.013,0.061,4,6061.702,981.939
27.110,118.027,0.061,4,6062.388,982.466
27.120,118.040,0.061,4,6063.074,982.994
27.130,118.053,0.061,4,6063.760,983.522
27.140,118.067,0.061,4,6064.446,984.049
27.150,118.080,0.061,4,6065.131,984.577
27.160,118.093,0.061,4,6065.816,985.105
27.170,118.107,0.061,4,6066.501,985.633
27.180,118.120,0.061,4,6067.186,986.161
27.190,118.133,0.061,4,6067.871,986.689
27.200,118.147,0.061,4,6068.555,987.217
27.210,118.160,0.061,4,6069.239,987.745
27.220,118.173,0.061,4,6069.923,988.274
27.230,118.187,0.061,4,6070.606,988.802
27.240,118.200,0.061,4,6071.290,989.330
27.250,118.213,0.061,4,6071.973,989.859
27.260,118.226,0.061,4,6072.656,990.387
27.270,118.240,0.061,4,6073.339,990.916
27.280,118.253,0.061,4,6074.022,991.444
27.290,118.266,0.061,4,6074.704,991.973
27.300,118.280,0.060,4,6075.386,992.502
27.310,118.293,0.060,4,6076.068,993.031
27.320,118.306,0.060,4,6076.750,993.559
27.330,118.319,0.060,4,6077.431,994.088
27.340,118.333,0.060,4,6078.112,994.617
27.350,118.346,0.060,4,6078.793,995.146
27.360,118.359,0.060,4,6079.474,995.675
27.370,118.372,0.060,4,6080.155,996.205
27.380,118.386,0.060,4,6080.835,996.734
27.390,118.399,0.060,4,6081.516,997.263
27.400,118.412,0.060,4,6082.196,997.792
27.410,118.425,0.060,4,6082.875,998.322
27.420,118.439,0.060,4,6083.555,998.851
27.430,118.452,0.060,4,6084.234,999.381
27.440,118.465,0.060,4,6084.913,999.910
27.450,118.478,0.060,4,6085.592,1000.440
27.460,118.491,0.060,4,6086.271,1000.969
27.470,118.505,0.060,4,6086.949,1001.499
27.480,118.518,0.060,4,6087.628,1002.029
27.490,118.531,0.060,4,6088.306,1002.559
27.500,118.544,0.060,4,6088.983,1003.089
27.510,118.557,0.060,4,6089.661,1003.619
27.520,118.571,0.060,4,6090.339,1004.149
27.530,118.584,0.060,4,6091.016,1004.679
27.540,118.597,0.060,4,6091.693,1005.209
27.550,118.610,0.060,4,6092.369,1005.739
27.560,118.623,0.060,4,6093.046,1006.269
27.570,118.637,0.060,4,6093.722,1006.800
27.580,118.650,0.060,4,6094.398,1007.330
27.590,118.663,0.060,4,6095.074,1007.861
27.600,118.676,0.060,4,6095.750,1008.391
27.610,118.689,0.060,4,6096.425,1008.922
27.620,118.702,0.060,4,6097.101,1009.452
27.630,118.715,0.060,4,6097.776,1009.983
27.640,118.729,0.060,4,6098.451,1010.514
27.650,118.742,0.060,4,6099.125,1011.044
27.660,118.755,0.060,4,6099.800,1011.575
27.670,118.768,0.060,4,6100.474,1012.106
27.680,118.781,0.060,4,6101.148,1012.637
27.690,118.794,0.060,4,6101.821,1013.168
27.700,118.807,0.060,4,6102.495,1013.699
27.710,118.820,0.060,4,6103.168,1014.230
27.720,118.834,0.060,4,6103.841,1014.762
27.730,118.847,0.060,4,6104.514,1015.293
27.740,118.860,0.060,4,6105.187,1015.824
27.750,118.873,0.060,4,6105.860,1016.356
27.760,118.886,0.060,4,6106.532,1016.887
27.770,118.899,0.060,4,6107.204,1017.419
27.780,118.912,0.060,4,6107.876,1017.950
27.790,118.925,0.060,4,6108.547,1018.482
27.800,118.938,0.060,4,6109.219,1019.013
27.810,118.951,0.060,4,6109.890,1019.545
27.820,118.964,0.060,4,6110.561,1020.077
27.830,118.977,0.059,4,6111.232,1020.609
27.840,118.990,0.059,4,6111.902,1021.141
27.850,119.004,0.059,4,6112.572,1021.673
27.860,119.017,0.059,4,6113.243,1022.205
27.870,119.030,0.059,4,6113.912,1022.737
27.880,119.043,0.059,4,6114.582,1023.269
27.890,119.056,0.059,4,6115.252,1023.801
27.900,119.069,0.059,4,6115.921,1024.333
27.910,119.082,0.059,4,6116.590,1024.866
27.920,119.095,0.059,4,6117.259,1025.398
27.930,119.108,0.059,4,6117.927,1025.930
27.940,119.121,0.059,4,6118.596,1026.463
27.950,119.134,0.059,4,6119.264,1026.995
27.960,119.147,0.059,4,6119.932,1027.528
27.970,119.160,0.059,4,6120.600,1028.061
27.980,119.173,0.059,4,6121.267,1028.593
27.990,119.186,0.059,4,6121.935,1029.126
28.000,119.199,0.059,4,6122.602,1029.659
28.010,119.212,0.059,4,6123.269,1030.192
28.020,119.225,0.059,4,6123.936,1030.725
28.030,119.238,0.059,4,6124.602,1031.258
28.040,119.251,0.059,4,6125.268,1031.791
28.050,119.264,0.059,4,6125.934,1032.324
28.060,119.277,0.059,4,6126.600,1032.857
28.070,119.290,0.059,4,6127.266,1033.391
28.080,119.303,0.059,4,6127.931,1033.924
28.090,119.315,0.059,4,6128.597,1034.457
28.100,119.328,0.059,4,6129.262,1034.991
28.110,119.341,0.059,4,6129.926,1035.524
28.120,119.354,0.059,4,6130.591,1036.058
28.130,119.367,0.059,4,6131.255,1036.591
28.140,119.380,0.059,4,6131.920,1037.125
28.150,119.393,0.059,4,6132.583,1037.659
28.160,119.406,0.059,4,6133.247,1038.192
28.170,119.419,0.059,4,6133.911,1038.726
28.180,119.432,0.059,4,6134.574,1039.260
28.190,119.445,0.059,4,6135.237,1039.794
28.200,119.458,0.059,4,6135.900,1040.328
28.210,119.471,0.059,4,6136.563,1040.862
28.220,119.483,0.059,4,6137.225,1041.396
28.230,119.496,0.059,4,6137.887,1041.930
28.240,119.509,0.059,4,6138.550,1042.464
28.250,119.522,0.059,4,6139.211,1042.999
28.260,119.535,0.059,4,6139.873,1043.533
28.270,119.548,0.059,4,6140.534,1044.068
28.280,119.561,0.059,4,6141.196,1044.602
28.290,119.574,0.059,4,6141.857,1045.136
28.300,119.587,0.059,4,6142.517,1045.671
28.310,119.599,0.059,4,6143.178,1046.206
28.320,119.612,0.059,4,6143.838,1046.740
28.330,119.625,0.059,4,6144.498,1047.275
28.340,119.638,0.059,4,6145.158,1047.810
28.350,119.651,0.059,4,6145.818,1048.345
28.360,119.664,0.058,4,6146.478,1048.880
28.370,119.676,0.058,4,6147.137,1049.415
28.380,119.689,0.058,4,6147.796,1049.950
28.390,119.702,0.058,4,6148.455,1050.485
28.400,119.715,0.058,4,6149.114,1051.020
28.410,119.728,0.058,4,6149.772,1051.555
28.420,119.741,0.058,4,6150.430,1052.090
28.430,119.753,0.058,4,6151.088,1052.626
28.440,119.766,0.058,4,6151.746,1053.161
28.450,119.779,0.058,4,6152.404,1053.696
28.460,119.792,0.058,4,6153.061,1054.232
28.470,119.805,0.058,4,6153.718,1054.768
28.480,119.817,0.058,4,6154.375,1055.303
28.490,119.830,0.058,4,6155.032,1055.839
28.500,119.843,0.058,4,6155.689,1056.375
28.510,119.856,0.058,4,6156.345,1056.910
28.520,119.868,0.058,4,6157.001,1057.446
28.530,119.881,0.058,4,6157.657,1057.982
28.540,119.894,0.058,4,6158.313,1058.518
28.550,119.907,0.058,4,6158.968,1059.054
28.560,119.920,0.058,4,6159.624,1059.590
28.570,119.932,0.058,4,6160.279,1060.126
28.580,119.945,0.058,4,6160.934,1060.662
28.590,119.958,0.058,4,6161.588,1061.199
28.600,119.971,0.058,4,6162.243,1061.735
28.610,119.983,0.058,4,6162.897,1062.271
28.620,119.996,0.058,4,6163.551,1062.808
28.630,120.009,0.058,4,6164.205,1063.344
28.640,120.021,0.058,4,6164.858,1063.881
28.650,120.034,0.058,4,6165.512,1064.417
28.660,120.047,0.058,4,6166.165,1064.954
28.670,120.060,0.058,4,6166.818,1065.490
28.680,120.072,0.058,4,6167.471,1066.027
28.690,120.085,0.058,4,6168.123,1066.564
28.700,120.098,0.058,4,6168.776,1067.101
28.710,120.110,0.058,4,6169.428,1067.638
28.720,120.123,0.058,4,6170.080,1068.175
28.730,120.136,0.058,4,6170.731,1068.712
28.740,120.148,0.058,4,6171.383,1069.249
28.750,120.161,0.058,4,6172.034,1069.786
28.760,120.174,0.058,4,6172.685,1070.323
28.770,120.187,0.058,4,6173.336,1070.860
28.780,120.199,0.058,4,6173.987,1071.398
28.790,120.212,0.058,4,6174.637,1071.935
28.800,120.225,0.058,4,6175.288,1072.472
28.810,120.237,0.058,4,6175.938,1073.010
28.820,120.250,0.058,4,6176.588,1073.547
28.830,120.262,0.058,4,6177.237,1074.085
28.840,120.275,0.058,4,6177.887,1074.623
28.850,120.288,0.058,4,6178.536,1075.160
28.860,120.300,0.058,4,6179.185,1075.698
28.870,120.313,0.058,4,6179.834,1076.236
28.880,120.326,0.058,4,6180.482,1076.774
28.890,120.338,0.058,4,6181.131,1077.312
28.900,120.351,0.057,4,6181.779,1077.850
28.910,120.363,0.057,4,6182.427,1078.388
28.920,120.376,0.057,4,6183.075,1078.926
28.930,120.389,0.057,4,6183.722,1079.464
28.940,120.401,0.057,4,6184.370,1080.002
28.950,120.414,0.057,4,6185.017,1080.541
28.960,120.427,0.057,4,6185.664,1081.079
28.970,120.439,0.057,4,6186.310,1081.617
28.980,120.452,0.057,4,6186.957,1082.156
28.990,120.464,0.057,4,6187.603,1082.694
29.000,120.477,0.057,4,6188.249,1083.233
29.010,120.489,0.057,4,6188.895,1083.771
29.020,120.502,0.057,4,6189.541,1084.310
29.030,120.515,0.057,4,6190.186,1084.849
29.040,120.527,0.057,4,6190.831,1085.388
29.050,120.540,0.057,4,6191.477,1085.926
29.060,120.552,0.057,4,6192.121,1086.465
29.070,120.565,0.057,4,6192.766,1087.004
29.080,120.577,0.057,4,6193.410,1087.543
29.090,120.590,0.057,4,6194.055,1088.082
29.100,120.602,0.057,4,6194.699,1088.621
29.110,120.615,0.057,4,6195.342,1089.161
29.120,120.627,0.057,4,6195.986,1089.700
29.130,120.640,0.057,4,6196.629,1090.239
29.140,120.653,0.057,4,6197.273,1090.778
29.150,120.665,0.057,4,6197.916,1091.318
29.160,120.678,0.057,4,6198.558,1091.857
29.170,120.690,0.057,4,6199.201,1092.397
29.180,120.703,0.057,4,6199.843,1092.936
29.190,120.715,0.057,4,6200.485,1093.476
29.200,120.728,0.057,4,6201.127,1094.016
29.210,120.740,0.057,4,6201.769,1094.555
29.220,120.753,0.057,4,6202.411,1095.095
29.230,120.765,0.057,4,6203.052,1095.635
29.240,120.778,0.057,4,6203.693,1096.175
29.250,120.790,0.057,4,6204.334,1096.715
29.260,120.802,0.057,4,6204.975,1097.255
29.270,120.815,0.057,4,6205.615,1097.795
29.280,120.827,0.057,4,6206.255,1098.335
29.290,120.840,0.057,4,6206.896,1098.875
29.300,120.852,0.057,4,6207.535,1099.415
29.310,120.865,0.057,4,6208.175,1099.956
29.320,120.877,0.057,4,6208.814,1100.496
29.330,120.890,0.057,4,6209.454,1101.036
29.340,120.902,0.057,4,6210.093,1101.577
29.350,120.915,0.057,4,6210.732,1102.117
29.360,120.927,0.057,4,6211.370,1102.658
29.370,120.939,0.057,4,6212.009,1103.199
29.380,120.952,0.057,4,6212.647,1103.739
29.390,120.964,0.057,4,6213.285,1104.280
29.400,120.977,0.057,4,6213.923,1104.821
29.410,120.989,0.057,4,6214.560,1105.362
29.420,121.002,0.057,4,6215.198,1105.902
29.430,121.014,0.057,4,6215.835,1106.443
29.440,121.026,0.056,4,6216.472,1106.984
29.450,121.039,0.056,4,6217.109,1107.525
29.460,121.051,0.056,4,6217.745,1108.067
29.470,121.063,0.056,4,6218.381,1108.608
29.480,121.076,0.056,4,6219.018,1109.149
29.490,121.088,0.056,4,6219.654,1109.690
29.500,121.101,0.056,4,6220.289,1110.232
29.510,121.113,0.056,4,6220.925,1110.773
29.520,121.125,0.056,4,6221.560,1111.314
29.530,121.138,0.056,4,6222.195,1111.856
29.540,121.150,0.056,4,6222.830,1112.398
29.550,121.162,0.056,4,6223.465,1112.939
29.560,121.175,0.056,4,6224.099,1113.481
29.570,121.187,0.056,4,6224.734,1114.023
29.580,121.200,0.056,4,6225.368,1114.564
29.590,121.212,0.056,4,6226.002,1115.106
29.600,121.224,0.056,4,6226.635,1115.648
29.610,121.237,0.056,4,6227.269,1116.190
29.620,121.249,0.056,4,6227.902,1116.732
29.630,121.261,0.056,4,6228.535,1117.274
29.640,121.273,0.056,4,6229.168,1117.816
29.650,121.286,0.056,4,6229.801,1118.358
29.660,121.298,0.056,4,6230.433,1118.901
29.670,121.310,0.056,4,6231.065,1119.443
29.680,121.323,0.056,4,6231.697,1119.985
29.690,121.335,0.056,4,6232.329,1120.528
29.700,121.347,0.056,4,6232.961,1121.070
29.710,121.360,0.056,4,6233.592,1121.613
29.720,121.372,0.056,4,6234.224,1122.155
29.730,121.384,0.056,4,6234.855,1122.698
29.740,121.396,0.056,4,6235.485,1123.240
29.750,121.409,0.056,4,6236.116,1123.783
29.760,121.421,0.056,4,6236.746,1124.326
29.770,121.433,0.056,4,6237.377,1124.869
29.780,121.446,0.056,4,6238.007,1125.412
29.790,121.458,0.056,4,6238.636,1125.954
29.800,121.470,0.056,4,6239.266,1126.497
29.810,121.482,0.056,4,6239.895,1127.041
29.820,121.495,0.056,4,6240.524,1127.584
29.830,121.507,0.056,4,6241.153,1128.127
29.840,121.519,0.056,4,6241.782,1128.670
29.850,121.531,0.056,4,6242.411,1129.213
29.860,121.544,0.056,4,6243.039,1129.757
29.870,121.556,0.056,4,6243.667,1130.300
29.880,121.568,0.056,4,6244.295,1130.843
29.890,121.580,0.056,4,6244.923,1131.387
29.900,121.592,0.056,4,6245.551,1131.930
29.910,121.605,0.056,4,6246.178,1132.474
29.920,121.617,0.056,4,6246.805,1133.018
29.930,121.629,0.056,4,6247.432,1133.561
29.940,121.641,0.056,4,6248.059,1134.105
29.950,121.653,0.056,4,6248.685,1134.649
29.960,121.666,0.056,4,6249.311,1135.193
29.970,121.678,0.056,4,6249.938,1135.737
29.980,121.690,0.056,4,6250.563,1136.281
29.990,121.702,0.055,4,6251.189,1136.825
30.000,121.714,0.055,4,6251.815,1137.369
30.010,121.727,0.055,4,6252.440,1137.913
30.020,121.739,0.055,4,6253.065,1138.457
30.030,121.751,0.055,4,6253.690,1139.001
30.040,121.763,0.055,4,6254.315,1139.546
30.050,121.775,0.055,4,6254.939,1140.090
30.060,121.787,0.055,4,6255.563,1140.634
30.070,121.800,0.055,4,6256.187,1141.179
30.080,121.812,0.055,4,6256.811,1141.723
30.090,121.824,0.055,4,6257.435,1142.268
30.100,121.836,0.055,4,6258.058,1142.813
30.110,121.848,0.055,4,6258.682,1143.357
30.120,121.860,0.055,4,6259.305,1143.902
30.130,121.872,0.055,4,6259.928,1144.447
30.140,121.884,0.055,4,6260.550,1144.992
30.150,121.897,0.055,4,6261.173,1145.537
30.160,121.909,0.055,4,6261.795,1146.082
30.170,121.921,0.055,4,6262.417,1146.627
30.180,121.933,0.055,4,6263.039,1147.172
30.190,121.945,0.055,4,6263.661,1147.717
30.200,121.957,0.055,4,6264.282,1148.262
30.210,121.969,0.055,4,6264.903,1148.807
30.220,121.981,0.055,4,6265.524,1149.352
30.230,121.993,0.055,4,6266.145,1149.898
30.240,122.005,0.055,4,6266.766,1150.443
30.250,122.018,0.055,4,6267.386,1150.989
30.260,122.030,0.055,4,6268.006,1151.534
30.270,122.042,0.055,4,6268.626,1152.080
30.280,122.054,0.055,4,6269.246,1152.625
30.290,122.066,0.055,4,6269.866,1153.171
30.300,122.078,0.055,4,6270.485,1153.717
30.310,122.090,0.055,4,6271.104,1154.262
30.320,122.102,0.055,4,6271.723,1154.808
30.330,122.114,0.055,4,6272.342,1155.354
30.340,122.126,0.055,4,6272.961,1155.900
30.350,122.138,0.055,4,6273.579,1156.446
30.360,122.150,0.055,4,6274.197,1156.992
30.370,122.162,0.055,4,6274.815,1157.538
30.380,122.174,0.055,4,6275.433,1158.084
30.390,122.186,0.055,4,6276.051,1158.630
30.400,122.198,0.055,4,6276.668,1159.177
30.410,122.210,0.055,4,6277.285,1159.723
30.420,122.222,0.055,4,6277.902,1160.269
30.430,122.234,0.055,4,6278.519,1160.816
30.440,122.246,0.055,4,6279.136,1161.362
30.450,122.258,0.055,4,6279.752,1161.909
30.460,122.270,0.055,4,6280.368,1162.455
30.470,122.282,0.055,4,6280.984,1163.002
30.480,122.294,0.055,4,6281.600,1163.548
30.490,122.306,0.055,4,6282.216,1164.095
30.500,122.318,0.055,4,6282.831,1164.642
30.510,122.330,0.055,4,6283.446,1165.189
30.520,122.342,0.055,4,6284.061,1165.736
30.530,122.354,0.055,4,6284.676,1166.283
30.540,122.366,0.055,4,6285.290,1166.830
30.550,122.378,0.054,4,6285.905,1167.377
30.560,122.390,0.054,4,6286.519,1167.924
30.570,122.402,0.054,4,6287.133,1168.471
30.580,122.414,0.054,4,6287.747,1169.018
30.590,122.426,0.054,4,6288.360,1169.565
30.600,122.438,0.054,4,6288.974,1170.113
30.610,122.450,0.054,4,6289.587,1170.660
30.620,122.462,0.054,4,6290.200,1171.208
30.630,122.474,0.054,4,6290.813,1171.755
30.640,122.486,0.054,4,6291.425,1172.303
30.650,122.497,0.054,4,6292.037,1172.850
30.660,122.509,0.054,4,6292.650,1173.398
30.670,122.521,0.054,4,6293.262,1173.946
30.680,122.533,0.054,4,6293.873,1174.493
30.690,122.545,0.054,4,6294.485,1175.041
30.700,122.557,0.054,4,6295.096,1175.589
30.710,122.569,0.054,4,6295.707,1176.137
30.720,122.581,0.054,4,6296.318,1176.685
30.730,122.593,0.054,4,6296.929,1177.233
30.740,122.605,0.054,4,6297.540,1177.781
30.750,122.616,0.054,4,6298.150,1178.329
30.760,122.628,0.054,4,6298.760,1178.877
30.770,122.640,0.054,4,6299.370,1179.425
30.780,122.652,0.054,4,6299.980,1179.974
30.790,122.664,0.054,4,6300.589,1180.522
30.800,122.676,0.054,4,6301.199,1181.070
30.810,122.688,0.054,4,6301.808,1181.619
30.820,122.700,0.054,4,6302.417,1182.167
30.830,122.711,0.054,4,6303.026,1182.716
30.840,122.723,0.054,4,6303.634,1183.264
30.850,122.735,0.054,4,6304.243,1183.813
30.860,122.747,0.054,4,6304.851,1184.362
30.870,122.759,0.054,4,6305.459,1184.910
30.880,122.771,0.054,4,6306.066,1185.459
30.890,122.782,0.054,4,6306.674,1186.008
30.900,122.794,0.054,4,6307.281,1186.557
30.910,122.806,0.054,4,6307.889,1187.106
30.920,122.818,0.054,4,6308.495,1187.655
30.930,122.830,0.054,4,6309.102,1188.204
30.940,122.842,0.054,4,6309.709,1188.753
30.950,122.853,0.054,4,6310.315,1189.302
30.960,122.865,0.054,4,6310.921,1189.852
30.970,122.877,0.054,4,6311.527,1190.401
30.980,122.889,0.054,4,6312.133,1190.950
30.990,122.900,0.054,4,6312.739,1191.500
31.000,122.912,0.054,4,6313.344,1192.049
31.010,122.924,0.054,4,6313.949,1192.599
31.020,122.936,0.054,4,6314.554,1193.148
31.030,122.948,0.054,4,6315.159,1193.698
31.040,122.959,0.054,4,6315.763,1194.247
31.050,122.971,0.054,4,6316.368,1194.797
31.060,122.983,0.054,4,6316.972,1195.347
31.070,122.995,0.054,4,6317.576,1195.897
31.080,123.006,0.054,4,6318.180,1196.447
31.090,123.018,0.054,4,6318.783,1196.996
31.100,123.030,0.054,4,6319.387,1197.546
31.110,123.042,0.053,4,6319.990,1198.096
31.120,123.053,0.053,4,6320.593,1198.646
31.130,123.065,0.053,4,6321.196,1199.197
31.140,123.077,0.053,4,6321.798,1199.747
31.150,123.089,0.053,4,6322.401,1200.297
31.160,123.100,0.053,4,6323.003,1200.847
31.170,123.112,0.053,4,6323.605,1201.398
31.180,123.124,0.053,4,6324.207,1201.948
31.190,123.135,0.053,4,6324.808,1202.498
31.200,123.147,0.053,4,6325.410,1203.049
31.210,123.159,0.053,4,6326.011,1203.599
31.220,123.171,0.053,4,6326.612,1204.150
31.230,123.182,0.053,4,6327.213,1204.701
31.240,123.194,0.053,4,6327.813,1205.251
31.250,123.206,0.053,4,6328.414,1205.802
31.260,123.217,0.053,4,6329.014,1206.353
31.270,123.229,0.053,4,6329.614,1206.904
31.280,123.241,0.053,4,6330.214,1207.455
31.290,123.252,0.053,4,6330.813,1208.006
31.300,123.264,0.053,4,6331.413,1208.557
31.310,123.276,0.053,4,6332.012,1209.108
31.320,123.287,0.053,4,6332.611,1209.659
31.330,123.299,0.053,4,6333.210,1210.210
31.340,123.311,0.053,4,6333.808,1210.761
31.350,123.322,0.053,4,6334.407,1211.313
31.360,123.334,0.053,4,6335.005,1211.864
31.370,123.346,0.053,4,6335.603,1212.415
31.380,123.357,0.053,4,6336.201,1212.967
31.390,123.369,0.053,4,6336.798,1213.518
31.400,123.381,0.053,4,6337.396,1214.070
31.410,123.392,0.053,4,6337.993,1214.621
31.420,123.404,0.053,4,6338.590,1215.173
31.430,123.415,0.053,4,6339.187,1215.725
31.440,123.427,0.053,4,6339.784,1216.276
31.450,123.439,0.053,4,6340.380,1216.828
31.460,123.450,0.053,4,6340.976,1217.380
31.470,123.462,0.053,4,6341.572,1217.932
31.480,123.473,0.053,4,6342.168,1218.484
31.490,123.485,0.053,4,6342.764,1219.036
31.500,123.497,0.053,4,6343.359,1219.588
31.510,123.508,0.053,4,6343.955,1220.140
31.520,123.520,0.053,4,6344.550,1220.692
31.530,123.531,0.053,4,6345.145,1221.244
31.540,123.543,0.053,4,6345.739,1221.797
31.550,123.555,0.053,4,6346.334,1222.349
31.560,123.566,0.053,4,6346.928,1222.901
31.570,123.578,0.053,4,6347.522,1223.454
31.580,123.589,0.053,4,6348.116,1224.006
31.590,123.601,0.053,4,6348.710,1224.559
31.600,123.612,0.053,4,6349.303,1225.111
31.610,123.624,0.053,4,6349.897,1225.664
31.620,123.635,0.053,4,6350.490,1226.217
31.630,123.647,0.053,4,6351.083,1226.769
31.640,123.659,0.053,4,6351.675,1227.322
31.650,123.670,0.053,4,6352.268,1227.875
31.660,123.682,0.053,4,6352.860,1228.428
31.670,123.693,0.053,4,6353.452,1228.981
31.680,123.705,0.052,4,6354.044,1229.534
31.690,123.716,0.052,4,6354.636,1230.087
31.700,123.728,0.052,4,6355.228,1230.640
31.710,123.739,0.052,4,6355.819,1231.193
31.720,123.751,0.052,4,6356.410,1231.746
31.730,123.762,0.052,4,6357.001,1232.299
31.740,123.774,0.052,4,6357.592,1232.853
31.750,123.785,0.052,4,6358.182,1233.406
31.760,123.797,0.052,4,6358.773,1233.959
31.770,123.808,0.052,4,6359.363,1234.513
31.780,123.820,0.052,4,6359.953,1235.066
31.790,123.831,0.052,4,6360.543,1235.620
31.800,123.843,0.052,4,6361.132,1236.173
31.810,123.854,0.052,4,6361.722,1236.727
31.820,123.866,0.052,4,6362.311,1237.281
31.830,123.877,0.052,4,6362.900,1237.835
31.840,123.889,0.052,4,6363.489,1238.388
31.850,123.900,0.052,4,6364.077,1238.942
31.860,123.911,0.052,4,6364.666,1239.496
31.870,123.923,0.052,4,6365.254,1240.050
31.880,123.934,0.052,4,6365.842,1240.604
31.890,123.946,0.052,4,6366.430,1241.158
31.900,123.957,0.052,4,6367.018,1241.712
31.910,123.969,0.052,4,6367.605,1242.266
31.920,123.980,0.052,4,6368.192,1242.821
31.930,123.992,0.052,4,6368.779,1243.375
31.940,124.003,0.052,4,6369.366,1243.929
31.950,124.014,0.052,4,6369.953,1244.484
31.960,124.026,0.052,4,6370.539,1245.038
31.970,124.037,0.052,4,6371.126,1245.593
31.980,124.049,0.052,4,6371.712,1246.147
31.990,124.060,0.052,4,6372.298,1246.702
32.000,124.071,0.052,4,6372.883,1247.256
32.010,124.083,0.052,4,6373.469,1247.811
32.020,124.094,0.052,4,6374.054,1248.366
32.030,124.106,0.052,4,6374.639,1248.920
32.040,124.117,0.052,4,6375.224,1249.475
32.050,124.128,0.052,4,6375.809,1250.030
32.060,124.140,0.052,4,6376.393,1250.585
32.070,124.151,0.052,4,6376.978,1251.140
32.080,124.163,0.052,4,6377.562,1251.695
32.090,124.174,0.052,4,6378.146,1252.250
32.100,124.185,0.052,4,6378.729,1252.805
32.110,124.197,0.052,4,6379.313,1253.360
32.120,124.208,0.052,4,6379.896,1253.916
32.130,124.219,0.052,4,6380.480,1254.471
32.140,124.231,0.052,4,6381.063,1255.026
32.150,124.242,0.052,4,6381.645,1255.582
32.160,124.253,0.052,4,6382.228,1256.137
32.170,124.265,0.052,4,6382.810,1256.693
32.180,124.276,0.052,4,6383.393,1257.248
32.190,124.287,0.052,4,6383.975,1257.804
32.200,124.299,0.052,4,6384.556,1258.359
32.210,124.310,0.052,4,6385.138,1258.915
32.220,124.321,0.052,4,6385.719,1259.471
32.230,124.333,0.052,4,6386.301,1260.027
32.240,124.344,0.052,4,6386.882,1260.582
32.250,124.355,0.052,4,6387.463,1261.138
32.260,124.367,0.051,4,6388.043,1261.694
32.270,124.378,0.051,4,6388.624,1262.250
32.280,124.389,0.051,4,6389.204,1262.806
32.290,124.400,0.051,4,6389.784,1263.362
32.300,124.412,0.051,4,6390.364,1263.919
32.310,124.423,0.051,4,6390.944,1264.475
32.320,124.434,0.051,4,6391.523,1265.031
32.330,124.446,0.051,4,6392.102,1265.587
32.340,124.457,0.051,4,6392.681,1266.144
32.350,124.468,0.051,4,6393.260,1266.700
32.360,124.479,0.051,4,6393.839,1267.256
32.370,124.491,0.051,4,6394.418,1267.813
32.380,124.502,0.051,4,6394.996,1268.369
32.390,124.513,0.051,4,6395.574,1268.926
32.400,124.524,0.051,4,6396.152,1269.483
32.410,124.536,0.051,4,6396.730,1270.039
32.420,124.547,0.051,4,6397.307,1270.596
32.430,124.558,0.051,4,6397.885,1271.153
32.440,124.569,0.051,4,6398.462,1271.710
32.450,124.581,0.051,4,6399.039,1272.267
32.460,124.592,0.051,4,6399.616,1272.824
32.470,124.603,0.051,4,6400.192,1273.381
32.480,124.614,0.051,4,6400.769,1273.938
32.490,124.626,0.051,4,6401.345,1274.495
32.500,124.637,0.051,4,6401.921,1275.052
32.510,124.648,0.051,4,6402.497,1275.609
32.520,124.659,0.051,4,6403.073,1276.166
32.530,124.670,0.051,4,6403.648,1276.724
32.540,124.682,0.051,4,6404.223,1277.281
32.550,124.693,0.051,4,6404.798,1277.838
32.560,124.704,0.051,4,6405.373,1278.396
32.570,124.715,0.051,4,6405.948,1278.953
32.580,124.726,0.051,4,6406.522,1279.511
32.590,124.738,0.051,4,6407.097,1280.069
32.600,124.749,0.051,4,6407.671,1280.626
32.610,124.760,0.051,4,6408.245,1281.184
32.620,124.771,0.051,4,6408.819,1281.742
32.630,124.782,0.051,4,6409.392,1282.299
32.640,124.793,0.051,4,6409.965,1282.857
32.650,124.805,0.051,4,6410.539,1283.415
32.660,124.816,0.051,4,6411.112,1283.973
32.670,124.827,0.051,4,6411.684,1284.531
32.680,124.838,0.051,4,6412.257,1285.089
32.690,124.849,0.051,4,6412.829,1285.647
32.700,124.860,0.051,4,6413.401,1286.205
32.710,124.871,0.051,4,6413.973,1286.764
32.720,124.883,0.051,4,6414.545,1287.322
32.730,124.894,0.051,4,6415.117,1287.880
32.740,124.905,0.051,4,6415.688,1288.439
32.750,124.916,0.051,4,6416.260,1288.997
32.760,124.927,0.051,4,6416.831,1289.555
32.770,124.938,0.051,4,6417.402,1290.114
32.780,124.949,0.051,4,6417.972,1290.672
32.790,124.960,0.051,4,6418.543,1291.231
32.800,124.971,0.051,4,6419.113,1291.790
32.810,124.983,0.051,4,6419.683,1292.348
32.820,124.994,0.051,4,6420.253,1292.907
32.830,125.005,0.051,4,6420.823,1293.466
32.840,125.016,0.051,4,6421.392,1294.025
32.850,125.027,0.050,4,6421.962,1294.584
32.860,125.038,0.050,4,6422.531,1295.143
32.870,125.049,0.050,4,6423.100,1295.702
32.880,125.060,0.050,4,6423.668,1296.261
32.890,125.071,0.050,4,6424.237,1296.820
32.900,125.082,0.050,4,6424.805,1297.379
32.910,125.093,0.050,4,6425.374,1297.938
32.920,125.104,0.050,4,6425.942,1298.497
32.930,125.115,0.050,4,6426.509,1299.057
32.940,125.127,0.050,4,6427.077,1299.616
32.950,125.138,0.050,4,6427.645,1300.175
32.960,125.149,0.050,4,6428.212,1300.735
32.970,125.160,0.050,4,6428.779,1301.294
32.980,125.171,0.050,4,6429.346,1301.854
32.990,125.182,0.050,4,6429.912,1302.413
33.000,125.193,0.050,4,6430.479,1302.973
33.010,125.204,0.050,4,6431.045,1303.533
33.020,125.215,0.050,4,6431.611,1304.092
33.030,125.226,0.050,4,6432.177,1304.652
33.040,125.237,0.050,4,6432.743,1305.212
33.050,125.248,0.050,4,6433.308,1305.772
33.060,125.259,0.050,4,6433.874,1306.332
33.070,125.270,0.050,4,6434.439,1306.892
33.080,125.281,0.050,4,6435.004,1307.452
33.090,125.292,0.050,4,6435.569,1308.012
33.100,125.303,0.050,4,6436.133,1308.572
33.110,125.314,0.050,4,6436.698,1309.132
33.120,125.325,0.050,4,6437.262,1309.693
33.130,125.336,0.050,4,6437.826,1310.253
33.140,125.347,0.050,4,6438.390,1310.813
33.150,125.358,0.050,4,6438.953,1311.374
33.160,125.369,0.050,4,6439.517,1311.934
33.170,125.380,0.050,4,6440.080,1312.494
33.180,125.391,0.050,4,6440.643,1313.055
33.190,125.402,0.050,4,6441.206,1313.615
33.200,125.413,0.050,4,6441.769,1314.176
33.210,125.423,0.050,4,6442.331,1314.737
33.220,125.434,0.050,4,6442.894,1315.297
33.230,125.445,0.050,4,6443.456,1315.858
33.240,125.456,0.050,4,6444.018,1316.419
33.250,125.467,0.050,4,6444.580,1316.980
33.260,125.478,0.050,4,6445.141,1317.541
33.270,125.489,0.050,4,6445.703,1318.102
33.280,125.500,0.050,4,6446.264,1318.663
33.290,125.511,0.050,4,6446.825,1319.224
33.300,125.522,0.050,4,6447.386,1319.785
33.310,125.533,0.050,4,6447.946,1320.346
33.320,125.544,0.050,4,6448.507,1320.907
33.330,125.555,0.050,4,6449.067,1321.469
33.340,125.566,0.050,4,6449.627,1322.030
33.350,125.576,0.050,4,6450.187,1322.591
33.360,125.587,0.050,4,6450.747,1323.153
33.370,125.598,0.050,4,6451.306,1323.714
33.380,125.609,0.050,4,6451.865,1324.276
33.390,125.620,0.050,4,6452.424,1324.837
33.400,125.631,0.050,4,6452.983,1325.399
33.410,125.642,0.050,4,6453.542,1325.960
33.420,125.653,0.050,4,6454.101,1326.522
33.430,125.663,0.050,4,6454.659,1327.084
33.440,125.674,0.050,4,6455.217,1327.646
33.450,125.685,0.049,4,6455.775,1328.207
33.460,125.696,0.049,4,6456.333,1328.769
33.470,125.707,0.049,4,6456.891,1329.331
33.480,125.718,0.049,4,6457.448,1329.893
33.490,125.729,0.049,4,6458.005,1330.455
33.500,125.739,0.049,4,6458.562,1331.017
33.510,125.750,0.049,4,6459.119,1331.579
33.520,125.761,0.049,4,6459.676,1332.142
33.530,125.772,0.049,4,6460.233,1332.704
33.540,125.783,0.049,4,6460.789,1333.266
33.550,125.794,0.049,4,6461.345,1333.828
33.560,125.804,0.049,4,6461.901,1334.391
33.570,125.815,0.049,4,6462.457,1334.953
33.580,125.826,0.049,4,6463.012,1335.516
33.590,125.837,0.049,4,6463.568,1336.078
33.600,125.848,0.049,4,6464.123,1336.641
33.610,125.859,0.049,4,6464.678,1337.203
33.620,125.869,0.049,4,6465.233,1337.766
33.630,125.880,0.049,4,6465.787,1338.329
33.640,125.891,0.049,4,6466.342,1338.892
33.650,125.902,0.049,4,6466.896,1339.454
33.660,125.913,0.049,4,6467.450,1340.017
33.670,125.923,0.049,4,6468.004,1340.580
33.680,125.934,0.049,4,6468.558,1341.143
33.690,125.945,0.049,4,6469.111,1341.706
33.700,125.956,0.049,4,6469.664,1342.269
33.710,125.966,0.049,4,6470.218,1342.832
33.720,125.977,0.049,4,6470.771,1343.395
33.730,125.988,0.049,4,6471.323,1343.959
33.740,125.999,0.049,4,6471.876,1344.522
33.750,126.009,0.049,4,6472.428,1345.085
33.760,126.020,0.049,4,6472.980,1345.648
33.770,126.031,0.049,4,6473.533,1346.212
33.780,126.042,0.049,4,6474.084,1346.775
33.790,126.052,0.049,4,6474.636,1347.339
33.800,126.063,0.049,4,6475.187,1347.902
33.810,126.074,0.049,4,6475.739,1348.466
33.820,126.085,0.049,4,6476.290,1349.029
33.830,126.095,0.049,4,6476.841,1349.593
33.840,126.106,0.049,4,6477.391,1350.157
33.850,126.117,0.049,4,6477.942,1350.721
33.860,126.127,0.049,4,6478.492,1351.284
33.870,126.138,0.049,4,6479.042,1351.848
33.880,126.149,0.049,4,6479.592,1352.412
33.890,126.160,0.049,4,6480.142,1352.976
33.900,126.170,0.049,4,6480.692,1353.540
33.910,126.181,0.049,4,6481.241,1354.104
33.920,126.192,0.049,4,6481.791,1354.668
33.930,126.202,0.049,4,6482.340,1355.232
33.940,126.213,0.049,4,6482.888,1355.797
33.950,126.224,0.049,4,6483.437,1356.361
33.960,126.234,0.049,4,6483.986,1356.925
33.970,126.245,0.049,4,6484.534,1357.490
33.980,126.256,0.049,4,6485.082,1358.054
33.990,126.266,0.049,4,6485.630,1358.618
34.000,126.277,0.049,4,6486.178,1359.183
34.010,126.288,0.049,4,6486.725,1359.747
34.020,126.298,0.049,4,6487.273,1360.312
34.030,126.309,0.049,4,6487.820,1360.877
34.040,126.320,0.049,4,6488.367,1361.441
34.050,126.330,0.048,4,6488.914,1362.006
34.060,126.341,0.048,4,6489.460,1362.571
34.070,126.352,0.048,4,6490.007,1363.136
34.080,126.362,0.048,4,6490.553,1363.700
34.090,126.373,0.048,4,6491.099,1364.265
34.100,126.384,0.048,4,6491.645,1364.830
34.110,126.394,0.048,4,6492.191,1365.395
34.120,126.405,0.048,4,6492.736,1365.960
34.130,126.415,0.048,4,6493.282,1366.525
34.140,126.426,0.048,4,6493.827,1367.091
34.150,126.437,0.048,4,6494.372,1367.656
34.160,126.447,0.048,4,6494.917,1368.221
34.170,126.458,0.048,4,6495.461,1368.786
34.180,126.468,0.048,4,6496.006,1369.352
34.190,126.479,0.048,4,6496.550,1369.917
34.200,126.490,0.048,4,6497.094,1370.483
34.210,126.500,0.048,4,6497.638,1371.048
34.220,126.511,0.048,4,6498.182,1371.614
34.230,126.521,0.048,4,6498.725,1372.179
34.240,126.532,0.048,4,6499.268,1372.745
34.250,126.543,0.048,4,6499.812,1373.310
34.260,126.553,0.048,4,6500.355,1373.876
34.270,126.564,0.048,4,6500.897,1374.442
34.280,126.574,0.048,4,6501.440,1375.008
34.290,126.585,0.048,4,6501.982,1375.574
34.300,126.595,0.048,4,6502.525,1376.139
34.310,126.606,0.048,4,6503.067,1376.705
34.320,126.616,0.048,4,6503.608,1377.271
34.330,126.627,0.048,4,6504.150,1377.837
34.340,126.638,0.048,4,6504.692,1378.404
34.350,126.648,0.048,4,6505.233,1378.970
34.360,126.659,0.048,4,6505.774,1379.536
34.370,126.669,0.048,4,6506.315,1380.102
34.380,126.680,0.048,4,6506.856,1380.668
34.390,126.690,0.048,4,6507.396,1381.235
34.400,126.701,0.048,4,6507.937,1381.801
34.410,126.711,0.048,4,6508.477,1382.368
34.420,126.722,0.048,4,6509.017,1382.934
34.430,126.732,0.048,4,6509.557,1383.501
34.440,126.743,0.048,4,6510.096,1384.067
34.450,126.753,0.048,4,6510.636,1384.634
34.460,126.764,0.048,4,6511.175,1385.200
34.470,126.774,0.048,4,6511.714,1385.767
34.480,126.785,0.048,4,6512.253,1386.334
34.490,126.795,0.048,4,6512.792,1386.901
34.500,126.806,0.048,4,6513.330,1387.468
34.510,126.816,0.048,4,6513.869,1388.034
34.520,126.827,0.048,4,6514.407,1388.601
34.530,126.837,0.048,4,6514.945,1389.168
34.540,126.848,0.048,4,6515.483,1389.735
34.550,126.858,0.048,4,6516.021,1390.302
34.560,126.869,0.048,4,6516.558,1390.870
34.570,126.879,0.048,4,6517.095,1391.437
34.580,126.889,0.048,4,6517.632,1392.004
34.590,126.900,0.048,4,6518.169,1392.571
34.600,126.910,0.048,4,6518.706,1393.139
34.610,126.921,0.048,4,6519.243,1393.706
34.620,126.931,0.048,4,6519.779,1394.273
34.630,126.942,0.048,4,6520.315,1394.841
34.640,126.952,0.048,4,6520.851,1395.408
34.650,126.963,0.048,4,6521.387,1395.976
34.660,126.973,0.048,4,6521.923,1396.543
34.670,126.983,0.047,4,6522.458,1397.111
34.680,126.994,0.047,4,6522.993,1397.679
34.690,127.004,0.047,4,6523.528,1398.247
34.700,127.015,0.047,4,6524.063,1398.814
34.710,127.025,0.047,4,6524.598,1399.382
34.720,127.036,0.047,4,6525.133,1399.950
34.730,127.046,0.047,4,6525.667,1400.518
34.740,127.056,0.047,4,6526.201,1401.086
34.750,127.067,0.047,4,6526.735,1401.654
34.760,127.077,0.047,4,6527.269,1402.222
34.770,127.087,0.047,4,6527.803,1402.790
34.780,127.098,0.047,4,6528.336,1403.358
34.790,127.108,0.047,4,6528.869,1403.926
34.800,127.119,0.047,4,6529.403,1404.495
34.810,127.129,0.047,4,6529.935,1405.063
34.820,127.139,0.047,4,6530.468,1405.631
34.830,127.150,0.047,4,6531.001,1406.200
34.840,127.160,0.047,4,6531.533,1406.768
34.850,127.170,0.047,4,6532.065,1407.337
34.860,127.181,0.047,4,6532.597,1407.905
34.870,127.191,0.047,4,6533.129,1408.474
34.880,127.202,0.047,4,6533.661,1409.042
34.890,127.212,0.047,4,6534.192,1409.611
34.900,127.222,0.047,4,6534.724,1410.180
34.910,127.233,0.047,4,6535.255,1410.748
34.920,127.243,0.047,4,6535.786,1411.317
34.930,127.253,0.047,4,6536.316,1411.886
34.940,127.264,0.047,4,6536.847,1412.455
34.950,127.274,0.047,4,6537.377,1413.024
34.960,127.284,0.047,4,6537.908,1413.593
34.970,127.295,0.047,4,6538.438,1414.162
34.980,127.305,0.047,4,6538.967,1414.731
34.990,127.315,0.047,4,6539.497,1415.300
35.000,127.325,0.047,4,6540.027,1415.869
35.010,127.336,0.047,4,6540.556,1416.439
35.020,127.346,0.047,4,6541.085,1417.008
35.030,127.356,0.047,4,6541.614,1417.577
35.040,127.367,0.047,4,6542.143,1418.146
35.050,127.377,0.047,4,6542.671,1418.716
35.060,127.387,0.047,4,6543.200,1419.285
35.070,127.398,0.047,4,6543.728,1419.855
35.080,127.408,0.047,4,6544.256,1420.424
35.090,127.418,0.047,4,6544.784,1420.994
35.100,127.428,0.047,4,6545.312,1421.564
35.110,127.439,0.047,4,6545.839,1422.133
35.120,127.449,0.047,4,6546.366,1422.703
35.130,127.459,0.047,4,6546.894,1423.273
35.140,127.469,0.047,4,6547.420,1423.843
35.150,127.480,0.047,4,6547.947,1424.412
35.160,127.490,0.047,4,6548.474,1424.982
35.170,127.500,0.047,4,6549.000,1425.552
35.180,127.510,0.047,4,6549.527,1426.122
35.190,127.521,0.047,4,6550.053,1426.692
35.200,127.531,0.047,4,6550.578,1427.262
35.210,127.541,0.047,4,6551.104,1427.833
35.220,127.551,0.047,4,6551.630,1428.403
35.230,127.562,0.047,4,6552.155,1428.973
35.240,127.572,0.047,4,6552.680,1429.543
35.250,127.582,0.047,4,6553.205,1430.114
35.260,127.592,0.047,4,6553.730,1430.684
35.270,127.602,0.047,4,6554.255,1431.254
35.280,127.613,0.047,4,6554.779,1431.825
35.290,127.623,0.046,4,6555.303,1432.395
35.300,127.633,0.046,4,6555.828,1432.966
35.310,127.643,0.046,4,6556.351,1433.536
35.320,127.654,0.046,4,6556.875,1434.107
35.330,127.664,0.046,4,6557.399,1434.678
35.340,127.674,0.046,4,6557.922,1435.249
35.350,127.684,0.046,4,6558.445,1435.819
35.360,127.694,0.046,4,6558.968,1436.390
35.370,127.704,0.046,4,6559.491,1436.961
35.380,127.715,0.046,4,6560.014,1437.532
35.390,127.725,0.046,4,6560.536,1438.103
35.400,127.735,0.046,4,6561.059,1438.674
35.410,127.745,0.046,4,6561.581,1439.245
35.420,127.755,0.046,4,6562.103,1439.816
35.430,127.765,0.046,4,6562.624,1440.387
35.440,127.776,0.046,4,6563.146,1440.958
35.450,127.786,0.046,4,6563.667,1441.530
35.460,127.796,0.046,4,6564.189,1442.101
35.470,127.806,0.046,4,6564.710,1442.672
35.480,127.816,0.046,4,6565.231,1443.243
35.490,127.826,0.046,4,6565.751,1443.815
35.500,127.836,0.046,4,6566.272,1444.386
35.510,127.847,0.046,4,6566.792,1444.958
35.520,127.857,0.046,4,6567.312,1445.529
35.530,127.867,0.046,4,6567.832,1446.101
35.540,127.877,0.046,4,6568.352,1446.673
35.550,127.887,0.046,4,6568.872,1447.244
35.560,127.897,0.046,4,6569.391,1447.816
35.570,127.907,0.046,4,6569.911,1448.388
35.580,127.917,0.046,4,6570.430,1448.960
35.590,127.927,0.046,4,6570.949,1449.532
35.600,127.938,0.046,4,6571.467,1450.103
35.610,127.948,0.046,4,6571.986,1450.675
35.620,127.958,0.046,4,6572.504,1451.247
35.630,127.968,0.046,4,6573.023,1451.819
35.640,127.978,0.046,4,6573.541,1452.391
35.650,127.988,0.046,4,6574.058,1452.964
35.660,127.998,0.046,4,6574.576,1453.536
35.670,128.008,0.046,4,6575.094,1454.108
35.680,128.018,0.046,4,6575.611,1454.680
35.690,128.028,0.046,4,6576.128,1455.253
35.700,128.038,0.046,4,6576.645,1455.825
35.710,128.048,0.046,4,6577.162,1456.397
35.720,128.059,0.046,4,6577.679,1456.970
35.730,128.069,0.046,4,6578.195,1457.542
35.740,128.079,0.046,4,6578.711,1458.115
35.750,128.089,0.046,4,6579.227,1458.687
35.760,128.099,0.046,4,6579.743,1459.260
35.770,128.109,0.046,4,6580.259,1459.833
35.780,128.119,0.046,4,6580.775,1460.405
35.790,128.129,0.046,4,6581.290,1460.978
35.800,128.139,0.046,4,6581.805,1461.551
35.810,128.149,0.046,4,6582.320,1462.124
35.820,128.159,0.046,4,6582.835,1462.697
35.830,128.169,0.046,4,6583.350,1463.270
35.840,128.179,0.046,4,6583.864,1463.843
35.850,128.189,0.046,4,6584.379,1464.416
35.860,128.199,0.046,4,6584.893,1464.989
35.870,128.209,0.046,4,6585.407,1465.562
35.880,128.219,0.046,4,6585.920,1466.135
35.890,128.229,0.046,4,6586.434,1466.708
35.900,128.239,0.046,4,6586.948,1467.282
35.910,128.249,0.046,4,6587.461,1467.855
35.920,128.259,0.046,4,6587.974,1468.428
35.930,128.269,0.045,4,6588.487,1469.002
35.940,128.279,0.045,4,6589.000,1469.575
35.950,128.289,0.045,4,6589.512,1470.149
35.960,128.299,0.045,4,6590.025,1470.722
35.970,128.309,0.045,4,6590.537,1471.296
35.980,128.319,0.045,4,6591.049,1471.869
35.990,128.329,0.045,4,6591.561,1472.443
36.000,128.339,0.045,4,6592.072,1473.017
36.010,128.349,0.045,4,6592.584,1473.590
36.020,128.359,0.045,4,6593.095,1474.164
36.030,128.369,0.045,4,6593.606,1474.738
36.040,128.379,0.045,4,6594.117,1475.312
36.050,128.388,0.045,4,6594.628,1475.886
36.060,128.398,0.045,4,6595.139,1476.460
36.070,128.408,0.045,4,6595.649,1477.034
36.080,128.418,0.045,4,6596.159,1477.608
36.090,128.428,0.045,4,6596.670,1478.182
36.100,128.438,0.045,4,6597.179,1478.756
36.110,128.448,0.045,4,6597.689,1479.330
36.120,128.458,0.045,4,6598.199,1479.905
36.130,128.468,0.045,4,6598.708,1480.479
36.140,128.478,0.045,4,6599.217,1481.053
36.150,128.488,0.045,4,6599.727,1481.627
36.160,128.498,-0.116,5,4290.153,1482.202
36.170,128.472,-0.116,5,4289.306,1482.776
36.180,128.447,-0.116,5,4288.459,1483.351
36.190,128.422,-0.116,5,4287.612,1483.925
36.200,128.396,-0.115,5,4286.766,1484.499
36.210,128.371,-0.115,5,4285.920,1485.073
36.220,128.346,-0.115,5,4285.074,1485.646
36.230,128.320,-0.115,5,4284.229,1486.220
36.240,128.295,-0.115,5,4283.384,1486.794
36.250,128.270,-0.115,5,4282.539,1487.367
36.260,128.244,-0.115,5,4281.695,1487.941
36.270,128.219,-0.115,5,4280.850,1488.514
36.280,128.194,-0.115,5,4280.006,1489.087
36.290,128.168,-0.115,5,4279.163,1489.660
36.300,128.143,-0.115,5,4278.319,1490.233
36.310,128.118,-0.115,5,4277.476,1490.806
36.320,128.093,-0.115,5,4276.633,1491.378
36.330,128.067,-0.115,5,4275.791,1491.951
36.340,128.042,-0.115,5,4274.949,1492.523
36.350,128.017,-0.115,5,4274.107,1493.096
36.360,127.992,0.024,5,4273.265,1493.668
36.370,127.997,0.024,5,4273.445,1494.240
36.380,128.003,0.024,5,4273.624,1494.812
36.390,128.008,0.024,5,4273.803,1495.385
36.400,128.013,0.024,5,4273.982,1495.957
36.410,128.019,0.024,5,4274.162,1496.529
36.420,128.024,0.024,5,4274.341,1497.101
36.430,128.029,0.024,5,4274.520,1497.674
36.440,128.035,0.024,5,4274.699,1498.246
36.450,128.040,0.024,5,4274.878,1498.818
36.460,128.045,0.024,5,4275.056,1499.391
36.470,128.051,0.024,5,4275.235,1499.963
36.480,128.056,0.024,5,4275.414,1500.536
36.490,128.062,0.024,5,4275.593,1501.108
36.500,128.067,0.024,5,4275.771,1501.681
36.510,128.072,0.024,5,4275.950,1502.253
36.520,128.078,0.024,5,4276.128,1502.826
36.530,128.083,0.024,5,4276.307,1503.398
36.540,128.088,0.024,5,4276.485,1503.971
36.550,128.094,0.024,5,4276.663,1504.544
36.560,128.099,0.024,5,4276.842,1505.116
36.570,128.104,0.024,5,4277.020,1505.689
36.580,128.110,0.024,5,4277.198,1506.262
36.590,128.115,0.024,5,4277.376,1506.834
36.600,128.120,0.024,5,4277.554,1507.407
36.610,128.126,0.024,5,4277.732,1507.980
36.620,128.131,0.024,5,4277.910,1508.553
36.630,128.136,0.024,5,4278.088,1509.125
36.640,128.142,0.024,5,4278.265,1509.698
36.650,128.147,0.024,5,4278.443,1510.271
36.660,128.152,0.024,5,4278.621,1510.844
36.670,128.158,0.024,5,4278.798,1511.417
36.680,128.163,0.024,5,4278.976,1511.990
36.690,128.168,0.024,5,4279.153,1512.563
36.700,128.174,0.024,5,4279.331,1513.136
36.710,128.179,0.024,5,4279.508,1513.709
36.720,128.184,0.024,5,4279.685,1514.282
36.730,128.189,0.024,5,4279.863,1514.855
36.740,128.195,0.024,5,4280.040,1515.428
36.750,128.200,0.024,5,4280.217,1516.001
36.760,128.205,0.024,5,4280.394,1516.574
36.770,128.211,0.024,5,4280.571,1517.147
36.780,128.216,0.024,5,4280.748,1517.720
36.790,128.221,0.024,5,4280.924,1518.294
36.800,128.227,0.024,5,4281.101,1518.867
36.810,128.232,0.024,5,4281.278,1519.440
36.820,128.237,0.024,5,4281.455,1520.013
36.830,128.242,0.024,5,4281.631,1520.587
36.840,128.248,0.024,5,4281.808,1521.160
36.850,128.253,0.024,5,4281.984,1521.733
36.860,128.258,0.024,5,4282.161,1522.307
36.870,128.264,0.024,5,4282.337,1522.880
36.880,128.269,0.024,5,4282.513,1523.453
36.890,128.274,0.024,5,4282.690,1524.027
36.900,128.279,0.024,5,4282.866,1524.600
36.910,128.285,0.024,5,4283.042,1525.174
36.920,128.290,0.024,5,4283.218,1525.747
36.930,128.295,0.024,5,4283.394,1526.321
36.940,128.300,0.024,5,4283.570,1526.894
36.950,128.306,0.024,5,4283.746,1527.468
36.960,128.311,0.024,5,4283.922,1528.041
36.970,128.316,0.024,5,4284.097,1528.615
36.980,128.322,0.024,5,4284.273,1529.189
36.990,128.327,0.024,5,4284.449,1529.762
37.000,128.332,0.024,5,4284.624,1530.336
37.010,128.337,0.024,5,4284.800,1530.910
37.020,128.343,0.024,5,4284.975,1531.483
37.030,128.348,0.024,5,4285.151,1532.057
37.040,128.353,0.024,5,4285.326,1532.631
37.050,128.358,0.024,5,4285.501,1533.205
37.060,128.364,0.024,5,4285.676,1533.779
37.070,128.369,0.024,5,4285.852,1534.352
37.080,128.374,0.024,5,4286.027,1534.926
37.090,128.379,0.024,5,4286.202,1535.500
37.100,128.385,0.024,5,4286.377,1536.074
37.110,128.390,0.024,5,4286.552,1536.648
37.120,128.395,0.024,5,4286.727,1537.222
37.130,128.400,0.024,5,4286.901,1537.796
37.140,128.406,0.024,5,4287.076,1538.370
37.150,128.411,0.024,5,4287.251,1538.944
37.160,128.416,0.024,5,4287.425,1539.518
37.170,128.421,0.024,5,4287.600,1540.092
37.180,128.426,0.024,5,4287.774,1540.666
37.190,128.432,0.024,5,4287.949,1541.240
37.200,128.437,0.024,5,4288.123,1541.815
37.210,128.442,0.024,5,4288.297,1542.389
37.220,128.447,0.024,5,4288.472,1542.963
37.230,128.453,0.024,5,4288.646,1543.537
37.240,128.458,0.024,5,4288.820,1544.111
37.250,128.463,0.024,5,4288.994,1544.686
37.260,128.468,0.024,5,4289.168,1545.260
37.270,128.473,0.024,5,4289.342,1545.834
37.280,128.479,0.024,5,4289.516,1546.409
37.290,128.484,0.024,5,4289.690,1546.983
37.300,128.489,0.024,5,4289.864,1547.557
37.310,128.494,0.010,5,4290.037,1548.132
37.320,128.496,0.010,5,4290.109,1548.706
37.330,128.498,0.010,5,4290.180,1549.281
37.340,128.501,0.010,5,4290.252,1549.855
37.350,128.503,0.010,5,4290.324,1550.429
37.360,128.505,0.010,5,4290.395,1551.004
37.370,128.507,0.010,5,4290.466,1551.578
37.380,128.509,0.010,5,4290.538,1552.153
37.390,128.511,0.010,5,4290.609,1552.727
37.400,128.513,0.010,5,4290.681,1553.302
37.410,128.516,0.010,5,4290.752,1553.876
37.420,128.518,0.010,5,4290.823,1554.451
37.430,128.520,0.010,5,4290.895,1555.025
37.440,128.522,0.010,5,4290.966,1555.600
37.450,128.524,0.010,5,4291.037,1556.175
37.460,128.526,0.010,5,4291.108,1556.749
37.470,128.528,0.010,5,4291.180,1557.324
37.480,128.531,0.010,5,4291.251,1557.898
37.490,128.533,0.010,5,4291.322,1558.473
37.500,128.535,0.010,5,4291.393,1559.047
37.510,128.537,0.010,5,4291.464,1559.622
37.520,128.539,0.010,5,4291.535,1560.197
37.530,128.541,0.010,5,4291.606,1560.771
37.540,128.543,0.010,5,4291.677,1561.346
37.550,128.545,0.010,5,4291.748,1561.921
37.560,128.548,0.010,5,4291.819,1562.495
37.570,128.550,0.010,5,4291.890,1563.070
37.580,128.552,0.010,5,4291.961,1563.645
37.590,128.554,0.010,5,4292.032,1564.219
37.600,128.556,0.010,5,4292.103,1564.794
37.610,128.558,0.010,5,4292.174,1565.369
37.620,128.560,0.010,5,4292.245,1565.943
37.630,128.562,0.010,5,4292.316,1566.518
37.640,128.565,0.010,5,4292.387,1567.093
37.650,128.567,0.010,5,4292.457,1567.668
37.660,128.569,0.010,5,4292.528,1568.242
37.670,128.571,0.010,5,4292.599,1568.817
37.680,128.573,0.010,5,4292.669,1569.392
37.690,128.575,0.010,5,4292.740,1569.967
37.700,128.577,0.010,5,4292.811,1570.541
37.710,128.579,0.010,5,4292.881,1571.116
37.720,128.582,0.010,5,4292.952,1571.691
37.730,128.584,0.010,5,4293.023,1572.266
37.740,128.586,0.010,5,4293.093,1572.841
37.750,128.588,0.010,5,4293.164,1573.415
37.760,128.590,0.010,5,4293.234,1573.990
37.770,128.592,0.010,5,4293.305,1574.565
37.780,128.594,0.010,5,4293.375,1575.140
37.790,128.596,0.010,5,4293.446,1575.715
37.800,128.598,0.010,5,4293.516,1576.290
37.810,128.601,0.010,5,4293.586,1576.865
37.820,128.603,0.010,5,4293.657,1577.440
37.830,128.605,0.010,5,4293.727,1578.014
37.840,128.607,0.010,5,4293.797,1578.589
37.850,128.609,0.010,5,4293.868,1579.164
37.860,128.611,0.010,5,4293.938,1579.739
37.870,128.613,0.010,5,4294.008,1580.314
37.880,128.615,0.010,5,4294.078,1580.889
37.890,128.617,0.010,5,4294.149,1581.464
37.900,128.619,0.010,5,4294.219,1582.039
37.910,128.622,0.010,5,4294.289,1582.614
37.920,128.624,0.010,5,4294.359,1583.189
37.930,128.626,0.010,5,4294.429,1583.764
37.940,128.628,0.010,5,4294.499,1584.339
37.950,128.630,0.010,5,4294.569,1584.914
37.960,128.632,0.010,5,4294.639,1585.489
37.970,128.634,0.010,5,4294.709,1586.064
37.980,128.636,0.010,5,4294.779,1586.639
37.990,128.638,0.010,5,4294.849,1587.214
38.000,128.640,0.010,5,4294.919,1587.789
38.010,128.643,0.010,5,4294.989,1588.364
38.020,128.645,0.010,5,4295.059,1588.939
38.030,128.647,0.010,5,4295.129,1589.515
38.040,128.649,0.010,5,4295.199,1590.090
38.050,128.651,0.010,5,4295.268,1590.665
38.060,128.653,0.010,5,4295.338,1591.240
38.070,128.655,0.010,5,4295.408,1591.815
38.080,128.657,0.010,5,4295.478,1592.390
38.090,128.659,0.010,5,4295.547,1592.965
38.100,128.661,0.010,5,4295.617,1593.541
38.110,128.663,0.010,5,4295.687,1594.116
38.120,128.665,0.010,5,4295.756,1594.691
38.130,128.668,0.009,5,4295.826,1595.266
38.140,128.670,0.009,5,4295.896,1595.841
38.150,128.672,0.009,5,4295.965,1596.416
38.160,128.674,0.009,5,4296.035,1596.992
38.170,128.676,0.009,5,4296.104,1597.567
38.180,128.678,0.009,5,4296.174,1598.142
38.190,128.680,0.009,5,4296.243,1598.717
38.200,128.682,0.009,5,4296.313,1599.293
38.210,128.684,0.009,5,4296.382,1599.868
38.220,128.686,0.009,5,4296.451,1600.443
38.230,128.688,0.009,5,4296.521,1601.018
38.240,128.690,0.009,5,4296.590,1601.594
38.250,128.693,0.009,5,4296.659,1602.169
38.260,128.695,0.009,5,4296.729,1602.744
38.270,128.697,0.009,5,4296.798,1603.320
38.280,128.699,0.009,5,4296.867,1603.895
38.290,128.701,0.009,5,4296.936,1604.470
38.300,128.703,0.009,5,4297.006,1605.046
38.310,128.705,0.009,5,4297.075,1605.621
38.320,128.707,0.009,5,4297.144,1606.196
38.330,128.709,0.009,5,4297.213,1606.772
38.340,128.711,0.009,5,4297.282,1607.347
38.350,128.713,0.009,5,4297.351,1607.923
38.360,128.715,0.009,5,4297.420,1608.498
38.370,128.717,0.009,5,4297.489,1609.073
38.380,128.719,0.009,5,4297.558,1609.649
38.390,128.722,0.009,5,4297.627,1610.224
38.400,128.724,0.009,5,4297.696,1610.800
38.410,128.726,0.009,5,4297.765,1611.375
38.420,128.728,0.009,5,4297.834,1611.951
38.430,128.730,0.009,5,4297.903,1612.526
38.440,128.732,0.009,5,4297.972,1613.102
38.450,128.734,0.009,5,4298.041,1613.677
38.460,128.736,0.009,5,4298.110,1614.253
38.470,128.738,0.009,5,4298.179,1614.828
38.480,128.740,0.009,5,4298.247,1615.404
38.490,128.742,0.009,5,4298.316,1615.979
38.500,128.744,0.009,5,4298.385,1616.555
38.510,128.746,0.009,5,4298.454,1617.130
38.520,128.748,0.009,5,4298.522,1617.706
38.530,128.750,0.009,5,4298.591,1618.281
38.540,128.752,0.009,5,4298.660,1618.857
38.550,128.755,0.009,5,4298.728,1619.432
38.560,128.757,0.009,5,4298.797,1620.008
38.570,128.759,0.009,5,4298.865,1620.584
38.580,128.761,0.009,5,4298.934,1621.159
38.590,128.763,0.009,5,4299.002,1621.735
38.600,128.765,0.009,5,4299.071,1622.310
38.610,128.767,0.009,5,4299.139,1622.886
38.620,128.769,0.009,5,4299.208,1623.462
38.630,128.771,0.009,5,4299.276,1624.037
38.640,128.773,0.009,5,4299.345,1624.613
38.650,128.775,0.009,5,4299.413,1625.189
38.660,128.777,0.009,5,4299.481,1625.764
38.670,128.779,0.009,5,4299.550,1626.340
38.680,128.781,0.009,5,4299.618,1626.916
38.690,128.783,0.009,5,4299.686,1627.491
38.700,128.785,0.009,5,4299.755,1628.067
38.710,128.787,0.009,5,4299.823,1628.643
38.720,128.789,0.009,5,4299.891,1629.219
38.730,128.791,0.009,5,4299.959,1629.794
38.740,128.793,0.009,5,4300.027,1630.370
38.750,128.795,0.009,5,4300.095,1630.946
38.760,128.798,0.009,5,4300.164,1631.522
38.770,128.800,0.009,5,4300.232,1632.097
38.780,128.802,0.009,5,4300.300,1632.673
38.790,128.804,0.009,5,4300.368,1633.249
38.800,128.806,0.009,5,4300.436,1633.825
38.810,128.808,0.009,5,4300.504,1634.401
38.820,128.810,0.009,5,4300.572,1634.976
38.830,128.812,0.009,5,4300.640,1635.552
38.840,128.814,0.009,5,4300.708,1636.128
38.850,128.816,0.009,5,4300.776,1636.704
38.860,128.818,0.009,5,4300.843,1637.280
38.870,128.820,0.009,5,4300.911,1637.856
38.880,128.822,0.009,5,4300.979,1638.432
38.890,128.824,0.009,5,4301.047,1639.008
38.900,128.826,0.009,5,4301.115,1639.583
38.910,128.828,0.009,5,4301.183,1640.159
38.920,128.830,0.009,5,4301.250,1640.735
38.930,128.832,0.009,5,4301.318,1641.311
38.940,128.834,0.009,5,4301.386,1641.887
38.950,128.836,0.009,5,4301.453,1642.463
38.960,128.838,0.009,5,4301.521,1643.039
38.970,128.840,0.009,5,4301.589,1643.615
38.980,128.842,0.009,5,4301.656,1644.191
38.990,128.844,0.009,5,4301.724,1644.767
39.000,128.846,0.009,5,4301.791,1645.343
39.010,128.848,0.009,5,4301.859,1645.919
39.020,128.850,0.009,5,4301.926,1646.495
39.030,128.852,0.009,5,4301.994,1647.071
39.040,128.854,0.009,5,4302.061,1647.647
39.050,128.856,0.009,5,4302.129,1648.223
39.060,128.858,0.009,5,4302.196,1648.799
39.070,128.860,0.009,5,4302.264,1649.375
39.080,128.862,0.009,5,4302.331,1649.951
39.090,128.864,0.009,5,4302.398,1650.527
39.100,128.866,0.009,5,4302.466,1651.103
39.110,128.868,0.009,5,4302.533,1651.679
39.120,128.870,0.009,5,4302.600,1652.255
39.130,128.872,0.009,5,4302.668,1652.832
39.140,128.875,0.009,5,4302.735,1653.408
39.150,128.877,0.009,5,4302.802,1653.984
39.160,128.879,0.009,5,4302.869,1654.560
39.170,128.881,0.009,5,4302.936,1655.136
39.180,128.883,0.009,5,4303.003,1655.712
39.190,128.885,0.009,5,4303.071,1656.288
39.200,128.887,0.009,5,4303.138,1656.865
39.210,128.889,0.009,5,4303.205,1657.441
39.220,128.891,0.009,5,4303.272,1658.017
39.230,128.893,0.009,5,4303.339,1658.593
39.240,128.895,0.009,5,4303.406,1659.169
39.250,128.897,0.009,5,4303.473,1659.746
39.260,128.899,0.009,5,4303.540,1660.322
39.270,128.901,0.009,5,4303.607,1660.898
39.280,128.903,0.009,5,4303.674,1661.474
39.290,128.905,0.009,5,4303.740,1662.050
39.300,128.907,0.009,5,4303.807,1662.627
39.310,128.909,0.009,5,4303.874,1663.203
39.320,128.911,0.009,5,4303.941,1663.779
39.330,128.913,0.009,5,4304.008,1664.356
39.340,128.915,0.009,5,4304.075,1664.932
39.350,128.917,0.009,5,4304.141,1665.508
39.360,128.919,0.009,5,4304.208,1666.084
39.370,128.921,0.009,5,4304.275,1666.661
39.380,128.923,0.009,5,4304.341,1667.237
39.390,128.925,0.009,5,4304.408,1667.813
39.400,128.927,0.009,5,4304.475,1668.390
39.410,128.929,0.009,5,4304.541,1668.966
39.420,128.931,0.009,5,4304.608,1669.543
39.430,128.933,0.009,5,4304.674,1670.119
39.440,128.935,0.009,5,4304.741,1670.695
39.450,128.937,0.009,5,4304.808,1671.272
39.460,128.939,0.009,5,4304.874,1671.848
39.470,128.941,0.009,5,4304.940,1672.425
39.480,128.943,0.009,5,4305.007,1673.001
39.490,128.945,0.009,5,4305.073,1673.577
39.500,128.947,0.009,5,4305.140,1674.154
39.510,128.949,0.009,5,4305.206,1674.730
39.520,128.951,0.009,5,4305.273,1675.307
39.530,128.953,0.009,5,4305.339,1675.883
39.540,128.954,0.009,5,4305.405,1676.460
39.550,128.956,0.009,5,4305.471,1677.036
39.560,128.958,0.009,5,4305.538,1677.613
39.570,128.960,0.009,5,4305.604,1678.189
39.580,128.962,0.009,5,4305.670,1678.766
39.590,128.964,0.009,5,4305.736,1679.342
39.600,128.966,0.009,5,4305.803,1679.919
39.610,128.968,0.009,5,4305.869,1680.495
39.620,128.970,0.009,5,4305.935,1681.072
39.630,128.972,0.009,5,4306.001,1681.648
39.640,128.974,0.009,5,4306.067,1682.225
39.650,128.976,0.009,5,4306.133,1682.801
39.660,128.978,0.009,5,4306.199,1683.378
39.670,128.980,0.009,5,4306.265,1683.955
39.680,128.982,0.009,5,4306.331,1684.531
39.690,128.984,0.009,5,4306.397,1685.108
39.700,128.986,0.009,5,4306.463,1685.684
39.710,128.988,0.009,5,4306.529,1686.261
39.720,128.990,0.009,5,4306.595,1686.838
39.730,128.992,0.009,5,4306.661,1687.414
39.740,128.994,0.009,5,4306.727,1687.991
39.750,128.996,0.009,5,4306.792,1688.568
39.760,128.998,0.009,5,4306.858,1689.144
39.770,129.000,0.009,5,4306.924,1689.721
39.780,129.002,0.009,5,4306.990,1690.298
39.790,129.004,0.009,5,4307.056,1690.874
39.800,129.006,0.009,5,4307.121,1691.451
39.810,129.008,0.009,5,4307.187,1692.028
39.820,129.010,0.009,5,4307.253,1692.604
39.830,129.012,0.009,5,4307.318,1693.181
39.840,129.014,0.009,5,4307.384,1693.758
39.850,129.016,0.009,5,4307.450,1694.335
39.860,129.018,0.009,5,4307.515,1694.911
39.870,129.020,0.009,5,4307.581,1695.488
39.880,129.022,0.009,5,4307.646,1696.065
39.890,129.024,0.009,5,4307.712,1696.642
39.900,129.026,0.009,5,4307.777,1697.219
39.910,129.028,0.009,5,4307.843,1697.795
39.920,129.029,0.009,5,4307.908,1698.372
39.930,129.031,0.009,5,4307.974,1698.949
39.940,129.033,0.009,5,4308.039,1699.526
39.950,129.035,0.009,5,4308.104,1700.103
39.960,129.037,0.009,5,4308.170,1700.679
39.970,129.039,0.009,5,4308.235,1701.256
39.980,129.041,0.009,5,4308.300,1701.833
39.990,129.043,0.009,5,4308.366,1702.410
40.000,129.045,0.009,5,4308.431,1702.987
40.010,129.047,0.009,5,4308.496,1703.564
40.020,129.049,0.009,5,4308.561,1704.141
40.030,129.051,0.009,5,4308.627,1704.718
40.040,129.053,0.009,5,4308.692,1705.295
40.050,129.055,0.009,5,4308.757,1705.871
40.060,129.057,0.009,5,4308.822,1706.448
40.070,129.059,0.009,5,4308.887,1707.025
40.080,129.061,0.009,5,4308.952,1707.602
40.090,129.063,0.009,5,4309.017,1708.179
40.100,129.065,0.009,5,4309.082,1708.756
40.110,129.067,0.009,5,4309.147,1709.333
40.120,129.069,0.009,5,4309.212,1709.910
40.130,129.070,0.009,5,4309.277,1710.487
40.140,129.072,0.009,5,4309.342,1711.064
40.150,129.074,0.009,5,4309.407,1711.641
40.160,129.076,0.009,5,4309.472,1712.218
40.170,129.078,0.009,5,4309.537,1712.795
40.180,129.080,0.009,5,4309.602,1713.372
40.190,129.082,0.009,5,4309.667,1713.949
40.200,129.084,0.009,5,4309.732,1714.526
40.210,129.086,0.009,5,4309.796,1715.103
40.220,129.088,0.009,5,4309.861,1715.680
40.230,129.090,0.009,5,4309.926,1716.258
40.240,129.092,0.009,5,4309.991,1716.835
40.250,129.094,0.009,5,4310.055,1717.412
40.260,129.096,0.009,5,4310.120,1717.989
40.270,129.098,0.009,5,4310.185,1718.566
40.280,129.100,0.009,5,4310.249,1719.143
40.290,129.102,0.009,5,4310.314,1719.720
40.300,129.103,0.009,5,4310.378,1720.297
40.310,129.105,0.009,5,4310.443,1720.874
40.320,129.107,0.009,5,4310.508,1721.452
40.330,129.109,0.009,5,4310.572,1722.029
40.340,129.111,0.009,5,4310.637,1722.606
40.350,129.113,0.009,5,4310.701,1723.183
40.360,129.115,0.009,5,4310.766,1723.760
40.370,129.117,0.009,5,4310.830,1724.338
40.380,129.119,0.009,5,4310.894,1724.915
40.390,129.121,0.009,5,4310.959,1725.492
40.400,129.123,0.009,5,4311.023,1726.069
40.410,129.125,0.009,5,4311.088,1726.646
40.420,129.127,0.009,5,4311.152,1727.224
40.430,129.129,0.009,5,4311.216,1727.801
40.440,129.130,0.009,5,4311.280,1728.378
40.450,129.132,0.009,5,4311.345,1728.955
40.460,129.134,0.009,5,4311.409,1729.533
40.470,129.136,0.009,5,4311.473,1730.110
40.480,129.138,0.009,5,4311.537,1730.687
40.490,129.140,0.009,5,4311.602,1731.265
40.500,129.142,0.009,5,4311.666,1731.842
40.510,129.144,0.009,5,4311.730,1732.419
40.520,129.146,0.009,5,4311.794,1732.997
40.530,129.148,0.009,5,4311.858,1733.574
40.540,129.150,0.009,5,4311.922,1734.151
40.550,129.152,0.009,5,4311.986,1734.729
40.560,129.154,0.009,5,4312.050,1735.306
40.570,129.155,0.009,5,4312.114,1735.883
40.580,129.157,0.009,5,4312.178,1736.461
40.590,129.159,0.009,5,4312.242,1737.038
40.600,129.161,0.009,5,4312.306,1737.615
40.610,129.163,0.009,5,4312.370,1738.193
40.620,129.165,0.009,5,4312.434,1738.770
40.630,129.167,0.009,5,4312.498,1739.348
40.640,129.169,0.009,5,4312.561,1739.925
40.650,129.171,0.009,5,4312.625,1740.503
40.660,129.173,0.009,5,4312.689,1741.080
40.670,129.175,0.009,5,4312.753,1741.658
40.680,129.176,0.009,5,4312.817,1742.235
40.690,129.178,0.009,5,4312.880,1742.812
40.700,129.180,0.009,5,4312.944,1743.390
40.710,129.182,0.009,5,4313.008,1743.967
40.720,129.184,0.009,5,4313.071,1744.545
40.730,129.186,0.009,5,4313.135,1745.122
40.740,129.188,0.009,5,4313.199,1745.700
40.750,129.190,0.009,5,4313.262,1746.277
40.760,129.192,0.009,5,4313.326,1746.855
40.770,129.194,0.009,5,4313.389,1747.433
40.780,129.196,0.009,5,4313.453,1748.010
40.790,129.197,0.009,5,4313.516,1748.588
40.800,129.199,0.009,5,4313.580,1749.165
40.810,129.201,0.009,5,4313.643,1749.743
40.820,129.203,0.009,5,4313.707,1750.320
40.830,129.205,0.009,5,4313.770,1750.898
40.840,129.207,0.009,5,4313.834,1751.476
40.850,129.209,0.009,5,4313.897,1752.053
40.860,129.211,0.009,5,4313.960,1752.631
40.870,129.213,0.009,5,4314.024,1753.208
40.880,129.215,0.009,5,4314.087,1753.786
40.890,129.216,0.009,5,4314.150,1754.364
40.900,129.218,0.009,5,4314.214,1754.941
40.910,129.220,0.009,5,4314.277,1755.519
40.920,129.222,0.009,5,4314.340,1756.097
40.930,129.224,0.009,5,4314.403,1756.674
40.940,129.226,0.009,5,4314.466,1757.252
40.950,129.228,0.009,5,4314.530,1757.830
40.960,129.230,0.009,5,4314.593,1758.407
40.970,129.232,0.009,5,4314.656,1758.985
40.980,129.233,0.009,5,4314.719,1759.563
40.990,129.235,0.009,5,4314.782,1760.141
41.000,129.237,0.009,5,4314.845,1760.718
41.010,129.239,0.009,5,4314.908,1761.296
41.020,129.241,0.009,5,4314.971,1761.874
41.030,129.243,0.009,5,4315.034,1762.452
41.040,129.245,0.009,5,4315.097,1763.029
41.050,129.247,0.009,5,4315.160,1763.607
41.060,129.249,0.009,5,4315.223,1764.185
41.070,129.250,0.009,5,4315.286,1764.763
41.080,129.252,0.009,5,4315.349,1765.341
41.090,129.254,0.009,5,4315.412,1765.918
41.100,129.256,0.009,5,4315.474,1766.496
41.110,129.258,0.009,5,4315.537,1767.074
41.120,129.260,0.009,5,4315.600,1767.652
41.130,129.262,0.009,5,4315.663,1768.230
41.140,129.264,0.009,5,4315.726,1768.808
41.150,129.265,0.009,5,4315.788,1769.385
41.160,129.267,0.009,5,4315.851,1769.963
41.170,129.269,0.009,5,4315.914,1770.541
41.180,129.271,0.009,5,4315.976,1771.119
41.190,129.273,0.009,5,4316.039,1771.697
41.200,129.275,0.009,5,4316.102,1772.275
41.210,129.277,0.009,5,4316.164,1772.853
41.220,129.279,0.009,5,4316.227,1773.431
41.230,129.280,0.009,5,4316.289,1774.009
41.240,129.282,0.009,5,4316.352,1774.587
41.250,129.284,0.009,5,4316.414,1775.165
41.260,129.286,0.009,5,4316.477,1775.742
41.270,129.288,0.009,5,4316.539,1776.320
41.280,129.290,0.009,5,4316.602,1776.898
41.290,129.292,0.009,5,4316.664,1777.476
41.300,129.294,0.009,5,4316.727,1778.054
41.310,129.295,0.009,5,4316.789,1778.632
41.320,129.297,0.009,5,4316.851,1779.210
41.330,129.299,0.009,5,4316.914,1779.788
41.340,129.301,0.009,5,4316.976,1780.366
41.350,129.303,0.008,5,4317.038,1780.944
41.360,129.305,0.008,5,4317.100,1781.522
41.370,129.307,0.008,5,4317.163,1782.101
41.380,129.309,0.008,5,4317.225,1782.679
41.390,129.310,0.008,5,4317.287,1783.257
41.400,129.312,0.008,5,4317.349,1783.835
41.410,129.314,0.008,5,4317.412,1784.413
41.420,129.316,0.008,5,4317.474,1784.991
41.430,129.318,0.008,5,4317.536,1785.569
41.440,129.320,0.008,5,4317.598,1786.147
41.450,129.322,0.008,5,4317.660,1786.725
41.460,129.323,0.008,5,4317.722,1787.303
41.470,129.325,0.008,5,4317.784,1787.881
41.480,129.327,0.008,5,4317.846,1788.460
41.490,129.329,0.008,5,4317.908,1789.038
41.500,129.331,0.008,5,4317.970,1789.616
41.510,129.333,0.008,5,4318.032,1790.194
41.520,129.335,0.008,5,4318.094,1790.772
41.530,129.336,0.008,5,4318.156,1791.350
41.540,129.338,0.008,5,4318.218,1791.929
41.550,129.340,0.008,5,4318.280,1792.507
41.560,129.342,0.008,5,4318.341,1793.085
41.570,129.344,0.008,5,4318.403,1793.663
41.580,129.346,0.008,5,4318.465,1794.241
41.590,129.348,0.008,5,4318.527,1794.820
41.600,129.349,0.008,5,4318.589,1795.398
41.610,129.351,0.008,5,4318.650,1795.976
41.620,129.353,0.008,5,4318.712,1796.554
41.630,129.355,0.008,5,4318.774,1797.133
41.640,129.357,0.008,5,4318.835,1797.711
41.650,129.359,0.008,5,4318.897,1798.289
41.660,129.360,0.008,5,4318.959,1798.868
41.670,129.362,0.008,5,4319.020,1799.446
41.680,129.364,0.008,5,4319.082,1800.024
41.690,129.366,0.008,5,4319.143,1800.602
41.700,129.368,0.008,5,4319.205,1801.181
41.710,129.370,0.008,5,4319.266,1801.759
41.720,129.372,0.008,5,4319.328,1802.337
41.730,129.373,0.008,5,4319.389,1802.916
41.740,129.375,0.008,5,4319.451,1803.494
41.750,129.377,0.008,5,4319.512,1804.072
41.760,129.379,0.008,5,4319.574,1804.651
41.770,129.381,0.008,5,4319.635,1805.229
41.780,129.383,0.008,5,4319.696,1805.808
41.790,129.384,0.008,5,4319.758,1806.386
41.800,129.386,0.008,5,4319.819,1806.964
41.810,129.388,0.008,5,4319.880,1807.543
41.820,129.390,0.008,5,4319.942,1808.121
41.830,129.392,0.008,5,4320.003,1808.700
41.840,129.394,0.008,5,4320.064,1809.278
41.850,129.395,0.008,5,4320.126,1809.857
41.860,129.397,0.008,5,4320.187,1810.435
41.870,129.399,0.008,5,4320.248,1811.013
41.880,129.401,0.008,5,4320.309,1811.592
41.890,129.403,0.008,5,4320.370,1812.170
41.900,129.405,0.008,5,4320.431,1812.749
41.910,129.406,0.008,5,4320.492,1813.327
41.920,129.408,0.008,5,4320.553,1813.906
41.930,129.410,0.008,5,4320.615,1814.484
41.940,129.412,0.008,5,4320.676,1815.063
41.950,129.414,0.008,5,4320.737,1815.641
41.960,129.416,0.008,5,4320.798,1816.220
41.970,129.417,0.008,5,4320.859,1816.799
41.980,129.419,0.008,5,4320.919,1817.377
41.990,129.421,0.008,5,4320.980,1817.956
42.000,129.423,0.008,5,4321.041,1818.534
42.010,129.425,0.008,5,4321.102,1819.113
42.020,129.426,0.008,5,4321.163,1819.691
42.030,129.428,0.008,5,4321.224,1820.270
42.040,129.430,0.008,5,4321.285,1820.849
42.050,129.432,0.008,5,4321.346,1821.427
42.060,129.434,0.008,5,4321.406,1822.006
42.070,129.436,0.008,5,4321.467,1822.584
42.080,129.437,0.008,5,4321.528,1823.163
42.090,129.439,0.008,5,4321.589,1823.742
42.100,129.441,0.008,5,4321.649,1824.320
42.110,129.443,0.008,5,4321.710,1824.899
42.120,129.445,0.008,5,4321.771,1825.478
42.130,129.446,0.008,5,4321.831,1826.056
42.140,129.448,0.008,5,4321.892,1826.635
42.150,129.450,0.008,5,4321.952,1827.214
42.160,129.452,0.008,5,4322.013,1827.792
42.170,129.454,0.008,5,4322.074,1828.371
42.180,129.456,0.008,5,4322.134,1828.950
42.190,129.457,0.008,5,4322.195,1829.529
42.200,129.459,0.008,5,4322.255,1830.107
42.210,129.461,0.008,5,4322.316,1830.686
42.220,129.463,0.008,5,4322.376,1831.265
42.230,129.465,0.008,5,4322.436,1831.843
42.240,129.466,0.008,5,4322.497,1832.422
42.250,129.468,0.008,5,4322.557,1833.001
42.260,129.470,0.008,5,4322.618,1833.580
42.270,129.472,0.008,5,4322.678,1834.159
42.280,129.474,0.008,5,4322.738,1834.737
42.290,129.475,0.008,5,4322.798,1835.316
42.300,129.477,0.008,5,4322.859,1835.895
42.310,129.479,0.008,5,4322.919,1836.474
42.320,129.481,0.008,5,4322.979,1837.053
42.330,129.483,0.008,5,4323.039,1837.631
42.340,129.484,0.008,5,4323.100,1838.210
42.350,129.486,0.008,5,4323.160,1838.789
42.360,129.488,0.008,5,4323.220,1839.368
42.370,129.490,0.008,5,4323.280,1839.947
42.380,129.492,0.008,5,4323.340,1840.526
42.390,129.493,0.008,5,4323.400,1841.105
42.400,129.495,0.008,5,4323.460,1841.684
42.410,129.497,0.008,5,4323.520,1842.262
42.420,129.499,0.008,5,4323.580,1842.841
42.430,129.501,0.008,5,4323.640,1843.420
42.440,129.502,0.008,5,4323.700,1843.999
42.450,129.504,0.008,5,4323.760,1844.578
42.460,129.506,0.008,5,4323.820,1845.157
42.470,129.508,0.008,5,4323.880,1845.736
42.480,129.510,0.008,5,4323.940,1846.315
42.490,129.511,0.008,5,4324.000,1846.894
42.500,129.513,0.008,5,4324.060,1847.473
42.510,129.515,0.008,5,4324.120,1848.052
42.520,129.517,0.008,5,4324.180,1848.631
42.530,129.519,0.008,5,4324.239,1849.210
42.540,129.520,0.008,5,4324.299,1849.789
42.550,129.522,0.008,5,4324.359,1850.368
42.560,129.524,0.008,5,4324.419,1850.947
42.570,129.526,0.008,5,4324.478,1851.526
42.580,129.528,0.008,5,4324.538,1852.105
42.590,129.529,0.008,5,4324.598,1852.684
42.600,129.531,0.008,5,4324.657,1853.263
42.610,129.533,0.008,5,4324.717,1853.842
42.620,129.535,0.008,5,4324.777,1854.421
42.630,129.536,0.008,5,4324.836,1855.000
42.640,129.538,0.008,5,4324.896,1855.579
42.650,129.540,0.008,5,4324.955,1856.158
42.660,129.542,0.008,5,4325.015,1856.738
42.670,129.544,0.008,5,4325.074,1857.317
42.680,129.545,0.008,5,4325.134,1857.896
42.690,129.547,0.008,5,4325.193,1858.475
42.700,129.549,0.008,5,4325.253,1859.054
42.710,129.551,0.008,5,4325.312,1859.633
42.720,129.553,0.008,5,4325.372,1860.212
42.730,129.554,0.008,5,4325.431,1860.791
42.740,129.556,0.008,5,4325.490,1861.371
42.750,129.558,0.008,5,4325.550,1861.950
42.760,129.560,0.008,5,4325.609,1862.529
42.770,129.561,0.008,5,4325.668,1863.108
42.780,129.563,0.008,5,4325.728,1863.687
42.790,129.565,0.008,5,4325.787,1864.267
42.800,129.567,0.008,5,4325.846,1864.846
42.810,129.569,0.008,5,4325.905,1865.425
42.820,129.570,0.008,5,4325.965,1866.004
42.830,129.572,0.008,5,4326.024,1866.583
42.840,129.574,0.008,5,4326.083,1867.163
42.850,129.576,0.008,5,4326.142,1867.742
42.860,129.577,0.008,5,4326.201,1868.321
42.870,129.579,0.008,5,4326.260,1868.900
42.880,129.581,0.008,5,4326.319,1869.480
42.890,129.583,0.008,5,4326.378,1870.059
42.900,129.584,0.008,5,4326.437,1870.638
42.910,129.586,0.008,5,4326.496,1871.218
42.920,129.588,0.008,5,4326.555,1871.797
42.930,129.590,0.008,5,4326.614,1872.376
42.940,129.592,0.008,5,4326.673,1872.955
42.950,129.593,0.008,5,4326.732,1873.535
42.960,129.595,0.008,5,4326.791,1874.114
42.970,129.597,0.008,5,4326.850,1874.694
42.980,129.599,0.008,5,4326.909,1875.273
42.990,129.600,0.008,5,4326.968,1875.852
43.000,129.602,0.008,5,4327.027,1876.432
43.010,129.604,0.008,5,4327.086,1877.011
43.020,129.606,0.008,5,4327.144,1877.590
43.030,129.607,0.008,5,4327.203,1878.170
43.040,129.609,0.008,5,4327.262,1878.749
43.050,129.611,0.008,5,4327.321,1879.329
43.060,129.613,0.008,5,4327.379,1879.908
43.070,129.614,0.008,5,4327.438,1880.487
43.080,129.616,0.008,5,4327.497,1881.067
43.090,129.618,0.008,5,4327.555,1881.646
43.100,129.620,0.008,5,4327.614,1882.226
43.110,129.621,0.008,5,4327.673,1882.805
43.120,129.623,0.008,5,4327.731,1883.385
43.130,129.625,0.008,5,4327.790,1883.964
43.140,129.627,0.008,5,4327.848,1884.544
43.150,129.628,0.008,5,4327.907,1885.123
43.160,129.630,0.008,5,4327.965,1885.703
43.170,129.632,0.008,5,4328.024,1886.282
43.180,129.634,0.008,5,4328.082,1886.862
43.190,129.635,0.008,5,4328.141,1887.441
43.200,129.637,0.008,5,4328.199,1888.021
43.210,129.639,0.008,5,4328.257,1888.600
43.220,129.641,0.008,5,4328.316,1889.180
43.230,129.642,0.008,5,4328.374,1889.759
43.240,129.644,0.008,5,4328.433,1890.339
43.250,129.646,0.008,5,4328.491,1890.918
43.260,129.648,0.008,5,4328.549,1891.498
43.270,129.649,0.008,5,4328.607,1892.078
43.280,129.651,0.008,5,4328.666,1892.657
43.290,129.653,0.008,5,4328.724,1893.237
43.300,129.655,0.008,5,4328.782,1893.816
43.310,129.656,0.008,5,4328.840,1894.396
43.320,129.658,0.008,5,4328.899,1894.976
43.330,129.660,0.008,5,4328.957,1895.555
43.340,129.662,0.008,5,4329.015,1896.135
43.350,129.663,0.008,5,4329.073,1896.714
43.360,129.665,0.008,5,4329.131,1897.294
43.370,129.667,0.008,5,4329.189,1897.874
43.380,129.669,0.008,5,4329.247,1898.453
43.390,129.670,0.008,5,4329.305,1899.033
43.400,129.672,0.008,5,4329.363,1899.613
43.410,129.674,0.008,5,4329.421,1900.192
43.420,129.676,0.008,5,4329.479,1900.772
43.430,129.677,0.008,5,4329.537,1901.352
43.440,129.679,0.008,5,4329.595,1901.932
43.450,129.681,0.008,5,4329.653,1902.511
43.460,129.683,0.008,5,4329.711,1903.091
43.470,129.684,0.008,5,4329.769,1903.671
43.480,129.686,0.008,5,4329.827,1904.250
43.490,129.688,0.008,5,4329.885,1904.830
43.500,129.689,0.008,5,4329.942,1905.410
43.510,129.691,0.008,5,4330.000,1905.990
43.520,129.693,0.008,5,4330.058,1906.570
43.530,129.695,0.008,5,4330.116,1907.149
43.540,129.696,0.008,5,4330.174,1907.729
43.550,129.698,0.008,5,4330.231,1908.309
43.560,129.700,0.008,5,4330.289,1908.889
43.570,129.702,0.008,5,4330.347,1909.469
43.580,129.703,0.008,5,4330.404,1910.048
43.590,129.705,0.008,5,4330.462,1910.628
43.600,129.707,0.008,5,4330.520,1911.208
43.610,129.708,0.008,5,4330.577,1911.788
43.620,129.710,0.008,5,4330.635,1912.368
43.630,129.712,0.008,5,4330.692,1912.948
43.640,129.714,0.008,5,4330.750,1913.527
43.650,129.715,0.008,5,4330.807,1914.107
43.660,129.717,0.008,5,4330.865,1914.687
43.670,129.719,0.008,5,4330.922,1915.267
43.680,129.721,0.008,5,4330.980,1915.847
43.690,129.722,0.008,5,4331.037,1916.427
43.700,129.724,0.008,5,4331.095,1917.007
43.710,129.726,0.008,5,4331.152,1917.587
43.720,129.727,0.008,5,4331.209,1918.167
43.730,129.729,0.008,5,4331.267,1918.747
43.740,129.731,0.008,5,4331.324,1919.327
43.750,129.733,0.008,5,4331.382,1919.906
43.760,129.734,0.008,5,4331.439,1920.486
43.770,129.736,0.008,5,4331.496,1921.066
43.780,129.738,0.008,5,4331.553,1921.646
43.790,129.739,0.008,5,4331.611,1922.226
43.800,129.741,0.008,5,4331.668,1922.806
43.810,129.743,0.008,5,4331.725,1923.386
43.820,129.745,0.008,5,4331.782,1923.966
43.830,129.746,0.008,5,4331.839,1924.546
43.840,129.748,0.008,5,4331.897,1925.126
43.850,129.750,0.008,5,4331.954,1925.706
43.860,129.751,0.008,5,4332.011,1926.286
43.870,129.753,0.008,5,4332.068,1926.866
43.880,129.755,0.008,5,4332.125,1927.447
43.890,129.757,0.008,5,4332.182,1928.027
43.900,129.758,0.008,5,4332.239,1928.607
43.910,129.760,0.008,5,4332.296,1929.187
43.920,129.762,0.008,5,4332.353,1929.767
43.930,129.763,0.008,5,4332.410,1930.347
43.940,129.765,0.008,5,4332.467,1930.927
43.950,129.767,0.008,5,4332.524,1931.507
43.960,129.768,0.008,5,4332.581,1932.087
43.970,129.770,0.008,5,4332.638,1932.667
43.980,129.772,0.008,5,4332.694,1933.247
43.990,129.774,0.008,5,4332.751,1933.828
44.000,129.775,0.008,5,4332.808,1934.408
44.010,129.777,0.008,5,4332.865,1934.988
44.020,129.779,0.008,5,4332.922,1935.568
44.030,129.780,0.008,5,4332.978,1936.148
44.040,129.782,0.008,5,4333.035,1936.728
44.050,129.784,0.008,5,4333.092,1937.309
44.060,129.785,0.008,5,4333.149,1937.889
44.070,129.787,0.008,5,4333.205,1938.469
44.080,129.789,0.008,5,4333.262,1939.049
44.090,129.791,0.008,5,4333.319,1939.629
44.100,129.792,0.008,5,4333.375,1940.210
44.110,129.794,0.008,5,4333.432,1940.790
44.120,129.796,0.008,5,4333.488,1941.370
44.130,129.797,0.008,5,4333.545,1941.950
44.140,129.799,0.008,5,4333.602,1942.531
44.150,129.801,0.008,5,4333.658,1943.111
44.160,129.802,0.008,5,4333.715,1943.691
44.170,129.804,0.008,5,4333.771,1944.271
44.180,129.806,0.008,5,4333.828,1944.852
44.190,129.807,0.008,5,4333.884,1945.432
44.200,129.809,0.008,5,4333.941,1946.012
44.210,129.811,0.008,5,4333.997,1946.592
44.220,129.813,0.008,5,4334.053,1947.173
44.230,129.814,0.008,5,4334.110,1947.753
44.240,129.816,0.008,5,4334.166,1948.333
44.250,129.818,0.008,5,4334.222,1948.914
44.260,129.819,0.008,5,4334.279,1949.494
44.270,129.821,0.008,5,4334.335,1950.074
44.280,129.823,0.008,5,4334.391,1950.655
44.290,129.824,0.008,5,4334.448,1951.235
44.300,129.826,0.008,5,4334.504,1951.816
44.310,129.828,0.008,5,4334.560,1952.396
44.320,129.829,0.008,5,4334.616,1952.976
44.330,129.831,0.008,5,4334.672,1953.557
44.340,129.833,0.008,5,4334.729,1954.137
44.350,129.834,0.008,5,4334.785,1954.718
44.360,129.836,0.008,5,4334.841,1955.298
44.370,129.838,0.008,5,4334.897,1955.878
44.380,129.840,0.008,5,4334.953,1956.459
44.390,129.841,0.008,5,4335.009,1957.039
44.400,129.843,0.008,5,4335.065,1957.620
44.410,129.845,0.008,5,4335.121,1958.200
44.420,129.846,0.008,5,4335.177,1958.781
44.430,129.848,0.008,5,4335.233,1959.361
44.440,129.850,0.008,5,4335.289,1959.942
44.450,129.851,0.008,5,4335.345,1960.522
44.460,129.853,0.008,5,4335.401,1961.102
44.470,129.855,0.008,5,4335.457,1961.683
44.480,129.856,0.008,5,4335.513,1962.263
44.490,129.858,0.008,5,4335.569,1962.844
44.500,129.860,0.008,5,4335.624,1963.425
44.510,129.861,0.008,5,4335.680,1964.005
44.520,129.863,0.008,5,4335.736,1964.586
44.530,129.865,0.008,5,4335.792,1965.166
44.540,129.866,0.008,5,4335.848,1965.747
44.550,129.868,0.008,5,4335.903,1966.327
44.560,129.870,0.008,5,4335.959,1966.908
44.570,129.871,0.008,5,4336.015,1967.488
44.580,129.873,0.008,5,4336.071,1968.069
44.590,129.875,0.008,5,4336.126,1968.650
44.600,129.876,0.008,5,4336.182,1969.230
44.610,129.878,0.008,5,4336.237,1969.811
44.620,129.880,0.008,5,4336.293,1970.391
44.630,129.881,0.008,5,4336.349,1970.972
44.640,129.883,0.008,5,4336.404,1971.553
44.650,129.885,0.008,5,4336.460,1972.133
44.660,129.886,0.008,5,4336.515,1972.714
44.670,129.888,0.008,5,4336.571,1973.294
44.680,129.890,0.008,5,4336.626,1973.875
44.690,129.891,0.008,5,4336.682,1974.456
44.700,129.893,0.008,5,4336.737,1975.036
44.710,129.895,0.008,5,4336.793,1975.617
44.720,129.896,0.008,5,4336.848,1976.198
44.730,129.898,0.008,5,4336.904,1976.779
44.740,129.900,0.008,5,4336.959,1977.359
44.750,129.901,0.008,5,4337.014,1977.940
44.760,129.903,0.008,5,4337.070,1978.521
44.770,129.905,0.008,5,4337.125,1979.101
44.780,129.906,0.008,5,4337.180,1979.682
44.790,129.908,0.008,5,4337.236,1980.263
44.800,129.910,0.008,5,4337.291,1980.844
44.810,129.911,0.008,5,4337.346,1981.424
44.820,129.913,0.008,5,4337.401,1982.005
44.830,129.914,0.008,5,4337.457,1982.586
44.840,129.916,0.008,5,4337.512,1983.167
44.850,129.918,0.008,5,4337.567,1983.747
44.860,129.919,0.008,5,4337.622,1984.328
44.870,129.921,0.008,5,4337.677,1984.909
44.880,129.923,0.008,5,4337.732,1985.490
44.890,129.924,0.008,5,4337.787,1986.071
44.900,129.926,0.008,5,4337.843,1986.651
44.910,129.928,0.008,5,4337.898,1987.232
44.920,129.929,0.008,5,4337.953,1987.813
44.930,129.931,0.008,5,4338.008,1988.394
44.940,129.933,0.008,5,4338.063,1988.975
44.950,129.934,0.008,5,4338.118,1989.556
44.960,129.936,0.007,5,4338.173,1990.136
44.970,129.938,0.007,5,4338.228,1990.717
44.980,129.939,0.007,5,4338.282,1991.298
44.990,129.941,0.007,5,4338.337,1991.879
45.000,129.943,0.007,5,4338.392,1992.460
45.010,129.944,0.007,5,4338.447,1993.041
45.020,129.946,0.007,5,4338.502,1993.622
45.030,129.947,0.007,5,4338.557,1994.203
45.040,129.949,0.007,5,4338.612,1994.784
45.050,129.951,0.007,5,4338.666,1995.365
45.060,129.952,0.007,5,4338.721,1995.945
45.070,129.954,0.007,5,4338.776,1996.526
45.080,129.956,0.007,5,4338.831,1997.107
45.090,129.957,0.007,5,4338.885,1997.688
45.100,129.959,0.007,5,4338.940,1998.269
45.110,129.961,0.007,5,4338.995,1998.850
45.120,129.962,0.007,5,4339.049,1999.431
45.130,129.964,0.007,5,4339.104,2000.012
45.140,129.965,0.007,5,4339.159,2000.593
45.150,129.967,0.007,5,4339.213,2001.174
45.160,129.969,0.007,5,4339.268,2001.755
45.170,129.970,0.007,5,4339.322,2002.336
45.180,129.972,0.007,5,4339.377,2002.917
45.190,129.974,0.007,5,4339.431,2003.498
45.200,129.975,0.007,5,4339.486,2004.079
45.210,129.977,0.007,5,4339.540,2004.660
45.220,129.979,0.007,5,4339.595,2005.241
45.230,129.980,0.007,5,4339.649,2005.822
45.240,129.982,0.007,5,4339.704,2006.404
45.250,129.983,0.007,5,4339.758,2006.985
45.260,129.985,0.007,5,4339.813,2007.566
45.270,129.987,0.007,5,4339.867,2008.147
45.280,129.988,0.007,5,4339.921,2008.728
45.290,129.990,0.007,5,4339.976,2009.309
45.300,129.992,0.007,5,4340.030,2009.890
45.310,129.993,0.007,5,4340.084,2010.471
45.320,129.995,0.007,5,4340.139,2011.052
45.330,129.996,0.007,5,4340.193,2011.633
45.340,129.998,0.007,5,4340.247,2012.215
45.350,130.000,0.007,5,4340.301,2012.796
45.360,130.001,0.007,5,4340.356,2013.377
45.370,130.003,0.007,5,4340.410,2013.958
45.380,130.005,0.007,5,4340.464,2014.539
45.390,130.006,0.007,5,4340.518,2015.120
45.400,130.008,0.007,5,4340.572,2015.702
45.410,130.009,0.007,5,4340.626,2016.283
45.420,130.011,0.007,5,4340.680,2016.864
45.430,130.013,0.007,5,4340.734,2017.445
45.440,130.014,0.007,5,4340.788,2018.026
45.450,130.016,0.007,5,4340.842,2018.608
45.460,130.018,0.007,5,4340.897,2019.189
45.470,130.019,0.007,5,4340.951,2019.770
45.480,130.021,0.007,5,4341.004,2020.351
45.490,130.022,0.007,5,4341.058,2020.933
45.500,130.024,0.007,5,4341.112,2021.514
45.510,130.026,0.007,5,4341.166,2022.095
45.520,130.027,0.007,5,4341.220,2022.676
45.530,130.029,0.007,5,4341.274,2023.258
45.540,130.030,0.007,5,4341.328,2023.839
45.550,130.032,0.007,5,4341.382,2024.420
45.560,130.034,0.007,5,4341.436,2025.001
45.570,130.035,0.007,5,4341.489,2025.583
45.580,130.037,0.007,5,4341.543,2026.164
45.590,130.039,0.007,5,4341.597,2026.745
45.600,130.040,0.007,5,4341.651,2027.327
45.610,130.042,0.007,5,4341.704,2027.908
45.620,130.043,0.007,5,4341.758,2028.489
45.630,130.045,0.007,5,4341.812,2029.071
45.640,130.047,0.007,5,4341.866,2029.652
45.650,130.048,0.007,5,4341.919,2030.234
45.660,130.050,0.007,5,4341.973,2030.815
45.670,130.051,0.007,5,4342.027,2031.396
45.680,130.053,0.007,5,4342.080,2031.978
45.690,130.055,0.007,5,4342.134,2032.559
45.700,130.056,0.007,5,4342.187,2033.140
45.710,130.058,0.007,5,4342.241,2033.722
45.720,130.059,0.007,5,4342.294,2034.303
45.730,130.061,0.007,5,4342.348,2034.885
45.740,130.063,0.007,5,4342.401,2035.466
45.750,130.064,0.007,5,4342.455,2036.048
45.760,130.066,0.007,5,4342.508,2036.629
45.770,130.067,0.007,5,4342.562,2037.210
45.780,130.069,0.007,5,4342.615,2037.792
45.790,130.071,0.007,5,4342.669,2038.373
45.800,130.072,0.007,5,4342.722,2038.955
45.810,130.074,0.007,5,4342.775,2039.536
45.820,130.075,0.007,5,4342.829,2040.118
45.830,130.077,0.007,5,4342.882,2040.699
45.840,130.079,0.007,5,4342.935,2041.281
45.850,130.080,0.007,5,4342.989,2041.862
45.860,130.082,0.007,5,4343.042,2042.444
45.870,130.083,0.007,5,4343.095,2043.025
45.880,130.085,0.007,5,4343.148,2043.607
45.890,130.087,0.007,5,4343.201,2044.188
45.900,130.088,0.007,5,4343.255,2044.770
45.910,130.090,0.007,5,4343.308,2045.351
45.920,130.091,0.007,5,4343.361,2045.933
45.930,130.093,0.007,5,4343.414,2046.515
45.940,130.095,0.007,5,4343.467,2047.096
45.950,130.096,0.007,5,4343.520,2047.678
45.960,130.098,0.007,5,4343.573,2048.259
45.970,130.099,0.007,5,4343.627,2048.841
45.980,130.101,0.007,5,4343.680,2049.422
45.990,130.102,0.007,5,4343.733,2050.004
46.000,130.104,0.007,5,4343.786,2050.586
46.010,130.106,0.007,5,4343.839,2051.167
46.020,130.107,0.007,5,4343.892,2051.749
46.030,130.109,0.007,5,4343.945,2052.331
46.040,130.110,0.007,5,4343.997,2052.912
46.050,130.112,0.007,5,4344.050,2053.494
46.060,130.114,0.007,5,4344.103,2054.076
46.070,130.115,0.007,5,4344.156,2054.657
46.080,130.117,0.007,5,4344.209,2055.239
46.090,130.118,0.007,5,4344.262,2055.821
46.100,130.120,0.007,5,4344.315,2056.402
46.110,130.121,0.007,5,4344.368,2056.984
46.120,130.123,0.007,5,4344.420,2057.566
46.130,130.125,0.007,5,4344.473,2058.147
46.140,130.126,0.007,5,4344.526,2058.729
46.150,130.128,0.007,5,4344.579,2059.311
46.160,130.129,0.007,5,4344.631,2059.892
46.170,130.131,0.007,5,4344.684,2060.474
46.180,130.133,0.007,5,4344.737,2061.056
46.190,130.134,0.007,5,4344.789,2061.638
46.200,130.136,0.007,5,4344.842,2062.219
46.210,130.137,0.007,5,4344.895,2062.801
46.220,130.139,0.007,5,4344.947,2063.383
46.230,130.140,0.007,5,4345.000,2063.965
46.240,130.142,0.007,5,4345.052,2064.547
46.250,130.144,0.007,5,4345.105,2065.128
46.260,130.145,0.007,5,4345.157,2065.710
46.270,130.147,0.007,5,4345.210,2066.292
46.280,130.148,0.007,5,4345.262,2066.874
46.290,130.150,0.007,5,4345.315,2067.456
46.300,130.151,0.007,5,4345.367,2068.037
46.310,130.153,0.007,5,4345.420,2068.619
46.320,130.155,0.007,5,4345.472,2069.201
46.330,130.156,0.007,5,4345.525,2069.783
46.340,130.158,0.007,5,4345.577,2070.365
46.350,130.159,0.007,5,4345.629,2070.947
46.360,130.161,0.007,5,4345.682,2071.528
46.370,130.162,0.007,5,4345.734,2072.110
46.380,130.164,0.007,5,4345.786,2072.692
46.390,130.166,0.007,5,4345.839,2073.274
46.400,130.167,0.007,5,4345.891,2073.856
46.410,130.169,0.007,5,4345.943,2074.438
46.420,130.170,0.007,5,4345.995,2075.020
46.430,130.172,0.007,5,4346.048,2075.602
46.440,130.173,0.007,5,4346.100,2076.184
46.450,130.175,0.007,5,4346.152,2076.766
46.460,130.176,0.007,5,4346.204,2077.348
46.470,130.178,0.007,5,4346.256,2077.929
46.480,130.180,0.007,5,4346.309,2078.511
46.490,130.181,0.007,5,4346.361,2079.093
46.500,130.183,0.007,5,4346.413,2079.675
46.510,130.184,0.007,5,4346.465,2080.257
46.520,130.186,0.007,5,4346.517,2080.839
46.530,130.187,0.007,5,4346.569,2081.421
46.540,130.189,0.007,5,4346.621,2082.003
46.550,130.191,0.007,5,4346.673,2082.585
46.560,130.192,0.007,5,4346.725,2083.167
46.570,130.194,0.007,5,4346.777,2083.749
46.580,130.195,0.007,5,4346.829,2084.331
46.590,130.197,0.007,5,4346.881,2084.913
46.600,130.198,0.007,5,4346.933,2085.495
46.610,130.200,0.007,5,4346.985,2086.077
46.620,130.201,0.007,5,4347.036,2086.659
46.630,130.203,0.007,5,4347.088,2087.242
46.640,130.205,0.007,5,4347.140,2087.824
46.650,130.206,0.007,5,4347.192,2088.406
46.660,130.208,0.007,5,4347.244,2088.988
46.670,130.209,0.007,5,4347.296,2089.570
46.680,130.211,0.007,5,4347.347,2090.152
46.690,130.212,0.007,5,4347.399,2090.734
46.700,130.214,0.007,5,4347.451,2091.316
46.710,130.215,0.007,5,4347.503,2091.898
46.720,130.217,0.007,5,4347.554,2092.480
46.730,130.218,0.007,5,4347.606,2093.062
46.740,130.220,0.007,5,4347.658,2093.645
46.750,130.222,0.007,5,4347.709,2094.227
46.760,130.223,0.007,5,4347.761,2094.809
46.770,130.225,0.007,5,4347.812,2095.391
46.780,130.226,0.007,5,4347.864,2095.973
46.790,130.228,0.007,5,4347.916,2096.555
46.800,130.229,0.007,5,4347.967,2097.138
46.810,130.231,0.007,5,4348.019,2097.720
46.820,130.232,0.007,5,4348.070,2098.302
46.830,130.234,0.007,5,4348.122,2098.884
46.840,130.235,0.007,5,4348.173,2099.466
46.850,130.237,0.007,5,4348.225,2100.048
46.860,130.239,0.007,5,4348.276,2100.631
46.870,130.240,0.007,5,4348.328,2101.213
46.880,130.242,0.007,5,4348.379,2101.795
46.890,130.243,0.007,5,4348.430,2102.377
46.900,130.245,0.007,5,4348.482,2102.960
46.910,130.246,0.007,5,4348.533,2103.542
46.920,130.248,0.007,5,4348.584,2104.124
46.930,130.249,0.007,5,4348.636,2104.706
46.940,130.251,0.007,5,4348.687,2105.289
46.950,130.252,0.007,5,4348.738,2105.871
46.960,130.254,0.007,5,4348.790,2106.453
46.970,130.255,0.007,5,4348.841,2107.035
46.980,130.257,0.007,5,4348.892,2107.618
46.990,130.259,0.007,5,4348.943,2108.200
47.000,130.260,0.007,5,4348.994,2108.782
47.010,130.262,0.007,5,4349.046,2109.365
47.020,130.263,0.007,5,4349.097,2109.947
47.030,130.265,0.007,5,4349.148,2110.529
47.040,130.266,0.007,5,4349.199,2111.112
47.050,130.268,0.007,5,4349.250,2111.694
47.060,130.269,0.007,5,4349.301,2112.276
47.070,130.271,0.007,5,4349.352,2112.859
47.080,130.272,0.007,5,4349.403,2113.441
47.090,130.274,0.007,5,4349.454,2114.024
47.100,130.275,0.007,5,4349.505,2114.606
47.110,130.277,0.007,5,4349.556,2115.188
47.120,130.278,0.007,5,4349.607,2115.771
47.130,130.280,0.007,5,4349.658,2116.353
47.140,130.281,0.007,5,4349.709,2116.935
47.150,130.283,0.007,5,4349.760,2117.518
47.160,130.285,0.007,5,4349.811,2118.100
47.170,130.286,0.007,5,4349.862,2118.683
47.180,130.288,0.007,5,4349.913,2119.265
47.190,130.289,0.007,5,4349.964,2119.848
47.200,130.291,0.007,5,4350.015,2120.430
47.210,130.292,0.007,5,4350.065,2121.012
47.220,130.294,0.007,5,4350.116,2121.595
47.230,130.295,0.007,5,4350.167,2122.177
47.240,130.297,0.007,5,4350.218,2122.760
47.250,130.298,0.007,5,4350.269,2123.342
47.260,130.300,0.007,5,4350.319,2123.925
47.270,130.301,0.007,5,4350.370,2124.507
47.280,130.303,0.007,5,4350.421,2125.090
47.290,130.304,0.007,5,4350.471,2125.672
47.300,130.306,0.007,5,4350.522,2126.255
47.310,130.307,0.007,5,4350.573,2126.837
47.320,130.309,0.007,5,4350.623,2127.420
47.330,130.310,0.007,5,4350.674,2128.002
47.340,130.312,0.007,5,4350.725,2128.585
47.350,130.313,0.007,5,4350.775,2129.168
47.360,130.315,0.007,5,4350.826,2129.750
47.370,130.316,0.007,5,4350.876,2130.333
47.380,130.318,0.007,5,4350.927,2130.915
47.390,130.319,0.007,5,4350.977,2131.498
47.400,130.321,0.007,5,4351.028,2132.080
47.410,130.322,0.007,5,4351.078,2132.663
47.420,130.324,0.007,5,4351.129,2133.246
47.430,130.326,0.007,5,4351.179,2133.828
47.440,130.327,0.007,5,4351.230,2134.411
47.450,130.329,0.007,5,4351.280,2134.993
47.460,130.330,0.007,5,4351.330,2135.576
47.470,130.332,0.007,5,4351.381,2136.159
47.480,130.333,0.007,5,4351.431,2136.741
47.490,130.335,0.007,5,4351.481,2137.324
47.500,130.336,0.007,5,4351.532,2137.907
47.510,130.338,0.007,5,4351.582,2138.489
47.520,130.339,0.007,5,4351.632,2139.072
47.530,130.341,0.007,5,4351.682,2139.655
47.540,130.342,0.007,5,4351.733,2140.237
47.550,130.344,0.007,5,4351.783,2140.820
47.560,130.345,0.007,5,4351.833,2141.403
47.570,130.347,0.007,5,4351.883,2141.985
47.580,130.348,0.007,5,4351.934,2142.568
47.590,130.350,0.007,5,4351.984,2143.151
47.600,130.351,0.007,5,4352.034,2143.733
47.610,130.353,0.007,5,4352.084,2144.316
47.620,130.354,0.007,5,4352.134,2144.899
47.630,130.356,0.007,5,4352.184,2145.482
47.640,130.357,0.007,5,4352.234,2146.064
47.650,130.359,0.007,5,4352.284,2146.647
47.660,130.360,0.007,5,4352.334,2147.230
47.670,130.362,0.007,5,4352.384,2147.813
47.680,130.363,0.007,5,4352.434,2148.395
47.690,130.365,0.007,5,4352.484,2148.978
47.700,130.366,0.007,5,4352.534,2149.561
47.710,130.368,0.007,5,4352.584,2150.144
47.720,130.369,0.007,5,4352.634,2150.727
47.730,130.371,0.007,5,4352.684,2151.309
47.740,130.372,0.007,5,4352.734,2151.892
47.750,130.374,0.007,5,4352.784,2152.475
47.760,130.375,0.007,5,4352.834,2153.058
47.770,130.377,0.007,5,4352.883,2153.641
47.780,130.378,0.007,5,4352.933,2154.224
47.790,130.380,0.007,5,4352.983,2154.806
47.800,130.381,0.007,5,4353.033,2155.389
47.810,130.383,0.007,5,4353.083,2155.972
47.820,130.384,0.007,5,4353.132,2156.555
47.830,130.386,0.007,5,4353.182,2157.138
47.840,130.387,0.007,5,4353.232,2157.721
47.850,130.388,0.007,5,4353.282,2158.304
47.860,130.390,0.007,5,4353.331,2158.886
47.870,130.391,0.007,5,4353.381,2159.469
47.880,130.393,0.007,5,4353.431,2160.052
47.890,130.394,0.007,5,4353.480,2160.635
47.900,130.396,0.007,5,4353.530,2161.218
47.910,130.397,0.007,5,4353.579,2161.801
47.920,130.399,0.007,5,4353.629,2162.384
47.930,130.400,0.007,5,4353.679,2162.967
47.940,130.402,0.007,5,4353.728,2163.550
47.950,130.403,0.007,5,4353.778,2164.133
47.960,130.405,0.007,5,4353.827,2164.716
47.970,130.406,0.007,5,4353.877,2165.299
47.980,130.408,0.007,5,4353.926,2165.882
47.990,130.409,0.007,5,4353.976,2166.465
48.000,130.411,0.007,5,4354.025,2167.048
48.010,130.412,0.007,5,4354.074,2167.631
48.020,130.414,0.007,5,4354.124,2168.214
48.030,130.415,0.007,5,4354.173,2168.797
48.040,130.417,0.007,5,4354.223,2169.380
48.050,130.418,0.007,5,4354.272,2169.963
48.060,130.420,0.007,5,4354.321,2170.546
48.070,130.421,0.007,5,4354.371,2171.129
48.080,130.423,0.007,5,4354.420,2171.712
48.090,130.424,0.007,5,4354.469,2172.295
48.100,130.426,0.007,5,4354.518,2172.878
48.110,130.427,0.007,5,4354.568,2173.461
48.120,130.428,0.007,5,4354.617,2174.044
48.130,130.430,0.007,5,4354.666,2174.627
48.140,130.431,0.007,5,4354.715,2175.210
48.150,130.433,0.007,5,4354.765,2175.793
48.160,130.434,0.007,5,4354.814,2176.376
48.170,130.436,0.007,5,4354.863,2176.959
48.180,130.437,0.007,5,4354.912,2177.542
48.190,130.439,0.007,5,4354.961,2178.126
48.200,130.440,0.007,5,4355.010,2178.709
48.210,130.442,0.007,5,4355.059,2179.292
48.220,130.443,0.007,5,4355.108,2179.875
48.230,130.445,0.007,5,4355.157,2180.458
48.240,130.446,0.007,5,4355.206,2181.041
48.250,130.448,0.007,5,4355.255,2181.624
48.260,130.449,0.007,5,4355.304,2182.208
48.270,130.451,0.007,5,4355.353,2182.791
48.280,130.452,0.007,5,4355.402,2183.374
48.290,130.453,0.007,5,4355.451,2183.957
48.300,130.455,0.007,5,4355.500,2184.540
48.310,130.456,0.007,5,4355.549,2185.123
48.320,130.458,0.007,5,4355.598,2185.707
48.330,130.459,0.007,5,4355.647,2186.290
48.340,130.461,0.007,5,4355.696,2186.873
48.350,130.462,0.007,5,4355.745,2187.456
48.360,130.464,0.007,5,4355.793,2188.039
48.370,130.465,0.007,5,4355.842,2188.623
48.380,130.467,0.007,5,4355.891,2189.206
48.390,130.468,0.007,5,4355.940,2189.789
48.400,130.470,0.007,5,4355.989,2190.372
48.410,130.471,0.007,5,4356.037,2190.956
48.420,130.472,0.007,5,4356.086,2191.539
48.430,130.474,0.007,5,4356.135,2192.122
48.440,130.475,0.007,5,4356.183,2192.705
48.450,130.477,0.007,5,4356.232,2193.289
48.460,130.478,0.007,5,4356.281,2193.872
48.470,130.480,0.007,5,4356.329,2194.455
48.480,130.481,0.007,5,4356.378,2195.039
48.490,130.483,0.007,5,4356.427,2195.622
48.500,130.484,0.007,5,4356.475,2196.205
48.510,130.486,0.007,5,4356.524,2196.789
48.520,130.487,0.007,5,4356.572,2197.372
48.530,130.488,0.007,5,4356.621,2197.955
48.540,130.490,0.007,5,4356.669,2198.539
48.550,130.491,0.007,5,4356.718,2199.122
48.560,130.493,0.007,5,4356.766,2199.705
48.570,130.494,0.007,5,4356.815,2200.289
48.580,130.496,0.007,5,4356.863,2200.872
48.590,130.497,0.007,5,4356.912,2201.455
48.600,130.499,0.007,5,4356.960,2202.039
48.610,130.500,0.007,5,4357.009,2202.622
48.620,130.502,0.007,5,4357.057,2203.205
48.630,130.503,0.007,5,4357.105,2203.789
48.640,130.504,0.007,5,4357.154,2204.372
48.650,130.506,0.007,5,4357.202,2204.956
48.660,130.507,0.007,5,4357.250,2205.539
48.670,130.509,0.007,5,4357.299,2206.123
48.680,130.510,0.007,5,4357.347,2206.706
48.690,130.512,0.007,5,4357.395,2207.289
48.700,130.513,0.007,5,4357.443,2207.873
48.710,130.515,0.007,5,4357.492,2208.456
48.720,130.516,0.007,5,4357.540,2209.040
48.730,130.517,0.007,5,4357.588,2209.623
48.740,130.519,0.007,5,4357.636,2210.207
48.750,130.520,0.007,5,4357.684,2210.790
48.760,130.522,0.007,5,4357.733,2211.374
48.770,130.523,0.007,5,4357.781,2211.957
48.780,130.525,0.007,5,4357.829,2212.541
48.790,130.526,0.007,5,4357.877,2213.124
48.800,130.528,0.007,5,4357.925,2213.708
48.810,130.529,0.007,5,4357.973,2214.291
48.820,130.530,0.007,5,4358.021,2214.875
48.830,130.532,0.007,5,4358.069,2215.458
48.840,130.533,0.007,5,4358.117,2216.042
48.850,130.535,0.007,5,4358.165,2216.625
48.860,130.536,0.007,5,4358.213,2217.209
48.870,130.538,0.007,5,4358.261,2217.792
48.880,130.539,0.007,5,4358.309,2218.376
48.890,130.540,0.007,5,4358.357,2218.959
48.900,130.542,0.007,5,4358.405,2219.543
48.910,130.543,0.007,5,4358.453,2220.127
48.920,130.545,0.007,5,4358.501,2220.710
48.930,130.546,0.007,5,4358.548,2221.294
48.940,130.548,0.007,5,4358.596,2221.877
48.950,130.549,0.007,5,4358.644,2222.461
48.960,130.551,0.007,5,4358.692,2223.045
48.970,130.552,0.007,5,4358.740,2223.628
48.980,130.553,0.007,5,4358.788,2224.212
48.990,130.555,0.007,5,4358.835,2224.795
49.000,130.556,0.007,5,4358.883,2225.379
49.010,130.558,0.007,5,4358.931,2225.963
49.020,130.559,0.007,5,4358.978,2226.546
49.030,130.561,0.007,5,4359.026,2227.130
49.040,130.562,0.007,5,4359.074,2227.714
49.050,130.563,0.007,5,4359.121,2228.297
49.060,130.565,0.007,5,4359.169,2228.881
49.070,130.566,0.006,5,4359.217,2229.465
49.080,130.568,0.006,5,4359.264,2230.048
49.090,130.569,0.006,5,4359.312,2230.632
49.100,130.571,0.006,5,4359.360,2231.216
49.110,130.572,0.006,5,4359.407,2231.799
49.120,130.573,0.006,5,4359.455,2232.383
49.130,130.575,0.006,5,4359.502,2232.967
49.140,130.576,0.006,5,4359.550,2233.551
49.150,130.578,0.006,5,4359.597,2234.134
49.160,130.579,0.006,5,4359.645,2234.718
49.170,130.580,0.006,5,4359.692,2235.302
49.180,130.582,0.006,5,4359.740,2235.886
49.190,130.583,0.006,5,4359.787,2236.469
49.200,130.585,0.006,5,4359.834,2237.053
49.210,130.586,0.006,5,4359.882,2237.637
49.220,130.588,0.006,5,4359.929,2238.221
49.230,130.589,0.006,5,4359.977,2238.804
49.240,130.590,0.006,5,4360.024,2239.388
49.250,130.592,0.006,5,4360.071,2239.972
49.260,130.593,0.006,5,4360.119,2240.556
49.270,130.595,0.006,5,4360.166,2241.140
49.280,130.596,0.006,5,4360.213,2241.723
49.290,130.598,0.006,5,4360.260,2242.307
49.300,130.599,0.006,5,4360.308,2242.891
49.310,130.600,0.006,5,4360.355,2243.475
49.320,130.602,0.006,5,4360.402,2244.059
49.330,130.603,0.006,5,4360.449,2244.643
49.340,130.605,0.006,5,4360.496,2245.226
49.350,130.606,0.006,5,4360.544,2245.810
49.360,130.607,0.006,5,4360.591,2246.394
49.370,130.609,0.006,5,4360.638,2246.978
49.380,130.610,0.006,5,4360.685,2247.562
49.390,130.612,0.006,5,4360.732,2248.146
49.400,130.613,0.006,5,4360.779,2248.730
49.410,130.614,0.006,5,4360.826,2249.314
49.420,130.616,0.006,5,4360.873,2249.897
49.430,130.617,0.006,5,4360.920,2250.481
49.440,130.619,0.006,5,4360.967,2251.065
49.450,130.620,0.006,5,4361.014,2251.649
49.460,130.621,0.006,5,4361.061,2252.233
49.470,130.623,0.006,5,4361.108,2252.817
49.480,130.624,0.006,5,4361.155,2253.401
49.490,130.626,0.006,5,4361.202,2253.985
49.500,130.627,0.006,5,4361.249,2254.569
49.510,130.629,0.006,5,4361.296,2255.153
49.520,130.630,0.006,5,4361.343,2255.737
49.530,130.631,0.006,5,4361.390,2256.321
49.540,130.633,0.006,5,4361.437,2256.905
49.550,130.634,0.006,5,4361.483,2257.489
49.560,130.636,0.006,5,4361.530,2258.073
49.570,130.637,0.006,5,4361.577,2258.657
49.580,130.638,0.006,5,4361.624,2259.241
49.590,130.640,0.006,5,4361.671,2259.825
49.600,130.641,0.006,5,4361.717,2260.409
49.610,130.643,0.006,5,4361.764,2260.993
49.620,130.644,0.006,5,4361.811,2261.577
49.630,130.645,0.006,5,4361.858,2262.161
49.640,130.647,0.006,5,4361.904,2262.745
49.650,130.648,0.006,5,4361.951,2263.329
49.660,130.650,0.006,5,4361.998,2263.913
49.670,130.651,0.006,5,4362.044,2264.497
49.680,130.652,0.006,5,4362.091,2265.081
49.690,130.654,0.006,5,4362.137,2265.665
49.700,130.655,0.006,5,4362.184,2266.249
49.710,130.657,0.006,5,4362.231,2266.833
49.720,130.658,0.006,5,4362.277,2267.417
49.730,130.659,0.006,5,4362.324,2268.002
49.740,130.661,0.006,5,4362.370,2268.586
49.750,130.662,0.006,5,4362.417,2269.170
49.760,130.663,0.006,5,4362.463,2269.754
49.770,130.665,0.006,5,4362.510,2270.338
49.780,130.666,0.006,5,4362.556,2270.922
49.790,130.668,0.006,5,4362.603,2271.506
49.800,130.669,0.006,5,4362.649,2272.090
49.810,130.670,0.006,5,4362.696,2272.675
49.820,130.672,0.006,5,4362.742,2273.259
49.830,130.673,0.006,5,4362.788,2273.843
49.840,130.675,0.006,5,4362.835,2274.427
49.850,130.676,0.006,5,4362.881,2275.011
49.860,130.677,0.006,5,4362.927,2275.595
49.870,130.679,0.006,5,4362.974,2276.180
49.880,130.680,0.006,5,4363.020,2276.764
49.890,130.682,0.006,5,4363.066,2277.348
49.900,130.683,0.006,5,4363.113,2277.932
49.910,130.684,0.006,5,4363.159,2278.516
49.920,130.686,0.006,5,4363.205,2279.101
49.930,130.687,0.006,5,4363.251,2279.685
49.940,130.688,0.006,5,4363.297,2280.269
49.950,130.690,0.006,5,4363.344,2280.853
49.960,130.691,0.006,5,4363.390,2281.437
49.970,130.693,0.006,5,4363.436,2282.022
49.980,130.694,0.006,5,4363.482,2282.606
49.990,130.695,0.006,5,4363.528,2283.190
50.000,130.697,0.006,5,4363.574,2283.774
50.010,130.698,0.006,5,4363.620,2284.359
50.020,130.700,0.006,5,4363.666,2284.943
50.030,130.701,0.006,5,4363.713,2285.527
50.040,130.702,0.006,5,4363.759,2286.112
50.050,130.704,0.006,5,4363.805,2286.696
50.060,130.705,0.006,5,4363.851,2287.280
50.070,130.706,0.006,5,4363.897,2287.864
50.080,130.708,0.006,5,4363.943,2288.449
50.090,130.709,0.006,5,4363.989,2289.033
50.100,130.711,0.006,5,4364.034,2289.617
50.110,130.712,0.006,5,4364.080,2290.202
50.120,130.713,0.006,5,4364.126,2290.786
50.130,130.715,0.006,5,4364.172,2291.370
50.140,130.716,0.006,5,4364.218,2291.955
50.150,130.717,0.006,5,4364.264,2292.539
50.160,130.719,0.006,5,4364.310,2293.123
50.170,130.720,0.006,5,4364.356,2293.708
50.180,130.722,0.006,5,4364.401,2294.292
50.190,130.723,0.006,5,4364.447,2294.877
50.200,130.724,0.006,5,4364.493,2295.461
50.210,130.726,0.006,5,4364.539,2296.045
50.220,130.727,0.006,5,4364.585,2296.630
50.230,130.728,0.006,5,4364.630,2297.214
50.240,130.730,0.006,5,4364.676,2297.799
50.250,130.731,0.006,5,4364.722,2298.383
50.260,130.732,0.006,5,4364.767,2298.967
50.270,130.734,0.006,5,4364.813,2299.552
50.280,130.735,0.006,5,4364.859,2300.136
50.290,130.737,0.006,5,4364.904,2300.721
50.300,130.738,0.006,5,4364.950,2301.305
50.310,130.739,0.006,5,4364.996,2301.890
50.320,130.741,0.006,5,4365.041,2302.474
50.330,130.742,0.006,5,4365.087,2303.059
50.340,130.743,0.006,5,4365.132,2303.643
50.350,130.745,0.006,5,4365.178,2304.228
50.360,130.746,0.006,5,4365.223,2304.812
50.370,130.748,0.006,5,4365.269,2305.396
50.380,130.749,0.006,5,4365.314,2305.981
50.390,130.750,0.006,5,4365.360,2306.565
50.400,130.752,0.006,5,4365.405,2307.150
50.410,130.753,0.006,5,4365.451,2307.734
50.420,130.754,0.006,5,4365.496,2308.319
50.430,130.756,0.006,5,4365.542,2308.904
50.440,130.757,0.006,5,4365.587,2309.488
50.450,130.758,0.006,5,4365.632,2310.073
50.460,130.760,0.006,5,4365.678,2310.657
50.470,130.761,0.006,5,4365.723,2311.242
50.480,130.762,0.006,5,4365.769,2311.826
50.490,130.764,0.006,5,4365.814,2312.411
50.500,130.765,0.006,5,4365.859,2312.995
50.510,130.767,0.006,5,4365.904,2313.580
50.520,130.768,0.006,5,4365.950,2314.165
50.530,130.769,0.006,5,4365.995,2314.749
50.540,130.771,0.006,5,4366.040,2315.334
50.550,130.772,0.006,5,4366.085,2315.918
50.560,130.773,0.006,5,4366.131,2316.503
50.570,130.775,0.006,5,4366.176,2317.088
50.580,130.776,0.006,5,4366.221,2317.672
50.590,130.777,0.006,5,4366.266,2318.257
50.600,130.779,0.006,5,4366.311,2318.841
50.610,130.780,0.006,5,4366.356,2319.426
50.620,130.781,0.006,5,4366.402,2320.011
50.630,130.783,0.006,5,4366.447,2320.595
50.640,130.784,0.006,5,4366.492,2321.180
50.650,130.785,0.006,5,4366.537,2321.765
50.660,130.787,0.006,5,4366.582,2322.349
50.670,130.788,0.006,5,4366.627,2322.934
50.680,130.790,0.006,5,4366.672,2323.519
50.690,130.791,0.006,5,4366.717,2324.103
50.700,130.792,0.006,5,4366.762,2324.688
50.710,130.794,0.006,5,4366.807,2325.273
50.720,130.795,0.006,5,4366.852,2325.857
50.730,130.796,0.006,5,4366.897,2326.442
50.740,130.798,0.006,5,4366.942,2327.027
50.750,130.799,0.006,5,4366.987,2327.612
50.760,130.800,0.006,5,4367.032,2328.196
50.770,130.802,0.006,5,4367.076,2328.781
50.780,130.803,0.006,5,4367.121,2329.366
50.790,130.804,0.006,5,4367.166,2329.951
50.800,130.806,0.006,5,4367.211,2330.535
50.810,130.807,0.006,5,4367.256,2331.120
50.820,130.808,0.006,5,4367.301,2331.705
50.830,130.810,0.006,5,4367.345,2332.290
50.840,130.811,0.006,5,4367.390,2332.874
50.850,130.812,0.006,5,4367.435,2333.459
50.860,130.814,0.006,5,4367.480,2334.044
50.870,130.815,0.006,5,4367.524,2334.629
50.880,130.816,0.006,5,4367.569,2335.213
50.890,130.818,0.006,5,4367.614,2335.798
50.900,130.819,0.006,5,4367.658,2336.383
50.910,130.820,0.006,5,4367.703,2336.968
50.920,130.822,0.006,5,4367.748,2337.553
50.930,130.823,0.006,5,4367.792,2338.138
50.940,130.824,0.006,5,4367.837,2338.722
50.950,130.826,0.006,5,4367.882,2339.307
50.960,130.827,0.006,5,4367.926,2339.892
50.970,130.828,0.006,5,4367.971,2340.477
50.980,130.830,0.006,5,4368.015,2341.062
50.990,130.831,0.006,5,4368.060,2341.647
51.000,130.832,0.006,5,4368.104,2342.232
51.010,130.834,0.006,5,4368.149,2342.816
51.020,130.835,0.006,5,4368.193,2343.401
51.030,130.836,0.006,5,4368.238,2343.986
51.040,130.838,0.006,5,4368.282,2344.571
51.050,130.839,0.006,5,4368.327,2345.156
51.060,130.840,0.006,5,4368.371,2345.741
51.070,130.842,0.006,5,4368.416,2346.326
51.080,130.843,0.006,5,4368.460,2346.911
51.090,130.844,0.006,5,4368.504,2347.496
51.100,130.846,0.006,5,4368.549,2348.081
51.110,130.847,0.006,5,4368.593,2348.665
51.120,130.848,0.006,5,4368.637,2349.250
51.130,130.850,0.006,5,4368.682,2349.835
51.140,130.851,0.006,5,4368.726,2350.420
51.150,130.852,0.006,5,4368.770,2351.005
51.160,130.854,0.006,5,4368.815,2351.590
51.170,130.855,0.006,5,4368.859,2352.175
51.180,130.856,0.006,5,4368.903,2352.760
51.190,130.858,0.006,5,4368.947,2353.345
51.200,130.859,0.006,5,4368.992,2353.930
51.210,130.860,0.006,5,4369.036,2354.515
51.220,130.862,0.006,5,4369.080,2355.100
51.230,130.863,0.006,5,4369.124,2355.685
51.240,130.864,0.006,5,4369.168,2356.270
51.250,130.866,0.006,5,4369.212,2356.855
51.260,130.867,0.006,5,4369.256,2357.440
51.270,130.868,0.006,5,4369.301,2358.025
51.280,130.870,0.006,5,4369.345,2358.610
51.290,130.871,0.006,5,4369.389,2359.195
51.300,130.872,0.006,5,4369.433,2359.780
51.310,130.874,0.006,5,4369.477,2360.365
51.320,130.875,0.006,5,4369.521,2360.950
51.330,130.876,0.006,5,4369.565,2361.536
51.340,130.878,0.006,5,4369.609,2362.121
51.350,130.879,0.006,5,4369.653,2362.706
51.360,130.880,0.006,5,4369.697,2363.291
51.370,130.881,0.006,5,4369.741,2363.876
51.380,130.883,0.006,5,4369.785,2364.461
51.390,130.884,0.006,5,4369.829,2365.046
51.400,130.885,0.006,5,4369.872,2365.631
51.410,130.887,0.006,5,4369.916,2366.216
51.420,130.888,0.006,5,4369.960,2366.801
51.430,130.889,0.006,5,4370.004,2367.387
51.440,130.891,0.006,5,4370.048,2367.972
51.450,130.892,0.006,5,4370.092,2368.557
51.460,130.893,0.006,5,4370.136,2369.142
51.470,130.895,0.006,5,4370.179,2369.727
51.480,130.896,0.006,5,4370.223,2370.312
51.490,130.897,0.006,5,4370.267,2370.897
51.500,130.899,0.006,5,4370.311,2371.483
51.510,130.900,0.006,5,4370.354,2372.068
51.520,130.901,0.006,5,4370.398,2372.653
51.530,130.902,0.006,5,4370.442,2373.238
51.540,130.904,0.006,5,4370.486,2373.823
51.550,130.905,0.006,5,4370.529,2374.408
51.560,130.906,0.006,5,4370.573,2374.994
51.570,130.908,0.006,5,4370.616,2375.579
51.580,130.909,0.006,5,4370.660,2376.164
51.590,130.910,0.006,5,4370.704,2376.749
51.600,130.912,0.006,5,4370.747,2377.335
51.610,130.913,0.006,5,4370.791,2377.920
51.620,130.914,0.006,5,4370.834,2378.505
51.630,130.916,0.006,5,4370.878,2379.090
51.640,130.917,0.006,5,4370.922,2379.675
51.650,130.918,0.006,5,4370.965,2380.261
51.660,130.919,0.006,5,4371.009,2380.846
51.670,130.921,0.006,5,4371.052,2381.431
51.680,130.922,0.006,5,4371.096,2382.017
51.690,130.923,0.006,5,4371.139,2382.602
51.700,130.925,0.006,5,4371.182,2383.187
51.710,130.926,0.006,5,4371.226,2383.772
51.720,130.927,0.006,5,4371.269,2384.358
51.730,130.929,0.006,5,4371.313,2384.943
51.740,130.930,0.006,5,4371.356,2385.528
51.750,130.931,0.006,5,4371.399,2386.114
51.760,130.932,0.006,5,4371.443,2386.699
51.770,130.934,0.006,5,4371.486,2387.284
51.780,130.935,0.006,5,4371.529,2387.870
51.790,130.936,0.006,5,4371.573,2388.455
51.800,130.938,0.006,5,4371.616,2389.040
51.810,130.939,0.006,5,4371.659,2389.626
51.820,130.940,0.006,5,4371.703,2390.211
51.830,130.942,0.006,5,4371.746,2390.796
51.840,130.943,0.006,5,4371.789,2391.382
51.850,130.944,0.006,5,4371.832,2391.967
51.860,130.945,0.006,5,4371.875,2392.552
51.870,130.947,0.006,5,4371.919,2393.138
51.880,130.948,0.006,5,4371.962,2393.723
51.890,130.949,0.006,5,4372.005,2394.309
51.900,130.951,0.006,5,4372.048,2394.894
51.910,130.952,0.006,5,4372.091,2395.479
51.920,130.953,0.006,5,4372.134,2396.065
51.930,130.954,0.006,5,4372.177,2396.650
51.940,130.956,0.006,5,4372.221,2397.236
51.950,130.957,0.006,5,4372.264,2397.821
51.960,130.958,0.006,5,4372.307,2398.406
51.970,130.960,0.006,5,4372.350,2398.992
51.980,130.961,0.006,5,4372.393,2399.577
51.990,130.962,0.006,5,4372.436,2400.163
52.000,130.963,0.006,5,4372.479,2400.748
52.010,130.965,0.006,5,4372.522,2401.334
52.020,130.966,0.006,5,4372.565,2401.919
52.030,130.967,0.006,5,4372.608,2402.505
52.040,130.969,0.006,5,4372.650,2403.090
52.050,130.970,0.006,5,4372.693,2403.676
52.060,130.971,0.006,5,4372.736,2404.261
52.070,130.972,0.006,5,4372.779,2404.847
52.080,130.974,0.006,5,4372.822,2405.432
52.090,130.975,0.006,5,4372.865,2406.018
52.100,130.976,0.006,5,4372.908,2406.603
52.110,130.978,0.006,5,4372.951,2407.189
52.120,130.979,0.006,5,4372.993,2407.774
52.130,130.980,0.006,5,4373.036,2408.360
52.140,130.981,0.006,5,4373.079,2408.945
52.150,130.983,0.006,5,4373.122,2409.531
52.160,130.984,0.006,5,4373.164,2410.116
52.170,130.985,0.006,5,4373.207,2410.702
52.180,130.987,0.006,5,4373.250,2411.287
52.190,130.988,0.006,5,4373.293,2411.873
52.200,130.989,0.006,5,4373.335,2412.459
52.210,130.990,0.006,5,4373.378,2413.044
52.220,130.992,0.006,5,4373.421,2413.630
52.230,130.993,0.006,5,4373.463,2414.215
52.240,130.994,0.006,5,4373.506,2414.801
52.250,130.996,0.006,5,4373.549,2415.386
52.260,130.997,0.006,5,4373.591,2415.972
52.270,130.998,0.006,5,4373.634,2416.558
52.280,130.999,0.006,5,4373.676,2417.143
52.290,131.001,0.006,5,4373.719,2417.729
52.300,131.002,0.006,5,4373.761,2418.315
52.310,131.003,0.006,5,4373.804,2418.900
52.320,131.004,0.006,5,4373.846,2419.486
52.330,131.006,0.006,5,4373.889,2420.071
52.340,131.007,0.006,5,4373.931,2420.657
52.350,131.008,0.006,5,4373.974,2421.243
52.360,131.010,0.006,5,4374.016,2421.828
52.370,131.011,0.006,5,4374.059,2422.414
52.380,131.012,0.006,5,4374.101,2423.000
52.390,131.013,0.006,5,4374.144,2423.585
52.400,131.015,0.006,5,4374.186,2424.171
52.410,131.016,0.006,5,4374.228,2424.757
52.420,131.017,0.006,5,4374.271,2425.343
52.430,131.018,0.006,5,4374.313,2425.928
52.440,131.020,0.006,5,4374.355,2426.514
52.450,131.021,0.006,5,4374.398,2427.100
52.460,131.022,0.006,5,4374.440,2427.685
52.470,131.023,0.006,5,4374.482,2428.271
52.480,131.025,0.006,5,4374.525,2428.857
52.490,131.026,0.006,5,4374.567,2429.443
52.500,131.027,0.006,5,4374.609,2430.028
52.510,131.029,0.006,5,4374.651,2430.614
52.520,131.030,0.006,5,4374.693,2431.200
52.530,131.031,0.006,5,4374.736,2431.786
52.540,131.032,0.006,5,4374.778,2432.371
52.550,131.034,0.006,5,4374.820,2432.957
52.560,131.035,0.006,5,4374.862,2433.543
52.570,131.036,0.006,5,4374.904,2434.129
52.580,131.037,0.006,5,4374.946,2434.714
52.590,131.039,0.006,5,4374.989,2435.300
52.600,131.040,0.006,5,4375.031,2435.886
52.610,131.041,0.006,5,4375.073,2436.472
52.620,131.042,0.006,5,4375.115,2437.058
52.630,131.044,0.006,5,4375.157,2437.643
52.640,131.045,0.006,5,4375.199,2438.229
52.650,131.046,0.006,5,4375.241,2438.815
52.660,131.047,0.006,5,4375.283,2439.401
52.670,131.049,0.006,5,4375.325,2439.987
52.680,131.050,0.006,5,4375.367,2440.573
52.690,131.051,0.006,5,4375.409,2441.158
52.700,131.052,0.006,5,4375.451,2441.744
52.710,131.054,0.006,5,4375.493,2442.330
52.720,131.055,0.006,5,4375.535,2442.916
52.730,131.056,0.006,5,4375.577,2443.502
52.740,131.058,0.006,5,4375.618,2444.088
52.750,131.059,0.006,5,4375.660,2444.674
52.760,131.060,0.006,5,4375.702,2445.260
52.770,131.061,0.006,5,4375.744,2445.845
52.780,131.063,0.006,5,4375.786,2446.431
52.790,131.064,0.006,5,4375.828,2447.017
52.800,131.065,0.006,5,4375.869,2447.603
52.810,131.066,0.006,5,4375.911,2448.189
52.820,131.068,0.006,5,4375.953,2448.775
52.830,131.069,0.006,5,4375.995,2449.361
52.840,131.070,0.006,5,4376.036,2449.947
52.850,131.071,0.006,5,4376.078,2450.533
52.860,131.073,0.006,5,4376.120,2451.119
52.870,131.074,0.006,5,4376.162,2451.705
52.880,131.075,0.006,5,4376.203,2452.291
52.890,131.076,0.006,5,4376.245,2452.877
52.900,131.078,0.006,5,4376.287,2453.463
52.910,131.079,0.006,5,4376.328,2454.048
52.920,131.080,0.006,5,4376.370,2454.634
52.930,131.081,0.006,5,4376.411,2455.220
52.940,131.083,0.006,5,4376.453,2455.806
52.950,131.084,0.006,5,4376.495,2456.392
52.960,131.085,0.006,5,4376.536,2456.978
52.970,131.086,0.006,5,4376.578,2457.564
52.980,131.087,0.006,5,4376.619,2458.150
52.990,131.089,0.006,5,4376.661,2458.736
53.000,131.090,0.006,5,4376.702,2459.322
53.010,131.091,0.006,5,4376.744,2459.909
53.020,131.092,0.006,5,4376.785,2460.495
53.030,131.094,0.006,5,4376.827,2461.081
53.040,131.095,0.006,5,4376.868,2461.667
53.050,131.096,0.006,5,4376.910,2462.253
53.060,131.097,0.006,5,4376.951,2462.839
53.070,131.099,0.006,5,4376.992,2463.425
53.080,131.100,0.006,5,4377.034,2464.011
53.090,131.101,0.006,5,4377.075,2464.597
53.100,131.102,0.006,5,4377.117,2465.183
53.110,131.104,0.006,5,4377.158,2465.769
53.120,131.105,0.006,5,4377.199,2466.355
53.130,131.106,0.006,5,4377.241,2466.941
53.140,131.107,0.006,5,4377.282,2467.527
53.150,131.109,0.006,5,4377.323,2468.113
53.160,131.110,0.006,5,4377.365,2468.700
53.170,131.111,0.006,5,4377.406,2469.286
53.180,131.112,0.006,5,4377.447,2469.872
53.190,131.114,0.006,5,4377.488,2470.458
53.200,131.115,0.006,5,4377.529,2471.044
53.210,131.116,0.006,5,4377.571,2471.630
53.220,131.117,0.006,5,4377.612,2472.216
53.230,131.118,0.006,5,4377.653,2472.802
53.240,131.120,0.006,5,4377.694,2473.389
53.250,131.121,0.006,5,4377.735,2473.975
53.260,131.122,0.006,5,4377.776,2474.561
53.270,131.123,0.006,5,4377.818,2475.147
53.280,131.125,0.006,5,4377.859,2475.733
53.290,131.126,0.006,5,4377.900,2476.319
53.300,131.127,0.006,5,4377.941,2476.906
53.310,131.128,0.006,5,4377.982,2477.492
53.320,131.130,0.006,5,4378.023,2478.078
53.330,131.131,0.006,5,4378.064,2478.664
53.340,131.132,0.006,5,4378.105,2479.250
53.350,131.133,0.006,5,4378.146,2479.837
53.360,131.134,0.006,5,4378.187,2480.423
53.370,131.136,0.006,5,4378.228,2481.009
53.380,131.137,0.006,5,4378.269,2481.595
53.390,131.138,0.006,5,4378.310,2482.182
53.400,131.139,0.006,5,4378.351,2482.768
53.410,131.141,0.006,5,4378.392,2483.354
53.420,131.142,0.006,5,4378.433,2483.940
53.430,131.143,0.006,5,4378.473,2484.527
53.440,131.144,0.006,5,4378.514,2485.113
53.450,131.145,0.006,5,4378.555,2485.699
53.460,131.147,0.006,5,4378.596,2486.285
53.470,131.148,0.006,5,4378.637,2486.872
53.480,131.149,0.006,5,4378.678,2487.458
53.490,131.150,0.006,5,4378.719,2488.044
53.500,131.152,0.006,5,4378.759,2488.631
53.510,131.153,0.006,5,4378.800,2489.217
53.520,131.154,0.006,5,4378.841,2489.803
53.530,131.155,0.006,5,4378.882,2490.389
53.540,131.156,0.006,5,4378.922,2490.976
53.550,131.158,0.006,5,4378.963,2491.562
53.560,131.159,0.006,5,4379.004,2492.148
53.570,131.160,0.006,5,4379.044,2492.735
53.580,131.161,0.006,5,4379.085,2493.321
53.590,131.163,0.006,5,4379.126,2493.907
53.600,131.164,0.006,5,4379.166,2494.494
53.610,131.165,0.006,5,4379.207,2495.080
53.620,131.166,0.006,5,4379.248,2495.667
53.630,131.167,0.006,5,4379.288,2496.253
53.640,131.169,0.006,5,4379.329,2496.839
53.650,131.170,0.006,5,4379.369,2497.426
53.660,131.171,0.006,5,4379.410,2498.012
53.670,131.172,0.006,5,4379.450,2498.598
53.680,131.173,0.006,5,4379.491,2499.185
53.690,131.175,0.006,5,4379.532,2499.771
53.700,131.176,0.006,5,4379.572,2500.358
53.710,131.177,0.006,5,4379.613,2500.944
53.720,131.178,0.006,5,4379.653,2501.530
53.730,131.180,0.006,5,4379.693,2502.117
53.740,131.181,0.006,5,4379.734,2502.703
53.750,131.182,0.006,5,4379.774,2503.290
53.760,131.183,0.006,5,4379.815,2503.876
53.770,131.184,0.006,5,4379.855,2504.463
53.780,131.186,0.006,5,4379.896,2505.049
53.790,131.187,0.006,5,4379.936,2505.636
53.800,131.188,0.006,5,4379.976,2506.222
53.810,131.189,0.006,5,4380.017,2506.808
53.820,131.190,0.006,5,4380.057,2507.395
53.830,131.192,0.006,5,4380.097,2507.981
53.840,131.193,0.005,5,4380.138,2508.568
53.850,131.194,0.005,5,4380.178,2509.154
53.860,131.195,0.005,5,4380.218,2509.741
53.870,131.196,0.005,5,4380.258,2510.327
53.880,131.198,0.005,5,4380.299,2510.914
53.890,131.199,0.005,5,4380.339,2511.500
53.900,131.200,0.005,5,4380.379,2512.087
53.910,131.201,0.005,5,4380.419,2512.673
53.920,131.203,0.005,5,4380.459,2513.260
53.930,131.204,0.005,5,4380.500,2513.846
53.940,131.205,0.005,5,4380.540,2514.433
53.950,131.206,0.005,5,4380.580,2515.020
53.960,131.207,0.005,5,4380.620,2515.606
53.970,131.209,0.005,5,4380.660,2516.193
53.980,131.210,0.005,5,4380.700,2516.779
53.990,131.211,0.005,5,4380.740,2517.366
54.000,131.212,0.005,5,4380.780,2517.952
54.010,131.213,0.005,5,4380.821,2518.539
54.020,131.215,0.005,5,4380.861,2519.125
54.030,131.216,0.005,5,4380.901,2519.712
54.040,131.217,0.005,5,4380.941,2520.299
54.050,131.218,0.005,5,4380.981,2520.885
54.060,131.219,0.005,5,4381.021,2521.472
54.070,131.221,0.005,5,4381.061,2522.058
54.080,131.222,0.005,5,4381.101,2522.645
54.090,131.223,0.005,5,4381.141,2523.232
54.100,131.224,0.005,5,4381.180,2523.818
54.110,131.225,0.005,5,4381.220,2524.405
54.120,131.226,0.005,5,4381.260,2524.992
54.130,131.228,0.005,5,4381.300,2525.578
54.140,131.229,0.005,5,4381.340,2526.165
54.150,131.230,0.005,5,4381.380,2526.751
54.160,131.231,0.005,5,4381.420,2527.338
54.170,131.232,0.005,5,4381.460,2527.925
54.180,131.234,0.005,5,4381.499,2528.511
54.190,131.235,0.005,5,4381.539,2529.098
54.200,131.236,0.005,5,4381.579,2529.685
54.210,131.237,0.005,5,4381.619,2530.271
54.220,131.238,0.005,5,4381.659,2530.858
54.230,131.240,0.005,5,4381.698,2531.445
54.240,131.241,0.005,5,4381.738,2532.032
54.250,131.242,0.005,5,4381.778,2532.618
54.260,131.243,0.005,5,4381.818,2533.205
54.270,131.244,0.005,5,4381.857,2533.792
54.280,131.246,0.005,5,4381.897,2534.378
54.290,131.247,0.005,5,4381.937,2534.965
54.300,131.248,0.005,5,4381.976,2535.552
54.310,131.249,0.005,5,4382.016,2536.139
54.320,131.250,0.005,5,4382.056,2536.725
54.330,131.251,0.005,5,4382.095,2537.312
54.340,131.253,0.005,5,4382.135,2537.899
54.350,131.254,0.005,5,4382.174,2538.486
54.360,131.255,0.005,5,4382.214,2539.072
54.370,131.256,0.005,5,4382.253,2539.659
54.380,131.257,0.005,5,4382.293,2540.246
54.390,131.259,0.005,5,4382.333,2540.833
54.400,131.260,0.005,5,4382.372,2541.419
54.410,131.261,0.005,5,4382.412,2542.006
54.420,131.262,0.005,5,4382.451,2542.593
54.430,131.263,0.005,5,4382.491,2543.180
54.440,131.265,0.005,5,4382.530,2543.767
54.450,131.266,0.005,5,4382.569,2544.353
54.460,131.267,0.005,5,4382.609,2544.940
54.470,131.268,0.005,5,4382.648,2545.527
54.480,131.269,0.005,5,4382.688,2546.114
54.490,131.270,0.005,5,4382.727,2546.701
54.500,131.272,0.005,5,4382.766,2547.287
54.510,131.273,0.005,5,4382.806,2547.874
54.520,131.274,0.005,5,4382.845,2548.461
54.530,131.275,0.005,5,4382.885,2549.048
54.540,131.276,0.005,5,4382.924,2549.635
54.550,131.277,0.005,5,4382.963,2550.222
54.560,131.279,0.005,5,4383.002,2550.809
54.570,131.280,0.005,5,4383.042,2551.395
54.580,131.281,0.005,5,4383.081,2551.982
54.590,131.282,0.005,5,4383.120,2552.569
54.600,131.283,0.005,5,4383.160,2553.156
54.610,131.285,0.005,5,4383.199,2553.743
54.620,131.286,0.005,5,4383.238,2554.330
54.630,131.287,0.005,5,4383.277,2554.917
54.640,131.288,0.005,5,4383.316,2555.504
54.650,131.289,0.005,5,4383.356,2556.091
54.660,131.290,0.005,5,4383.395,2556.677
54.670,131.292,0.005,5,4383.434,2557.264
54.680,131.293,0.005,5,4383.473,2557.851
54.690,131.294,0.005,5,4383.512,2558.438
54.700,131.295,0.005,5,4383.551,2559.025
54.710,131.296,0.005,5,4383.590,2559.612
54.720,131.297,0.005,5,4383.629,2560.199
54.730,131.299,0.005,5,4383.668,2560.786
54.740,131.300,0.005,5,4383.707,2561.373
54.750,131.301,0.005,5,4383.747,2561.960
54.760,131.302,0.005,5,4383.786,2562.547
54.770,131.303,0.005,5,4383.825,2563.134
54.780,131.304,0.005,5,4383.864,2563.721
54.790,131.306,0.005,5,4383.903,2564.308
54.800,131.307,0.005,5,4383.941,2564.895
54.810,131.308,0.005,5,4383.980,2565.482
54.820,131.309,0.005,5,4384.019,2566.069
54.830,131.310,0.005,5,4384.058,2566.656
54.840,131.311,0.005,5,4384.097,2567.243
54.850,131.313,0.005,5,4384.136,2567.830
54.860,131.314,0.005,5,4384.175,2568.417
54.870,131.315,0.005,5,4384.214,2569.004
54.880,131.316,0.005,5,4384.253,2569.591
54.890,131.317,0.005,5,4384.292,2570.178
54.900,131.318,0.005,5,4384.330,2570.765
54.910,131.320,0.005,5,4384.369,2571.352
54.920,131.321,0.005,5,4384.408,2571.939
54.930,131.322,0.005,5,4384.447,2572.526
54.940,131.323,0.005,5,4384.486,2573.113
54.950,131.324,0.005,5,4384.524,2573.700
54.960,131.325,0.005,5,4384.563,2574.287
54.970,131.327,0.005,5,4384.602,2574.875
54.980,131.328,0.005,5,4384.641,2575.462
54.990,131.329,0.005,5,4384.679,2576.049
55.000,131.330,0.005,5,4384.718,2576.636
55.010,131.331,0.005,5,4384.757,2577.223
55.020,131.332,0.005,5,4384.795,2577.810
55.030,131.334,0.005,5,4384.834,2578.397
55.040,131.335,0.005,5,4384.873,2578.984
55.050,131.336,0.005,5,4384.911,2579.571
55.060,131.337,0.005,5,4384.950,2580.158
55.070,131.338,0.005,5,4384.988,2580.746
55.080,131.339,0.005,5,4385.027,2581.333
55.090,131.340,0.005,5,4385.066,2581.920
55.100,131.342,0.005,5,4385.104,2582.507
55.110,131.343,0.005,5,4385.143,2583.094
55.120,131.344,0.005,5,4385.181,2583.681
55.130,131.345,0.005,5,4385.220,2584.268
55.140,131.346,0.005,5,4385.258,2584.856
55.150,131.347,0.005,5,4385.297,2585.443
55.160,131.349,0.005,5,4385.335,2586.030
55.170,131.350,0.005,5,4385.374,2586.617
55.180,131.351,0.005,5,4385.412,2587.204
55.190,131.352,0.005,5,4385.451,2587.792
55.200,131.353,0.005,5,4385.489,2588.379
55.210,131.354,0.005,5,4385.527,2588.966
55.220,131.355,0.005,5,4385.566,2589.553
55.230,131.357,0.005,5,4385.604,2590.140
55.240,131.358,0.005,5,4385.643,2590.728
55.250,131.359,0.005,5,4385.681,2591.315
55.260,131.360,0.005,5,4385.719,2591.902
55.270,131.361,0.005,5,4385.758,2592.489
55.280,131.362,0.005,5,4385.796,2593.077
55.290,131.363,0.005,5,4385.834,2593.664
55.300,131.365,0.005,5,4385.872,2594.251
55.310,131.366,0.005,5,4385.911,2594.838
55.320,131.367,0.005,5,4385.949,2595.426
55.330,131.368,0.005,5,4385.987,2596.013
55.340,131.369,0.005,5,4386.025,2596.600
55.350,131.370,0.005,5,4386.064,2597.187
55.360,131.372,0.005,5,4386.102,2597.775
55.370,131.373,0.005,5,4386.140,2598.362
55.380,131.374,0.005,5,4386.178,2598.949
55.390,131.375,0.005,5,4386.216,2599.536
55.400,131.376,0.005,5,4386.255,2600.124
55.410,131.377,0.005,5,4386.293,2600.711
55.420,131.378,0.005,5,4386.331,2601.298
55.430,131.380,0.005,5,4386.369,2601.886
55.440,131.381,0.005,5,4386.407,2602.473
55.450,131.382,0.005,5,4386.445,2603.060
55.460,131.383,0.005,5,4386.483,2603.648
55.470,131.384,0.005,5,4386.521,2604.235
55.480,131.385,0.005,5,4386.559,2604.822
55.490,131.386,0.005,5,4386.597,2605.410
55.500,131.387,0.005,5,4386.635,2605.997
55.510,131.389,0.005,5,4386.673,2606.584
55.520,131.390,0.005,5,4386.711,2607.172
55.530,131.391,0.005,5,4386.749,2607.759
55.540,131.392,0.005,5,4386.787,2608.347
55.550,131.393,0.005,5,4386.825,2608.934
55.560,131.394,0.005,5,4386.863,2609.521
55.570,131.395,0.005,5,4386.901,2610.109
55.580,131.397,0.005,5,4386.939,2610.696
55.590,131.398,0.005,5,4386.977,2611.283
55.600,131.399,0.005,5,4387.015,2611.871
55.610,131.400,0.005,5,4387.053,2612.458
55.620,131.401,0.005,5,4387.091,2613.046
55.630,131.402,0.005,5,4387.128,2613.633
55.640,131.403,0.005,5,4387.166,2614.221
55.650,131.405,0.005,5,4387.204,2614.808
55.660,131.406,0.005,5,4387.242,2615.395
55.670,131.407,0.005,5,4387.280,2615.983
55.680,131.408,0.005,5,4387.317,2616.570
55.690,131.409,0.005,5,4387.355,2617.158
55.700,131.410,0.005,5,4387.393,2617.745
55.710,131.411,0.005,5,4387.431,2618.333
55.720,131.412,0.005,5,4387.468,2618.920
55.730,131.414,0.005,5,4387.506,2619.508
55.740,131.415,0.005,5,4387.544,2620.095
55.750,131.416,0.005,5,4387.582,2620.682
55.760,131.417,0.005,5,4387.619,2621.270
55.770,131.418,0.005,5,4387.657,2621.857
55.780,131.419,0.005,5,4387.695,2622.445
55.790,131.420,0.005,5,4387.732,2623.032
55.800,131.421,0.005,5,4387.770,2623.620
55.810,131.423,0.005,5,4387.807,2624.207
55.820,131.424,0.005,5,4387.845,2624.795
55.830,131.425,0.005,5,4387.883,2625.382
55.840,131.426,0.005,5,4387.920,2625.970
55.850,131.427,0.005,5,4387.958,2626.558
55.860,131.428,0.005,5,4387.995,2627.145
55.870,131.429,0.005,5,4388.033,2627.733
55.880,131.430,0.005,5,4388.070,2628.320
55.890,131.432,0.005,5,4388.108,2628.908
55.900,131.433,0.005,5,4388.145,2629.495
55.910,131.434,0.005,5,4388.183,2630.083
55.920,131.435,0.005,5,4388.220,2630.670
55.930,131.436,0.005,5,4388.258,2631.258
55.940,131.437,0.005,5,4388.295,2631.846
55.950,131.438,0.005,5,4388.333,2632.433
55.960,131.439,0.005,5,4388.370,2633.021
55.970,131.441,0.005,5,4388.407,2633.608
55.980,131.442,0.005,5,4388.445,2634.196
55.990,131.443,0.005,5,4388.482,2634.783
56.000,131.444,0.005,5,4388.519,2635.371
56.010,131.445,0.005,5,4388.557,2635.959
