Time_s,Speed_mph,Acceleration_G,Gear,Engine_RPM,Distance_m
0.000,0.000,0.553,1,1000.000,0.000
0.010,0.121,0.553,1,1000.000,0.000
0.020,0.243,0.553,1,1000.000,0.001
0.030,0.364,0.553,1,1000.000,0.002
0.040,0.486,0.553,1,1000.000,0.004
0.050,0.607,0.553,1,1000.000,0.007
0.060,0.729,0.553,1,1000.000,0.010
0.070,0.850,0.553,1,1000.000,0.013
0.080,0.972,0.553,1,1000.000,0.017
0.090,1.093,0.553,1,1000.000,0.022
0.100,1.215,0.553,1,1000.000,0.027
0.110,1.336,0.553,1,1000.000,0.033
0.120,1.458,0.553,1,1000.000,0.039
0.130,1.579,0.553,1,1000.000,0.046
0.140,1.700,0.553,1,1000.000,0.053
0.150,1.822,0.553,1,1000.000,0.061
0.160,1.943,0.553,1,1000.000,0.070
0.170,2.065,0.553,1,1000.000,0.078
0.180,2.186,0.553,1,1000.000,0.088
0.190,2.308,0.553,1,1000.000,0.098
0.200,2.429,0.553,1,1000.000,0.109
0.210,2.551,0.553,1,1000.000,0.120
0.220,2.672,0.553,1,1000.000,0.131
0.230,2.794,0.553,1,1000.000,0.144
0.240,2.915,0.553,1,1000.000,0.156
0.250,3.036,0.553,1,1000.000,0.170
0.260,3.158,0.553,1,1000.000,0.184
0.270,3.279,0.553,1,1000.000,0.198
0.280,3.401,0.553,1,1000.000,0.213
0.290,3.522,0.553,1,1000.000,0.228
0.300,3.644,0.553,1,1000.000,0.244
0.310,3.765,0.553,1,1000.000,0.261
0.320,3.887,0.553,1,1000.000,0.278
0.330,4.008,0.553,1,1000.000,0.296
0.340,4.129,0.553,1,1000.000,0.314
0.350,4.251,0.553,1,1000.000,0.333
0.360,4.372,0.553,1,1000.000,0.352
0.370,4.494,0.553,1,1000.000,0.372
0.380,4.615,0.553,1,1000.000,0.392
0.390,4.737,0.553,1,1000.000,0.413
0.400,4.858,0.553,1,1000.000,0.434
0.410,4.979,0.553,1,1000.000,0.456
0.420,5.101,0.553,1,1000.000,0.479
0.430,5.222,0.553,1,1000.000,0.502
0.440,5.344,0.553,1,1000.000,0.526
0.450,5.465,0.553,1,1000.000,0.550
0.460,5.587,0.553,1,1000.000,0.574
0.470,5.708,0.553,1,1000.000,0.600
0.480,5.829,0.553,1,1000.000,0.625
0.490,5.951,0.553,1,1000.000,0.652
0.500,6.072,0.553,1,1000.000,0.679
0.510,6.194,0.553,1,1015.228,0.706
0.520,6.315,0.553,1,1035.128,0.734
0.530,6.436,0.553,1,1055.028,0.763
0.540,6.558,0.553,1,1074.928,0.792
0.550,6.679,0.553,1,1094.827,0.821
0.560,6.801,0.553,1,1114.726,0.851
0.570,6.922,0.735,1,1134.625,0.882
0.580,7.083,0.735,1,1161.052,0.913
0.590,7.245,0.735,1,1187.478,0.945
0.600,7.406,0.735,1,1213.904,0.978
0.610,7.567,0.735,1,1240.329,1.012
0.620,7.728,0.735,1,1266.754,1.046
0.630,7.889,0.735,1,1293.178,1.081
0.640,8.051,0.735,1,1319.602,1.116
0.650,8.212,0.735,1,1346.024,1.153
0.660,8.373,0.735,1,1372.447,1.190
0.670,8.534,0.735,1,1398.869,1.227
0.680,8.695,0.735,1,1425.290,1.266
0.690,8.857,0.734,1,1451.710,1.305
0.700,9.018,0.734,1,1478.130,1.345
0.710,9.179,0.734,1,1504.549,1.386
0.720,9.340,0.734,1,1530.968,1.427
0.730,9.501,0.734,1,1557.385,1.469
0.740,9.662,0.734,1,1583.802,1.512
0.750,9.824,0.734,1,1610.219,1.556
0.760,9.985,0.734,1,1636.634,1.600
0.770,10.146,0.734,1,1663.049,1.645
0.780,10.307,0.734,1,1689.463,1.691
0.790,10.468,0.734,1,1715.877,1.737
0.800,10.629,0.734,1,1742.290,1.784
0.810,10.790,0.734,1,1768.701,1.832
0.820,10.952,0.734,1,1795.113,1.881
0.830,11.113,0.734,1,1821.523,1.930
0.840,11.274,0.734,1,1847.932,1.980
0.850,11.435,0.734,1,1874.341,2.031
0.860,11.596,0.734,1,1900.749,2.082
0.870,11.757,0.734,1,1927.156,2.135
0.880,11.918,0.734,1,1953.562,2.188
0.890,12.079,0.734,1,1979.967,2.241
0.900,12.240,0.734,1,2006.371,2.296
0.910,12.401,0.734,1,2032.775,2.351
0.920,12.563,0.734,1,2059.177,2.406
0.930,12.724,0.734,1,2085.579,2.463
0.940,12.885,0.734,1,2111.979,2.520
0.950,13.046,0.734,1,2138.379,2.578
0.960,13.207,0.734,1,2164.778,2.637
0.970,13.368,0.734,1,2191.175,2.696
0.980,13.529,0.734,1,2217.572,2.756
0.990,13.690,0.734,1,2243.968,2.817
1.000,13.851,0.734,1,2270.363,2.879
1.010,14.012,0.734,1,2296.757,2.941
1.020,14.173,0.734,1,2323.149,3.004
1.030,14.334,0.734,1,2349.541,3.068
1.040,14.495,0.734,1,2375.932,3.132
1.050,14.656,0.734,1,2402.321,3.197
1.060,14.817,0.734,1,2428.710,3.263
1.070,14.978,0.734,1,2455.097,3.330
1.080,15.139,0.734,1,2481.483,3.397
1.090,15.300,0.734,1,2507.868,3.465
1.100,15.461,0.733,1,2534.252,3.534
1.110,15.622,0.733,1,2560.635,3.603
1.120,15.783,0.733,1,2587.017,3.674
1.130,15.944,0.733,1,2613.398,3.744
1.140,16.105,0.733,1,2639.777,3.816
1.150,16.266,0.733,1,2666.155,3.888
1.160,16.427,0.733,1,2692.532,3.962
1.170,16.587,0.733,1,2718.908,4.035
1.180,16.748,0.733,1,2745.283,4.110
1.190,16.909,0.733,1,2771.656,4.185
1.200,17.070,0.733,1,2798.028,4.261
1.210,17.231,0.733,1,2824.399,4.338
1.220,17.392,0.733,1,2850.769,4.415
1.230,17.553,0.733,1,2877.137,4.493
1.240,17.714,0.733,1,2903.504,4.572
1.250,17.874,0.733,1,2929.870,4.652
1.260,18.035,0.733,1,2956.235,4.732
1.270,18.196,0.733,1,2982.598,4.813
1.280,18.357,0.733,1,3008.959,4.895
1.290,18.518,0.733,1,3035.320,4.977
1.300,18.679,0.733,1,3061.679,5.060
1.310,18.839,0.733,1,3088.037,5.144
1.320,19.000,0.733,1,3114.393,5.229
1.330,19.161,0.733,1,3140.748,5.314
1.340,19.322,0.733,1,3167.101,5.400
1.350,19.483,0.733,1,3193.453,5.487
1.360,19.643,0.733,1,3219.804,5.574
1.370,19.804,0.732,1,3246.153,5.662
1.380,19.965,0.732,1,3272.501,5.751
1.390,20.126,0.732,1,3298.847,5.841
1.400,20.286,0.732,1,3325.192,5.931
1.410,20.447,0.732,1,3351.535,6.022
1.420,20.608,0.732,1,3377.877,6.114
1.430,20.768,0.732,1,3404.217,6.206
1.440,20.929,0.732,1,3430.556,6.300
1.450,21.090,0.732,1,3456.893,6.393
1.460,21.250,0.732,1,3483.229,6.488
1.470,21.411,0.732,1,3509.563,6.583
1.480,21.572,0.732,1,3535.895,6.680
1.490,21.732,0.732,1,3562.226,6.776
1.500,21.893,0.732,1,3588.556,6.874
1.510,22.054,0.732,1,3614.883,6.972
1.520,22.214,0.732,1,3641.210,7.071
1.530,22.375,0.732,1,3667.534,7.171
1.540,22.535,0.732,1,3693.857,7.271
1.550,22.696,0.732,1,3720.178,7.372
1.560,22.857,0.732,1,3746.497,7.474
1.570,23.017,0.732,1,3772.815,7.576
1.580,23.178,0.732,1,3799.131,7.680
1.590,23.338,0.732,1,3825.446,7.784
1.600,23.499,0.731,1,3851.759,7.888
1.610,23.659,0.731,1,3878.070,7.994
1.620,23.820,0.731,1,3904.379,8.100
1.630,23.980,0.731,1,3930.686,8.207
1.640,24.141,0.731,1,3956.992,8.314
1.650,24.301,0.731,1,3983.296,8.423
1.660,24.462,0.731,1,4009.598,8.532
1.670,24.622,0.731,1,4035.898,8.641
1.680,24.783,0.731,1,4062.197,8.752
1.690,24.943,0.731,1,4088.494,8.863
1.700,25.103,0.731,1,4114.789,8.975
1.710,25.264,0.731,1,4141.082,9.087
1.720,25.424,0.731,1,4167.373,9.201
1.730,25.585,0.731,1,4193.662,9.315
1.740,25.745,0.731,1,4219.950,9.429
1.750,25.905,0.731,1,4246.235,9.545
1.760,26.066,0.731,1,4272.519,9.661
1.770,26.226,0.731,1,4298.801,9.778
1.780,26.386,0.731,1,4325.081,9.895
1.790,26.547,0.730,1,4351.358,10.014
1.800,26.707,0.730,1,4377.634,10.133
1.810,26.867,0.730,1,4403.908,10.253
1.820,27.028,0.730,1,4430.180,10.373
1.830,27.188,0.730,1,4456.450,10.494
1.840,27.348,0.730,1,4482.718,10.616
1.850,27.508,0.730,1,4508.984,10.739
1.860,27.669,0.730,1,4535.248,10.862
1.870,27.829,0.730,1,4561.510,10.986
1.880,27.989,0.730,1,4587.770,11.111
1.890,28.149,0.730,1,4614.028,11.236
1.900,28.309,0.730,1,4640.284,11.363
1.910,28.469,0.730,1,4666.538,11.489
1.920,28.630,0.730,1,4692.789,11.617
1.930,28.790,0.730,1,4719.039,11.745
1.940,28.950,0.730,1,4745.286,11.875
1.950,29.110,0.730,1,4771.532,12.004
1.960,29.270,0.730,1,4797.775,12.135
1.970,29.430,0.729,1,4824.016,12.266
1.980,29.590,0.729,1,4850.255,12.398
1.990,29.750,0.729,1,4876.491,12.531
2.000,29.910,0.729,1,4902.726,12.664
2.010,30.070,0.729,1,4928.958,12.798
2.020,30.230,0.729,1,4955.188,12.933
2.030,30.390,0.729,1,4981.416,13.068
2.040,30.550,0.729,1,5007.642,13.204
2.050,30.710,0.729,1,5033.865,13.341
2.060,30.870,0.729,1,5060.087,13.479
2.070,31.030,0.729,1,5086.305,13.617
2.080,31.190,0.729,1,5112.522,13.756
2.090,31.350,0.729,1,5138.736,13.896
2.100,31.510,0.729,1,5164.948,14.037
2.110,31.670,0.729,1,5191.158,14.178
2.120,31.830,0.729,1,5217.366,14.320
2.130,31.990,0.728,1,5243.571,14.463
2.140,32.150,0.728,1,5269.774,14.606
2.150,32.310,0.728,1,5295.974,14.750
2.160,32.469,0.728,1,5322.172,14.895
2.170,32.629,0.728,1,5348.368,15.040
2.180,32.789,0.728,1,5374.561,15.187
2.190,32.949,0.728,1,5400.752,15.333
2.200,33.109,0.728,1,5426.940,15.481
2.210,33.268,0.728,1,5453.126,15.629
2.220,33.428,0.728,1,5479.310,15.779
2.230,33.588,0.728,1,5505.491,15.928
2.240,33.747,0.728,1,5531.670,16.079
2.250,33.907,0.728,1,5557.846,16.230
2.260,34.067,0.728,1,5584.019,16.382
2.270,34.227,0.728,1,5610.191,16.535
2.280,34.386,0.727,1,5636.359,16.688
2.290,34.546,0.727,1,5662.526,16.842
2.300,34.705,0.727,1,5688.689,16.997
2.310,34.865,0.727,1,5714.850,17.152
2.320,35.025,0.727,1,5741.009,17.309
2.330,35.184,0.727,1,5767.165,17.466
2.340,35.344,0.727,1,5793.319,17.623
2.350,35.503,0.727,1,5819.469,17.782
2.360,35.663,0.727,1,5845.618,17.941
2.370,35.822,0.727,1,5871.763,18.100
2.380,35.982,0.727,1,5897.906,18.261
2.390,36.141,0.727,1,5924.047,18.422
2.400,36.301,0.727,1,5950.185,18.584
2.410,36.460,0.727,1,5976.320,18.747
2.420,36.620,0.726,1,6002.452,18.910
2.430,36.779,0.726,1,6028.582,19.074
2.440,36.938,0.726,1,6054.709,19.239
2.450,37.098,0.726,1,6080.833,19.404
2.460,37.257,0.726,1,6106.955,19.571
2.470,37.417,0.726,1,6133.074,19.737
2.480,37.576,0.726,1,6159.190,19.905
2.490,37.735,0.726,1,6185.304,20.073
2.500,37.894,0.726,1,6211.415,20.242
2.510,38.054,0.726,1,6237.523,20.412
2.520,38.213,0.726,1,6263.628,20.583
2.530,38.372,0.726,1,6289.730,20.754
2.540,38.531,0.726,1,6315.830,20.926
2.550,38.691,0.725,1,6341.926,21.098
2.560,38.850,0.725,1,6368.020,21.272
2.570,39.009,0.725,1,6394.112,21.446
2.580,39.168,0.725,1,6420.200,21.620
2.590,39.327,0.725,1,6446.285,21.796
2.600,39.486,0.725,1,6472.368,21.972
2.610,39.646,0.725,1,6498.447,22.149
2.620,39.805,0.725,1,6524.524,22.327
2.630,39.964,0.725,1,6550.598,22.505
2.640,40.123,0.725,1,6576.669,22.684
2.650,40.282,0.725,1,6602.737,22.864
2.660,40.441,0.725,1,6628.802,23.044
2.670,40.600,0.724,1,6654.864,23.225
2.680,40.759,0.724,1,6680.923,23.407
2.690,40.918,0.724,1,6706.980,23.590
2.700,41.077,0.724,1,6733.033,23.773
2.710,41.236,0.724,1,6759.083,23.957
2.720,41.395,0.724,1,6785.130,24.142
2.730,41.553,0.724,1,6811.175,24.327
2.740,41.712,0.724,1,6837.216,24.513
2.750,41.871,0.724,1,6863.254,24.700
2.760,42.030,0.724,1,6889.289,24.887
2.770,42.189,0.724,1,6915.321,25.076
2.780,42.348,0.724,1,6941.350,25.265
2.790,42.506,0.723,1,6967.376,25.454
2.800,42.665,0.723,1,6993.399,25.645
2.810,42.824,0.723,1,7019.418,25.836
2.820,42.983,0.723,1,7045.435,26.028
2.830,43.141,0.723,1,7071.448,26.220
2.840,43.300,0.723,1,7097.459,26.413
2.850,43.459,0.723,1,7123.466,26.607
2.860,43.617,0.723,1,7149.470,26.802
2.870,43.776,0.723,1,7175.471,26.997
2.880,43.935,0.723,1,7201.468,27.193
2.890,44.093,0.723,1,7227.463,27.390
2.900,44.252,0.722,1,7253.454,27.587
2.910,44.410,0.722,1,7279.442,27.786
2.920,44.569,0.722,1,7305.427,27.984
2.930,44.727,0.722,1,7331.408,28.184
2.940,44.886,0.722,1,7357.386,28.384
2.950,45.044,0.722,1,7383.361,28.585
2.960,45.203,0.722,1,7409.333,28.787
2.970,45.361,0.722,1,7435.302,28.990
2.980,45.520,0.722,1,7461.267,29.193
2.990,45.678,0.722,1,7487.229,29.397
3.000,45.836,-0.028,2,4507.912,29.601
3.010,45.830,-0.028,2,4507.299,29.806
3.020,45.824,-0.028,2,4506.686,30.011
3.030,45.818,-0.028,2,4506.073,30.216
3.040,45.811,-0.028,2,4505.460,30.420
3.050,45.805,-0.028,2,4504.847,30.625
3.060,45.799,-0.028,2,4504.234,30.830
3.070,45.793,-0.028,2,4503.621,31.035
3.080,45.786,-0.028,2,4503.008,31.239
3.090,45.780,-0.028,2,4502.396,31.444
3.100,45.774,-0.028,2,4501.783,31.649
3.110,45.768,-0.028,2,4501.170,31.853
3.120,45.761,-0.028,2,4500.558,32.058
3.130,45.755,-0.028,2,4499.946,32.262
3.140,45.749,-0.028,2,4499.333,32.467
3.150,45.743,-0.028,2,4498.721,32.672
3.160,45.737,-0.028,2,4498.109,32.876
3.170,45.730,-0.028,2,4497.497,33.080
3.180,45.724,-0.028,2,4496.885,33.285
3.190,45.718,-0.028,2,4496.273,33.489
3.200,45.712,0.654,2,4495.661,33.694
3.210,45.855,0.654,2,4509.773,33.898
3.220,45.999,0.654,2,4523.882,34.104
3.230,46.142,0.654,2,4537.990,34.310
3.240,46.286,0.654,2,4552.096,34.516
3.250,46.429,0.653,2,4566.200,34.723
3.260,46.572,0.653,2,4580.303,34.931
3.270,46.716,0.653,2,4594.403,35.140
3.280,46.859,0.653,2,4608.502,35.349
3.290,47.002,0.653,2,4622.599,35.559
3.300,47.146,0.653,2,4636.694,35.769
3.310,47.289,0.653,2,4650.787,35.980
3.320,47.432,0.653,2,4664.878,36.192
3.330,47.576,0.653,2,4678.967,36.404
3.340,47.719,0.653,2,4693.055,36.617
3.350,47.862,0.653,2,4707.140,36.831
3.360,48.005,0.652,2,4721.224,37.045
3.370,48.148,0.652,2,4735.306,37.260
3.380,48.292,0.652,2,4749.386,37.476
3.390,48.435,0.652,2,4763.464,37.692
3.400,48.578,0.652,2,4777.540,37.909
3.410,48.721,0.652,2,4791.614,38.126
3.420,48.864,0.652,2,4805.686,38.344
3.430,49.007,0.652,2,4819.756,38.563
3.440,49.150,0.652,2,4833.825,38.783
3.450,49.293,0.652,2,4847.891,39.003
3.460,49.436,0.652,2,4861.956,39.223
3.470,49.579,0.583,2,4876.019,39.445
3.480,49.707,0.583,2,4888.607,39.666
3.490,49.835,0.583,2,4901.193,39.889
3.500,49.963,0.583,2,4913.778,40.112
3.510,50.091,0.583,2,4926.361,40.336
3.520,50.219,0.583,2,4938.943,40.560
3.530,50.347,0.583,2,4951.522,40.785
3.540,50.475,0.583,2,4964.100,41.010
3.550,50.603,0.583,2,4976.676,41.236
3.560,50.730,0.583,2,4989.250,41.462
3.570,50.858,0.582,2,5001.822,41.690
3.580,50.986,0.582,2,5014.393,41.917
3.590,51.114,0.582,2,5026.962,42.145
3.600,51.242,0.582,2,5039.529,42.374
3.610,51.369,0.582,2,5052.094,42.604
3.620,51.497,0.582,2,5064.657,42.833
3.630,51.625,0.582,2,5077.219,43.064
3.640,51.753,0.582,2,5089.779,43.295
3.650,51.880,0.582,2,5102.337,43.527
3.660,52.008,0.582,2,5114.893,43.759
3.670,52.136,0.582,2,5127.447,43.992
3.680,52.263,0.582,2,5140.000,44.225
3.690,52.391,0.581,2,5152.550,44.459
3.700,52.519,0.581,2,5165.099,44.693
3.710,52.646,0.581,2,5177.646,44.929
3.720,52.774,0.581,2,5190.191,45.164
3.730,52.901,0.581,2,5202.735,45.400
3.740,53.029,0.581,2,5215.276,45.637
3.750,53.156,0.581,2,5227.815,45.874
3.760,53.284,0.581,2,5240.353,46.112
3.770,53.411,0.581,2,5252.889,46.351
3.780,53.539,0.581,2,5265.423,46.590
3.790,53.666,0.581,2,5277.955,46.830
3.800,53.793,0.580,2,5290.485,47.070
3.810,53.921,0.580,2,5303.013,47.310
3.820,54.048,0.580,2,5315.540,47.552
3.830,54.176,0.580,2,5328.064,47.794
3.840,54.303,0.580,2,5340.587,48.036
3.850,54.430,0.580,2,5353.108,48.279
3.860,54.557,0.580,2,5365.626,48.523
3.870,54.685,0.580,2,5378.143,48.767
3.880,54.812,0.580,2,5390.658,49.012
3.890,54.939,0.580,2,5403.171,49.257
3.900,55.066,0.580,2,5415.682,49.503
3.910,55.194,0.580,2,5428.191,49.749
3.920,55.321,0.579,2,5440.699,49.996
3.930,55.448,0.579,2,5453.204,50.244
3.940,55.575,0.579,2,5465.707,50.492
3.950,55.702,0.579,2,5478.209,50.741
3.960,55.829,0.579,2,5490.708,50.990
3.970,55.956,0.579,2,5503.206,51.240
3.980,56.083,0.579,2,5515.701,51.491
3.990,56.210,0.579,2,5528.195,51.742
4.000,56.337,0.579,2,5540.687,51.993
4.010,56.464,0.579,2,5553.176,52.245
4.020,56.591,0.579,2,5565.664,52.498
4.030,56.718,0.578,2,5578.150,52.751
4.040,56.845,0.578,2,5590.633,53.005
4.050,56.972,0.578,2,5603.115,53.259
4.060,57.099,0.578,2,5615.595,53.514
4.070,57.226,0.578,2,5628.073,53.770
4.080,57.353,0.578,2,5640.548,54.026
4.090,57.480,0.578,2,5653.022,54.283
4.100,57.607,0.578,2,5665.494,54.540
4.110,57.733,0.578,2,5677.964,54.798
4.120,57.860,0.578,2,5690.431,55.056
4.130,57.987,0.578,2,5702.897,55.315
4.140,58.114,0.577,2,5715.361,55.575
4.150,58.240,0.577,2,5727.822,55.835
4.160,58.367,0.577,2,5740.282,56.095
4.170,58.494,0.577,2,5752.740,56.357
4.180,58.620,0.577,2,5765.195,56.618
4.190,58.747,0.577,2,5777.649,56.881
4.200,58.873,0.577,2,5790.100,57.144
4.210,59.000,0.577,2,5802.549,57.407
4.220,59.127,0.577,2,5814.997,57.671
4.230,59.253,0.577,2,5827.442,57.936
4.240,59.380,0.576,2,5839.885,58.201
4.250,59.506,0.576,2,5852.326,58.467
4.260,59.633,0.576,2,5864.765,58.733
4.270,59.759,0.576,2,5877.202,59.000
4.280,59.886,0.576,2,5889.637,59.267
4.290,60.012,0.576,2,5902.070,59.535
4.300,60.138,0.576,2,5914.501,59.804
4.310,60.265,0.576,2,5926.930,60.073
4.320,60.391,0.576,2,5939.356,60.342
4.330,60.517,0.576,2,5951.781,60.613
4.340,60.644,0.575,2,5964.203,60.884
4.350,60.770,0.575,2,5976.623,61.155
4.360,60.896,0.575,2,5989.041,61.427
4.370,61.023,0.575,2,6001.457,61.699
4.380,61.149,0.575,2,6013.871,61.972
4.390,61.275,0.575,2,6026.283,62.246
4.400,61.401,0.575,2,6038.692,62.520
4.410,61.527,0.575,2,6051.100,62.795
4.420,61.653,0.575,2,6063.505,63.070
4.430,61.780,0.575,2,6075.909,63.346
4.440,61.906,0.575,2,6088.310,63.623
4.450,62.032,0.574,2,6100.709,63.900
4.460,62.158,0.574,2,6113.105,64.177
4.470,62.284,0.574,2,6125.500,64.456
4.480,62.410,0.574,2,6137.892,64.734
4.490,62.536,0.574,2,6150.283,65.014
4.500,62.662,0.574,2,6162.671,65.293
4.510,62.788,0.574,2,6175.057,65.574
4.520,62.914,0.574,2,6187.440,65.855
4.530,63.040,0.574,2,6199.822,66.136
4.540,63.165,0.573,2,6212.201,66.418
4.550,63.291,0.573,2,6224.579,66.701
4.560,63.417,0.573,2,6236.954,66.984
4.570,63.543,0.573,2,6249.326,67.268
4.580,63.669,0.573,2,6261.697,67.552
4.590,63.794,0.573,2,6274.065,67.837
4.600,63.920,0.573,2,6286.432,68.123
4.610,64.046,0.573,2,6298.796,68.409
4.620,64.172,0.573,2,6311.157,68.695
4.630,64.297,0.573,2,6323.517,68.983
4.640,64.423,0.572,2,6335.874,69.270
4.650,64.549,0.572,2,6348.229,69.559
4.660,64.674,0.572,2,6360.582,69.847
4.670,64.800,0.572,2,6372.933,70.137
4.680,64.925,0.470,2,6385.281,70.427
4.690,65.028,0.470,2,6395.419,70.717
4.700,65.131,0.470,2,6405.555,71.008
4.710,65.234,0.469,2,6415.689,71.300
4.720,65.337,0.469,2,6425.821,71.591
4.730,65.440,0.469,2,6435.951,71.884
4.740,65.543,0.469,2,6446.079,72.176
4.750,65.646,0.469,2,6456.206,72.470
4.760,65.749,0.469,2,6466.331,72.763
4.770,65.852,0.469,2,6476.453,73.058
4.780,65.955,0.469,2,6486.574,73.352
4.790,66.058,0.469,2,6496.693,73.647
4.800,66.161,0.469,2,6506.811,73.943
4.810,66.264,0.469,2,6516.926,74.239
4.820,66.367,0.469,2,6527.039,74.535
4.830,66.469,0.468,2,6537.151,74.832
4.840,66.572,0.468,2,6547.261,75.130
4.850,66.675,0.468,2,6557.369,75.427
4.860,66.778,0.468,2,6567.474,75.726
4.870,66.881,0.468,2,6577.578,76.024
4.880,66.983,0.468,2,6587.681,76.324
4.890,67.086,0.468,2,6597.781,76.623
4.900,67.189,0.468,2,6607.879,76.923
4.910,67.291,0.468,2,6617.976,77.224
4.920,67.394,0.468,2,6628.070,77.525
4.930,67.497,0.468,2,6638.163,77.827
4.940,67.599,0.467,2,6648.254,78.129
4.950,67.702,0.467,2,6658.342,78.431
4.960,67.804,0.467,2,6668.429,78.734
4.970,67.907,0.467,2,6678.514,79.037
4.980,68.009,0.467,2,6688.597,79.341
4.990,68.112,0.467,2,6698.679,79.645
5.000,68.214,0.467,2,6708.758,79.950
5.010,68.317,0.467,2,6718.835,80.255
5.020,68.419,0.467,2,6728.910,80.561
5.030,68.522,0.467,2,6738.984,80.867
5.040,68.624,0.467,2,6749.055,81.173
5.050,68.726,0.466,2,6759.125,81.480
5.060,68.829,0.466,2,6769.193,81.788
5.070,68.931,0.466,2,6779.258,82.096
5.080,69.034,0.466,2,6789.322,82.404
5.090,69.136,0.466,2,6799.384,82.713
5.100,69.238,0.466,2,6809.444,83.022
5.110,69.340,0.466,2,6819.502,83.332
5.120,69.443,0.466,2,6829.558,83.642
5.130,69.545,0.466,2,6839.612,83.953
5.140,69.647,0.466,2,6849.664,84.264
5.150,69.749,0.466,2,6859.714,84.576
5.160,69.851,0.465,2,6869.762,84.888
5.170,69.954,0.465,2,6879.808,85.200
5.180,70.056,0.465,2,6889.852,85.513
5.190,70.158,0.465,2,6899.894,85.826
5.200,70.260,0.465,2,6909.935,86.140
5.210,70.362,0.465,2,6919.973,86.455
5.220,70.464,0.465,2,6930.009,86.769
5.230,70.566,0.465,2,6940.043,87.085
5.240,70.668,0.465,2,6950.076,87.400
5.250,70.770,0.465,2,6960.106,87.716
5.260,70.872,0.465,2,6970.134,88.033
5.270,70.974,0.464,2,6980.161,88.350
5.280,71.076,0.464,2,6990.185,88.668
5.290,71.178,0.464,2,7000.208,88.986
5.300,71.280,0.464,2,7010.228,89.304
5.310,71.382,0.464,2,7020.246,89.623
5.320,71.483,0.464,2,7030.263,89.942
5.330,71.585,0.464,2,7040.277,90.262
5.340,71.687,0.464,2,7050.289,90.582
5.350,71.789,0.464,2,7060.300,90.903
5.360,71.891,0.464,2,7070.308,91.224
5.370,71.992,0.464,2,7080.314,91.546
5.380,72.094,0.463,2,7090.319,91.868
5.390,72.196,0.463,2,7100.321,92.190
5.400,72.297,0.463,2,7110.321,92.513
5.410,72.399,0.463,2,7120.319,92.837
5.420,72.501,0.463,2,7130.316,93.161
5.430,72.602,0.463,2,7140.310,93.485
5.440,72.704,0.463,2,7150.302,93.810
5.450,72.806,0.463,2,7160.292,94.135
5.460,72.907,0.463,2,7170.280,94.461
5.470,73.009,0.463,2,7180.266,94.787
5.480,73.110,0.463,2,7190.250,95.113
5.490,73.212,0.462,2,7200.232,95.440
5.500,73.313,0.462,2,7210.212,95.768
5.510,73.415,0.462,2,7220.190,96.096
5.520,73.516,0.462,2,7230.166,96.424
5.530,73.617,0.462,2,7240.139,96.753
5.540,73.719,0.462,2,7250.111,97.083
5.550,73.820,0.462,2,7260.081,97.412
5.560,73.922,0.462,2,7270.048,97.743
5.570,74.023,0.462,2,7280.014,98.073
5.580,74.124,0.462,2,7289.977,98.404
5.590,74.225,0.461,2,7299.939,98.736
5.600,74.327,0.461,2,7309.898,99.068
5.610,74.428,0.461,2,7319.855,99.401
5.620,74.529,0.461,2,7329.810,99.733
5.630,74.630,0.461,2,7339.763,100.067
5.640,74.732,0.461,2,7349.714,100.401
5.650,74.833,0.461,2,7359.663,100.735
5.660,74.934,0.461,2,7369.610,101.070
5.670,75.035,0.461,2,7379.555,101.405
5.680,75.136,0.461,2,7389.497,101.741
5.690,75.237,0.460,2,7399.438,102.077
5.700,75.338,0.460,2,7409.376,102.413
5.710,75.439,0.460,2,7419.313,102.750
5.720,75.540,0.460,2,7429.247,103.088
5.730,75.641,0.460,2,7439.179,103.426
5.740,75.742,0.460,2,7449.109,103.764
5.750,75.843,0.460,2,7459.037,104.103
5.760,75.944,0.460,2,7468.963,104.442
5.770,76.045,0.460,2,7478.887,104.782
5.780,76.146,0.460,2,7488.808,105.122
5.790,76.247,0.460,2,7498.728,105.463
5.800,76.348,-0.052,3,5005.763,105.804
5.810,76.336,-0.052,3,5005.012,106.145
5.820,76.325,-0.052,3,5004.261,106.486
5.830,76.313,-0.052,3,5003.510,106.827
5.840,76.302,-0.052,3,5002.759,107.169
5.850,76.290,-0.052,3,5002.008,107.510
5.860,76.279,-0.052,3,5001.257,107.851
5.870,76.267,-0.052,3,5000.507,108.192
5.880,76.256,-0.052,3,4999.757,108.533
5.890,76.245,-0.052,3,4999.007,108.873
5.900,76.233,-0.052,3,4998.257,109.214
5.910,76.222,-0.052,3,4997.507,109.555
5.920,76.210,-0.052,3,4996.757,109.896
5.930,76.199,-0.052,3,4996.008,110.236
5.940,76.187,-0.052,3,4995.258,110.577
5.950,76.176,-0.052,3,4994.509,110.918
5.960,76.165,-0.052,3,4993.760,111.258
5.970,76.153,-0.052,3,4993.011,111.599
5.980,76.142,-0.052,3,4992.263,111.939
5.990,76.130,-0.052,3,4991.514,112.279
6.000,76.119,0.357,3,4990.766,112.620
6.010,76.197,0.357,3,4995.907,112.960
6.020,76.276,0.357,3,5001.047,113.301
6.030,76.354,0.357,3,5006.186,113.642
6.040,76.432,0.357,3,5011.323,113.984
6.050,76.511,0.357,3,5016.460,114.325
6.060,76.589,0.357,3,5021.596,114.668
6.070,76.667,0.357,3,5026.730,115.010
6.080,76.746,0.357,3,5031.864,115.353
6.090,76.824,0.357,3,5036.996,115.696
6.100,76.902,0.357,3,5042.127,116.040
6.110,76.980,0.356,3,5047.257,116.384
6.120,77.059,0.356,3,5052.386,116.728
6.130,77.137,0.356,3,5057.514,117.073
6.140,77.215,0.356,3,5062.640,117.418
6.150,77.293,0.356,3,5067.766,117.763
6.160,77.371,0.356,3,5072.891,118.109
6.170,77.450,0.356,3,5078.014,118.455
6.180,77.528,0.356,3,5083.136,118.801
6.190,77.606,0.356,3,5088.257,119.148
6.200,77.684,0.356,3,5093.377,119.495
6.210,77.762,0.356,3,5098.496,119.843
6.220,77.840,0.356,3,5103.614,120.191
6.230,77.918,0.356,3,5108.731,120.539
6.240,77.996,0.355,3,5113.847,120.887
6.250,78.074,0.355,3,5118.961,121.236
6.260,78.152,0.355,3,5124.074,121.585
6.270,78.230,0.355,3,5129.187,121.935
6.280,78.308,0.355,3,5134.298,122.285
6.290,78.386,0.355,3,5139.408,122.635
6.300,78.464,0.355,3,5144.517,122.985
6.310,78.542,0.355,3,5149.624,123.336
6.320,78.620,0.355,3,5154.731,123.688
6.330,78.698,0.355,3,5159.836,124.039
6.340,78.775,0.355,3,5164.941,124.391
6.350,78.853,0.355,3,5170.044,124.744
6.360,78.931,0.355,3,5175.146,125.096
6.370,79.009,0.354,3,5180.247,125.449
6.380,79.087,0.354,3,5185.347,125.803
6.390,79.164,0.354,3,5190.446,126.156
6.400,79.242,0.354,3,5195.543,126.511
6.410,79.320,0.354,3,5200.640,126.865
6.420,79.398,0.354,3,5205.735,127.220
6.430,79.475,0.354,3,5210.829,127.575
6.440,79.553,0.354,3,5215.923,127.930
6.450,79.631,0.354,3,5221.014,128.286
6.460,79.708,0.354,3,5226.105,128.642
6.470,79.786,0.354,3,5231.195,128.999
6.480,79.863,0.354,3,5236.283,129.356
6.490,79.941,0.354,3,5241.371,129.713
6.500,80.019,0.353,3,5246.457,130.070
6.510,80.096,0.353,3,5251.542,130.428
6.520,80.174,0.353,3,5256.626,130.786
6.530,80.251,0.353,3,5261.709,131.145
6.540,80.329,0.353,3,5266.791,131.504
6.550,80.406,0.353,3,5271.871,131.863
6.560,80.484,0.353,3,5276.951,132.223
6.570,80.561,0.353,3,5282.029,132.583
6.580,80.639,0.353,3,5287.106,132.943
6.590,80.716,0.353,3,5292.182,133.304
6.600,80.793,0.353,3,5297.257,133.665
6.610,80.871,0.353,3,5302.330,134.026
6.620,80.948,0.352,3,5307.403,134.388
6.630,81.026,0.352,3,5312.474,134.750
6.640,81.103,0.352,3,5317.545,135.112
6.650,81.180,0.352,3,5322.614,135.475
6.660,81.257,0.352,3,5327.681,135.838
6.670,81.335,0.352,3,5332.748,136.202
6.680,81.412,0.352,3,5337.814,136.565
6.690,81.489,0.352,3,5342.878,136.929
6.700,81.566,0.352,3,5347.942,137.294
6.710,81.644,0.352,3,5353.004,137.659
6.720,81.721,0.352,3,5358.065,138.024
6.730,81.798,0.352,3,5363.124,138.389
6.740,81.875,0.352,3,5368.183,138.755
6.750,81.952,0.351,3,5373.241,139.121
6.760,82.029,0.351,3,5378.297,139.488
6.770,82.107,0.351,3,5383.352,139.855
6.780,82.184,0.351,3,5388.406,140.222
6.790,82.261,0.351,3,5393.459,140.590
6.800,82.338,0.351,3,5398.511,140.957
6.810,82.415,0.351,3,5403.561,141.326
6.820,82.492,0.351,3,5408.611,141.694
6.830,82.569,0.351,3,5413.659,142.063
6.840,82.646,0.351,3,5418.706,142.433
6.850,82.723,0.351,3,5423.752,142.802
6.860,82.800,0.351,3,5428.796,143.172
6.870,82.877,0.350,3,5433.840,143.542
6.880,82.953,0.350,3,5438.882,143.913
6.890,83.030,0.350,3,5443.923,144.284
6.900,83.107,0.350,3,5448.963,144.655
6.910,83.184,0.350,3,5454.002,145.027
6.920,83.261,0.350,3,5459.040,145.399
6.930,83.338,0.350,3,5464.076,145.772
6.940,83.415,0.350,3,5469.111,146.144
6.950,83.491,0.350,3,5474.146,146.517
6.960,83.568,0.350,3,5479.179,146.891
6.970,83.645,0.350,3,5484.210,147.265
6.980,83.722,0.350,3,5489.241,147.639
6.990,83.798,0.349,3,5494.270,148.013
7.000,83.875,0.349,3,5499.298,148.388
7.010,83.952,0.349,3,5504.326,148.763
7.020,84.028,0.349,3,5509.351,149.138
7.030,84.105,0.349,3,5514.376,149.514
7.040,84.182,0.349,3,5519.400,149.890
7.050,84.258,0.349,3,5524.422,150.267
7.060,84.335,0.349,3,5529.443,150.644
7.070,84.411,0.349,3,5534.463,151.021
7.080,84.488,0.349,3,5539.482,151.398
7.090,84.564,0.349,3,5544.499,151.776
7.100,84.641,0.349,3,5549.516,152.155
7.110,84.717,0.348,3,5554.531,152.533
7.120,84.794,0.348,3,5559.545,152.912
7.130,84.870,0.348,3,5564.558,153.291
7.140,84.947,0.348,3,5569.569,153.671
7.150,85.023,0.348,3,5574.580,154.051
7.160,85.100,0.348,3,5579.589,154.431
7.170,85.176,0.348,3,5584.597,154.812
7.180,85.252,0.348,3,5589.604,155.193
7.190,85.329,0.348,3,5594.609,155.574
7.200,85.405,0.348,3,5599.614,155.955
7.210,85.481,0.348,3,5604.617,156.337
7.220,85.558,0.348,3,5609.619,156.720
7.230,85.634,0.347,3,5614.620,157.102
7.240,85.710,0.347,3,5619.619,157.485
7.250,85.786,0.347,3,5624.618,157.869
7.260,85.863,0.347,3,5629.615,158.252
7.270,85.939,0.347,3,5634.611,158.636
7.280,86.015,0.347,3,5639.606,159.021
7.290,86.091,0.347,3,5644.600,159.405
7.300,86.167,0.347,3,5649.592,159.790
7.310,86.243,0.347,3,5654.583,160.176
7.320,86.319,0.347,3,5659.573,160.561
7.330,86.396,0.347,3,5664.562,160.948
7.340,86.472,0.347,3,5669.550,161.334
7.350,86.548,0.346,3,5674.536,161.721
7.360,86.624,0.346,3,5679.521,162.108
7.370,86.700,0.346,3,5684.505,162.495
7.380,86.776,0.346,3,5689.488,162.883
7.390,86.852,0.346,3,5694.470,163.271
7.400,86.928,0.346,3,5699.450,163.659
7.410,87.004,0.346,3,5704.429,164.048
7.420,87.080,0.346,3,5709.407,164.437
7.430,87.155,0.346,3,5714.384,164.827
7.440,87.231,0.346,3,5719.359,165.217
7.450,87.307,0.346,3,5724.333,165.607
7.460,87.383,0.346,3,5729.306,165.997
7.470,87.459,0.345,3,5734.278,166.388
7.480,87.535,0.345,3,5739.249,166.779
7.490,87.610,0.345,3,5744.218,167.171
7.500,87.686,0.345,3,5749.186,167.562
7.510,87.762,0.345,3,5754.153,167.955
7.520,87.838,0.345,3,5759.119,168.347
7.530,87.913,0.345,3,5764.084,168.740
7.540,87.989,0.345,3,5769.047,169.133
7.550,88.065,0.345,3,5774.009,169.527
7.560,88.140,0.345,3,5778.970,169.920
7.570,88.216,0.345,3,5783.930,170.315
7.580,88.292,0.345,3,5788.888,170.709
7.590,88.367,0.344,3,5793.845,171.104
7.600,88.443,0.344,3,5798.801,171.499
7.610,88.519,0.344,3,5803.756,171.895
7.620,88.594,0.344,3,5808.709,172.291
7.630,88.670,0.344,3,5813.661,172.687
7.640,88.745,0.344,3,5818.612,173.083
7.650,88.821,0.344,3,5823.562,173.480
7.660,88.896,0.344,3,5828.511,173.878
7.670,88.972,0.344,3,5833.458,174.275
7.680,89.047,0.344,3,5838.404,174.673
7.690,89.122,0.344,3,5843.349,175.071
7.700,89.198,0.344,3,5848.293,175.470
7.710,89.273,0.343,3,5853.235,175.869
7.720,89.349,0.343,3,5858.176,176.268
7.730,89.424,0.343,3,5863.116,176.668
7.740,89.499,0.343,3,5868.055,177.068
7.750,89.575,0.343,3,5872.992,177.468
7.760,89.650,0.343,3,5877.929,177.868
7.770,89.725,0.343,3,5882.864,178.269
7.780,89.800,0.343,3,5887.797,178.671
7.790,89.876,0.343,3,5892.730,179.072
7.800,89.951,0.343,3,5897.661,179.474
7.810,90.026,0.343,3,5902.591,179.876
7.820,90.101,0.342,3,5907.520,180.279
7.830,90.176,0.342,3,5912.447,180.682
7.840,90.251,0.342,3,5917.373,181.085
7.850,90.327,0.342,3,5922.298,181.489
7.860,90.402,0.342,3,5927.222,181.893
7.870,90.477,0.342,3,5932.145,182.297
7.880,90.552,0.342,3,5937.066,182.702
7.890,90.627,0.342,3,5941.986,183.107
7.900,90.702,0.342,3,5946.905,183.512
7.910,90.777,0.342,3,5951.822,183.918
7.920,90.852,0.342,3,5956.739,184.324
7.930,90.927,0.342,3,5961.654,184.730
7.940,91.002,0.341,3,5966.567,185.137
7.950,91.077,0.341,3,5971.480,185.544
7.960,91.152,0.341,3,5976.391,185.951
7.970,91.226,0.341,3,5981.301,186.359
7.980,91.301,0.341,3,5986.210,186.767
7.990,91.376,0.341,3,5991.118,187.175
8.000,91.451,0.341,3,5996.024,187.584
8.010,91.526,0.341,3,6000.929,187.993
8.020,91.601,0.341,3,6005.833,188.402
8.030,91.675,0.341,3,6010.735,188.812
8.040,91.750,0.341,3,6015.636,189.222
8.050,91.825,0.340,3,6020.536,189.632
8.060,91.900,0.340,3,6025.435,190.043
8.070,91.974,0.340,3,6030.332,190.454
8.080,92.049,0.340,3,6035.228,190.865
8.090,92.124,0.340,3,6040.123,191.277
8.100,92.198,0.340,3,6045.017,191.689
8.110,92.273,0.340,3,6049.909,192.101
8.120,92.347,0.340,3,6054.801,192.514
8.130,92.422,0.340,3,6059.690,192.927
8.140,92.497,0.340,3,6064.579,193.340
8.150,92.571,0.340,3,6069.466,193.754
8.160,92.646,0.340,3,6074.352,194.168
8.170,92.720,0.339,3,6079.237,194.582
8.180,92.795,0.339,3,6084.121,194.996
8.190,92.869,0.339,3,6089.003,195.411
8.200,92.944,0.339,3,6093.884,195.827
8.210,93.018,0.339,3,6098.764,196.242
8.220,93.092,0.339,3,6103.642,196.658
8.230,93.167,0.339,3,6108.519,197.075
8.240,93.241,0.339,3,6113.395,197.491
8.250,93.315,0.339,3,6118.270,197.908
8.260,93.390,0.339,3,6123.143,198.326
8.270,93.464,0.339,3,6128.015,198.743
8.280,93.538,0.338,3,6132.886,199.161
8.290,93.613,0.338,3,6137.755,199.580
8.300,93.687,0.338,3,6142.624,199.998
8.310,93.761,0.338,3,6147.490,200.417
8.320,93.835,0.338,3,6152.356,200.837
8.330,93.910,0.338,3,6157.221,201.256
8.340,93.984,0.338,3,6162.084,201.676
8.350,94.058,0.338,3,6166.946,202.097
8.360,94.132,0.338,3,6171.806,202.517
8.370,94.206,0.338,3,6176.665,202.938
8.380,94.280,0.338,3,6181.523,203.360
8.390,94.354,0.337,3,6186.380,203.781
8.400,94.428,0.337,3,6191.235,204.203
8.410,94.502,0.337,3,6196.090,204.625
8.420,94.576,0.337,3,6200.942,205.048
8.430,94.650,0.337,3,6205.794,205.471
8.440,94.724,0.337,3,6210.644,205.894
8.450,94.798,0.337,3,6215.493,206.318
8.460,94.872,0.337,3,6220.341,206.742
8.470,94.946,0.337,3,6225.187,207.166
8.480,95.020,0.337,3,6230.033,207.591
8.490,95.094,0.337,3,6234.876,208.016
8.500,95.168,0.336,3,6239.719,208.441
8.510,95.242,0.336,3,6244.560,208.867
8.520,95.315,0.336,3,6249.400,209.293
8.530,95.389,0.336,3,6254.239,209.719
8.540,95.463,0.336,3,6259.076,210.145
8.550,95.537,0.336,3,6263.912,210.572
8.560,95.611,0.336,3,6268.747,211.000
8.570,95.684,0.336,3,6273.581,211.427
8.580,95.758,0.336,3,6278.413,211.855
8.590,95.832,0.336,3,6283.244,212.283
8.600,95.905,0.336,3,6288.073,212.712
8.610,95.979,0.335,3,6292.902,213.141
8.620,96.053,0.335,3,6297.729,213.570
8.630,96.126,0.335,3,6302.554,214.000
8.640,96.200,0.335,3,6307.379,214.429
8.650,96.273,0.335,3,6312.202,214.860
8.660,96.347,0.335,3,6317.024,215.290
8.670,96.420,0.335,3,6321.844,215.721
8.680,96.494,0.335,3,6326.663,216.152
8.690,96.567,0.335,3,6331.481,216.584
8.700,96.641,0.335,3,6336.298,217.016
8.710,96.714,0.335,3,6341.113,217.448
8.720,96.788,0.334,3,6345.927,217.880
8.730,96.861,0.334,3,6350.740,218.313
8.740,96.934,0.334,3,6355.551,218.746
8.750,97.008,0.334,3,6360.361,219.180
8.760,97.081,0.334,3,6365.170,219.614
8.770,97.154,0.334,3,6369.978,220.048
8.780,97.228,0.334,3,6374.784,220.482
8.790,97.301,0.266,3,6379.589,220.917
8.800,97.359,0.266,3,6383.411,221.352
8.810,97.418,0.265,3,6387.231,221.788
8.820,97.476,0.265,3,6391.051,222.223
8.830,97.534,0.265,3,6394.870,222.659
8.840,97.592,0.265,3,6398.688,223.095
8.850,97.651,0.265,3,6402.505,223.532
8.860,97.709,0.265,3,6406.321,223.968
8.870,97.767,0.265,3,6410.135,224.405
8.880,97.825,0.265,3,6413.949,224.842
8.890,97.883,0.265,3,6417.761,225.280
8.900,97.941,0.265,3,6421.573,225.718
8.910,98.000,0.265,3,6425.383,226.156
8.920,98.058,0.265,3,6429.193,226.594
8.930,98.116,0.265,3,6433.001,227.032
8.940,98.174,0.265,3,6436.809,227.471
8.950,98.232,0.264,3,6440.615,227.910
8.960,98.290,0.264,3,6444.420,228.349
8.970,98.348,0.264,3,6448.224,228.789
8.980,98.406,0.264,3,6452.028,229.229
8.990,98.464,0.264,3,6455.830,229.669
9.000,98.522,0.264,3,6459.631,230.109
9.010,98.580,0.264,3,6463.431,230.550
9.020,98.638,0.264,3,6467.230,230.990
9.030,98.696,0.264,3,6471.028,231.431
9.040,98.754,0.264,3,6474.825,231.873
9.050,98.812,0.264,3,6478.620,232.314
9.060,98.869,0.264,3,6482.415,232.756
9.070,98.927,0.264,3,6486.209,233.198
9.080,98.985,0.264,3,6490.002,233.641
9.090,99.043,0.263,3,6493.793,234.083
9.100,99.101,0.263,3,6497.584,234.526
9.110,99.159,0.263,3,6501.373,234.969
9.120,99.216,0.263,3,6505.162,235.413
9.130,99.274,0.263,3,6508.949,235.856
9.140,99.332,0.263,3,6512.735,236.300
9.150,99.390,0.263,3,6516.521,236.745
9.160,99.447,0.263,3,6520.305,237.189
9.170,99.505,0.263,3,6524.088,237.634
9.180,99.563,0.263,3,6527.870,238.079
9.190,99.620,0.263,3,6531.651,238.524
9.200,99.678,0.263,3,6535.431,238.969
9.210,99.736,0.263,3,6539.210,239.415
9.220,99.793,0.263,3,6542.988,239.861
9.230,99.851,0.262,3,6546.765,240.307
9.240,99.908,0.262,3,6550.541,240.754
9.250,99.966,0.262,3,6554.316,241.201
9.260,100.024,0.262,3,6558.089,241.648
9.270,100.081,0.262,3,6561.862,242.095
9.280,100.139,0.262,3,6565.634,242.542
9.290,100.196,0.262,3,6569.404,242.990
9.300,100.254,0.262,3,6573.174,243.438
9.310,100.311,0.262,3,6576.942,243.886
9.320,100.369,0.262,3,6580.709,244.335
9.330,100.426,0.262,3,6584.476,244.784
9.340,100.483,0.262,3,6588.241,245.233
9.350,100.541,0.262,3,6592.005,245.682
9.360,100.598,0.261,3,6595.768,246.132
9.370,100.656,0.261,3,6599.530,246.582
9.380,100.713,0.261,3,6603.291,247.032
9.390,100.770,0.261,3,6607.051,247.482
9.400,100.828,0.261,3,6610.810,247.933
9.410,100.885,0.261,3,6614.568,248.384
9.420,100.942,0.261,3,6618.324,248.835
9.430,101.000,0.261,3,6622.080,249.286
9.440,101.057,0.261,3,6625.835,249.738
9.450,101.114,0.261,3,6629.588,250.190
9.460,101.171,0.261,3,6633.341,250.642
9.470,101.229,0.261,3,6637.092,251.094
9.480,101.286,0.261,3,6640.842,251.547
9.490,101.343,0.261,3,6644.592,252.000
9.500,101.400,0.260,3,6648.340,252.453
9.510,101.457,0.260,3,6652.087,252.906
9.520,101.514,0.260,3,6655.833,253.360
9.530,101.571,0.260,3,6659.578,253.814
9.540,101.629,0.260,3,6663.322,254.268
9.550,101.686,0.260,3,6667.065,254.723
9.560,101.743,0.260,3,6670.807,255.177
9.570,101.800,0.260,3,6674.547,255.632
9.580,101.857,0.260,3,6678.287,256.087
9.590,101.914,0.260,3,6682.026,256.543
9.600,101.971,0.260,3,6685.763,256.999
9.610,102.028,0.260,3,6689.500,257.455
9.620,102.085,0.260,3,6693.235,257.911
9.630,102.142,0.259,3,6696.970,258.367
9.640,102.199,0.259,3,6700.703,258.824
9.650,102.256,0.259,3,6704.435,259.281
9.660,102.313,0.259,3,6708.166,259.738
9.670,102.369,0.259,3,6711.896,260.196
9.680,102.426,0.259,3,6715.625,260.654
9.690,102.483,0.259,3,6719.353,261.112
9.700,102.540,0.259,3,6723.080,261.570
9.710,102.597,0.259,3,6726.806,262.028
9.720,102.654,0.259,3,6730.531,262.487
9.730,102.710,0.259,3,6734.254,262.946
9.740,102.767,0.259,3,6737.977,263.406
9.750,102.824,0.259,3,6741.698,263.865
9.760,102.881,0.259,3,6745.419,264.325
9.770,102.937,0.258,3,6749.138,264.785
9.780,102.994,0.258,3,6752.856,265.245
9.790,103.051,0.258,3,6756.574,265.706
9.800,103.108,0.258,3,6760.290,266.167
9.810,103.164,0.258,3,6764.005,266.628
9.820,103.221,0.258,3,6767.719,267.089
9.830,103.277,0.258,3,6771.432,267.550
9.840,103.334,0.258,3,6775.144,268.012
9.850,103.391,0.258,3,6778.854,268.474
9.860,103.447,0.258,3,6782.564,268.937
9.870,103.504,0.258,3,6786.273,269.399
9.880,103.560,0.258,3,6789.980,269.862
9.890,103.617,0.258,3,6793.687,270.325
9.900,103.673,0.257,3,6797.392,270.789
9.910,103.730,0.257,3,6801.096,271.252
9.920,103.786,0.257,3,6804.800,271.716
9.930,103.843,0.257,3,6808.502,272.180
9.940,103.899,0.257,3,6812.203,272.644
9.950,103.956,0.257,3,6815.903,273.109
9.960,104.012,0.257,3,6819.602,273.574
9.970,104.069,0.257,3,6823.300,274.039
9.980,104.125,0.257,3,6826.996,274.504
9.990,104.181,0.257,3,6830.692,274.970
10.000,104.238,0.257,3,6834.387,275.436
10.010,104.294,0.257,3,6838.080,275.902
10.020,104.350,0.257,3,6841.773,276.368
10.030,104.407,0.256,3,6845.464,276.835
10.040,104.463,0.256,3,6849.154,277.302
10.050,104.519,0.256,3,6852.844,277.769
10.060,104.575,0.256,3,6856.532,278.236
10.070,104.632,0.256,3,6860.219,278.704
10.080,104.688,0.256,3,6863.905,279.172
10.090,104.744,0.256,3,6867.590,279.640
10.100,104.800,0.256,3,6871.273,280.108
10.110,104.856,0.256,3,6874.956,280.577
10.120,104.913,0.256,3,6878.638,281.046
10.130,104.969,0.256,3,6882.318,281.515
10.140,105.025,0.256,3,6885.998,281.984
10.150,105.081,0.256,3,6889.676,282.454
10.160,105.137,0.256,3,6893.354,282.924
10.170,105.193,0.255,3,6897.030,283.394
10.180,105.249,0.255,3,6900.705,283.864
10.190,105.305,0.255,3,6904.379,284.335
10.200,105.361,0.255,3,6908.052,284.806
10.210,105.417,0.255,3,6911.724,285.277
10.220,105.473,0.255,3,6915.395,285.748
10.230,105.529,0.255,3,6919.064,286.220
10.240,105.585,0.255,3,6922.733,286.692
10.250,105.641,0.255,3,6926.401,287.164
10.260,105.697,0.255,3,6930.067,287.636
10.270,105.753,0.255,3,6933.732,288.109
10.280,105.809,0.255,3,6937.397,288.582
10.290,105.865,0.255,3,6941.060,289.055
10.300,105.920,0.254,3,6944.722,289.528
10.310,105.976,0.254,3,6948.383,290.002
10.320,106.032,0.254,3,6952.043,290.476
10.330,106.088,0.254,3,6955.702,290.950
10.340,106.144,0.254,3,6959.360,291.424
10.350,106.199,0.254,3,6963.016,291.899
10.360,106.255,0.254,3,6966.672,292.374
10.370,106.311,0.254,3,6970.326,292.849
10.380,106.367,0.254,3,6973.980,293.324
10.390,106.422,0.254,3,6977.632,293.800
10.400,106.478,0.254,3,6981.283,294.276
10.410,106.534,0.254,3,6984.934,294.752
10.420,106.589,0.254,3,6988.583,295.228
10.430,106.645,0.253,3,6992.231,295.705
10.440,106.701,0.253,3,6995.878,296.182
10.450,106.756,0.253,3,6999.523,296.659
10.460,106.812,0.253,3,7003.168,297.136
10.470,106.867,0.253,3,7006.812,297.614
10.480,106.923,0.253,3,7010.454,298.092
10.490,106.979,0.253,3,7014.096,298.570
10.500,107.034,0.253,3,7017.736,299.048
10.510,107.090,0.253,3,7021.375,299.527
10.520,107.145,0.253,3,7025.013,300.006
10.530,107.201,0.253,3,7028.650,300.485
10.540,107.256,0.253,3,7032.286,300.964
10.550,107.311,0.253,3,7035.921,301.444
10.560,107.367,0.252,3,7039.555,301.924
10.570,107.422,0.252,3,7043.188,302.404
10.580,107.478,0.252,3,7046.819,302.884
10.590,107.533,0.252,3,7050.450,303.365
10.600,107.588,0.252,3,7054.079,303.845
10.610,107.644,0.252,3,7057.708,304.327
10.620,107.699,0.252,3,7061.335,304.808
10.630,107.754,0.252,3,7064.961,305.289
10.640,107.810,0.252,3,7068.586,305.771
10.650,107.865,0.252,3,7072.210,306.253
10.660,107.920,0.252,3,7075.833,306.736
10.670,107.975,0.252,3,7079.455,307.218
10.680,108.031,0.252,3,7083.075,307.701
10.690,108.086,0.251,3,7086.695,308.184
10.700,108.141,0.251,3,7090.313,308.667
10.710,108.196,0.251,3,7093.931,309.151
10.720,108.251,0.251,3,7097.547,309.635
10.730,108.306,0.251,3,7101.162,310.119
10.740,108.362,0.251,3,7104.776,310.603
10.750,108.417,0.251,3,7108.389,311.088
10.760,108.472,0.251,3,7112.001,311.572
10.770,108.527,0.251,3,7115.612,312.057
10.780,108.582,0.251,3,7119.221,312.543
10.790,108.637,0.251,3,7122.830,313.028
10.800,108.692,0.251,3,7126.437,313.514
10.810,108.747,0.251,3,7130.044,314.000
10.820,108.802,0.251,3,7133.649,314.486
10.830,108.857,0.250,3,7137.253,314.973
10.840,108.912,0.250,3,7140.856,315.460
10.850,108.967,0.250,3,7144.458,315.947
10.860,109.022,0.250,3,7148.059,316.434
10.870,109.077,0.250,3,7151.659,316.921
10.880,109.132,0.250,3,7155.258,317.409
10.890,109.186,0.250,3,7158.855,317.897
10.900,109.241,0.250,3,7162.452,318.385
10.910,109.296,0.250,3,7166.047,318.874
10.920,109.351,0.250,3,7169.641,319.362
10.930,109.406,0.250,3,7173.235,319.851
10.940,109.461,0.250,3,7176.827,320.341
10.950,109.515,0.250,3,7180.418,320.830
10.960,109.570,0.249,3,7184.008,321.320
10.970,109.625,0.249,3,7187.596,321.810
10.980,109.679,0.249,3,7191.184,322.300
10.990,109.734,0.249,3,7194.771,322.790
11.000,109.789,0.249,3,7198.356,323.281
11.010,109.844,0.249,3,7201.940,323.772
11.020,109.898,0.249,3,7205.524,324.263
11.030,109.953,0.249,3,7209.106,324.755
11.040,110.007,0.249,3,7212.687,325.246
11.050,110.062,0.249,3,7216.267,325.738
11.060,110.117,0.249,3,7219.846,326.230
11.070,110.171,0.249,3,7223.423,326.723
11.080,110.226,0.249,3,7227.000,327.215
11.090,110.280,0.248,3,7230.576,327.708
11.100,110.335,0.248,3,7234.150,328.201
11.110,110.389,0.248,3,7237.723,328.695
11.120,110.444,0.248,3,7241.296,329.188
11.130,110.498,0.248,3,7244.867,329.682
11.140,110.553,0.248,3,7248.437,330.176
11.150,110.607,0.248,3,7252.006,330.671
11.160,110.662,0.248,3,7255.573,331.165
11.170,110.716,0.248,3,7259.140,331.660
11.180,110.770,0.248,3,7262.706,332.155
11.190,110.825,0.248,3,7266.270,332.650
11.200,110.879,0.248,3,7269.834,333.146
11.210,110.933,0.248,3,7273.396,333.642
11.220,110.988,0.247,3,7276.957,334.138
11.230,111.042,0.247,3,7280.517,334.634
11.240,111.096,0.247,3,7284.076,335.130
11.250,111.151,0.247,3,7287.634,335.627
11.260,111.205,0.247,3,7291.191,336.124
11.270,111.259,0.247,3,7294.746,336.621
11.280,111.313,0.247,3,7298.301,337.119
11.290,111.367,0.247,3,7301.854,337.617
11.300,111.422,0.247,3,7305.406,338.115
11.310,111.476,0.247,3,7308.957,338.613
11.320,111.530,0.247,3,7312.508,339.111
11.330,111.584,0.247,3,7316.057,339.610
11.340,111.638,0.247,3,7319.604,340.109
11.350,111.692,0.246,3,7323.151,340.608
11.360,111.746,0.246,3,7326.697,341.108
11.370,111.800,0.246,3,7330.241,341.607
11.380,111.854,0.246,3,7333.785,342.107
11.390,111.908,0.246,3,7337.327,342.607
11.400,111.962,0.246,3,7340.868,343.108
11.410,112.016,0.246,3,7344.408,343.608
11.420,112.070,0.246,3,7347.947,344.109
11.430,112.124,0.246,3,7351.485,344.610
11.440,112.178,0.246,3,7355.022,345.112
11.450,112.232,0.246,3,7358.557,345.613
11.460,112.286,0.246,3,7362.092,346.115
11.470,112.340,0.246,3,7365.625,346.617
11.480,112.394,0.245,3,7369.158,347.120
11.490,112.448,0.245,3,7372.689,347.622
11.500,112.502,0.245,3,7376.219,348.125
11.510,112.555,0.245,3,7379.748,348.628
11.520,112.609,0.245,3,7383.276,349.131
11.530,112.663,0.245,3,7386.802,349.635
11.540,112.717,0.245,3,7390.328,350.139
11.550,112.771,0.245,3,7393.853,350.643
11.560,112.824,0.245,3,7397.376,351.147
11.570,112.878,0.245,3,7400.898,351.651
11.580,112.932,0.245,3,7404.419,352.156
11.590,112.985,0.245,3,7407.939,352.661
11.600,113.039,0.244,3,7411.458,353.166
11.610,113.093,0.244,3,7414.976,353.672
11.620,113.146,0.244,3,7418.493,354.177
11.630,113.200,0.244,3,7422.009,354.683
11.640,113.254,0.244,3,7425.523,355.190
11.650,113.307,0.244,3,7429.036,355.696
11.660,113.361,0.244,3,7432.549,356.203
11.670,113.414,0.244,3,7436.060,356.709
11.680,113.468,0.244,3,7439.570,357.217
11.690,113.521,0.244,3,7443.079,357.724
11.700,113.575,0.244,3,7446.586,358.232
11.710,113.628,0.244,3,7450.093,358.739
11.720,113.682,0.244,3,7453.599,359.247
11.730,113.735,0.243,3,7457.103,359.756
11.740,113.789,0.243,3,7460.606,360.264
11.750,113.842,0.243,3,7464.109,360.773
11.760,113.896,0.243,3,7467.610,361.282
11.770,113.949,0.243,3,7471.110,361.791
11.780,114.002,0.243,3,7474.608,362.301
11.790,114.056,0.243,3,7478.106,362.811
11.800,114.109,0.243,3,7481.603,363.321
11.810,114.162,0.243,3,7485.098,363.831
11.820,114.216,0.243,3,7488.593,364.341
11.830,114.269,0.243,3,7492.086,364.852
11.840,114.322,0.243,3,7495.578,365.363
11.850,114.375,0.243,3,7499.069,365.874
11.860,114.429,-0.099,4,5358.971,366.386
11.870,114.407,-0.099,4,5357.957,366.897
11.880,114.385,-0.099,4,5356.944,367.409
11.890,114.364,-0.099,4,5355.931,367.920
11.900,114.342,-0.098,4,5354.919,368.431
11.910,114.320,-0.098,4,5353.906,368.942
11.920,114.299,-0.098,4,5352.894,369.453
11.930,114.277,-0.098,4,5351.883,369.964
11.940,114.256,-0.098,4,5350.872,370.475
11.950,114.234,-0.098,4,5349.861,370.986
11.960,114.212,-0.098,4,5348.850,371.496
11.970,114.191,-0.098,4,5347.840,372.007
11.980,114.169,-0.098,4,5346.830,372.517
11.990,114.148,-0.098,4,5345.820,373.028
12.000,114.126,-0.098,4,5344.811,373.538
12.010,114.105,-0.098,4,5343.802,374.048
12.020,114.083,-0.098,4,5342.793,374.558
12.030,114.062,-0.098,4,5341.785,375.068
12.040,114.040,-0.098,4,5340.777,375.578
12.050,114.019,-0.098,4,5339.769,376.088
12.060,113.997,0.194,4,5338.762,376.597
12.070,114.040,0.194,4,5340.759,377.107
12.080,114.082,0.194,4,5342.756,377.617
12.090,114.125,0.194,4,5344.753,378.127
12.100,114.168,0.194,4,5346.749,378.637
12.110,114.210,0.194,4,5348.744,379.148
12.120,114.253,0.194,4,5350.738,379.658
12.130,114.295,0.194,4,5352.732,380.169
12.140,114.338,0.194,4,5354.725,380.680
12.150,114.380,0.194,4,5356.718,381.191
12.160,114.423,0.194,4,5358.710,381.703
12.170,114.466,0.194,4,5360.701,382.214
12.180,114.508,0.194,4,5362.692,382.726
12.190,114.550,0.194,4,5364.682,383.238
12.200,114.593,0.194,4,5366.671,383.750
12.210,114.635,0.193,4,5368.660,384.263
12.220,114.678,0.193,4,5370.648,384.775
12.230,114.720,0.193,4,5372.635,385.288
12.240,114.763,0.193,4,5374.622,385.801
12.250,114.805,0.193,4,5376.608,386.314
12.260,114.848,0.193,4,5378.594,386.827
12.270,114.890,0.193,4,5380.579,387.341
12.280,114.932,0.193,4,5382.563,387.855
12.290,114.975,0.193,4,5384.546,388.369
12.300,115.017,0.193,4,5386.529,388.883
12.310,115.059,0.193,4,5388.512,389.397
12.320,115.102,0.193,4,5390.493,389.911
12.330,115.144,0.193,4,5392.474,390.426
12.340,115.186,0.193,4,5394.455,390.941
12.350,115.229,0.193,4,5396.435,391.456
12.360,115.271,0.193,4,5398.414,391.971
12.370,115.313,0.192,4,5400.392,392.486
12.380,115.355,0.192,4,5402.370,393.002
12.390,115.397,0.192,4,5404.347,393.518
12.400,115.440,0.192,4,5406.324,394.034
12.410,115.482,0.192,4,5408.300,394.550
12.420,115.524,0.192,4,5410.275,395.066
12.430,115.566,0.192,4,5412.250,395.583
12.440,115.608,0.192,4,5414.224,396.100
12.450,115.651,0.192,4,5416.197,396.616
12.460,115.693,0.192,4,5418.170,397.134
12.470,115.735,0.192,4,5420.142,397.651
12.480,115.777,0.192,4,5422.114,398.168
12.490,115.819,0.192,4,5424.084,398.686
12.500,115.861,0.192,4,5426.055,399.204
12.510,115.903,0.192,4,5428.024,399.722
12.520,115.945,0.192,4,5429.993,400.240
12.530,115.987,0.191,4,5431.961,400.759
12.540,116.029,0.191,4,5433.929,401.277
12.550,116.071,0.191,4,5435.896,401.796
12.560,116.113,0.191,4,5437.862,402.315
12.570,116.155,0.191,4,5439.828,402.834
12.580,116.197,0.191,4,5441.793,403.353
12.590,116.239,0.191,4,5443.758,403.873
12.600,116.281,0.191,4,5445.721,404.393
12.610,116.323,0.191,4,5447.684,404.913
12.620,116.365,0.191,4,5449.647,405.433
12.630,116.407,0.191,4,5451.609,405.953
12.640,116.449,0.191,4,5453.570,406.473
12.650,116.490,0.191,4,5455.531,406.994
12.660,116.532,0.191,4,5457.491,407.515
12.670,116.574,0.191,4,5459.450,408.036
12.680,116.616,0.191,4,5461.409,408.557
12.690,116.658,0.190,4,5463.367,409.079
12.700,116.699,0.190,4,5465.324,409.600
12.710,116.741,0.190,4,5467.281,410.122
12.720,116.783,0.190,4,5469.237,410.644
12.730,116.825,0.190,4,5471.192,411.166
12.740,116.867,0.190,4,5473.147,411.689
12.750,116.908,0.190,4,5475.101,412.211
12.760,116.950,0.190,4,5477.055,412.734
12.770,116.992,0.190,4,5479.008,413.257
12.780,117.033,0.190,4,5480.960,413.780
12.790,117.075,0.190,4,5482.912,414.303
12.800,117.117,0.190,4,5484.863,414.827
12.810,117.158,0.190,4,5486.813,415.350
12.820,117.200,0.190,4,5488.763,415.874
12.830,117.242,0.190,4,5490.712,416.398
12.840,117.283,0.190,4,5492.660,416.922
12.850,117.325,0.189,4,5494.608,417.447
12.860,117.366,0.189,4,5496.555,417.971
12.870,117.408,0.189,4,5498.502,418.496
12.880,117.449,0.189,4,5500.448,419.021
12.890,117.491,0.189,4,5502.393,419.546
12.900,117.533,0.189,4,5504.337,420.071
12.910,117.574,0.189,4,5506.281,420.597
12.920,117.616,0.189,4,5508.225,421.123
12.930,117.657,0.189,4,5510.167,421.648
12.940,117.698,0.189,4,5512.109,422.175
12.950,117.740,0.189,4,5514.051,422.701
12.960,117.781,0.189,4,5515.991,423.227
12.970,117.823,0.189,4,5517.931,423.754
12.980,117.864,0.189,4,5519.871,424.281
12.990,117.906,0.189,4,5521.810,424.808
13.000,117.947,0.189,4,5523.748,425.335
13.010,117.988,0.188,4,5525.685,425.862
13.020,118.030,0.188,4,5527.622,426.390
13.030,118.071,0.188,4,5529.559,426.917
13.040,118.112,0.188,4,5531.494,427.445
13.050,118.154,0.188,4,5533.429,427.973
13.060,118.195,0.188,4,5535.364,428.502
13.070,118.236,0.188,4,5537.297,429.030
13.080,118.278,0.188,4,5539.230,429.559
13.090,118.319,0.188,4,5541.163,430.088
13.100,118.360,0.188,4,5543.094,430.617
13.110,118.401,0.188,4,5545.026,431.146
13.120,118.443,0.188,4,5546.956,431.675
13.130,118.484,0.188,4,5548.886,432.205
13.140,118.525,0.188,4,5550.815,432.735
13.150,118.566,0.188,4,5552.744,433.265
13.160,118.607,0.188,4,5554.672,433.795
13.170,118.648,0.187,4,5556.599,434.325
13.180,118.690,0.187,4,5558.526,434.856
13.190,118.731,0.187,4,5560.452,435.386
13.200,118.772,0.187,4,5562.377,435.917
13.210,118.813,0.187,4,5564.302,436.448
13.220,118.854,0.187,4,5566.226,436.979
13.230,118.895,0.187,4,5568.149,437.511
13.240,118.936,0.187,4,5570.072,438.042
13.250,118.977,0.187,4,5571.994,438.574
13.260,119.018,0.187,4,5573.916,439.106
13.270,119.059,0.187,4,5575.837,439.638
13.280,119.100,0.187,4,5577.757,440.171
13.290,119.141,0.187,4,5579.676,440.703
13.300,119.182,0.187,4,5581.595,441.236
13.310,119.223,0.187,4,5583.514,441.769
13.320,119.264,0.187,4,5585.431,442.302
13.330,119.305,0.186,4,5587.348,442.835
13.340,119.346,0.186,4,5589.265,443.368
13.350,119.387,0.186,4,5591.180,443.902
13.360,119.428,0.186,4,5593.096,444.436
13.370,119.469,0.186,4,5595.010,444.970
13.380,119.510,0.186,4,5596.924,445.504
13.390,119.550,0.186,4,5598.837,446.038
13.400,119.591,0.186,4,5600.750,446.573
13.410,119.632,0.186,4,5602.662,447.108
13.420,119.673,0.186,4,5604.573,447.643
13.430,119.714,0.186,4,5606.483,448.178
13.440,119.754,0.186,4,5608.393,448.713
13.450,119.795,0.186,4,5610.303,449.248
13.460,119.836,0.186,4,5612.211,449.784
13.470,119.877,0.186,4,5614.119,450.320
13.480,119.917,0.186,4,5616.027,450.856
13.490,119.958,0.185,4,5617.934,451.392
13.500,119.999,0.185,4,5619.840,451.928
13.510,120.040,0.185,4,5621.745,452.465
13.520,120.080,0.185,4,5623.650,453.001
13.530,120.121,0.185,4,5625.554,453.538
13.540,120.161,0.185,4,5627.458,454.075
13.550,120.202,0.185,4,5629.361,454.613
13.560,120.243,0.185,4,5631.263,455.150
13.570,120.283,0.185,4,5633.165,455.688
13.580,120.324,0.185,4,5635.066,456.226
13.590,120.365,0.185,4,5636.966,456.764
13.600,120.405,0.185,4,5638.866,457.302
13.610,120.446,0.185,4,5640.765,457.840
13.620,120.486,0.185,4,5642.663,458.379
13.630,120.527,0.185,4,5644.561,458.917
13.640,120.567,0.185,4,5646.458,459.456
13.650,120.608,0.184,4,5648.355,459.995
13.660,120.648,0.184,4,5650.251,460.535
13.670,120.689,0.184,4,5652.146,461.074
13.680,120.729,0.184,4,5654.041,461.614
13.690,120.770,0.184,4,5655.935,462.153
13.700,120.810,0.184,4,5657.828,462.693
13.710,120.850,0.184,4,5659.721,463.234
13.720,120.891,0.184,4,5661.613,463.774
13.730,120.931,0.184,4,5663.504,464.314
13.740,120.972,0.184,4,5665.395,464.855
13.750,121.012,0.184,4,5667.285,465.396
13.760,121.052,0.184,4,5669.174,465.937
13.770,121.093,0.184,4,5671.063,466.478
13.780,121.133,0.184,4,5672.951,467.020
13.790,121.173,0.184,4,5674.839,467.561
13.800,121.213,0.184,4,5676.726,468.103
13.810,121.254,0.183,4,5678.612,468.645
13.820,121.294,0.183,4,5680.498,469.187
13.830,121.334,0.183,4,5682.383,469.730
13.840,121.375,0.183,4,5684.267,470.272
13.850,121.415,0.183,4,5686.151,470.815
13.860,121.455,0.183,4,5688.034,471.358
13.870,121.495,0.183,4,5689.916,471.901
13.880,121.535,0.183,4,5691.798,472.444
13.890,121.575,0.183,4,5693.679,472.987
13.900,121.616,0.183,4,5695.560,473.531
13.910,121.656,0.183,4,5697.439,474.075
13.920,121.696,0.183,4,5699.319,474.618
13.930,121.736,0.183,4,5701.197,475.163
13.940,121.776,0.183,4,5703.075,475.707
13.950,121.816,0.183,4,5704.952,476.251
13.960,121.856,0.183,4,5706.829,476.796
13.970,121.896,0.182,4,5708.705,477.341
13.980,121.936,0.182,4,5710.581,477.886
13.990,121.976,0.182,4,5712.455,478.431
14.000,122.016,0.182,4,5714.329,478.976
14.010,122.056,0.182,4,5716.203,479.522
14.020,122.096,0.182,4,5718.076,480.068
14.030,122.136,0.182,4,5719.948,480.614
14.040,122.176,0.182,4,5721.819,481.160
14.050,122.216,0.182,4,5723.690,481.706
14.060,122.256,0.182,4,5725.560,482.252
14.070,122.296,0.182,4,5727.430,482.799
14.080,122.336,0.182,4,5729.299,483.346
14.090,122.376,0.182,4,5731.167,483.893
14.100,122.416,0.182,4,5733.035,484.440
14.110,122.456,0.182,4,5734.902,484.987
14.120,122.496,0.182,4,5736.768,485.535
14.130,122.535,0.181,4,5738.634,486.083
14.140,122.575,0.181,4,5740.499,486.630
14.150,122.615,0.181,4,5742.364,487.178
14.160,122.655,0.181,4,5744.228,487.727
14.170,122.695,0.181,4,5746.091,488.275
14.180,122.734,0.181,4,5747.953,488.824
14.190,122.774,0.181,4,5749.815,489.372
14.200,122.814,0.181,4,5751.677,489.921
14.210,122.854,0.181,4,5753.537,490.470
14.220,122.893,0.181,4,5755.397,491.020
14.230,122.933,0.181,4,5757.257,491.569
14.240,122.973,0.181,4,5759.115,492.119
14.250,123.012,0.181,4,5760.973,492.669
14.260,123.052,0.181,4,5762.831,493.219
14.270,123.092,0.181,4,5764.688,493.769
14.280,123.131,0.181,4,5766.544,494.319
14.290,123.171,0.180,4,5768.399,494.870
14.300,123.211,0.180,4,5770.254,495.421
14.310,123.250,0.180,4,5772.108,495.971
14.320,123.290,0.180,4,5773.962,496.522
14.330,123.329,0.180,4,5775.815,497.074
14.340,123.369,0.180,4,5777.667,497.625
14.350,123.408,0.180,4,5779.519,498.177
14.360,123.448,0.180,4,5781.370,498.728
14.370,123.487,0.180,4,5783.220,499.280
14.380,123.527,0.180,4,5785.070,499.833
14.390,123.566,0.180,4,5786.919,500.385
14.400,123.606,0.180,4,5788.767,500.937
14.410,123.645,0.180,4,5790.615,501.490
14.420,123.685,0.180,4,5792.462,502.043
14.430,123.724,0.180,4,5794.309,502.596
14.440,123.764,0.180,4,5796.155,503.149
14.450,123.803,0.179,4,5798.000,503.702
14.460,123.842,0.179,4,5799.845,504.256
14.470,123.882,0.179,4,5801.689,504.810
14.480,123.921,0.179,4,5803.532,505.364
14.490,123.960,0.179,4,5805.375,505.918
14.500,124.000,0.179,4,5807.217,506.472
14.510,124.039,0.179,4,5809.058,507.026
14.520,124.078,0.179,4,5810.899,507.581
14.530,124.118,0.179,4,5812.739,508.136
14.540,124.157,0.179,4,5814.579,508.691
14.550,124.196,0.179,4,5816.418,509.246
14.560,124.236,0.179,4,5818.256,509.801
14.570,124.275,0.179,4,5820.093,510.356
14.580,124.314,0.179,4,5821.930,510.912
14.590,124.353,0.179,4,5823.767,511.468
14.600,124.392,0.179,4,5825.602,512.024
14.610,124.432,0.178,4,5827.437,512.580
14.620,124.471,0.178,4,5829.272,513.136
14.630,124.510,0.178,4,5831.105,513.693
14.640,124.549,0.178,4,5832.939,514.250
14.650,124.588,0.178,4,5834.771,514.806
14.660,124.627,0.178,4,5836.603,515.364
14.670,124.666,0.178,4,5838.434,515.921
14.680,124.705,0.178,4,5840.265,516.478
14.690,124.745,0.178,4,5842.095,517.036
14.700,124.784,0.178,4,5843.924,517.593
14.710,124.823,0.178,4,5845.752,518.151
14.720,124.862,0.178,4,5847.580,518.709
14.730,124.901,0.178,4,5849.408,519.268
14.740,124.940,0.178,4,5851.234,519.826
14.750,124.979,0.178,4,5853.060,520.385
14.760,125.018,0.178,4,5854.886,520.944
14.770,125.057,0.177,4,5856.711,521.503
14.780,125.096,0.177,4,5858.535,522.062
14.790,125.135,0.177,4,5860.358,522.621
14.800,125.173,0.177,4,5862.181,523.180
14.810,125.212,0.177,4,5864.003,523.740
14.820,125.251,0.177,4,5865.825,524.300
14.830,125.290,0.177,4,5867.646,524.860
14.840,125.329,0.177,4,5869.466,525.420
14.850,125.368,0.177,4,5871.286,525.981
14.860,125.407,0.177,4,5873.105,526.541
14.870,125.446,0.177,4,5874.923,527.102
14.880,125.484,0.177,4,5876.741,527.663
14.890,125.523,0.177,4,5878.558,528.224
14.900,125.562,0.177,4,5880.375,528.785
14.910,125.601,0.177,4,5882.191,529.346
14.920,125.639,0.177,4,5884.006,529.908
14.930,125.678,0.177,4,5885.820,530.470
14.940,125.717,0.176,4,5887.634,531.032
14.950,125.756,0.176,4,5889.448,531.594
14.960,125.794,0.176,4,5891.260,532.156
14.970,125.833,0.176,4,5893.072,532.718
14.980,125.872,0.176,4,5894.884,533.281
14.990,125.910,0.176,4,5896.694,533.844
15.000,125.949,0.176,4,5898.504,534.407
15.010,125.988,0.176,4,5900.314,534.970
15.020,126.026,0.176,4,5902.123,535.533
15.030,126.065,0.176,4,5903.931,536.097
15.040,126.104,0.176,4,5905.738,536.660
15.050,126.142,0.176,4,5907.545,537.224
15.060,126.181,0.176,4,5909.351,537.788
15.070,126.219,0.176,4,5911.157,538.352
15.080,126.258,0.176,4,5912.962,538.917
15.090,126.296,0.176,4,5914.766,539.481
15.100,126.335,0.175,4,5916.570,540.046
15.110,126.373,0.175,4,5918.373,540.611
15.120,126.412,0.175,4,5920.176,541.176
15.130,126.450,0.175,4,5921.977,541.741
15.140,126.489,0.175,4,5923.778,542.306
15.150,126.527,0.175,4,5925.579,542.872
15.160,126.566,0.175,4,5927.379,543.437
15.170,126.604,0.175,4,5929.178,544.003
15.180,126.642,0.175,4,5930.977,544.569
15.190,126.681,0.175,4,5932.775,545.136
15.200,126.719,0.175,4,5934.572,545.702
15.210,126.758,0.175,4,5936.369,546.269
15.220,126.796,0.175,4,5938.165,546.835
15.230,126.834,0.175,4,5939.960,547.402
15.240,126.873,0.175,4,5941.755,547.969
15.250,126.911,0.175,4,5943.549,548.537
15.260,126.949,0.174,4,5945.342,549.104
15.270,126.987,0.174,4,5947.135,549.672
15.280,127.026,0.174,4,5948.927,550.239
15.290,127.064,0.174,4,5950.719,550.807
15.300,127.102,0.174,4,5952.510,551.375
15.310,127.140,0.174,4,5954.300,551.944
15.320,127.179,0.174,4,5956.090,552.512
15.330,127.217,0.174,4,5957.879,553.081
15.340,127.255,0.174,4,5959.667,553.650
15.350,127.293,0.174,4,5961.455,554.219
15.360,127.331,0.174,4,5963.242,554.788
15.370,127.370,0.174,4,5965.029,555.357
15.380,127.408,0.174,4,5966.814,555.926
15.390,127.446,0.174,4,5968.600,556.496
15.400,127.484,0.174,4,5970.384,557.066
15.410,127.522,0.174,4,5972.168,557.636
15.420,127.560,0.173,4,5973.951,558.206
15.430,127.598,0.173,4,5975.734,558.776
15.440,127.636,0.173,4,5977.516,559.347
15.450,127.674,0.173,4,5979.297,559.918
15.460,127.712,0.173,4,5981.078,560.488
15.470,127.750,0.173,4,5982.858,561.059
15.480,127.788,0.173,4,5984.638,561.631
15.490,127.826,0.173,4,5986.416,562.202
15.500,127.864,0.173,4,5988.195,562.773
15.510,127.902,0.173,4,5989.972,563.345
15.520,127.940,0.173,4,5991.749,563.917
15.530,127.978,0.173,4,5993.525,564.489
15.540,128.016,0.173,4,5995.301,565.061
15.550,128.054,0.173,4,5997.076,565.634
15.560,128.092,0.173,4,5998.850,566.206
15.570,128.130,0.173,4,6000.624,566.779
15.580,128.167,0.172,4,6002.397,567.352
15.590,128.205,0.172,4,6004.170,567.925
15.600,128.243,0.172,4,6005.941,568.498
15.610,128.281,0.172,4,6007.713,569.071
15.620,128.319,0.172,4,6009.483,569.645
15.630,128.357,0.172,4,6011.253,570.219
15.640,128.394,0.172,4,6013.022,570.793
15.650,128.432,0.172,4,6014.791,571.367
15.660,128.470,0.172,4,6016.559,571.941
15.670,128.508,0.172,4,6018.326,572.515
15.680,128.545,0.172,4,6020.093,573.090
15.690,128.583,0.172,4,6021.859,573.664
15.700,128.621,0.172,4,6023.625,574.239
15.710,128.658,0.172,4,6025.389,574.814
15.720,128.696,0.172,4,6027.154,575.390
15.730,128.734,0.172,4,6028.917,575.965
15.740,128.771,0.171,4,6030.680,576.541
15.750,128.809,0.171,4,6032.442,577.116
15.760,128.847,0.171,4,6034.204,577.692
15.770,128.884,0.171,4,6035.965,578.268
15.780,128.922,0.171,4,6037.725,578.845
15.790,128.959,0.171,4,6039.485,579.421
15.800,128.997,0.171,4,6041.244,579.998
15.810,129.034,0.171,4,6043.002,580.574
15.820,129.072,0.171,4,6044.760,581.151
15.830,129.110,0.171,4,6046.517,581.728
15.840,129.147,0.171,4,6048.274,582.306
15.850,129.185,0.171,4,6050.030,582.883
15.860,129.222,0.171,4,6051.785,583.461
15.870,129.259,0.171,4,6053.540,584.038
15.880,129.297,0.171,4,6055.294,584.616
15.890,129.334,0.171,4,6057.047,585.194
15.900,129.372,0.170,4,6058.800,585.773
15.910,129.409,0.170,4,6060.552,586.351
15.920,129.447,0.170,4,6062.303,586.930
15.930,129.484,0.170,4,6064.054,587.508
15.940,129.521,0.170,4,6065.804,588.087
15.950,129.559,0.170,4,6067.554,588.666
15.960,129.596,0.170,4,6069.303,589.246
15.970,129.633,0.170,4,6071.051,589.825
15.980,129.671,0.170,4,6072.799,590.405
15.990,129.708,0.170,4,6074.546,590.985
16.000,129.745,0.170,4,6076.292,591.564
16.010,129.783,0.170,4,6078.038,592.145
16.020,129.820,0.170,4,6079.783,592.725
16.030,129.857,0.170,4,6081.527,593.305
16.040,129.894,0.170,4,6083.271,593.886
16.050,129.932,0.170,4,6085.015,594.467
16.060,129.969,0.169,4,6086.757,595.048
16.070,130.006,0.169,4,6088.499,595.629
16.080,130.043,0.169,4,6090.240,596.210
16.090,130.080,0.169,4,6091.981,596.791
16.100,130.117,0.169,4,6093.721,597.373
16.110,130.155,0.169,4,6095.460,597.955
16.120,130.192,0.169,4,6097.199,598.537
16.130,130.229,0.169,4,6098.937,599.119
16.140,130.266,0.169,4,6100.675,599.701
16.150,130.303,0.169,4,6102.412,600.283
16.160,130.340,0.169,4,6104.148,600.866
16.170,130.377,0.169,4,6105.883,601.449
16.180,130.414,0.169,4,6107.618,602.032
16.190,130.451,0.169,4,6109.353,602.615
16.200,130.488,0.169,4,6111.086,603.198
16.210,130.525,0.169,4,6112.819,603.781
16.220,130.562,0.169,4,6114.552,604.365
16.230,130.599,0.168,4,6116.284,604.949
16.240,130.636,0.168,4,6118.015,605.533
16.250,130.673,0.168,4,6119.745,606.117
16.260,130.710,0.168,4,6121.475,606.701
16.270,130.747,0.168,4,6123.204,607.285
16.280,130.784,0.168,4,6124.933,607.870
16.290,130.821,0.168,4,6126.661,608.455
16.300,130.858,0.168,4,6128.388,609.040
16.310,130.895,0.168,4,6130.115,609.625
16.320,130.931,0.168,4,6131.841,610.210
16.330,130.968,0.168,4,6133.567,610.795
16.340,131.005,0.168,4,6135.291,611.381
16.350,131.042,0.168,4,6137.016,611.967
16.360,131.079,0.168,4,6138.739,612.552
16.370,131.116,0.168,4,6140.462,613.139
16.380,131.152,0.168,4,6142.184,613.725
16.390,131.189,0.167,4,6143.906,614.311
16.400,131.226,0.167,4,6145.627,614.898
16.410,131.263,0.167,4,6147.347,615.484
16.420,131.299,0.167,4,6149.067,616.071
16.430,131.336,0.167,4,6150.786,616.658
16.440,131.373,0.167,4,6152.505,617.246
16.450,131.409,0.167,4,6154.223,617.833
16.460,131.446,0.167,4,6155.940,618.420
16.470,131.483,0.167,4,6157.656,619.008
16.480,131.519,0.167,4,6159.372,619.596
16.490,131.556,0.167,4,6161.088,620.184
16.500,131.593,0.167,4,6162.802,620.772
16.510,131.629,0.167,4,6164.516,621.361
16.520,131.666,0.167,4,6166.230,621.949
16.530,131.702,0.167,4,6167.943,622.538
16.540,131.739,0.167,4,6169.655,623.127
16.550,131.775,0.166,4,6171.366,623.716
16.560,131.812,0.166,4,6173.077,624.305
16.570,131.848,0.166,4,6174.787,624.894
16.580,131.885,0.166,4,6176.497,625.484
16.590,131.921,0.166,4,6178.206,626.073
16.600,131.958,0.166,4,6179.914,626.663
16.610,131.994,0.166,4,6181.622,627.253
16.620,132.031,0.166,4,6183.329,627.843
16.630,132.067,0.166,4,6185.036,628.433
16.640,132.104,0.166,4,6186.742,629.024
16.650,132.140,0.166,4,6188.447,629.615
16.660,132.177,0.166,4,6190.151,630.205
16.670,132.213,0.166,4,6191.855,630.796
16.680,132.249,0.166,4,6193.559,631.387
16.690,132.286,0.166,4,6195.261,631.979
16.700,132.322,0.166,4,6196.963,632.570
16.710,132.358,0.165,4,6198.665,633.162
16.720,132.395,0.165,4,6200.366,633.754
16.730,132.431,0.165,4,6202.066,634.346
16.740,132.467,0.165,4,6203.765,634.938
16.750,132.503,0.165,4,6205.464,635.530
16.760,132.540,0.165,4,6207.162,636.122
16.770,132.576,0.165,4,6208.860,636.715
16.780,132.612,0.165,4,6210.557,637.308
16.790,132.648,0.165,4,6212.253,637.901
16.800,132.685,0.165,4,6213.949,638.494
16.810,132.721,0.165,4,6215.644,639.087
16.820,132.757,0.165,4,6217.339,639.680
16.830,132.793,0.165,4,6219.033,640.274
16.840,132.829,0.165,4,6220.726,640.868
16.850,132.866,0.165,4,6222.418,641.461
16.860,132.902,0.165,4,6224.110,642.055
16.870,132.938,0.165,4,6225.802,642.650
16.880,132.974,0.164,4,6227.492,643.244
16.890,133.010,0.164,4,6229.182,643.839
16.900,133.046,0.164,4,6230.872,644.433
16.910,133.082,0.164,4,6232.561,645.028
16.920,133.118,0.164,4,6234.249,645.623
16.930,133.154,0.164,4,6235.936,646.218
16.940,133.190,0.164,4,6237.623,646.814
16.950,133.226,0.164,4,6239.310,647.409
16.960,133.262,0.164,4,6240.995,648.005
16.970,133.298,0.164,4,6242.680,648.601
16.980,133.334,0.164,4,6244.365,649.197
16.990,133.370,0.164,4,6246.049,649.793
17.000,133.406,0.164,4,6247.732,650.389
17.010,133.442,0.164,4,6249.414,650.985
17.020,133.478,0.164,4,6251.096,651.582
17.030,133.514,0.164,4,6252.777,652.179
17.040,133.550,0.163,4,6254.458,652.776
17.050,133.586,0.163,4,6256.138,653.373
17.060,133.621,0.163,4,6257.817,653.970
17.070,133.657,0.163,4,6259.496,654.568
17.080,133.693,0.163,4,6261.174,655.165
17.090,133.729,0.163,4,6262.852,655.763
17.100,133.765,0.163,4,6264.529,656.361
17.110,133.800,0.163,4,6266.205,656.959
17.120,133.836,0.163,4,6267.880,657.557
17.130,133.872,0.163,4,6269.555,658.155
17.140,133.908,0.163,4,6271.230,658.754
17.150,133.943,0.163,4,6272.903,659.353
17.160,133.979,0.163,4,6274.576,659.952
17.170,134.015,0.163,4,6276.249,660.551
17.180,134.051,0.163,4,6277.921,661.150
17.190,134.086,0.163,4,6279.592,661.749
17.200,134.122,0.162,4,6281.262,662.349
17.210,134.158,0.162,4,6282.932,662.948
17.220,134.193,0.162,4,6284.602,663.548
17.230,134.229,0.162,4,6286.270,664.148
17.240,134.265,0.162,4,6287.938,664.748
17.250,134.300,0.162,4,6289.606,665.348
17.260,134.336,0.162,4,6291.273,665.949
17.270,134.371,0.162,4,6292.939,666.550
17.280,134.407,0.162,4,6294.604,667.150
17.290,134.442,0.162,4,6296.269,667.751
17.300,134.478,0.162,4,6297.934,668.352
17.310,134.513,0.162,4,6299.597,668.954
17.320,134.549,0.162,4,6301.260,669.555
17.330,134.584,0.162,4,6302.923,670.157
17.340,134.620,0.162,4,6304.585,670.758
17.350,134.655,0.162,4,6306.246,671.360
17.360,134.691,0.162,4,6307.906,671.962
17.370,134.726,0.161,4,6309.566,672.564
17.380,134.762,0.161,4,6311.225,673.167
17.390,134.797,0.161,4,6312.884,673.769
17.400,134.833,0.161,4,6314.542,674.372
17.410,134.868,0.161,4,6316.200,674.975
17.420,134.903,0.161,4,6317.856,675.578
17.430,134.939,0.161,4,6319.512,676.181
17.440,134.974,0.161,4,6321.168,676.784
17.450,135.009,0.161,4,6322.823,677.388
17.460,135.045,0.161,4,6324.477,677.991
17.470,135.080,0.161,4,6326.131,678.595
17.480,135.115,0.161,4,6327.784,679.199
17.490,135.151,0.161,4,6329.436,679.803
17.500,135.186,0.161,4,6331.088,680.407
17.510,135.221,0.161,4,6332.739,681.012
17.520,135.256,0.161,4,6334.390,681.616
17.530,135.292,0.160,4,6336.040,682.221
17.540,135.327,0.160,4,6337.689,682.826
17.550,135.362,0.160,4,6339.337,683.431
17.560,135.397,0.160,4,6340.985,684.036
17.570,135.432,0.160,4,6342.633,684.642
17.580,135.468,0.160,4,6344.280,685.247
17.590,135.503,0.160,4,6345.926,685.853
17.600,135.538,0.160,4,6347.571,686.459
17.610,135.573,0.160,4,6349.216,687.065
17.620,135.608,0.160,4,6350.860,687.671
17.630,135.643,0.160,4,6352.504,688.277
17.640,135.678,0.160,4,6354.147,688.883
17.650,135.713,0.160,4,6355.789,689.490
17.660,135.748,0.160,4,6357.431,690.097
17.670,135.783,0.160,4,6359.072,690.704
17.680,135.818,0.160,4,6360.713,691.311
17.690,135.853,0.160,4,6362.353,691.918
17.700,135.888,0.159,4,6363.992,692.526
17.710,135.923,0.159,4,6365.631,693.133
17.720,135.958,0.159,4,6367.269,693.741
17.730,135.993,0.159,4,6368.906,694.349
17.740,136.028,0.159,4,6370.543,694.957
17.750,136.063,0.159,4,6372.179,695.565
17.760,136.098,0.159,4,6373.814,696.173
17.770,136.133,0.110,4,6375.449,696.782
17.780,136.157,0.110,4,6376.583,697.390
17.790,136.182,0.110,4,6377.716,697.999
17.800,136.206,0.110,4,6378.848,698.608
17.810,136.230,0.110,4,6379.981,699.217
17.820,136.254,0.110,4,6381.112,699.826
17.830,136.278,0.110,4,6382.244,700.435
17.840,136.302,0.110,4,6383.375,701.044
17.850,136.326,0.110,4,6384.505,701.654
17.860,136.351,0.110,4,6385.635,702.263
17.870,136.375,0.110,4,6386.765,702.873
17.880,136.399,0.110,4,6387.894,703.482
17.890,136.423,0.110,4,6389.023,704.092
17.900,136.447,0.110,4,6390.151,704.702
17.910,136.471,0.110,4,6391.279,705.312
17.920,136.495,0.110,4,6392.406,705.922
17.930,136.519,0.110,4,6393.533,706.533
17.940,136.543,0.110,4,6394.660,707.143
17.950,136.567,0.110,4,6395.786,707.753
17.960,136.591,0.109,4,6396.912,708.364
17.970,136.615,0.109,4,6398.037,708.975
17.980,136.639,0.109,4,6399.162,709.585
17.990,136.663,0.109,4,6400.286,710.196
18.000,136.687,0.109,4,6401.410,710.807
18.010,136.711,0.109,4,6402.534,711.418
18.020,136.735,0.109,4,6403.657,712.030
18.030,136.759,0.109,4,6404.780,712.641
18.040,136.783,0.109,4,6405.902,713.252
18.050,136.807,0.109,4,6407.024,713.864
18.060,136.831,0.109,4,6408.145,714.476
18.070,136.855,0.109,4,6409.266,715.087
18.080,136.879,0.109,4,6410.387,715.699
18.090,136.903,0.109,4,6411.507,716.311
18.100,136.927,0.109,4,6412.626,716.923
18.110,136.951,0.109,4,6413.746,717.535
18.120,136.975,0.109,4,6414.864,718.148
18.130,136.999,0.109,4,6415.983,718.760
18.140,137.023,0.109,4,6417.101,719.372
18.150,137.046,0.109,4,6418.218,719.985
18.160,137.070,0.109,4,6419.335,720.598
18.170,137.094,0.109,4,6420.452,721.211
18.180,137.118,0.109,4,6421.568,721.823
18.190,137.142,0.109,4,6422.684,722.436
18.200,137.166,0.108,4,6423.800,723.050
18.210,137.189,0.108,4,6424.915,723.663
18.220,137.213,0.108,4,6426.029,724.276
18.230,137.237,0.108,4,6427.143,724.890
18.240,137.261,0.108,4,6428.257,725.503
18.250,137.284,0.108,4,6429.370,726.117
18.260,137.308,0.108,4,6430.483,726.731
18.270,137.332,0.108,4,6431.595,727.345
18.280,137.356,0.108,4,6432.707,727.959
18.290,137.379,0.108,4,6433.819,728.573
18.300,137.403,0.108,4,6434.930,729.187
18.310,137.427,0.108,4,6436.041,729.801
18.320,137.451,0.108,4,6437.151,730.415
18.330,137.474,0.108,4,6438.261,731.030
18.340,137.498,0.108,4,6439.370,731.645
18.350,137.522,0.108,4,6440.479,732.259
18.360,137.545,0.108,4,6441.588,732.874
18.370,137.569,0.108,4,6442.696,733.489
18.380,137.593,0.108,4,6443.803,734.104
18.390,137.616,0.108,4,6444.911,734.719
18.400,137.640,0.108,4,6446.018,735.335
18.410,137.664,0.108,4,6447.124,735.950
18.420,137.687,0.108,4,6448.230,736.565
18.430,137.711,0.108,4,6449.336,737.181
18.440,137.734,0.107,4,6450.441,737.797
18.450,137.758,0.107,4,6451.545,738.412
18.460,137.782,0.107,4,6452.650,739.028
18.470,137.805,0.107,4,6453.753,739.644
18.480,137.829,0.107,4,6454.857,740.260
18.490,137.852,0.107,4,6455.960,740.877
18.500,137.876,0.107,4,6457.062,741.493
18.510,137.899,0.107,4,6458.165,742.109
18.520,137.923,0.107,4,6459.266,742.726
18.530,137.946,0.107,4,6460.368,743.342
18.540,137.970,0.107,4,6461.469,743.959
18.550,137.993,0.107,4,6462.569,744.576
18.560,138.017,0.107,4,6463.669,745.193
18.570,138.040,0.107,4,6464.769,745.810
18.580,138.064,0.107,4,6465.868,746.427
18.590,138.087,0.107,4,6466.966,747.044
18.600,138.111,0.107,4,6468.065,747.662
18.610,138.134,0.107,4,6469.163,748.279
18.620,138.158,0.107,4,6470.260,748.897
18.630,138.181,0.107,4,6471.357,749.514
18.640,138.204,0.107,4,6472.454,750.132
18.650,138.228,0.107,4,6473.550,750.750
18.660,138.251,0.107,4,6474.646,751.368
18.670,138.275,0.107,4,6475.741,751.986
18.680,138.298,0.106,4,6476.836,752.604
18.690,138.321,0.106,4,6477.930,753.223
18.700,138.345,0.106,4,6479.025,753.841
18.710,138.368,0.106,4,6480.118,754.460
18.720,138.391,0.106,4,6481.211,755.078
18.730,138.415,0.106,4,6482.304,755.697
18.740,138.438,0.106,4,6483.397,756.316
18.750,138.461,0.106,4,6484.489,756.935
18.760,138.485,0.106,4,6485.580,757.554
18.770,138.508,0.106,4,6486.671,758.173
18.780,138.531,0.106,4,6487.762,758.792
18.790,138.555,0.106,4,6488.852,759.411
18.800,138.578,0.106,4,6489.942,760.031
18.810,138.601,0.106,4,6491.031,760.650
18.820,138.624,0.106,4,6492.120,761.270
18.830,138.648,0.106,4,6493.209,761.890
18.840,138.671,0.106,4,6494.297,762.510
18.850,138.694,0.106,4,6495.385,763.130
18.860,138.717,0.106,4,6496.472,763.750
18.870,138.741,0.106,4,6497.559,764.370
18.880,138.764,0.106,4,6498.645,764.990
18.890,138.787,0.106,4,6499.731,765.610
18.900,138.810,0.106,4,6500.817,766.231
18.910,138.833,0.106,4,6501.902,766.852
18.920,138.856,0.106,4,6502.987,767.472
18.930,138.880,0.105,4,6504.071,768.093
18.940,138.903,0.105,4,6505.155,768.714
18.950,138.926,0.105,4,6506.239,769.335
18.960,138.949,0.105,4,6507.322,769.956
18.970,138.972,0.105,4,6508.404,770.577
18.980,138.995,0.105,4,6509.487,771.199
18.990,139.018,0.105,4,6510.568,771.820
19.000,139.041,0.105,4,6511.650,772.441
19.010,139.064,0.105,4,6512.731,773.063
19.020,139.088,0.105,4,6513.811,773.685
19.030,139.111,0.105,4,6514.891,774.307
19.040,139.134,0.105,4,6515.971,774.929
19.050,139.157,0.105,4,6517.050,775.551
19.060,139.180,0.105,4,6518.129,776.173
19.070,139.203,0.105,4,6519.208,776.795
19.080,139.226,0.105,4,6520.286,777.417
19.090,139.249,0.105,4,6521.363,778.040
19.100,139.272,0.105,4,6522.440,778.662
19.110,139.295,0.105,4,6523.517,779.285
19.120,139.318,0.105,4,6524.593,779.908
19.130,139.341,0.105,4,6525.669,780.531
19.140,139.364,0.105,4,6526.745,781.154
19.150,139.387,0.105,4,6527.820,781.777
19.160,139.410,0.105,4,6528.895,782.400
19.170,139.433,0.104,4,6529.969,783.023
19.180,139.455,0.104,4,6531.043,783.646
19.190,139.478,0.104,4,6532.116,784.270
19.200,139.501,0.104,4,6533.189,784.893
19.210,139.524,0.104,4,6534.262,785.517
19.220,139.547,0.104,4,6535.334,786.141
19.230,139.570,0.104,4,6536.405,786.765
19.240,139.593,0.104,4,6537.477,787.389
19.250,139.616,0.104,4,6538.548,788.013
19.260,139.639,0.104,4,6539.618,788.637
19.270,139.661,0.104,4,6540.688,789.261
19.280,139.684,0.104,4,6541.758,789.886
19.290,139.707,0.104,4,6542.827,790.510
19.300,139.730,0.104,4,6543.896,791.135
19.310,139.753,0.104,4,6544.964,791.760
19.320,139.776,0.104,4,6546.032,792.384
19.330,139.798,0.104,4,6547.099,793.009
19.340,139.821,0.104,4,6548.167,793.634
19.350,139.844,0.104,4,6549.233,794.259
19.360,139.867,0.104,4,6550.300,794.885
19.370,139.889,0.104,4,6551.365,795.510
19.380,139.912,0.104,4,6552.431,796.135
19.390,139.935,0.104,4,6553.496,796.761
19.400,139.958,0.104,4,6554.560,797.386
19.410,139.980,0.104,4,6555.625,798.012
19.420,140.003,0.103,4,6556.688,798.638
19.430,140.026,0.103,4,6557.752,799.264
19.440,140.048,0.103,4,6558.815,799.890
19.450,140.071,0.103,4,6559.877,800.516
19.460,140.094,0.103,4,6560.939,801.142
19.470,140.117,0.103,4,6562.001,801.769
19.480,140.139,0.103,4,6563.062,802.395
19.490,140.162,0.103,4,6564.123,803.022
19.500,140.184,0.103,4,6565.184,803.648
19.510,140.207,0.103,4,6566.244,804.275
19.520,140.230,0.103,4,6567.303,804.902
19.530,140.252,0.103,4,6568.362,805.529
19.540,140.275,0.103,4,6569.421,806.156
19.550,140.298,0.103,4,6570.479,806.783
19.560,140.320,0.103,4,6571.537,807.410
19.570,140.343,0.103,4,6572.595,808.037
19.580,140.365,0.103,4,6573.652,808.665
19.590,140.388,0.103,4,6574.709,809.292
19.600,140.410,0.103,4,6575.765,809.920
19.610,140.433,0.103,4,6576.821,810.548
19.620,140.455,0.103,4,6577.876,811.176
19.630,140.478,0.103,4,6578.931,811.804
19.640,140.501,0.103,4,6579.986,812.432
19.650,140.523,0.103,4,6581.040,813.060
19.660,140.546,0.102,4,6582.094,813.688
19.670,140.568,0.102,4,6583.147,814.316
19.680,140.591,0.102,4,6584.200,814.945
19.690,140.613,0.102,4,6585.253,815.573
19.700,140.635,0.102,4,6586.305,816.202
19.710,140.658,0.102,4,6587.356,816.831
19.720,140.680,0.102,4,6588.408,817.460
19.730,140.703,0.102,4,6589.459,818.088
19.740,140.725,0.102,4,6590.509,818.718
19.750,140.748,0.102,4,6591.559,819.347
19.760,140.770,0.102,4,6592.609,819.976
19.770,140.792,0.102,4,6593.658,820.605
19.780,140.815,0.102,4,6594.707,821.235
19.790,140.837,0.102,4,6595.755,821.864
19.800,140.860,0.102,4,6596.803,822.494
19.810,140.882,0.102,4,6597.851,823.124
19.820,140.904,0.102,4,6598.898,823.753
19.830,140.927,0.102,4,6599.945,824.383
19.840,140.949,0.102,4,6600.991,825.013
19.850,140.971,0.102,4,6602.037,825.644
19.860,140.994,0.102,4,6603.082,826.274
19.870,141.016,0.102,4,6604.127,826.904
19.880,141.038,0.102,4,6605.172,827.535
19.890,141.061,0.102,4,6606.216,828.165
19.900,141.083,0.102,4,6607.260,828.796
19.910,141.105,0.101,4,6608.303,829.427
19.920,141.127,0.101,4,6609.347,830.057
19.930,141.150,0.101,4,6610.389,830.688
19.940,141.172,0.101,4,6611.431,831.319
19.950,141.194,0.101,4,6612.473,831.951
19.960,141.216,0.101,4,6613.514,832.582
19.970,141.239,0.101,4,6614.555,833.213
19.980,141.261,0.101,4,6615.596,833.845
19.990,141.283,0.101,4,6616.636,834.476
20.000,141.305,0.101,4,6617.676,835.108
20.010,141.328,0.101,4,6618.715,835.740
20.020,141.350,0.101,4,6619.754,836.371
20.030,141.372,0.101,4,6620.792,837.003
20.040,141.394,0.101,4,6621.831,837.635
20.050,141.416,0.101,4,6622.868,838.267
20.060,141.438,0.101,4,6623.905,838.900
20.070,141.460,0.101,4,6624.942,839.532
20.080,141.483,0.101,4,6625.979,840.164
20.090,141.505,0.101,4,6627.015,840.797
20.100,141.527,0.101,4,6628.050,841.430
20.110,141.549,0.101,4,6629.086,842.062
20.120,141.571,0.101,4,6630.120,842.695
20.130,141.593,0.101,4,6631.155,843.328
20.140,141.615,0.101,4,6632.189,843.961
20.150,141.637,0.101,4,6633.222,844.594
20.160,141.659,0.100,4,6634.255,845.228
20.170,141.681,0.100,4,6635.288,845.861
20.180,141.703,0.100,4,6636.320,846.494
20.190,141.725,0.100,4,6637.352,847.128
20.200,141.747,0.100,4,6638.384,847.761
20.210,141.770,0.100,4,6639.415,848.395
20.220,141.792,0.100,4,6640.446,849.029
20.230,141.814,0.100,4,6641.476,849.663
20.240,141.836,0.100,4,6642.506,850.297
20.250,141.857,0.100,4,6643.535,850.931
20.260,141.879,0.100,4,6644.564,851.565
20.270,141.901,0.100,4,6645.593,852.199
20.280,141.923,0.100,4,6646.621,852.834
20.290,141.945,0.100,4,6647.649,853.468
20.300,141.967,0.100,4,6648.676,854.103
20.310,141.989,0.100,4,6649.703,854.738
20.320,142.011,0.100,4,6650.730,855.372
20.330,142.033,0.100,4,6651.756,856.007
20.340,142.055,0.100,4,6652.782,856.642
20.350,142.077,0.100,4,6653.807,857.277
20.360,142.099,0.100,4,6654.832,857.913
20.370,142.121,0.100,4,6655.857,858.548
20.380,142.142,0.100,4,6656.881,859.183
20.390,142.164,0.100,4,6657.905,859.819
20.400,142.186,0.100,4,6658.928,860.454
20.410,142.208,0.099,4,6659.951,861.090
20.420,142.230,0.099,4,6660.973,861.726
20.430,142.252,0.099,4,6661.995,862.362
20.440,142.273,0.099,4,6663.017,862.998
20.450,142.295,0.099,4,6664.038,863.634
20.460,142.317,0.099,4,6665.059,864.270
20.470,142.339,0.099,4,6666.080,864.906
20.480,142.361,0.099,4,6667.100,865.543
20.490,142.382,0.099,4,6668.119,866.179
20.500,142.404,0.099,4,6669.139,866.816
20.510,142.426,0.099,4,6670.158,867.452
20.520,142.448,0.099,4,6671.176,868.089
20.530,142.469,0.099,4,6672.194,868.726
20.540,142.491,0.099,4,6673.212,869.363
20.550,142.513,0.099,4,6674.229,870.000
20.560,142.535,0.099,4,6675.246,870.637
20.570,142.556,0.099,4,6676.262,871.274
20.580,142.578,0.099,4,6677.278,871.911
20.590,142.600,0.099,4,6678.294,872.549
20.600,142.621,0.099,4,6679.309,873.186
20.610,142.643,0.099,4,6680.324,873.824
20.620,142.665,0.099,4,6681.338,874.462
20.630,142.686,0.099,4,6682.352,875.100
20.640,142.708,0.099,4,6683.366,875.737
20.650,142.730,0.099,4,6684.379,876.375
20.660,142.751,0.099,4,6685.391,877.014
20.670,142.773,0.098,4,6686.404,877.652
20.680,142.794,0.098,4,6687.416,878.290
20.690,142.816,0.098,4,6688.427,878.928
20.700,142.838,0.098,4,6689.438,879.567
20.710,142.859,0.098,4,6690.449,880.206
20.720,142.881,0.098,4,6691.459,880.844
20.730,142.902,0.098,4,6692.469,881.483
20.740,142.924,0.098,4,6693.479,882.122
20.750,142.945,0.098,4,6694.488,882.761
20.760,142.967,0.098,4,6695.497,883.400
20.770,142.989,0.098,4,6696.505,884.039
20.780,143.010,0.098,4,6697.513,884.678
20.790,143.032,0.098,4,6698.520,885.318
20.800,143.053,0.098,4,6699.527,885.957
20.810,143.075,0.098,4,6700.534,886.597
20.820,143.096,0.098,4,6701.540,887.236
20.830,143.118,0.098,4,6702.546,887.876
20.840,143.139,0.098,4,6703.552,888.516
20.850,143.160,0.098,4,6704.557,889.156
20.860,143.182,0.098,4,6705.562,889.796
20.870,143.203,0.098,4,6706.566,890.436
20.880,143.225,0.098,4,6707.570,891.076
20.890,143.246,0.098,4,6708.573,891.717
20.900,143.268,0.098,4,6709.576,892.357
20.910,143.289,0.098,4,6710.579,892.998
20.920,143.310,0.097,4,6711.581,893.638
20.930,143.332,0.097,4,6712.583,894.279
20.940,143.353,0.097,4,6713.584,894.920
20.950,143.375,0.097,4,6714.585,895.561
20.960,143.396,0.097,4,6715.586,896.202
20.970,143.417,0.097,4,6716.586,896.843
20.980,143.439,0.097,4,6717.586,897.484
20.990,143.460,0.097,4,6718.586,898.125
21.000,143.481,0.097,4,6719.585,898.766
21.010,143.503,0.097,4,6720.583,899.408
21.020,143.524,0.097,4,6721.582,900.049
21.030,143.545,0.097,4,6722.579,900.691
21.040,143.567,0.097,4,6723.577,901.333
21.050,143.588,0.097,4,6724.574,901.975
21.060,143.609,0.097,4,6725.570,902.617
21.070,143.630,0.097,4,6726.567,903.259
21.080,143.652,0.097,4,6727.562,903.901
21.090,143.673,0.097,4,6728.558,904.543
21.100,143.694,0.097,4,6729.553,905.185
21.110,143.715,0.097,4,6730.548,905.828
21.120,143.737,0.097,4,6731.542,906.470
21.130,143.758,0.097,4,6732.536,907.113
21.140,143.779,0.097,4,6733.529,907.756
21.150,143.800,0.097,4,6734.522,908.398
21.160,143.822,0.097,4,6735.515,909.041
21.170,143.843,0.097,4,6736.507,909.684
21.180,143.864,0.096,4,6737.499,910.327
21.190,143.885,0.096,4,6738.490,910.971
21.200,143.906,0.096,4,6739.481,911.614
21.210,143.927,0.096,4,6740.472,912.257
21.220,143.948,0.096,4,6741.462,912.901
21.230,143.970,0.096,4,6742.452,913.544
21.240,143.991,0.096,4,6743.441,914.188
21.250,144.012,0.096,4,6744.430,914.832
21.260,144.033,0.096,4,6745.419,915.475
21.270,144.054,0.096,4,6746.407,916.119
21.280,144.075,0.096,4,6747.395,916.763
21.290,144.096,0.096,4,6748.382,917.408
21.300,144.117,0.096,4,6749.369,918.052
21.310,144.138,0.096,4,6750.356,918.696
21.320,144.159,0.096,4,6751.342,919.340
21.330,144.181,0.096,4,6752.328,919.985
21.340,144.202,0.096,4,6753.313,920.630
21.350,144.223,0.096,4,6754.298,921.274
21.360,144.244,0.096,4,6755.283,921.919
21.370,144.265,0.096,4,6756.267,922.564
21.380,144.286,0.096,4,6757.251,923.209
21.390,144.307,0.096,4,6758.235,923.854
21.400,144.328,0.096,4,6759.218,924.499
21.410,144.349,0.096,4,6760.200,925.144
21.420,144.370,0.096,4,6761.183,925.790
21.430,144.391,0.095,4,6762.164,926.435
21.440,144.412,0.095,4,6763.146,927.081
21.450,144.432,0.095,4,6764.127,927.726
21.460,144.453,0.095,4,6765.108,928.372
21.470,144.474,0.095,4,6766.088,929.018
21.480,144.495,0.095,4,6767.068,929.664
21.490,144.516,0.095,4,6768.047,930.310
21.500,144.537,0.095,4,6769.026,930.956
21.510,144.558,0.095,4,6770.005,931.602
21.520,144.579,0.095,4,6770.983,932.248
21.530,144.600,0.095,4,6771.961,932.895
21.540,144.621,0.095,4,6772.939,933.541
21.550,144.641,0.095,4,6773.916,934.188
21.560,144.662,0.095,4,6774.892,934.834
21.570,144.683,0.095,4,6775.869,935.481
21.580,144.704,0.095,4,6776.845,936.128
21.590,144.725,0.095,4,6777.820,936.775
21.600,144.746,0.095,4,6778.795,937.422
21.610,144.766,0.095,4,6779.770,938.069
21.620,144.787,0.095,4,6780.744,938.716
21.630,144.808,0.095,4,6781.718,939.363
21.640,144.829,0.095,4,6782.692,940.011
21.650,144.850,0.095,4,6783.665,940.658
21.660,144.870,0.095,4,6784.638,941.306
21.670,144.891,0.095,4,6785.610,941.954
21.680,144.912,0.095,4,6786.582,942.601
21.690,144.933,0.094,4,6787.553,943.249
21.700,144.953,0.094,4,6788.525,943.897
21.710,144.974,0.094,4,6789.495,944.545
21.720,144.995,0.094,4,6790.466,945.193
21.730,145.016,0.094,4,6791.436,945.842
21.740,145.036,0.094,4,6792.405,946.490
21.750,145.057,0.094,4,6793.374,947.138
21.760,145.078,0.094,4,6794.343,947.787
21.770,145.098,0.094,4,6795.312,948.435
21.780,145.119,0.094,4,6796.280,949.084
21.790,145.140,0.094,4,6797.247,949.733
21.800,145.160,0.094,4,6798.215,950.382
21.810,145.181,0.094,4,6799.181,951.031
21.820,145.202,0.094,4,6800.148,951.680
21.830,145.222,0.094,4,6801.114,952.329
21.840,145.243,0.094,4,6802.079,952.978
21.850,145.263,0.094,4,6803.045,953.628
21.860,145.284,0.094,4,6804.010,954.277
21.870,145.305,0.094,4,6804.974,954.926
21.880,145.325,0.094,4,6805.938,955.576
21.890,145.346,0.094,4,6806.902,956.226
21.900,145.366,0.094,4,6807.865,956.876
21.910,145.387,0.094,4,6808.828,957.525
21.920,145.407,0.094,4,6809.790,958.175
21.930,145.428,0.094,4,6810.753,958.826
21.940,145.449,0.094,4,6811.714,959.476
21.950,145.469,0.094,4,6812.676,960.126
21.960,145.490,0.093,4,6813.637,960.776
21.970,145.510,0.093,4,6814.597,961.427
21.980,145.531,0.093,4,6815.557,962.077
21.990,145.551,0.093,4,6816.517,962.728
22.000,145.572,0.093,4,6817.476,963.379
22.010,145.592,0.093,4,6818.435,964.029
22.020,145.613,0.093,4,6819.394,964.680
22.030,145.633,0.093,4,6820.352,965.331
22.040,145.653,0.093,4,6821.310,965.982
22.050,145.674,0.093,4,6822.267,966.634
22.060,145.694,0.093,4,6823.224,967.285
22.070,145.715,0.093,4,6824.181,967.936
22.080,145.735,0.093,4,6825.137,968.588
22.090,145.756,0.093,4,6826.093,969.239
22.100,145.776,0.093,4,6827.049,969.891
22.110,145.796,0.093,4,6828.004,970.543
22.120,145.817,0.093,4,6828.958,971.194
22.130,145.837,0.093,4,6829.913,971.846
22.140,145.858,0.093,4,6830.867,972.498
22.150,145.878,0.093,4,6831.820,973.150
22.160,145.898,0.093,4,6832.773,973.803
22.170,145.919,0.093,4,6833.726,974.455
22.180,145.939,0.093,4,6834.678,975.107
22.190,145.959,0.093,4,6835.630,975.760
22.200,145.980,0.093,4,6836.582,976.412
22.210,146.000,0.093,4,6837.533,977.065
22.220,146.020,0.092,4,6838.484,977.717
22.230,146.040,0.092,4,6839.434,978.370
22.240,146.061,0.092,4,6840.384,979.023
22.250,146.081,0.092,4,6841.334,979.676
22.260,146.101,0.092,4,6842.283,980.329
22.270,146.122,0.092,4,6843.232,980.982
22.280,146.142,0.092,4,6844.180,981.636
22.290,146.162,0.092,4,6845.128,982.289
22.300,146.182,0.092,4,6846.076,982.943
22.310,146.203,0.092,4,6847.023,983.596
22.320,146.223,0.092,4,6847.970,984.250
22.330,146.243,0.092,4,6848.917,984.903
22.340,146.263,0.092,4,6849.863,985.557
22.350,146.283,0.092,4,6850.809,986.211
22.360,146.304,0.092,4,6851.754,986.865
22.370,146.324,0.092,4,6852.699,987.519
22.380,146.344,0.092,4,6853.643,988.173
22.390,146.364,0.092,4,6854.588,988.828
22.400,146.384,0.092,4,6855.531,989.482
22.410,146.404,0.092,4,6856.475,990.136
22.420,146.424,0.092,4,6857.418,990.791
22.430,146.445,0.092,4,6858.360,991.446
22.440,146.465,0.092,4,6859.303,992.100
22.450,146.485,0.092,4,6860.245,992.755
22.460,146.505,0.092,4,6861.186,993.410
22.470,146.525,0.092,4,6862.127,994.065
22.480,146.545,0.091,4,6863.068,994.720
22.490,146.565,0.091,4,6864.008,995.375
22.500,146.585,0.091,4,6864.948,996.030
22.510,146.605,0.091,4,6865.888,996.686
22.520,146.625,0.091,4,6866.827,997.341
22.530,146.645,0.091,4,6867.766,997.997
22.540,146.665,0.091,4,6868.704,998.652
22.550,146.685,0.091,4,6869.642,999.308
22.560,146.706,0.091,4,6870.580,999.964
22.570,146.726,0.091,4,6871.517,1000.620
22.580,146.746,0.091,4,6872.454,1001.276
22.590,146.766,0.091,4,6873.390,1001.932
22.600,146.786,0.091,4,6874.326,1002.588
22.610,146.805,0.091,4,6875.262,1003.244
22.620,146.825,0.091,4,6876.197,1003.900
22.630,146.845,0.091,4,6877.132,1004.557
22.640,146.865,0.091,4,6878.067,1005.213
22.650,146.885,0.091,4,6879.001,1005.870
22.660,146.905,0.091,4,6879.934,1006.527
22.670,146.925,0.091,4,6880.868,1007.183
22.680,146.945,0.091,4,6881.801,1007.840
22.690,146.965,0.091,4,6882.733,1008.497
22.700,146.985,0.091,4,6883.666,1009.154
22.710,147.005,0.091,4,6884.598,1009.811
22.720,147.025,0.091,4,6885.529,1010.469
22.730,147.045,0.091,4,6886.460,1011.126
22.740,147.064,0.091,4,6887.391,1011.783
22.750,147.084,0.090,4,6888.321,1012.441
22.760,147.104,0.090,4,6889.251,1013.098
22.770,147.124,0.090,4,6890.181,1013.756
22.780,147.144,0.090,4,6891.110,1014.414
22.790,147.164,0.090,4,6892.038,1015.071
22.800,147.184,0.090,4,6892.967,1015.729
22.810,147.203,0.090,4,6893.895,1016.387
22.820,147.223,0.090,4,6894.822,1017.046
22.830,147.243,0.090,4,6895.750,1017.704
22.840,147.263,0.090,4,6896.677,1018.362
22.850,147.283,0.090,4,6897.603,1019.020
22.860,147.302,0.090,4,6898.529,1019.679
22.870,147.322,0.090,4,6899.455,1020.337
22.880,147.342,0.090,4,6900.380,1020.996
22.890,147.362,0.090,4,6901.305,1021.655
22.900,147.381,0.090,4,6902.230,1022.314
22.910,147.401,0.090,4,6903.154,1022.972
22.920,147.421,0.090,4,6904.078,1023.631
22.930,147.440,0.090,4,6905.001,1024.290
22.940,147.460,0.090,4,6905.924,1024.950
22.950,147.480,0.090,4,6906.847,1025.609
22.960,147.500,0.090,4,6907.769,1026.268
22.970,147.519,0.090,4,6908.691,1026.928
22.980,147.539,0.090,4,6909.612,1027.587
22.990,147.559,0.090,4,6910.534,1028.247
23.000,147.578,0.090,4,6911.454,1028.906
23.010,147.598,0.090,4,6912.375,1029.566
23.020,147.618,0.089,4,6913.295,1030.226
23.030,147.637,0.089,4,6914.214,1030.886
23.040,147.657,0.089,4,6915.134,1031.546
23.050,147.676,0.089,4,6916.052,1032.206
23.060,147.696,0.089,4,6916.971,1032.866
23.070,147.716,0.089,4,6917.889,1033.527
23.080,147.735,0.089,4,6918.807,1034.187
23.090,147.755,0.089,4,6919.724,1034.848
23.100,147.774,0.089,4,6920.641,1035.508
23.110,147.794,0.089,4,6921.557,1036.169
23.120,147.814,0.089,4,6922.474,1036.830
23.130,147.833,0.089,4,6923.389,1037.490
23.140,147.853,0.089,4,6924.305,1038.151
23.150,147.872,0.089,4,6925.220,1038.812
23.160,147.892,0.089,4,6926.135,1039.473
23.170,147.911,0.089,4,6927.049,1040.135
23.180,147.931,0.089,4,6927.963,1040.796
23.190,147.950,0.089,4,6928.876,1041.457
23.200,147.970,0.089,4,6929.790,1042.119
23.210,147.989,0.089,4,6930.702,1042.780
23.220,148.009,0.089,4,6931.615,1043.442
23.230,148.028,0.089,4,6932.527,1044.103
23.240,148.048,0.089,4,6933.438,1044.765
23.250,148.067,0.089,4,6934.350,1045.427
23.260,148.087,0.089,4,6935.261,1046.089
23.270,148.106,0.089,4,6936.171,1046.751
23.280,148.125,0.089,4,6937.081,1047.413
23.290,148.145,0.088,4,6937.991,1048.076
23.300,148.164,0.088,4,6938.900,1048.738
23.310,148.184,0.088,4,6939.809,1049.400
23.320,148.203,0.088,4,6940.718,1050.063
23.330,148.223,0.088,4,6941.626,1050.725
23.340,148.242,0.088,4,6942.534,1051.388
23.350,148.261,0.088,4,6943.441,1052.051
23.360,148.281,0.088,4,6944.349,1052.713
23.370,148.300,0.088,4,6945.255,1053.376
23.380,148.319,0.088,4,6946.162,1054.039
23.390,148.339,0.088,4,6947.068,1054.702
23.400,148.358,0.088,4,6947.973,1055.366
23.410,148.377,0.088,4,6948.878,1056.029
23.420,148.397,0.088,4,6949.783,1056.692
23.430,148.416,0.088,4,6950.688,1057.356
23.440,148.435,0.088,4,6951.592,1058.019
23.450,148.455,0.088,4,6952.496,1058.683
23.460,148.474,0.088,4,6953.399,1059.347
23.470,148.493,0.088,4,6954.302,1060.010
23.480,148.512,0.088,4,6955.205,1060.674
23.490,148.532,0.088,4,6956.107,1061.338
23.500,148.551,0.088,4,6957.009,1062.002
23.510,148.570,0.088,4,6957.910,1062.666
23.520,148.589,0.088,4,6958.811,1063.331
23.530,148.609,0.088,4,6959.712,1063.995
23.540,148.628,0.088,4,6960.612,1064.659
23.550,148.647,0.088,4,6961.512,1065.324
23.560,148.666,0.087,4,6962.412,1065.988
23.570,148.686,0.087,4,6963.311,1066.653
23.580,148.705,0.087,4,6964.210,1067.318
23.590,148.724,0.087,4,6965.108,1067.982
23.600,148.743,0.087,4,6966.006,1068.647
23.610,148.762,0.087,4,6966.904,1069.312
23.620,148.781,0.087,4,6967.801,1069.977
23.630,148.801,0.087,4,6968.698,1070.642
23.640,148.820,0.087,4,6969.595,1071.308
23.650,148.839,0.087,4,6970.491,1071.973
23.660,148.858,0.087,4,6971.387,1072.638
23.670,148.877,0.087,4,6972.283,1073.304
23.680,148.896,0.087,4,6973.178,1073.970
23.690,148.915,0.087,4,6974.072,1074.635
23.700,148.934,0.087,4,6974.967,1075.301
23.710,148.954,0.087,4,6975.861,1075.967
23.720,148.973,0.087,4,6976.754,1076.633
23.730,148.992,0.087,4,6977.647,1077.299
23.740,149.011,0.087,4,6978.540,1077.965
23.750,149.030,0.087,4,6979.433,1078.631
23.760,149.049,0.087,4,6980.325,1079.297
23.770,149.068,0.087,4,6981.217,1079.964
23.780,149.087,0.087,4,6982.108,1080.630
23.790,149.106,0.087,4,6982.999,1081.297
23.800,149.125,0.087,4,6983.890,1081.963
23.810,149.144,0.087,4,6984.780,1082.630
23.820,149.163,0.087,4,6985.670,1083.297
23.830,149.182,0.087,4,6986.559,1083.964
23.840,149.201,0.086,4,6987.448,1084.630
23.850,149.220,0.086,4,6988.337,1085.297
23.860,149.239,0.086,4,6989.226,1085.965
23.870,149.258,0.086,4,6990.114,1086.632
23.880,149.277,0.086,4,6991.001,1087.299
23.890,149.296,0.086,4,6991.889,1087.966
23.900,149.315,0.086,4,6992.775,1088.634
23.910,149.334,0.086,4,6993.662,1089.301
23.920,149.353,0.086,4,6994.548,1089.969
23.930,149.371,0.086,4,6995.434,1090.637
23.940,149.390,0.086,4,6996.319,1091.305
23.950,149.409,0.086,4,6997.204,1091.972
23.960,149.428,0.086,4,6998.089,1092.640
23.970,149.447,0.086,4,6998.973,1093.308
23.980,149.466,0.086,4,6999.857,1093.977
23.990,149.485,0.086,4,7000.741,1094.645
24.000,149.504,0.086,4,7001.624,1095.313
24.010,149.523,0.086,4,7002.507,1095.981
24.020,149.541,0.086,4,7003.389,1096.650
24.030,149.560,0.086,4,7004.272,1097.318
24.040,149.579,0.086,4,7005.153,1097.987
24.050,149.598,0.086,4,7006.035,1098.656
24.060,149.617,0.086,4,7006.916,1099.325
24.070,149.635,0.086,4,7007.796,1099.994
24.080,149.654,0.086,4,7008.676,1100.662
24.090,149.673,0.086,4,7009.556,1101.332
24.100,149.692,0.086,4,7010.436,1102.001
24.110,149.711,0.086,4,7011.315,1102.670
24.120,149.729,0.085,4,7012.194,1103.339
24.130,149.748,0.085,4,7013.072,1104.009
24.140,149.767,0.085,4,7013.950,1104.678
24.150,149.786,0.085,4,7014.828,1105.348
24.160,149.804,0.085,4,7015.705,1106.017
24.170,149.823,0.085,4,7016.582,1106.687
24.180,149.842,0.085,4,7017.459,1107.357
24.190,149.860,0.085,4,7018.335,1108.027
24.200,149.879,0.085,4,7019.211,1108.697
24.210,149.898,0.085,4,7020.086,1109.367
24.220,149.917,0.085,4,7020.961,1110.037
24.230,149.935,0.085,4,7021.836,1110.707
24.240,149.954,0.085,4,7022.710,1111.377
24.250,149.973,0.085,4,7023.584,1112.048
24.260,149.991,0.085,4,7024.458,1112.718
24.270,150.010,0.085,4,7025.331,1113.389
24.280,150.029,0.085,4,7026.204,1114.060
24.290,150.047,0.085,4,7027.076,1114.730
24.300,150.066,0.085,4,7027.949,1115.401
24.310,150.084,0.085,4,7028.820,1116.072
24.320,150.103,0.085,4,7029.692,1116.743
24.330,150.122,0.085,4,7030.563,1117.414
24.340,150.140,0.085,4,7031.433,1118.085
24.350,150.159,0.085,4,7032.304,1118.756
24.360,150.177,0.085,4,7033.174,1119.428
24.370,150.196,0.085,4,7034.043,1120.099
24.380,150.214,0.085,4,7034.912,1120.771
24.390,150.233,0.085,4,7035.781,1121.442
24.400,150.252,0.084,4,7036.650,1122.114
24.410,150.270,0.084,4,7037.518,1122.785
24.420,150.289,0.084,4,7038.386,1123.457
24.430,150.307,0.084,4,7039.253,1124.129
24.440,150.326,0.084,4,7040.120,1124.801
24.450,150.344,0.084,4,7040.987,1125.473
24.460,150.363,0.084,4,7041.853,1126.145
24.470,150.381,0.084,4,7042.719,1126.818
24.480,150.400,0.084,4,7043.585,1127.490
24.490,150.418,0.084,4,7044.450,1128.162
24.500,150.437,0.084,4,7045.315,1128.835
24.510,150.455,0.084,4,7046.179,1129.507
24.520,150.473,0.084,4,7047.043,1130.180
24.530,150.492,0.084,4,7047.907,1130.853
24.540,150.510,0.084,4,7048.770,1131.525
24.550,150.529,0.084,4,7049.633,1132.198
24.560,150.547,0.084,4,7050.496,1132.871
24.570,150.566,0.084,4,7051.358,1133.544
24.580,150.584,0.084,4,7052.220,1134.217
24.590,150.602,0.084,4,7053.082,1134.891
24.600,150.621,0.084,4,7053.943,1135.564
24.610,150.639,0.084,4,7054.804,1136.237
24.620,150.658,0.084,4,7055.664,1136.911
24.630,150.676,0.084,4,7056.524,1137.584
24.640,150.694,0.084,4,7057.384,1138.258
24.650,150.713,0.084,4,7058.243,1138.932
24.660,150.731,0.084,4,7059.102,1139.605
24.670,150.749,0.084,4,7059.961,1140.279
24.680,150.768,0.083,4,7060.819,1140.953
24.690,150.786,0.083,4,7061.677,1141.627
24.700,150.804,0.083,4,7062.535,1142.301
24.710,150.823,0.083,4,7063.392,1142.976
24.720,150.841,0.083,4,7064.249,1143.650
24.730,150.859,0.083,4,7065.105,1144.324
24.740,150.877,0.083,4,7065.961,1144.999
24.750,150.896,0.083,4,7066.817,1145.673
24.760,150.914,0.083,4,7067.672,1146.348
24.770,150.932,0.083,4,7068.527,1147.022
24.780,150.950,0.083,4,7069.382,1147.697
24.790,150.969,0.083,4,7070.236,1148.372
24.800,150.987,0.083,4,7071.090,1149.047
24.810,151.005,0.083,4,7071.944,1149.722
24.820,151.023,0.083,4,7072.797,1150.397
24.830,151.042,0.083,4,7073.650,1151.072
24.840,151.060,0.083,4,7074.502,1151.748
24.850,151.078,0.083,4,7075.355,1152.423
24.860,151.096,0.083,4,7076.206,1153.098
24.870,151.114,0.083,4,7077.058,1153.774
24.880,151.133,0.083,4,7077.909,1154.449
24.890,151.151,0.083,4,7078.760,1155.125
24.900,151.169,0.083,4,7079.610,1155.801
24.910,151.187,0.083,4,7080.460,1156.477
24.920,151.205,0.083,4,7081.309,1157.153
24.930,151.223,0.083,4,7082.159,1157.829
24.940,151.241,0.083,4,7083.008,1158.505
24.950,151.260,0.083,4,7083.856,1159.181
24.960,151.278,0.082,4,7084.704,1159.857
24.970,151.296,0.082,4,7085.552,1160.533
24.980,151.314,0.082,4,7086.400,1161.210
24.990,151.332,0.082,4,7087.247,1161.886
25.000,151.350,0.082,4,7088.093,1162.563
25.010,151.368,0.082,4,7088.940,1163.239
25.020,151.386,0.082,4,7089.786,1163.916
25.030,151.404,0.082,4,7090.631,1164.593
25.040,151.422,0.082,4,7091.477,1165.270
25.050,151.440,0.082,4,7092.322,1165.947
25.060,151.458,0.082,4,7093.166,1166.624
25.070,151.476,0.082,4,7094.010,1167.301
25.080,151.494,0.082,4,7094.854,1167.978
25.090,151.512,0.082,4,7095.698,1168.655
25.100,151.530,0.082,4,7096.541,1169.333
25.110,151.548,0.082,4,7097.384,1170.010
25.120,151.566,0.082,4,7098.226,1170.688
25.130,151.584,0.082,4,7099.068,1171.365
25.140,151.602,0.082,4,7099.910,1172.043
25.150,151.620,0.082,4,7100.751,1172.721
25.160,151.638,0.082,4,7101.592,1173.399
25.170,151.656,0.082,4,7102.433,1174.076
25.180,151.674,0.082,4,7103.273,1174.754
25.190,151.692,0.082,4,7104.113,1175.433
25.200,151.710,0.082,4,7104.953,1176.111
25.210,151.728,0.082,4,7105.792,1176.789
25.220,151.746,0.082,4,7106.631,1177.467
25.230,151.764,0.082,4,7107.469,1178.146
25.240,151.782,0.082,4,7108.307,1178.824
25.250,151.800,0.081,4,7109.145,1179.503
25.260,151.817,0.081,4,7109.983,1180.181
25.270,151.835,0.081,4,7110.820,1180.860
25.280,151.853,0.081,4,7111.656,1181.539
25.290,151.871,0.081,4,7112.493,1182.218
25.300,151.889,0.081,4,7113.329,1182.897
25.310,151.907,0.081,4,7114.164,1183.576
25.320,151.925,0.081,4,7115.000,1184.255
25.330,151.942,0.081,4,7115.835,1184.934
25.340,151.960,0.081,4,7116.669,1185.613
25.350,151.978,0.081,4,7117.503,1186.293
25.360,151.996,0.081,4,7118.337,1186.972
25.370,152.014,0.081,4,7119.171,1187.652
25.380,152.031,0.081,4,7120.004,1188.331
25.390,152.049,0.081,4,7120.837,1189.011
25.400,152.067,0.081,4,7121.669,1189.691
25.410,152.085,0.081,4,7122.501,1190.371
25.420,152.102,0.081,4,7123.333,1191.050
25.430,152.120,0.081,4,7124.165,1191.730
25.440,152.138,0.081,4,7124.996,1192.411
25.450,152.156,0.081,4,7125.826,1193.091
25.460,152.173,0.081,4,7126.657,1193.771
25.470,152.191,0.081,4,7127.487,1194.451
25.480,152.209,0.081,4,7128.316,1195.132
25.490,152.227,0.081,4,7129.145,1195.812
25.500,152.244,0.081,4,7129.974,1196.493
25.510,152.262,0.081,4,7130.803,1197.173
25.520,152.280,0.081,4,7131.631,1197.854
25.530,152.297,0.081,4,7132.459,1198.535
25.540,152.315,0.080,4,7133.286,1199.216
25.550,152.333,0.080,4,7134.114,1199.897
25.560,152.350,0.080,4,7134.940,1200.578
25.570,152.368,0.080,4,7135.767,1201.259
25.580,152.386,0.080,4,7136.593,1201.940
25.590,152.403,0.080,4,7137.419,1202.621
25.600,152.421,0.080,4,7138.244,1203.303
25.610,152.438,0.080,4,7139.069,1203.984
25.620,152.456,0.080,4,7139.894,1204.665
25.630,152.474,0.080,4,7140.718,1205.347
25.640,152.491,0.080,4,7141.542,1206.029
25.650,152.509,0.080,4,7142.366,1206.710
25.660,152.526,0.080,4,7143.189,1207.392
25.670,152.544,0.080,4,7144.012,1208.074
25.680,152.562,0.080,4,7144.834,1208.756
25.690,152.579,0.080,4,7145.656,1209.438
25.700,152.597,0.080,4,7146.478,1210.120
25.710,152.614,0.080,4,7147.300,1210.802
25.720,152.632,0.080,4,7148.121,1211.485
25.730,152.649,0.080,4,7148.942,1212.167
25.740,152.667,0.080,4,7149.762,1212.850
25.750,152.684,0.080,4,7150.582,1213.532
25.760,152.702,0.080,4,7151.402,1214.215
25.770,152.719,0.080,4,7152.221,1214.897
25.780,152.737,0.080,4,7153.041,1215.580
25.790,152.754,0.080,4,7153.859,1216.263
25.800,152.772,0.080,4,7154.678,1216.946
25.810,152.789,0.080,4,7155.496,1217.629
25.820,152.807,0.080,4,7156.313,1218.312
25.830,152.824,0.079,4,7157.130,1218.995
25.840,152.842,0.079,4,7157.947,1219.678
25.850,152.859,0.079,4,7158.764,1220.362
25.860,152.876,0.079,4,7159.580,1221.045
25.870,152.894,0.079,4,7160.396,1221.728
25.880,152.911,0.079,4,7161.212,1222.412
25.890,152.929,0.079,4,7162.027,1223.096
25.900,152.946,0.079,4,7162.842,1223.779
25.910,152.963,0.079,4,7163.656,1224.463
25.920,152.981,0.079,4,7164.470,1225.147
25.930,152.998,0.079,4,7165.284,1225.831
25.940,153.016,0.079,4,7166.098,1226.515
25.950,153.033,0.079,4,7166.911,1227.199
25.960,153.050,0.079,4,7167.723,1227.883
25.970,153.068,0.079,4,7168.536,1228.567
25.980,153.085,0.079,4,7169.348,1229.252
25.990,153.102,0.079,4,7170.160,1229.936
26.000,153.120,0.079,4,7170.971,1230.620
26.010,153.137,0.079,4,7171.782,1231.305
26.020,153.154,0.079,4,7172.593,1231.990
26.030,153.172,0.079,4,7173.403,1232.674
26.040,153.189,0.079,4,7174.213,1233.359
26.050,153.206,0.079,4,7175.023,1234.044
26.060,153.223,0.079,4,7175.832,1234.729
26.070,153.241,0.079,4,7176.641,1235.414
26.080,153.258,0.079,4,7177.449,1236.099
26.090,153.275,0.079,4,7178.258,1236.784
26.100,153.293,0.079,4,7179.065,1237.469
26.110,153.310,0.079,4,7179.873,1238.155
26.120,153.327,0.079,4,7180.680,1238.840
26.130,153.344,0.078,4,7181.487,1239.526
26.140,153.361,0.078,4,7182.294,1240.211
26.150,153.379,0.078,4,7183.100,1240.897
26.160,153.396,0.078,4,7183.905,1241.582
26.170,153.413,0.078,4,7184.711,1242.268
26.180,153.430,0.078,4,7185.516,1242.954
26.190,153.447,0.078,4,7186.321,1243.640
26.200,153.465,0.078,4,7187.125,1244.326
26.210,153.482,0.078,4,7187.929,1245.012
26.220,153.499,0.078,4,7188.733,1245.698
26.230,153.516,0.078,4,7189.536,1246.384
26.240,153.533,0.078,4,7190.339,1247.071
26.250,153.550,0.078,4,7191.142,1247.757
26.260,153.568,0.078,4,7191.944,1248.444
26.270,153.585,0.078,4,7192.746,1249.130
26.280,153.602,0.078,4,7193.548,1249.817
26.290,153.619,0.078,4,7194.349,1250.504
26.300,153.636,0.078,4,7195.150,1251.190
26.310,153.653,0.078,4,7195.951,1251.877
26.320,153.670,0.078,4,7196.751,1252.564
26.330,153.687,0.078,4,7197.551,1253.251
26.340,153.704,0.078,4,7198.351,1253.938
26.350,153.721,0.078,4,7199.150,1254.625
26.360,153.738,0.078,4,7199.949,1255.313
26.370,153.755,0.078,4,7200.747,1256.000
26.380,153.773,0.078,4,7201.546,1256.687
26.390,153.790,0.078,4,7202.343,1257.375
26.400,153.807,0.078,4,7203.141,1258.062
26.410,153.824,0.078,4,7203.938,1258.750
26.420,153.841,0.078,4,7204.735,1259.438
26.430,153.858,0.077,4,7205.531,1260.125
26.440,153.875,0.077,4,7206.328,1260.813
26.450,153.892,0.077,4,7207.123,1261.501
26.460,153.909,0.077,4,7207.919,1262.189
26.470,153.926,0.077,4,7208.714,1262.877
26.480,153.943,0.077,4,7209.509,1263.565
26.490,153.960,0.077,4,7210.303,1264.254
26.500,153.976,0.077,4,7211.097,1264.942
26.510,153.993,0.077,4,7211.891,1265.630
26.520,154.010,0.077,4,7212.684,1266.319
26.530,154.027,0.077,4,7213.477,1267.007
26.540,154.044,0.077,4,7214.270,1267.696
26.550,154.061,0.077,4,7215.063,1268.384
26.560,154.078,0.077,4,7215.855,1269.073
26.570,154.095,0.077,4,7216.646,1269.762
26.580,154.112,0.077,4,7217.438,1270.451
26.590,154.129,0.077,4,7218.229,1271.140
26.600,154.146,0.077,4,7219.019,1271.829
26.610,154.163,0.077,4,7219.810,1272.518
26.620,154.179,0.077,4,7220.600,1273.207
26.630,154.196,0.077,4,7221.389,1273.897
26.640,154.213,0.077,4,7222.178,1274.586
26.650,154.230,0.077,4,7222.967,1275.275
26.660,154.247,0.077,4,7223.756,1275.965
26.670,154.264,0.077,4,7224.544,1276.654
26.680,154.280,0.077,4,7225.332,1277.344
26.690,154.297,0.077,4,7226.120,1278.034
26.700,154.314,0.077,4,7226.907,1278.724
26.710,154.331,0.077,4,7227.694,1279.414
26.720,154.348,0.077,4,7228.481,1280.103
26.730,154.364,0.076,4,7229.267,1280.793
26.740,154.381,0.076,4,7230.053,1281.484
26.750,154.398,0.076,4,7230.838,1282.174
26.760,154.415,0.076,4,7231.623,1282.864
26.770,154.432,0.076,4,7232.408,1283.554
26.780,154.448,0.076,4,7233.193,1284.245
26.790,154.465,0.076,4,7233.977,1284.935
26.800,154.482,0.076,4,7234.761,1285.626
26.810,154.498,0.076,4,7235.544,1286.316
26.820,154.515,0.076,4,7236.328,1287.007
26.830,154.532,0.076,4,7237.110,1287.698
26.840,154.549,0.076,4,7237.893,1288.389
26.850,154.565,0.076,4,7238.675,1289.080
26.860,154.582,0.076,4,7239.457,1289.771
26.870,154.599,0.076,4,7240.238,1290.462
26.880,154.615,0.076,4,7241.019,1291.153
26.890,154.632,0.076,4,7241.800,1291.844
26.900,154.649,0.076,4,7242.581,1292.535
26.910,154.665,0.076,4,7243.361,1293.227
26.920,154.682,0.076,4,7244.141,1293.918
26.930,154.699,0.076,4,7244.920,1294.610
26.940,154.715,0.076,4,7245.699,1295.301
26.950,154.732,0.076,4,7246.478,1295.993
26.960,154.749,0.076,4,7247.256,1296.685
26.970,154.765,0.076,4,7248.035,1297.377
26.980,154.782,0.076,4,7248.812,1298.069
26.990,154.798,0.076,4,7249.590,1298.761
27.000,154.815,0.076,4,7250.367,1299.453
27.010,154.832,0.076,4,7251.144,1300.145
27.020,154.848,0.076,4,7251.920,1300.837
27.030,154.865,0.075,4,7252.696,1301.529
27.040,154.881,0.075,4,7253.472,1302.222
27.050,154.898,0.075,4,7254.247,1302.914
27.060,154.914,0.075,4,7255.022,1303.606
27.070,154.931,0.075,4,7255.797,1304.299
27.080,154.947,0.075,4,7256.571,1304.992
27.090,154.964,0.075,4,7257.345,1305.684
27.100,154.981,0.075,4,7258.119,1306.377
27.110,154.997,0.075,4,7258.892,1307.070
27.120,155.014,0.075,4,7259.666,1307.763
27.130,155.030,0.075,4,7260.438,1308.456
27.140,155.047,0.075,4,7261.211,1309.149
27.150,155.063,0.075,4,7261.983,1309.842
27.160,155.080,0.075,4,7262.754,1310.535
27.170,155.096,0.075,4,7263.526,1311.229
27.180,155.112,0.075,4,7264.297,1311.922
27.190,155.129,0.075,4,7265.067,1312.616
27.200,155.145,0.075,4,7265.838,1313.309
27.210,155.162,0.075,4,7266.608,1314.003
27.220,155.178,0.075,4,7267.378,1314.696
27.230,155.195,0.075,4,7268.147,1315.390
27.240,155.211,0.075,4,7268.916,1316.084
27.250,155.227,0.075,4,7269.685,1316.778
27.260,155.244,0.075,4,7270.453,1317.472
27.270,155.260,0.075,4,7271.221,1318.166
27.280,155.277,0.075,4,7271.989,1318.860
27.290,155.293,0.075,4,7272.756,1319.554
27.300,155.309,0.075,4,7273.523,1320.248
27.310,155.326,0.075,4,7274.290,1320.943
27.320,155.342,0.075,4,7275.056,1321.637
27.330,155.359,0.075,4,7275.822,1322.332
27.340,155.375,0.074,4,7276.588,1323.026
27.350,155.391,0.074,4,7277.353,1323.721
27.360,155.408,0.074,4,7278.118,1324.415
27.370,155.424,0.074,4,7278.883,1325.110
27.380,155.440,0.074,4,7279.647,1325.805
27.390,155.457,0.074,4,7280.411,1326.500
27.400,155.473,0.074,4,7281.175,1327.195
27.410,155.489,0.074,4,7281.938,1327.890
27.420,155.505,0.074,4,7282.701,1328.585
27.430,155.522,0.074,4,7283.464,1329.280
27.440,155.538,0.074,4,7284.226,1329.976
27.450,155.554,0.074,4,7284.988,1330.671
27.460,155.571,0.074,4,7285.750,1331.366
27.470,155.587,0.074,4,7286.511,1332.062
27.480,155.603,0.074,4,7287.272,1332.757
27.490,155.619,0.074,4,7288.033,1333.453
27.500,155.636,0.074,4,7288.793,1334.149
27.510,155.652,0.074,4,7289.553,1334.845
27.520,155.668,0.074,4,7290.313,1335.540
27.530,155.684,0.074,4,7291.072,1336.236
27.540,155.700,0.074,4,7291.832,1336.932
27.550,155.717,0.074,4,7292.590,1337.629
27.560,155.733,0.074,4,7293.349,1338.325
27.570,155.749,0.074,4,7294.107,1339.021
27.580,155.765,0.074,4,7294.864,1339.717
27.590,155.781,0.074,4,7295.622,1340.414
27.600,155.797,0.074,4,7296.379,1341.110
27.610,155.814,0.074,4,7297.135,1341.806
27.620,155.830,0.074,4,7297.892,1342.503
27.630,155.846,0.074,4,7298.648,1343.200
27.640,155.862,0.074,4,7299.404,1343.896
27.650,155.878,0.073,4,7300.159,1344.593
27.660,155.894,0.073,4,7300.914,1345.290
27.670,155.910,0.073,4,7301.669,1345.987
27.680,155.927,0.073,4,7302.423,1346.684
27.690,155.943,0.073,4,7303.177,1347.381
27.700,155.959,0.073,4,7303.931,1348.078
27.710,155.975,0.073,4,7304.685,1348.776
27.720,155.991,0.073,4,7305.438,1349.473
27.730,156.007,0.073,4,7306.190,1350.170
27.740,156.023,0.073,4,7306.943,1350.868
27.750,156.039,0.073,4,7307.695,1351.565
27.760,156.055,0.073,4,7308.447,1352.263
27.770,156.071,0.073,4,7309.198,1352.960
27.780,156.087,0.073,4,7309.949,1353.658
27.790,156.103,0.073,4,7310.700,1354.356
27.800,156.119,0.073,4,7311.450,1355.054
27.810,156.135,0.073,4,7312.201,1355.752
27.820,156.151,0.073,4,7312.950,1356.450
27.830,156.167,0.073,4,7313.700,1357.148
27.840,156.183,0.073,4,7314.449,1357.846
27.850,156.199,0.073,4,7315.198,1358.544
27.860,156.215,0.073,4,7315.946,1359.243
27.870,156.231,0.073,4,7316.694,1359.941
27.880,156.247,0.073,4,7317.442,1360.640
27.890,156.263,0.073,4,7318.190,1361.338
27.900,156.279,0.073,4,7318.937,1362.037
27.910,156.295,0.073,4,7319.684,1362.735
27.920,156.311,0.073,4,7320.430,1363.434
27.930,156.327,0.073,4,7321.177,1364.133
27.940,156.343,0.073,4,7321.922,1364.832
27.950,156.359,0.073,4,7322.668,1365.531
27.960,156.375,0.072,4,7323.413,1366.230
27.970,156.391,0.072,4,7324.158,1366.929
27.980,156.407,0.072,4,7324.903,1367.628
27.990,156.422,0.072,4,7325.647,1368.327
28.000,156.438,0.072,4,7326.391,1369.026
28.010,156.454,0.072,4,7327.134,1369.726
28.020,156.470,0.072,4,7327.878,1370.425
28.030,156.486,0.072,4,7328.621,1371.125
28.040,156.502,0.072,4,7329.363,1371.824
28.050,156.518,0.072,4,7330.105,1372.524
28.060,156.533,0.072,4,7330.847,1373.224
28.070,156.549,0.072,4,7331.589,1373.924
28.080,156.565,0.072,4,7332.330,1374.623
28.090,156.581,0.072,4,7333.071,1375.323
28.100,156.597,0.072,4,7333.812,1376.023
28.110,156.613,0.072,4,7334.552,1376.724
28.120,156.628,0.072,4,7335.292,1377.424
28.130,156.644,0.072,4,7336.032,1378.124
28.140,156.660,0.072,4,7336.771,1378.824
28.150,156.676,0.072,4,7337.510,1379.525
28.160,156.692,0.072,4,7338.249,1380.225
28.170,156.707,0.072,4,7338.988,1380.926
28.180,156.723,0.072,4,7339.726,1381.626
28.190,156.739,0.072,4,7340.463,1382.327
28.200,156.755,0.072,4,7341.201,1383.027
28.210,156.770,0.072,4,7341.938,1383.728
28.220,156.786,0.072,4,7342.675,1384.429
28.230,156.802,0.072,4,7343.411,1385.130
28.240,156.817,0.072,4,7344.147,1385.831
28.250,156.833,0.072,4,7344.883,1386.532
28.260,156.849,0.072,4,7345.618,1387.233
28.270,156.865,0.072,4,7346.354,1387.934
28.280,156.880,0.071,4,7347.088,1388.636
28.290,156.896,0.071,4,7347.823,1389.337
28.300,156.912,0.071,4,7348.557,1390.039
28.310,156.927,0.071,4,7349.291,1390.740
28.320,156.943,0.071,4,7350.024,1391.442
28.330,156.959,0.071,4,7350.758,1392.143
28.340,156.974,0.071,4,7351.490,1392.845
28.350,156.990,0.071,4,7352.223,1393.547
28.360,157.006,0.071,4,7352.955,1394.249
28.370,157.021,0.071,4,7353.687,1394.950
28.380,157.037,0.071,4,7354.419,1395.652
28.390,157.052,0.071,4,7355.150,1396.354
28.400,157.068,0.071,4,7355.881,1397.057
28.410,157.084,0.071,4,7356.612,1397.759
28.420,157.099,0.071,4,7357.342,1398.461
28.430,157.115,0.071,4,7358.072,1399.163
28.440,157.130,0.071,4,7358.802,1399.866
28.450,157.146,0.071,4,7359.531,1400.568
28.460,157.162,0.071,4,7360.260,1401.271
28.470,157.177,0.071,4,7360.989,1401.973
28.480,157.193,0.071,4,7361.717,1402.676
28.490,157.208,0.071,4,7362.445,1403.379
28.500,157.224,0.071,4,7363.173,1404.082
28.510,157.239,0.071,4,7363.900,1404.784
28.520,157.255,0.071,4,7364.627,1405.487
28.530,157.270,0.071,4,7365.354,1406.190
28.540,157.286,0.071,4,7366.081,1406.894
28.550,157.301,0.071,4,7366.807,1407.597
28.560,157.317,0.071,4,7367.533,1408.300
28.570,157.332,0.071,4,7368.258,1409.003
28.580,157.348,0.071,4,7368.983,1409.707
28.590,157.363,0.071,4,7369.708,1410.410
28.600,157.379,0.070,4,7370.433,1411.114
28.610,157.394,0.070,4,7371.157,1411.817
28.620,157.410,0.070,4,7371.881,1412.521
28.630,157.425,0.070,4,7372.604,1413.225
28.640,157.441,0.070,4,7373.328,1413.928
28.650,157.456,0.070,4,7374.050,1414.632
28.660,157.471,0.070,4,7374.773,1415.336
28.670,157.487,0.070,4,7375.495,1416.040
28.680,157.502,0.070,4,7376.217,1416.744
28.690,157.518,0.070,4,7376.939,1417.448
28.700,157.533,0.070,4,7377.660,1418.152
28.710,157.548,0.070,4,7378.381,1418.857
28.720,157.564,0.070,4,7379.102,1419.561
28.730,157.579,0.070,4,7379.823,1420.266
28.740,157.595,0.070,4,7380.543,1420.970
28.750,157.610,0.070,4,7381.262,1421.675
28.760,157.625,0.070,4,7381.982,1422.379
28.770,157.641,0.070,4,7382.701,1423.084
28.780,157.656,0.070,4,7383.420,1423.789
28.790,157.671,0.070,4,7384.138,1424.493
28.800,157.687,0.070,4,7384.856,1425.198
28.810,157.702,0.070,4,7385.574,1425.903
28.820,157.717,0.070,4,7386.292,1426.608
28.830,157.733,0.070,4,7387.009,1427.313
28.840,157.748,0.070,4,7387.726,1428.019
28.850,157.763,0.070,4,7388.442,1428.724
28.860,157.779,0.070,4,7389.159,1429.429
28.870,157.794,0.070,4,7389.875,1430.134
28.880,157.809,0.070,4,7390.590,1430.840
28.890,157.824,0.070,4,7391.306,1431.545
28.900,157.840,0.070,4,7392.021,1432.251
28.910,157.855,0.070,4,7392.735,1432.957
28.920,157.870,0.069,4,7393.450,1433.662
28.930,157.885,0.069,4,7394.164,1434.368
28.940,157.901,0.069,4,7394.877,1435.074
28.950,157.916,0.069,4,7395.591,1435.780
28.960,157.931,0.069,4,7396.304,1436.486
28.970,157.946,0.069,4,7397.017,1437.192
28.980,157.962,0.069,4,7397.729,1437.898
28.990,157.977,0.069,4,7398.441,1438.604
29.000,157.992,0.069,4,7399.153,1439.310
29.010,158.007,0.069,4,7399.865,1440.017
29.020,158.022,0.069,4,7400.576,1440.723
29.030,158.038,0.069,4,7401.287,1441.430
29.040,158.053,0.069,4,7401.997,1442.136
29.050,158.068,0.069,4,7402.708,1442.843
29.060,158.083,0.069,4,7403.418,1443.549
29.070,158.098,0.069,4,7404.127,1444.256
29.080,158.113,0.069,4,7404.837,1444.963
29.090,158.128,0.069,4,7405.546,1445.670
29.100,158.144,0.069,4,7406.254,1446.377
29.110,158.159,0.069,4,7406.963,1447.084
29.120,158.174,0.069,4,7407.671,1447.791
29.130,158.189,0.069,4,7408.378,1448.498
29.140,158.204,0.069,4,7409.086,1449.205
29.150,158.219,0.069,4,7409.793,1449.912
29.160,158.234,0.069,4,7410.500,1450.620
29.170,158.249,0.069,4,7411.206,1451.327
29.180,158.264,0.069,4,7411.912,1452.034
29.190,158.280,0.069,4,7412.618,1452.742
29.200,158.295,0.069,4,7413.324,1453.450
29.210,158.310,0.069,4,7414.029,1454.157
29.220,158.325,0.069,4,7414.734,1454.865
29.230,158.340,0.069,4,7415.439,1455.573
29.240,158.355,0.069,4,7416.143,1456.281
29.250,158.370,0.068,4,7416.847,1456.989
29.260,158.385,0.068,4,7417.551,1457.697
29.270,158.400,0.068,4,7418.254,1458.405
29.280,158.415,0.068,4,7418.957,1459.113
29.290,158.430,0.068,4,7419.660,1459.821
29.300,158.445,0.068,4,7420.362,1460.529
29.310,158.460,0.068,4,7421.064,1461.238
29.320,158.475,0.068,4,7421.766,1461.946
29.330,158.490,0.068,4,7422.468,1462.655
29.340,158.505,0.068,4,7423.169,1463.363
29.350,158.520,0.068,4,7423.870,1464.072
29.360,158.535,0.068,4,7424.570,1464.780
29.370,158.550,0.068,4,7425.271,1465.489
29.380,158.565,0.068,4,7425.970,1466.198
29.390,158.580,0.068,4,7426.670,1466.907
29.400,158.594,0.068,4,7427.369,1467.616
29.410,158.609,0.068,4,7428.068,1468.325
29.420,158.624,0.068,4,7428.767,1469.034
29.430,158.639,0.068,4,7429.465,1469.743
29.440,158.654,0.068,4,7430.164,1470.452
29.450,158.669,0.068,4,7430.861,1471.162
29.460,158.684,0.068,4,7431.559,1471.871
29.470,158.699,0.068,4,7432.256,1472.580
29.480,158.714,0.068,4,7432.953,1473.290
29.490,158.729,0.068,4,7433.649,1473.999
29.500,158.743,0.068,4,7434.345,1474.709
29.510,158.758,0.068,4,7435.041,1475.419
29.520,158.773,0.068,4,7435.737,1476.128
29.530,158.788,0.068,4,7436.432,1476.838
29.540,158.803,0.068,4,7437.127,1477.548
29.550,158.818,0.068,4,7437.822,1478.258
29.560,158.832,0.068,4,7438.516,1478.968
29.570,158.847,0.068,4,7439.210,1479.678
29.580,158.862,0.067,4,7439.904,1480.388
29.590,158.877,0.067,4,7440.597,1481.098
29.600,158.892,0.067,4,7441.291,1481.809
29.610,158.907,0.067,4,7441.983,1482.519
29.620,158.921,0.067,4,7442.676,1483.229
29.630,158.936,0.067,4,7443.368,1483.940
29.640,158.951,0.067,4,7444.060,1484.651
29.650,158.966,0.067,4,7444.752,1485.361
29.660,158.980,0.067,4,7445.443,1486.072
29.670,158.995,0.067,4,7446.134,1486.783
29.680,159.010,0.067,4,7446.824,1487.493
29.690,159.025,0.067,4,7447.515,1488.204
29.700,159.039,0.067,4,7448.205,1488.915
29.710,159.054,0.067,4,7448.895,1489.626
29.720,159.069,0.067,4,7449.584,1490.337
29.730,159.084,0.067,4,7450.273,1491.048
29.740,159.098,0.067,4,7450.962,1491.760
29.750,159.113,0.067,4,7451.650,1492.471
29.760,159.128,0.067,4,7452.339,1493.182
29.770,159.142,0.067,4,7453.026,1493.894
29.780,159.157,0.067,4,7453.714,1494.605
29.790,159.172,0.067,4,7454.401,1495.317
29.800,159.186,0.067,4,7455.088,1496.028
29.810,159.201,0.067,4,7455.775,1496.740
29.820,159.216,0.067,4,7456.461,1497.451
29.830,159.230,0.067,4,7457.147,1498.163
29.840,159.245,0.067,4,7457.833,1498.875
29.850,159.260,0.067,4,7458.519,1499.587
29.860,159.274,0.067,4,7459.204,1500.299
29.870,159.289,0.067,4,7459.888,1501.011
29.880,159.303,0.067,4,7460.573,1501.723
29.890,159.318,0.067,4,7461.257,1502.435
29.900,159.333,0.067,4,7461.941,1503.148
29.910,159.347,0.066,4,7462.625,1503.860
29.920,159.362,0.066,4,7463.308,1504.572
29.930,159.376,0.066,4,7463.991,1505.285
29.940,159.391,0.066,4,7464.674,1505.997
29.950,159.406,0.066,4,7465.356,1506.710
29.960,159.420,0.066,4,7466.038,1507.422
29.970,159.435,0.066,4,7466.720,1508.135
29.980,159.449,0.066,4,7467.401,1508.848
29.990,159.464,0.066,4,7468.083,1509.561
30.000,159.478,0.066,4,7468.763,1510.274
30.010,159.493,0.066,4,7469.444,1510.987
30.020,159.507,0.066,4,7470.124,1511.700
30.030,159.522,0.066,4,7470.804,1512.413
30.040,159.536,0.066,4,7471.484,1513.126
30.050,159.551,0.066,4,7472.163,1513.839
30.060,159.565,0.066,4,7472.842,1514.552
30.070,159.580,0.066,4,7473.521,1515.266
30.080,159.594,0.066,4,7474.199,1515.979
30.090,159.609,0.066,4,7474.877,1516.693
30.100,159.623,0.066,4,7475.555,1517.406
30.110,159.638,0.066,4,7476.233,1518.120
30.120,159.652,0.066,4,7476.910,1518.834
30.130,159.667,0.066,4,7477.587,1519.547
30.140,159.681,0.066,4,7478.264,1520.261
30.150,159.696,0.066,4,7478.940,1520.975
30.160,159.710,0.066,4,7479.616,1521.689
30.170,159.725,0.066,4,7480.292,1522.403
30.180,159.739,0.066,4,7480.967,1523.117
30.190,159.753,0.066,4,7481.642,1523.831
30.200,159.768,0.066,4,7482.317,1524.545
30.210,159.782,0.066,4,7482.991,1525.260
30.220,159.797,0.066,4,7483.665,1525.974
30.230,159.811,0.066,4,7484.339,1526.688
30.240,159.825,0.066,4,7485.013,1527.403
30.250,159.840,0.065,4,7485.686,1528.117
30.260,159.854,0.065,4,7486.359,1528.832
30.270,159.868,0.065,4,7487.032,1529.546
30.280,159.883,0.065,4,7487.704,1530.261
30.290,159.897,0.065,4,7488.376,1530.976
30.300,159.911,0.065,4,7489.048,1531.691
30.310,159.926,0.065,4,7489.720,1532.406
30.320,159.940,0.065,4,7490.391,1533.121
30.330,159.954,0.065,4,7491.062,1533.836
30.340,159.969,0.065,4,7491.732,1534.551
30.350,159.983,0.065,4,7492.402,1535.266
30.360,159.997,0.065,4,7493.072,1535.981
30.370,160.012,0.065,4,7493.742,1536.696
30.380,160.026,0.065,4,7494.411,1537.412
30.390,160.040,0.065,4,7495.081,1538.127
30.400,160.055,0.065,4,7495.749,1538.843
30.410,160.069,0.065,4,7496.418,1539.558
30.420,160.083,0.065,4,7497.086,1540.274
30.430,160.097,0.065,4,7497.754,1540.989
30.440,160.112,0.065,4,7498.421,1541.705
30.450,160.126,0.065,4,7499.089,1542.421
30.460,160.140,0.065,4,7499.756,1543.137
30.470,160.154,-0.179,5,4875.275,1543.853
30.480,160.115,-0.179,5,4874.080,1544.569
30.490,160.076,-0.179,5,4872.886,1545.284
30.500,160.037,-0.179,5,4871.693,1546.000
30.510,159.998,-0.178,5,4870.500,1546.715
30.520,159.958,-0.178,5,4869.308,1547.430
30.530,159.919,-0.178,5,4868.116,1548.145
30.540,159.880,-0.178,5,4866.925,1548.860
30.550,159.841,-0.178,5,4865.734,1549.575
30.560,159.802,-0.178,5,4864.544,1550.289
30.570,159.763,-0.178,5,4863.354,1551.003
30.580,159.724,-0.178,5,4862.165,1551.718
30.590,159.685,-0.178,5,4860.977,1552.432
30.600,159.646,-0.178,5,4859.789,1553.145
30.610,159.607,-0.178,5,4858.601,1553.859
30.620,159.568,-0.178,5,4857.414,1554.572
30.630,159.529,-0.178,5,4856.228,1555.286
30.640,159.490,-0.177,5,4855.042,1555.999
30.650,159.451,-0.177,5,4853.857,1556.712
30.660,159.412,-0.177,5,4852.672,1557.424
30.670,159.373,0.034,5,4851.488,1558.137
30.680,159.380,0.034,5,4851.714,1558.849
30.690,159.388,0.034,5,4851.941,1559.562
30.700,159.395,0.034,5,4852.168,1560.274
30.710,159.403,0.034,5,4852.394,1560.987
30.720,159.410,0.034,5,4852.621,1561.699
30.730,159.418,0.034,5,4852.847,1562.412
30.740,159.425,0.034,5,4853.073,1563.125
30.750,159.432,0.034,5,4853.299,1563.838
30.760,159.440,0.034,5,4853.525,1564.550
30.770,159.447,0.034,5,4853.751,1565.263
30.780,159.455,0.034,5,4853.977,1565.976
30.790,159.462,0.034,5,4854.202,1566.689
30.800,159.470,0.034,5,4854.428,1567.402
30.810,159.477,0.034,5,4854.653,1568.114
30.820,159.484,0.034,5,4854.879,1568.827
30.830,159.492,0.034,5,4855.104,1569.540
30.840,159.499,0.034,5,4855.329,1570.253
30.850,159.507,0.034,5,4855.554,1570.966
30.860,159.514,0.034,5,4855.779,1571.680
30.870,159.521,0.034,5,4856.004,1572.393
30.880,159.529,0.034,5,4856.229,1573.106
30.890,159.536,0.034,5,4856.454,1573.819
30.900,159.543,0.034,5,4856.678,1574.532
30.910,159.551,0.034,5,4856.903,1575.245
30.920,159.558,0.034,5,4857.127,1575.959
30.930,159.566,0.034,5,4857.351,1576.672
30.940,159.573,0.034,5,4857.575,1577.385
30.950,159.580,0.034,5,4857.799,1578.099
30.960,159.588,0.034,5,4858.023,1578.812
30.970,159.595,0.033,5,4858.247,1579.525
30.980,159.602,0.033,5,4858.471,1580.239
30.990,159.610,0.033,5,4858.695,1580.952
31.000,159.617,0.033,5,4858.918,1581.666
31.010,159.624,0.033,5,4859.142,1582.380
31.020,159.632,0.033,5,4859.365,1583.093
31.030,159.639,0.033,5,4859.588,1583.807
31.040,159.646,0.033,5,4859.811,1584.520
31.050,159.654,0.033,5,4860.035,1585.234
31.060,159.661,0.033,5,4860.258,1585.948
31.070,159.668,0.033,5,4860.480,1586.662
31.080,159.676,0.033,5,4860.703,1587.375
31.090,159.683,0.033,5,4860.926,1588.089
31.100,159.690,0.033,5,4861.148,1588.803
31.110,159.698,0.033,5,4861.371,1589.517
31.120,159.705,0.033,5,4861.593,1590.231
31.130,159.712,0.033,5,4861.815,1590.945
31.140,159.720,0.033,5,4862.038,1591.659
31.150,159.727,0.033,5,4862.260,1592.373
31.160,159.734,0.033,5,4862.482,1593.087
31.170,159.741,0.033,5,4862.704,1593.801
31.180,159.749,0.033,5,4862.925,1594.515
31.190,159.756,0.033,5,4863.147,1595.229
31.200,159.763,0.033,5,4863.369,1595.944
31.210,159.771,0.033,5,4863.590,1596.658
31.220,159.778,0.033,5,4863.811,1597.372
31.230,159.785,0.033,5,4864.033,1598.086
31.240,159.792,0.033,5,4864.254,1598.801
31.250,159.800,0.033,5,4864.475,1599.515
31.260,159.807,0.033,5,4864.696,1600.229
31.270,159.814,0.033,5,4864.917,1600.944
31.280,159.821,0.033,5,4865.138,1601.658
31.290,159.829,0.033,5,4865.358,1602.373
31.300,159.836,0.033,5,4865.579,1603.087
31.310,159.843,0.033,5,4865.799,1603.802
31.320,159.850,0.033,5,4866.020,1604.516
31.330,159.858,0.033,5,4866.240,1605.231
31.340,159.865,0.033,5,4866.460,1605.946
31.350,159.872,0.033,5,4866.680,1606.660
31.360,159.879,0.033,5,4866.900,1607.375
31.370,159.886,0.033,5,4867.120,1608.090
31.380,159.894,0.033,5,4867.340,1608.804
31.390,159.901,0.033,5,4867.560,1609.519
31.400,159.908,0.033,5,4867.779,1610.234
31.410,159.915,0.033,5,4867.999,1610.949
31.420,159.923,0.033,5,4868.218,1611.664
31.430,159.930,0.033,5,4868.437,1612.379
31.440,159.937,0.033,5,4868.657,1613.094
31.450,159.944,0.033,5,4868.876,1613.809
31.460,159.951,0.033,5,4869.095,1614.524
31.470,159.959,0.033,5,4869.314,1615.239
31.480,159.966,0.033,5,4869.532,1615.954
31.490,159.973,0.033,5,4869.751,1616.669
31.500,159.980,0.033,5,4869.970,1617.384
31.510,159.987,0.033,5,4870.188,1618.099
31.520,159.994,0.033,5,4870.407,1618.815
31.530,160.002,0.033,5,4870.625,1619.530
31.540,160.009,0.033,5,4870.843,1620.245
31.550,160.016,0.033,5,4871.061,1620.961
31.560,160.023,0.033,5,4871.279,1621.676
31.570,160.030,0.033,5,4871.497,1622.391
31.580,160.037,0.033,5,4871.715,1623.107
31.590,160.045,0.033,5,4871.933,1623.822
31.600,160.052,0.033,5,4872.150,1624.538
31.610,160.059,0.033,5,4872.368,1625.253
31.620,160.066,0.033,5,4872.585,1625.969
31.630,160.073,0.033,5,4872.803,1626.684
31.640,160.080,0.033,5,4873.020,1627.400
31.650,160.087,0.032,5,4873.237,1628.115
31.660,160.095,0.032,5,4873.454,1628.831
31.670,160.102,0.032,5,4873.671,1629.547
31.680,160.109,0.032,5,4873.888,1630.263
31.690,160.116,0.032,5,4874.105,1630.978
31.700,160.123,0.032,5,4874.321,1631.694
31.710,160.130,0.032,5,4874.538,1632.410
31.720,160.137,0.032,5,4874.754,1633.126
31.730,160.144,0.032,5,4874.971,1633.842
31.740,160.151,0.011,5,4875.187,1634.558
31.750,160.154,0.011,5,4875.262,1635.274
31.760,160.156,0.011,5,4875.337,1635.990
31.770,160.159,0.011,5,4875.412,1636.706
31.780,160.161,0.011,5,4875.487,1637.421
31.790,160.164,0.011,5,4875.562,1638.137
31.800,160.166,0.011,5,4875.637,1638.853
31.810,160.169,0.011,5,4875.712,1639.569
31.820,160.171,0.011,5,4875.787,1640.286
31.830,160.174,0.011,5,4875.862,1641.002
31.840,160.176,0.011,5,4875.937,1641.718
31.850,160.179,0.011,5,4876.012,1642.434
31.860,160.181,0.011,5,4876.086,1643.150
31.870,160.183,0.011,5,4876.161,1643.866
31.880,160.186,0.011,5,4876.236,1644.582
31.890,160.188,0.011,5,4876.310,1645.298
31.900,160.191,0.011,5,4876.385,1646.014
31.910,160.193,0.011,5,4876.460,1646.730
31.920,160.196,0.011,5,4876.534,1647.446
31.930,160.198,0.011,5,4876.609,1648.162
31.940,160.201,0.011,5,4876.683,1648.879
31.950,160.203,0.011,5,4876.758,1649.595
31.960,160.206,0.011,5,4876.832,1650.311
31.970,160.208,0.011,5,4876.906,1651.027
31.980,160.210,0.011,5,4876.981,1651.743
31.990,160.213,0.011,5,4877.055,1652.460
32.000,160.215,0.011,5,4877.129,1653.176
32.010,160.218,0.011,5,4877.203,1653.892
32.020,160.220,0.011,5,4877.278,1654.608
32.030,160.223,0.011,5,4877.352,1655.325
32.040,160.225,0.011,5,4877.426,1656.041
32.050,160.227,0.011,5,4877.500,1656.757
32.060,160.230,0.011,5,4877.574,1657.473
32.070,160.232,0.011,5,4877.648,1658.190
32.080,160.235,0.011,5,4877.722,1658.906
32.090,160.237,0.011,5,4877.796,1659.622
32.100,160.240,0.011,5,4877.870,1660.339
32.110,160.242,0.011,5,4877.944,1661.055
32.120,160.244,0.011,5,4878.018,1661.771
32.130,160.247,0.011,5,4878.092,1662.488
32.140,160.249,0.011,5,4878.166,1663.204
32.150,160.252,0.011,5,4878.239,1663.920
32.160,160.254,0.011,5,4878.313,1664.637
32.170,160.257,0.011,5,4878.387,1665.353
32.180,160.259,0.011,5,4878.461,1666.070
32.190,160.261,0.011,5,4878.534,1666.786
32.200,160.264,0.011,5,4878.608,1667.502
32.210,160.266,0.011,5,4878.681,1668.219
32.220,160.269,0.011,5,4878.755,1668.935
32.230,160.271,0.011,5,4878.829,1669.652
32.240,160.274,0.011,5,4878.902,1670.368
32.250,160.276,0.011,5,4878.975,1671.085
32.260,160.278,0.011,5,4879.049,1671.801
32.270,160.281,0.011,5,4879.122,1672.518
32.280,160.283,0.011,5,4879.196,1673.234
32.290,160.286,0.011,5,4879.269,1673.951
32.300,160.288,0.011,5,4879.342,1674.667
32.310,160.290,0.011,5,4879.415,1675.384
32.320,160.293,0.011,5,4879.489,1676.101
32.330,160.295,0.011,5,4879.562,1676.817
32.340,160.298,0.011,5,4879.635,1677.534
32.350,160.300,0.011,5,4879.708,1678.250
32.360,160.302,0.011,5,4879.781,1678.967
32.370,160.305,0.011,5,4879.854,1679.684
32.380,160.307,0.011,5,4879.927,1680.400
32.390,160.310,0.011,5,4880.000,1681.117
32.400,160.312,0.011,5,4880.073,1681.833
32.410,160.314,0.011,5,4880.146,1682.550
32.420,160.317,0.011,5,4880.219,1683.267
32.430,160.319,0.011,5,4880.292,1683.984
32.440,160.322,0.011,5,4880.365,1684.700
32.450,160.324,0.011,5,4880.438,1685.417
32.460,160.326,0.011,5,4880.510,1686.134
32.470,160.329,0.011,5,4880.583,1686.850
32.480,160.331,0.011,5,4880.656,1687.567
32.490,160.334,0.011,5,4880.728,1688.284
32.500,160.336,0.011,5,4880.801,1689.001
32.510,160.338,0.011,5,4880.874,1689.717
32.520,160.341,0.011,5,4880.946,1690.434
32.530,160.343,0.011,5,4881.019,1691.151
32.540,160.345,0.011,5,4881.091,1691.868
32.550,160.348,0.011,5,4881.164,1692.585
32.560,160.350,0.011,5,4881.236,1693.301
32.570,160.353,0.011,5,4881.308,1694.018
32.580,160.355,0.011,5,4881.381,1694.735
32.590,160.357,0.011,5,4881.453,1695.452
32.600,160.360,0.011,5,4881.525,1696.169
32.610,160.362,0.011,5,4881.598,1696.886
32.620,160.364,0.011,5,4881.670,1697.603
32.630,160.367,0.011,5,4881.742,1698.319
32.640,160.369,0.011,5,4881.814,1699.036
32.650,160.372,0.011,5,4881.887,1699.753
32.660,160.374,0.011,5,4881.959,1700.470
32.670,160.376,0.011,5,4882.031,1701.187
32.680,160.379,0.011,5,4882.103,1701.904
32.690,160.381,0.011,5,4882.175,1702.621
32.700,160.383,0.011,5,4882.247,1703.338
32.710,160.386,0.011,5,4882.319,1704.055
32.720,160.388,0.011,5,4882.391,1704.772
32.730,160.390,0.011,5,4882.462,1705.489
32.740,160.393,0.011,5,4882.534,1706.206
32.750,160.395,0.011,5,4882.606,1706.923
32.760,160.398,0.011,5,4882.678,1707.640
32.770,160.400,0.011,5,4882.750,1708.357
32.780,160.402,0.011,5,4882.821,1709.074
32.790,160.405,0.011,5,4882.893,1709.791
32.800,160.407,0.011,5,4882.965,1710.508
32.810,160.409,0.011,5,4883.036,1711.225
32.820,160.412,0.011,5,4883.108,1711.942
32.830,160.414,0.011,5,4883.180,1712.660
32.840,160.416,0.011,5,4883.251,1713.377
32.850,160.419,0.011,5,4883.323,1714.094
32.860,160.421,0.011,5,4883.394,1714.811
32.870,160.423,0.011,5,4883.465,1715.528
32.880,160.426,0.011,5,4883.537,1716.245
32.890,160.428,0.011,5,4883.608,1716.962
32.900,160.430,0.011,5,4883.680,1717.680
32.910,160.433,0.011,5,4883.751,1718.397
32.920,160.435,0.011,5,4883.822,1719.114
32.930,160.437,0.011,5,4883.893,1719.831
32.940,160.440,0.011,5,4883.965,1720.548
32.950,160.442,0.011,5,4884.036,1721.266
32.960,160.445,0.011,5,4884.107,1721.983
32.970,160.447,0.011,5,4884.178,1722.700
32.980,160.449,0.011,5,4884.249,1723.417
32.990,160.452,0.011,5,4884.320,1724.135
33.000,160.454,0.011,5,4884.391,1724.852
33.010,160.456,0.011,5,4884.462,1725.569
33.020,160.459,0.011,5,4884.533,1726.287
33.030,160.461,0.011,5,4884.604,1727.004
33.040,160.463,0.011,5,4884.675,1727.721
33.050,160.465,0.011,5,4884.746,1728.439
33.060,160.468,0.011,5,4884.817,1729.156
33.070,160.470,0.011,5,4884.887,1729.873
33.080,160.472,0.011,5,4884.958,1730.591
33.090,160.475,0.011,5,4885.029,1731.308
33.100,160.477,0.011,5,4885.100,1732.025
33.110,160.479,0.011,5,4885.170,1732.743
33.120,160.482,0.011,5,4885.241,1733.460
33.130,160.484,0.011,5,4885.311,1734.178
33.140,160.486,0.011,5,4885.382,1734.895
33.150,160.489,0.011,5,4885.453,1735.613
33.160,160.491,0.011,5,4885.523,1736.330
33.170,160.493,0.011,5,4885.594,1737.048
33.180,160.496,0.011,5,4885.664,1737.765
33.190,160.498,0.011,5,4885.734,1738.482
33.200,160.500,0.011,5,4885.805,1739.200
33.210,160.503,0.011,5,4885.875,1739.917
33.220,160.505,0.011,5,4885.945,1740.635
33.230,160.507,0.011,5,4886.016,1741.353
33.240,160.510,0.011,5,4886.086,1742.070
33.250,160.512,0.011,5,4886.156,1742.788
33.260,160.514,0.011,5,4886.226,1743.505
33.270,160.516,0.010,5,4886.297,1744.223
33.280,160.519,0.010,5,4886.367,1744.940
33.290,160.521,0.010,5,4886.437,1745.658
33.300,160.523,0.010,5,4886.507,1746.375
33.310,160.526,0.010,5,4886.577,1747.093
33.320,160.528,0.010,5,4886.647,1747.811
33.330,160.530,0.010,5,4886.717,1748.528
33.340,160.533,0.010,5,4886.787,1749.246
33.350,160.535,0.010,5,4886.857,1749.964
33.360,160.537,0.010,5,4886.926,1750.681
33.370,160.539,0.010,5,4886.996,1751.399
33.380,160.542,0.010,5,4887.066,1752.117
33.390,160.544,0.010,5,4887.136,1752.834
33.400,160.546,0.010,5,4887.206,1753.552
33.410,160.549,0.010,5,4887.275,1754.270
33.420,160.551,0.010,5,4887.345,1754.987
33.430,160.553,0.010,5,4887.415,1755.705
33.440,160.555,0.010,5,4887.484,1756.423
33.450,160.558,0.010,5,4887.554,1757.141
33.460,160.560,0.010,5,4887.624,1757.858
33.470,160.562,0.010,5,4887.693,1758.576
33.480,160.565,0.010,5,4887.763,1759.294
33.490,160.567,0.010,5,4887.832,1760.012
33.500,160.569,0.010,5,4887.901,1760.730
33.510,160.571,0.010,5,4887.971,1761.447
33.520,160.574,0.010,5,4888.040,1762.165
33.530,160.576,0.010,5,4888.110,1762.883
33.540,160.578,0.010,5,4888.179,1763.601
33.550,160.581,0.010,5,4888.248,1764.319
33.560,160.583,0.010,5,4888.317,1765.037
33.570,160.585,0.010,5,4888.387,1765.754
33.580,160.587,0.010,5,4888.456,1766.472
33.590,160.590,0.010,5,4888.525,1767.190
33.600,160.592,0.010,5,4888.594,1767.908
33.610,160.594,0.010,5,4888.663,1768.626
33.620,160.596,0.010,5,4888.732,1769.344
33.630,160.599,0.010,5,4888.801,1770.062
33.640,160.601,0.010,5,4888.870,1770.780
33.650,160.603,0.010,5,4888.939,1771.498
33.660,160.606,0.010,5,4889.008,1772.216
33.670,160.608,0.010,5,4889.077,1772.934
33.680,160.610,0.010,5,4889.146,1773.652
33.690,160.612,0.010,5,4889.215,1774.370
33.700,160.615,0.010,5,4889.284,1775.088
33.710,160.617,0.010,5,4889.352,1775.806
33.720,160.619,0.010,5,4889.421,1776.524
33.730,160.621,0.010,5,4889.490,1777.242
33.740,160.624,0.010,5,4889.559,1777.960
33.750,160.626,0.010,5,4889.627,1778.678
33.760,160.628,0.010,5,4889.696,1779.396
33.770,160.630,0.010,5,4889.764,1780.114
33.780,160.633,0.010,5,4889.833,1780.832
33.790,160.635,0.010,5,4889.901,1781.550
33.800,160.637,0.010,5,4889.970,1782.268
33.810,160.639,0.010,5,4890.038,1782.986
33.820,160.642,0.010,5,4890.107,1783.705
33.830,160.644,0.010,5,4890.175,1784.423
33.840,160.646,0.010,5,4890.244,1785.141
33.850,160.648,0.010,5,4890.312,1785.859
33.860,160.651,0.010,5,4890.380,1786.577
33.870,160.653,0.010,5,4890.449,1787.295
33.880,160.655,0.010,5,4890.517,1788.014
33.890,160.657,0.010,5,4890.585,1788.732
33.900,160.660,0.010,5,4890.653,1789.450
33.910,160.662,0.010,5,4890.722,1790.168
33.920,160.664,0.010,5,4890.790,1790.886
33.930,160.666,0.010,5,4890.858,1791.605
33.940,160.669,0.010,5,4890.926,1792.323
33.950,160.671,0.010,5,4890.994,1793.041
33.960,160.673,0.010,5,4891.062,1793.759
33.970,160.675,0.010,5,4891.130,1794.478
33.980,160.677,0.010,5,4891.198,1795.196
33.990,160.680,0.010,5,4891.266,1795.914
34.000,160.682,0.010,5,4891.334,1796.633
34.010,160.684,0.010,5,4891.401,1797.351
34.020,160.686,0.010,5,4891.469,1798.069
34.030,160.689,0.010,5,4891.537,1798.788
34.040,160.691,0.010,5,4891.605,1799.506
34.050,160.693,0.010,5,4891.673,1800.224
34.060,160.695,0.010,5,4891.740,1800.943
34.070,160.697,0.010,5,4891.808,1801.661
34.080,160.700,0.010,5,4891.876,1802.379
34.090,160.702,0.010,5,4891.943,1803.098
34.100,160.704,0.010,5,4892.011,1803.816
34.110,160.706,0.010,5,4892.078,1804.535
34.120,160.709,0.010,5,4892.146,1805.253
34.130,160.711,0.010,5,4892.213,1805.971
34.140,160.713,0.010,5,4892.281,1806.690
34.150,160.715,0.010,5,4892.348,1807.408
34.160,160.717,0.010,5,4892.416,1808.127
34.170,160.720,0.010,5,4892.483,1808.845
34.180,160.722,0.010,5,4892.550,1809.564
34.190,160.724,0.010,5,4892.618,1810.282
34.200,160.726,0.010,5,4892.685,1811.001
34.210,160.729,0.010,5,4892.752,1811.719
34.220,160.731,0.010,5,4892.819,1812.438
34.230,160.733,0.010,5,4892.887,1813.156
34.240,160.735,0.010,5,4892.954,1813.875
34.250,160.737,0.010,5,4893.021,1814.593
34.260,160.740,0.010,5,4893.088,1815.312
34.270,160.742,0.010,5,4893.155,1816.031
34.280,160.744,0.010,5,4893.222,1816.749
34.290,160.746,0.010,5,4893.289,1817.468
34.300,160.748,0.010,5,4893.356,1818.186
34.310,160.751,0.010,5,4893.423,1818.905
34.320,160.753,0.010,5,4893.490,1819.624
34.330,160.755,0.010,5,4893.557,1820.342
34.340,160.757,0.010,5,4893.624,1821.061
34.350,160.759,0.010,5,4893.691,1821.780
34.360,160.762,0.010,5,4893.757,1822.498
34.370,160.764,0.010,5,4893.824,1823.217
34.380,160.766,0.010,5,4893.891,1823.936
34.390,160.768,0.010,5,4893.958,1824.654
34.400,160.770,0.010,5,4894.024,1825.373
34.410,160.772,0.010,5,4894.091,1826.092
34.420,160.775,0.010,5,4894.157,1826.810
34.430,160.777,0.010,5,4894.224,1827.529
34.440,160.779,0.010,5,4894.291,1828.248
34.450,160.781,0.010,5,4894.357,1828.967
34.460,160.783,0.010,5,4894.424,1829.685
34.470,160.786,0.010,5,4894.490,1830.404
34.480,160.788,0.010,5,4894.557,1831.123
34.490,160.790,0.010,5,4894.623,1831.842
34.500,160.792,0.010,5,4894.689,1832.560
34.510,160.794,0.010,5,4894.756,1833.279
34.520,160.796,0.010,5,4894.822,1833.998
34.530,160.799,0.010,5,4894.888,1834.717
34.540,160.801,0.010,5,4894.955,1835.436
34.550,160.803,0.010,5,4895.021,1836.155
34.560,160.805,0.010,5,4895.087,1836.873
34.570,160.807,0.010,5,4895.153,1837.592
34.580,160.810,0.010,5,4895.219,1838.311
34.590,160.812,0.010,5,4895.285,1839.030
34.600,160.814,0.010,5,4895.351,1839.749
34.610,160.816,0.010,5,4895.418,1840.468
34.620,160.818,0.010,5,4895.484,1841.187
34.630,160.820,0.010,5,4895.550,1841.906
34.640,160.823,0.010,5,4895.615,1842.625
34.650,160.825,0.010,5,4895.681,1843.344
34.660,160.827,0.010,5,4895.747,1844.063
34.670,160.829,0.010,5,4895.813,1844.782
34.680,160.831,0.010,5,4895.879,1845.501
34.690,160.833,0.010,5,4895.945,1846.220
34.700,160.836,0.010,5,4896.011,1846.939
34.710,160.838,0.010,5,4896.076,1847.658
34.720,160.840,0.010,5,4896.142,1848.377
34.730,160.842,0.010,5,4896.208,1849.096
34.740,160.844,0.010,5,4896.273,1849.815
34.750,160.846,0.010,5,4896.339,1850.534
34.760,160.848,0.010,5,4896.405,1851.253
34.770,160.851,0.010,5,4896.470,1851.972
34.780,160.853,0.010,5,4896.536,1852.691
34.790,160.855,0.010,5,4896.601,1853.410
34.800,160.857,0.010,5,4896.667,1854.129
34.810,160.859,0.010,5,4896.732,1854.848
34.820,160.861,0.010,5,4896.798,1855.567
34.830,160.864,0.010,5,4896.863,1856.286
34.840,160.866,0.010,5,4896.928,1857.005
34.850,160.868,0.010,5,4896.994,1857.725
34.860,160.870,0.010,5,4897.059,1858.444
34.870,160.872,0.010,5,4897.124,1859.163
34.880,160.874,0.010,5,4897.190,1859.882
34.890,160.876,0.010,5,4897.255,1860.601
34.900,160.879,0.010,5,4897.320,1861.320
34.910,160.881,0.010,5,4897.385,1862.040
34.920,160.883,0.010,5,4897.450,1862.759
34.930,160.885,0.010,5,4897.515,1863.478
34.940,160.887,0.010,5,4897.580,1864.197
34.950,160.889,0.010,5,4897.646,1864.916
34.960,160.891,0.010,5,4897.711,1865.636
34.970,160.894,0.010,5,4897.776,1866.355
34.980,160.896,0.010,5,4897.840,1867.074
34.990,160.898,0.010,5,4897.905,1867.794
35.000,160.900,0.010,5,4897.970,1868.513
35.010,160.902,0.010,5,4898.035,1869.232
35.020,160.904,0.010,5,4898.100,1869.951
35.030,160.906,0.010,5,4898.165,1870.671
35.040,160.908,0.010,5,4898.230,1871.390
35.050,160.911,0.010,5,4898.294,1872.109
35.060,160.913,0.010,5,4898.359,1872.829
35.070,160.915,0.010,5,4898.424,1873.548
35.080,160.917,0.010,5,4898.488,1874.267
35.090,160.919,0.010,5,4898.553,1874.987
35.100,160.921,0.010,5,4898.618,1875.706
35.110,160.923,0.010,5,4898.682,1876.426
35.120,160.925,0.010,5,4898.747,1877.145
35.130,160.928,0.010,5,4898.811,1877.864
35.140,160.930,0.010,5,4898.876,1878.584
35.150,160.932,0.010,5,4898.940,1879.303
35.160,160.934,0.010,5,4899.005,1880.023
35.170,160.936,0.010,5,4899.069,1880.742
35.180,160.938,0.010,5,4899.133,1881.461
35.190,160.940,0.010,5,4899.198,1882.181
35.200,160.942,0.010,5,4899.262,1882.900
35.210,160.944,0.010,5,4899.326,1883.620
35.220,160.947,0.010,5,4899.391,1884.339
35.230,160.949,0.010,5,4899.455,1885.059
35.240,160.951,0.010,5,4899.519,1885.778
35.250,160.953,0.010,5,4899.583,1886.498
35.260,160.955,0.010,5,4899.647,1887.217
35.270,160.957,0.010,5,4899.711,1887.937
35.280,160.959,0.010,5,4899.776,1888.657
35.290,160.961,0.010,5,4899.840,1889.376
35.300,160.963,0.010,5,4899.904,1890.096
35.310,160.966,0.010,5,4899.968,1890.815
35.320,160.968,0.010,5,4900.032,1891.535
35.330,160.970,0.010,5,4900.096,1892.254
35.340,160.972,0.010,5,4900.159,1892.974
35.350,160.974,0.010,5,4900.223,1893.694
35.360,160.976,0.010,5,4900.287,1894.413
35.370,160.978,0.010,5,4900.351,1895.133
35.380,160.980,0.010,5,4900.415,1895.852
35.390,160.982,0.010,5,4900.479,1896.572
35.400,160.984,0.010,5,4900.542,1897.292
35.410,160.987,0.010,5,4900.606,1898.011
35.420,160.989,0.010,5,4900.670,1898.731
35.430,160.991,0.010,5,4900.733,1899.451
35.440,160.993,0.010,5,4900.797,1900.171
35.450,160.995,0.010,5,4900.861,1900.890
35.460,160.997,0.010,5,4900.924,1901.610
35.470,160.999,0.010,5,4900.988,1902.330
35.480,161.001,0.010,5,4901.051,1903.049
35.490,161.003,0.009,5,4901.115,1903.769
35.500,161.005,0.009,5,4901.178,1904.489
35.510,161.007,0.009,5,4901.241,1905.209
35.520,161.009,0.009,5,4901.305,1905.928
35.530,161.012,0.009,5,4901.368,1906.648
35.540,161.014,0.009,5,4901.432,1907.368
35.550,161.016,0.009,5,4901.495,1908.088
35.560,161.018,0.009,5,4901.558,1908.808
35.570,161.020,0.009,5,4901.621,1909.527
35.580,161.022,0.009,5,4901.685,1910.247
35.590,161.024,0.009,5,4901.748,1910.967
35.600,161.026,0.009,5,4901.811,1911.687
35.610,161.028,0.009,5,4901.874,1912.407
35.620,161.030,0.009,5,4901.937,1913.127
35.630,161.032,0.009,5,4902.000,1913.847
35.640,161.034,0.009,5,4902.063,1914.566
35.650,161.036,0.009,5,4902.126,1915.286
35.660,161.039,0.009,5,4902.189,1916.006
35.670,161.041,0.009,5,4902.252,1916.726
35.680,161.043,0.009,5,4902.315,1917.446
35.690,161.045,0.009,5,4902.378,1918.166
35.700,161.047,0.009,5,4902.441,1918.886
35.710,161.049,0.009,5,4902.504,1919.606
35.720,161.051,0.009,5,4902.567,1920.326
35.730,161.053,0.009,5,4902.630,1921.046
35.740,161.055,0.009,5,4902.692,1921.766
35.750,161.057,0.009,5,4902.755,1922.486
35.760,161.059,0.009,5,4902.818,1923.206
35.770,161.061,0.009,5,4902.880,1923.926
35.780,161.063,0.009,5,4902.943,1924.646
35.790,161.065,0.009,5,4903.006,1925.366
35.800,161.067,0.009,5,4903.068,1926.086
35.810,161.069,0.009,5,4903.131,1926.806
35.820,161.072,0.009,5,4903.193,1927.526
35.830,161.074,0.009,5,4903.256,1928.246
35.840,161.076,0.009,5,4903.318,1928.966
35.850,161.078,0.009,5,4903.381,1929.686
35.860,161.080,0.009,5,4903.443,1930.406
35.870,161.082,0.009,5,4903.506,1931.126
35.880,161.084,0.009,5,4903.568,1931.846
35.890,161.086,0.009,5,4903.630,1932.566
35.900,161.088,0.009,5,4903.693,1933.287
35.910,161.090,0.009,5,4903.755,1934.007
35.920,161.092,0.009,5,4903.817,1934.727
35.930,161.094,0.009,5,4903.879,1935.447
35.940,161.096,0.009,5,4903.942,1936.167
35.950,161.098,0.009,5,4904.004,1936.887
35.960,161.100,0.009,5,4904.066,1937.608
35.970,161.102,0.009,5,4904.128,1938.328
35.980,161.104,0.009,5,4904.190,1939.048
35.990,161.106,0.009,5,4904.252,1939.768
36.000,161.108,0.009,5,4904.314,1940.488
36.010,161.110,0.009,5,4904.376,1941.209
36.020,161.112,0.009,5,4904.438,1941.929
36.030,161.114,0.009,5,4904.500,1942.649
36.040,161.116,0.009,5,4904.562,1943.369
36.050,161.118,0.009,5,4904.624,1944.089
36.060,161.121,0.009,5,4904.686,1944.810
36.070,161.123,0.009,5,4904.748,1945.530
36.080,161.125,0.009,5,4904.810,1946.250
36.090,161.127,0.009,5,4904.871,1946.971
36.100,161.129,0.009,5,4904.933,1947.691
36.110,161.131,0.009,5,4904.995,1948.411
36.120,161.133,0.009,5,4905.056,1949.132
36.130,161.135,0.009,5,4905.118,1949.852
36.140,161.137,0.009,5,4905.180,1950.572
36.150,161.139,0.009,5,4905.241,1951.293
36.160,161.141,0.009,5,4905.303,1952.013
36.170,161.143,0.009,5,4905.365,1952.733
36.180,161.145,0.009,5,4905.426,1953.454
36.190,161.147,0.009,5,4905.488,1954.174
36.200,161.149,0.009,5,4905.549,1954.894
36.210,161.151,0.009,5,4905.610,1955.615
36.220,161.153,0.009,5,4905.672,1956.335
36.230,161.155,0.009,5,4905.733,1957.056
36.240,161.157,0.009,5,4905.795,1957.776
36.250,161.159,0.009,5,4905.856,1958.497
36.260,161.161,0.009,5,4905.917,1959.217
36.270,161.163,0.009,5,4905.979,1959.937
36.280,161.165,0.009,5,4906.040,1960.658
36.290,161.167,0.009,5,4906.101,1961.378
36.300,161.169,0.009,5,4906.162,1962.099
36.310,161.171,0.009,5,4906.223,1962.819
36.320,161.173,0.009,5,4906.285,1963.540
36.330,161.175,0.009,5,4906.346,1964.260
36.340,161.177,0.009,5,4906.407,1964.981
36.350,161.179,0.009,5,4906.468,1965.701
36.360,161.181,0.009,5,4906.529,1966.422
36.370,161.183,0.009,5,4906.590,1967.143
36.380,161.185,0.009,5,4906.651,1967.863
36.390,161.187,0.009,5,4906.712,1968.584
36.400,161.189,0.009,5,4906.773,1969.304
36.410,161.191,0.009,5,4906.834,1970.025
36.420,161.193,0.009,5,4906.894,1970.745
36.430,161.195,0.009,5,4906.955,1971.466
36.440,161.197,0.009,5,4907.016,1972.187
36.450,161.199,0.009,5,4907.077,1972.907
36.460,161.201,0.009,5,4907.138,1973.628
36.470,161.203,0.009,5,4907.198,1974.349
36.480,161.205,0.009,5,4907.259,1975.069
36.490,161.207,0.009,5,4907.320,1975.790
36.500,161.209,0.009,5,4907.380,1976.510
36.510,161.211,0.009,5,4907.441,1977.231
36.520,161.213,0.009,5,4907.502,1977.952
36.530,161.215,0.009,5,4907.562,1978.673
36.540,161.217,0.009,5,4907.623,1979.393
36.550,161.219,0.009,5,4907.683,1980.114
36.560,161.221,0.009,5,4907.744,1980.835
36.570,161.223,0.009,5,4907.804,1981.555
36.580,161.225,0.009,5,4907.865,1982.276
36.590,161.227,0.009,5,4907.925,1982.997
36.600,161.229,0.009,5,4907.985,1983.718
36.610,161.231,0.009,5,4908.046,1984.438
36.620,161.233,0.009,5,4908.106,1985.159
36.630,161.235,0.009,5,4908.166,1985.880
36.640,161.237,0.009,5,4908.227,1986.601
36.650,161.239,0.009,5,4908.287,1987.321
36.660,161.241,0.009,5,4908.347,1988.042
36.670,161.243,0.009,5,4908.407,1988.763
36.680,161.245,0.009,5,4908.467,1989.484
36.690,161.247,0.009,5,4908.528,1990.205
36.700,161.249,0.009,5,4908.588,1990.926
36.710,161.251,0.009,5,4908.648,1991.646
36.720,161.253,0.009,5,4908.708,1992.367
36.730,161.255,0.009,5,4908.768,1993.088
36.740,161.257,0.009,5,4908.828,1993.809
36.750,161.259,0.009,5,4908.888,1994.530
36.760,161.261,0.009,5,4908.948,1995.251
36.770,161.262,0.009,5,4909.008,1995.972
36.780,161.264,0.009,5,4909.067,1996.693
36.790,161.266,0.009,5,4909.127,1997.414
36.800,161.268,0.009,5,4909.187,1998.134
36.810,161.270,0.009,5,4909.247,1998.855
36.820,161.272,0.009,5,4909.307,1999.576
36.830,161.274,0.009,5,4909.366,2000.297
36.840,161.276,0.009,5,4909.426,2001.018
36.850,161.278,0.009,5,4909.486,2001.739
36.860,161.280,0.009,5,4909.546,2002.460
36.870,161.282,0.009,5,4909.605,2003.181
36.880,161.284,0.009,5,4909.665,2003.902
36.890,161.286,0.009,5,4909.724,2004.623
36.900,161.288,0.009,5,4909.784,2005.344
36.910,161.290,0.009,5,4909.843,2006.065
36.920,161.292,0.009,5,4909.903,2006.786
36.930,161.294,0.009,5,4909.962,2007.507
36.940,161.296,0.009,5,4910.022,2008.228
36.950,161.298,0.009,5,4910.081,2008.949
36.960,161.300,0.009,5,4910.141,2009.671
36.970,161.302,0.009,5,4910.200,2010.392
36.980,161.304,0.009,5,4910.259,2011.113
36.990,161.306,0.009,5,4910.319,2011.834
37.000,161.308,0.009,5,4910.378,2012.555
37.010,161.309,0.009,5,4910.437,2013.276
37.020,161.311,0.009,5,4910.497,2013.997
37.030,161.313,0.009,5,4910.556,2014.718
37.040,161.315,0.009,5,4910.615,2015.439
37.050,161.317,0.009,5,4910.674,2016.161
37.060,161.319,0.009,5,4910.733,2016.882
37.070,161.321,0.009,5,4910.792,2017.603
37.080,161.323,0.009,5,4910.851,2018.324
37.090,161.325,0.009,5,4910.910,2019.045
37.100,161.327,0.009,5,4910.970,2019.766
37.110,161.329,0.009,5,4911.029,2020.488
37.120,161.331,0.009,5,4911.087,2021.209
37.130,161.333,0.009,5,4911.146,2021.930
37.140,161.335,0.009,5,4911.205,2022.651
37.150,161.337,0.009,5,4911.264,2023.372
37.160,161.339,0.009,5,4911.323,2024.094
37.170,161.340,0.009,5,4911.382,2024.815
37.180,161.342,0.009,5,4911.441,2025.536
37.190,161.344,0.009,5,4911.500,2026.258
37.200,161.346,0.009,5,4911.558,2026.979
37.210,161.348,0.009,5,4911.617,2027.700
37.220,161.350,0.009,5,4911.676,2028.421
37.230,161.352,0.009,5,4911.734,2029.143
37.240,161.354,0.009,5,4911.793,2029.864
37.250,161.356,0.009,5,4911.852,2030.585
37.260,161.358,0.009,5,4911.910,2031.307
37.270,161.360,0.009,5,4911.969,2032.028
37.280,161.362,0.009,5,4912.027,2032.749
37.290,161.364,0.009,5,4912.086,2033.471
37.300,161.366,0.009,5,4912.144,2034.192
37.310,161.367,0.009,5,4912.203,2034.913
37.320,161.369,0.009,5,4912.261,2035.635
37.330,161.371,0.009,5,4912.320,2036.356
37.340,161.373,0.009,5,4912.378,2037.078
37.350,161.375,0.009,5,4912.436,2037.799
37.360,161.377,0.009,5,4912.495,2038.520
37.370,161.379,0.009,5,4912.553,2039.242
37.380,161.381,0.009,5,4912.611,2039.963
37.390,161.383,0.009,5,4912.670,2040.685
37.400,161.385,0.009,5,4912.728,2041.406
37.410,161.387,0.009,5,4912.786,2042.128
37.420,161.389,0.009,5,4912.844,2042.849
37.430,161.390,0.009,5,4912.902,2043.571
37.440,161.392,0.009,5,4912.961,2044.292
37.450,161.394,0.009,5,4913.019,2045.014
37.460,161.396,0.009,5,4913.077,2045.735
37.470,161.398,0.009,5,4913.135,2046.457
37.480,161.400,0.009,5,4913.193,2047.178
37.490,161.402,0.009,5,4913.251,2047.900
37.500,161.404,0.009,5,4913.309,2048.621
37.510,161.406,0.009,5,4913.367,2049.343
37.520,161.408,0.009,5,4913.425,2050.064
37.530,161.409,0.009,5,4913.482,2050.786
37.540,161.411,0.009,5,4913.540,2051.507
37.550,161.413,0.009,5,4913.598,2052.229
37.560,161.415,0.009,5,4913.656,2052.950
37.570,161.417,0.009,5,4913.714,2053.672
37.580,161.419,0.009,5,4913.771,2054.394
37.590,161.421,0.009,5,4913.829,2055.115
37.600,161.423,0.009,5,4913.887,2055.837
37.610,161.425,0.009,5,4913.945,2056.559
37.620,161.427,0.009,5,4914.002,2057.280
37.630,161.428,0.009,5,4914.060,2058.002
37.640,161.430,0.009,5,4914.117,2058.723
37.650,161.432,0.009,5,4914.175,2059.445
37.660,161.434,0.009,5,4914.233,2060.167
37.670,161.436,0.009,5,4914.290,2060.888
37.680,161.438,0.009,5,4914.348,2061.610
37.690,161.440,0.009,5,4914.405,2062.332
37.700,161.442,0.009,5,4914.463,2063.054
37.710,161.444,0.009,5,4914.520,2063.775
37.720,161.445,0.009,5,4914.577,2064.497
37.730,161.447,0.009,5,4914.635,2065.219
37.740,161.449,0.009,5,4914.692,2065.940
37.750,161.451,0.009,5,4914.749,2066.662
37.760,161.453,0.009,5,4914.807,2067.384
37.770,161.455,0.009,5,4914.864,2068.106
37.780,161.457,0.009,5,4914.921,2068.827
37.790,161.459,0.009,5,4914.978,2069.549
37.800,161.461,0.009,5,4915.036,2070.271
37.810,161.462,0.009,5,4915.093,2070.993
37.820,161.464,0.009,5,4915.150,2071.715
37.830,161.466,0.009,5,4915.207,2072.436
37.840,161.468,0.009,5,4915.264,2073.158
37.850,161.470,0.009,5,4915.321,2073.880
37.860,161.472,0.009,5,4915.378,2074.602
37.870,161.474,0.009,5,4915.435,2075.324
37.880,161.476,0.009,5,4915.492,2076.046
37.890,161.477,0.009,5,4915.549,2076.768
37.900,161.479,0.009,5,4915.606,2077.489
37.910,161.481,0.009,5,4915.663,2078.211
37.920,161.483,0.009,5,4915.720,2078.933
37.930,161.485,0.009,5,4915.777,2079.655
37.940,161.487,0.009,5,4915.833,2080.377
37.950,161.489,0.008,5,4915.890,2081.099
37.960,161.490,0.008,5,4915.947,2081.821
37.970,161.492,0.008,5,4916.004,2082.543
37.980,161.494,0.008,5,4916.060,2083.265
37.990,161.496,0.008,5,4916.117,2083.987
38.000,161.498,0.008,5,4916.174,2084.709
38.010,161.500,0.008,5,4916.230,2085.431
38.020,161.502,0.008,5,4916.287,2086.153
38.030,161.503,0.008,5,4916.344,2086.874
38.040,161.505,0.008,5,4916.400,2087.596
38.050,161.507,0.008,5,4916.457,2088.318
38.060,161.509,0.008,5,4916.513,2089.040
38.070,161.511,0.008,5,4916.570,2089.762
38.080,161.513,0.008,5,4916.626,2090.485
38.090,161.515,0.008,5,4916.683,2091.207
38.100,161.516,0.008,5,4916.739,2091.929
38.110,161.518,0.008,5,4916.795,2092.651
38.120,161.520,0.008,5,4916.852,2093.373
38.130,161.522,0.008,5,4916.908,2094.095
38.140,161.524,0.008,5,4916.964,2094.817
38.150,161.526,0.008,5,4917.021,2095.539
38.160,161.528,0.008,5,4917.077,2096.261
38.170,161.529,0.008,5,4917.133,2096.983
38.180,161.531,0.008,5,4917.189,2097.705
38.190,161.533,0.008,5,4917.246,2098.427
38.200,161.535,0.008,5,4917.302,2099.149
38.210,161.537,0.008,5,4917.358,2099.872
38.220,161.539,0.008,5,4917.414,2100.594
38.230,161.540,0.008,5,4917.470,2101.316
38.240,161.542,0.008,5,4917.526,2102.038
38.250,161.544,0.008,5,4917.582,2102.760
38.260,161.546,0.008,5,4917.638,2103.482
38.270,161.548,0.008,5,4917.694,2104.204
38.280,161.550,0.008,5,4917.750,2104.927
38.290,161.552,0.008,5,4917.806,2105.649
38.300,161.553,0.008,5,4917.862,2106.371
38.310,161.555,0.008,5,4917.918,2107.093
38.320,161.557,0.008,5,4917.974,2107.816
38.330,161.559,0.008,5,4918.030,2108.538
38.340,161.561,0.008,5,4918.085,2109.260
38.350,161.563,0.008,5,4918.141,2109.982
38.360,161.564,0.008,5,4918.197,2110.704
38.370,161.566,0.008,5,4918.253,2111.427
38.380,161.568,0.008,5,4918.308,2112.149
38.390,161.570,0.008,5,4918.364,2112.871
38.400,161.572,0.008,5,4918.420,2113.594
38.410,161.574,0.008,5,4918.475,2114.316
38.420,161.575,0.008,5,4918.531,2115.038
38.430,161.577,0.008,5,4918.586,2115.760
38.440,161.579,0.008,5,4918.642,2116.483
38.450,161.581,0.008,5,4918.697,2117.205
38.460,161.583,0.008,5,4918.753,2117.927
38.470,161.584,0.008,5,4918.808,2118.650
38.480,161.586,0.008,5,4918.864,2119.372
38.490,161.588,0.008,5,4918.919,2120.094
38.500,161.590,0.008,5,4918.975,2120.817
38.510,161.592,0.008,5,4919.030,2121.539
38.520,161.594,0.008,5,4919.085,2122.262
38.530,161.595,0.008,5,4919.141,2122.984
38.540,161.597,0.008,5,4919.196,2123.706
38.550,161.599,0.008,5,4919.251,2124.429
38.560,161.601,0.008,5,4919.307,2125.151
38.570,161.603,0.008,5,4919.362,2125.874
38.580,161.604,0.008,5,4919.417,2126.596
38.590,161.606,0.008,5,4919.472,2127.319
38.600,161.608,0.008,5,4919.527,2128.041
38.610,161.610,0.008,5,4919.582,2128.763
38.620,161.612,0.008,5,4919.638,2129.486
38.630,161.614,0.008,5,4919.693,2130.208
38.640,161.615,0.008,5,4919.748,2130.931
38.650,161.617,0.008,5,4919.803,2131.653
38.660,161.619,0.008,5,4919.858,2132.376
38.670,161.621,0.008,5,4919.913,2133.098
38.680,161.623,0.008,5,4919.968,2133.821
38.690,161.624,0.008,5,4920.023,2134.543
38.700,161.626,0.008,5,4920.077,2135.266
38.710,161.628,0.008,5,4920.132,2135.988
38.720,161.630,0.008,5,4920.187,2136.711
38.730,161.632,0.008,5,4920.242,2137.434
38.740,161.633,0.008,5,4920.297,2138.156
38.750,161.635,0.008,5,4920.352,2138.879
38.760,161.637,0.008,5,4920.406,2139.601
38.770,161.639,0.008,5,4920.461,2140.324
38.780,161.641,0.008,5,4920.516,2141.046
38.790,161.642,0.008,5,4920.570,2141.769
38.800,161.644,0.008,5,4920.625,2142.492
38.810,161.646,0.008,5,4920.680,2143.214
38.820,161.648,0.008,5,4920.734,2143.937
38.830,161.650,0.008,5,4920.789,2144.659
38.840,161.651,0.008,5,4920.843,2145.382
38.850,161.653,0.008,5,4920.898,2146.105
38.860,161.655,0.008,5,4920.952,2146.827
38.870,161.657,0.008,5,4921.007,2147.550
38.880,161.658,0.008,5,4921.061,2148.273
38.890,161.660,0.008,5,4921.116,2148.995
38.900,161.662,0.008,5,4921.170,2149.718
38.910,161.664,0.008,5,4921.225,2150.441
38.920,161.666,0.008,5,4921.279,2151.164
38.930,161.667,0.008,5,4921.333,2151.886
38.940,161.669,0.008,5,4921.388,2152.609
38.950,161.671,0.008,5,4921.442,2153.332
38.960,161.673,0.008,5,4921.496,2154.054
38.970,161.675,0.008,5,4921.550,2154.777
38.980,161.676,0.008,5,4921.605,2155.500
38.990,161.678,0.008,5,4921.659,2156.223
39.000,161.680,0.008,5,4921.713,2156.945
39.010,161.682,0.008,5,4921.767,2157.668
39.020,161.683,0.008,5,4921.821,2158.391
39.030,161.685,0.008,5,4921.875,2159.114
39.040,161.687,0.008,5,4921.929,2159.837
39.050,161.689,0.008,5,4921.983,2160.559
39.060,161.691,0.008,5,4922.037,2161.282
39.070,161.692,0.008,5,4922.091,2162.005
39.080,161.694,0.008,5,4922.145,2162.728
39.090,161.696,0.008,5,4922.199,2163.451
39.100,161.698,0.008,5,4922.253,2164.174
39.110,161.699,0.008,5,4922.307,2164.896
39.120,161.701,0.008,5,4922.361,2165.619
39.130,161.703,0.008,5,4922.415,2166.342
39.140,161.705,0.008,5,4922.469,2167.065
39.150,161.706,0.008,5,4922.522,2167.788
39.160,161.708,0.008,5,4922.576,2168.511
39.170,161.710,0.008,5,4922.630,2169.234
39.180,161.712,0.008,5,4922.684,2169.957
39.190,161.714,0.008,5,4922.737,2170.680
39.200,161.715,0.008,5,4922.791,2171.402
39.210,161.717,0.008,5,4922.845,2172.125
39.220,161.719,0.008,5,4922.898,2172.848
39.230,161.721,0.008,5,4922.952,2173.571
39.240,161.722,0.008,5,4923.005,2174.294
39.250,161.724,0.008,5,4923.059,2175.017
39.260,161.726,0.008,5,4923.112,2175.740
39.270,161.728,0.008,5,4923.166,2176.463
39.280,161.729,0.008,5,4923.219,2177.186
39.290,161.731,0.008,5,4923.273,2177.909
39.300,161.733,0.008,5,4923.326,2178.632
39.310,161.735,0.008,5,4923.380,2179.355
39.320,161.736,0.008,5,4923.433,2180.078
39.330,161.738,0.008,5,4923.486,2180.801
39.340,161.740,0.008,5,4923.540,2181.524
39.350,161.742,0.008,5,4923.593,2182.247
39.360,161.743,0.008,5,4923.646,2182.970
39.370,161.745,0.008,5,4923.700,2183.693
39.380,161.747,0.008,5,4923.753,2184.417
39.390,161.749,0.008,5,4923.806,2185.140
39.400,161.750,0.008,5,4923.859,2185.863
39.410,161.752,0.008,5,4923.912,2186.586
39.420,161.754,0.008,5,4923.966,2187.309
39.430,161.756,0.008,5,4924.019,2188.032
39.440,161.757,0.008,5,4924.072,2188.755
39.450,161.759,0.008,5,4924.125,2189.478
39.460,161.761,0.008,5,4924.178,2190.201
39.470,161.763,0.008,5,4924.231,2190.924
39.480,161.764,0.008,5,4924.284,2191.648
39.490,161.766,0.008,5,4924.337,2192.371
39.500,161.768,0.008,5,4924.390,2193.094
39.510,161.770,0.008,5,4924.443,2193.817
39.520,161.771,0.008,5,4924.496,2194.540
39.530,161.773,0.008,5,4924.549,2195.263
39.540,161.775,0.008,5,4924.601,2195.987
39.550,161.776,0.008,5,4924.654,2196.710
39.560,161.778,0.008,5,4924.707,2197.433
39.570,161.780,0.008,5,4924.760,2198.156
39.580,161.782,0.008,5,4924.813,2198.880
39.590,161.783,0.008,5,4924.865,2199.603
39.600,161.785,0.008,5,4924.918,2200.326
39.610,161.787,0.008,5,4924.971,2201.049
39.620,161.789,0.008,5,4925.023,2201.772
39.630,161.790,0.008,5,4925.076,2202.496
39.640,161.792,0.008,5,4925.129,2203.219
39.650,161.794,0.008,5,4925.181,2203.942
39.660,161.796,0.008,5,4925.234,2204.666
39.670,161.797,0.008,5,4925.286,2205.389
39.680,161.799,0.008,5,4925.339,2206.112
39.690,161.801,0.008,5,4925.391,2206.835
39.700,161.802,0.008,5,4925.444,2207.559
39.710,161.804,0.008,5,4925.496,2208.282
39.720,161.806,0.008,5,4925.549,2209.005
39.730,161.808,0.008,5,4925.601,2209.729
39.740,161.809,0.008,5,4925.653,2210.452
39.750,161.811,0.008,5,4925.706,2211.176
39.760,161.813,0.008,5,4925.758,2211.899
39.770,161.814,0.008,5,4925.810,2212.622
39.780,161.816,0.008,5,4925.863,2213.346
39.790,161.818,0.008,5,4925.915,2214.069
39.800,161.820,0.008,5,4925.967,2214.792
39.810,161.821,0.008,5,4926.019,2215.516
39.820,161.823,0.008,5,4926.071,2216.239
39.830,161.825,0.008,5,4926.124,2216.963
39.840,161.826,0.008,5,4926.176,2217.686
39.850,161.828,0.008,5,4926.228,2218.409
39.860,161.830,0.008,5,4926.280,2219.133
39.870,161.832,0.008,5,4926.332,2219.856
39.880,161.833,0.008,5,4926.384,2220.580
39.890,161.835,0.008,5,4926.436,2221.303
39.900,161.837,0.008,5,4926.488,2222.027
39.910,161.838,0.008,5,4926.540,2222.750
39.920,161.840,0.008,5,4926.592,2223.474
39.930,161.842,0.008,5,4926.644,2224.197
39.940,161.844,0.008,5,4926.696,2224.921
39.950,161.845,0.008,5,4926.748,2225.644
39.960,161.847,0.008,5,4926.799,2226.368
39.970,161.849,0.008,5,4926.851,2227.091
39.980,161.850,0.008,5,4926.903,2227.815
39.990,161.852,0.008,5,4926.955,2228.538
40.000,161.854,0.008,5,4927.007,2229.262
40.010,161.855,0.008,5,4927.058,2229.985
40.020,161.857,0.008,5,4927.110,2230.709
40.030,161.859,0.008,5,4927.162,2231.433
40.040,161.861,0.008,5,4927.213,2232.156
40.050,161.862,0.008,5,4927.265,2232.880
40.060,161.864,0.008,5,4927.317,2233.603
40.070,161.866,0.008,5,4927.368,2234.327
40.080,161.867,0.008,5,4927.420,2235.051
40.090,161.869,0.008,5,4927.471,2235.774
40.100,161.871,0.008,5,4927.523,2236.498
40.110,161.872,0.008,5,4927.574,2237.221
40.120,161.874,0.008,5,4927.626,2237.945
40.130,161.876,0.008,5,4927.677,2238.669
40.140,161.877,0.008,5,4927.729,2239.392
40.150,161.879,0.008,5,4927.780,2240.116
40.160,161.881,0.008,5,4927.832,2240.840
40.170,161.883,0.008,5,4927.883,2241.563
40.180,161.884,0.008,5,4927.934,2242.287
40.190,161.886,0.008,5,4927.986,2243.011
40.200,161.888,0.008,5,4928.037,2243.734
40.210,161.889,0.008,5,4928.088,2244.458
40.220,161.891,0.008,5,4928.139,2245.182
40.230,161.893,0.008,5,4928.191,2245.906
40.240,161.894,0.008,5,4928.242,2246.629
40.250,161.896,0.008,5,4928.293,2247.353
40.260,161.898,0.008,5,4928.344,2248.077
40.270,161.899,0.008,5,4928.395,2248.800
40.280,161.901,0.008,5,4928.446,2249.524
40.290,161.903,0.008,5,4928.497,2250.248
40.300,161.904,0.008,5,4928.549,2250.972
40.310,161.906,0.008,5,4928.600,2251.696
40.320,161.908,0.008,5,4928.651,2252.419
40.330,161.909,0.008,5,4928.702,2253.143
40.340,161.911,0.008,5,4928.753,2253.867
40.350,161.913,0.008,5,4928.803,2254.591
40.360,161.914,0.008,5,4928.854,2255.315
40.370,161.916,0.008,5,4928.905,2256.038
40.380,161.918,0.008,5,4928.956,2256.762
40.390,161.919,0.008,5,4929.007,2257.486
40.400,161.921,0.008,5,4929.058,2258.210
40.410,161.923,0.008,5,4929.109,2258.934
40.420,161.924,0.008,5,4929.159,2259.658
40.430,161.926,0.008,5,4929.210,2260.382
40.440,161.928,0.008,5,4929.261,2261.105
40.450,161.929,0.008,5,4929.312,2261.829
40.460,161.931,0.008,5,4929.362,2262.553
40.470,161.933,0.008,5,4929.413,2263.277
40.480,161.934,0.008,5,4929.464,2264.001
40.490,161.936,0.008,5,4929.514,2264.725
40.500,161.938,0.008,5,4929.565,2265.449
40.510,161.939,0.008,5,4929.615,2266.173
40.520,161.941,0.008,5,4929.666,2266.897
40.530,161.943,0.008,5,4929.716,2267.621
40.540,161.944,0.008,5,4929.767,2268.345
40.550,161.946,0.008,5,4929.817,2269.069
40.560,161.948,0.008,5,4929.868,2269.792
40.570,161.949,0.008,5,4929.918,2270.516
40.580,161.951,0.008,5,4929.969,2271.240
40.590,161.953,0.008,5,4930.019,2271.964
40.600,161.954,0.008,5,4930.070,2272.688
40.610,161.956,0.008,5,4930.120,2273.412
40.620,161.958,0.008,5,4930.170,2274.136
40.630,161.959,0.008,5,4930.220,2274.860
40.640,161.961,0.008,5,4930.271,2275.584
40.650,161.963,0.008,5,4930.321,2276.309
40.660,161.964,0.008,5,4930.371,2277.033
40.670,161.966,0.008,5,4930.421,2277.757
40.680,161.968,0.008,5,4930.472,2278.481
40.690,161.969,0.008,5,4930.522,2279.205
40.700,161.971,0.008,5,4930.572,2279.929
40.710,161.973,0.007,5,4930.622,2280.653
40.720,161.974,0.007,5,4930.672,2281.377
40.730,161.976,0.007,5,4930.722,2282.101
40.740,161.977,0.007,5,4930.772,2282.825
40.750,161.979,0.007,5,4930.822,2283.549
40.760,161.981,0.007,5,4930.872,2284.273
40.770,161.982,0.007,5,4930.922,2284.997
40.780,161.984,0.007,5,4930.972,2285.722
40.790,161.986,0.007,5,4931.022,2286.446
40.800,161.987,0.007,5,4931.072,2287.170
40.810,161.989,0.007,5,4931.122,2287.894
40.820,161.991,0.007,5,4931.172,2288.618
40.830,161.992,0.007,5,4931.222,2289.342
40.840,161.994,0.007,5,4931.271,2290.067
40.850,161.996,0.007,5,4931.321,2290.791
40.860,161.997,0.007,5,4931.371,2291.515
40.870,161.999,0.007,5,4931.421,2292.239
40.880,162.000,0.007,5,4931.471,2292.963
40.890,162.002,0.007,5,4931.520,2293.688
40.900,162.004,0.007,5,4931.570,2294.412
40.910,162.005,0.007,5,4931.620,2295.136
40.920,162.007,0.007,5,4931.669,2295.860
40.930,162.009,0.007,5,4931.719,2296.584
40.940,162.010,0.007,5,4931.768,2297.309
40.950,162.012,0.007,5,4931.818,2298.033
40.960,162.013,0.007,5,4931.868,2298.757
40.970,162.015,0.007,5,4931.917,2299.481
40.980,162.017,0.007,5,4931.967,2300.206
40.990,162.018,0.007,5,4932.016,2300.930
41.000,162.020,0.007,5,4932.066,2301.654
41.010,162.022,0.007,5,4932.115,2302.379
41.020,162.023,0.007,5,4932.164,2303.103
41.030,162.025,0.007,5,4932.214,2303.827
41.040,162.026,0.007,5,4932.263,2304.552
41.050,162.028,0.007,5,4932.313,2305.276
41.060,162.030,0.007,5,4932.362,2306.000
41.070,162.031,0.007,5,4932.411,2306.725
41.080,162.033,0.007,5,4932.460,2307.449
41.090,162.035,0.007,5,4932.510,2308.173
41.100,162.036,0.007,5,4932.559,2308.898
41.110,162.038,0.007,5,4932.608,2309.622
41.120,162.039,0.007,5,4932.657,2310.346
41.130,162.041,0.007,5,4932.706,2311.071
41.140,162.043,0.007,5,4932.756,2311.795
41.150,162.044,0.007,5,4932.805,2312.520
41.160,162.046,0.007,5,4932.854,2313.244
41.170,162.047,0.007,5,4932.903,2313.968
41.180,162.049,0.007,5,4932.952,2314.693
41.190,162.051,0.007,5,4933.001,2315.417
41.200,162.052,0.007,5,4933.050,2316.142
41.210,162.054,0.007,5,4933.099,2316.866
41.220,162.056,0.007,5,4933.148,2317.590
41.230,162.057,0.007,5,4933.197,2318.315
41.240,162.059,0.007,5,4933.246,2319.039
41.250,162.060,0.007,5,4933.295,2319.764
41.260,162.062,0.007,5,4933.344,2320.488
41.270,162.064,0.007,5,4933.393,2321.213
41.280,162.065,0.007,5,4933.441,2321.937
41.290,162.067,0.007,5,4933.490,2322.662
41.300,162.068,0.007,5,4933.539,2323.386
41.310,162.070,0.007,5,4933.588,2324.111
41.320,162.072,0.007,5,4933.636,2324.835
41.330,162.073,0.007,5,4933.685,2325.560
41.340,162.075,0.007,5,4933.734,2326.284
41.350,162.076,0.007,5,4933.783,2327.009
41.360,162.078,0.007,5,4933.831,2327.734
41.370,162.080,0.007,5,4933.880,2328.458
41.380,162.081,0.007,5,4933.928,2329.183
41.390,162.083,0.007,5,4933.977,2329.907
41.400,162.084,0.007,5,4934.026,2330.632
41.410,162.086,0.007,5,4934.074,2331.356
41.420,162.088,0.007,5,4934.123,2332.081
41.430,162.089,0.007,5,4934.171,2332.806
41.440,162.091,0.007,5,4934.220,2333.530
41.450,162.092,0.007,5,4934.268,2334.255
41.460,162.094,0.007,5,4934.317,2334.979
41.470,162.095,0.007,5,4934.365,2335.704
41.480,162.097,0.007,5,4934.413,2336.429
41.490,162.099,0.007,5,4934.462,2337.153
41.500,162.100,0.007,5,4934.510,2337.878
41.510,162.102,0.007,5,4934.558,2338.603
41.520,162.103,0.007,5,4934.607,2339.327
41.530,162.105,0.007,5,4934.655,2340.052
41.540,162.107,0.007,5,4934.703,2340.777
41.550,162.108,0.007,5,4934.752,2341.501
41.560,162.110,0.007,5,4934.800,2342.226
41.570,162.111,0.007,5,4934.848,2342.951
41.580,162.113,0.007,5,4934.896,2343.675
41.590,162.115,0.007,5,4934.944,2344.400
41.600,162.116,0.007,5,4934.992,2345.125
41.610,162.118,0.007,5,4935.041,2345.850
41.620,162.119,0.007,5,4935.089,2346.574
41.630,162.121,0.007,5,4935.137,2347.299
41.640,162.122,0.007,5,4935.185,2348.024
41.650,162.124,0.007,5,4935.233,2348.749
41.660,162.126,0.007,5,4935.281,2349.473
41.670,162.127,0.007,5,4935.329,2350.198
41.680,162.129,0.007,5,4935.377,2350.923
41.690,162.130,0.007,5,4935.425,2351.648
41.700,162.132,0.007,5,4935.473,2352.372
41.710,162.133,0.007,5,4935.520,2353.097
41.720,162.135,0.007,5,4935.568,2353.822
41.730,162.137,0.007,5,4935.616,2354.547
41.740,162.138,0.007,5,4935.664,2355.272
41.750,162.140,0.007,5,4935.712,2355.996
41.760,162.141,0.007,5,4935.760,2356.721
41.770,162.143,0.007,5,4935.807,2357.446
41.780,162.144,0.007,5,4935.855,2358.171
41.790,162.146,0.007,5,4935.903,2358.896
41.800,162.148,0.007,5,4935.950,2359.621
41.810,162.149,0.007,5,4935.998,2360.346
41.820,162.151,0.007,5,4936.046,2361.070
41.830,162.152,0.007,5,4936.093,2361.795
41.840,162.154,0.007,5,4936.141,2362.520
41.850,162.155,0.007,5,4936.189,2363.245
41.860,162.157,0.007,5,4936.236,2363.970
41.870,162.159,0.007,5,4936.284,2364.695
41.880,162.160,0.007,5,4936.331,2365.420
41.890,162.162,0.007,5,4936.379,2366.145
41.900,162.163,0.007,5,4936.426,2366.870
41.910,162.165,0.007,5,4936.474,2367.595
41.920,162.166,0.007,5,4936.521,2368.320
41.930,162.168,0.007,5,4936.568,2369.044
41.940,162.169,0.007,5,4936.616,2369.769
41.950,162.171,0.007,5,4936.663,2370.494
41.960,162.173,0.007,5,4936.711,2371.219
41.970,162.174,0.007,5,4936.758,2371.944
41.980,162.176,0.007,5,4936.805,2372.669
41.990,162.177,0.007,5,4936.853,2373.394
42.000,162.179,0.007,5,4936.900,2374.119
42.010,162.180,0.007,5,4936.947,2374.844
42.020,162.182,0.007,5,4936.994,2375.569
42.030,162.183,0.007,5,4937.041,2376.294
42.040,162.185,0.007,5,4937.089,2377.019
42.050,162.187,0.007,5,4937.136,2377.744
42.060,162.188,0.007,5,4937.183,2378.469
42.070,162.190,0.007,5,4937.230,2379.195
42.080,162.191,0.007,5,4937.277,2379.920
42.090,162.193,0.007,5,4937.324,2380.645
42.100,162.194,0.007,5,4937.371,2381.370
42.110,162.196,0.007,5,4937.418,2382.095
42.120,162.197,0.007,5,4937.465,2382.820
42.130,162.199,0.007,5,4937.512,2383.545
42.140,162.200,0.007,5,4937.559,2384.270
42.150,162.202,0.007,5,4937.606,2384.995
42.160,162.204,0.007,5,4937.653,2385.720
42.170,162.205,0.007,5,4937.700,2386.445
42.180,162.207,0.007,5,4937.747,2387.171
42.190,162.208,0.007,5,4937.794,2387.896
42.200,162.210,0.007,5,4937.841,2388.621
42.210,162.211,0.007,5,4937.887,2389.346
42.220,162.213,0.007,5,4937.934,2390.071
42.230,162.214,0.007,5,4937.981,2390.796
42.240,162.216,0.007,5,4938.028,2391.521
42.250,162.217,0.007,5,4938.074,2392.247
42.260,162.219,0.007,5,4938.121,2392.972
42.270,162.220,0.007,5,4938.168,2393.697
42.280,162.222,0.007,5,4938.214,2394.422
42.290,162.223,0.007,5,4938.261,2395.147
42.300,162.225,0.007,5,4938.308,2395.873
42.310,162.227,0.007,5,4938.354,2396.598
42.320,162.228,0.007,5,4938.401,2397.323
42.330,162.230,0.007,5,4938.447,2398.048
42.340,162.231,0.007,5,4938.494,2398.773
42.350,162.233,0.007,5,4938.541,2399.499
42.360,162.234,0.007,5,4938.587,2400.224
42.370,162.236,0.007,5,4938.633,2400.949
42.380,162.237,0.007,5,4938.680,2401.674
42.390,162.239,0.007,5,4938.726,2402.400
42.400,162.240,0.007,5,4938.773,2403.125
42.410,162.242,0.007,5,4938.819,2403.850
42.420,162.243,0.007,5,4938.866,2404.576
42.430,162.245,0.007,5,4938.912,2405.301
42.440,162.246,0.007,5,4938.958,2406.026
42.450,162.248,0.007,5,4939.005,2406.751
42.460,162.249,0.007,5,4939.051,2407.477
42.470,162.251,0.007,5,4939.097,2408.202
42.480,162.252,0.007,5,4939.143,2408.927
42.490,162.254,0.007,5,4939.190,2409.653
42.500,162.256,0.007,5,4939.236,2410.378
42.510,162.257,0.007,5,4939.282,2411.103
42.520,162.259,0.007,5,4939.328,2411.829
42.530,162.260,0.007,5,4939.374,2412.554
42.540,162.262,0.007,5,4939.420,2413.280
42.550,162.263,0.007,5,4939.466,2414.005
42.560,162.265,0.007,5,4939.512,2414.730
42.570,162.266,0.007,5,4939.559,2415.456
42.580,162.268,0.007,5,4939.605,2416.181
42.590,162.269,0.007,5,4939.651,2416.906
42.600,162.271,0.007,5,4939.697,2417.632
42.610,162.272,0.007,5,4939.743,2418.357
42.620,162.274,0.007,5,4939.788,2419.083
42.630,162.275,0.007,5,4939.834,2419.808
42.640,162.277,0.007,5,4939.880,2420.534
42.650,162.278,0.007,5,4939.926,2421.259
42.660,162.280,0.007,5,4939.972,2421.984
42.670,162.281,0.007,5,4940.018,2422.710
42.680,162.283,0.007,5,4940.064,2423.435
42.690,162.284,0.007,5,4940.110,2424.161
42.700,162.286,0.007,5,4940.155,2424.886
42.710,162.287,0.007,5,4940.201,2425.612
42.720,162.289,0.007,5,4940.247,2426.337
42.730,162.290,0.007,5,4940.293,2427.063
42.740,162.292,0.007,5,4940.338,2427.788
42.750,162.293,0.007,5,4940.384,2428.514
42.760,162.295,0.007,5,4940.430,2429.239
42.770,162.296,0.007,5,4940.475,2429.965
42.780,162.298,0.007,5,4940.521,2430.690
42.790,162.299,0.007,5,4940.566,2431.416
42.800,162.301,0.007,5,4940.612,2432.142
42.810,162.302,0.007,5,4940.658,2432.867
42.820,162.304,0.007,5,4940.703,2433.593
42.830,162.305,0.007,5,4940.749,2434.318
42.840,162.307,0.007,5,4940.794,2435.044
42.850,162.308,0.007,5,4940.840,2435.769
42.860,162.310,0.007,5,4940.885,2436.495
42.870,162.311,0.007,5,4940.930,2437.220
42.880,162.313,0.007,5,4940.976,2437.946
42.890,162.314,0.007,5,4941.021,2438.672
42.900,162.316,0.007,5,4941.067,2439.397
42.910,162.317,0.007,5,4941.112,2440.123
42.920,162.319,0.007,5,4941.157,2440.849
42.930,162.320,0.007,5,4941.203,2441.574
42.940,162.322,0.007,5,4941.248,2442.300
42.950,162.323,0.007,5,4941.293,2443.025
42.960,162.325,0.007,5,4941.338,2443.751
42.970,162.326,0.007,5,4941.384,2444.477
42.980,162.328,0.007,5,4941.429,2445.202
42.990,162.329,0.007,5,4941.474,2445.928
43.000,162.331,0.007,5,4941.519,2446.654
43.010,162.332,0.007,5,4941.564,2447.379
43.020,162.333,0.007,5,4941.609,2448.105
43.030,162.335,0.007,5,4941.655,2448.831
43.040,162.336,0.007,5,4941.700,2449.557
43.050,162.338,0.007,5,4941.745,2450.282
43.060,162.339,0.007,5,4941.790,2451.008
43.070,162.341,0.007,5,4941.835,2451.734
43.080,162.342,0.007,5,4941.880,2452.459
43.090,162.344,0.007,5,4941.925,2453.185
43.100,162.345,0.007,5,4941.970,2453.911
43.110,162.347,0.007,5,4942.015,2454.637
43.120,162.348,0.007,5,4942.059,2455.362
43.130,162.350,0.007,5,4942.104,2456.088
43.140,162.351,0.007,5,4942.149,2456.814
43.150,162.353,0.007,5,4942.194,2457.540
43.160,162.354,0.007,5,4942.239,2458.266
43.170,162.356,0.007,5,4942.284,2458.991
43.180,162.357,0.007,5,4942.329,2459.717
43.190,162.359,0.007,5,4942.373,2460.443
43.200,162.360,0.007,5,4942.418,2461.169
43.210,162.362,0.007,5,4942.463,2461.895
43.220,162.363,0.007,5,4942.508,2462.620
43.230,162.364,0.007,5,4942.552,2463.346
43.240,162.366,0.007,5,4942.597,2464.072
43.250,162.367,0.007,5,4942.642,2464.798
43.260,162.369,0.007,5,4942.686,2465.524
43.270,162.370,0.007,5,4942.731,2466.250
43.280,162.372,0.007,5,4942.775,2466.975
43.290,162.373,0.007,5,4942.820,2467.701
43.300,162.375,0.007,5,4942.864,2468.427
43.310,162.376,0.007,5,4942.909,2469.153
43.320,162.378,0.007,5,4942.953,2469.879
43.330,162.379,0.007,5,4942.998,2470.605
43.340,162.381,0.007,5,4943.042,2471.331
43.350,162.382,0.007,5,4943.087,2472.057
43.360,162.383,0.007,5,4943.131,2472.783
43.370,162.385,0.007,5,4943.176,2473.509
43.380,162.386,0.007,5,4943.220,2474.234
43.390,162.388,0.007,5,4943.264,2474.960
43.400,162.389,0.007,5,4943.309,2475.686
43.410,162.391,0.007,5,4943.353,2476.412
43.420,162.392,0.007,5,4943.397,2477.138
43.430,162.394,0.007,5,4943.442,2477.864
43.440,162.395,0.007,5,4943.486,2478.590
43.450,162.397,0.007,5,4943.530,2479.316
43.460,162.398,0.007,5,4943.574,2480.042
43.470,162.399,0.007,5,4943.619,2480.768
43.480,162.401,0.007,5,4943.663,2481.494
43.490,162.402,0.007,5,4943.707,2482.220
43.500,162.404,0.007,5,4943.751,2482.946
43.510,162.405,0.007,5,4943.795,2483.672
43.520,162.407,0.007,5,4943.839,2484.398
43.530,162.408,0.007,5,4943.884,2485.124
43.540,162.410,0.007,5,4943.928,2485.850
43.550,162.411,0.007,5,4943.972,2486.576
43.560,162.413,0.007,5,4944.016,2487.302
43.570,162.414,0.007,5,4944.060,2488.028
43.580,162.415,0.007,5,4944.104,2488.754
43.590,162.417,0.007,5,4944.148,2489.480
43.600,162.418,0.007,5,4944.192,2490.206
43.610,162.420,0.007,5,4944.235,2490.933
43.620,162.421,0.007,5,4944.279,2491.659
43.630,162.423,0.007,5,4944.323,2492.385
43.640,162.424,0.007,5,4944.367,2493.111
43.650,162.426,0.007,5,4944.411,2493.837
43.660,162.427,0.007,5,4944.455,2494.563
43.670,162.428,0.007,5,4944.499,2495.289
43.680,162.430,0.007,5,4944.542,2496.015
43.690,162.431,0.007,5,4944.586,2496.741
43.700,162.433,0.007,5,4944.630,2497.468
43.710,162.434,0.007,5,4944.674,2498.194
43.720,162.436,0.007,5,4944.717,2498.920
43.730,162.437,0.007,5,4944.761,2499.646
43.740,162.438,0.007,5,4944.805,2500.372
43.750,162.440,0.007,5,4944.848,2501.098
43.760,162.441,0.007,5,4944.892,2501.824
43.770,162.443,0.007,5,4944.936,2502.551
43.780,162.444,0.007,5,4944.979,2503.277
43.790,162.446,0.007,5,4945.023,2504.003
43.800,162.447,0.007,5,4945.066,2504.729
43.810,162.448,0.007,5,4945.110,2505.455
43.820,162.450,0.007,5,4945.153,2506.182
43.830,162.451,0.007,5,4945.197,2506.908
43.840,162.453,0.007,5,4945.240,2507.634
43.850,162.454,0.007,5,4945.284,2508.360
43.860,162.456,0.006,5,4945.327,2509.087
43.870,162.457,0.006,5,4945.371,2509.813
43.880,162.458,0.006,5,4945.414,2510.539
43.890,162.460,0.006,5,4945.457,2511.265
43.900,162.461,0.006,5,4945.501,2511.992
43.910,162.463,0.006,5,4945.544,2512.718
43.920,162.464,0.006,5,4945.587,2513.444
43.930,162.466,0.006,5,4945.631,2514.170
43.940,162.467,0.006,5,4945.674,2514.897
43.950,162.468,0.006,5,4945.717,2515.623
43.960,162.470,0.006,5,4945.760,2516.349
43.970,162.471,0.006,5,4945.803,2517.076
43.980,162.473,0.006,5,4945.847,2517.802
43.990,162.474,0.006,5,4945.890,2518.528
44.000,162.476,0.006,5,4945.933,2519.255
44.010,162.477,0.006,5,4945.976,2519.981
44.020,162.478,0.006,5,4946.019,2520.707
44.030,162.480,0.006,5,4946.062,2521.434
44.040,162.481,0.006,5,4946.105,2522.160
44.050,162.483,0.006,5,4946.148,2522.886
44.060,162.484,0.006,5,4946.191,2523.613
44.070,162.485,0.006,5,4946.235,2524.339
44.080,162.487,0.006,5,4946.278,2525.065
44.090,162.488,0.006,5,4946.320,2525.792
44.100,162.490,0.006,5,4946.363,2526.518
44.110,162.491,0.006,5,4946.406,2527.245
44.120,162.492,0.006,5,4946.449,2527.971
44.130,162.494,0.006,5,4946.492,2528.697
44.140,162.495,0.006,5,4946.535,2529.424
44.150,162.497,0.006,5,4946.578,2530.150
44.160,162.498,0.006,5,4946.621,2530.877
44.170,162.500,0.006,5,4946.664,2531.603
44.180,162.501,0.006,5,4946.706,2532.330
44.190,162.502,0.006,5,4946.749,2533.056
44.200,162.504,0.006,5,4946.792,2533.782
44.210,162.505,0.006,5,4946.835,2534.509
44.220,162.507,0.006,5,4946.877,2535.235
44.230,162.508,0.006,5,4946.920,2535.962
44.240,162.509,0.006,5,4946.963,2536.688
44.250,162.511,0.006,5,4947.005,2537.415
44.260,162.512,0.006,5,4947.048,2538.141
44.270,162.514,0.006,5,4947.091,2538.868
44.280,162.515,0.006,5,4947.133,2539.594
44.290,162.516,0.006,5,4947.176,2540.321
44.300,162.518,0.006,5,4947.218,2541.047
44.310,162.519,0.006,5,4947.261,2541.774
44.320,162.521,0.006,5,4947.304,2542.500
44.330,162.522,0.006,5,4947.346,2543.227
44.340,162.523,0.006,5,4947.389,2543.953
44.350,162.525,0.006,5,4947.431,2544.680
44.360,162.526,0.006,5,4947.473,2545.406
44.370,162.528,0.006,5,4947.516,2546.133
44.380,162.529,0.006,5,4947.558,2546.860
44.390,162.530,0.006,5,4947.601,2547.586
44.400,162.532,0.006,5,4947.643,2548.313
44.410,162.533,0.006,5,4947.685,2549.039
44.420,162.534,0.006,5,4947.728,2549.766
44.430,162.536,0.006,5,4947.770,2550.493
44.440,162.537,0.006,5,4947.812,2551.219
44.450,162.539,0.006,5,4947.855,2551.946
44.460,162.540,0.006,5,4947.897,2552.672
44.470,162.541,0.006,5,4947.939,2553.399
44.480,162.543,0.006,5,4947.981,2554.126
44.490,162.544,0.006,5,4948.024,2554.852
44.500,162.546,0.006,5,4948.066,2555.579
44.510,162.547,0.006,5,4948.108,2556.306
44.520,162.548,0.006,5,4948.150,2557.032
44.530,162.550,0.006,5,4948.192,2557.759
44.540,162.551,0.006,5,4948.234,2558.486
44.550,162.552,0.006,5,4948.276,2559.212
44.560,162.554,0.006,5,4948.318,2559.939
44.570,162.555,0.006,5,4948.360,2560.666
44.580,162.557,0.006,5,4948.402,2561.392
44.590,162.558,0.006,5,4948.444,2562.119
44.600,162.559,0.006,5,4948.486,2562.846
44.610,162.561,0.006,5,4948.528,2563.572
44.620,162.562,0.006,5,4948.570,2564.299
44.630,162.564,0.006,5,4948.612,2565.026
44.640,162.565,0.006,5,4948.654,2565.752
44.650,162.566,0.006,5,4948.696,2566.479
44.660,162.568,0.006,5,4948.738,2567.206
44.670,162.569,0.006,5,4948.780,2567.933
44.680,162.570,0.006,5,4948.822,2568.659
44.690,162.572,0.006,5,4948.863,2569.386
44.700,162.573,0.006,5,4948.905,2570.113
44.710,162.575,0.006,5,4948.947,2570.840
44.720,162.576,0.006,5,4948.989,2571.567
44.730,162.577,0.006,5,4949.031,2572.293
44.740,162.579,0.006,5,4949.072,2573.020
44.750,162.580,0.006,5,4949.114,2573.747
44.760,162.581,0.006,5,4949.156,2574.474
44.770,162.583,0.006,5,4949.197,2575.200
44.780,162.584,0.006,5,4949.239,2575.927
44.790,162.585,0.006,5,4949.281,2576.654
44.800,162.587,0.006,5,4949.322,2577.381
44.810,162.588,0.006,5,4949.364,2578.108
44.820,162.590,0.006,5,4949.405,2578.835
44.830,162.591,0.006,5,4949.447,2579.561
44.840,162.592,0.006,5,4949.488,2580.288
44.850,162.594,0.006,5,4949.530,2581.015
44.860,162.595,0.006,5,4949.571,2581.742
44.870,162.596,0.006,5,4949.613,2582.469
44.880,162.598,0.006,5,4949.654,2583.196
44.890,162.599,0.006,5,4949.696,2583.923
44.900,162.600,0.006,5,4949.737,2584.650
44.910,162.602,0.006,5,4949.779,2585.376
44.920,162.603,0.006,5,4949.820,2586.103
44.930,162.605,0.006,5,4949.861,2586.830
44.940,162.606,0.006,5,4949.903,2587.557
44.950,162.607,0.006,5,4949.944,2588.284
44.960,162.609,0.006,5,4949.985,2589.011
44.970,162.610,0.006,5,4950.027,2589.738
44.980,162.611,0.006,5,4950.068,2590.465
44.990,162.613,0.006,5,4950.109,2591.192
45.000,162.614,0.006,5,4950.150,2591.919
45.010,162.615,0.006,5,4950.192,2592.646
45.020,162.617,0.006,5,4950.233,2593.373
45.030,162.618,0.006,5,4950.274,2594.100
45.040,162.619,0.006,5,4950.315,2594.827
45.050,162.621,0.006,5,4950.356,2595.554
45.060,162.622,0.006,5,4950.397,2596.280
45.070,162.624,0.006,5,4950.438,2597.007
45.080,162.625,0.006,5,4950.479,2597.734
45.090,162.626,0.006,5,4950.521,2598.461
45.100,162.628,0.006,5,4950.562,2599.188
45.110,162.629,0.006,5,4950.603,2599.915
45.120,162.630,0.006,5,4950.644,2600.643
45.130,162.632,0.006,5,4950.685,2601.370
45.140,162.633,0.006,5,4950.726,2602.097
45.150,162.634,0.006,5,4950.767,2602.824
45.160,162.636,0.006,5,4950.807,2603.551
45.170,162.637,0.006,5,4950.848,2604.278
45.180,162.638,0.006,5,4950.889,2605.005
45.190,162.640,0.006,5,4950.930,2605.732
45.200,162.641,0.006,5,4950.971,2606.459
45.210,162.642,0.006,5,4951.012,2607.186
45.220,162.644,0.006,5,4951.053,2607.913
45.230,162.645,0.006,5,4951.093,2608.640
45.240,162.646,0.006,5,4951.134,2609.367
45.250,162.648,0.006,5,4951.175,2610.094
45.260,162.649,0.006,5,4951.216,2610.821
45.270,162.650,0.006,5,4951.256,2611.549
45.280,162.652,0.006,5,4951.297,2612.276
45.290,162.653,0.006,5,4951.338,2613.003
45.300,162.654,0.006,5,4951.378,2613.730
45.310,162.656,0.006,5,4951.419,2614.457
45.320,162.657,0.006,5,4951.460,2615.184
45.330,162.658,0.006,5,4951.500,2615.911
45.340,162.660,0.006,5,4951.541,2616.638
45.350,162.661,0.006,5,4951.582,2617.366
45.360,162.662,0.006,5,4951.622,2618.093
45.370,162.664,0.006,5,4951.663,2618.820
45.380,162.665,0.006,5,4951.703,2619.547
45.390,162.666,0.006,5,4951.744,2620.274
45.400,162.668,0.006,5,4951.784,2621.001
45.410,162.669,0.006,5,4951.825,2621.729
45.420,162.670,0.006,5,4951.865,2622.456
45.430,162.672,0.006,5,4951.906,2623.183
45.440,162.673,0.006,5,4951.946,2623.910
45.450,162.674,0.006,5,4951.986,2624.637
45.460,162.676,0.006,5,4952.027,2625.365
45.470,162.677,0.006,5,4952.067,2626.092
45.480,162.678,0.006,5,4952.107,2626.819
45.490,162.680,0.006,5,4952.148,2627.546
45.500,162.681,0.006,5,4952.188,2628.274
45.510,162.682,0.006,5,4952.228,2629.001
45.520,162.684,0.006,5,4952.269,2629.728
45.530,162.685,0.006,5,4952.309,2630.455
45.540,162.686,0.006,5,4952.349,2631.183
45.550,162.688,0.006,5,4952.389,2631.910
45.560,162.689,0.006,5,4952.429,2632.637
45.570,162.690,0.006,5,4952.470,2633.365
45.580,162.692,0.006,5,4952.510,2634.092
45.590,162.693,0.006,5,4952.550,2634.819
45.600,162.694,0.006,5,4952.590,2635.546
45.610,162.696,0.006,5,4952.630,2636.274
45.620,162.697,0.006,5,4952.670,2637.001
45.630,162.698,0.006,5,4952.710,2637.728
45.640,162.699,0.006,5,4952.750,2638.456
45.650,162.701,0.006,5,4952.790,2639.183
45.660,162.702,0.006,5,4952.830,2639.910
45.670,162.703,0.006,5,4952.870,2640.638
45.680,162.705,0.006,5,4952.910,2641.365
45.690,162.706,0.006,5,4952.950,2642.092
45.700,162.707,0.006,5,4952.990,2642.820
45.710,162.709,0.006,5,4953.030,2643.547
45.720,162.710,0.006,5,4953.070,2644.275
45.730,162.711,0.006,5,4953.110,2645.002
45.740,162.713,0.006,5,4953.150,2645.729
45.750,162.714,0.006,5,4953.190,2646.457
45.760,162.715,0.006,5,4953.229,2647.184
45.770,162.717,0.006,5,4953.269,2647.911
45.780,162.718,0.006,5,4953.309,2648.639
45.790,162.719,0.006,5,4953.349,2649.366
45.800,162.720,0.006,5,4953.388,2650.094
45.810,162.722,0.006,5,4953.428,2650.821
45.820,162.723,0.006,5,4953.468,2651.549
45.830,162.724,0.006,5,4953.508,2652.276
45.840,162.726,0.006,5,4953.547,2653.003
45.850,162.727,0.006,5,4953.587,2653.731
45.860,162.728,0.006,5,4953.627,2654.458
45.870,162.730,0.006,5,4953.666,2655.186
45.880,162.731,0.006,5,4953.706,2655.913
45.890,162.732,0.006,5,4953.745,2656.641
45.900,162.733,0.006,5,4953.785,2657.368
45.910,162.735,0.006,5,4953.825,2658.096
45.920,162.736,0.006,5,4953.864,2658.823
45.930,162.737,0.006,5,4953.904,2659.551
45.940,162.739,0.006,5,4953.943,2660.278
45.950,162.740,0.006,5,4953.983,2661.006
45.960,162.741,0.006,5,4954.022,2661.733
45.970,162.743,0.006,5,4954.061,2662.461
45.980,162.744,0.006,5,4954.101,2663.188
45.990,162.745,0.006,5,4954.140,2663.916
46.000,162.746,0.006,5,4954.180,2664.643
46.010,162.748,0.006,5,4954.219,2665.371
46.020,162.749,0.006,5,4954.258,2666.098
46.030,162.750,0.006,5,4954.298,2666.826
46.040,162.752,0.006,5,4954.337,2667.554
46.050,162.753,0.006,5,4954.376,2668.281
46.060,162.754,0.006,5,4954.416,2669.009
46.070,162.755,0.006,5,4954.455,2669.736
46.080,162.757,0.006,5,4954.494,2670.464
46.090,162.758,0.006,5,4954.533,2671.191
46.100,162.759,0.006,5,4954.573,2671.919
46.110,162.761,0.006,5,4954.612,2672.647
46.120,162.762,0.006,5,4954.651,2673.374
46.130,162.763,0.006,5,4954.690,2674.102
46.140,162.764,0.006,5,4954.729,2674.830
46.150,162.766,0.006,5,4954.768,2675.557
46.160,162.767,0.006,5,4954.808,2676.285
46.170,162.768,0.006,5,4954.847,2677.012
46.180,162.770,0.006,5,4954.886,2677.740
46.190,162.771,0.006,5,4954.925,2678.468
46.200,162.772,0.006,5,4954.964,2679.195
46.210,162.773,0.006,5,4955.003,2679.923
46.220,162.775,0.006,5,4955.042,2680.651
46.230,162.776,0.006,5,4955.081,2681.378
46.240,162.777,0.006,5,4955.120,2682.106
46.250,162.779,0.006,5,4955.159,2682.834
46.260,162.780,0.006,5,4955.198,2683.561
46.270,162.781,0.006,5,4955.236,2684.289
46.280,162.782,0.006,5,4955.275,2685.017
46.290,162.784,0.006,5,4955.314,2685.744
46.300,162.785,0.006,5,4955.353,2686.472
46.310,162.786,0.006,5,4955.392,2687.200
46.320,162.788,0.006,5,4955.431,2687.928
46.330,162.789,0.006,5,4955.470,2688.655
46.340,162.790,0.006,5,4955.508,2689.383
46.350,162.791,0.006,5,4955.547,2690.111
46.360,162.793,0.006,5,4955.586,2690.839
46.370,162.794,0.006,5,4955.625,2691.566
46.380,162.795,0.006,5,4955.663,2692.294
46.390,162.796,0.006,5,4955.702,2693.022
46.400,162.798,0.006,5,4955.741,2693.750
46.410,162.799,0.006,5,4955.779,2694.477
46.420,162.800,0.006,5,4955.818,2695.205
46.430,162.802,0.006,5,4955.857,2695.933
46.440,162.803,0.006,5,4955.895,2696.661
46.450,162.804,0.006,5,4955.934,2697.389
46.460,162.805,0.006,5,4955.972,2698.116
46.470,162.807,0.006,5,4956.011,2698.844
46.480,162.808,0.006,5,4956.049,2699.572
46.490,162.809,0.006,5,4956.088,2700.300
46.500,162.810,0.006,5,4956.127,2701.028
46.510,162.812,0.006,5,4956.165,2701.755
46.520,162.813,0.006,5,4956.203,2702.483
46.530,162.814,0.006,5,4956.242,2703.211
46.540,162.815,0.006,5,4956.280,2703.939
46.550,162.817,0.006,5,4956.319,2704.667
46.560,162.818,0.006,5,4956.357,2705.395
46.570,162.819,0.006,5,4956.396,2706.122
46.580,162.820,0.006,5,4956.434,2706.850
46.590,162.822,0.006,5,4956.472,2707.578
46.600,162.823,0.006,5,4956.511,2708.306
46.610,162.824,0.006,5,4956.549,2709.034
46.620,162.826,0.006,5,4956.587,2709.762
46.630,162.827,0.006,5,4956.625,2710.490
46.640,162.828,0.006,5,4956.664,2711.218
46.650,162.829,0.006,5,4956.702,2711.946
46.660,162.831,0.006,5,4956.740,2712.674
46.670,162.832,0.006,5,4956.778,2713.401
46.680,162.833,0.006,5,4956.817,2714.129
46.690,162.834,0.006,5,4956.855,2714.857
46.700,162.836,0.006,5,4956.893,2715.585
46.710,162.837,0.006,5,4956.931,2716.313
46.720,162.838,0.006,5,4956.969,2717.041
46.730,162.839,0.006,5,4957.007,2717.769
46.740,162.841,0.006,5,4957.045,2718.497
46.750,162.842,0.006,5,4957.083,2719.225
46.760,162.843,0.006,5,4957.121,2719.953
46.770,162.844,0.006,5,4957.159,2720.681
46.780,162.846,0.006,5,4957.197,2721.409
46.790,162.847,0.006,5,4957.235,2722.137
46.800,162.848,0.006,5,4957.273,2722.865
46.810,162.849,0.006,5,4957.311,2723.593
46.820,162.851,0.006,5,4957.349,2724.321
46.830,162.852,0.006,5,4957.387,2725.049
46.840,162.853,0.006,5,4957.425,2725.777
46.850,162.854,0.006,5,4957.463,2726.505
46.860,162.856,0.006,5,4957.501,2727.233
46.870,162.857,0.006,5,4957.539,2727.961
46.880,162.858,0.006,5,4957.577,2728.689
46.890,162.859,0.006,5,4957.614,2729.417
46.900,162.860,0.006,5,4957.652,2730.145
46.910,162.862,0.006,5,4957.690,2730.873
46.920,162.863,0.006,5,4957.728,2731.601
46.930,162.864,0.006,5,4957.766,2732.329
46.940,162.865,0.006,5,4957.803,2733.057
46.950,162.867,0.006,5,4957.841,2733.785
46.960,162.868,0.006,5,4957.879,2734.514
46.970,162.869,0.006,5,4957.916,2735.242
46.980,162.870,0.006,5,4957.954,2735.970
46.990,162.872,0.006,5,4957.992,2736.698
47.000,162.873,0.006,5,4958.029,2737.426
47.010,162.874,0.006,5,4958.067,2738.154
47.020,162.875,0.006,5,4958.105,2738.882
47.030,162.877,0.006,5,4958.142,2739.610
47.040,162.878,0.006,5,4958.180,2740.338
47.050,162.879,0.006,5,4958.217,2741.066
47.060,162.880,0.006,5,4958.255,2741.795
47.070,162.882,0.006,5,4958.292,2742.523
47.080,162.883,0.006,5,4958.330,2743.251
47.090,162.884,0.006,5,4958.367,2743.979
47.100,162.885,0.006,5,4958.405,2744.707
47.110,162.886,0.006,5,4958.442,2745.435
47.120,162.888,0.006,5,4958.480,2746.164
47.130,162.889,0.006,5,4958.517,2746.892
47.140,162.890,0.006,5,4958.554,2747.620
47.150,162.891,0.006,5,4958.592,2748.348
47.160,162.893,0.006,5,4958.629,2749.076
47.170,162.894,0.006,5,4958.667,2749.804
47.180,162.895,0.006,5,4958.704,2750.533
47.190,162.896,0.006,5,4958.741,2751.261
47.200,162.897,0.006,5,4958.778,2751.989
47.210,162.899,0.006,5,4958.816,2752.717
47.220,162.900,0.006,5,4958.853,2753.446
47.230,162.901,0.006,5,4958.890,2754.174
47.240,162.902,0.006,5,4958.927,2754.902
47.250,162.904,0.006,5,4958.965,2755.630
47.260,162.905,0.006,5,4959.002,2756.358
47.270,162.906,0.006,5,4959.039,2757.087
47.280,162.907,0.006,5,4959.076,2757.815
47.290,162.908,0.006,5,4959.113,2758.543
47.300,162.910,0.006,5,4959.150,2759.272
47.310,162.911,0.006,5,4959.188,2760.000
47.320,162.912,0.006,5,4959.225,2760.728
47.330,162.913,0.006,5,4959.262,2761.456
47.340,162.915,0.006,5,4959.299,2762.185
47.350,162.916,0.006,5,4959.336,2762.913
47.360,162.917,0.006,5,4959.373,2763.641
47.370,162.918,0.006,5,4959.410,2764.370
47.380,162.919,0.006,5,4959.447,2765.098
47.390,162.921,0.006,5,4959.484,2765.826
47.400,162.922,0.006,5,4959.521,2766.555
47.410,162.923,0.006,5,4959.558,2767.283
47.420,162.924,0.006,5,4959.595,2768.011
47.430,162.926,0.006,5,4959.631,2768.740
47.440,162.927,0.006,5,4959.668,2769.468
47.450,162.928,0.006,5,4959.705,2770.196
47.460,162.929,0.006,5,4959.742,2770.925
47.470,162.930,0.006,5,4959.779,2771.653
47.480,162.932,0.006,5,4959.816,2772.381
47.490,162.933,0.006,5,4959.853,2773.110
47.500,162.934,0.006,5,4959.889,2773.838
47.510,162.935,0.006,5,4959.926,2774.566
47.520,162.936,0.005,5,4959.963,2775.295
47.530,162.938,0.005,5,4960.000,2776.023
47.540,162.939,0.005,5,4960.036,2776.752
47.550,162.940,0.005,5,4960.073,2777.480
47.560,162.941,0.005,5,4960.110,2778.208
47.570,162.942,0.005,5,4960.146,2778.937
47.580,162.944,0.005,5,4960.183,2779.665
47.590,162.945,0.005,5,4960.220,2780.394
47.600,162.946,0.005,5,4960.256,2781.122
47.610,162.947,0.005,5,4960.293,2781.851
47.620,162.948,0.005,5,4960.329,2782.579
47.630,162.950,0.005,5,4960.366,2783.307
47.640,162.951,0.005,5,4960.403,2784.036
47.650,162.952,0.005,5,4960.439,2784.764
47.660,162.953,0.005,5,4960.476,2785.493
47.670,162.954,0.005,5,4960.512,2786.221
47.680,162.956,0.005,5,4960.549,2786.950
47.690,162.957,0.005,5,4960.585,2787.678
47.700,162.958,0.005,5,4960.621,2788.407
47.710,162.959,0.005,5,4960.658,2789.135
47.720,162.960,0.005,5,4960.694,2789.864
47.730,162.962,0.005,5,4960.731,2790.592
47.740,162.963,0.005,5,4960.767,2791.321
47.750,162.964,0.005,5,4960.803,2792.049
47.760,162.965,0.005,5,4960.840,2792.778
47.770,162.966,0.005,5,4960.876,2793.506
47.780,162.968,0.005,5,4960.912,2794.235
47.790,162.969,0.005,5,4960.949,2794.963
47.800,162.970,0.005,5,4960.985,2795.692
47.810,162.971,0.005,5,4961.021,2796.420
47.820,162.972,0.005,5,4961.058,2797.149
47.830,162.974,0.005,5,4961.094,2797.877
47.840,162.975,0.005,5,4961.130,2798.606
47.850,162.976,0.005,5,4961.166,2799.335
47.860,162.977,0.005,5,4961.202,2800.063
47.870,162.978,0.005,5,4961.239,2800.792
47.880,162.979,0.005,5,4961.275,2801.520
47.890,162.981,0.005,5,4961.311,2802.249
47.900,162.982,0.005,5,4961.347,2802.977
47.910,162.983,0.005,5,4961.383,2803.706
47.920,162.984,0.005,5,4961.419,2804.435
47.930,162.985,0.005,5,4961.455,2805.163
47.940,162.987,0.005,5,4961.491,2805.892
47.950,162.988,0.005,5,4961.527,2806.621
47.960,162.989,0.005,5,4961.563,2807.349
47.970,162.990,0.005,5,4961.599,2808.078
47.980,162.991,0.005,5,4961.635,2808.806
47.990,162.993,0.005,5,4961.671,2809.535
48.000,162.994,0.005,5,4961.707,2810.264
48.010,162.995,0.005,5,4961.743,2810.992
48.020,162.996,0.005,5,4961.779,2811.721
48.030,162.997,0.005,5,4961.815,2812.450
48.040,162.998,0.005,5,4961.851,2813.178
48.050,163.000,0.005,5,4961.887,2813.907
48.060,163.001,0.005,5,4961.923,2814.636
48.070,163.002,0.005,5,4961.958,2815.364
48.080,163.003,0.005,5,4961.994,2816.093
48.090,163.004,0.005,5,4962.030,2816.822
48.100,163.005,0.005,5,4962.066,2817.550
48.110,163.007,0.005,5,4962.102,2818.279
48.120,163.008,0.005,5,4962.137,2819.008
48.130,163.009,0.005,5,4962.173,2819.737
48.140,163.010,0.005,5,4962.209,2820.465
48.150,163.011,0.005,5,4962.245,2821.194
48.160,163.013,0.005,5,4962.280,2821.923
48.170,163.014,0.005,5,4962.316,2822.651
48.180,163.015,0.005,5,4962.352,2823.380
48.190,163.016,0.005,5,4962.387,2824.109
48.200,163.017,0.005,5,4962.423,2824.838
48.210,163.018,0.005,5,4962.458,2825.566
48.220,163.020,0.005,5,4962.494,2826.295
48.230,163.021,0.005,5,4962.530,2827.024
48.240,163.022,0.005,5,4962.565,2827.753
48.250,163.023,0.005,5,4962.601,2828.481
48.260,163.024,0.005,5,4962.636,2829.210
48.270,163.025,0.005,5,4962.672,2829.939
48.280,163.027,0.005,5,4962.707,2830.668
48.290,163.028,0.005,5,4962.743,2831.397
48.300,163.029,0.005,5,4962.778,2832.125
48.310,163.030,0.005,5,4962.814,2832.854
48.320,163.031,0.005,5,4962.849,2833.583
48.330,163.032,0.005,5,4962.885,2834.312
48.340,163.034,0.005,5,4962.920,2835.041
48.350,163.035,0.005,5,4962.955,2835.769
48.360,163.036,0.005,5,4962.991,2836.498
48.370,163.037,0.005,5,4963.026,2837.227
48.380,163.038,0.005,5,4963.061,2837.956
48.390,163.039,0.005,5,4963.097,2838.685
48.400,163.041,0.005,5,4963.132,2839.414
48.410,163.042,0.005,5,4963.167,2840.143
48.420,163.043,0.005,5,4963.203,2840.871
48.430,163.044,0.005,5,4963.238,2841.600
48.440,163.045,0.005,5,4963.273,2842.329
48.450,163.046,0.005,5,4963.308,2843.058
48.460,163.047,0.005,5,4963.343,2843.787
48.470,163.049,0.005,5,4963.379,2844.516
48.480,163.050,0.005,5,4963.414,2845.245
48.490,163.051,0.005,5,4963.449,2845.974
48.500,163.052,0.005,5,4963.484,2846.703
48.510,163.053,0.005,5,4963.519,2847.431
48.520,163.054,0.005,5,4963.554,2848.160
48.530,163.056,0.005,5,4963.589,2848.889
48.540,163.057,0.005,5,4963.624,2849.618
48.550,163.058,0.005,5,4963.660,2850.347
48.560,163.059,0.005,5,4963.695,2851.076
48.570,163.060,0.005,5,4963.730,2851.805
48.580,163.061,0.005,5,4963.765,2852.534
48.590,163.062,0.005,5,4963.800,2853.263
48.600,163.064,0.005,5,4963.835,2853.992
48.610,163.065,0.005,5,4963.870,2854.721
48.620,163.066,0.005,5,4963.905,2855.450
48.630,163.067,0.005,5,4963.939,2856.179
48.640,163.068,0.005,5,4963.974,2856.908
48.650,163.069,0.005,5,4964.009,2857.637
48.660,163.070,0.005,5,4964.044,2858.366
48.670,163.072,0.005,5,4964.079,2859.095
48.680,163.073,0.005,5,4964.114,2859.824
48.690,163.074,0.005,5,4964.149,2860.553
48.700,163.075,0.005,5,4964.184,2861.282
48.710,163.076,0.005,5,4964.218,2862.011
48.720,163.077,0.005,5,4964.253,2862.740
48.730,163.078,0.005,5,4964.288,2863.469
48.740,163.080,0.005,5,4964.323,2864.198
48.750,163.081,0.005,5,4964.357,2864.927
48.760,163.082,0.005,5,4964.392,2865.656
48.770,163.083,0.005,5,4964.427,2866.385
48.780,163.084,0.005,5,4964.462,2867.114
48.790,163.085,0.005,5,4964.496,2867.843
48.800,163.086,0.005,5,4964.531,2868.572
48.810,163.088,0.005,5,4964.566,2869.301
48.820,163.089,0.005,5,4964.600,2870.030
48.830,163.090,0.005,5,4964.635,2870.759
48.840,163.091,0.005,5,4964.669,2871.488
48.850,163.092,0.005,5,4964.704,2872.217
48.860,163.093,0.005,5,4964.739,2872.946
48.870,163.094,0.005,5,4964.773,2873.676
48.880,163.096,0.005,5,4964.808,2874.405
48.890,163.097,0.005,5,4964.842,2875.134
48.900,163.098,0.005,5,4964.877,2875.863
48.910,163.099,0.005,5,4964.911,2876.592
48.920,163.100,0.005,5,4964.946,2877.321
48.930,163.101,0.005,5,4964.980,2878.050
48.940,163.102,0.005,5,4965.014,2878.779
48.950,163.103,0.005,5,4965.049,2879.509
48.960,163.105,0.005,5,4965.083,2880.238
48.970,163.106,0.005,5,4965.118,2880.967
48.980,163.107,0.005,5,4965.152,2881.696
48.990,163.108,0.005,5,4965.186,2882.425
49.000,163.109,0.005,5,4965.221,2883.154
49.010,163.110,0.005,5,4965.255,2883.883
49.020,163.111,0.005,5,4965.289,2884.613
49.030,163.113,0.005,5,4965.324,2885.342
49.040,163.114,0.005,5,4965.358,2886.071
49.050,163.115,0.005,5,4965.392,2886.800
49.060,163.116,0.005,5,4965.427,2887.529
49.070,163.117,0.005,5,4965.461,2888.259
49.080,163.118,0.005,5,4965.495,2888.988
49.090,163.119,0.005,5,4965.529,2889.717
49.100,163.120,0.005,5,4965.563,2890.446
49.110,163.121,0.005,5,4965.598,2891.175
49.120,163.123,0.005,5,4965.632,2891.905
49.130,163.124,0.005,5,4965.666,2892.634
49.140,163.125,0.005,5,4965.700,2893.363
49.150,163.126,0.005,5,4965.734,2894.092
49.160,163.127,0.005,5,4965.768,2894.821
49.170,163.128,0.005,5,4965.802,2895.551
49.180,163.129,0.005,5,4965.836,2896.280
49.190,163.130,0.005,5,4965.870,2897.009
