Time_s,Speed_mph,Acceleration_G,Gear,Engine_RPM,Distance_m
0.000,0.000,1.035,1,1000.000,0.000
0.010,0.227,1.035,1,1000.000,0.001
0.020,0.454,1.035,1,1000.000,0.002
0.030,0.681,1.035,1,1000.000,0.005
0.040,0.908,1.035,1,1000.000,0.008
0.050,1.136,1.035,1,1000.000,0.013
0.060,1.363,1.035,1,1000.000,0.018
0.070,1.590,1.035,1,1000.000,0.025
0.080,1.817,1.035,1,1000.000,0.032
0.090,2.044,1.035,1,1000.000,0.041
0.100,2.271,1.035,1,1000.000,0.051
0.110,2.498,1.035,1,1000.000,0.061
0.120,2.725,1.035,1,1000.000,0.073
0.130,2.953,1.035,1,1000.000,0.086
0.140,3.180,1.035,1,1000.000,0.100
0.150,3.407,1.035,1,1000.000,0.114
0.160,3.634,1.035,1,1000.000,0.130
0.170,3.861,1.035,1,1000.000,0.147
0.180,4.088,1.035,1,1000.000,0.164
0.190,4.315,1.035,1,1000.000,0.183
0.200,4.542,1.035,1,1000.000,0.203
0.210,4.769,1.035,1,1000.000,0.224
0.220,4.997,1.035,1,1000.000,0.246
0.230,5.224,1.035,1,1000.000,0.269
0.240,5.451,1.035,1,1000.000,0.292
0.250,5.678,1.035,1,1000.000,0.317
0.260,5.905,1.035,1,1000.000,0.343
0.270,6.132,1.035,1,1005.112,0.370
0.280,6.359,1.035,1,1042.333,0.398
0.290,6.586,1.035,1,1079.554,0.427
0.300,6.813,1.035,1,1116.774,0.457
0.310,7.040,1.035,1,1153.993,0.488
0.320,7.267,1.035,1,1191.212,0.520
0.330,7.494,1.035,1,1228.430,0.553
0.340,7.721,1.035,1,1265.647,0.587
0.350,7.948,1.035,1,1302.864,0.622
0.360,8.176,1.035,1,1340.080,0.658
0.370,8.403,1.035,1,1377.295,0.695
0.380,8.630,1.035,1,1414.510,0.733
0.390,8.857,1.035,1,1451.723,0.772
0.400,9.084,1.035,1,1488.936,0.812
0.410,9.311,1.035,1,1526.148,0.853
0.420,9.538,1.034,1,1563.360,0.895
0.430,9.765,1.034,1,1600.570,0.939
0.440,9.992,1.034,1,1637.779,0.983
0.450,10.219,1.034,1,1674.988,1.028
0.460,10.446,1.034,1,1712.196,1.074
0.470,10.673,1.034,1,1749.402,1.121
0.480,10.900,1.034,1,1786.608,1.170
0.490,11.127,1.034,1,1823.813,1.219
0.500,11.354,1.034,1,1861.016,1.269
0.510,11.581,1.034,1,1898.219,1.320
0.520,11.808,1.034,1,1935.421,1.373
0.530,12.035,1.034,1,1972.621,1.426
0.540,12.261,1.034,1,2009.821,1.480
0.550,12.488,1.034,1,2047.019,1.535
0.560,12.715,1.034,1,2084.216,1.592
0.570,12.942,1.034,1,2121.412,1.649
0.580,13.169,1.034,1,2158.607,1.708
0.590,13.396,1.034,1,2195.801,1.767
0.600,13.623,1.034,1,2232.993,1.827
0.610,13.850,1.034,1,2270.184,1.889
0.620,14.077,1.034,1,2307.374,1.951
0.630,14.304,1.034,1,2344.563,2.015
0.640,14.531,1.034,1,2381.750,2.079
0.650,14.757,1.034,1,2418.936,2.144
0.660,14.984,1.034,1,2456.121,2.211
0.670,15.211,1.034,1,2493.304,2.278
0.680,15.438,1.034,1,2530.486,2.347
0.690,15.665,1.034,1,2567.667,2.416
0.700,15.892,1.034,1,2604.846,2.487
0.710,16.118,1.034,1,2642.023,2.559
0.720,16.345,1.033,1,2679.199,2.631
0.730,16.572,1.033,1,2716.374,2.705
0.740,16.799,1.033,1,2753.547,2.779
0.750,17.026,1.033,1,2790.719,2.855
0.760,17.252,1.033,1,2827.889,2.932
0.770,17.479,1.033,1,2865.058,3.009
0.780,17.706,1.033,1,2902.224,3.088
0.790,17.933,1.033,1,2939.390,3.167
0.800,18.159,1.033,1,2976.553,3.248
0.810,18.386,1.033,1,3013.715,3.330
0.820,18.613,1.033,1,3050.876,3.413
0.830,18.839,1.033,1,3088.034,3.496
0.840,19.066,1.033,1,3125.191,3.581
0.850,19.293,1.033,1,3162.346,3.667
0.860,19.519,1.033,1,3199.500,3.753
0.870,19.746,1.033,1,3236.651,3.841
0.880,19.973,1.033,1,3273.801,3.930
0.890,20.199,1.033,1,3310.949,4.020
0.900,20.426,1.033,1,3348.095,4.111
0.910,20.653,1.033,1,3385.240,4.202
0.920,20.879,1.033,1,3422.382,4.295
0.930,21.106,1.032,1,3459.522,4.389
0.940,21.332,1.032,1,3496.661,4.484
0.950,21.559,1.032,1,3533.798,4.580
0.960,21.785,1.032,1,3570.932,4.677
0.970,22.012,1.032,1,3608.065,4.775
0.980,22.239,1.032,1,3645.196,4.873
0.990,22.465,1.032,1,3682.324,4.973
1.000,22.692,1.032,1,3719.451,5.074
1.010,22.918,1.032,1,3756.575,5.176
1.020,23.144,1.032,1,3793.698,5.279
1.030,23.371,1.032,1,3830.818,5.383
1.040,23.597,1.032,1,3867.936,5.488
1.050,23.824,1.032,1,3905.052,5.594
1.060,24.050,1.032,1,3942.166,5.701
1.070,24.277,1.032,1,3979.278,5.809
1.080,24.503,1.032,1,4016.387,5.918
1.090,24.729,1.032,1,4053.494,6.028
1.100,24.956,1.031,1,4090.599,6.139
1.110,25.182,1.031,1,4127.702,6.251
1.120,25.409,1.031,1,4164.802,6.365
1.130,25.635,1.031,1,4201.900,6.479
1.140,25.861,1.031,1,4238.996,6.594
1.150,26.087,1.031,1,4276.089,6.710
1.160,26.314,1.031,1,4313.180,6.827
1.170,26.540,1.031,1,4350.269,6.945
1.180,26.766,1.031,1,4387.355,7.064
1.190,26.993,1.031,1,4424.439,7.184
1.200,27.219,1.031,1,4461.520,7.306
1.210,27.445,1.031,1,4498.599,7.428
1.220,27.671,1.031,1,4535.675,7.551
1.230,27.897,1.031,1,4572.749,7.675
1.240,28.123,1.031,1,4609.820,7.800
1.250,28.350,1.030,1,4646.888,7.927
1.260,28.576,1.030,1,4683.954,8.054
1.270,28.802,1.030,1,4721.018,8.182
1.280,29.028,1.030,1,4758.079,8.311
1.290,29.254,1.030,1,4795.137,8.442
1.300,29.480,1.030,1,4832.192,8.573
1.310,29.706,1.030,1,4869.245,8.705
1.320,29.932,1.030,1,4906.295,8.839
1.330,30.158,1.030,1,4943.342,8.973
1.340,30.384,1.030,1,4980.387,9.108
1.350,30.610,1.030,1,5017.429,9.244
1.360,30.836,1.030,1,5054.468,9.382
1.370,31.062,1.030,1,5091.504,9.520
1.380,31.288,1.029,1,5128.537,9.660
1.390,31.514,1.029,1,5165.568,9.800
1.400,31.740,1.029,1,5202.596,9.941
1.410,31.966,1.029,1,5239.620,10.084
1.420,32.192,1.029,1,5276.642,10.227
1.430,32.417,1.029,1,5313.661,10.372
1.440,32.643,1.029,1,5350.677,10.517
1.450,32.869,1.029,1,5387.690,10.663
1.460,33.095,1.029,1,5424.700,10.811
1.470,33.321,1.029,1,5461.707,10.959
1.480,33.546,1.029,1,5498.711,11.109
1.490,33.772,1.029,1,5535.712,11.259
1.500,33.998,1.028,1,5572.710,11.411
1.510,34.224,1.028,1,5609.704,11.563
1.520,34.449,1.028,1,5646.696,11.717
1.530,34.675,1.028,1,5683.684,11.871
1.540,34.901,1.028,1,5720.670,12.027
1.550,35.126,1.028,1,5757.652,12.183
1.560,35.352,1.028,1,5794.631,12.341
1.570,35.577,1.028,1,5831.606,12.499
1.580,35.803,1.028,1,5868.579,12.659
1.590,36.028,1.028,1,5905.548,12.819
1.600,36.254,1.028,1,5942.514,12.981
1.610,36.479,1.028,1,5979.477,13.144
1.620,36.705,1.027,1,6016.436,13.307
1.630,36.930,1.027,1,6053.392,13.472
1.640,37.156,1.027,1,6090.344,13.637
1.650,37.381,1.027,1,6127.294,13.804
1.660,37.607,1.027,1,6164.239,13.972
1.670,37.832,1.027,1,6201.182,14.140
1.680,38.057,1.027,1,6238.121,14.310
1.690,38.283,1.027,1,6275.056,14.480
1.700,38.508,1.027,1,6311.988,14.652
1.710,38.733,1.027,1,6348.917,14.825
1.720,38.959,1.026,1,6385.842,14.998
1.730,39.184,1.026,1,6422.763,15.173
1.740,39.409,1.026,1,6459.681,15.349
1.750,39.634,1.026,1,6496.595,15.525
1.760,39.859,1.026,1,6533.506,15.703
1.770,40.085,1.026,1,6570.413,15.882
1.780,40.310,-0.024,2,3964.390,16.061
1.790,40.304,-0.024,2,3963.869,16.242
1.800,40.299,-0.024,2,3963.348,16.422
1.810,40.294,-0.024,2,3962.826,16.602
1.820,40.289,-0.024,2,3962.305,16.782
1.830,40.283,-0.024,2,3961.785,16.962
1.840,40.278,-0.024,2,3961.264,17.142
1.850,40.273,-0.024,2,3960.743,17.322
1.860,40.267,-0.024,2,3960.222,17.502
1.870,40.262,-0.024,2,3959.701,17.682
1.880,40.257,-0.024,2,3959.181,17.862
1.890,40.251,-0.024,2,3958.660,18.042
1.900,40.246,-0.024,2,3958.139,18.222
1.910,40.241,-0.024,2,3957.619,18.402
1.920,40.236,-0.024,2,3957.098,18.582
1.930,40.230,-0.024,2,3956.578,18.762
1.940,40.225,-0.024,2,3956.058,18.942
1.950,40.220,-0.024,2,3955.537,19.121
1.960,40.214,-0.024,2,3955.017,19.301
1.970,40.209,-0.024,2,3954.497,19.481
1.980,40.204,0.840,2,3953.977,19.661
1.990,40.388,0.840,2,3972.104,19.841
2.000,40.572,0.840,2,3990.230,20.022
2.010,40.757,0.840,2,4008.354,20.204
2.020,40.941,0.840,2,4026.477,20.386
2.030,41.125,0.840,2,4044.597,20.570
2.040,41.310,0.839,2,4062.716,20.754
2.050,41.494,0.839,2,4080.832,20.939
2.060,41.678,0.839,2,4098.947,21.125
2.070,41.862,0.839,2,4117.060,21.312
2.080,42.046,0.839,2,4135.172,21.499
2.090,42.230,0.839,2,4153.281,21.688
2.100,42.415,0.839,2,4171.388,21.877
2.110,42.599,0.839,2,4189.494,22.067
2.120,42.783,0.839,2,4207.597,22.258
2.130,42.967,0.839,2,4225.699,22.449
2.140,43.151,0.839,2,4243.799,22.642
2.150,43.335,0.838,2,4261.897,22.835
2.160,43.519,0.838,2,4279.993,23.029
2.170,43.703,0.752,2,4298.087,23.224
2.180,43.868,0.752,2,4314.314,23.420
2.190,44.033,0.752,2,4330.540,23.616
2.200,44.198,0.752,2,4346.763,23.814
2.210,44.363,0.752,2,4362.985,24.012
2.220,44.528,0.751,2,4379.206,24.210
2.230,44.692,0.751,2,4395.424,24.410
2.240,44.857,0.751,2,4411.641,24.610
2.250,45.022,0.751,2,4427.855,24.811
2.260,45.187,0.751,2,4444.069,25.012
2.270,45.352,0.751,2,4460.280,25.215
2.280,45.517,0.751,2,4476.489,25.418
2.290,45.682,0.751,2,4492.697,25.622
2.300,45.846,0.751,2,4508.903,25.826
2.310,46.011,0.751,2,4525.106,26.032
2.320,46.176,0.751,2,4541.309,26.238
2.330,46.341,0.751,2,4557.509,26.444
2.340,46.505,0.750,2,4573.707,26.652
2.350,46.670,0.750,2,4589.904,26.860
2.360,46.835,0.750,2,4606.099,27.069
2.370,46.999,0.750,2,4622.291,27.279
2.380,47.164,0.750,2,4638.482,27.489
2.390,47.329,0.750,2,4654.671,27.701
2.400,47.493,0.750,2,4670.858,27.913
2.410,47.658,0.750,2,4687.044,28.125
2.420,47.822,0.750,2,4703.227,28.339
2.430,47.987,0.750,2,4719.409,28.553
2.440,48.151,0.750,2,4735.588,28.768
2.450,48.316,0.750,2,4751.766,28.983
2.460,48.480,0.749,2,4767.941,29.200
2.470,48.645,0.749,2,4784.115,29.417
2.480,48.809,0.749,2,4800.287,29.635
2.490,48.974,0.749,2,4816.457,29.853
2.500,49.138,0.749,2,4832.625,30.072
2.510,49.302,0.749,2,4848.791,30.293
2.520,49.467,0.749,2,4864.955,30.513
2.530,49.631,0.749,2,4881.117,30.735
2.540,49.795,0.749,2,4897.277,30.957
2.550,49.960,0.749,2,4913.435,31.180
2.560,50.124,0.749,2,4929.591,31.404
2.570,50.288,0.748,2,4945.745,31.628
2.580,50.452,0.748,2,4961.897,31.853
2.590,50.617,0.748,2,4978.047,32.079
2.600,50.781,0.748,2,4994.195,32.306
2.610,50.945,0.748,2,5010.341,32.533
2.620,51.109,0.748,2,5026.485,32.761
2.630,51.273,0.748,2,5042.627,32.990
2.640,51.437,0.748,2,5058.767,33.220
2.650,51.601,0.748,2,5074.905,33.450
2.660,51.765,0.748,2,5091.041,33.681
2.670,51.930,0.747,2,5107.174,33.913
2.680,52.094,0.747,2,5123.306,34.145
2.690,52.258,0.747,2,5139.436,34.379
2.700,52.422,0.747,2,5155.563,34.613
2.710,52.586,0.747,2,5171.689,34.847
2.720,52.749,0.747,2,5187.812,35.083
2.730,52.913,0.747,2,5203.933,35.319
2.740,53.077,0.747,2,5220.052,35.556
2.750,53.241,0.747,2,5236.169,35.794
2.760,53.405,0.747,2,5252.284,36.032
2.770,53.569,0.746,2,5268.397,36.271
2.780,53.733,0.746,2,5284.508,36.511
2.790,53.896,0.746,2,5300.616,36.751
2.800,54.060,0.746,2,5316.723,36.993
2.810,54.224,0.746,2,5332.827,37.235
2.820,54.388,0.746,2,5348.929,37.478
2.830,54.551,0.746,2,5365.029,37.721
2.840,54.715,0.746,2,5381.127,37.965
2.850,54.879,0.746,2,5397.222,38.210
2.860,55.042,0.746,2,5413.316,38.456
2.870,55.206,0.745,2,5429.407,38.702
2.880,55.370,0.745,2,5445.496,38.950
2.890,55.533,0.745,2,5461.583,39.197
2.900,55.697,0.745,2,5477.667,39.446
2.910,55.860,0.745,2,5493.750,39.695
2.920,56.024,0.745,2,5509.830,39.945
2.930,56.187,0.745,2,5525.908,40.196
2.940,56.351,0.745,2,5541.984,40.448
2.950,56.514,0.745,2,5558.057,40.700
2.960,56.678,0.745,2,5574.129,40.953
2.970,56.841,0.744,2,5590.198,41.207
2.980,57.004,0.744,2,5606.264,41.461
2.990,57.168,0.615,2,5622.329,41.716
3.000,57.302,0.615,2,5635.594,41.972
3.010,57.437,0.614,2,5648.857,42.229
3.020,57.572,0.614,2,5662.118,42.486
3.030,57.707,0.614,2,5675.378,42.744
3.040,57.842,0.614,2,5688.635,43.002
3.050,57.977,0.614,2,5701.891,43.261
3.060,58.111,0.614,2,5715.145,43.520
3.070,58.246,0.614,2,5728.397,43.780
3.080,58.381,0.614,2,5741.647,44.041
3.090,58.516,0.614,2,5754.895,44.302
3.100,58.650,0.614,2,5768.141,44.564
3.110,58.785,0.614,2,5781.385,44.827
3.120,58.920,0.613,2,5794.627,45.090
3.130,59.054,0.613,2,5807.868,45.353
3.140,59.189,0.613,2,5821.106,45.618
3.150,59.323,0.613,2,5834.342,45.883
3.160,59.458,0.613,2,5847.577,46.148
3.170,59.592,0.613,2,5860.810,46.414
3.180,59.727,0.613,2,5874.040,46.681
3.190,59.862,0.613,2,5887.269,46.948
3.200,59.996,0.613,2,5900.496,47.216
3.210,60.130,0.613,2,5913.721,47.485
3.220,60.265,0.613,2,5926.943,47.754
3.230,60.399,0.612,2,5940.164,48.023
3.240,60.534,0.612,2,5953.383,48.294
3.250,60.668,0.612,2,5966.600,48.565
3.260,60.803,0.612,2,5979.815,48.836
3.270,60.937,0.612,2,5993.028,49.108
3.280,61.071,0.612,2,6006.239,49.381
3.290,61.205,0.612,2,6019.448,49.654
3.300,61.340,0.612,2,6032.655,49.928
3.310,61.474,0.612,2,6045.860,50.203
3.320,61.608,0.612,2,6059.063,50.478
3.330,61.743,0.612,2,6072.264,50.754
3.340,61.877,0.611,2,6085.463,51.030
3.350,62.011,0.611,2,6098.660,51.307
3.360,62.145,0.611,2,6111.855,51.584
3.370,62.279,0.611,2,6125.048,51.862
3.380,62.413,0.611,2,6138.239,52.141
3.390,62.547,0.611,2,6151.428,52.420
3.400,62.682,0.611,2,6164.614,52.700
3.410,62.816,0.611,2,6177.799,52.981
3.420,62.950,0.611,2,6190.982,53.262
3.430,63.084,0.611,2,6204.163,53.544
3.440,63.218,0.611,2,6217.341,53.826
3.450,63.352,0.610,2,6230.518,54.109
3.460,63.486,0.610,2,6243.692,54.392
3.470,63.620,0.610,2,6256.865,54.676
3.480,63.753,0.610,2,6270.035,54.961
3.490,63.887,0.610,2,6283.203,55.247
3.500,64.021,0.610,2,6296.370,55.532
3.510,64.155,0.610,2,6309.534,55.819
3.520,64.289,0.610,2,6322.696,56.106
3.530,64.423,0.610,2,6335.856,56.394
3.540,64.557,0.610,2,6349.014,56.682
3.550,64.690,0.609,2,6362.169,56.971
3.560,64.824,0.609,2,6375.323,57.260
3.570,64.958,0.609,2,6388.475,57.550
3.580,65.091,0.609,2,6401.624,57.841
3.590,65.225,0.609,2,6414.772,58.132
3.600,65.359,0.609,2,6427.917,58.424
3.610,65.492,0.609,2,6441.060,58.717
3.620,65.626,0.609,2,6454.201,59.010
3.630,65.760,0.609,2,6467.340,59.304
3.640,65.893,0.609,2,6480.477,59.598
3.650,66.027,0.608,2,6493.611,59.893
3.660,66.160,0.608,2,6506.744,60.188
3.670,66.294,0.608,2,6519.874,60.484
3.680,66.427,0.608,2,6533.002,60.781
3.690,66.561,0.608,2,6546.128,61.078
3.700,66.694,0.608,2,6559.252,61.376
3.710,66.828,0.608,2,6572.374,61.674
3.720,66.961,0.608,2,6585.493,61.973
3.730,67.094,0.608,2,6598.611,62.273
3.740,67.228,-0.040,3,4407.817,62.573
3.750,67.219,-0.040,3,4407.235,62.874
3.760,67.210,-0.040,3,4406.653,63.174
3.770,67.201,-0.040,3,4406.072,63.475
3.780,67.192,-0.040,3,4405.490,63.775
3.790,67.183,-0.040,3,4404.909,64.076
3.800,67.175,-0.040,3,4404.327,64.376
3.810,67.166,-0.040,3,4403.746,64.676
3.820,67.157,-0.040,3,4403.165,64.976
3.830,67.148,-0.040,3,4402.583,65.277
3.840,67.139,-0.040,3,4402.002,65.577
3.850,67.130,-0.040,3,4401.421,65.877
3.860,67.121,-0.040,3,4400.841,66.177
3.870,67.112,-0.040,3,4400.260,66.477
3.880,67.104,-0.040,3,4399.679,66.777
3.890,67.095,-0.040,3,4399.099,67.077
3.900,67.086,-0.040,3,4398.518,67.377
3.910,67.077,-0.040,3,4397.938,67.677
3.920,67.068,-0.040,3,4397.358,67.977
3.930,67.059,-0.040,3,4396.777,68.276
3.940,67.051,0.478,3,4396.197,68.576
3.950,67.155,0.478,3,4403.076,68.876
3.960,67.260,0.478,3,4409.954,69.177
3.970,67.365,0.478,3,4416.831,69.477
3.980,67.470,0.478,3,4423.707,69.779
3.990,67.575,0.478,3,4430.582,70.081
4.000,67.680,0.478,3,4437.455,70.383
4.010,67.785,0.478,3,4444.327,70.686
4.020,67.889,0.477,3,4451.199,70.989
4.030,67.994,0.477,3,4458.069,71.293
4.040,68.099,0.477,3,4464.937,71.597
4.050,68.204,0.477,3,4471.805,71.902
4.060,68.308,0.477,3,4478.672,72.207
4.070,68.413,0.477,3,4485.537,72.512
4.080,68.518,0.477,3,4492.401,72.818
4.090,68.622,0.477,3,4499.264,73.125
4.100,68.727,0.477,3,4506.126,73.432
4.110,68.832,0.477,3,4512.987,73.739
4.120,68.936,0.477,3,4519.846,74.047
4.130,69.041,0.477,3,4526.705,74.356
4.140,69.146,0.477,3,4533.562,74.665
4.150,69.250,0.476,3,4540.418,74.974
4.160,69.355,0.476,3,4547.273,75.284
4.170,69.459,0.476,3,4554.126,75.594
4.180,69.564,0.476,3,4560.979,75.905
4.190,69.668,0.476,3,4567.830,76.216
4.200,69.773,0.476,3,4574.681,76.528
4.210,69.877,0.476,3,4581.530,76.840
4.220,69.982,0.476,3,4588.377,77.152
4.230,70.086,0.476,3,4595.224,77.466
4.240,70.190,0.476,3,4602.069,77.779
4.250,70.295,0.476,3,4608.914,78.093
4.260,70.399,0.476,3,4615.757,78.408
4.270,70.504,0.475,3,4622.599,78.723
4.280,70.608,0.475,3,4629.439,79.038
4.290,70.712,0.475,3,4636.279,79.354
4.300,70.817,0.475,3,4643.117,79.670
4.310,70.921,0.475,3,4649.954,79.987
4.320,71.025,0.475,3,4656.790,80.304
4.330,71.129,0.475,3,4663.625,80.622
4.340,71.234,0.475,3,4670.458,80.940
4.350,71.338,0.475,3,4677.291,81.259
4.360,71.442,0.475,3,4684.122,81.578
4.370,71.546,0.475,3,4690.952,81.898
4.380,71.650,0.475,3,4697.780,82.218
4.390,71.754,0.474,3,4704.608,82.538
4.400,71.858,0.474,3,4711.434,82.859
4.410,71.963,0.474,3,4718.259,83.181
4.420,72.067,0.474,3,4725.083,83.503
4.430,72.171,0.474,3,4731.905,83.825
4.440,72.275,0.474,3,4738.727,84.148
4.450,72.379,0.474,3,4745.547,84.471
4.460,72.483,0.474,3,4752.366,84.795
4.470,72.587,0.474,3,4759.184,85.119
4.480,72.691,0.474,3,4766.000,85.444
4.490,72.795,0.474,3,4772.816,85.769
4.500,72.899,0.474,3,4779.630,86.095
4.510,73.003,0.473,3,4786.443,86.421
4.520,73.106,0.473,3,4793.254,86.748
4.530,73.210,0.473,3,4800.065,87.075
4.540,73.314,0.473,3,4806.874,87.402
4.550,73.418,0.473,3,4813.682,87.730
4.560,73.522,0.473,3,4820.488,88.059
4.570,73.626,0.473,3,4827.294,88.387
4.580,73.729,0.473,3,4834.098,88.717
4.590,73.833,0.473,3,4840.901,89.047
4.600,73.937,0.473,3,4847.703,89.377
4.610,74.041,0.473,3,4854.503,89.708
4.620,74.144,0.472,3,4861.303,90.039
4.630,74.248,0.472,3,4868.101,90.371
4.640,74.352,0.472,3,4874.897,90.703
4.650,74.455,0.472,3,4881.693,91.035
4.660,74.559,0.472,3,4888.487,91.368
4.670,74.663,0.472,3,4895.280,91.702
4.680,74.766,0.472,3,4902.072,92.036
4.690,74.870,0.472,3,4908.863,92.370
4.700,74.973,0.472,3,4915.652,92.705
4.710,75.077,0.472,3,4922.440,93.041
4.720,75.180,0.472,3,4929.227,93.377
4.730,75.284,0.472,3,4936.012,93.713
4.740,75.387,0.471,3,4942.796,94.050
4.750,75.491,0.471,3,4949.579,94.387
4.760,75.594,0.471,3,4956.361,94.725
4.770,75.698,0.471,3,4963.141,95.063
4.780,75.801,0.471,3,4969.921,95.401
4.790,75.904,0.471,3,4976.699,95.741
4.800,76.008,0.471,3,4983.475,96.080
4.810,76.111,0.471,3,4990.251,96.420
4.820,76.214,0.471,3,4997.025,96.761
4.830,76.318,0.471,3,5003.797,97.102
4.840,76.421,0.471,3,5010.569,97.443
4.850,76.524,0.470,3,5017.339,97.785
4.860,76.627,0.470,3,5024.108,98.127
4.870,76.731,0.470,3,5030.876,98.470
4.880,76.834,0.470,3,5037.642,98.813
4.890,76.937,0.470,3,5044.407,99.157
4.900,77.040,0.470,3,5051.171,99.501
4.910,77.143,0.470,3,5057.934,99.846
4.920,77.246,0.470,3,5064.695,100.191
4.930,77.350,0.470,3,5071.455,100.536
4.940,77.453,0.470,3,5078.214,100.882
4.950,77.556,0.470,3,5084.971,101.229
4.960,77.659,0.469,3,5091.727,101.576
4.970,77.762,0.469,3,5098.482,101.923
4.980,77.865,0.469,3,5105.236,102.271
4.990,77.968,0.469,3,5111.988,102.619
5.000,78.071,0.469,3,5118.739,102.968
5.010,78.174,0.469,3,5125.488,103.317
5.020,78.277,0.469,3,5132.237,103.667
5.030,78.379,0.469,3,5138.984,104.017
5.040,78.482,0.469,3,5145.729,104.368
5.050,78.585,0.469,3,5152.474,104.719
5.060,78.688,0.469,3,5159.217,105.070
5.070,78.791,0.468,3,5165.959,105.422
5.080,78.894,0.468,3,5172.699,105.775
5.090,78.996,0.468,3,5179.438,106.128
5.100,79.099,0.468,3,5186.176,106.481
5.110,79.202,0.468,3,5192.913,106.835
5.120,79.305,0.468,3,5199.648,107.189
5.130,79.407,0.468,3,5206.382,107.544
5.140,79.510,0.468,3,5213.114,107.899
5.150,79.613,0.468,3,5219.846,108.255
5.160,79.715,0.468,3,5226.575,108.611
5.170,79.818,0.468,3,5233.304,108.968
5.180,79.921,0.467,3,5240.031,109.325
5.190,80.023,0.467,3,5246.757,109.682
5.200,80.126,0.467,3,5253.482,110.040
5.210,80.228,0.467,3,5260.205,110.399
5.220,80.331,0.467,3,5266.927,110.757
5.230,80.433,0.467,3,5273.648,111.117
5.240,80.536,0.467,3,5280.367,111.477
5.250,80.638,0.467,3,5287.085,111.837
5.260,80.741,0.467,3,5293.802,112.198
5.270,80.843,0.467,3,5300.517,112.559
5.280,80.946,0.467,3,5307.231,112.920
5.290,81.048,0.466,3,5313.943,113.282
5.300,81.150,0.466,3,5320.655,113.645
5.310,81.253,0.466,3,5327.364,114.008
5.320,81.355,0.466,3,5334.073,114.371
5.330,81.457,0.466,3,5340.780,114.735
5.340,81.560,0.466,3,5347.486,115.100
5.350,81.662,0.466,3,5354.191,115.465
5.360,81.764,0.466,3,5360.894,115.830
5.370,81.866,0.466,3,5367.595,116.196
5.380,81.968,0.466,3,5374.296,116.562
5.390,82.071,0.466,3,5380.995,116.928
5.400,82.173,0.465,3,5387.693,117.296
5.410,82.275,0.465,3,5394.389,117.663
5.420,82.377,0.465,3,5401.084,118.031
5.430,82.479,0.465,3,5407.778,118.400
5.440,82.581,0.465,3,5414.470,118.769
5.450,82.683,0.465,3,5421.161,119.138
5.460,82.785,0.465,3,5427.850,119.508
5.470,82.887,0.465,3,5434.539,119.878
5.480,82.989,0.465,3,5441.225,120.249
5.490,83.091,0.465,3,5447.911,120.620
5.500,83.193,0.464,3,5454.595,120.992
5.510,83.295,0.464,3,5461.278,121.364
5.520,83.397,0.464,3,5467.959,121.737
5.530,83.499,0.464,3,5474.639,122.110
5.540,83.601,0.464,3,5481.318,122.483
5.550,83.703,0.464,3,5487.995,122.857
5.560,83.804,0.464,3,5494.671,123.231
5.570,83.906,0.464,3,5501.345,123.606
5.580,84.008,0.464,3,5508.018,123.982
5.590,84.110,0.464,3,5514.690,124.357
5.600,84.211,0.464,3,5521.360,124.734
5.610,84.313,0.463,3,5528.029,125.110
5.620,84.415,0.463,3,5534.696,125.487
5.630,84.517,0.463,3,5541.363,125.865
5.640,84.618,0.463,3,5548.027,126.243
5.650,84.720,0.463,3,5554.691,126.622
5.660,84.821,0.463,3,5561.352,127.001
5.670,84.923,0.463,3,5568.013,127.380
5.680,85.025,0.463,3,5574.672,127.760
5.690,85.126,0.463,3,5581.330,128.140
5.700,85.228,0.463,3,5587.986,128.521
5.710,85.329,0.462,3,5594.641,128.902
5.720,85.431,0.462,3,5601.295,129.284
5.730,85.532,0.462,3,5607.947,129.666
5.740,85.633,0.376,3,5614.598,130.049
5.750,85.716,0.376,3,5620.004,130.432
5.760,85.798,0.376,3,5625.409,130.815
5.770,85.881,0.376,3,5630.813,131.199
5.780,85.963,0.375,3,5636.215,131.583
5.790,86.046,0.375,3,5641.617,131.967
5.800,86.128,0.375,3,5647.017,132.352
5.810,86.210,0.375,3,5652.417,132.737
5.820,86.293,0.375,3,5657.815,133.123
5.830,86.375,0.375,3,5663.212,133.509
5.840,86.457,0.375,3,5668.607,133.895
5.850,86.540,0.375,3,5674.002,134.282
5.860,86.622,0.375,3,5679.396,134.669
5.870,86.704,0.375,3,5684.788,135.056
5.880,86.786,0.375,3,5690.179,135.444
5.890,86.868,0.375,3,5695.569,135.832
5.900,86.951,0.374,3,5700.958,136.221
5.910,87.033,0.374,3,5706.346,136.610
5.920,87.115,0.374,3,5711.732,136.999
5.930,87.197,0.374,3,5717.118,137.389
5.940,87.279,0.374,3,5722.502,137.778
5.950,87.361,0.374,3,5727.885,138.169
5.960,87.443,0.374,3,5733.267,138.560
5.970,87.525,0.374,3,5738.648,138.951
5.980,87.608,0.374,3,5744.027,139.342
5.990,87.690,0.374,3,5749.406,139.734
6.000,87.772,0.374,3,5754.783,140.126
6.010,87.854,0.374,3,5760.159,140.519
6.020,87.936,0.373,3,5765.534,140.912
6.030,88.018,0.373,3,5770.908,141.305
6.040,88.099,0.373,3,5776.281,141.699
6.050,88.181,0.373,3,5781.652,142.093
6.060,88.263,0.373,3,5787.022,142.487
6.070,88.345,0.373,3,5792.391,142.882
6.080,88.427,0.373,3,5797.759,143.277
6.090,88.509,0.373,3,5803.126,143.672
6.100,88.591,0.373,3,5808.492,144.068
6.110,88.673,0.373,3,5813.856,144.464
6.120,88.754,0.373,3,5819.219,144.861
6.130,88.836,0.373,3,5824.581,145.258
6.140,88.918,0.373,3,5829.942,145.655
6.150,89.000,0.372,3,5835.302,146.053
6.160,89.081,0.372,3,5840.660,146.451
6.170,89.163,0.372,3,5846.018,146.849
6.180,89.245,0.372,3,5851.374,147.248
6.190,89.326,0.372,3,5856.729,147.647
6.200,89.408,0.372,3,5862.083,148.047
6.210,89.490,0.372,3,5867.435,148.447
6.220,89.571,0.372,3,5872.787,148.847
6.230,89.653,0.372,3,5878.137,149.248
6.240,89.735,0.372,3,5883.486,149.648
6.250,89.816,0.372,3,5888.834,150.050
6.260,89.898,0.372,3,5894.181,150.452
6.270,89.979,0.371,3,5899.526,150.854
6.280,90.061,0.371,3,5904.870,151.256
6.290,90.142,0.371,3,5910.214,151.659
6.300,90.224,0.371,3,5915.556,152.062
6.310,90.305,0.371,3,5920.896,152.465
6.320,90.387,0.371,3,5926.236,152.869
6.330,90.468,0.371,3,5931.574,153.274
6.340,90.549,0.371,3,5936.911,153.678
6.350,90.631,0.371,3,5942.247,154.083
6.360,90.712,0.371,3,5947.582,154.489
6.370,90.793,0.371,3,5952.916,154.894
6.380,90.875,0.371,3,5958.248,155.300
6.390,90.956,0.370,3,5963.579,155.707
6.400,91.037,0.370,3,5968.909,156.113
6.410,91.119,0.370,3,5974.238,156.521
6.420,91.200,0.370,3,5979.566,156.928
6.430,91.281,0.370,3,5984.892,157.336
6.440,91.362,0.370,3,5990.217,157.744
6.450,91.444,0.370,3,5995.541,158.153
6.460,91.525,0.370,3,6000.864,158.562
6.470,91.606,0.370,3,6006.186,158.971
6.480,91.687,0.370,3,6011.506,159.381
6.490,91.768,0.370,3,6016.825,159.791
6.500,91.849,0.370,3,6022.143,160.201
6.510,91.930,0.369,3,6027.460,160.612
6.520,92.012,0.369,3,6032.776,161.023
6.530,92.093,0.369,3,6038.090,161.435
6.540,92.174,0.369,3,6043.403,161.847
6.550,92.255,0.369,3,6048.715,162.259
6.560,92.336,0.369,3,6054.026,162.672
6.570,92.417,0.369,3,6059.335,163.084
6.580,92.498,0.369,3,6064.644,163.498
6.590,92.579,0.369,3,6069.951,163.911
6.600,92.659,0.369,3,6075.257,164.326
6.610,92.740,0.369,3,6080.561,164.740
6.620,92.821,0.369,3,6085.865,165.155
6.630,92.902,0.368,3,6091.167,165.570
6.640,92.983,0.368,3,6096.468,165.985
6.650,93.064,0.368,3,6101.768,166.401
6.660,93.145,0.368,3,6107.067,166.817
6.670,93.225,0.368,3,6112.364,167.234
6.680,93.306,0.368,3,6117.660,167.651
6.690,93.387,0.368,3,6122.955,168.068
6.700,93.468,0.368,3,6128.249,168.486
6.710,93.548,0.368,3,6133.541,168.904
6.720,93.629,0.368,3,6138.832,169.322
6.730,93.710,0.368,3,6144.122,169.741
6.740,93.790,0.368,3,6149.411,170.160
6.750,93.871,0.367,3,6154.699,170.580
6.760,93.952,0.367,3,6159.985,170.999
6.770,94.032,0.367,3,6165.270,171.420
6.780,94.113,0.367,3,6170.554,171.840
6.790,94.193,0.367,3,6175.837,172.261
6.800,94.274,0.367,3,6181.118,172.682
6.810,94.355,0.367,3,6186.399,173.104
6.820,94.435,0.367,3,6191.678,173.526
6.830,94.516,0.367,3,6196.955,173.948
6.840,94.596,0.367,3,6202.232,174.371
6.850,94.677,0.367,3,6207.507,174.794
6.860,94.757,0.366,3,6212.781,175.217
6.870,94.837,0.366,3,6218.054,175.641
6.880,94.918,0.366,3,6223.326,176.065
6.890,94.998,0.366,3,6228.596,176.490
6.900,95.079,0.366,3,6233.865,176.915
6.910,95.159,0.366,3,6239.133,177.340
6.920,95.239,0.366,3,6244.400,177.765
6.930,95.319,0.366,3,6249.665,178.191
6.940,95.400,0.366,3,6254.929,178.618
6.950,95.480,0.366,3,6260.192,179.044
6.960,95.560,0.366,3,6265.454,179.471
6.970,95.641,0.366,3,6270.714,179.899
6.980,95.721,0.365,3,6275.974,180.326
6.990,95.801,0.365,3,6281.231,180.755
7.000,95.881,0.365,3,6286.488,181.183
7.010,95.961,0.365,3,6291.744,181.612
7.020,96.041,0.365,3,6296.998,182.041
7.030,96.122,0.365,3,6302.251,182.470
7.040,96.202,0.365,3,6307.503,182.900
7.050,96.282,0.365,3,6312.753,183.331
7.060,96.362,0.365,3,6318.002,183.761
7.070,96.442,0.365,3,6323.250,184.192
7.080,96.522,0.365,3,6328.497,184.623
7.090,96.602,0.364,3,6333.743,185.055
7.100,96.682,0.364,3,6338.987,185.487
7.110,96.762,0.364,3,6344.230,185.920
7.120,96.842,0.364,3,6349.471,186.352
7.130,96.922,0.364,3,6354.712,186.785
7.140,97.002,0.364,3,6359.951,187.219
7.150,97.081,0.364,3,6365.189,187.653
7.160,97.161,0.364,3,6370.426,188.087
7.170,97.241,0.364,3,6375.661,188.521
7.180,97.321,0.364,3,6380.895,188.956
7.190,97.401,0.364,3,6386.128,189.391
7.200,97.481,0.364,3,6391.360,189.827
7.210,97.560,0.363,3,6396.590,190.263
7.220,97.640,0.363,3,6401.820,190.699
7.230,97.720,0.363,3,6407.048,191.136
7.240,97.800,0.363,3,6412.274,191.573
7.250,97.879,0.363,3,6417.500,192.010
7.260,97.959,0.363,3,6422.724,192.448
7.270,98.039,0.363,3,6427.947,192.886
7.280,98.118,0.363,3,6433.168,193.325
7.290,98.198,0.363,3,6438.388,193.763
7.300,98.277,0.363,3,6443.607,194.203
7.310,98.357,0.363,3,6448.825,194.642
7.320,98.437,0.362,3,6454.042,195.082
7.330,98.516,0.362,3,6459.257,195.522
7.340,98.596,0.362,3,6464.471,195.963
7.350,98.675,0.362,3,6469.684,196.404
7.360,98.755,0.362,3,6474.895,196.845
7.370,98.834,0.362,3,6480.105,197.287
7.380,98.914,0.362,3,6485.314,197.729
7.390,98.993,0.362,3,6490.522,198.171
7.400,99.072,0.362,3,6495.728,198.614
7.410,99.152,0.362,3,6500.933,199.057
7.420,99.231,0.362,3,6506.137,199.500
7.430,99.311,0.362,3,6511.340,199.944
7.440,99.390,0.361,3,6516.541,200.388
7.450,99.469,0.361,3,6521.741,200.833
7.460,99.548,0.361,3,6526.939,201.278
7.470,99.628,0.361,3,6532.137,201.723
7.480,99.707,0.361,3,6537.333,202.168
7.490,99.786,0.361,3,6542.528,202.614
7.500,99.865,0.361,3,6547.721,203.060
7.510,99.945,0.361,3,6552.914,203.507
7.520,100.024,0.361,3,6558.105,203.954
7.530,100.103,0.361,3,6563.294,204.401
7.540,100.182,0.361,3,6568.483,204.849
7.550,100.261,0.360,3,6573.670,205.297
7.560,100.340,0.360,3,6578.856,205.745
7.570,100.419,0.360,3,6584.041,206.194
7.580,100.498,0.360,3,6589.224,206.643
7.590,100.577,0.360,3,6594.406,207.093
7.600,100.656,0.360,3,6599.587,207.543
7.610,100.735,-0.072,4,4717.690,207.993
7.620,100.720,-0.072,4,4716.949,208.443
7.630,100.704,-0.072,4,4716.208,208.893
7.640,100.688,-0.072,4,4715.467,209.343
7.650,100.672,-0.072,4,4714.726,209.793
7.660,100.656,-0.072,4,4713.986,210.243
7.670,100.641,-0.072,4,4713.245,210.693
7.680,100.625,-0.072,4,4712.505,211.143
7.690,100.609,-0.072,4,4711.765,211.593
7.700,100.593,-0.072,4,4711.025,212.043
7.710,100.577,-0.072,4,4710.286,212.492
7.720,100.562,-0.072,4,4709.546,212.942
7.730,100.546,-0.072,4,4708.807,213.392
7.740,100.530,-0.072,4,4708.068,213.841
7.750,100.514,-0.072,4,4707.329,214.290
7.760,100.498,-0.072,4,4706.590,214.740
7.770,100.483,-0.072,4,4705.852,215.189
7.780,100.467,-0.072,4,4705.113,215.638
7.790,100.451,-0.072,4,4704.375,216.087
7.800,100.435,-0.072,4,4703.637,216.536
7.810,100.420,0.299,4,4702.899,216.985
7.820,100.485,0.298,4,4705.968,217.434
7.830,100.551,0.298,4,4709.035,217.884
7.840,100.616,0.298,4,4712.101,218.333
7.850,100.682,0.298,4,4715.167,218.783
7.860,100.747,0.298,4,4718.232,219.233
7.870,100.812,0.298,4,4721.297,219.684
7.880,100.878,0.298,4,4724.360,220.135
7.890,100.943,0.298,4,4727.423,220.586
7.900,101.009,0.298,4,4730.485,221.037
7.910,101.074,0.298,4,4733.546,221.489
7.920,101.139,0.298,4,4736.606,221.941
7.930,101.205,0.298,4,4739.666,222.393
7.940,101.270,0.298,4,4742.725,222.846
7.950,101.335,0.297,4,4745.783,223.299
7.960,101.401,0.297,4,4748.841,223.752
7.970,101.466,0.297,4,4751.897,224.205
7.980,101.531,0.297,4,4754.953,224.659
7.990,101.596,0.297,4,4758.008,225.113
8.000,101.662,0.297,4,4761.062,225.567
8.010,101.727,0.297,4,4764.116,226.022
8.020,101.792,0.297,4,4767.169,226.477
8.030,101.857,0.297,4,4770.221,226.932
8.040,101.922,0.297,4,4773.272,227.387
8.050,101.987,0.297,4,4776.323,227.843
8.060,102.053,0.297,4,4779.372,228.299
8.070,102.118,0.297,4,4782.421,228.756
8.080,102.183,0.297,4,4785.469,229.212
8.090,102.248,0.296,4,4788.517,229.669
8.100,102.313,0.296,4,4791.563,230.127
8.110,102.378,0.296,4,4794.609,230.584
8.120,102.443,0.296,4,4797.654,231.042
8.130,102.508,0.296,4,4800.699,231.500
8.140,102.573,0.296,4,4803.742,231.958
8.150,102.638,0.296,4,4806.785,232.417
8.160,102.703,0.296,4,4809.827,232.876
8.170,102.768,0.296,4,4812.868,233.335
8.180,102.833,0.296,4,4815.909,233.795
8.190,102.898,0.296,4,4818.949,234.255
8.200,102.963,0.296,4,4821.988,234.715
8.210,103.027,0.296,4,4825.026,235.175
8.220,103.092,0.295,4,4828.063,235.636
8.230,103.157,0.295,4,4831.100,236.097
8.240,103.222,0.295,4,4834.136,236.558
8.250,103.287,0.295,4,4837.171,237.020
8.260,103.351,0.295,4,4840.205,237.482
8.270,103.416,0.295,4,4843.238,237.944
8.280,103.481,0.295,4,4846.271,238.406
8.290,103.546,0.295,4,4849.303,238.869
8.300,103.610,0.295,4,4852.334,239.332
8.310,103.675,0.295,4,4855.365,239.795
8.320,103.740,0.295,4,4858.394,240.259
8.330,103.805,0.295,4,4861.423,240.723
8.340,103.869,0.295,4,4864.451,241.187
8.350,103.934,0.294,4,4867.479,241.652
8.360,103.998,0.294,4,4870.505,242.116
8.370,104.063,0.294,4,4873.531,242.581
8.380,104.128,0.294,4,4876.556,243.047
8.390,104.192,0.294,4,4879.580,243.512
8.400,104.257,0.294,4,4882.603,243.978
8.410,104.321,0.294,4,4885.626,244.445
8.420,104.386,0.294,4,4888.648,244.911
8.430,104.450,0.294,4,4891.669,245.378
8.440,104.515,0.294,4,4894.689,245.845
8.450,104.579,0.294,4,4897.709,246.312
8.460,104.644,0.294,4,4900.728,246.780
8.470,104.708,0.294,4,4903.746,247.248
8.480,104.773,0.294,4,4906.763,247.716
8.490,104.837,0.293,4,4909.779,248.185
8.500,104.901,0.293,4,4912.795,248.653
8.510,104.966,0.293,4,4915.810,249.123
8.520,105.030,0.293,4,4918.824,249.592
8.530,105.095,0.293,4,4921.837,250.062
8.540,105.159,0.293,4,4924.849,250.532
8.550,105.223,0.293,4,4927.861,251.002
8.560,105.287,0.293,4,4930.872,251.472
8.570,105.352,0.293,4,4933.882,251.943
8.580,105.416,0.293,4,4936.892,252.414
8.590,105.480,0.293,4,4939.900,252.886
8.600,105.544,0.293,4,4942.908,253.357
8.610,105.609,0.293,4,4945.915,253.829
8.620,105.673,0.292,4,4948.921,254.302
8.630,105.737,0.292,4,4951.927,254.774
8.640,105.801,0.292,4,4954.931,255.247
8.650,105.865,0.292,4,4957.935,255.720
8.660,105.929,0.292,4,4960.938,256.193
8.670,105.994,0.292,4,4963.940,256.667
8.680,106.058,0.292,4,4966.942,257.141
8.690,106.122,0.292,4,4969.943,257.615
8.700,106.186,0.292,4,4972.943,258.090
8.710,106.250,0.292,4,4975.942,258.565
8.720,106.314,0.292,4,4978.940,259.040
8.730,106.378,0.292,4,4981.938,259.515
8.740,106.442,0.292,4,4984.935,259.991
8.750,106.506,0.291,4,4987.931,260.467
8.760,106.570,0.291,4,4990.926,260.943
8.770,106.634,0.291,4,4993.920,261.420
8.780,106.698,0.291,4,4996.914,261.897
8.790,106.762,0.291,4,4999.907,262.374
8.800,106.825,0.291,4,5002.899,262.851
8.810,106.889,0.291,4,5005.890,263.329
8.820,106.953,0.291,4,5008.880,263.807
8.830,107.017,0.291,4,5011.870,264.285
8.840,107.081,0.291,4,5014.859,264.764
8.850,107.145,0.291,4,5017.847,265.243
8.860,107.208,0.291,4,5020.835,265.722
8.870,107.272,0.291,4,5023.821,266.201
8.880,107.336,0.290,4,5026.807,266.681
8.890,107.400,0.290,4,5029.792,267.161
8.900,107.463,0.290,4,5032.776,267.641
8.910,107.527,0.290,4,5035.759,268.122
8.920,107.591,0.290,4,5038.742,268.602
8.930,107.654,0.290,4,5041.724,269.083
8.940,107.718,0.290,4,5044.705,269.565
8.950,107.782,0.290,4,5047.685,270.047
8.960,107.845,0.290,4,5050.664,270.529
8.970,107.909,0.290,4,5053.643,271.011
8.980,107.973,0.290,4,5056.621,271.493
8.990,108.036,0.290,4,5059.598,271.976
9.000,108.100,0.290,4,5062.574,272.459
9.010,108.163,0.289,4,5065.549,272.943
9.020,108.227,0.289,4,5068.524,273.426
9.030,108.290,0.289,4,5071.498,273.910
9.040,108.354,0.289,4,5074.471,274.395
9.050,108.417,0.289,4,5077.443,274.879
9.060,108.481,0.289,4,5080.414,275.364
9.070,108.544,0.289,4,5083.385,275.849
9.080,108.607,0.289,4,5086.355,276.334
9.090,108.671,0.289,4,5089.324,276.820
9.100,108.734,0.289,4,5092.292,277.306
9.110,108.798,0.289,4,5095.260,277.792
9.120,108.861,0.289,4,5098.226,278.279
9.130,108.924,0.289,4,5101.192,278.765
9.140,108.988,0.288,4,5104.157,279.253
9.150,109.051,0.288,4,5107.122,279.740
9.160,109.114,0.288,4,5110.085,280.228
9.170,109.177,0.288,4,5113.048,280.715
9.180,109.241,0.288,4,5116.010,281.204
9.190,109.304,0.288,4,5118.971,281.692
9.200,109.367,0.288,4,5121.931,282.181
9.210,109.430,0.288,4,5124.890,282.670
9.220,109.493,0.288,4,5127.849,283.159
9.230,109.557,0.288,4,5130.807,283.649
9.240,109.620,0.288,4,5133.764,284.139
9.250,109.683,0.288,4,5136.720,284.629
9.260,109.746,0.288,4,5139.676,285.119
9.270,109.809,0.287,4,5142.630,285.610
9.280,109.872,0.287,4,5145.584,286.101
9.290,109.935,0.287,4,5148.537,286.593
9.300,109.998,0.287,4,5151.490,287.084
9.310,110.061,0.287,4,5154.441,287.576
9.320,110.124,0.287,4,5157.392,288.068
9.330,110.187,0.287,4,5160.342,288.561
9.340,110.250,0.287,4,5163.291,289.053
9.350,110.313,0.287,4,5166.239,289.546
9.360,110.376,0.287,4,5169.186,290.040
9.370,110.439,0.287,4,5172.133,290.533
9.380,110.502,0.287,4,5175.079,291.027
9.390,110.565,0.286,4,5178.024,291.521
9.400,110.628,0.286,4,5180.968,292.016
9.410,110.691,0.286,4,5183.912,292.510
9.420,110.753,0.286,4,5186.854,293.005
9.430,110.816,0.286,4,5189.796,293.501
9.440,110.879,0.286,4,5192.737,293.996
9.450,110.942,0.286,4,5195.677,294.492
9.460,111.005,0.286,4,5198.617,294.988
9.470,111.067,0.286,4,5201.555,295.484
9.480,111.130,0.286,4,5204.493,295.981
9.490,111.193,0.286,4,5207.430,296.478
9.500,111.255,0.286,4,5210.366,296.975
9.510,111.318,0.286,4,5213.302,297.473
9.520,111.381,0.285,4,5216.236,297.970
9.530,111.443,0.285,4,5219.170,298.468
9.540,111.506,0.285,4,5222.103,298.967
9.550,111.569,0.285,4,5225.035,299.465
9.560,111.631,0.285,4,5227.966,299.964
9.570,111.694,0.285,4,5230.897,300.463
9.580,111.756,0.285,4,5233.827,300.963
9.590,111.819,0.285,4,5236.756,301.463
9.600,111.881,0.285,4,5239.684,301.963
9.610,111.944,0.285,4,5242.611,302.463
9.620,112.006,0.285,4,5245.537,302.964
9.630,112.069,0.285,4,5248.463,303.464
9.640,112.131,0.285,4,5251.388,303.966
9.650,112.194,0.284,4,5254.312,304.467
9.660,112.256,0.284,4,5257.235,304.969
9.670,112.319,0.284,4,5260.158,305.471
9.680,112.381,0.284,4,5263.079,305.973
9.690,112.443,0.284,4,5266.000,306.475
9.700,112.506,0.284,4,5268.920,306.978
9.710,112.568,0.284,4,5271.839,307.481
9.720,112.630,0.284,4,5274.758,307.985
9.730,112.693,0.284,4,5277.675,308.488
9.740,112.755,0.284,4,5280.592,308.992
9.750,112.817,0.284,4,5283.508,309.496
9.760,112.879,0.284,4,5286.423,310.001
9.770,112.942,0.283,4,5289.337,310.506
9.780,113.004,0.283,4,5292.251,311.011
9.790,113.066,0.283,4,5295.164,311.516
9.800,113.128,0.283,4,5298.075,312.022
9.810,113.190,0.283,4,5300.986,312.527
9.820,113.253,0.283,4,5303.897,313.034
9.830,113.315,0.283,4,5306.806,313.540
9.840,113.377,0.283,4,5309.715,314.047
9.850,113.439,0.283,4,5312.623,314.554
9.860,113.501,0.283,4,5315.530,315.061
9.870,113.563,0.283,4,5318.436,315.568
9.880,113.625,0.283,4,5321.341,316.076
9.890,113.687,0.283,4,5324.246,316.584
9.900,113.749,0.282,4,5327.149,317.093
9.910,113.811,0.282,4,5330.052,317.601
9.920,113.873,0.282,4,5332.954,318.110
9.930,113.935,0.282,4,5335.856,318.619
9.940,113.997,0.282,4,5338.756,319.129
9.950,114.059,0.282,4,5341.656,319.639
9.960,114.121,0.282,4,5344.555,320.149
9.970,114.183,0.282,4,5347.453,320.659
9.980,114.244,0.282,4,5350.350,321.170
9.990,114.306,0.282,4,5353.246,321.680
10.000,114.368,0.282,4,5356.142,322.192
10.010,114.430,0.282,4,5359.036,322.703
10.020,114.492,0.282,4,5361.930,323.215
10.030,114.554,0.281,4,5364.823,323.727
10.040,114.615,0.281,4,5367.716,324.239
10.050,114.677,0.281,4,5370.607,324.751
10.060,114.739,0.281,4,5373.498,325.264
10.070,114.800,0.281,4,5376.388,325.777
10.080,114.862,0.281,4,5379.277,326.291
10.090,114.924,0.281,4,5382.165,326.804
10.100,114.985,0.281,4,5385.052,327.318
10.110,115.047,0.281,4,5387.939,327.832
10.120,115.109,0.281,4,5390.824,328.347
10.130,115.170,0.281,4,5393.709,328.861
10.140,115.232,0.281,4,5396.593,329.376
10.150,115.293,0.280,4,5399.477,329.892
10.160,115.355,0.280,4,5402.359,330.407
10.170,115.417,0.280,4,5405.241,330.923
10.180,115.478,0.280,4,5408.122,331.439
10.190,115.540,0.280,4,5411.002,331.956
10.200,115.601,0.280,4,5413.881,332.472
10.210,115.662,0.280,4,5416.759,332.989
10.220,115.724,0.280,4,5419.637,333.506
10.230,115.785,0.280,4,5422.513,334.024
10.240,115.847,0.280,4,5425.389,334.541
10.250,115.908,0.280,4,5428.264,335.060
10.260,115.970,0.280,4,5431.138,335.578
10.270,116.031,0.280,4,5434.012,336.096
10.280,116.092,0.279,4,5436.884,336.615
10.290,116.154,0.279,4,5439.756,337.134
10.300,116.215,0.279,4,5442.627,337.654
10.310,116.276,0.279,4,5445.497,338.173
10.320,116.337,0.279,4,5448.366,338.693
10.330,116.399,0.279,4,5451.235,339.214
10.340,116.460,0.279,4,5454.103,339.734
10.350,116.521,0.279,4,5456.969,340.255
10.360,116.582,0.279,4,5459.835,340.776
10.370,116.643,0.279,4,5462.700,341.297
10.380,116.705,0.279,4,5465.565,341.819
10.390,116.766,0.279,4,5468.428,342.341
10.400,116.827,0.278,4,5471.291,342.863
10.410,116.888,0.278,4,5474.153,343.385
10.420,116.949,0.278,4,5477.014,343.908
10.430,117.010,0.278,4,5479.874,344.431
10.440,117.071,0.278,4,5482.733,344.954
10.450,117.132,0.278,4,5485.592,345.477
10.460,117.193,0.278,4,5488.450,346.001
10.470,117.254,0.278,4,5491.307,346.525
10.480,117.315,0.278,4,5494.163,347.049
10.490,117.376,0.278,4,5497.018,347.574
10.500,117.437,0.278,4,5499.872,348.099
10.510,117.498,0.278,4,5502.726,348.624
10.520,117.559,0.278,4,5505.579,349.149
10.530,117.620,0.277,4,5508.431,349.675
10.540,117.681,0.277,4,5511.282,350.201
10.550,117.742,0.277,4,5514.132,350.727
10.560,117.803,0.277,4,5516.981,351.254
10.570,117.863,0.277,4,5519.830,351.781
10.580,117.924,0.277,4,5522.678,352.308
10.590,117.985,0.277,4,5525.525,352.835
10.600,118.046,0.277,4,5528.371,353.362
10.610,118.106,0.277,4,5531.216,353.890
10.620,118.167,0.277,4,5534.060,354.418
10.630,118.228,0.277,4,5536.904,354.947
10.640,118.289,0.277,4,5539.747,355.475
10.650,118.349,0.276,4,5542.589,356.004
10.660,118.410,0.276,4,5545.430,356.534
10.670,118.471,0.276,4,5548.270,357.063
10.680,118.531,0.276,4,5551.110,357.593
10.690,118.592,0.276,4,5553.948,358.123
10.700,118.652,0.276,4,5556.786,358.653
10.710,118.713,0.276,4,5559.623,359.184
10.720,118.774,0.276,4,5562.459,359.715
10.730,118.834,0.276,4,5565.295,360.246
10.740,118.895,0.276,4,5568.129,360.777
10.750,118.955,0.276,4,5570.963,361.309
10.760,119.016,0.276,4,5573.796,361.841
10.770,119.076,0.275,4,5576.628,362.373
10.780,119.137,0.275,4,5579.459,362.905
10.790,119.197,0.275,4,5582.289,363.438
10.800,119.257,0.275,4,5585.119,363.971
10.810,119.318,0.275,4,5587.947,364.504
10.820,119.378,0.275,4,5590.775,365.038
10.830,119.439,0.275,4,5593.602,365.571
10.840,119.499,0.275,4,5596.428,366.106
10.850,119.559,0.275,4,5599.253,366.640
10.860,119.620,0.275,4,5602.078,367.175
10.870,119.680,0.275,4,5604.902,367.709
10.880,119.740,0.275,4,5607.724,368.245
10.890,119.800,0.213,4,5610.546,368.780
10.900,119.847,0.213,4,5612.733,369.316
10.910,119.894,0.213,4,5614.919,369.851
10.920,119.940,0.213,4,5617.105,370.388
10.930,119.987,0.213,4,5619.290,370.924
10.940,120.034,0.212,4,5621.474,371.460
10.950,120.080,0.212,4,5623.658,371.997
10.960,120.127,0.212,4,5625.841,372.534
10.970,120.174,0.212,4,5628.023,373.071
10.980,120.220,0.212,4,5630.205,373.608
10.990,120.267,0.212,4,5632.386,374.146
11.000,120.313,0.212,4,5634.566,374.684
11.010,120.360,0.212,4,5636.746,375.222
11.020,120.406,0.212,4,5638.925,375.760
11.030,120.453,0.212,4,5641.103,376.298
11.040,120.499,0.212,4,5643.281,376.837
11.050,120.546,0.212,4,5645.458,377.376
11.060,120.592,0.212,4,5647.635,377.915
11.070,120.639,0.212,4,5649.811,378.454
11.080,120.685,0.212,4,5651.986,378.993
11.090,120.732,0.212,4,5654.161,379.533
11.100,120.778,0.211,4,5656.334,380.073
11.110,120.824,0.211,4,5658.508,380.613
11.120,120.871,0.211,4,5660.680,381.153
11.130,120.917,0.211,4,5662.852,381.693
11.140,120.964,0.211,4,5665.024,382.234
11.150,121.010,0.211,4,5667.194,382.775
11.160,121.056,0.211,4,5669.364,383.316
11.170,121.103,0.211,4,5671.534,383.857
11.180,121.149,0.211,4,5673.702,384.399
11.190,121.195,0.211,4,5675.870,384.940
11.200,121.242,0.211,4,5678.038,385.482
11.210,121.288,0.211,4,5680.204,386.024
11.220,121.334,0.211,4,5682.371,386.567
11.230,121.380,0.211,4,5684.536,387.109
11.240,121.426,0.211,4,5686.701,387.652
11.250,121.473,0.211,4,5688.865,388.195
11.260,121.519,0.210,4,5691.029,388.738
11.270,121.565,0.210,4,5693.191,389.281
11.280,121.611,0.210,4,5695.354,389.825
11.290,121.657,0.210,4,5697.515,390.369
11.300,121.704,0.210,4,5699.676,390.912
11.310,121.750,0.210,4,5701.836,391.457
11.320,121.796,0.210,4,5703.996,392.001
11.330,121.842,0.210,4,5706.155,392.546
11.340,121.888,0.210,4,5708.313,393.090
11.350,121.934,0.210,4,5710.471,393.635
11.360,121.980,0.210,4,5712.628,394.181
11.370,122.026,0.210,4,5714.784,394.726
11.380,122.072,0.210,4,5716.940,395.272
11.390,122.118,0.210,4,5719.095,395.817
11.400,122.164,0.210,4,5721.250,396.363
11.410,122.210,0.210,4,5723.403,396.910
11.420,122.256,0.209,4,5725.556,397.456
11.430,122.302,0.209,4,5727.709,398.003
11.440,122.348,0.209,4,5729.861,398.550
11.450,122.394,0.209,4,5732.012,399.097
11.460,122.440,0.209,4,5734.162,399.644
11.470,122.486,0.209,4,5736.312,400.191
11.480,122.532,0.209,4,5738.461,400.739
11.490,122.578,0.209,4,5740.610,401.287
11.500,122.623,0.209,4,5742.758,401.835
11.510,122.669,0.209,4,5744.905,402.383
11.520,122.715,0.209,4,5747.052,402.932
11.530,122.761,0.209,4,5749.198,403.480
11.540,122.807,0.209,4,5751.343,404.029
11.550,122.853,0.209,4,5753.488,404.578
11.560,122.898,0.209,4,5755.632,405.128
11.570,122.944,0.208,4,5757.775,405.677
11.580,122.990,0.208,4,5759.918,406.227
11.590,123.036,0.208,4,5762.060,406.777
11.600,123.081,0.208,4,5764.201,407.327
11.610,123.127,0.208,4,5766.342,407.877
11.620,123.173,0.208,4,5768.482,408.428
11.630,123.218,0.208,4,5770.622,408.978
11.640,123.264,0.208,4,5772.760,409.529
11.650,123.310,0.208,4,5774.899,410.081
11.660,123.355,0.208,4,5777.036,410.632
11.670,123.401,0.208,4,5779.173,411.183
11.680,123.447,0.208,4,5781.309,411.735
11.690,123.492,0.208,4,5783.445,412.287
11.700,123.538,0.208,4,5785.580,412.839
11.710,123.583,0.208,4,5787.714,413.392
11.720,123.629,0.208,4,5789.847,413.944
11.730,123.674,0.207,4,5791.980,414.497
11.740,123.720,0.207,4,5794.113,415.050
11.750,123.766,0.207,4,5796.244,415.603
11.760,123.811,0.207,4,5798.375,416.157
11.770,123.857,0.207,4,5800.506,416.710
11.780,123.902,0.207,4,5802.635,417.264
11.790,123.947,0.207,4,5804.764,417.818
11.800,123.993,0.207,4,5806.893,418.372
11.810,124.038,0.207,4,5809.020,418.927
11.820,124.084,0.207,4,5811.147,419.481
11.830,124.129,0.207,4,5813.274,420.036
11.840,124.175,0.207,4,5815.400,420.591
11.850,124.220,0.207,4,5817.525,421.146
11.860,124.265,0.207,4,5819.649,421.702
11.870,124.311,0.207,4,5821.773,422.257
11.880,124.356,0.207,4,5823.896,422.813
11.890,124.401,0.206,4,5826.019,423.369
11.900,124.447,0.206,4,5828.141,423.925
11.910,124.492,0.206,4,5830.262,424.482
11.920,124.537,0.206,4,5832.382,425.038
11.930,124.582,0.206,4,5834.502,425.595
11.940,124.628,0.206,4,5836.621,426.152
11.950,124.673,0.206,4,5838.740,426.709
11.960,124.718,0.206,4,5840.858,427.267
11.970,124.763,0.206,4,5842.975,427.824
11.980,124.809,0.206,4,5845.092,428.382
11.990,124.854,0.206,4,5847.208,428.940
12.000,124.899,0.206,4,5849.323,429.499
12.010,124.944,0.206,4,5851.438,430.057
12.020,124.989,0.206,4,5853.552,430.616
12.030,125.034,0.206,4,5855.665,431.175
12.040,125.079,0.206,4,5857.778,431.734
12.050,125.125,0.205,4,5859.890,432.293
12.060,125.170,0.205,4,5862.001,432.852
12.070,125.215,0.205,4,5864.112,433.412
12.080,125.260,0.205,4,5866.222,433.972
12.090,125.305,0.205,4,5868.332,434.532
12.100,125.350,0.205,4,5870.441,435.092
12.110,125.395,0.205,4,5872.549,435.653
12.120,125.440,0.205,4,5874.656,436.213
12.130,125.485,0.205,4,5876.763,436.774
12.140,125.530,0.205,4,5878.869,437.335
12.150,125.575,0.205,4,5880.975,437.896
12.160,125.620,0.205,4,5883.080,438.458
12.170,125.665,0.205,4,5885.184,439.020
12.180,125.710,0.205,4,5887.287,439.581
12.190,125.754,0.205,4,5889.390,440.144
12.200,125.799,0.204,4,5891.493,440.706
12.210,125.844,0.204,4,5893.594,441.268
12.220,125.889,0.204,4,5895.695,441.831
12.230,125.934,0.204,4,5897.796,442.394
12.240,125.979,0.204,4,5899.895,442.957
12.250,126.024,0.204,4,5901.994,443.520
12.260,126.068,0.204,4,5904.093,444.084
12.270,126.113,0.204,4,5906.190,444.647
12.280,126.158,0.204,4,5908.287,445.211
12.290,126.203,0.204,4,5910.384,445.775
12.300,126.247,0.204,4,5912.479,446.340
12.310,126.292,0.204,4,5914.574,446.904
12.320,126.337,0.204,4,5916.669,447.469
12.330,126.382,0.204,4,5918.763,448.034
12.340,126.426,0.204,4,5920.856,448.599
12.350,126.471,0.204,4,5922.948,449.164
12.360,126.516,0.203,4,5925.040,449.729
12.370,126.560,0.203,4,5927.131,450.295
12.380,126.605,0.203,4,5929.222,450.861
12.390,126.650,0.203,4,5931.312,451.427
12.400,126.694,0.203,4,5933.401,451.993
12.410,126.739,0.203,4,5935.489,452.560
12.420,126.783,0.203,4,5937.577,453.126
12.430,126.828,0.203,4,5939.664,453.693
12.440,126.872,0.203,4,5941.751,454.260
12.450,126.917,0.203,4,5943.837,454.828
12.460,126.962,0.203,4,5945.922,455.395
12.470,127.006,0.203,4,5948.007,455.963
12.480,127.051,0.203,4,5950.091,456.531
12.490,127.095,0.203,4,5952.174,457.099
12.500,127.140,0.203,4,5954.257,457.667
12.510,127.184,0.203,4,5956.339,458.235
12.520,127.228,0.202,4,5958.420,458.804
12.530,127.273,0.202,4,5960.501,459.373
12.540,127.317,0.202,4,5962.581,459.942
12.550,127.362,0.202,4,5964.660,460.511
12.560,127.406,0.202,4,5966.739,461.081
12.570,127.450,0.202,4,5968.817,461.650
12.580,127.495,0.202,4,5970.894,462.220
12.590,127.539,0.202,4,5972.971,462.790
12.600,127.583,0.202,4,5975.047,463.361
12.610,127.628,0.202,4,5977.123,463.931
12.620,127.672,0.202,4,5979.198,464.502
12.630,127.716,0.202,4,5981.272,465.073
12.640,127.761,0.202,4,5983.345,465.644
12.650,127.805,0.202,4,5985.418,466.215
12.660,127.849,0.202,4,5987.490,466.786
12.670,127.893,0.202,4,5989.562,467.358
12.680,127.938,0.201,4,5991.633,467.930
12.690,127.982,0.201,4,5993.703,468.502
12.700,128.026,0.201,4,5995.773,469.074
12.710,128.070,0.201,4,5997.841,469.646
12.720,128.114,0.201,4,5999.910,470.219
12.730,128.158,0.201,4,6001.977,470.792
12.740,128.203,0.201,4,6004.044,471.365
12.750,128.247,0.201,4,6006.111,471.938
12.760,128.291,0.201,4,6008.176,472.511
12.770,128.335,0.201,4,6010.241,473.085
12.780,128.379,0.201,4,6012.306,473.659
12.790,128.423,0.201,4,6014.369,474.233
12.800,128.467,0.201,4,6016.432,474.807
12.810,128.511,0.201,4,6018.495,475.381
12.820,128.555,0.201,4,6020.556,475.956
12.830,128.599,0.200,4,6022.617,476.531
12.840,128.643,0.200,4,6024.678,477.106
12.850,128.687,0.200,4,6026.738,477.681
12.860,128.731,0.200,4,6028.797,478.256
12.870,128.775,0.200,4,6030.855,478.832
12.880,128.819,0.200,4,6032.913,479.408
12.890,128.863,0.200,4,6034.970,479.984
12.900,128.907,0.200,4,6037.026,480.560
12.910,128.951,0.200,4,6039.082,481.136
12.920,128.995,0.200,4,6041.137,481.713
12.930,129.039,0.200,4,6043.192,482.290
12.940,129.082,0.200,4,6045.246,482.867
12.950,129.126,0.200,4,6047.299,483.444
12.960,129.170,0.200,4,6049.352,484.021
12.970,129.214,0.200,4,6051.403,484.599
12.980,129.258,0.200,4,6053.455,485.176
12.990,129.301,0.199,4,6055.505,485.754
13.000,129.345,0.199,4,6057.555,486.332
13.010,129.389,0.199,4,6059.604,486.911
13.020,129.433,0.199,4,6061.653,487.489
13.030,129.476,0.199,4,6063.701,488.068
13.040,129.520,0.199,4,6065.748,488.647
13.050,129.564,0.199,4,6067.795,489.226
13.060,129.608,0.199,4,6069.841,489.805
13.070,129.651,0.199,4,6071.886,490.385
13.080,129.695,0.199,4,6073.931,490.964
13.090,129.739,0.199,4,6075.975,491.544
13.100,129.782,0.199,4,6078.018,492.124
13.110,129.826,0.199,4,6080.061,492.705
13.120,129.869,0.199,4,6082.103,493.285
13.130,129.913,0.199,4,6084.145,493.866
13.140,129.957,0.199,4,6086.185,494.447
13.150,130.000,0.198,4,6088.225,495.028
13.160,130.044,0.198,4,6090.265,495.609
13.170,130.087,0.198,4,6092.304,496.190
13.180,130.131,0.198,4,6094.342,496.772
13.190,130.174,0.198,4,6096.379,497.354
13.200,130.218,0.198,4,6098.416,497.936
13.210,130.261,0.198,4,6100.452,498.518
13.220,130.305,0.198,4,6102.488,499.101
13.230,130.348,0.198,4,6104.523,499.683
13.240,130.392,0.198,4,6106.557,500.266
13.250,130.435,0.198,4,6108.590,500.849
13.260,130.478,0.198,4,6110.623,501.432
13.270,130.522,0.198,4,6112.656,502.015
13.280,130.565,0.198,4,6114.687,502.599
13.290,130.609,0.198,4,6116.718,503.183
13.300,130.652,0.197,4,6118.748,503.767
13.310,130.695,0.197,4,6120.778,504.351
13.320,130.739,0.197,4,6122.807,504.935
13.330,130.782,0.197,4,6124.835,505.520
13.340,130.825,0.197,4,6126.863,506.105
13.350,130.868,0.197,4,6128.890,506.690
13.360,130.912,0.197,4,6130.916,507.275
13.370,130.955,0.197,4,6132.942,507.860
13.380,130.998,0.197,4,6134.967,508.446
13.390,131.041,0.197,4,6136.991,509.031
13.400,131.085,0.197,4,6139.015,509.617
13.410,131.128,0.197,4,6141.038,510.203
13.420,131.171,0.197,4,6143.060,510.790
13.430,131.214,0.197,4,6145.082,511.376
13.440,131.257,0.197,4,6147.103,511.963
13.450,131.300,0.197,4,6149.124,512.550
13.460,131.344,0.196,4,6151.144,513.137
13.470,131.387,0.196,4,6153.163,513.724
13.480,131.430,0.196,4,6155.181,514.311
13.490,131.473,0.196,4,6157.199,514.899
13.500,131.516,0.196,4,6159.216,515.487
13.510,131.559,0.196,4,6161.233,516.075
13.520,131.602,0.196,4,6163.248,516.663
13.530,131.645,0.196,4,6165.264,517.251
13.540,131.688,0.196,4,6167.278,517.840
13.550,131.731,0.196,4,6169.292,518.429
13.560,131.774,0.196,4,6171.305,519.018
13.570,131.817,0.196,4,6173.318,519.607
13.580,131.860,0.196,4,6175.330,520.196
13.590,131.903,0.196,4,6177.341,520.786
13.600,131.946,0.196,4,6179.352,521.376
13.610,131.989,0.196,4,6181.362,521.966
13.620,132.032,0.195,4,6183.371,522.556
13.630,132.075,0.195,4,6185.380,523.146
13.640,132.118,0.195,4,6187.388,523.737
13.650,132.160,0.195,4,6189.395,524.327
13.660,132.203,0.195,4,6191.402,524.918
13.670,132.246,0.195,4,6193.408,525.509
13.680,132.289,0.195,4,6195.413,526.101
13.690,132.332,0.195,4,6197.418,526.692
13.700,132.374,0.195,4,6199.422,527.284
13.710,132.417,0.195,4,6201.425,527.876
13.720,132.460,0.195,4,6203.428,528.468
13.730,132.503,0.195,4,6205.430,529.060
13.740,132.545,0.195,4,6207.431,529.652
13.750,132.588,0.195,4,6209.432,530.245
13.760,132.631,0.195,4,6211.432,530.838
13.770,132.674,0.194,4,6213.432,531.431
13.780,132.716,0.194,4,6215.431,532.024
13.790,132.759,0.194,4,6217.429,532.617
13.800,132.802,0.194,4,6219.426,533.211
13.810,132.844,0.194,4,6221.423,533.805
13.820,132.887,0.194,4,6223.419,534.399
13.830,132.929,0.194,4,6225.415,534.993
13.840,132.972,0.194,4,6227.410,535.587
13.850,133.015,0.194,4,6229.404,536.182
13.860,133.057,0.194,4,6231.398,536.776
13.870,133.100,0.194,4,6233.390,537.371
13.880,133.142,0.194,4,6235.383,537.966
13.890,133.185,0.194,4,6237.374,538.562
13.900,133.227,0.194,4,6239.365,539.157
13.910,133.270,0.194,4,6241.356,539.753
13.920,133.312,0.194,4,6243.345,540.349
13.930,133.355,0.193,4,6245.334,540.945
13.940,133.397,0.193,4,6247.322,541.541
13.950,133.440,0.193,4,6249.310,542.138
13.960,133.482,0.193,4,6251.297,542.734
13.970,133.525,0.193,4,6253.284,543.331
13.980,133.567,0.193,4,6255.269,543.928
13.990,133.609,0.193,4,6257.254,544.525
14.000,133.652,0.193,4,6259.239,545.123
14.010,133.694,0.193,4,6261.222,545.720
14.020,133.736,0.193,4,6263.206,546.318
14.030,133.779,0.193,4,6265.188,546.916
14.040,133.821,0.193,4,6267.170,547.514
14.050,133.863,0.193,4,6269.151,548.112
14.060,133.906,0.193,4,6271.131,548.711
14.070,133.948,0.193,4,6273.111,549.310
14.080,133.990,0.193,4,6275.090,549.908
14.090,134.032,0.192,4,6277.069,550.507
14.100,134.075,0.192,4,6279.047,551.107
14.110,134.117,0.192,4,6281.024,551.706
14.120,134.159,0.192,4,6283.000,552.306
14.130,134.201,0.192,4,6284.976,552.906
14.140,134.243,0.192,4,6286.951,553.506
14.150,134.286,0.192,4,6288.926,554.106
14.160,134.328,0.192,4,6290.900,554.706
14.170,134.370,0.192,4,6292.873,555.307
14.180,134.412,0.192,4,6294.846,555.908
14.190,134.454,0.192,4,6296.818,556.509
14.200,134.496,0.192,4,6298.789,557.110
14.210,134.538,0.192,4,6300.760,557.711
14.220,134.580,0.192,4,6302.730,558.313
14.230,134.622,0.192,4,6304.699,558.914
14.240,134.664,0.191,4,6306.668,559.516
14.250,134.706,0.191,4,6308.636,560.118
14.260,134.748,0.191,4,6310.603,560.721
14.270,134.790,0.191,4,6312.570,561.323
14.280,134.832,0.191,4,6314.536,561.926
14.290,134.874,0.191,4,6316.501,562.529
14.300,134.916,0.191,4,6318.466,563.132
14.310,134.958,0.191,4,6320.430,563.735
14.320,135.000,0.191,4,6322.393,564.338
14.330,135.042,0.191,4,6324.356,564.942
14.340,135.084,0.191,4,6326.318,565.546
14.350,135.126,0.191,4,6328.280,566.150
14.360,135.168,0.191,4,6330.241,566.754
14.370,135.210,0.191,4,6332.201,567.358
14.380,135.252,0.191,4,6334.160,567.963
14.390,135.293,0.191,4,6336.119,568.568
14.400,135.335,0.190,4,6338.077,569.172
14.410,135.377,0.190,4,6340.035,569.778
14.420,135.419,0.190,4,6341.992,570.383
14.430,135.460,0.190,4,6343.948,570.988
14.440,135.502,0.190,4,6345.904,571.594
14.450,135.544,0.190,4,6347.859,572.200
14.460,135.586,0.190,4,6349.813,572.806
14.470,135.627,0.190,4,6351.766,573.412
14.480,135.669,0.190,4,6353.719,574.018
14.490,135.711,0.190,4,6355.672,574.625
14.500,135.752,0.190,4,6357.623,575.232
14.510,135.794,0.190,4,6359.574,575.839
14.520,135.836,0.190,4,6361.525,576.446
14.530,135.877,0.190,4,6363.474,577.053
14.540,135.919,0.190,4,6365.423,577.661
14.550,135.961,0.190,4,6367.372,578.268
14.560,136.002,0.189,4,6369.320,578.876
14.570,136.044,0.189,4,6371.267,579.484
14.580,136.085,0.189,4,6373.213,580.093
14.590,136.127,0.189,4,6375.159,580.701
14.600,136.168,0.189,4,6377.104,581.310
14.610,136.210,0.189,4,6379.048,581.919
14.620,136.251,0.189,4,6380.992,582.528
14.630,136.293,0.189,4,6382.935,583.137
14.640,136.334,0.189,4,6384.878,583.746
14.650,136.376,0.189,4,6386.820,584.356
14.660,136.417,0.189,4,6388.761,584.965
14.670,136.459,0.189,4,6390.701,585.575
14.680,136.500,0.189,4,6392.641,586.185
14.690,136.542,0.189,4,6394.580,586.796
14.700,136.583,0.189,4,6396.519,587.406
14.710,136.624,0.189,4,6398.457,588.017
14.720,136.666,0.188,4,6400.394,588.628
14.730,136.707,0.188,4,6402.331,589.239
14.740,136.748,0.188,4,6404.267,589.850
14.750,136.790,0.188,4,6406.202,590.461
14.760,136.831,0.188,4,6408.137,591.073
14.770,136.872,0.188,4,6410.071,591.685
14.780,136.914,0.188,4,6412.004,592.297
14.790,136.955,0.188,4,6413.937,592.909
14.800,136.996,0.188,4,6415.869,593.521
14.810,137.037,0.188,4,6417.800,594.134
14.820,137.079,0.188,4,6419.731,594.747
14.830,137.120,0.188,4,6421.661,595.359
14.840,137.161,0.188,4,6423.590,595.972
14.850,137.202,0.188,4,6425.519,596.586
14.860,137.243,0.188,4,6427.447,597.199
14.870,137.285,0.187,4,6429.374,597.813
14.880,137.326,0.187,4,6431.301,598.427
14.890,137.367,0.187,4,6433.227,599.041
14.900,137.408,0.187,4,6435.153,599.655
14.910,137.449,0.187,4,6437.078,600.269
14.920,137.490,0.187,4,6439.002,600.884
14.930,137.531,0.187,4,6440.925,601.498
14.940,137.572,0.187,4,6442.848,602.113
14.950,137.613,0.187,4,6444.770,602.728
14.960,137.654,0.187,4,6446.692,603.344
14.970,137.695,0.187,4,6448.613,603.959
14.980,137.736,0.187,4,6450.533,604.575
14.990,137.777,0.187,4,6452.453,605.191
15.000,137.818,0.187,4,6454.372,605.807
15.010,137.859,0.187,4,6456.290,606.423
15.020,137.900,0.187,4,6458.208,607.039
15.030,137.941,0.186,4,6460.125,607.656
15.040,137.982,0.186,4,6462.041,608.273
15.050,138.023,0.186,4,6463.957,608.889
15.060,138.064,0.186,4,6465.872,609.507
15.070,138.105,0.186,4,6467.786,610.124
15.080,138.146,0.186,4,6469.700,610.741
15.090,138.186,0.186,4,6471.613,611.359
15.100,138.227,0.186,4,6473.525,611.977
15.110,138.268,0.186,4,6475.437,612.595
15.120,138.309,0.186,4,6477.348,613.213
15.130,138.350,0.186,4,6479.259,613.831
15.140,138.391,0.186,4,6481.169,614.450
15.150,138.431,0.186,4,6483.078,615.069
15.160,138.472,0.186,4,6484.986,615.688
15.170,138.513,0.186,4,6486.894,616.307
15.180,138.554,0.186,4,6488.801,616.926
15.190,138.594,0.185,4,6490.708,617.546
15.200,138.635,0.185,4,6492.614,618.165
15.210,138.676,0.185,4,6494.519,618.785
15.220,138.716,0.185,4,6496.423,619.405
15.230,138.757,0.185,4,6498.327,620.025
15.240,138.798,0.185,4,6500.231,620.646
15.250,138.838,0.185,4,6502.133,621.266
15.260,138.879,0.185,4,6504.035,621.887
15.270,138.919,0.185,4,6505.937,622.508
15.280,138.960,0.185,4,6507.837,623.129
15.290,139.001,0.185,4,6509.737,623.750
15.300,139.041,0.185,4,6511.637,624.372
15.310,139.082,0.185,4,6513.535,624.993
15.320,139.122,0.185,4,6515.433,625.615
15.330,139.163,0.185,4,6517.331,626.237
15.340,139.203,0.184,4,6519.228,626.860
15.350,139.244,0.184,4,6521.124,627.482
15.360,139.284,0.184,4,6523.019,628.104
15.370,139.325,0.184,4,6524.914,628.727
15.380,139.365,0.184,4,6526.808,629.350
15.390,139.405,0.184,4,6528.702,629.973
15.400,139.446,0.184,4,6530.594,630.597
15.410,139.486,0.184,4,6532.487,631.220
15.420,139.527,0.184,4,6534.378,631.844
15.430,139.567,0.184,4,6536.269,632.468
15.440,139.607,0.184,4,6538.159,633.092
15.450,139.648,0.184,4,6540.049,633.716
15.460,139.688,0.184,4,6541.938,634.340
15.470,139.728,0.184,4,6543.826,634.965
15.480,139.769,0.184,4,6545.714,635.589
15.490,139.809,0.184,4,6547.601,636.214
15.500,139.849,0.183,4,6549.487,636.839
15.510,139.890,0.183,4,6551.373,637.465
15.520,139.930,0.183,4,6553.258,638.090
15.530,139.970,0.183,4,6555.142,638.716
15.540,140.010,0.183,4,6557.026,639.342
15.550,140.050,0.183,4,6558.909,639.968
15.560,140.091,0.183,4,6560.791,640.594
15.570,140.131,0.183,4,6562.673,641.220
15.580,140.171,0.183,4,6564.554,641.847
15.590,140.211,0.183,4,6566.434,642.473
15.600,140.251,0.183,4,6568.314,643.100
15.610,140.291,0.183,4,6570.193,643.727
15.620,140.332,0.183,4,6572.072,644.354
15.630,140.372,0.183,4,6573.950,644.982
15.640,140.412,0.183,4,6575.827,645.610
15.650,140.452,0.183,4,6577.704,646.237
15.660,140.492,0.182,4,6579.579,646.865
15.670,140.532,0.182,4,6581.455,647.493
15.680,140.572,0.182,4,6583.329,648.122
15.690,140.612,0.182,4,6585.203,648.750
15.700,140.652,0.182,4,6587.077,649.379
15.710,140.692,0.182,4,6588.949,650.008
15.720,140.732,0.182,4,6590.821,650.637
15.730,140.772,0.182,4,6592.693,651.266
15.740,140.812,0.182,4,6594.563,651.895
15.750,140.852,0.182,4,6596.433,652.525
15.760,140.892,0.182,4,6598.303,653.155
15.770,140.932,-0.127,5,4290.111,653.785
15.780,140.904,-0.127,5,4289.264,654.415
15.790,140.876,-0.127,5,4288.417,655.044
15.800,140.848,-0.127,5,4287.571,655.674
15.810,140.820,-0.127,5,4286.725,656.304
15.820,140.793,-0.127,5,4285.879,656.933
15.830,140.765,-0.127,5,4285.033,657.563
15.840,140.737,-0.127,5,4284.188,658.192
15.850,140.709,-0.126,5,4283.342,658.821
15.860,140.681,-0.126,5,4282.498,659.450
15.870,140.654,-0.126,5,4281.653,660.079
15.880,140.626,-0.126,5,4280.809,660.707
15.890,140.598,-0.126,5,4279.965,661.336
15.900,140.571,-0.126,5,4279.121,661.964
15.910,140.543,-0.126,5,4278.278,662.593
15.920,140.515,-0.126,5,4277.435,663.221
15.930,140.487,-0.126,5,4276.592,663.849
15.940,140.460,-0.126,5,4275.750,664.477
15.950,140.432,-0.126,5,4274.908,665.105
15.960,140.404,-0.126,5,4274.066,665.733
15.970,140.377,0.142,5,4273.224,666.360
15.980,140.408,0.141,5,4274.169,666.988
15.990,140.439,0.141,5,4275.114,667.616
16.000,140.470,0.141,5,4276.059,668.243
16.010,140.501,0.141,5,4277.003,668.872
16.020,140.532,0.141,5,4277.947,669.500
16.030,140.563,0.141,5,4278.891,670.128
16.040,140.594,0.141,5,4279.834,670.756
16.050,140.625,0.141,5,4280.777,671.385
16.060,140.656,0.141,5,4281.720,672.014
16.070,140.687,0.141,5,4282.662,672.643
16.080,140.718,0.141,5,4283.604,673.272
16.090,140.749,0.141,5,4284.546,673.901
16.100,140.780,0.141,5,4285.487,674.530
16.110,140.811,0.141,5,4286.428,675.159
16.120,140.841,0.141,5,4287.369,675.789
16.130,140.872,0.141,5,4288.309,676.419
16.140,140.903,0.141,5,4289.249,677.048
16.150,140.934,0.114,5,4290.189,677.678
16.160,140.959,0.114,5,4290.950,678.308
16.170,140.984,0.114,5,4291.710,678.939
16.180,141.009,0.114,5,4292.470,679.569
16.190,141.034,0.114,5,4293.230,680.199
16.200,141.059,0.114,5,4293.990,680.830
16.210,141.084,0.114,5,4294.749,681.461
16.220,141.109,0.114,5,4295.508,682.091
16.230,141.134,0.114,5,4296.267,682.722
16.240,141.159,0.114,5,4297.026,683.353
16.250,141.184,0.113,5,4297.784,683.984
16.260,141.209,0.113,5,4298.542,684.615
16.270,141.233,0.113,5,4299.300,685.247
16.280,141.258,0.113,5,4300.058,685.878
16.290,141.283,0.113,5,4300.815,686.510
16.300,141.308,0.113,5,4301.572,687.141
16.310,141.333,0.113,5,4302.329,687.773
16.320,141.358,0.113,5,4303.085,688.405
16.330,141.383,0.113,5,4303.841,689.037
16.340,141.407,0.113,5,4304.597,689.669
16.350,141.432,0.113,5,4305.353,690.301
16.360,141.457,0.113,5,4306.108,690.934
16.370,141.482,0.113,5,4306.864,691.566
16.380,141.507,0.113,5,4307.619,692.199
16.390,141.531,0.113,5,4308.373,692.831
16.400,141.556,0.113,5,4309.128,693.464
16.410,141.581,0.113,5,4309.882,694.097
16.420,141.606,0.113,5,4310.635,694.730
16.430,141.631,0.113,5,4311.389,695.363
16.440,141.655,0.113,5,4312.142,695.996
16.450,141.680,0.113,5,4312.895,696.629
16.460,141.705,0.113,5,4313.648,697.263
16.470,141.729,0.113,5,4314.401,697.896
16.480,141.754,0.113,5,4315.153,698.530
16.490,141.779,0.113,5,4315.905,699.164
16.500,141.804,0.112,5,4316.657,699.798
16.510,141.828,0.112,5,4317.408,700.432
16.520,141.853,0.112,5,4318.159,701.066
16.530,141.878,0.112,5,4318.910,701.700
16.540,141.902,0.112,5,4319.661,702.334
16.550,141.927,0.112,5,4320.412,702.969
16.560,141.952,0.112,5,4321.162,703.603
16.570,141.976,0.112,5,4321.912,704.238
16.580,142.001,0.112,5,4322.661,704.872
16.590,142.025,0.112,5,4323.411,705.507
16.600,142.050,0.112,5,4324.160,706.142
16.610,142.075,0.112,5,4324.909,706.777
16.620,142.099,0.112,5,4325.657,707.413
16.630,142.124,0.112,5,4326.405,708.048
16.640,142.148,0.112,5,4327.153,708.683
16.650,142.173,0.112,5,4327.901,709.319
16.660,142.198,0.112,5,4328.649,709.954
16.670,142.222,0.112,5,4329.396,710.590
16.680,142.247,0.112,5,4330.143,711.226
16.690,142.271,0.112,5,4330.890,711.862
16.700,142.296,0.112,5,4331.636,712.498
16.710,142.320,0.112,5,4332.383,713.134
16.720,142.345,0.112,5,4333.128,713.770
16.730,142.369,0.112,5,4333.874,714.407
16.740,142.394,0.112,5,4334.620,715.043
16.750,142.418,0.112,5,4335.365,715.680
16.760,142.443,0.111,5,4336.110,716.317
16.770,142.467,0.111,5,4336.854,716.954
16.780,142.492,0.111,5,4337.599,717.590
16.790,142.516,0.111,5,4338.343,718.227
16.800,142.540,0.111,5,4339.087,718.865
16.810,142.565,0.111,5,4339.830,719.502
16.820,142.589,0.111,5,4340.574,720.139
16.830,142.614,0.111,5,4341.317,720.777
16.840,142.638,0.111,5,4342.059,721.414
16.850,142.662,0.111,5,4342.802,722.052
16.860,142.687,0.111,5,4343.544,722.690
16.870,142.711,0.111,5,4344.286,723.328
16.880,142.736,0.111,5,4345.028,723.966
16.890,142.760,0.111,5,4345.770,724.604
16.900,142.784,0.111,5,4346.511,725.242
16.910,142.809,0.111,5,4347.252,725.881
16.920,142.833,0.111,5,4347.993,726.519
16.930,142.857,0.111,5,4348.733,727.158
16.940,142.882,0.111,5,4349.473,727.796
16.950,142.906,0.111,5,4350.213,728.435
16.960,142.930,0.111,5,4350.953,729.074
16.970,142.955,0.111,5,4351.692,729.713
16.980,142.979,0.111,5,4352.431,730.352
16.990,143.003,0.111,5,4353.170,730.991
17.000,143.027,0.111,5,4353.909,731.631
17.010,143.052,0.110,5,4354.647,732.270
17.020,143.076,0.110,5,4355.385,732.910
17.030,143.100,0.110,5,4356.123,733.549
17.040,143.124,0.110,5,4356.861,734.189
17.050,143.149,0.110,5,4357.598,734.829
17.060,143.173,0.110,5,4358.335,735.469
17.070,143.197,0.110,5,4359.072,736.109
17.080,143.221,0.110,5,4359.808,736.749
17.090,143.245,0.110,5,4360.545,737.390
17.100,143.269,0.110,5,4361.281,738.030
17.110,143.294,0.110,5,4362.017,738.671
17.120,143.318,0.110,5,4362.752,739.311
17.130,143.342,0.110,5,4363.487,739.952
17.140,143.366,0.110,5,4364.222,740.593
17.150,143.390,0.110,5,4364.957,741.234
17.160,143.414,0.110,5,4365.691,741.875
17.170,143.439,0.110,5,4366.426,742.516
17.180,143.463,0.110,5,4367.160,743.157
17.190,143.487,0.110,5,4367.893,743.799
17.200,143.511,0.110,5,4368.627,744.440
17.210,143.535,0.110,5,4369.360,745.082
17.220,143.559,0.110,5,4370.093,745.723
17.230,143.583,0.110,5,4370.825,746.365
17.240,143.607,0.110,5,4371.558,747.007
17.250,143.631,0.110,5,4372.290,747.649
17.260,143.655,0.110,5,4373.022,748.291
17.270,143.679,0.109,5,4373.753,748.934
17.280,143.703,0.109,5,4374.485,749.576
17.290,143.727,0.109,5,4375.216,750.218
17.300,143.751,0.109,5,4375.946,750.861
17.310,143.775,0.109,5,4376.677,751.504
17.320,143.799,0.109,5,4377.407,752.146
17.330,143.823,0.109,5,4378.137,752.789
17.340,143.847,0.109,5,4378.867,753.432
17.350,143.871,0.109,5,4379.597,754.075
17.360,143.895,0.109,5,4380.326,754.719
17.370,143.919,0.109,5,4381.055,755.362
17.380,143.943,0.109,5,4381.784,756.005
17.390,143.967,0.109,5,4382.512,756.649
17.400,143.991,0.109,5,4383.240,757.293
17.410,144.015,0.109,5,4383.968,757.936
17.420,144.039,0.109,5,4384.696,758.580
17.430,144.063,0.109,5,4385.424,759.224
17.440,144.086,0.109,5,4386.151,759.868
17.450,144.110,0.109,5,4386.878,760.512
17.460,144.134,0.109,5,4387.604,761.157
17.470,144.158,0.109,5,4388.331,761.801
17.480,144.182,0.109,5,4389.057,762.446
17.490,144.206,0.109,5,4389.783,763.090
17.500,144.230,0.109,5,4390.508,763.735
17.510,144.253,0.109,5,4391.234,764.380
17.520,144.277,0.109,5,4391.959,765.025
17.530,144.301,0.108,5,4392.684,765.670
17.540,144.325,0.108,5,4393.408,766.315
17.550,144.349,0.108,5,4394.133,766.960
17.560,144.372,0.108,5,4394.857,767.605
17.570,144.396,0.108,5,4395.581,768.251
17.580,144.420,0.108,5,4396.304,768.896
17.590,144.444,0.108,5,4397.028,769.542
17.600,144.468,0.108,5,4397.751,770.188
17.610,144.491,0.108,5,4398.473,770.834
17.620,144.515,0.108,5,4399.196,771.480
17.630,144.539,0.108,5,4399.918,772.126
17.640,144.562,0.108,5,4400.640,772.772
17.650,144.586,0.108,5,4401.362,773.418
17.660,144.610,0.108,5,4402.083,774.065
17.670,144.634,0.108,5,4402.805,774.711
17.680,144.657,0.108,5,4403.526,775.358
17.690,144.681,0.108,5,4404.246,776.005
17.700,144.705,0.108,5,4404.967,776.651
17.710,144.728,0.108,5,4405.687,777.298
17.720,144.752,0.108,5,4406.407,777.945
17.730,144.776,0.108,5,4407.127,778.593
17.740,144.799,0.108,5,4407.846,779.240
17.750,144.823,0.108,5,4408.565,779.887
17.760,144.846,0.108,5,4409.284,780.535
17.770,144.870,0.108,5,4410.003,781.182
17.780,144.894,0.108,5,4410.721,781.830
17.790,144.917,0.107,5,4411.440,782.478
17.800,144.941,0.107,5,4412.157,783.126
17.810,144.964,0.107,5,4412.875,783.774
17.820,144.988,0.107,5,4413.593,784.422
17.830,145.012,0.107,5,4414.310,785.070
17.840,145.035,0.107,5,4415.027,785.718
17.850,145.059,0.107,5,4415.743,786.367
17.860,145.082,0.107,5,4416.459,787.015
17.870,145.106,0.107,5,4417.176,787.664
17.880,145.129,0.107,5,4417.891,788.312
17.890,145.153,0.107,5,4418.607,788.961
17.900,145.176,0.107,5,4419.322,789.610
17.910,145.200,0.107,5,4420.037,790.259
17.920,145.223,0.107,5,4420.752,790.908
17.930,145.247,0.107,5,4421.467,791.558
17.940,145.270,0.107,5,4422.181,792.207
17.950,145.294,0.107,5,4422.895,792.856
17.960,145.317,0.107,5,4423.609,793.506
17.970,145.340,0.107,5,4424.322,794.156
17.980,145.364,0.107,5,4425.036,794.806
17.990,145.387,0.107,5,4425.749,795.455
18.000,145.411,0.107,5,4426.462,796.105
18.010,145.434,0.107,5,4427.174,796.755
18.020,145.458,0.107,5,4427.886,797.406
18.030,145.481,0.107,5,4428.598,798.056
18.040,145.504,0.107,5,4429.310,798.706
18.050,145.528,0.106,5,4430.022,799.357
18.060,145.551,0.106,5,4430.733,800.008
18.070,145.574,0.106,5,4431.444,800.658
18.080,145.598,0.106,5,4432.154,801.309
18.090,145.621,0.106,5,4432.865,801.960
18.100,145.644,0.106,5,4433.575,802.611
18.110,145.668,0.106,5,4434.285,803.262
18.120,145.691,0.106,5,4434.995,803.913
18.130,145.714,0.106,5,4435.704,804.565
18.140,145.738,0.106,5,4436.413,805.216
18.150,145.761,0.106,5,4437.122,805.868
18.160,145.784,0.106,5,4437.831,806.519
18.170,145.807,0.106,5,4438.539,807.171
18.180,145.831,0.106,5,4439.248,807.823
18.190,145.854,0.106,5,4439.956,808.475
18.200,145.877,0.106,5,4440.663,809.127
18.210,145.900,0.106,5,4441.371,809.779
18.220,145.924,0.106,5,4442.078,810.432
18.230,145.947,0.106,5,4442.785,811.084
18.240,145.970,0.106,5,4443.491,811.736
18.250,145.993,0.106,5,4444.198,812.389
18.260,146.017,0.106,5,4444.904,813.042
18.270,146.040,0.106,5,4445.610,813.695
18.280,146.063,0.106,5,4446.315,814.347
18.290,146.086,0.106,5,4447.021,815.001
18.300,146.109,0.106,5,4447.726,815.654
18.310,146.132,0.105,5,4448.431,816.307
18.320,146.156,0.105,5,4449.135,816.960
18.330,146.179,0.105,5,4449.840,817.614
18.340,146.202,0.105,5,4450.544,818.267
18.350,146.225,0.105,5,4451.247,818.921
18.360,146.248,0.105,5,4451.951,819.574
18.370,146.271,0.105,5,4452.654,820.228
18.380,146.294,0.105,5,4453.357,820.882
18.390,146.317,0.105,5,4454.060,821.536
18.400,146.340,0.105,5,4454.763,822.190
18.410,146.363,0.105,5,4455.465,822.845
18.420,146.387,0.105,5,4456.167,823.499
18.430,146.410,0.105,5,4456.869,824.154
18.440,146.433,0.105,5,4457.571,824.808
18.450,146.456,0.105,5,4458.272,825.463
18.460,146.479,0.105,5,4458.973,826.117
18.470,146.502,0.105,5,4459.674,826.772
18.480,146.525,0.105,5,4460.374,827.427
18.490,146.548,0.105,5,4461.075,828.082
18.500,146.571,0.105,5,4461.775,828.738
18.510,146.594,0.105,5,4462.474,829.393
18.520,146.617,0.105,5,4463.174,830.048
18.530,146.640,0.105,5,4463.873,830.704
18.540,146.663,0.105,5,4464.572,831.359
18.550,146.686,0.105,5,4465.271,832.015
18.560,146.709,0.105,5,4465.969,832.671
18.570,146.731,0.104,5,4466.668,833.327
18.580,146.754,0.104,5,4467.366,833.983
18.590,146.777,0.104,5,4468.063,834.639
18.600,146.800,0.104,5,4468.761,835.295
18.610,146.823,0.104,5,4469.458,835.951
18.620,146.846,0.104,5,4470.155,836.608
18.630,146.869,0.104,5,4470.852,837.264
18.640,146.892,0.104,5,4471.548,837.921
18.650,146.915,0.104,5,4472.245,838.578
18.660,146.938,0.104,5,4472.941,839.234
18.670,146.960,0.104,5,4473.636,839.891
18.680,146.983,0.104,5,4474.332,840.548
18.690,147.006,0.104,5,4475.027,841.205
18.700,147.029,0.104,5,4475.722,841.863
18.710,147.052,0.104,5,4476.417,842.520
18.720,147.075,0.104,5,4477.111,843.177
18.730,147.097,0.104,5,4477.805,843.835
18.740,147.120,0.104,5,4478.499,844.493
18.750,147.143,0.104,5,4479.193,845.150
18.760,147.166,0.104,5,4479.886,845.808
18.770,147.189,0.104,5,4480.580,846.466
18.780,147.211,0.104,5,4481.273,847.124
18.790,147.234,0.104,5,4481.965,847.782
18.800,147.257,0.104,5,4482.658,848.441
18.810,147.280,0.104,5,4483.350,849.099
18.820,147.302,0.104,5,4484.042,849.757
18.830,147.325,0.104,5,4484.734,850.416
18.840,147.348,0.103,5,4485.425,851.075
18.850,147.370,0.103,5,4486.116,851.733
18.860,147.393,0.103,5,4486.807,852.392
18.870,147.416,0.103,5,4487.498,853.051
18.880,147.438,0.103,5,4488.188,853.710
18.890,147.461,0.103,5,4488.878,854.369
18.900,147.484,0.103,5,4489.568,855.029
18.910,147.506,0.103,5,4490.258,855.688
18.920,147.529,0.103,5,4490.947,856.347
18.930,147.552,0.103,5,4491.637,857.007
18.940,147.574,0.103,5,4492.326,857.667
18.950,147.597,0.103,5,4493.014,858.326
18.960,147.620,0.103,5,4493.703,858.986
18.970,147.642,0.103,5,4494.391,859.646
18.980,147.665,0.103,5,4495.079,860.306
18.990,147.687,0.103,5,4495.766,860.966
19.000,147.710,0.103,5,4496.454,861.627
19.010,147.733,0.103,5,4497.141,862.287
19.020,147.755,0.103,5,4497.828,862.948
19.030,147.778,0.103,5,4498.515,863.608
19.040,147.800,0.103,5,4499.201,864.269
19.050,147.823,0.103,5,4499.887,864.930
19.060,147.845,0.103,5,4500.573,865.590
19.070,147.868,0.103,5,4501.259,866.251
19.080,147.890,0.103,5,4501.944,866.913
19.090,147.913,0.103,5,4502.629,867.574
19.100,147.935,0.102,5,4503.314,868.235
19.110,147.958,0.102,5,4503.999,868.896
19.120,147.980,0.102,5,4504.683,869.558
19.130,148.003,0.102,5,4505.367,870.219
19.140,148.025,0.102,5,4506.051,870.881
19.150,148.048,0.102,5,4506.735,871.543
19.160,148.070,0.102,5,4507.418,872.205
19.170,148.093,0.102,5,4508.102,872.867
19.180,148.115,0.102,5,4508.784,873.529
19.190,148.137,0.102,5,4509.467,874.191
19.200,148.160,0.102,5,4510.150,874.853
19.210,148.182,0.102,5,4510.832,875.516
19.220,148.205,0.102,5,4511.514,876.178
19.230,148.227,0.102,5,4512.195,876.841
19.240,148.249,0.102,5,4512.877,877.503
19.250,148.272,0.102,5,4513.558,878.166
19.260,148.294,0.102,5,4514.239,878.829
19.270,148.317,0.102,5,4514.919,879.492
19.280,148.339,0.102,5,4515.600,880.155
19.290,148.361,0.102,5,4516.280,880.818
19.300,148.384,0.102,5,4516.960,881.482
19.310,148.406,0.102,5,4517.640,882.145
19.320,148.428,0.102,5,4518.319,882.808
19.330,148.451,0.102,5,4518.998,883.472
19.340,148.473,0.102,5,4519.677,884.136
19.350,148.495,0.102,5,4520.356,884.800
19.360,148.517,0.102,5,4521.034,885.463
19.370,148.540,0.101,5,4521.712,886.127
19.380,148.562,0.101,5,4522.390,886.791
19.390,148.584,0.101,5,4523.068,887.456
19.400,148.607,0.101,5,4523.745,888.120
19.410,148.629,0.101,5,4524.423,888.784
19.420,148.651,0.101,5,4525.099,889.449
19.430,148.673,0.101,5,4525.776,890.113
19.440,148.695,0.101,5,4526.453,890.778
19.450,148.718,0.101,5,4527.129,891.443
19.460,148.740,0.101,5,4527.805,892.108
19.470,148.762,0.101,5,4528.480,892.773
19.480,148.784,0.101,5,4529.156,893.438
19.490,148.806,0.101,5,4529.831,894.103
19.500,148.829,0.101,5,4530.506,894.768
19.510,148.851,0.101,5,4531.181,895.434
19.520,148.873,0.101,5,4531.855,896.099
19.530,148.895,0.101,5,4532.529,896.765
19.540,148.917,0.101,5,4533.203,897.430
19.550,148.939,0.101,5,4533.877,898.096
19.560,148.961,0.101,5,4534.550,898.762
19.570,148.984,0.101,5,4535.224,899.428
19.580,149.006,0.101,5,4535.896,900.094
19.590,149.028,0.101,5,4536.569,900.760
19.600,149.050,0.101,5,4537.242,901.426
19.610,149.072,0.101,5,4537.914,902.093
19.620,149.094,0.101,5,4538.586,902.759
19.630,149.116,0.101,5,4539.258,903.426
19.640,149.138,0.100,5,4539.929,904.092
19.650,149.160,0.100,5,4540.600,904.759
19.660,149.182,0.100,5,4541.271,905.426
19.670,149.204,0.100,5,4541.942,906.093
19.680,149.226,0.100,5,4542.612,906.760
19.690,149.248,0.100,5,4543.283,907.427
19.700,149.270,0.100,5,4543.953,908.094
19.710,149.292,0.100,5,4544.622,908.762
19.720,149.314,0.100,5,4545.292,909.429
19.730,149.336,0.100,5,4545.961,910.097
19.740,149.358,0.100,5,4546.630,910.764
19.750,149.380,0.100,5,4547.299,911.432
19.760,149.402,0.100,5,4547.967,912.100
19.770,149.424,0.100,5,4548.636,912.768
19.780,149.446,0.100,5,4549.304,913.436
19.790,149.468,0.100,5,4549.971,914.104
19.800,149.490,0.100,5,4550.639,914.772
19.810,149.512,0.100,5,4551.306,915.441
19.820,149.534,0.100,5,4551.973,916.109
19.830,149.556,0.100,5,4552.640,916.778
19.840,149.578,0.100,5,4553.307,917.446
19.850,149.599,0.100,5,4553.973,918.115
19.860,149.621,0.100,5,4554.639,918.784
19.870,149.643,0.100,5,4555.305,919.453
19.880,149.665,0.100,5,4555.970,920.122
19.890,149.687,0.100,5,4556.635,920.791
19.900,149.709,0.100,5,4557.301,921.460
19.910,149.731,0.099,5,4557.965,922.129
19.920,149.752,0.099,5,4558.630,922.799
19.930,149.774,0.099,5,4559.294,923.468
19.940,149.796,0.099,5,4559.958,924.138
19.950,149.818,0.099,5,4560.622,924.807
19.960,149.840,0.099,5,4561.286,925.477
19.970,149.862,0.099,5,4561.949,926.147
19.980,149.883,0.099,5,4562.612,926.817
19.990,149.905,0.099,5,4563.275,927.487
20.000,149.927,0.099,5,4563.938,928.157
20.010,149.949,0.099,5,4564.600,928.828
20.020,149.970,0.099,5,4565.262,929.498
20.030,149.992,0.099,5,4565.924,930.169
20.040,150.014,0.099,5,4566.586,930.839
20.050,150.036,0.099,5,4567.247,931.510
20.060,150.057,0.099,5,4567.908,932.181
20.070,150.079,0.099,5,4568.569,932.851
20.080,150.101,0.099,5,4569.230,933.522
20.090,150.122,0.099,5,4569.890,934.193
20.100,150.144,0.099,5,4570.550,934.865
20.110,150.166,0.099,5,4571.210,935.536
20.120,150.187,0.099,5,4571.870,936.207
20.130,150.209,0.099,5,4572.529,936.879
20.140,150.231,0.099,5,4573.188,937.550
20.150,150.252,0.099,5,4573.847,938.222
20.160,150.274,0.099,5,4574.506,938.894
20.170,150.296,0.099,5,4575.164,939.565
20.180,150.317,0.098,5,4575.822,940.237
20.190,150.339,0.098,5,4576.480,940.909
20.200,150.360,0.098,5,4577.138,941.581
20.210,150.382,0.098,5,4577.796,942.254
20.220,150.404,0.098,5,4578.453,942.926
20.230,150.425,0.098,5,4579.110,943.598
20.240,150.447,0.098,5,4579.766,944.271
20.250,150.468,0.098,5,4580.423,944.944
20.260,150.490,0.098,5,4581.079,945.616
20.270,150.511,0.098,5,4581.735,946.289
20.280,150.533,0.098,5,4582.391,946.962
20.290,150.555,0.098,5,4583.046,947.635
20.300,150.576,0.098,5,4583.702,948.308
20.310,150.598,0.098,5,4584.357,948.981
20.320,150.619,0.098,5,4585.011,949.654
20.330,150.641,0.098,5,4585.666,950.328
20.340,150.662,0.098,5,4586.320,951.001
20.350,150.684,0.098,5,4586.974,951.675
20.360,150.705,0.098,5,4587.628,952.349
20.370,150.727,0.098,5,4588.282,953.022
20.380,150.748,0.098,5,4588.935,953.696
20.390,150.769,0.098,5,4589.588,954.370
20.400,150.791,0.098,5,4590.241,955.044
20.410,150.812,0.098,5,4590.893,955.718
20.420,150.834,0.098,5,4591.546,956.393
20.430,150.855,0.098,5,4592.198,957.067
20.440,150.877,0.098,5,4592.850,957.741
20.450,150.898,0.098,5,4593.501,958.416
20.460,150.919,0.097,5,4594.153,959.090
20.470,150.941,0.097,5,4594.804,959.765
20.480,150.962,0.097,5,4595.455,960.440
20.490,150.984,0.097,5,4596.105,961.115
20.500,151.005,0.097,5,4596.756,961.790
20.510,151.026,0.097,5,4597.406,962.465
20.520,151.048,0.097,5,4598.056,963.140
20.530,151.069,0.097,5,4598.705,963.815
20.540,151.090,0.097,5,4599.355,964.491
20.550,151.112,0.097,5,4600.004,965.166
20.560,151.133,0.097,5,4600.653,965.842
20.570,151.154,0.097,5,4601.302,966.518
20.580,151.176,0.097,5,4601.950,967.193
20.590,151.197,0.097,5,4602.598,967.869
20.600,151.218,0.097,5,4603.246,968.545
20.610,151.239,0.097,5,4603.894,969.221
20.620,151.261,0.097,5,4604.541,969.897
20.630,151.282,0.097,5,4605.189,970.574
20.640,151.303,0.097,5,4605.836,971.250
20.650,151.324,0.097,5,4606.482,971.926
20.660,151.346,0.097,5,4607.129,972.603
20.670,151.367,0.097,5,4607.775,973.280
20.680,151.388,0.097,5,4608.421,973.956
20.690,151.409,0.097,5,4609.067,974.633
20.700,151.431,0.097,5,4609.713,975.310
20.710,151.452,0.097,5,4610.358,975.987
20.720,151.473,0.097,5,4611.003,976.664
20.730,151.494,0.096,5,4611.648,977.341
20.740,151.515,0.096,5,4612.292,978.019
20.750,151.536,0.096,5,4612.937,978.696
20.760,151.558,0.096,5,4613.581,979.373
20.770,151.579,0.096,5,4614.225,980.051
20.780,151.600,0.096,5,4614.868,980.729
20.790,151.621,0.096,5,4615.512,981.406
20.800,151.642,0.096,5,4616.155,982.084
20.810,151.663,0.096,5,4616.798,982.762
20.820,151.684,0.096,5,4617.440,983.440
20.830,151.706,0.096,5,4618.083,984.118
20.840,151.727,0.096,5,4618.725,984.797
20.850,151.748,0.096,5,4619.367,985.475
20.860,151.769,0.096,5,4620.009,986.153
20.870,151.790,0.096,5,4620.650,986.832
20.880,151.811,0.096,5,4621.291,987.510
20.890,151.832,0.096,5,4621.932,988.189
20.900,151.853,0.096,5,4622.573,988.868
20.910,151.874,0.096,5,4623.214,989.547
20.920,151.895,0.096,5,4623.854,990.226
20.930,151.916,0.096,5,4624.494,990.905
20.940,151.937,0.096,5,4625.134,991.584
20.950,151.958,0.096,5,4625.773,992.263
20.960,151.979,0.096,5,4626.412,992.943
20.970,152.000,0.096,5,4627.051,993.622
20.980,152.021,0.096,5,4627.690,994.302
20.990,152.042,0.096,5,4628.329,994.981
21.000,152.063,0.096,5,4628.967,995.661
21.010,152.084,0.095,5,4629.605,996.341
21.020,152.105,0.095,5,4630.243,997.021
21.030,152.126,0.095,5,4630.881,997.701
21.040,152.147,0.095,5,4631.518,998.381
21.050,152.168,0.095,5,4632.155,999.061
21.060,152.189,0.095,5,4632.792,999.741
21.070,152.210,0.095,5,4633.429,1000.422
21.080,152.231,0.095,5,4634.065,1001.102
21.090,152.251,0.095,5,4634.701,1001.783
21.100,152.272,0.095,5,4635.337,1002.464
21.110,152.293,0.095,5,4635.973,1003.144
21.120,152.314,0.095,5,4636.608,1003.825
21.130,152.335,0.095,5,4637.244,1004.506
21.140,152.356,0.095,5,4637.879,1005.187
21.150,152.377,0.095,5,4638.513,1005.868
21.160,152.398,0.095,5,4639.148,1006.550
21.170,152.418,0.095,5,4639.782,1007.231
21.180,152.439,0.095,5,4640.416,1007.912
21.190,152.460,0.095,5,4641.050,1008.594
21.200,152.481,0.095,5,4641.683,1009.275
21.210,152.502,0.095,5,4642.317,1009.957
21.220,152.522,0.095,5,4642.950,1010.639
21.230,152.543,0.095,5,4643.583,1011.321
21.240,152.564,0.095,5,4644.215,1012.003
21.250,152.585,0.095,5,4644.848,1012.685
21.260,152.606,0.095,5,4645.480,1013.367
21.270,152.626,0.095,5,4646.112,1014.049
21.280,152.647,0.095,5,4646.743,1014.732
21.290,152.668,0.094,5,4647.375,1015.414
21.300,152.689,0.094,5,4648.006,1016.097
21.310,152.709,0.094,5,4648.637,1016.779
21.320,152.730,0.094,5,4649.267,1017.462
21.330,152.751,0.094,5,4649.898,1018.145
21.340,152.771,0.094,5,4650.528,1018.828
21.350,152.792,0.094,5,4651.158,1019.511
21.360,152.813,0.094,5,4651.788,1020.194
21.370,152.833,0.094,5,4652.417,1020.877
21.380,152.854,0.094,5,4653.046,1021.560
21.390,152.875,0.094,5,4653.675,1022.243
21.400,152.895,0.094,5,4654.304,1022.927
21.410,152.916,0.094,5,4654.933,1023.610
21.420,152.937,0.094,5,4655.561,1024.294
21.430,152.957,0.094,5,4656.189,1024.978
21.440,152.978,0.094,5,4656.817,1025.662
21.450,152.999,0.094,5,4657.445,1026.346
21.460,153.019,0.094,5,4658.072,1027.030
21.470,153.040,0.094,5,4658.699,1027.714
21.480,153.060,0.094,5,4659.326,1028.398
21.490,153.081,0.094,5,4659.953,1029.082
21.500,153.102,0.094,5,4660.579,1029.767
21.510,153.122,0.094,5,4661.205,1030.451
21.520,153.143,0.094,5,4661.831,1031.136
21.530,153.163,0.094,5,4662.457,1031.820
21.540,153.184,0.094,5,4663.082,1032.505
21.550,153.204,0.094,5,4663.708,1033.190
21.560,153.225,0.094,5,4664.333,1033.875
21.570,153.245,0.093,5,4664.957,1034.560
21.580,153.266,0.093,5,4665.582,1035.245
21.590,153.286,0.093,5,4666.206,1035.930
21.600,153.307,0.093,5,4666.830,1036.615
21.610,153.327,0.093,5,4667.454,1037.301
21.620,153.348,0.093,5,4668.077,1037.986
21.630,153.368,0.093,5,4668.701,1038.672
21.640,153.389,0.093,5,4669.324,1039.358
21.650,153.409,0.093,5,4669.947,1040.043
21.660,153.430,0.093,5,4670.569,1040.729
21.670,153.450,0.093,5,4671.192,1041.415
21.680,153.471,0.093,5,4671.814,1042.101
21.690,153.491,0.093,5,4672.436,1042.787
21.700,153.511,0.093,5,4673.058,1043.473
21.710,153.532,0.093,5,4673.679,1044.160
21.720,153.552,0.093,5,4674.300,1044.846
21.730,153.573,0.093,5,4674.921,1045.533
21.740,153.593,0.093,5,4675.542,1046.219
21.750,153.613,0.093,5,4676.162,1046.906
21.760,153.634,0.093,5,4676.783,1047.593
21.770,153.654,0.093,5,4677.403,1048.279
21.780,153.675,0.093,5,4678.023,1048.966
21.790,153.695,0.093,5,4678.642,1049.653
21.800,153.715,0.093,5,4679.261,1050.341
21.810,153.736,0.093,5,4679.880,1051.028
21.820,153.756,0.093,5,4680.499,1051.715
21.830,153.776,0.093,5,4681.118,1052.402
21.840,153.797,0.093,5,4681.736,1053.090
21.850,153.817,0.093,5,4682.354,1053.778
21.860,153.837,0.092,5,4682.972,1054.465
21.870,153.857,0.092,5,4683.590,1055.153
21.880,153.878,0.092,5,4684.208,1055.841
21.890,153.898,0.092,5,4684.825,1056.529
21.900,153.918,0.092,5,4685.442,1057.217
21.910,153.939,0.092,5,4686.058,1057.905
21.920,153.959,0.092,5,4686.675,1058.593
21.930,153.979,0.092,5,4687.291,1059.281
21.940,153.999,0.092,5,4687.907,1059.970
21.950,154.020,0.092,5,4688.523,1060.658
21.960,154.040,0.092,5,4689.139,1061.347
21.970,154.060,0.092,5,4689.754,1062.035
21.980,154.080,0.092,5,4690.369,1062.724
21.990,154.100,0.092,5,4690.984,1063.413
22.000,154.121,0.092,5,4691.599,1064.102
22.010,154.141,0.092,5,4692.213,1064.791
22.020,154.161,0.092,5,4692.827,1065.480
22.030,154.181,0.092,5,4693.441,1066.169
22.040,154.201,0.092,5,4694.055,1066.859
22.050,154.221,0.092,5,4694.668,1067.548
22.060,154.242,0.092,5,4695.281,1068.238
22.070,154.262,0.092,5,4695.894,1068.927
22.080,154.282,0.092,5,4696.507,1069.617
22.090,154.302,0.092,5,4697.120,1070.306
22.100,154.322,0.092,5,4697.732,1070.996
22.110,154.342,0.092,5,4698.344,1071.686
22.120,154.362,0.092,5,4698.956,1072.376
22.130,154.382,0.092,5,4699.568,1073.066
22.140,154.402,0.091,5,4700.179,1073.757
22.150,154.422,0.091,5,4700.790,1074.447
22.160,154.443,0.091,5,4701.401,1075.137
22.170,154.463,0.091,5,4702.012,1075.828
22.180,154.483,0.091,5,4702.622,1076.518
22.190,154.503,0.091,5,4703.232,1077.209
22.200,154.523,0.091,5,4703.842,1077.900
22.210,154.543,0.091,5,4704.452,1078.590
22.220,154.563,0.091,5,4705.061,1079.281
22.230,154.583,0.091,5,4705.671,1079.972
22.240,154.603,0.091,5,4706.280,1080.663
22.250,154.623,0.091,5,4706.889,1081.355
22.260,154.643,0.091,5,4707.497,1082.046
22.270,154.663,0.091,5,4708.105,1082.737
22.280,154.683,0.091,5,4708.714,1083.429
22.290,154.703,0.091,5,4709.321,1084.120
22.300,154.723,0.091,5,4709.929,1084.812
22.310,154.743,0.091,5,4710.536,1085.504
22.320,154.763,0.091,5,4711.144,1086.195
22.330,154.783,0.091,5,4711.751,1086.887
22.340,154.802,0.091,5,4712.357,1087.579
22.350,154.822,0.091,5,4712.964,1088.271
22.360,154.842,0.091,5,4713.570,1088.963
22.370,154.862,0.091,5,4714.176,1089.656
22.380,154.882,0.091,5,4714.782,1090.348
22.390,154.902,0.091,5,4715.387,1091.041
22.400,154.922,0.091,5,4715.993,1091.733
22.410,154.942,0.091,5,4716.598,1092.426
22.420,154.962,0.091,5,4717.203,1093.118
22.430,154.982,0.090,5,4717.807,1093.811
22.440,155.001,0.090,5,4718.412,1094.504
22.450,155.021,0.090,5,4719.016,1095.197
22.460,155.041,0.090,5,4719.620,1095.890
22.470,155.061,0.090,5,4720.223,1096.583
22.480,155.081,0.090,5,4720.827,1097.276
22.490,155.101,0.090,5,4721.430,1097.970
22.500,155.120,0.090,5,4722.033,1098.663
22.510,155.140,0.090,5,4722.636,1099.357
22.520,155.160,0.090,5,4723.238,1100.050
22.530,155.180,0.090,5,4723.841,1100.744
22.540,155.199,0.090,5,4724.443,1101.438
22.550,155.219,0.090,5,4725.045,1102.131
22.560,155.239,0.090,5,4725.646,1102.825
22.570,155.259,0.090,5,4726.248,1103.519
22.580,155.279,0.090,5,4726.849,1104.214
22.590,155.298,0.090,5,4727.450,1104.908
22.600,155.318,0.090,5,4728.050,1105.602
22.610,155.338,0.090,5,4728.651,1106.296
22.620,155.357,0.090,5,4729.251,1106.991
22.630,155.377,0.090,5,4729.851,1107.685
22.640,155.397,0.090,5,4730.451,1108.380
22.650,155.417,0.090,5,4731.050,1109.075
22.660,155.436,0.090,5,4731.650,1109.770
22.670,155.456,0.090,5,4732.249,1110.464
22.680,155.476,0.090,5,4732.848,1111.159
22.690,155.495,0.090,5,4733.446,1111.855
22.700,155.515,0.090,5,4734.045,1112.550
22.710,155.535,0.090,5,4734.643,1113.245
22.720,155.554,0.089,5,4735.241,1113.940
22.730,155.574,0.089,5,4735.838,1114.636
22.740,155.593,0.089,5,4736.436,1115.331
22.750,155.613,0.089,5,4737.033,1116.027
22.760,155.633,0.089,5,4737.630,1116.723
22.770,155.652,0.089,5,4738.227,1117.418
22.780,155.672,0.089,5,4738.824,1118.114
22.790,155.691,0.089,5,4739.420,1118.810
22.800,155.711,0.089,5,4740.016,1119.506
22.810,155.731,0.089,5,4740.612,1120.202
22.820,155.750,0.089,5,4741.207,1120.899
22.830,155.770,0.089,5,4741.803,1121.595
22.840,155.789,0.089,5,4742.398,1122.291
22.850,155.809,0.089,5,4742.993,1122.988
22.860,155.828,0.089,5,4743.588,1123.684
22.870,155.848,0.089,5,4744.182,1124.381
22.880,155.867,0.089,5,4744.776,1125.078
22.890,155.887,0.089,5,4745.370,1125.775
22.900,155.906,0.089,5,4745.964,1126.472
22.910,155.926,0.089,5,4746.558,1127.169
22.920,155.945,0.089,5,4747.151,1127.866
22.930,155.965,0.089,5,4747.744,1128.563
22.940,155.984,0.089,5,4748.337,1129.260
22.950,156.004,0.089,5,4748.930,1129.957
22.960,156.023,0.089,5,4749.522,1130.655
22.970,156.043,0.089,5,4750.115,1131.352
22.980,156.062,0.089,5,4750.706,1132.050
22.990,156.082,0.089,5,4751.298,1132.748
23.000,156.101,0.089,5,4751.890,1133.445
23.010,156.121,0.088,5,4752.481,1134.143
23.020,156.140,0.088,5,4753.072,1134.841
23.030,156.159,0.088,5,4753.663,1135.539
23.040,156.179,0.088,5,4754.254,1136.238
23.050,156.198,0.088,5,4754.844,1136.936
23.060,156.218,0.088,5,4755.434,1137.634
23.070,156.237,0.088,5,4756.024,1138.332
23.080,156.256,0.088,5,4756.614,1139.031
23.090,156.276,0.088,5,4757.203,1139.730
23.100,156.295,0.088,5,4757.792,1140.428
23.110,156.314,0.088,5,4758.381,1141.127
23.120,156.334,0.088,5,4758.970,1141.826
23.130,156.353,0.088,5,4759.559,1142.525
23.140,156.372,0.088,5,4760.147,1143.224
23.150,156.392,0.088,5,4760.735,1143.923
23.160,156.411,0.088,5,4761.323,1144.622
23.170,156.430,0.088,5,4761.911,1145.321
23.180,156.450,0.088,5,4762.498,1146.021
23.190,156.469,0.088,5,4763.085,1146.720
23.200,156.488,0.088,5,4763.672,1147.419
23.210,156.507,0.088,5,4764.259,1148.119
23.220,156.527,0.088,5,4764.846,1148.819
23.230,156.546,0.088,5,4765.432,1149.519
23.240,156.565,0.088,5,4766.018,1150.218
23.250,156.584,0.088,5,4766.604,1150.918
23.260,156.604,0.088,5,4767.189,1151.618
23.270,156.623,0.088,5,4767.775,1152.319
23.280,156.642,0.088,5,4768.360,1153.019
23.290,156.661,0.088,5,4768.945,1153.719
23.300,156.681,0.087,5,4769.530,1154.419
23.310,156.700,0.087,5,4770.114,1155.120
23.320,156.719,0.087,5,4770.698,1155.820
23.330,156.738,0.087,5,4771.282,1156.521
23.340,156.757,0.087,5,4771.866,1157.222
23.350,156.777,0.087,5,4772.450,1157.923
23.360,156.796,0.087,5,4773.033,1158.624
23.370,156.815,0.087,5,4773.616,1159.324
23.380,156.834,0.087,5,4774.199,1160.026
23.390,156.853,0.087,5,4774.782,1160.727
23.400,156.872,0.087,5,4775.364,1161.428
23.410,156.891,0.087,5,4775.946,1162.129
23.420,156.911,0.087,5,4776.528,1162.831
23.430,156.930,0.087,5,4777.110,1163.532
23.440,156.949,0.087,5,4777.692,1164.234
23.450,156.968,0.087,5,4778.273,1164.935
23.460,156.987,0.087,5,4778.854,1165.637
23.470,157.006,0.087,5,4779.435,1166.339
23.480,157.025,0.087,5,4780.016,1167.041
23.490,157.044,0.087,5,4780.596,1167.743
23.500,157.063,0.087,5,4781.176,1168.445
23.510,157.082,0.087,5,4781.756,1169.147
23.520,157.101,0.087,5,4782.336,1169.849
23.530,157.120,0.087,5,4782.915,1170.552
23.540,157.139,0.087,5,4783.495,1171.254
23.550,157.158,0.087,5,4784.074,1171.957
23.560,157.177,0.087,5,4784.653,1172.659
23.570,157.196,0.087,5,4785.231,1173.362
23.580,157.215,0.087,5,4785.810,1174.065
23.590,157.234,0.087,5,4786.388,1174.768
23.600,157.253,0.086,5,4786.966,1175.471
23.610,157.272,0.086,5,4787.543,1176.174
23.620,157.291,0.086,5,4788.121,1176.877
23.630,157.310,0.086,5,4788.698,1177.580
23.640,157.329,0.086,5,4789.275,1178.283
23.650,157.348,0.086,5,4789.852,1178.987
23.660,157.367,0.086,5,4790.429,1179.690
23.670,157.386,0.086,5,4791.005,1180.394
23.680,157.405,0.086,5,4791.581,1181.097
23.690,157.424,0.086,5,4792.157,1181.801
23.700,157.443,0.086,5,4792.733,1182.505
23.710,157.462,0.086,5,4793.308,1183.209
23.720,157.481,0.086,5,4793.883,1183.913
23.730,157.500,0.086,5,4794.458,1184.617
23.740,157.518,0.086,5,4795.033,1185.321
23.750,157.537,0.086,5,4795.608,1186.025
23.760,157.556,0.086,5,4796.182,1186.729
23.770,157.575,0.086,5,4796.756,1187.434
23.780,157.594,0.086,5,4797.330,1188.138
23.790,157.613,0.086,5,4797.904,1188.843
23.800,157.632,0.086,5,4798.477,1189.547
23.810,157.650,0.086,5,4799.051,1190.252
23.820,157.669,0.086,5,4799.624,1190.957
23.830,157.688,0.086,5,4800.196,1191.662
23.840,157.707,0.086,5,4800.769,1192.367
23.850,157.726,0.086,5,4801.341,1193.072
23.860,157.744,0.086,5,4801.913,1193.777
23.870,157.763,0.086,5,4802.485,1194.482
23.880,157.782,0.086,5,4803.057,1195.187
23.890,157.801,0.086,5,4803.628,1195.893
23.900,157.820,0.085,5,4804.200,1196.598
23.910,157.838,0.085,5,4804.771,1197.304
23.920,157.857,0.085,5,4805.341,1198.009
23.930,157.876,0.085,5,4805.912,1198.715
23.940,157.895,0.085,5,4806.482,1199.421
23.950,157.913,0.085,5,4807.052,1200.127
23.960,157.932,0.085,5,4807.622,1200.833
23.970,157.951,0.085,5,4808.192,1201.539
23.980,157.969,0.085,5,4808.761,1202.245
23.990,157.988,0.085,5,4809.331,1202.951
24.000,158.007,0.085,5,4809.900,1203.658
24.010,158.025,0.085,5,4810.468,1204.364
24.020,158.044,0.085,5,4811.037,1205.070
24.030,158.063,0.085,5,4811.605,1205.777
24.040,158.081,0.085,5,4812.173,1206.484
24.050,158.100,0.085,5,4812.741,1207.190
24.060,158.119,0.085,5,4813.309,1207.897
24.070,158.137,0.085,5,4813.876,1208.604
24.080,158.156,0.085,5,4814.444,1209.311
24.090,158.175,0.085,5,4815.011,1210.018
24.100,158.193,0.085,5,4815.577,1210.725
24.110,158.212,0.085,5,4816.144,1211.432
24.120,158.231,0.085,5,4816.710,1212.140
24.130,158.249,0.085,5,4817.276,1212.847
24.140,158.268,0.085,5,4817.842,1213.555
24.150,158.286,0.085,5,4818.408,1214.262
24.160,158.305,0.085,5,4818.974,1214.970
24.170,158.323,0.085,5,4819.539,1215.678
24.180,158.342,0.085,5,4820.104,1216.385
24.190,158.361,0.085,5,4820.669,1217.093
24.200,158.379,0.084,5,4821.233,1217.801
24.210,158.398,0.084,5,4821.797,1218.509
24.220,158.416,0.084,5,4822.362,1219.217
24.230,158.435,0.084,5,4822.926,1219.926
24.240,158.453,0.084,5,4823.489,1220.634
24.250,158.472,0.084,5,4824.053,1221.342
24.260,158.490,0.084,5,4824.616,1222.051
24.270,158.509,0.084,5,4825.179,1222.759
24.280,158.527,0.084,5,4825.742,1223.468
24.290,158.546,0.084,5,4826.304,1224.177
24.300,158.564,0.084,5,4826.867,1224.886
24.310,158.583,0.084,5,4827.429,1225.594
24.320,158.601,0.084,5,4827.991,1226.303
24.330,158.620,0.084,5,4828.552,1227.012
24.340,158.638,0.084,5,4829.114,1227.722
24.350,158.656,0.084,5,4829.675,1228.431
24.360,158.675,0.084,5,4830.236,1229.140
24.370,158.693,0.084,5,4830.797,1229.849
24.380,158.712,0.084,5,4831.358,1230.559
24.390,158.730,0.084,5,4831.918,1231.268
24.400,158.748,0.084,5,4832.478,1231.978
24.410,158.767,0.084,5,4833.038,1232.688
24.420,158.785,0.084,5,4833.598,1233.398
24.430,158.804,0.084,5,4834.157,1234.107
24.440,158.822,0.084,5,4834.717,1234.817
24.450,158.840,0.084,5,4835.276,1235.527
24.460,158.859,0.084,5,4835.835,1236.238
24.470,158.877,0.084,5,4836.393,1236.948
24.480,158.895,0.084,5,4836.952,1237.658
24.490,158.914,0.084,5,4837.510,1238.368
24.500,158.932,0.083,5,4838.068,1239.079
24.510,158.950,0.083,5,4838.626,1239.789
24.520,158.969,0.083,5,4839.183,1240.500
24.530,158.987,0.083,5,4839.740,1241.211
24.540,159.005,0.083,5,4840.298,1241.922
24.550,159.024,0.083,5,4840.854,1242.632
24.560,159.042,0.083,5,4841.411,1243.343
24.570,159.060,0.083,5,4841.967,1244.054
24.580,159.078,0.083,5,4842.524,1244.765
24.590,159.097,0.083,5,4843.080,1245.477
24.600,159.115,0.083,5,4843.635,1246.188
24.610,159.133,0.083,5,4844.191,1246.899
24.620,159.151,0.083,5,4844.746,1247.611
24.630,159.170,0.083,5,4845.302,1248.322
24.640,159.188,0.083,5,4845.856,1249.034
24.650,159.206,0.083,5,4846.411,1249.745
24.660,159.224,0.083,5,4846.966,1250.457
24.670,159.243,0.083,5,4847.520,1251.169
24.680,159.261,0.083,5,4848.074,1251.881
24.690,159.279,0.083,5,4848.628,1252.593
24.700,159.297,0.083,5,4849.181,1253.305
24.710,159.315,0.083,5,4849.735,1254.017
24.720,159.334,0.083,5,4850.288,1254.729
24.730,159.352,0.083,5,4850.841,1255.442
24.740,159.370,0.083,5,4851.394,1256.154
24.750,159.388,0.083,5,4851.946,1256.867
24.760,159.406,0.083,5,4852.498,1257.579
24.770,159.424,0.083,5,4853.050,1258.292
24.780,159.442,0.083,5,4853.602,1259.005
24.790,159.461,0.083,5,4854.154,1259.717
24.800,159.479,0.083,5,4854.705,1260.430
24.810,159.497,0.082,5,4855.257,1261.143
24.820,159.515,0.082,5,4855.808,1261.856
24.830,159.533,0.082,5,4856.358,1262.569
24.840,159.551,0.082,5,4856.909,1263.283
24.850,159.569,0.082,5,4857.459,1263.996
24.860,159.587,0.082,5,4858.009,1264.709
24.870,159.605,0.082,5,4858.559,1265.423
24.880,159.623,0.082,5,4859.109,1266.136
24.890,159.641,0.082,5,4859.658,1266.850
24.900,159.659,0.082,5,4860.208,1267.564
24.910,159.677,0.082,5,4860.757,1268.277
24.920,159.695,0.082,5,4861.305,1268.991
24.930,159.713,0.082,5,4861.854,1269.705
24.940,159.732,0.082,5,4862.402,1270.419
24.950,159.750,0.082,5,4862.951,1271.133
24.960,159.768,0.082,5,4863.499,1271.848
24.970,159.786,0.082,5,4864.046,1272.562
24.980,159.803,0.082,5,4864.594,1273.276
24.990,159.821,0.082,5,4865.141,1273.991
25.000,159.839,0.082,5,4865.688,1274.705
25.010,159.857,0.082,5,4866.235,1275.420
25.020,159.875,0.082,5,4866.782,1276.134
25.030,159.893,0.082,5,4867.328,1276.849
25.040,159.911,0.082,5,4867.874,1277.564
25.050,159.929,0.082,5,4868.420,1278.279
25.060,159.947,0.082,5,4868.966,1278.994
25.070,159.965,0.082,5,4869.512,1279.709
25.080,159.983,0.082,5,4870.057,1280.424
25.090,160.001,0.082,5,4870.602,1281.139
25.100,160.019,0.082,5,4871.147,1281.855
25.110,160.037,0.082,5,4871.692,1282.570
25.120,160.055,0.081,5,4872.237,1283.285
25.130,160.072,0.081,5,4872.781,1284.001
25.140,160.090,0.081,5,4873.325,1284.717
25.150,160.108,0.081,5,4873.869,1285.432
25.160,160.126,0.081,5,4874.412,1286.148
25.170,160.144,0.081,5,4874.956,1286.864
25.180,160.162,0.081,5,4875.499,1287.580
25.190,160.180,0.081,5,4876.042,1288.296
25.200,160.197,0.081,5,4876.585,1289.012
25.210,160.215,0.081,5,4877.127,1289.728
25.220,160.233,0.081,5,4877.670,1290.444
25.230,160.251,0.081,5,4878.212,1291.161
25.240,160.269,0.081,5,4878.754,1291.877
25.250,160.286,0.081,5,4879.295,1292.594
25.260,160.304,0.081,5,4879.837,1293.310
25.270,160.322,0.081,5,4880.378,1294.027
25.280,160.340,0.081,5,4880.919,1294.744
25.290,160.358,0.081,5,4881.460,1295.461
25.300,160.375,0.081,5,4882.001,1296.177
25.310,160.393,0.081,5,4882.541,1296.894
25.320,160.411,0.081,5,4883.081,1297.611
25.330,160.429,0.081,5,4883.621,1298.329
25.340,160.446,0.081,5,4884.161,1299.046
25.350,160.464,0.081,5,4884.701,1299.763
25.360,160.482,0.081,5,4885.240,1300.481
25.370,160.499,0.081,5,4885.779,1301.198
25.380,160.517,0.081,5,4886.318,1301.915
25.390,160.535,0.081,5,4886.857,1302.633
25.400,160.553,0.081,5,4887.395,1303.351
25.410,160.570,0.081,5,4887.934,1304.069
25.420,160.588,0.081,5,4888.472,1304.786
25.430,160.606,0.080,5,4889.010,1305.504
25.440,160.623,0.080,5,4889.547,1306.222
25.450,160.641,0.080,5,4890.085,1306.940
25.460,160.659,0.080,5,4890.622,1307.659
25.470,160.676,0.080,5,4891.159,1308.377
25.480,160.694,0.080,5,4891.696,1309.095
25.490,160.711,0.080,5,4892.232,1309.814
25.500,160.729,0.080,5,4892.769,1310.532
25.510,160.747,0.080,5,4893.305,1311.251
25.520,160.764,0.080,5,4893.841,1311.969
25.530,160.782,0.080,5,4894.376,1312.688
25.540,160.799,0.080,5,4894.912,1313.407
25.550,160.817,0.080,5,4895.447,1314.126
25.560,160.835,0.080,5,4895.982,1314.845
25.570,160.852,0.080,5,4896.517,1315.564
25.580,160.870,0.080,5,4897.052,1316.283
25.590,160.887,0.080,5,4897.586,1317.002
25.600,160.905,0.080,5,4898.120,1317.721
25.610,160.922,0.080,5,4898.655,1318.441
25.620,160.940,0.080,5,4899.188,1319.160
25.630,160.957,0.080,5,4899.722,1319.880
25.640,160.975,0.080,5,4900.255,1320.599
25.650,160.992,0.080,5,4900.788,1321.319
25.660,161.010,0.080,5,4901.321,1322.038
25.670,161.028,0.080,5,4901.854,1322.758
25.680,161.045,0.080,5,4902.387,1323.478
25.690,161.062,0.080,5,4902.919,1324.198
25.700,161.080,0.080,5,4903.451,1324.918
25.710,161.097,0.080,5,4903.983,1325.638
25.720,161.115,0.080,5,4904.515,1326.359
25.730,161.132,0.080,5,4905.046,1327.079
25.740,161.150,0.079,5,4905.578,1327.799
25.750,161.167,0.079,5,4906.109,1328.520
25.760,161.185,0.079,5,4906.639,1329.240
25.770,161.202,0.079,5,4907.170,1329.961
25.780,161.220,0.079,5,4907.700,1330.681
25.790,161.237,0.079,5,4908.231,1331.402
25.800,161.254,0.079,5,4908.761,1332.123
25.810,161.272,0.079,5,4909.290,1332.844
25.820,161.289,0.079,5,4909.820,1333.565
25.830,161.307,0.079,5,4910.349,1334.286
25.840,161.324,0.079,5,4910.879,1335.007
25.850,161.341,0.079,5,4911.407,1335.728
25.860,161.359,0.079,5,4911.936,1336.450
25.870,161.376,0.079,5,4912.465,1337.171
25.880,161.393,0.079,5,4912.993,1337.892
25.890,161.411,0.079,5,4913.521,1338.614
25.900,161.428,0.079,5,4914.049,1339.336
25.910,161.445,0.079,5,4914.577,1340.057
25.920,161.463,0.079,5,4915.104,1340.779
25.930,161.480,0.079,5,4915.631,1341.501
25.940,161.497,0.079,5,4916.159,1342.223
25.950,161.515,0.079,5,4916.685,1342.945
25.960,161.532,0.079,5,4917.212,1343.667
25.970,161.549,0.079,5,4917.738,1344.389
25.980,161.567,0.079,5,4918.265,1345.111
25.990,161.584,0.079,5,4918.791,1345.834
26.000,161.601,0.079,5,4919.316,1346.556
26.010,161.618,0.079,5,4919.842,1347.278
26.020,161.636,0.079,5,4920.367,1348.001
26.030,161.653,0.079,5,4920.892,1348.724
26.040,161.670,0.079,5,4921.417,1349.446
26.050,161.687,0.079,5,4921.942,1350.169
26.060,161.705,0.078,5,4922.467,1350.892
26.070,161.722,0.078,5,4922.991,1351.615
26.080,161.739,0.078,5,4923.515,1352.338
26.090,161.756,0.078,5,4924.039,1353.061
26.100,161.773,0.078,5,4924.563,1353.784
26.110,161.791,0.078,5,4925.086,1354.507
26.120,161.808,0.078,5,4925.609,1355.231
26.130,161.825,0.078,5,4926.133,1355.954
26.140,161.842,0.078,5,4926.655,1356.677
26.150,161.859,0.078,5,4927.178,1357.401
26.160,161.877,0.078,5,4927.700,1358.125
26.170,161.894,0.078,5,4928.223,1358.848
26.180,161.911,0.078,5,4928.745,1359.572
26.190,161.928,0.078,5,4929.267,1360.296
26.200,161.945,0.078,5,4929.788,1361.020
26.210,161.962,0.078,5,4930.310,1361.744
26.220,161.979,0.078,5,4930.831,1362.468
26.230,161.997,0.078,5,4931.352,1363.192
26.240,162.014,0.078,5,4931.872,1363.916
26.250,162.031,0.078,5,4932.393,1364.641
26.260,162.048,0.078,5,4932.913,1365.365
26.270,162.065,0.078,5,4933.433,1366.089
26.280,162.082,0.078,5,4933.953,1366.814
26.290,162.099,0.078,5,4934.473,1367.538
26.300,162.116,0.078,5,4934.993,1368.263
26.310,162.133,0.078,5,4935.512,1368.988
26.320,162.150,0.078,5,4936.031,1369.713
26.330,162.167,0.078,5,4936.550,1370.438
26.340,162.184,0.078,5,4937.069,1371.163
26.350,162.201,0.078,5,4937.587,1371.888
26.360,162.218,0.078,5,4938.105,1372.613
26.370,162.235,0.078,5,4938.623,1373.338
26.380,162.252,0.077,5,4939.141,1374.063
26.390,162.269,0.077,5,4939.659,1374.789
26.400,162.286,0.077,5,4940.176,1375.514
26.410,162.303,0.077,5,4940.694,1376.240
26.420,162.320,0.077,5,4941.211,1376.965
26.430,162.337,0.077,5,4941.727,1377.691
26.440,162.354,0.077,5,4942.244,1378.417
26.450,162.371,0.077,5,4942.760,1379.143
26.460,162.388,0.077,5,4943.277,1379.868
26.470,162.405,0.077,5,4943.793,1380.594
26.480,162.422,0.077,5,4944.308,1381.321
26.490,162.439,0.077,5,4944.824,1382.047
26.500,162.456,0.077,5,4945.339,1382.773
26.510,162.473,0.077,5,4945.855,1383.499
26.520,162.490,0.077,5,4946.369,1384.225
26.530,162.507,0.077,5,4946.884,1384.952
26.540,162.524,0.077,5,4947.399,1385.678
26.550,162.541,0.077,5,4947.913,1386.405
26.560,162.557,0.077,5,4948.427,1387.132
26.570,162.574,0.077,5,4948.941,1387.858
26.580,162.591,0.077,5,4949.455,1388.585
26.590,162.608,0.077,5,4949.968,1389.312
26.600,162.625,0.077,5,4950.482,1390.039
26.610,162.642,0.077,5,4950.995,1390.766
26.620,162.659,0.077,5,4951.508,1391.493
26.630,162.675,0.077,5,4952.020,1392.220
26.640,162.692,0.077,5,4952.533,1392.948
26.650,162.709,0.077,5,4953.045,1393.675
26.660,162.726,0.077,5,4953.557,1394.402
26.670,162.743,0.077,5,4954.069,1395.130
26.680,162.760,0.077,5,4954.581,1395.857
26.690,162.776,0.077,5,4955.092,1396.585
26.700,162.793,0.077,5,4955.603,1397.313
26.710,162.810,0.076,5,4956.114,1398.041
26.720,162.827,0.076,5,4956.625,1398.768
26.730,162.844,0.076,5,4957.136,1399.496
26.740,162.860,0.076,5,4957.646,1400.224
26.750,162.877,0.076,5,4958.156,1400.952
26.760,162.894,0.076,5,4958.666,1401.681
26.770,162.911,0.076,5,4959.176,1402.409
26.780,162.927,0.076,5,4959.686,1403.137
26.790,162.944,0.076,5,4960.195,1403.866
26.800,162.961,0.076,5,4960.704,1404.594
26.810,162.977,0.076,5,4961.213,1405.323
26.820,162.994,0.076,5,4961.722,1406.051
26.830,163.011,0.076,5,4962.231,1406.780
26.840,163.028,0.076,5,4962.739,1407.509
26.850,163.044,0.076,5,4963.247,1408.237
26.860,163.061,0.076,5,4963.755,1408.966
26.870,163.078,0.076,5,4964.263,1409.695
26.880,163.094,0.076,5,4964.771,1410.424
26.890,163.111,0.076,5,4965.278,1411.154
26.900,163.128,0.076,5,4965.785,1411.883
26.910,163.144,0.076,5,4966.292,1412.612
26.920,163.161,0.076,5,4966.799,1413.341
26.930,163.178,0.076,5,4967.305,1414.071
26.940,163.194,0.076,5,4967.812,1414.800
26.950,163.211,0.076,5,4968.318,1415.530
26.960,163.227,0.076,5,4968.824,1416.260
26.970,163.244,0.076,5,4969.329,1416.989
26.980,163.261,0.076,5,4969.835,1417.719
26.990,163.277,0.076,5,4970.340,1418.449
27.000,163.294,0.076,5,4970.845,1419.179
27.010,163.310,0.076,5,4971.350,1419.909
27.020,163.327,0.076,5,4971.855,1420.639
27.030,163.344,0.075,5,4972.359,1421.369
27.040,163.360,0.075,5,4972.864,1422.099
27.050,163.377,0.075,5,4973.368,1422.830
27.060,163.393,0.075,5,4973.872,1423.560
27.070,163.410,0.075,5,4974.375,1424.291
27.080,163.426,0.075,5,4974.879,1425.021
27.090,163.443,0.075,5,4975.382,1425.752
27.100,163.459,0.075,5,4975.885,1426.482
27.110,163.476,0.075,5,4976.388,1427.213
27.120,163.492,0.075,5,4976.891,1427.944
27.130,163.509,0.075,5,4977.393,1428.675
27.140,163.525,0.075,5,4977.895,1429.406
27.150,163.542,0.075,5,4978.397,1430.137
27.160,163.558,0.075,5,4978.899,1430.868
27.170,163.575,0.075,5,4979.401,1431.599
27.180,163.591,0.075,5,4979.902,1432.331
27.190,163.608,0.075,5,4980.403,1433.062
27.200,163.624,0.075,5,4980.904,1433.793
27.210,163.641,0.075,5,4981.405,1434.525
27.220,163.657,0.075,5,4981.906,1435.257
27.230,163.674,0.075,5,4982.406,1435.988
27.240,163.690,0.075,5,4982.907,1436.720
27.250,163.707,0.075,5,4983.407,1437.452
27.260,163.723,0.075,5,4983.906,1438.184
27.270,163.739,0.075,5,4984.406,1438.916
27.280,163.756,0.075,5,4984.905,1439.648
27.290,163.772,0.075,5,4985.405,1440.380
27.300,163.789,0.075,5,4985.904,1441.112
27.310,163.805,0.075,5,4986.402,1441.844
27.320,163.821,0.075,5,4986.901,1442.576
27.330,163.838,0.075,5,4987.399,1443.309
27.340,163.854,0.075,5,4987.898,1444.041
27.350,163.870,0.075,5,4988.396,1444.774
27.360,163.887,0.074,5,4988.893,1445.506
27.370,163.903,0.074,5,4989.391,1446.239
27.380,163.919,0.074,5,4989.888,1446.972
27.390,163.936,0.074,5,4990.386,1447.705
27.400,163.952,0.074,5,4990.883,1448.437
27.410,163.968,0.074,5,4991.379,1449.170
27.420,163.985,0.074,5,4991.876,1449.903
27.430,164.001,0.074,5,4992.372,1450.637
27.440,164.017,0.074,5,4992.869,1451.370
27.450,164.034,0.074,5,4993.365,1452.103
27.460,164.050,0.074,5,4993.860,1452.836
27.470,164.066,0.074,5,4994.356,1453.570
27.480,164.082,0.074,5,4994.851,1454.303
27.490,164.099,0.074,5,4995.347,1455.037
27.500,164.115,0.074,5,4995.842,1455.770
27.510,164.131,0.074,5,4996.336,1456.504
27.520,164.148,0.074,5,4996.831,1457.238
27.530,164.164,0.074,5,4997.325,1457.972
27.540,164.180,0.074,5,4997.820,1458.706
27.550,164.196,0.074,5,4998.313,1459.440
27.560,164.212,0.074,5,4998.807,1460.174
27.570,164.229,0.074,5,4999.301,1460.908
27.580,164.245,0.074,5,4999.794,1461.642
27.590,164.261,0.074,5,5000.287,1462.376
27.600,164.277,0.074,5,5000.780,1463.111
27.610,164.293,0.074,5,5001.273,1463.845
27.620,164.310,0.074,5,5001.766,1464.580
27.630,164.326,0.074,5,5002.258,1465.314
27.640,164.342,0.074,5,5002.750,1466.049
27.650,164.358,0.074,5,5003.242,1466.783
27.660,164.374,0.074,5,5003.734,1467.518
27.670,164.390,0.074,5,5004.226,1468.253
27.680,164.407,0.074,5,5004.717,1468.988
27.690,164.423,0.073,5,5005.208,1469.723
27.700,164.439,0.073,5,5005.699,1470.458
27.710,164.455,0.073,5,5006.190,1471.193
27.720,164.471,0.073,5,5006.681,1471.928
27.730,164.487,0.073,5,5007.171,1472.664
27.740,164.503,0.073,5,5007.661,1473.399
27.750,164.519,0.073,5,5008.151,1474.134
27.760,164.535,0.073,5,5008.641,1474.870
27.770,164.552,0.073,5,5009.130,1475.606
27.780,164.568,0.073,5,5009.620,1476.341
27.790,164.584,0.073,5,5010.109,1477.077
27.800,164.600,0.073,5,5010.598,1477.813
27.810,164.616,0.073,5,5011.087,1478.549
27.820,164.632,0.073,5,5011.575,1479.285
27.830,164.648,0.073,5,5012.064,1480.021
27.840,164.664,0.073,5,5012.552,1480.757
27.850,164.680,0.073,5,5013.040,1481.493
27.860,164.696,0.073,5,5013.528,1482.229
27.870,164.712,0.073,5,5014.015,1482.965
27.880,164.728,0.073,5,5014.503,1483.702
27.890,164.744,0.073,5,5014.990,1484.438
27.900,164.760,0.073,5,5015.477,1485.175
27.910,164.776,0.073,5,5015.964,1485.911
27.920,164.792,0.073,5,5016.450,1486.648
27.930,164.808,0.073,5,5016.937,1487.384
27.940,164.824,0.073,5,5017.423,1488.121
27.950,164.840,0.073,5,5017.909,1488.858
27.960,164.856,0.073,5,5018.395,1489.595
27.970,164.872,0.073,5,5018.881,1490.332
27.980,164.888,0.073,5,5019.366,1491.069
27.990,164.904,0.073,5,5019.851,1491.806
28.000,164.920,0.073,5,5020.336,1492.544
28.010,164.936,0.073,5,5020.821,1493.281
28.020,164.952,0.073,5,5021.306,1494.018
28.030,164.967,0.072,5,5021.790,1494.756
28.040,164.983,0.072,5,5022.274,1495.493
28.050,164.999,0.072,5,5022.758,1496.231
28.060,165.015,0.072,5,5023.242,1496.968
28.070,165.031,0.072,5,5023.726,1497.706
28.080,165.047,0.072,5,5024.209,1498.444
28.090,165.063,0.072,5,5024.693,1499.182
28.100,165.079,0.072,5,5025.176,1499.920
28.110,165.095,0.072,5,5025.658,1500.658
28.120,165.110,0.072,5,5026.141,1501.396
28.130,165.126,0.072,5,5026.624,1502.134
28.140,165.142,0.072,5,5027.106,1502.872
28.150,165.158,0.072,5,5027.588,1503.610
28.160,165.174,0.072,5,5028.070,1504.349
28.170,165.190,0.072,5,5028.551,1505.087
28.180,165.205,0.072,5,5029.033,1505.826
28.190,165.221,0.072,5,5029.514,1506.564
28.200,165.237,0.072,5,5029.995,1507.303
28.210,165.253,0.072,5,5030.476,1508.042
28.220,165.269,0.072,5,5030.957,1508.780
28.230,165.284,0.072,5,5031.437,1509.519
28.240,165.300,0.072,5,5031.918,1510.258
28.250,165.316,0.072,5,5032.398,1510.997
28.260,165.332,0.072,5,5032.878,1511.736
28.270,165.347,0.072,5,5033.357,1512.475
28.280,165.363,0.072,5,5033.837,1513.215
28.290,165.379,0.072,5,5034.316,1513.954
28.300,165.395,0.072,5,5034.795,1514.693
28.310,165.410,0.072,5,5035.274,1515.433
28.320,165.426,0.072,5,5035.753,1516.172
28.330,165.442,0.072,5,5036.231,1516.912
28.340,165.458,0.072,5,5036.710,1517.651
28.350,165.473,0.072,5,5037.188,1518.391
28.360,165.489,0.072,5,5037.666,1519.131
28.370,165.505,0.071,5,5038.144,1519.871
28.380,165.520,0.071,5,5038.621,1520.610
28.390,165.536,0.071,5,5039.099,1521.350
28.400,165.552,0.071,5,5039.576,1522.090
28.410,165.567,0.071,5,5040.053,1522.831
28.420,165.583,0.071,5,5040.530,1523.571
28.430,165.599,0.071,5,5041.006,1524.311
28.440,165.614,0.071,5,5041.482,1525.051
28.450,165.630,0.071,5,5041.959,1525.792
28.460,165.646,0.071,5,5042.435,1526.532
28.470,165.661,0.071,5,5042.910,1527.273
28.480,165.677,0.071,5,5043.386,1528.013
28.490,165.692,0.071,5,5043.861,1528.754
28.500,165.708,0.071,5,5044.337,1529.495
28.510,165.724,0.071,5,5044.812,1530.236
28.520,165.739,0.071,5,5045.287,1530.976
28.530,165.755,0.071,5,5045.761,1531.717
28.540,165.770,0.071,5,5046.236,1532.458
28.550,165.786,0.071,5,5046.710,1533.200
28.560,165.802,0.071,5,5047.184,1533.941
28.570,165.817,0.071,5,5047.658,1534.682
28.580,165.833,0.071,5,5048.131,1535.423
28.590,165.848,0.071,5,5048.605,1536.165
28.600,165.864,0.071,5,5049.078,1536.906
28.610,165.879,0.071,5,5049.551,1537.648
28.620,165.895,0.071,5,5050.024,1538.389
28.630,165.910,0.071,5,5050.497,1539.131
28.640,165.926,0.071,5,5050.969,1539.872
28.650,165.942,0.071,5,5051.442,1540.614
28.660,165.957,0.071,5,5051.914,1541.356
28.670,165.973,0.071,5,5052.386,1542.098
28.680,165.988,0.071,5,5052.857,1542.840
28.690,166.004,0.071,5,5053.329,1543.582
28.700,166.019,0.071,5,5053.800,1544.324
28.710,166.034,0.071,5,5054.271,1545.066
28.720,166.050,0.070,5,5054.742,1545.809
28.730,166.065,0.070,5,5055.213,1546.551
28.740,166.081,0.070,5,5055.684,1547.293
28.750,166.096,0.070,5,5056.154,1548.036
28.760,166.112,0.070,5,5056.624,1548.779
28.770,166.127,0.070,5,5057.094,1549.521
28.780,166.143,0.070,5,5057.564,1550.264
28.790,166.158,0.070,5,5058.034,1551.007
28.800,166.173,0.070,5,5058.503,1551.749
28.810,166.189,0.070,5,5058.972,1552.492
28.820,166.204,0.070,5,5059.441,1553.235
28.830,166.220,0.070,5,5059.910,1553.978
28.840,166.235,0.070,5,5060.379,1554.721
28.850,166.250,0.070,5,5060.847,1555.465
28.860,166.266,0.070,5,5061.315,1556.208
28.870,166.281,0.070,5,5061.784,1556.951
28.880,166.297,0.070,5,5062.251,1557.695
28.890,166.312,0.070,5,5062.719,1558.438
28.900,166.327,0.070,5,5063.187,1559.181
28.910,166.343,0.070,5,5063.654,1559.925
28.920,166.358,0.070,5,5064.121,1560.669
28.930,166.373,0.070,5,5064.588,1561.412
28.940,166.389,0.070,5,5065.055,1562.156
28.950,166.404,0.070,5,5065.521,1562.900
28.960,166.419,0.070,5,5065.987,1563.644
28.970,166.435,0.070,5,5066.454,1564.388
28.980,166.450,0.070,5,5066.919,1565.132
28.990,166.465,0.070,5,5067.385,1565.876
29.000,166.481,0.070,5,5067.851,1566.620
29.010,166.496,0.070,5,5068.316,1567.365
29.020,166.511,0.070,5,5068.781,1568.109
29.030,166.526,0.070,5,5069.246,1568.853
29.040,166.542,0.070,5,5069.711,1569.598
29.050,166.557,0.070,5,5070.176,1570.342
29.060,166.572,0.069,5,5070.640,1571.087
29.070,166.587,0.069,5,5071.104,1571.832
29.080,166.603,0.069,5,5071.568,1572.576
29.090,166.618,0.069,5,5072.032,1573.321
29.100,166.633,0.069,5,5072.496,1574.066
29.110,166.648,0.069,5,5072.959,1574.811
29.120,166.664,0.069,5,5073.423,1575.556
29.130,166.679,0.069,5,5073.886,1576.301
29.140,166.694,0.069,5,5074.349,1577.046
29.150,166.709,0.069,5,5074.811,1577.792
29.160,166.724,0.069,5,5075.274,1578.537
29.170,166.740,0.069,5,5075.736,1579.282
29.180,166.755,0.069,5,5076.198,1580.028
29.190,166.770,0.069,5,5076.660,1580.773
29.200,166.785,0.069,5,5077.122,1581.519
29.210,166.800,0.069,5,5077.584,1582.264
29.220,166.815,0.069,5,5078.045,1583.010
29.230,166.831,0.069,5,5078.506,1583.756
29.240,166.846,0.069,5,5078.967,1584.502
29.250,166.861,0.069,5,5079.428,1585.248
29.260,166.876,0.069,5,5079.888,1585.993
29.270,166.891,0.069,5,5080.349,1586.740
29.280,166.906,0.069,5,5080.809,1587.486
29.290,166.921,0.069,5,5081.269,1588.232
29.300,166.936,0.069,5,5081.729,1588.978
29.310,166.952,0.069,5,5082.189,1589.724
29.320,166.967,0.069,5,5082.648,1590.471
29.330,166.982,0.069,5,5083.107,1591.217
29.340,166.997,0.069,5,5083.566,1591.964
29.350,167.012,0.069,5,5084.025,1592.710
29.360,167.027,0.069,5,5084.484,1593.457
29.370,167.042,0.069,5,5084.943,1594.204
29.380,167.057,0.069,5,5085.401,1594.950
29.390,167.072,0.069,5,5085.859,1595.697
29.400,167.087,0.069,5,5086.317,1596.444
29.410,167.102,0.068,5,5086.775,1597.191
29.420,167.117,0.068,5,5087.232,1597.938
29.430,167.132,0.068,5,5087.690,1598.685
29.440,167.147,0.068,5,5088.147,1599.432
29.450,167.162,0.068,5,5088.604,1600.180
29.460,167.177,0.068,5,5089.061,1600.927
29.470,167.192,0.068,5,5089.517,1601.674
29.480,167.207,0.068,5,5089.974,1602.422
29.490,167.222,0.068,5,5090.430,1603.169
29.500,167.237,0.068,5,5090.886,1603.917
29.510,167.252,0.068,5,5091.342,1604.665
29.520,167.267,0.068,5,5091.798,1605.412
29.530,167.282,0.068,5,5092.253,1606.160
29.540,167.297,0.068,5,5092.709,1606.908
29.550,167.312,0.068,5,5093.164,1607.656
29.560,167.327,0.068,5,5093.619,1608.404
29.570,167.342,0.068,5,5094.073,1609.152
29.580,167.357,0.068,5,5094.528,1609.900
29.590,167.372,0.068,5,5094.982,1610.648
29.600,167.387,0.068,5,5095.436,1611.396
29.610,167.402,0.068,5,5095.890,1612.145
29.620,167.417,0.068,5,5096.344,1612.893
29.630,167.431,0.068,5,5096.798,1613.642
29.640,167.446,0.068,5,5097.251,1614.390
29.650,167.461,0.068,5,5097.705,1615.139
29.660,167.476,0.068,5,5098.158,1615.887
29.670,167.491,0.068,5,5098.610,1616.636
29.680,167.506,0.068,5,5099.063,1617.385
29.690,167.521,0.068,5,5099.516,1618.134
29.700,167.536,0.068,5,5099.968,1618.883
29.710,167.550,0.068,5,5100.420,1619.632
29.720,167.565,0.068,5,5100.872,1620.381
29.730,167.580,0.068,5,5101.324,1621.130
29.740,167.595,0.068,5,5101.775,1621.879
29.750,167.610,0.068,5,5102.227,1622.628
29.760,167.625,0.068,5,5102.678,1623.377
29.770,167.639,0.067,5,5103.129,1624.127
29.780,167.654,0.067,5,5103.580,1624.876
29.790,167.669,0.067,5,5104.030,1625.626
29.800,167.684,0.067,5,5104.481,1626.375
29.810,167.699,0.067,5,5104.931,1627.125
29.820,167.713,0.067,5,5105.381,1627.875
29.830,167.728,0.067,5,5105.831,1628.625
29.840,167.743,0.067,5,5106.281,1629.374
29.850,167.758,0.067,5,5106.730,1630.124
29.860,167.773,0.067,5,5107.179,1630.874
29.870,167.787,0.067,5,5107.629,1631.624
29.880,167.802,0.067,5,5108.078,1632.374
29.890,167.817,0.067,5,5108.526,1633.125
29.900,167.831,0.067,5,5108.975,1633.875
29.910,167.846,0.067,5,5109.423,1634.625
29.920,167.861,0.067,5,5109.871,1635.376
29.930,167.876,0.067,5,5110.319,1636.126
29.940,167.890,0.067,5,5110.767,1636.876
29.950,167.905,0.067,5,5111.215,1637.627
29.960,167.920,0.067,5,5111.662,1638.378
29.970,167.934,0.067,5,5112.110,1639.128
29.980,167.949,0.067,5,5112.557,1639.879
29.990,167.964,0.067,5,5113.004,1640.630
30.000,167.979,0.067,5,5113.450,1641.381
30.010,167.993,0.067,5,5113.897,1642.132
30.020,168.008,0.067,5,5114.343,1642.883
30.030,168.023,0.067,5,5114.789,1643.634
30.040,168.037,0.067,5,5115.235,1644.385
30.050,168.052,0.067,5,5115.681,1645.136
30.060,168.066,0.067,5,5116.127,1645.888
30.070,168.081,0.067,5,5116.572,1646.639
30.080,168.096,0.067,5,5117.017,1647.390
30.090,168.110,0.067,5,5117.463,1648.142
30.100,168.125,0.067,5,5117.907,1648.893
30.110,168.140,0.067,5,5118.352,1649.645
30.120,168.154,0.067,5,5118.797,1650.397
30.130,168.169,0.066,5,5119.241,1651.148
30.140,168.183,0.066,5,5119.685,1651.900
30.150,168.198,0.066,5,5120.129,1652.652
30.160,168.212,0.066,5,5120.573,1653.404
30.170,168.227,0.066,5,5121.016,1654.156
30.180,168.242,0.066,5,5121.460,1654.908
30.190,168.256,0.066,5,5121.903,1655.660
30.200,168.271,0.066,5,5122.346,1656.413
30.210,168.285,0.066,5,5122.789,1657.165
30.220,168.300,0.066,5,5123.231,1657.917
30.230,168.314,0.066,5,5123.674,1658.670
30.240,168.329,0.066,5,5124.116,1659.422
30.250,168.343,0.066,5,5124.558,1660.175
30.260,168.358,0.066,5,5125.000,1660.927
30.270,168.372,0.066,5,5125.442,1661.680
30.280,168.387,0.066,5,5125.883,1662.432
30.290,168.401,0.066,5,5126.325,1663.185
30.300,168.416,0.066,5,5126.766,1663.938
30.310,168.430,0.066,5,5127.207,1664.691
30.320,168.445,0.066,5,5127.648,1665.444
30.330,168.459,0.066,5,5128.088,1666.197
30.340,168.474,0.066,5,5128.529,1666.950
30.350,168.488,0.066,5,5128.969,1667.703
30.360,168.503,0.066,5,5129.409,1668.457
30.370,168.517,0.066,5,5129.849,1669.210
30.380,168.532,0.066,5,5130.289,1669.963
30.390,168.546,0.066,5,5130.728,1670.717
30.400,168.561,0.066,5,5131.168,1671.470
30.410,168.575,0.066,5,5131.607,1672.224
30.420,168.589,0.066,5,5132.046,1672.977
30.430,168.604,0.066,5,5132.485,1673.731
30.440,168.618,0.066,5,5132.923,1674.485
30.450,168.633,0.066,5,5133.362,1675.239
30.460,168.647,0.066,5,5133.800,1675.993
30.470,168.661,0.066,5,5134.238,1676.747
30.480,168.676,0.066,5,5134.676,1677.501
30.490,168.690,0.065,5,5135.114,1678.255
30.500,168.705,0.065,5,5135.551,1679.009
30.510,168.719,0.065,5,5135.988,1679.763
30.520,168.733,0.065,5,5136.426,1680.517
30.530,168.748,0.065,5,5136.863,1681.272
30.540,168.762,0.065,5,5137.299,1682.026
30.550,168.776,0.065,5,5137.736,1682.780
30.560,168.791,0.065,5,5138.172,1683.535
30.570,168.805,0.065,5,5138.609,1684.290
30.580,168.819,0.065,5,5139.045,1685.044
30.590,168.834,0.065,5,5139.481,1685.799
30.600,168.848,0.065,5,5139.916,1686.554
30.610,168.862,0.065,5,5140.352,1687.309
30.620,168.877,0.065,5,5140.787,1688.063
30.630,168.891,0.065,5,5141.222,1688.818
30.640,168.905,0.065,5,5141.657,1689.574
30.650,168.919,0.065,5,5142.092,1690.329
30.660,168.934,0.065,5,5142.527,1691.084
30.670,168.948,0.065,5,5142.961,1691.839
30.680,168.962,0.065,5,5143.395,1692.594
30.690,168.976,0.065,5,5143.829,1693.350
30.700,168.991,0.065,5,5144.263,1694.105
30.710,169.005,0.065,5,5144.697,1694.861
30.720,169.019,0.065,5,5145.131,1695.616
30.730,169.033,0.065,5,5145.564,1696.372
30.740,169.048,0.065,5,5145.997,1697.127
30.750,169.062,0.065,5,5146.430,1697.883
30.760,169.076,0.065,5,5146.863,1698.639
30.770,169.090,0.065,5,5147.295,1699.395
30.780,169.105,0.065,5,5147.728,1700.151
30.790,169.119,0.065,5,5148.160,1700.907
30.800,169.133,0.065,5,5148.592,1701.663
30.810,169.147,0.065,5,5149.024,1702.419
30.820,169.161,0.065,5,5149.456,1703.175
30.830,169.175,0.065,5,5149.887,1703.931
30.840,169.190,0.065,5,5150.319,1704.688
30.850,169.204,0.065,5,5150.750,1705.444
30.860,169.218,0.064,5,5151.181,1706.200
30.870,169.232,0.064,5,5151.612,1706.957
30.880,169.246,0.064,5,5152.042,1707.714
30.890,169.260,0.064,5,5152.473,1708.470
30.900,169.275,0.064,5,5152.903,1709.227
30.910,169.289,0.064,5,5153.333,1709.984
30.920,169.303,0.064,5,5153.763,1710.740
30.930,169.317,0.064,5,5154.193,1711.497
30.940,169.331,0.064,5,5154.622,1712.254
30.950,169.345,0.064,5,5155.052,1713.011
30.960,169.359,0.064,5,5155.481,1713.768
30.970,169.373,0.064,5,5155.910,1714.526
30.980,169.387,0.064,5,5156.339,1715.283
30.990,169.401,0.064,5,5156.767,1716.040
31.000,169.416,0.064,5,5157.196,1716.797
31.010,169.430,0.064,5,5157.624,1717.555
31.020,169.444,0.064,5,5158.052,1718.312
31.030,169.458,0.064,5,5158.480,1719.070
31.040,169.472,0.064,5,5158.908,1719.827
31.050,169.486,0.064,5,5159.336,1720.585
31.060,169.500,0.064,5,5159.763,1721.343
31.070,169.514,0.064,5,5160.190,1722.100
31.080,169.528,0.064,5,5160.617,1722.858
31.090,169.542,0.064,5,5161.044,1723.616
31.100,169.556,0.064,5,5161.471,1724.374
31.110,169.570,0.064,5,5161.897,1725.132
31.120,169.584,0.064,5,5162.324,1725.890
31.130,169.598,0.064,5,5162.750,1726.648
31.140,169.612,0.064,5,5163.176,1727.406
31.150,169.626,0.064,5,5163.602,1728.165
31.160,169.640,0.064,5,5164.027,1728.923
31.170,169.654,0.064,5,5164.453,1729.681
31.180,169.668,0.064,5,5164.878,1730.440
31.190,169.682,0.064,5,5165.303,1731.198
31.200,169.696,0.064,5,5165.728,1731.957
31.210,169.710,0.064,5,5166.153,1732.716
31.220,169.724,0.064,5,5166.577,1733.474
31.230,169.738,0.064,5,5167.002,1734.233
31.240,169.752,0.063,5,5167.426,1734.992
31.250,169.766,0.063,5,5167.850,1735.751
31.260,169.779,0.063,5,5168.274,1736.510
31.270,169.793,0.063,5,5168.697,1737.269
31.280,169.807,0.063,5,5169.121,1738.028
31.290,169.821,0.063,5,5169.544,1738.787
31.300,169.835,0.063,5,5169.967,1739.546
31.310,169.849,0.063,5,5170.390,1740.305
31.320,169.863,0.063,5,5170.813,1741.065
31.330,169.877,0.063,5,5171.235,1741.824
31.340,169.891,0.063,5,5171.658,1742.584
31.350,169.905,0.063,5,5172.080,1743.343
31.360,169.918,0.063,5,5172.502,1744.103
31.370,169.932,0.063,5,5172.924,1744.862
31.380,169.946,0.063,5,5173.346,1745.622
31.390,169.960,0.063,5,5173.767,1746.382
31.400,169.974,0.063,5,5174.189,1747.141
31.410,169.988,0.063,5,5174.610,1747.901
31.420,170.001,0.063,5,5175.031,1748.661
31.430,170.015,0.063,5,5175.452,1749.421
31.440,170.029,0.063,5,5175.872,1750.181
31.450,170.043,0.063,5,5176.293,1750.942
31.460,170.057,0.063,5,5176.713,1751.702
31.470,170.071,0.063,5,5177.133,1752.462
31.480,170.084,0.063,5,5177.553,1753.222
31.490,170.098,0.063,5,5177.973,1753.983
31.500,170.112,0.063,5,5178.392,1754.743
31.510,170.126,0.063,5,5178.812,1755.504
31.520,170.139,0.063,5,5179.231,1756.264
31.530,170.153,0.063,5,5179.650,1757.025
31.540,170.167,0.063,5,5180.069,1757.785
31.550,170.181,0.063,5,5180.488,1758.546
31.560,170.194,0.063,5,5180.906,1759.307
31.570,170.208,0.063,5,5181.325,1760.068
31.580,170.222,0.063,5,5181.743,1760.829
31.590,170.236,0.063,5,5182.161,1761.590
31.600,170.249,0.063,5,5182.579,1762.351
31.610,170.263,0.062,5,5182.996,1763.112
31.620,170.277,0.062,5,5183.414,1763.873
31.630,170.291,0.062,5,5183.831,1764.634
31.640,170.304,0.062,5,5184.248,1765.396
31.650,170.318,0.062,5,5184.665,1766.157
31.660,170.332,0.062,5,5185.082,1766.918
31.670,170.345,0.062,5,5185.498,1767.680
31.680,170.359,0.062,5,5185.915,1768.441
31.690,170.373,0.062,5,5186.331,1769.203
31.700,170.386,0.062,5,5186.747,1769.965
31.710,170.400,0.062,5,5187.163,1770.726
31.720,170.414,0.062,5,5187.579,1771.488
31.730,170.427,0.062,5,5187.994,1772.250
31.740,170.441,0.062,5,5188.410,1773.012
31.750,170.455,0.062,5,5188.825,1773.774
31.760,170.468,0.062,5,5189.240,1774.536
31.770,170.482,0.062,5,5189.655,1775.298
31.780,170.495,0.062,5,5190.069,1776.060
31.790,170.509,0.062,5,5190.484,1776.822
31.800,170.523,0.062,5,5190.898,1777.585
31.810,170.536,0.062,5,5191.312,1778.347
31.820,170.550,0.062,5,5191.726,1779.109
31.830,170.563,0.062,5,5192.140,1779.872
31.840,170.577,0.062,5,5192.554,1780.634
31.850,170.591,0.062,5,5192.967,1781.397
31.860,170.604,0.062,5,5193.380,1782.160
31.870,170.618,0.062,5,5193.793,1782.922
31.880,170.631,0.062,5,5194.206,1783.685
31.890,170.645,0.062,5,5194.619,1784.448
31.900,170.658,0.062,5,5195.032,1785.211
31.910,170.672,0.062,5,5195.444,1785.974
31.920,170.686,0.062,5,5195.856,1786.737
31.930,170.699,0.062,5,5196.268,1787.500
31.940,170.713,0.062,5,5196.680,1788.263
31.950,170.726,0.062,5,5197.092,1789.026
31.960,170.740,0.062,5,5197.504,1789.789
31.970,170.753,0.062,5,5197.915,1790.553
31.980,170.767,0.062,5,5198.326,1791.316
31.990,170.780,0.062,5,5198.737,1792.079
32.000,170.794,0.061,5,5199.148,1792.843
32.010,170.807,0.061,5,5199.559,1793.606
32.020,170.821,0.061,5,5199.969,1794.370
32.030,170.834,0.061,5,5200.379,1795.134
32.040,170.848,0.061,5,5200.790,1795.897
32.050,170.861,0.061,5,5201.199,1796.661
32.060,170.875,0.061,5,5201.609,1797.425
32.070,170.888,0.061,5,5202.019,1798.189
32.080,170.901,0.061,5,5202.428,1798.953
32.090,170.915,0.061,5,5202.838,1799.717
32.100,170.928,0.061,5,5203.247,1800.481
32.110,170.942,0.061,5,5203.656,1801.245
32.120,170.955,0.061,5,5204.064,1802.009
32.130,170.969,0.061,5,5204.473,1802.774
32.140,170.982,0.061,5,5204.881,1803.538
32.150,170.995,0.061,5,5205.290,1804.302
32.160,171.009,0.061,5,5205.698,1805.067
32.170,171.022,0.061,5,5206.106,1805.831
32.180,171.036,0.061,5,5206.513,1806.596
32.190,171.049,0.061,5,5206.921,1807.361
32.200,171.062,0.061,5,5207.328,1808.125
32.210,171.076,0.061,5,5207.736,1808.890
32.220,171.089,0.061,5,5208.143,1809.655
32.230,171.103,0.061,5,5208.549,1810.420
32.240,171.116,0.061,5,5208.956,1811.185
32.250,171.129,0.061,5,5209.363,1811.950
32.260,171.143,0.061,5,5209.769,1812.715
32.270,171.156,0.061,5,5210.175,1813.480
32.280,171.169,0.061,5,5210.581,1814.245
32.290,171.183,0.061,5,5210.987,1815.010
32.300,171.196,0.061,5,5211.393,1815.775
32.310,171.209,0.061,5,5211.798,1816.541
32.320,171.223,0.061,5,5212.204,1817.306
32.330,171.236,0.061,5,5212.609,1818.072
32.340,171.249,0.061,5,5213.014,1818.837
32.350,171.262,0.061,5,5213.418,1819.603
32.360,171.276,0.061,5,5213.823,1820.368
32.370,171.289,0.061,5,5214.228,1821.134
32.380,171.302,0.060,5,5214.632,1821.900
32.390,171.316,0.060,5,5215.036,1822.666
32.400,171.329,0.060,5,5215.440,1823.431
32.410,171.342,0.060,5,5215.844,1824.197
32.420,171.355,0.060,5,5216.247,1824.963
32.430,171.369,0.060,5,5216.651,1825.729
32.440,171.382,0.060,5,5217.054,1826.496
32.450,171.395,0.060,5,5217.457,1827.262
32.460,171.408,0.060,5,5217.860,1828.028
32.470,171.422,0.060,5,5218.263,1828.794
32.480,171.435,0.060,5,5218.665,1829.561
32.490,171.448,0.060,5,5219.068,1830.327
32.500,171.461,0.060,5,5219.470,1831.094
32.510,171.474,0.060,5,5219.872,1831.860
32.520,171.488,0.060,5,5220.274,1832.627
32.530,171.501,0.060,5,5220.676,1833.393
32.540,171.514,0.060,5,5221.077,1834.160
32.550,171.527,0.060,5,5221.479,1834.927
32.560,171.540,0.060,5,5221.880,1835.694
32.570,171.554,0.060,5,5222.281,1836.460
32.580,171.567,0.060,5,5222.682,1837.227
32.590,171.580,0.060,5,5223.083,1837.994
32.600,171.593,0.060,5,5223.483,1838.761
32.610,171.606,0.060,5,5223.883,1839.529
32.620,171.619,0.060,5,5224.284,1840.296
32.630,171.633,0.060,5,5224.684,1841.063
32.640,171.646,0.060,5,5225.084,1841.830
32.650,171.659,0.060,5,5225.483,1842.598
32.660,171.672,0.060,5,5225.883,1843.365
32.670,171.685,0.060,5,5226.282,1844.133
32.680,171.698,0.060,5,5226.681,1844.900
32.690,171.711,0.060,5,5227.080,1845.668
32.700,171.724,0.060,5,5227.479,1846.435
32.710,171.737,0.060,5,5227.878,1847.203
32.720,171.751,0.060,5,5228.276,1847.971
32.730,171.764,0.060,5,5228.675,1848.739
32.740,171.777,0.060,5,5229.073,1849.506
32.750,171.790,0.060,5,5229.471,1850.274
32.760,171.803,0.060,5,5229.869,1851.042
32.770,171.816,0.060,5,5230.266,1851.810
32.780,171.829,0.059,5,5230.664,1852.579
32.790,171.842,0.059,5,5231.061,1853.347
32.800,171.855,0.059,5,5231.458,1854.115
32.810,171.868,0.059,5,5231.855,1854.883
32.820,171.881,0.059,5,5232.252,1855.652
32.830,171.894,0.059,5,5232.649,1856.420
32.840,171.907,0.059,5,5233.045,1857.188
32.850,171.920,0.059,5,5233.442,1857.957
32.860,171.933,0.059,5,5233.838,1858.726
32.870,171.946,0.059,5,5234.234,1859.494
32.880,171.959,0.059,5,5234.630,1860.263
32.890,171.972,0.059,5,5235.025,1861.032
32.900,171.985,0.059,5,5235.421,1861.800
32.910,171.998,0.059,5,5235.816,1862.569
32.920,172.011,0.059,5,5236.211,1863.338
32.930,172.024,0.059,5,5236.606,1864.107
32.940,172.037,0.059,5,5237.001,1864.876
32.950,172.050,0.059,5,5237.395,1865.645
32.960,172.063,0.059,5,5237.790,1866.415
32.970,172.076,0.059,5,5238.184,1867.184
32.980,172.089,0.059,5,5238.578,1867.953
32.990,172.102,0.059,5,5238.972,1868.722
33.000,172.115,0.059,5,5239.366,1869.492
33.010,172.128,0.059,5,5239.760,1870.261
33.020,172.141,0.059,5,5240.153,1871.031
33.030,172.154,0.059,5,5240.546,1871.800
33.040,172.167,0.059,5,5240.940,1872.570
33.050,172.179,0.059,5,5241.333,1873.340
33.060,172.192,0.059,5,5241.725,1874.109
33.070,172.205,0.059,5,5242.118,1874.879
33.080,172.218,0.059,5,5242.510,1875.649
33.090,172.231,0.059,5,5242.903,1876.419
33.100,172.244,0.059,5,5243.295,1877.189
33.110,172.257,0.059,5,5243.687,1877.959
33.120,172.270,0.059,5,5244.079,1878.729
33.130,172.283,0.059,5,5244.470,1879.499
33.140,172.295,0.059,5,5244.862,1880.269
33.150,172.308,0.059,5,5245.253,1881.040
33.160,172.321,0.059,5,5245.644,1881.810
33.170,172.334,0.059,5,5246.035,1882.580
33.180,172.347,0.058,5,5246.426,1883.351
33.190,172.360,0.058,5,5246.816,1884.121
33.200,172.372,0.058,5,5247.207,1884.892
33.210,172.385,0.058,5,5247.597,1885.662
33.220,172.398,0.058,5,5247.987,1886.433
33.230,172.411,0.058,5,5248.377,1887.204
33.240,172.424,0.058,5,5248.767,1887.974
33.250,172.437,0.058,5,5249.157,1888.745
33.260,172.449,0.058,5,5249.546,1889.516
33.270,172.462,0.058,5,5249.935,1890.287
33.280,172.475,0.058,5,5250.325,1891.058
33.290,172.488,0.058,5,5250.714,1891.829
33.300,172.500,0.058,5,5251.102,1892.600
33.310,172.513,0.058,5,5251.491,1893.371
33.320,172.526,0.058,5,5251.879,1894.143
33.330,172.539,0.058,5,5252.268,1894.914
33.340,172.551,0.058,5,5252.656,1895.685
33.350,172.564,0.058,5,5253.044,1896.457
33.360,172.577,0.058,5,5253.432,1897.228
33.370,172.590,0.058,5,5253.819,1898.000
33.380,172.602,0.058,5,5254.207,1898.771
33.390,172.615,0.058,5,5254.594,1899.543
33.400,172.628,0.058,5,5254.981,1900.315
33.410,172.641,0.058,5,5255.368,1901.086
33.420,172.653,0.058,5,5255.755,1901.858
33.430,172.666,0.058,5,5256.142,1902.630
33.440,172.679,0.058,5,5256.528,1903.402
33.450,172.691,0.058,5,5256.914,1904.174
33.460,172.704,0.058,5,5257.301,1904.946
33.470,172.717,0.058,5,5257.687,1905.718
33.480,172.729,0.058,5,5258.072,1906.490
33.490,172.742,0.058,5,5258.458,1907.262
33.500,172.755,0.058,5,5258.844,1908.035
33.510,172.767,0.058,5,5259.229,1908.807
33.520,172.780,0.058,5,5259.614,1909.579
33.530,172.793,0.058,5,5259.999,1910.352
33.540,172.805,0.058,5,5260.384,1911.124
33.550,172.818,0.058,5,5260.769,1911.897
33.560,172.831,0.058,5,5261.153,1912.669
33.570,172.843,0.058,5,5261.537,1913.442
33.580,172.856,0.057,5,5261.922,1914.215
33.590,172.868,0.057,5,5262.306,1914.987
33.600,172.881,0.057,5,5262.689,1915.760
33.610,172.894,0.057,5,5263.073,1916.533
33.620,172.906,0.057,5,5263.457,1917.306
33.630,172.919,0.057,5,5263.840,1918.079
33.640,172.931,0.057,5,5264.223,1918.852
33.650,172.944,0.057,5,5264.606,1919.625
33.660,172.957,0.057,5,5264.989,1920.398
33.670,172.969,0.057,5,5265.372,1921.172
33.680,172.982,0.057,5,5265.754,1921.945
33.690,172.994,0.057,5,5266.137,1922.718
33.700,173.007,0.057,5,5266.519,1923.492
33.710,173.019,0.057,5,5266.901,1924.265
33.720,173.032,0.057,5,5267.283,1925.038
33.730,173.044,0.057,5,5267.665,1925.812
33.740,173.057,0.057,5,5268.046,1926.586
33.750,173.070,0.057,5,5268.428,1927.359
33.760,173.082,0.057,5,5268.809,1928.133
33.770,173.095,0.057,5,5269.190,1928.907
33.780,173.107,0.057,5,5269.571,1929.681
33.790,173.120,0.057,5,5269.951,1930.454
33.800,173.132,0.057,5,5270.332,1931.228
33.810,173.145,0.057,5,5270.712,1932.002
33.820,173.157,0.057,5,5271.093,1932.776
33.830,173.170,0.057,5,5271.473,1933.551
33.840,173.182,0.057,5,5271.853,1934.325
33.850,173.195,0.057,5,5272.233,1935.099
33.860,173.207,0.057,5,5272.612,1935.873
33.870,173.219,0.057,5,5272.992,1936.648
33.880,173.232,0.057,5,5273.371,1937.422
33.890,173.244,0.057,5,5273.750,1938.196
33.900,173.257,0.057,5,5274.129,1938.971
33.910,173.269,0.057,5,5274.508,1939.745
33.920,173.282,0.057,5,5274.886,1940.520
33.930,173.294,0.057,5,5275.265,1941.295
33.940,173.307,0.057,5,5275.643,1942.069
33.950,173.319,0.057,5,5276.021,1942.844
33.960,173.331,0.057,5,5276.399,1943.619
33.970,173.344,0.057,5,5276.777,1944.394
33.980,173.356,0.057,5,5277.155,1945.169
33.990,173.369,0.056,5,5277.532,1945.944
34.000,173.381,0.056,5,5277.910,1946.719
34.010,173.393,0.056,5,5278.287,1947.494
34.020,173.406,0.056,5,5278.664,1948.269
34.030,173.418,0.056,5,5279.041,1949.044
34.040,173.431,0.056,5,5279.417,1949.820
34.050,173.443,0.056,5,5279.794,1950.595
34.060,173.455,0.056,5,5280.170,1951.370
34.070,173.468,0.056,5,5280.546,1952.146
34.080,173.480,0.056,5,5280.922,1952.921
34.090,173.492,0.056,5,5281.298,1953.697
34.100,173.505,0.056,5,5281.674,1954.472
34.110,173.517,0.056,5,5282.050,1955.248
34.120,173.529,0.056,5,5282.425,1956.024
34.130,173.542,0.056,5,5282.800,1956.800
34.140,173.554,0.056,5,5283.175,1957.575
34.150,173.566,0.056,5,5283.550,1958.351
34.160,173.579,0.056,5,5283.925,1959.127
34.170,173.591,0.056,5,5284.300,1959.903
34.180,173.603,0.056,5,5284.674,1960.679
34.190,173.616,0.056,5,5285.048,1961.455
34.200,173.628,0.056,5,5285.422,1962.232
34.210,173.640,0.056,5,5285.796,1963.008
34.220,173.652,0.056,5,5286.170,1963.784
34.230,173.665,0.056,5,5286.544,1964.560
34.240,173.677,0.056,5,5286.917,1965.337
34.250,173.689,0.056,5,5287.291,1966.113
34.260,173.701,0.056,5,5287.664,1966.890
34.270,173.714,0.056,5,5288.037,1967.666
34.280,173.726,0.056,5,5288.410,1968.443
34.290,173.738,0.056,5,5288.782,1969.219
34.300,173.750,0.056,5,5289.155,1969.996
34.310,173.763,0.056,5,5289.527,1970.773
34.320,173.775,0.056,5,5289.899,1971.550
34.330,173.787,0.056,5,5290.271,1972.327
34.340,173.799,0.056,5,5290.643,1973.104
34.350,173.812,0.056,5,5291.015,1973.881
34.360,173.824,0.056,5,5291.387,1974.658
34.370,173.836,0.056,5,5291.758,1975.435
34.380,173.848,0.056,5,5292.129,1976.212
34.390,173.860,0.056,5,5292.500,1976.989
34.400,173.873,0.056,5,5292.871,1977.766
34.410,173.885,0.055,5,5293.242,1978.544
34.420,173.897,0.055,5,5293.613,1979.321
34.430,173.909,0.055,5,5293.983,1980.098
34.440,173.921,0.055,5,5294.353,1980.876
34.450,173.933,0.055,5,5294.723,1981.653
34.460,173.946,0.055,5,5295.093,1982.431
34.470,173.958,0.055,5,5295.463,1983.209
34.480,173.970,0.055,5,5295.833,1983.986
34.490,173.982,0.055,5,5296.202,1984.764
34.500,173.994,0.055,5,5296.572,1985.542
34.510,174.006,0.055,5,5296.941,1986.320
34.520,174.018,0.055,5,5297.310,1987.097
34.530,174.030,0.055,5,5297.679,1987.875
34.540,174.043,0.055,5,5298.047,1988.653
34.550,174.055,0.055,5,5298.416,1989.432
34.560,174.067,0.055,5,5298.784,1990.210
34.570,174.079,0.055,5,5299.152,1990.988
34.580,174.091,0.055,5,5299.520,1991.766
34.590,174.103,0.055,5,5299.888,1992.544
34.600,174.115,0.055,5,5300.256,1993.323
34.610,174.127,0.055,5,5300.624,1994.101
34.620,174.139,0.055,5,5300.991,1994.879
34.630,174.151,0.055,5,5301.358,1995.658
34.640,174.163,0.055,5,5301.725,1996.437
34.650,174.175,0.055,5,5302.092,1997.215
34.660,174.188,0.055,5,5302.459,1997.994
34.670,174.200,0.055,5,5302.826,1998.773
34.680,174.212,0.055,5,5303.192,1999.551
34.690,174.224,0.055,5,5303.559,2000.330
34.700,174.236,0.055,5,5303.925,2001.109
34.710,174.248,0.055,5,5304.291,2001.888
34.720,174.260,0.055,5,5304.657,2002.667
34.730,174.272,0.055,5,5305.022,2003.446
34.740,174.284,0.055,5,5305.388,2004.225
34.750,174.296,0.055,5,5305.753,2005.004
34.760,174.308,0.055,5,5306.118,2005.783
34.770,174.320,0.055,5,5306.484,2006.563
34.780,174.332,0.055,5,5306.848,2007.342
34.790,174.344,0.055,5,5307.213,2008.121
34.800,174.356,0.055,5,5307.578,2008.901
34.810,174.368,0.055,5,5307.942,2009.680
34.820,174.380,0.055,5,5308.306,2010.460
34.830,174.392,0.054,5,5308.671,2011.239
34.840,174.404,0.054,5,5309.035,2012.019
34.850,174.415,0.054,5,5309.398,2012.799
34.860,174.427,0.054,5,5309.762,2013.578
34.870,174.439,0.054,5,5310.125,2014.358
34.880,174.451,0.054,5,5310.489,2015.138
34.890,174.463,0.054,5,5310.852,2015.918
34.900,174.475,0.054,5,5311.215,2016.698
34.910,174.487,0.054,5,5311.578,2017.478
34.920,174.499,0.054,5,5311.941,2018.258
34.930,174.511,0.054,5,5312.303,2019.038
34.940,174.523,0.054,5,5312.666,2019.818
34.950,174.535,0.054,5,5313.028,2020.598
34.960,174.547,0.054,5,5313.390,2021.379
34.970,174.558,0.054,5,5313.752,2022.159
34.980,174.570,0.054,5,5314.114,2022.939
34.990,174.582,0.054,5,5314.475,2023.720
35.000,174.594,0.054,5,5314.837,2024.500
35.010,174.606,0.054,5,5315.198,2025.281
35.020,174.618,0.054,5,5315.559,2026.061
35.030,174.630,0.054,5,5315.920,2026.842
35.040,174.642,0.054,5,5316.281,2027.623
35.050,174.653,0.054,5,5316.642,2028.403
35.060,174.665,0.054,5,5317.002,2029.184
35.070,174.677,0.054,5,5317.362,2029.965
35.080,174.689,0.054,5,5317.723,2030.746
35.090,174.701,0.054,5,5318.083,2031.527
35.100,174.713,0.054,5,5318.443,2032.308
35.110,174.724,0.054,5,5318.802,2033.089
35.120,174.736,0.054,5,5319.162,2033.870
35.130,174.748,0.054,5,5319.521,2034.651
35.140,174.760,0.054,5,5319.881,2035.432
35.150,174.772,0.054,5,5320.240,2036.214
35.160,174.783,0.054,5,5320.599,2036.995
35.170,174.795,0.054,5,5320.958,2037.776
35.180,174.807,0.054,5,5321.316,2038.558
35.190,174.819,0.054,5,5321.675,2039.339
35.200,174.831,0.054,5,5322.033,2040.121
35.210,174.842,0.054,5,5322.391,2040.902
35.220,174.854,0.054,5,5322.749,2041.684
35.230,174.866,0.054,5,5323.107,2042.466
35.240,174.878,0.054,5,5323.465,2043.247
35.250,174.889,0.054,5,5323.822,2044.029
35.260,174.901,0.053,5,5324.180,2044.811
35.270,174.913,0.053,5,5324.537,2045.593
35.280,174.925,0.053,5,5324.894,2046.375
35.290,174.936,0.053,5,5325.251,2047.157
35.300,174.948,0.053,5,5325.608,2047.939
35.310,174.960,0.053,5,5325.965,2048.721
35.320,174.971,0.053,5,5326.321,2049.503
35.330,174.983,0.053,5,5326.678,2050.286
35.340,174.995,0.053,5,5327.034,2051.068
35.350,175.006,0.053,5,5327.390,2051.850
35.360,175.018,0.053,5,5327.746,2052.632
35.370,175.030,0.053,5,5328.101,2053.415
35.380,175.042,0.053,5,5328.457,2054.197
35.390,175.053,0.053,5,5328.812,2054.980
35.400,175.065,0.053,5,5329.168,2055.763
35.410,175.077,0.053,5,5329.523,2056.545
35.420,175.088,0.053,5,5329.878,2057.328
35.430,175.100,0.053,5,5330.232,2058.111
35.440,175.112,0.053,5,5330.587,2058.893
35.450,175.123,0.053,5,5330.942,2059.676
35.460,175.135,0.053,5,5331.296,2060.459
35.470,175.146,0.053,5,5331.650,2061.242
35.480,175.158,0.053,5,5332.004,2062.025
35.490,175.170,0.053,5,5332.358,2062.808
35.500,175.181,0.053,5,5332.712,2063.591
35.510,175.193,0.053,5,5333.065,2064.374
35.520,175.205,0.053,5,5333.419,2065.158
35.530,175.216,0.053,5,5333.772,2065.941
35.540,175.228,0.053,5,5334.125,2066.724
35.550,175.239,0.053,5,5334.478,2067.508
35.560,175.251,0.053,5,5334.831,2068.291
35.570,175.263,0.053,5,5335.184,2069.074
35.580,175.274,0.053,5,5335.536,2069.858
35.590,175.286,0.053,5,5335.888,2070.641
35.600,175.297,0.053,5,5336.241,2071.425
35.610,175.309,0.053,5,5336.593,2072.209
35.620,175.320,0.053,5,5336.945,2072.992
35.630,175.332,0.053,5,5337.296,2073.776
35.640,175.343,0.053,5,5337.648,2074.560
35.650,175.355,0.053,5,5337.999,2075.344
35.660,175.367,0.053,5,5338.351,2076.128
35.670,175.378,0.053,5,5338.702,2076.912
35.680,175.390,0.053,5,5339.053,2077.696
35.690,175.401,0.052,5,5339.404,2078.480
35.700,175.413,0.052,5,5339.754,2079.264
35.710,175.424,0.052,5,5340.105,2080.048
35.720,175.436,0.052,5,5340.455,2080.833
35.730,175.447,0.052,5,5340.805,2081.617
35.740,175.459,0.052,5,5341.155,2082.401
35.750,175.470,0.052,5,5341.505,2083.186
35.760,175.482,0.052,5,5341.855,2083.970
35.770,175.493,0.052,5,5342.205,2084.755
35.780,175.505,0.052,5,5342.554,2085.539
35.790,175.516,0.052,5,5342.904,2086.324
35.800,175.528,0.052,5,5343.253,2087.108
35.810,175.539,0.052,5,5343.602,2087.893
35.820,175.551,0.052,5,5343.951,2088.678
35.830,175.562,0.052,5,5344.299,2089.463
35.840,175.573,0.052,5,5344.648,2090.247
35.850,175.585,0.052,5,5344.996,2091.032
35.860,175.596,0.052,5,5345.345,2091.817
35.870,175.608,0.052,5,5345.693,2092.602
35.880,175.619,0.052,5,5346.041,2093.387
35.890,175.631,0.052,5,5346.388,2094.173
35.900,175.642,0.052,5,5346.736,2094.958
35.910,175.653,0.052,5,5347.084,2095.743
35.920,175.665,0.052,5,5347.431,2096.528
35.930,175.676,0.052,5,5347.778,2097.313
35.940,175.688,0.052,5,5348.125,2098.099
35.950,175.699,0.052,5,5348.472,2098.884
35.960,175.710,0.052,5,5348.819,2099.670
35.970,175.722,0.052,5,5349.165,2100.455
35.980,175.733,0.052,5,5349.512,2101.241
35.990,175.745,0.052,5,5349.858,2102.026
36.000,175.756,0.052,5,5350.204,2102.812
36.010,175.767,0.052,5,5350.550,2103.598
36.020,175.779,0.052,5,5350.896,2104.384
36.030,175.790,0.052,5,5351.242,2105.169
36.040,175.801,0.052,5,5351.587,2105.955
36.050,175.813,0.052,5,5351.933,2106.741
36.060,175.824,0.052,5,5352.278,2107.527
36.070,175.835,0.052,5,5352.623,2108.313
36.080,175.847,0.052,5,5352.968,2109.099
36.090,175.858,0.052,5,5353.313,2109.885
36.100,175.869,0.052,5,5353.657,2110.672
36.110,175.881,0.052,5,5354.002,2111.458
36.120,175.892,0.052,5,5354.346,2112.244
36.130,175.903,0.052,5,5354.690,2113.030
36.140,175.915,0.051,5,5355.034,2113.817
36.150,175.926,0.051,5,5355.378,2114.603
36.160,175.937,0.051,5,5355.722,2115.390
36.170,175.949,0.051,5,5356.066,2116.176
36.180,175.960,0.051,5,5356.409,2116.963
36.190,175.971,0.051,5,5356.752,2117.750
36.200,175.982,0.051,5,5357.096,2118.536
36.210,175.994,0.051,5,5357.439,2119.323
36.220,176.005,0.051,5,5357.781,2120.110
36.230,176.016,0.051,5,5358.124,2120.897
36.240,176.027,0.051,5,5358.467,2121.683
36.250,176.039,0.051,5,5358.809,2122.470
36.260,176.050,0.051,5,5359.151,2123.257
36.270,176.061,0.051,5,5359.493,2124.044
36.280,176.072,0.051,5,5359.835,2124.832
36.290,176.084,0.051,5,5360.177,2125.619
36.300,176.095,0.051,5,5360.519,2126.406
36.310,176.106,0.051,5,5360.860,2127.193
36.320,176.117,0.051,5,5361.202,2127.980
36.330,176.128,0.051,5,5361.543,2128.768
36.340,176.140,0.051,5,5361.884,2129.555
36.350,176.151,0.051,5,5362.225,2130.343
36.360,176.162,0.051,5,5362.566,2131.130
36.370,176.173,0.051,5,5362.906,2131.918
36.380,176.184,0.051,5,5363.247,2132.705
36.390,176.196,0.051,5,5363.587,2133.493
36.400,176.207,0.051,5,5363.927,2134.280
36.410,176.218,0.051,5,5364.267,2135.068
36.420,176.229,0.051,5,5364.607,2135.856
36.430,176.240,0.051,5,5364.947,2136.644
36.440,176.251,0.051,5,5365.286,2137.432
36.450,176.263,0.051,5,5365.626,2138.220
36.460,176.274,0.051,5,5365.965,2139.008
36.470,176.285,0.051,5,5366.304,2139.796
36.480,176.296,0.051,5,5366.643,2140.584
36.490,176.307,0.051,5,5366.982,2141.372
36.500,176.318,0.051,5,5367.321,2142.160
36.510,176.329,0.051,5,5367.659,2142.948
36.520,176.340,0.051,5,5367.998,2143.737
36.530,176.352,0.051,5,5368.336,2144.525
36.540,176.363,0.051,5,5368.674,2145.313
36.550,176.374,0.051,5,5369.012,2146.102
36.560,176.385,0.051,5,5369.350,2146.890
36.570,176.396,0.051,5,5369.688,2147.679
36.580,176.407,0.051,5,5370.025,2148.467
36.590,176.418,0.050,5,5370.362,2149.256
36.600,176.429,0.050,5,5370.700,2150.045
36.610,176.440,0.050,5,5371.037,2150.833
36.620,176.451,0.050,5,5371.374,2151.622
36.630,176.462,0.050,5,5371.710,2152.411
36.640,176.473,0.050,5,5372.047,2153.200
36.650,176.485,0.050,5,5372.384,2153.989
36.660,176.496,0.050,5,5372.720,2154.778
36.670,176.507,0.050,5,5373.056,2155.567
36.680,176.518,0.050,5,5373.392,2156.356
36.690,176.529,0.050,5,5373.728,2157.145
36.700,176.540,0.050,5,5374.064,2157.934
36.710,176.551,0.050,5,5374.399,2158.723
36.720,176.562,0.050,5,5374.735,2159.513
36.730,176.573,0.050,5,5375.070,2160.302
36.740,176.584,0.050,5,5375.405,2161.091
36.750,176.595,0.050,5,5375.740,2161.881
36.760,176.606,0.050,5,5376.075,2162.670
36.770,176.617,0.050,5,5376.410,2163.460
36.780,176.628,0.050,5,5376.745,2164.249
36.790,176.639,0.050,5,5377.079,2165.039
36.800,176.650,0.050,5,5377.413,2165.829
36.810,176.661,0.050,5,5377.747,2166.618
36.820,176.672,0.050,5,5378.081,2167.408
36.830,176.683,0.050,5,5378.415,2168.198
36.840,176.694,0.050,5,5378.749,2168.988
36.850,176.705,0.050,5,5379.083,2169.778
36.860,176.716,0.050,5,5379.416,2170.568
36.870,176.727,0.050,5,5379.749,2171.358
36.880,176.737,0.050,5,5380.082,2172.148
36.890,176.748,0.050,5,5380.415,2172.938
36.900,176.759,0.050,5,5380.748,2173.728
36.910,176.770,0.050,5,5381.081,2174.518
36.920,176.781,0.050,5,5381.413,2175.309
36.930,176.792,0.050,5,5381.746,2176.099
36.940,176.803,0.050,5,5382.078,2176.889
36.950,176.814,0.050,5,5382.410,2177.680
36.960,176.825,0.050,5,5382.742,2178.470
36.970,176.836,0.050,5,5383.074,2179.261
36.980,176.847,0.050,5,5383.406,2180.051
36.990,176.858,0.050,5,5383.737,2180.842
37.000,176.868,0.050,5,5384.069,2181.632
37.010,176.879,0.050,5,5384.400,2182.423
37.020,176.890,0.050,5,5384.731,2183.214
37.030,176.901,0.050,5,5385.062,2184.005
37.040,176.912,0.049,5,5385.393,2184.795
37.050,176.923,0.049,5,5385.723,2185.586
37.060,176.934,0.049,5,5386.054,2186.377
37.070,176.944,0.049,5,5386.384,2187.168
37.080,176.955,0.049,5,5386.714,2187.959
37.090,176.966,0.049,5,5387.045,2188.750
37.100,176.977,0.049,5,5387.374,2189.542
37.110,176.988,0.049,5,5387.704,2190.333
37.120,176.999,0.049,5,5388.034,2191.124
37.130,177.009,0.049,5,5388.363,2191.915
37.140,177.020,0.049,5,5388.693,2192.707
37.150,177.031,0.049,5,5389.022,2193.498
37.160,177.042,0.049,5,5389.351,2194.289
37.170,177.053,0.049,5,5389.680,2195.081
37.180,177.064,0.049,5,5390.009,2195.872
37.190,177.074,0.049,5,5390.337,2196.664
37.200,177.085,0.049,5,5390.666,2197.456
37.210,177.096,0.049,5,5390.994,2198.247
37.220,177.107,0.049,5,5391.323,2199.039
37.230,177.117,0.049,5,5391.651,2199.831
37.240,177.128,0.049,5,5391.979,2200.622
37.250,177.139,0.049,5,5392.306,2201.414
37.260,177.150,0.049,5,5392.634,2202.206
37.270,177.161,0.049,5,5392.961,2202.998
37.280,177.171,0.049,5,5393.289,2203.790
37.290,177.182,0.049,5,5393.616,2204.582
37.300,177.193,0.049,5,5393.943,2205.374
37.310,177.204,0.049,5,5394.270,2206.166
37.320,177.214,0.049,5,5394.597,2206.959
37.330,177.225,0.049,5,5394.923,2207.751
37.340,177.236,0.049,5,5395.250,2208.543
37.350,177.246,0.049,5,5395.576,2209.336
37.360,177.257,0.049,5,5395.902,2210.128
37.370,177.268,0.049,5,5396.228,2210.920
37.380,177.279,0.049,5,5396.554,2211.713
37.390,177.289,0.049,5,5396.880,2212.505
37.400,177.300,0.049,5,5397.206,2213.298
37.410,177.311,0.049,5,5397.531,2214.091
37.420,177.321,0.049,5,5397.857,2214.883
37.430,177.332,0.049,5,5398.182,2215.676
37.440,177.343,0.049,5,5398.507,2216.469
37.450,177.353,0.049,5,5398.832,2217.262
37.460,177.364,0.049,5,5399.157,2218.054
37.470,177.375,0.049,5,5399.481,2218.847
37.480,177.385,0.049,5,5399.806,2219.640
37.490,177.396,0.049,5,5400.130,2220.433
37.500,177.407,0.049,5,5400.454,2221.226
37.510,177.417,0.048,5,5400.778,2222.019
37.520,177.428,0.048,5,5401.102,2222.813
37.530,177.439,0.048,5,5401.426,2223.606
37.540,177.449,0.048,5,5401.750,2224.399
37.550,177.460,0.048,5,5402.073,2225.192
37.560,177.470,0.048,5,5402.397,2225.986
37.570,177.481,0.048,5,5402.720,2226.779
37.580,177.492,0.048,5,5403.043,2227.572
37.590,177.502,0.048,5,5403.366,2228.366
37.600,177.513,0.048,5,5403.689,2229.159
37.610,177.524,0.048,5,5404.011,2229.953
37.620,177.534,0.048,5,5404.334,2230.747
37.630,177.545,0.048,5,5404.656,2231.540
37.640,177.555,0.048,5,5404.978,2232.334
37.650,177.566,0.048,5,5405.300,2233.128
37.660,177.576,0.048,5,5405.622,2233.922
37.670,177.587,0.048,5,5405.944,2234.716
37.680,177.598,0.048,5,5406.266,2235.509
37.690,177.608,0.048,5,5406.587,2236.303
37.700,177.619,0.048,5,5406.909,2237.097
37.710,177.629,0.048,5,5407.230,2237.891
37.720,177.640,0.048,5,5407.551,2238.686
37.730,177.650,0.048,5,5407.872,2239.480
37.740,177.661,0.048,5,5408.193,2240.274
37.750,177.671,0.048,5,5408.514,2241.068
37.760,177.682,0.048,5,5408.834,2241.862
37.770,177.692,0.048,5,5409.154,2242.657
37.780,177.703,0.048,5,5409.475,2243.451
37.790,177.714,0.048,5,5409.795,2244.246
37.800,177.724,0.048,5,5410.115,2245.040
37.810,177.735,0.048,5,5410.435,2245.835
37.820,177.745,0.048,5,5410.754,2246.629
37.830,177.756,0.048,5,5411.074,2247.424
37.840,177.766,0.048,5,5411.393,2248.218
37.850,177.777,0.048,5,5411.713,2249.013
37.860,177.787,0.048,5,5412.032,2249.808
37.870,177.797,0.048,5,5412.351,2250.603
37.880,177.808,0.048,5,5412.669,2251.397
37.890,177.818,0.048,5,5412.988,2252.192
37.900,177.829,0.048,5,5413.307,2252.987
37.910,177.839,0.048,5,5413.625,2253.782
37.920,177.850,0.048,5,5413.943,2254.577
37.930,177.860,0.048,5,5414.262,2255.372
37.940,177.871,0.048,5,5414.580,2256.168
37.950,177.881,0.048,5,5414.898,2256.963
37.960,177.892,0.048,5,5415.215,2257.758
37.970,177.902,0.048,5,5415.533,2258.553
37.980,177.912,0.048,5,5415.850,2259.349
37.990,177.923,0.047,5,5416.168,2260.144
38.000,177.933,0.047,5,5416.485,2260.939
38.010,177.944,0.047,5,5416.802,2261.735
38.020,177.954,0.047,5,5417.119,2262.530
38.030,177.965,0.047,5,5417.435,2263.326
38.040,177.975,0.047,5,5417.752,2264.121
38.050,177.985,0.047,5,5418.069,2264.917
38.060,177.996,0.047,5,5418.385,2265.713
38.070,178.006,0.047,5,5418.701,2266.508
38.080,178.016,0.047,5,5419.017,2267.304
38.090,178.027,0.047,5,5419.333,2268.100
38.100,178.037,0.047,5,5419.649,2268.896
38.110,178.048,0.047,5,5419.964,2269.692
38.120,178.058,0.047,5,5420.280,2270.488
38.130,178.068,0.047,5,5420.595,2271.284
38.140,178.079,0.047,5,5420.911,2272.080
38.150,178.089,0.047,5,5421.226,2272.876
38.160,178.099,0.047,5,5421.541,2273.672
38.170,178.110,0.047,5,5421.855,2274.468
38.180,178.120,0.047,5,5422.170,2275.265
38.190,178.130,0.047,5,5422.485,2276.061
38.200,178.141,0.047,5,5422.799,2276.857
38.210,178.151,0.047,5,5423.113,2277.654
38.220,178.161,0.047,5,5423.427,2278.450
38.230,178.172,0.047,5,5423.741,2279.246
38.240,178.182,0.047,5,5424.055,2280.043
38.250,178.192,0.047,5,5424.369,2280.840
38.260,178.203,0.047,5,5424.682,2281.636
38.270,178.213,0.047,5,5424.996,2282.433
38.280,178.223,0.047,5,5425.309,2283.230
38.290,178.233,0.047,5,5425.622,2284.026
38.300,178.244,0.047,5,5425.935,2284.823
38.310,178.254,0.047,5,5426.248,2285.620
38.320,178.264,0.047,5,5426.561,2286.417
38.330,178.275,0.047,5,5426.873,2287.214
38.340,178.285,0.047,5,5427.186,2288.011
38.350,178.295,0.047,5,5427.498,2288.808
38.360,178.305,0.047,5,5427.810,2289.605
38.370,178.316,0.047,5,5428.122,2290.402
38.380,178.326,0.047,5,5428.434,2291.199
38.390,178.336,0.047,5,5428.746,2291.996
38.400,178.346,0.047,5,5429.058,2292.794
38.410,178.357,0.047,5,5429.369,2293.591
38.420,178.367,0.047,5,5429.681,2294.388
38.430,178.377,0.047,5,5429.992,2295.186
38.440,178.387,0.047,5,5430.303,2295.983
38.450,178.397,0.047,5,5430.614,2296.781
38.460,178.408,0.047,5,5430.925,2297.578
38.470,178.418,0.046,5,5431.235,2298.376
38.480,178.428,0.046,5,5431.546,2299.173
38.490,178.438,0.046,5,5431.856,2299.971
38.500,178.448,0.046,5,5432.167,2300.769
38.510,178.459,0.046,5,5432.477,2301.566
38.520,178.469,0.046,5,5432.787,2302.364
38.530,178.479,0.046,5,5433.097,2303.162
38.540,178.489,0.046,5,5433.406,2303.960
38.550,178.499,0.046,5,5433.716,2304.758
38.560,178.510,0.046,5,5434.025,2305.556
38.570,178.520,0.046,5,5434.335,2306.354
38.580,178.530,0.046,5,5434.644,2307.152
38.590,178.540,0.046,5,5434.953,2307.950
38.600,178.550,0.046,5,5435.262,2308.748
38.610,178.560,0.046,5,5435.570,2309.546
38.620,178.570,0.046,5,5435.879,2310.345
38.630,178.581,0.046,5,5436.188,2311.143
38.640,178.591,0.046,5,5436.496,2311.941
38.650,178.601,0.046,5,5436.804,2312.740
38.660,178.611,0.046,5,5437.112,2313.538
38.670,178.621,0.046,5,5437.420,2314.337
38.680,178.631,0.046,5,5437.728,2315.135
38.690,178.641,0.046,5,5438.036,2315.934
38.700,178.651,0.046,5,5438.343,2316.732
38.710,178.661,0.046,5,5438.651,2317.531
38.720,178.672,0.046,5,5438.958,2318.330
38.730,178.682,0.046,5,5439.265,2319.129
38.740,178.692,0.046,5,5439.572,2319.927
38.750,178.702,0.046,5,5439.879,2320.726
38.760,178.712,0.046,5,5440.186,2321.525
38.770,178.722,0.046,5,5440.492,2322.324
38.780,178.732,0.046,5,5440.799,2323.123
38.790,178.742,0.046,5,5441.105,2323.922
38.800,178.752,0.046,5,5441.411,2324.721
38.810,178.762,0.046,5,5441.717,2325.520
38.820,178.772,0.046,5,5442.023,2326.319
38.830,178.782,0.046,5,5442.329,2327.119
38.840,178.792,0.046,5,5442.634,2327.918
38.850,178.802,0.046,5,5442.940,2328.717
38.860,178.812,0.046,5,5443.245,2329.516
38.870,178.822,0.046,5,5443.551,2330.316
38.880,178.832,0.046,5,5443.856,2331.115
38.890,178.842,0.046,5,5444.161,2331.915
38.900,178.852,0.046,5,5444.465,2332.714
38.910,178.862,0.046,5,5444.770,2333.514
38.920,178.872,0.046,5,5445.075,2334.313
38.930,178.882,0.046,5,5445.379,2335.113
38.940,178.892,0.046,5,5445.683,2335.913
38.950,178.902,0.046,5,5445.988,2336.713
38.960,178.912,0.045,5,5446.292,2337.512
38.970,178.922,0.045,5,5446.596,2338.312
38.980,178.932,0.045,5,5446.899,2339.112
38.990,178.942,0.045,5,5447.203,2339.912
39.000,178.952,0.045,5,5447.506,2340.712
39.010,178.962,0.045,5,5447.810,2341.512
39.020,178.972,0.045,5,5448.113,2342.312
39.030,178.982,0.045,5,5448.416,2343.112
39.040,178.992,0.045,5,5448.719,2343.912
39.050,179.002,0.045,5,5449.022,2344.712
39.060,179.012,0.045,5,5449.325,2345.513
39.070,179.022,0.045,5,5449.627,2346.313
39.080,179.032,0.045,5,5449.929,2347.113
39.090,179.042,0.045,5,5450.232,2347.914
39.100,179.052,0.045,5,5450.534,2348.714
39.110,179.062,0.045,5,5450.836,2349.514
39.120,179.072,0.045,5,5451.138,2350.315
39.130,179.082,0.045,5,5451.440,2351.115
39.140,179.091,0.045,5,5451.741,2351.916
39.150,179.101,0.045,5,5452.043,2352.717
39.160,179.111,0.045,5,5452.344,2353.517
39.170,179.121,0.045,5,5452.645,2354.318
39.180,179.131,0.045,5,5452.946,2355.119
39.190,179.141,0.045,5,5453.247,2355.920
39.200,179.151,0.045,5,5453.548,2356.721
39.210,179.161,0.045,5,5453.849,2357.521
39.220,179.171,0.045,5,5454.149,2358.322
39.230,179.180,0.045,5,5454.450,2359.123
39.240,179.190,0.045,5,5454.750,2359.924
39.250,179.200,0.045,5,5455.050,2360.725
39.260,179.210,0.045,5,5455.350,2361.527
39.270,179.220,0.045,5,5455.650,2362.328
39.280,179.230,0.045,5,5455.950,2363.129
39.290,179.240,0.045,5,5456.249,2363.930
39.300,179.249,0.045,5,5456.549,2364.731
39.310,179.259,0.045,5,5456.848,2365.533
39.320,179.269,0.045,5,5457.147,2366.334
39.330,179.279,0.045,5,5457.447,2367.136
39.340,179.289,0.045,5,5457.745,2367.937
39.350,179.299,0.045,5,5458.044,2368.739
39.360,179.308,0.045,5,5458.343,2369.540
39.370,179.318,0.045,5,5458.642,2370.342
39.380,179.328,0.045,5,5458.940,2371.143
39.390,179.338,0.045,5,5459.238,2371.945
39.400,179.348,0.045,5,5459.536,2372.747
39.410,179.357,0.045,5,5459.834,2373.549
39.420,179.367,0.045,5,5460.132,2374.350
39.430,179.377,0.045,5,5460.430,2375.152
39.440,179.387,0.045,5,5460.728,2375.954
39.450,179.396,0.045,5,5461.025,2376.756
39.460,179.406,0.044,5,5461.323,2377.558
39.470,179.416,0.044,5,5461.620,2378.360
39.480,179.426,0.044,5,5461.917,2379.162
39.490,179.436,0.044,5,5462.214,2379.964
39.500,179.445,0.044,5,5462.511,2380.767
39.510,179.455,0.044,5,5462.807,2381.569
39.520,179.465,0.044,5,5463.104,2382.371
39.530,179.474,0.044,5,5463.400,2383.173
39.540,179.484,0.044,5,5463.697,2383.976
39.550,179.494,0.044,5,5463.993,2384.778
39.560,179.504,0.044,5,5464.289,2385.580
39.570,179.513,0.044,5,5464.585,2386.383
39.580,179.523,0.044,5,5464.881,2387.185
39.590,179.533,0.044,5,5465.176,2387.988
39.600,179.543,0.044,5,5465.472,2388.791
39.610,179.552,0.044,5,5465.767,2389.593
39.620,179.562,0.044,5,5466.063,2390.396
39.630,179.572,0.044,5,5466.358,2391.199
39.640,179.581,0.044,5,5466.653,2392.001
39.650,179.591,0.044,5,5466.948,2392.804
39.660,179.601,0.044,5,5467.242,2393.607
39.670,179.610,0.044,5,5467.537,2394.410
39.680,179.620,0.044,5,5467.831,2395.213
39.690,179.630,0.044,5,5468.126,2396.016
39.700,179.639,0.044,5,5468.420,2396.819
39.710,179.649,0.044,5,5468.714,2397.622
39.720,179.659,0.044,5,5469.008,2398.425
39.730,179.668,0.044,5,5469.302,2399.228
39.740,179.678,0.044,5,5469.596,2400.032
39.750,179.688,0.044,5,5469.889,2400.835
39.760,179.697,0.044,5,5470.183,2401.638
39.770,179.707,0.044,5,5470.476,2402.442
39.780,179.717,0.044,5,5470.769,2403.245
39.790,179.726,0.044,5,5471.062,2404.048
39.800,179.736,0.044,5,5471.355,2404.852
39.810,179.745,0.044,5,5471.648,2405.655
39.820,179.755,0.044,5,5471.940,2406.459
39.830,179.765,0.044,5,5472.233,2407.262
39.840,179.774,0.044,5,5472.525,2408.066
39.850,179.784,0.044,5,5472.818,2408.870
39.860,179.793,0.044,5,5473.110,2409.674
39.870,179.803,0.044,5,5473.402,2410.477
39.880,179.813,0.044,5,5473.694,2411.281
39.890,179.822,0.044,5,5473.985,2412.085
39.900,179.832,0.044,5,5474.277,2412.889
39.910,179.841,0.044,5,5474.569,2413.693
39.920,179.851,0.044,5,5474.860,2414.497
39.930,179.860,0.044,5,5475.151,2415.301
39.940,179.870,0.044,5,5475.442,2416.105
39.950,179.880,0.044,5,5475.733,2416.909
39.960,179.889,0.044,5,5476.024,2417.713
39.970,179.899,0.043,5,5476.315,2418.517
39.980,179.908,0.043,5,5476.605,2419.322
39.990,179.918,0.043,5,5476.896,2420.126
40.000,179.927,0.043,5,5477.186,2420.930
40.010,179.937,0.043,5,5477.476,2421.735
40.020,179.946,0.043,5,5477.766,2422.539
40.030,179.956,0.043,5,5478.056,2423.343
40.040,179.965,0.043,5,5478.346,2424.148
40.050,179.975,0.043,5,5478.636,2424.952
40.060,179.984,0.043,5,5478.925,2425.757
40.070,179.994,0.043,5,5479.215,2426.562
40.080,180.003,0.043,5,5479.504,2427.366
40.090,180.013,0.043,5,5479.793,2428.171
40.100,180.022,0.043,5,5480.082,2428.976
40.110,180.032,0.043,5,5480.371,2429.781
40.120,180.041,0.043,5,5480.660,2430.585
40.130,180.051,0.043,5,5480.949,2431.390
40.140,180.060,0.043,5,5481.237,2432.195
40.150,180.070,0.043,5,5481.525,2433.000
40.160,180.079,0.043,5,5481.814,2433.805
40.170,180.089,0.043,5,5482.102,2434.610
40.180,180.098,0.043,5,5482.390,2435.415
40.190,180.108,0.043,5,5482.678,2436.220
40.200,180.117,0.043,5,5482.966,2437.026
40.210,180.127,0.043,5,5483.253,2437.831
40.220,180.136,0.043,5,5483.541,2438.636
40.230,180.146,0.043,5,5483.828,2439.441
40.240,180.155,0.043,5,5484.115,2440.247
40.250,180.164,0.043,5,5484.402,2441.052
40.260,180.174,0.043,5,5484.689,2441.858
40.270,180.183,0.043,5,5484.976,2442.663
40.280,180.193,0.043,5,5485.263,2443.468
40.290,180.202,0.043,5,5485.550,2444.274
40.300,180.211,0.043,5,5485.836,2445.080
40.310,180.221,0.043,5,5486.122,2445.885
40.320,180.230,0.043,5,5486.409,2446.691
40.330,180.240,0.043,5,5486.695,2447.497
40.340,180.249,0.043,5,5486.981,2448.302
40.350,180.258,0.043,5,5487.266,2449.108
40.360,180.268,0.043,5,5487.552,2449.914
40.370,180.277,0.043,5,5487.838,2450.720
40.380,180.287,0.043,5,5488.123,2451.526
40.390,180.296,0.043,5,5488.409,2452.332
40.400,180.305,0.043,5,5488.694,2453.138
40.410,180.315,0.043,5,5488.979,2453.944
40.420,180.324,0.043,5,5489.264,2454.750
40.430,180.333,0.043,5,5489.549,2455.556
40.440,180.343,0.043,5,5489.833,2456.362
40.450,180.352,0.043,5,5490.118,2457.169
40.460,180.362,0.043,5,5490.402,2457.975
40.470,180.371,0.043,5,5490.687,2458.781
40.480,180.380,0.043,5,5490.971,2459.588
40.490,180.390,0.043,5,5491.255,2460.394
40.500,180.399,0.042,5,5491.539,2461.200
40.510,180.408,0.042,5,5491.823,2462.007
40.520,180.417,0.042,5,5492.106,2462.813
40.530,180.427,0.042,5,5492.390,2463.620
40.540,180.436,0.042,5,5492.673,2464.427
40.550,180.445,0.042,5,5492.956,2465.233
40.560,180.455,0.042,5,5493.240,2466.040
40.570,180.464,0.042,5,5493.523,2466.847
40.580,180.473,0.042,5,5493.806,2467.653
40.590,180.483,0.042,5,5494.088,2468.460
40.600,180.492,0.042,5,5494.371,2469.267
40.610,180.501,0.042,5,5494.654,2470.074
40.620,180.510,0.042,5,5494.936,2470.881
40.630,180.520,0.042,5,5495.218,2471.688
40.640,180.529,0.042,5,5495.501,2472.495
40.650,180.538,0.042,5,5495.783,2473.302
40.660,180.548,0.042,5,5496.064,2474.109
40.670,180.557,0.042,5,5496.346,2474.916
40.680,180.566,0.042,5,5496.628,2475.723
40.690,180.575,0.042,5,5496.909,2476.530
40.700,180.585,0.042,5,5497.191,2477.338
40.710,180.594,0.042,5,5497.472,2478.145
40.720,180.603,0.042,5,5497.753,2478.952
40.730,180.612,0.042,5,5498.034,2479.760
40.740,180.621,0.042,5,5498.315,2480.567
40.750,180.631,0.042,5,5498.596,2481.375
40.760,180.640,0.042,5,5498.877,2482.182
40.770,180.649,0.042,5,5499.157,2482.990
40.780,180.658,0.042,5,5499.438,2483.797
40.790,180.668,0.042,5,5499.718,2484.605
40.800,180.677,0.042,5,5499.998,2485.413
40.810,180.686,0.042,5,5500.278,2486.220
40.820,180.695,0.042,5,5500.558,2487.028
40.830,180.704,0.042,5,5500.838,2487.836
40.840,180.713,0.042,5,5501.117,2488.644
40.850,180.723,0.042,5,5501.397,2489.452
40.860,180.732,0.042,5,5501.676,2490.260
40.870,180.741,0.042,5,5501.956,2491.068
40.880,180.750,0.042,5,5502.235,2491.876
40.890,180.759,0.042,5,5502.514,2492.684
40.900,180.769,0.042,5,5502.793,2493.492
40.910,180.778,0.042,5,5503.072,2494.300
40.920,180.787,0.042,5,5503.350,2495.108
40.930,180.796,0.042,5,5503.629,2495.916
40.940,180.805,0.042,5,5503.907,2496.724
40.950,180.814,0.042,5,5504.185,2497.533
40.960,180.823,0.042,5,5504.464,2498.341
40.970,180.833,0.042,5,5504.742,2499.149
40.980,180.842,0.042,5,5505.020,2499.958
40.990,180.851,0.042,5,5505.297,2500.766
41.000,180.860,0.042,5,5505.575,2501.575
41.010,180.869,0.042,5,5505.853,2502.383
41.020,180.878,0.042,5,5506.130,2503.192
41.030,180.887,0.041,5,5506.407,2504.000
41.040,180.896,0.041,5,5506.684,2504.809
41.050,180.905,0.041,5,5506.961,2505.618
41.060,180.915,0.041,5,5507.238,2506.427
41.070,180.924,0.041,5,5507.515,2507.235
41.080,180.933,0.041,5,5507.792,2508.044
41.090,180.942,0.041,5,5508.068,2508.853
41.100,180.951,0.041,5,5508.345,2509.662
41.110,180.960,0.041,5,5508.621,2510.471
41.120,180.969,0.041,5,5508.897,2511.280
41.130,180.978,0.041,5,5509.173,2512.089
41.140,180.987,0.041,5,5509.449,2512.898
41.150,180.996,0.041,5,5509.725,2513.707
41.160,181.005,0.041,5,5510.001,2514.516
41.170,181.014,0.041,5,5510.276,2515.325
41.180,181.023,0.041,5,5510.552,2516.135
41.190,181.032,0.041,5,5510.827,2516.944
41.200,181.042,0.041,5,5511.102,2517.753
41.210,181.051,0.041,5,5511.377,2518.563
41.220,181.060,0.041,5,5511.652,2519.372
41.230,181.069,0.041,5,5511.927,2520.181
41.240,181.078,0.041,5,5512.202,2520.991
41.250,181.087,0.041,5,5512.476,2521.800
41.260,181.096,0.041,5,5512.751,2522.610
41.270,181.105,0.041,5,5513.025,2523.419
41.280,181.114,0.041,5,5513.299,2524.229
41.290,181.123,0.041,5,5513.573,2525.039
41.300,181.132,0.041,5,5513.847,2525.848
41.310,181.141,0.041,5,5514.121,2526.658
41.320,181.150,0.041,5,5514.395,2527.468
41.330,181.159,0.041,5,5514.669,2528.278
41.340,181.168,0.041,5,5514.942,2529.088
41.350,181.177,0.041,5,5515.215,2529.898
41.360,181.186,0.041,5,5515.489,2530.708
41.370,181.195,0.041,5,5515.762,2531.518
41.380,181.204,0.041,5,5516.035,2532.328
41.390,181.213,0.041,5,5516.308,2533.138
41.400,181.221,0.041,5,5516.580,2533.948
41.410,181.230,0.041,5,5516.853,2534.758
41.420,181.239,0.041,5,5517.125,2535.568
41.430,181.248,0.041,5,5517.398,2536.378
41.440,181.257,0.041,5,5517.670,2537.189
41.450,181.266,0.041,5,5517.942,2537.999
41.460,181.275,0.041,5,5518.214,2538.809
41.470,181.284,0.041,5,5518.486,2539.620
41.480,181.293,0.041,5,5518.758,2540.430
41.490,181.302,0.041,5,5519.030,2541.241
41.500,181.311,0.041,5,5519.301,2542.051
41.510,181.320,0.041,5,5519.572,2542.862
41.520,181.329,0.041,5,5519.844,2543.672
41.530,181.338,0.041,5,5520.115,2544.483
41.540,181.346,0.041,5,5520.386,2545.294
41.550,181.355,0.041,5,5520.657,2546.104
41.560,181.364,0.041,5,5520.928,2546.915
41.570,181.373,0.041,5,5521.198,2547.726
41.580,181.382,0.040,5,5521.469,2548.537
41.590,181.391,0.040,5,5521.739,2549.347
41.600,181.400,0.040,5,5522.010,2550.158
41.610,181.409,0.040,5,5522.280,2550.969
41.620,181.418,0.040,5,5522.550,2551.780
41.630,181.426,0.040,5,5522.820,2552.591
41.640,181.435,0.040,5,5523.090,2553.402
41.650,181.444,0.040,5,5523.359,2554.214
41.660,181.453,0.040,5,5523.629,2555.025
41.670,181.462,0.040,5,5523.898,2555.836
41.680,181.471,0.040,5,5524.168,2556.647
41.690,181.480,0.040,5,5524.437,2557.458
41.700,181.488,0.040,5,5524.706,2558.270
41.710,181.497,0.040,5,5524.975,2559.081
41.720,181.506,0.040,5,5525.244,2559.892
41.730,181.515,0.040,5,5525.513,2560.704
41.740,181.524,0.040,5,5525.781,2561.515
41.750,181.533,0.040,5,5526.050,2562.327
41.760,181.541,0.040,5,5526.318,2563.138
41.770,181.550,0.040,5,5526.586,2563.950
41.780,181.559,0.040,5,5526.854,2564.762
41.790,181.568,0.040,5,5527.122,2565.573
41.800,181.577,0.040,5,5527.390,2566.385
41.810,181.585,0.040,5,5527.658,2567.197
41.820,181.594,0.040,5,5527.926,2568.008
41.830,181.603,0.040,5,5528.193,2568.820
41.840,181.612,0.040,5,5528.461,2569.632
41.850,181.621,0.040,5,5528.728,2570.444
41.860,181.629,0.040,5,5528.995,2571.256
41.870,181.638,0.040,5,5529.262,2572.068
41.880,181.647,0.040,5,5529.529,2572.880
41.890,181.656,0.040,5,5529.796,2573.692
41.900,181.664,0.040,5,5530.063,2574.504
41.910,181.673,0.040,5,5530.329,2575.316
41.920,181.682,0.040,5,5530.596,2576.128
41.930,181.691,0.040,5,5530.862,2576.941
41.940,181.699,0.040,5,5531.128,2577.753
41.950,181.708,0.040,5,5531.394,2578.565
41.960,181.717,0.040,5,5531.660,2579.377
41.970,181.726,0.040,5,5531.926,2580.190
41.980,181.734,0.040,5,5532.192,2581.002
41.990,181.743,0.040,5,5532.457,2581.815
42.000,181.752,0.040,5,5532.723,2582.627
42.010,181.760,0.040,5,5532.988,2583.440
42.020,181.769,0.040,5,5533.254,2584.252
42.030,181.778,0.040,5,5533.519,2585.065
42.040,181.787,0.040,5,5533.784,2585.877
42.050,181.795,0.040,5,5534.049,2586.690
42.060,181.804,0.040,5,5534.313,2587.503
42.070,181.813,0.040,5,5534.578,2588.316
42.080,181.821,0.040,5,5534.843,2589.128
42.090,181.830,0.040,5,5535.107,2589.941
42.100,181.839,0.040,5,5535.371,2590.754
42.110,181.847,0.040,5,5535.636,2591.567
42.120,181.856,0.040,5,5535.900,2592.380
42.130,181.865,0.039,5,5536.164,2593.193
42.140,181.873,0.039,5,5536.427,2594.006
42.150,181.882,0.039,5,5536.691,2594.819
42.160,181.891,0.039,5,5536.955,2595.632
42.170,181.899,0.039,5,5537.218,2596.445
42.180,181.908,0.039,5,5537.482,2597.258
42.190,181.917,0.039,5,5537.745,2598.072
42.200,181.925,0.039,5,5538.008,2598.885
42.210,181.934,0.039,5,5538.271,2599.698
42.220,181.943,0.039,5,5538.534,2600.512
42.230,181.951,0.039,5,5538.797,2601.325
42.240,181.960,0.039,5,5539.059,2602.138
42.250,181.969,0.039,5,5539.322,2602.952
42.260,181.977,0.039,5,5539.584,2603.765
42.270,181.986,0.039,5,5539.847,2604.579
42.280,181.994,0.039,5,5540.109,2605.392
42.290,182.003,0.039,5,5540.371,2606.206
42.300,182.012,0.039,5,5540.633,2607.020
42.310,182.020,0.039,5,5540.895,2607.833
42.320,182.029,0.039,5,5541.156,2608.647
42.330,182.037,0.039,5,5541.418,2609.461
42.340,182.046,0.039,5,5541.679,2610.275
42.350,182.055,0.039,5,5541.941,2611.088
42.360,182.063,0.039,5,5542.202,2611.902
42.370,182.072,0.039,5,5542.463,2612.716
42.380,182.080,0.039,5,5542.724,2613.530
42.390,182.089,0.039,5,5542.985,2614.344
42.400,182.097,0.039,5,5543.246,2615.158
42.410,182.106,0.039,5,5543.506,2615.972
42.420,182.115,0.039,5,5543.767,2616.786
42.430,182.123,0.039,5,5544.027,2617.600
42.440,182.132,0.039,5,5544.288,2618.415
42.450,182.140,0.039,5,5544.548,2619.229
42.460,182.149,0.039,5,5544.808,2620.043
42.470,182.157,0.039,5,5545.068,2620.857
42.480,182.166,0.039,5,5545.328,2621.672
42.490,182.174,0.039,5,5545.587,2622.486
42.500,182.183,0.039,5,5545.847,2623.301
42.510,182.191,0.039,5,5546.106,2624.115
42.520,182.200,0.039,5,5546.366,2624.929
42.530,182.208,0.039,5,5546.625,2625.744
42.540,182.217,0.039,5,5546.884,2626.559
42.550,182.225,0.039,5,5547.143,2627.373
42.560,182.234,0.039,5,5547.402,2628.188
42.570,182.242,0.039,5,5547.661,2629.002
42.580,182.251,0.039,5,5547.919,2629.817
42.590,182.259,0.039,5,5548.178,2630.632
42.600,182.268,0.039,5,5548.436,2631.447
42.610,182.276,0.039,5,5548.695,2632.262
42.620,182.285,0.039,5,5548.953,2633.076
42.630,182.293,0.039,5,5549.211,2633.891
42.640,182.302,0.039,5,5549.469,2634.706
42.650,182.310,0.039,5,5549.727,2635.521
42.660,182.319,0.039,5,5549.985,2636.336
42.670,182.327,0.039,5,5550.242,2637.151
42.680,182.336,0.039,5,5550.500,2637.966
42.690,182.344,0.039,5,5550.757,2638.782
42.700,182.353,0.038,5,5551.014,2639.597
42.710,182.361,0.038,5,5551.271,2640.412
42.720,182.370,0.038,5,5551.528,2641.227
42.730,182.378,0.038,5,5551.785,2642.042
42.740,182.386,0.038,5,5552.042,2642.858
42.750,182.395,0.038,5,5552.299,2643.673
42.760,182.403,0.038,5,5552.555,2644.489
42.770,182.412,0.038,5,5552.812,2645.304
42.780,182.420,0.038,5,5553.068,2646.119
42.790,182.429,0.038,5,5553.324,2646.935
42.800,182.437,0.038,5,5553.581,2647.750
42.810,182.445,0.038,5,5553.837,2648.566
42.820,182.454,0.038,5,5554.092,2649.382
42.830,182.462,0.038,5,5554.348,2650.197
42.840,182.471,0.038,5,5554.604,2651.013
42.850,182.479,0.038,5,5554.859,2651.829
42.860,182.487,0.038,5,5555.115,2652.645
42.870,182.496,0.038,5,5555.370,2653.460
42.880,182.504,0.038,5,5555.625,2654.276
42.890,182.512,0.038,5,5555.880,2655.092
42.900,182.521,0.038,5,5556.135,2655.908
42.910,182.529,0.038,5,5556.390,2656.724
42.920,182.538,0.038,5,5556.645,2657.540
42.930,182.546,0.038,5,5556.900,2658.356
42.940,182.554,0.038,5,5557.154,2659.172
42.950,182.563,0.038,5,5557.408,2659.988
42.960,182.571,0.038,5,5557.663,2660.804
42.970,182.579,0.038,5,5557.917,2661.620
42.980,182.588,0.038,5,5558.171,2662.437
42.990,182.596,0.038,5,5558.425,2663.253
43.000,182.604,0.038,5,5558.679,2664.069
43.010,182.613,0.038,5,5558.932,2664.886
43.020,182.621,0.038,5,5559.186,2665.702
43.030,182.629,0.038,5,5559.439,2666.518
43.040,182.638,0.038,5,5559.693,2667.335
43.050,182.646,0.038,5,5559.946,2668.151
43.060,182.654,0.038,5,5560.199,2668.968
43.070,182.663,0.038,5,5560.452,2669.784
43.080,182.671,0.038,5,5560.705,2670.601
43.090,182.679,0.038,5,5560.958,2671.418
43.100,182.688,0.038,5,5561.210,2672.234
43.110,182.696,0.038,5,5561.463,2673.051
43.120,182.704,0.038,5,5561.715,2673.868
43.130,182.712,0.038,5,5561.968,2674.684
43.140,182.721,0.038,5,5562.220,2675.501
43.150,182.729,0.038,5,5562.472,2676.318
43.160,182.737,0.038,5,5562.724,2677.135
43.170,182.746,0.038,5,5562.976,2677.952
43.180,182.754,0.038,5,5563.228,2678.769
43.190,182.762,0.038,5,5563.479,2679.586
43.200,182.770,0.038,5,5563.731,2680.403
43.210,182.779,0.038,5,5563.982,2681.220
43.220,182.787,0.038,5,5564.234,2682.037
43.230,182.795,0.038,5,5564.485,2682.854
43.240,182.803,0.038,5,5564.736,2683.671
43.250,182.812,0.038,5,5564.987,2684.489
43.260,182.820,0.038,5,5565.238,2685.306
43.270,182.828,0.038,5,5565.488,2686.123
43.280,182.836,0.038,5,5565.739,2686.941
43.290,182.845,0.037,5,5565.989,2687.758
43.300,182.853,0.037,5,5566.240,2688.575
43.310,182.861,0.037,5,5566.490,2689.393
43.320,182.869,0.037,5,5566.740,2690.210
43.330,182.877,0.037,5,5566.990,2691.028
43.340,182.886,0.037,5,5567.240,2691.845
43.350,182.894,0.037,5,5567.490,2692.663
43.360,182.902,0.037,5,5567.740,2693.481
43.370,182.910,0.037,5,5567.989,2694.298
43.380,182.918,0.037,5,5568.239,2695.116
43.390,182.927,0.037,5,5568.488,2695.934
43.400,182.935,0.037,5,5568.738,2696.751
43.410,182.943,0.037,5,5568.987,2697.569
43.420,182.951,0.037,5,5569.236,2698.387
43.430,182.959,0.037,5,5569.485,2699.205
43.440,182.968,0.037,5,5569.733,2700.023
43.450,182.976,0.037,5,5569.982,2700.841
43.460,182.984,0.037,5,5570.231,2701.659
43.470,182.992,0.037,5,5570.479,2702.477
43.480,183.000,0.037,5,5570.728,2703.295
43.490,183.008,0.037,5,5570.976,2704.113
43.500,183.017,0.037,5,5571.224,2704.931
43.510,183.025,0.037,5,5571.472,2705.749
43.520,183.033,0.037,5,5571.720,2706.568
43.530,183.041,0.037,5,5571.968,2707.386
43.540,183.049,0.037,5,5572.215,2708.204
43.550,183.057,0.037,5,5572.463,2709.022
43.560,183.065,0.037,5,5572.711,2709.841
43.570,183.073,0.037,5,5572.958,2710.659
43.580,183.082,0.037,5,5573.205,2711.478
43.590,183.090,0.037,5,5573.452,2712.296
43.600,183.098,0.037,5,5573.699,2713.115
43.610,183.106,0.037,5,5573.946,2713.933
43.620,183.114,0.037,5,5574.193,2714.752
43.630,183.122,0.037,5,5574.440,2715.570
43.640,183.130,0.037,5,5574.686,2716.389
43.650,183.138,0.037,5,5574.933,2717.208
43.660,183.146,0.037,5,5575.179,2718.026
43.670,183.155,0.037,5,5575.425,2718.845
43.680,183.163,0.037,5,5575.671,2719.664
43.690,183.171,0.037,5,5575.917,2720.483
43.700,183.179,0.037,5,5576.163,2721.302
43.710,183.187,0.037,5,5576.409,2722.120
43.720,183.195,0.037,5,5576.655,2722.939
43.730,183.203,0.037,5,5576.900,2723.758
43.740,183.211,0.037,5,5577.146,2724.577
43.750,183.219,0.037,5,5577.391,2725.396
43.760,183.227,0.037,5,5577.636,2726.215
43.770,183.235,0.037,5,5577.882,2727.035
43.780,183.243,0.037,5,5578.127,2727.854
43.790,183.251,0.037,5,5578.371,2728.673
43.800,183.259,0.037,5,5578.616,2729.492
43.810,183.267,0.037,5,5578.861,2730.311
43.820,183.275,0.037,5,5579.106,2731.131
43.830,183.283,0.037,5,5579.350,2731.950
43.840,183.291,0.037,5,5579.594,2732.769
43.850,183.300,0.037,5,5579.839,2733.589
43.860,183.308,0.037,5,5580.083,2734.408
43.870,183.316,0.037,5,5580.327,2735.228
43.880,183.324,0.036,5,5580.571,2736.047
43.890,183.332,0.036,5,5580.814,2736.867
43.900,183.340,0.036,5,5581.058,2737.686
43.910,183.348,0.036,5,5581.302,2738.506
43.920,183.356,0.036,5,5581.545,2739.326
43.930,183.364,0.036,5,5581.789,2740.145
43.940,183.372,0.036,5,5582.032,2740.965
43.950,183.380,0.036,5,5582.275,2741.785
43.960,183.388,0.036,5,5582.518,2742.605
43.970,183.396,0.036,5,5582.761,2743.424
43.980,183.403,0.036,5,5583.004,2744.244
43.990,183.411,0.036,5,5583.246,2745.064
44.000,183.419,0.036,5,5583.489,2745.884
44.010,183.427,0.036,5,5583.731,2746.704
44.020,183.435,0.036,5,5583.974,2747.524
44.030,183.443,0.036,5,5584.216,2748.344
44.040,183.451,0.036,5,5584.458,2749.164
44.050,183.459,0.036,5,5584.700,2749.984
44.060,183.467,0.036,5,5584.942,2750.805
44.070,183.475,0.036,5,5585.184,2751.625
44.080,183.483,0.036,5,5585.426,2752.445
44.090,183.491,0.036,5,5585.667,2753.265
44.100,183.499,0.036,5,5585.909,2754.085
44.110,183.507,0.036,5,5586.150,2754.906
44.120,183.515,0.036,5,5586.391,2755.726
44.130,183.523,0.036,5,5586.633,2756.547
44.140,183.531,0.036,5,5586.874,2757.367
44.150,183.539,0.036,5,5587.115,2758.187
44.160,183.546,0.036,5,5587.355,2759.008
44.170,183.554,0.036,5,5587.596,2759.829
44.180,183.562,0.036,5,5587.837,2760.649
44.190,183.570,0.036,5,5588.077,2761.470
44.200,183.578,0.036,5,5588.318,2762.290
44.210,183.586,0.036,5,5588.558,2763.111
44.220,183.594,0.036,5,5588.798,2763.932
44.230,183.602,0.036,5,5589.038,2764.753
44.240,183.610,0.036,5,5589.278,2765.573
44.250,183.617,0.036,5,5589.518,2766.394
44.260,183.625,0.036,5,5589.758,2767.215
44.270,183.633,0.036,5,5589.997,2768.036
44.280,183.641,0.036,5,5590.237,2768.857
44.290,183.649,0.036,5,5590.476,2769.678
44.300,183.657,0.036,5,5590.716,2770.499
44.310,183.665,0.036,5,5590.955,2771.320
44.320,183.673,0.036,5,5591.194,2772.141
44.330,183.680,0.036,5,5591.433,2772.962
44.340,183.688,0.036,5,5591.672,2773.783
44.350,183.696,0.036,5,5591.911,2774.604
44.360,183.704,0.036,5,5592.149,2775.426
44.370,183.712,0.036,5,5592.388,2776.247
44.380,183.720,0.036,5,5592.626,2777.068
44.390,183.727,0.036,5,5592.864,2777.889
44.400,183.735,0.036,5,5593.103,2778.711
44.410,183.743,0.036,5,5593.341,2779.532
44.420,183.751,0.036,5,5593.579,2780.354
44.430,183.759,0.036,5,5593.817,2781.175
44.440,183.767,0.036,5,5594.055,2781.996
44.450,183.774,0.036,5,5594.292,2782.818
44.460,183.782,0.036,5,5594.530,2783.640
44.470,183.790,0.036,5,5594.767,2784.461
44.480,183.798,0.036,5,5595.005,2785.283
44.490,183.806,0.036,5,5595.242,2786.104
44.500,183.813,0.035,5,5595.479,2786.926
44.510,183.821,0.035,5,5595.716,2787.748
44.520,183.829,0.035,5,5595.953,2788.570
44.530,183.837,0.035,5,5596.190,2789.391
44.540,183.844,0.035,5,5596.427,2790.213
44.550,183.852,0.035,5,5596.663,2791.035
44.560,183.860,0.035,5,5596.900,2791.857
44.570,183.868,0.035,5,5597.136,2792.679
44.580,183.876,0.035,5,5597.372,2793.501
44.590,183.883,0.035,5,5597.608,2794.323
44.600,183.891,0.035,5,5597.845,2795.145
44.610,183.899,0.035,5,5598.080,2795.967
44.620,183.907,0.035,5,5598.316,2796.789
44.630,183.914,0.035,5,5598.552,2797.611
44.640,183.922,0.035,5,5598.788,2798.434
44.650,183.930,0.035,5,5599.023,2799.256
44.660,183.937,0.035,5,5599.259,2800.078
44.670,183.945,0.035,5,5599.494,2800.900
44.680,183.953,0.035,5,5599.729,2801.723
44.690,183.961,0.035,5,5599.964,2802.545
44.700,183.968,0.035,5,5600.199,2803.367
44.710,183.976,0.035,5,5600.434,2804.190
44.720,183.984,0.035,5,5600.669,2805.012
44.730,183.992,0.035,5,5600.904,2805.835
44.740,183.999,0.035,5,5601.138,2806.657
44.750,184.007,0.035,5,5601.373,2807.480
44.760,184.015,0.035,5,5601.607,2808.303
44.770,184.022,0.035,5,5601.841,2809.125
44.780,184.030,0.035,5,5602.075,2809.948
44.790,184.038,0.035,5,5602.310,2810.771
44.800,184.045,0.035,5,5602.543,2811.593
44.810,184.053,0.035,5,5602.777,2812.416
44.820,184.061,0.035,5,5603.011,2813.239
44.830,184.068,0.035,5,5603.245,2814.062
44.840,184.076,0.035,5,5603.478,2814.885
44.850,184.084,0.035,5,5603.712,2815.708
44.860,184.091,0.035,5,5603.945,2816.530
44.870,184.099,0.035,5,5604.178,2817.353
44.880,184.107,0.035,5,5604.411,2818.176
44.890,184.114,0.035,5,5604.644,2818.999
44.900,184.122,0.035,5,5604.877,2819.823
44.910,184.130,0.035,5,5605.110,2820.646
44.920,184.137,0.035,5,5605.342,2821.469
44.930,184.145,0.035,5,5605.575,2822.292
44.940,184.153,0.035,5,5605.807,2823.115
44.950,184.160,0.035,5,5606.040,2823.938
44.960,184.168,0.035,5,5606.272,2824.762
44.970,184.175,0.035,5,5606.504,2825.585
44.980,184.183,0.035,5,5606.736,2826.408
44.990,184.191,0.035,5,5606.968,2827.232
45.000,184.198,0.035,5,5607.200,2828.055
45.010,184.206,0.035,5,5607.432,2828.879
45.020,184.214,0.035,5,5607.663,2829.702
45.030,184.221,0.035,5,5607.895,2830.526
45.040,184.229,0.035,5,5608.126,2831.349
45.050,184.236,0.035,5,5608.357,2832.173
45.060,184.244,0.035,5,5608.588,2832.996
45.070,184.252,0.035,5,5608.820,2833.820
45.080,184.259,0.035,5,5609.051,2834.644
45.090,184.267,0.035,5,5609.281,2835.468
45.100,184.274,0.035,5,5609.512,2836.291
45.110,184.282,0.035,5,5609.743,2837.115
45.120,184.289,0.034,5,5609.973,2837.939
45.130,184.297,-0.006,5,5610.204,2838.763
45.140,184.296,-0.006,5,5610.166,2839.587
45.150,184.295,-0.006,5,5610.129,2840.411
45.160,184.293,-0.006,5,5610.091,2841.234
45.170,184.292,-0.006,5,5610.053,2842.058
45.180,184.291,-0.006,5,5610.016,2842.882
45.190,184.290,0.034,5,5609.978,2843.706
45.200,184.297,-0.006,5,5610.209,2844.530
45.210,184.296,-0.006,5,5610.171,2845.354
45.220,184.295,-0.006,5,5610.133,2846.178
45.230,184.293,-0.006,5,5610.096,2847.001
45.240,184.292,-0.006,5,5610.058,2847.825
45.250,184.291,-0.006,5,5610.021,2848.649
45.260,184.290,0.034,5,5609.983,2849.473
45.270,184.297,-0.006,5,5610.213,2850.297
45.280,184.296,-0.006,5,5610.176,2851.121
45.290,184.295,-0.006,5,5610.138,2851.945
45.300,184.294,-0.006,5,5610.101,2852.769
45.310,184.292,-0.006,5,5610.063,2853.592
45.320,184.291,-0.006,5,5610.025,2854.416
45.330,184.290,0.034,5,5609.988,2855.240
45.340,184.297,-0.006,5,5610.218,2856.064
45.350,184.296,-0.006,5,5610.181,2856.888
45.360,184.295,-0.006,5,5610.143,2857.712
45.370,184.294,-0.006,5,5610.105,2858.536
45.380,184.293,-0.006,5,5610.068,2859.359
45.390,184.291,-0.006,5,5610.030,2860.183
45.400,184.290,0.034,5,5609.993,2861.007
45.410,184.298,-0.006,5,5610.223,2861.831
45.420,184.296,-0.006,5,5610.185,2862.655
45.430,184.295,-0.006,5,5610.148,2863.479
45.440,184.294,-0.006,5,5610.110,2864.303
45.450,184.293,-0.006,5,5610.073,2865.127
45.460,184.291,-0.006,5,5610.035,2865.950
45.470,184.290,0.034,5,5609.997,2866.774
45.480,184.298,-0.006,5,5610.228,2867.598
45.490,184.297,-0.006,5,5610.190,2868.422
45.500,184.295,-0.006,5,5610.153,2869.246
45.510,184.294,-0.006,5,5610.115,2870.070
45.520,184.293,-0.006,5,5610.077,2870.894
45.530,184.292,-0.006,5,5610.040,2871.717
45.540,184.290,-0.006,5,5610.002,2872.541
45.550,184.289,0.034,5,5609.965,2873.365
45.560,184.297,-0.006,5,5610.195,2874.189
45.570,184.295,-0.006,5,5610.157,2875.013
45.580,184.294,-0.006,5,5610.120,2875.837
45.590,184.293,-0.006,5,5610.082,2876.661
45.600,184.292,-0.006,5,5610.045,2877.484
45.610,184.291,-0.006,5,5610.007,2878.308
45.620,184.289,0.034,5,5609.969,2879.132
45.630,184.297,-0.006,5,5610.200,2879.956
45.640,184.296,-0.006,5,5610.162,2880.780
45.650,184.294,-0.006,5,5610.125,2881.604
45.660,184.293,-0.006,5,5610.087,2882.428
45.670,184.292,-0.006,5,5610.049,2883.252
45.680,184.291,-0.006,5,5610.012,2884.075
45.690,184.289,0.034,5,5609.974,2884.899
45.700,184.297,-0.006,5,5610.205,2885.723
45.710,184.296,-0.006,5,5610.167,2886.547
45.720,184.295,-0.006,5,5610.129,2887.371
45.730,184.293,-0.006,5,5610.092,2888.195
45.740,184.292,-0.006,5,5610.054,2889.019
45.750,184.291,-0.006,5,5610.017,2889.842
45.760,184.290,0.034,5,5609.979,2890.666
45.770,184.297,-0.006,5,5610.210,2891.490
45.780,184.296,-0.006,5,5610.172,2892.314
45.790,184.295,-0.006,5,5610.134,2893.138
45.800,184.294,-0.006,5,5610.097,2893.962
45.810,184.292,-0.006,5,5610.059,2894.786
45.820,184.291,-0.006,5,5610.022,2895.609
45.830,184.290,0.034,5,5609.984,2896.433
45.840,184.297,-0.006,5,5610.214,2897.257
45.850,184.296,-0.006,5,5610.177,2898.081
45.860,184.295,-0.006,5,5610.139,2898.905
45.870,184.294,-0.006,5,5610.102,2899.729
45.880,184.292,-0.006,5,5610.064,2900.553
45.890,184.291,-0.006,5,5610.026,2901.377
45.900,184.290,0.034,5,5609.989,2902.200
45.910,184.298,-0.006,5,5610.219,2903.024
45.920,184.296,-0.006,5,5610.182,2903.848
45.930,184.295,-0.006,5,5610.144,2904.672
45.940,184.294,-0.006,5,5610.106,2905.496
45.950,184.293,-0.006,5,5610.069,2906.320
45.960,184.291,-0.006,5,5610.031,2907.144
45.970,184.290,0.034,5,5609.994,2907.967
45.980,184.298,-0.006,5,5610.224,2908.791
45.990,184.296,-0.006,5,5610.186,2909.615
46.000,184.295,-0.006,5,5610.149,2910.439
46.010,184.294,-0.006,5,5610.111,2911.263
46.020,184.293,-0.006,5,5610.074,2912.087
46.030,184.292,-0.006,5,5610.036,2912.911
46.040,184.290,0.034,5,5609.998,2913.734
46.050,184.298,-0.006,5,5610.229,2914.558
46.060,184.297,-0.006,5,5610.191,2915.382
46.070,184.295,-0.006,5,5610.153,2916.206
46.080,184.294,-0.006,5,5610.116,2917.030
46.090,184.293,-0.006,5,5610.078,2917.854
46.100,184.292,-0.006,5,5610.041,2918.678
46.110,184.290,-0.006,5,5610.003,2919.502
46.120,184.289,0.034,5,5609.966,2920.325
46.130,184.297,-0.006,5,5610.196,2921.149
46.140,184.296,-0.006,5,5610.158,2921.973
46.150,184.294,-0.006,5,5610.121,2922.797
46.160,184.293,-0.006,5,5610.083,2923.621
46.170,184.292,-0.006,5,5610.046,2924.445
46.180,184.291,-0.006,5,5610.008,2925.269
46.190,184.289,0.034,5,5609.970,2926.092
46.200,184.297,-0.006,5,5610.201,2926.916
46.210,184.296,-0.006,5,5610.163,2927.740
46.220,184.294,-0.006,5,5610.126,2928.564
46.230,184.293,-0.006,5,5610.088,2929.388
46.240,184.292,-0.006,5,5610.050,2930.212
46.250,184.291,-0.006,5,5610.013,2931.036
46.260,184.290,0.034,5,5609.975,2931.859
46.270,184.297,-0.006,5,5610.206,2932.683
46.280,184.296,-0.006,5,5610.168,2933.507
46.290,184.295,-0.006,5,5610.130,2934.331
46.300,184.293,-0.006,5,5610.093,2935.155
46.310,184.292,-0.006,5,5610.055,2935.979
46.320,184.291,-0.006,5,5610.018,2936.803
46.330,184.290,0.034,5,5609.980,2937.627
46.340,184.297,-0.006,5,5610.211,2938.450
46.350,184.296,-0.006,5,5610.173,2939.274
46.360,184.295,-0.006,5,5610.135,2940.098
46.370,184.294,-0.006,5,5610.098,2940.922
46.380,184.292,-0.006,5,5610.060,2941.746
46.390,184.291,-0.006,5,5610.022,2942.570
46.400,184.290,0.034,5,5609.985,2943.394
46.410,184.297,-0.006,5,5610.215,2944.217
46.420,184.296,-0.006,5,5610.178,2945.041
46.430,184.295,-0.006,5,5610.140,2945.865
46.440,184.294,-0.006,5,5610.102,2946.689
46.450,184.292,-0.006,5,5610.065,2947.513
46.460,184.291,-0.006,5,5610.027,2948.337
46.470,184.290,0.034,5,5609.990,2949.161
46.480,184.298,-0.006,5,5610.220,2949.985
46.490,184.296,-0.006,5,5610.183,2950.808
46.500,184.295,-0.006,5,5610.145,2951.632
46.510,184.294,-0.006,5,5610.107,2952.456
46.520,184.293,-0.006,5,5610.070,2953.280
46.530,184.291,-0.006,5,5610.032,2954.104
46.540,184.290,0.034,5,5609.995,2954.928
46.550,184.298,-0.006,5,5610.225,2955.752
46.560,184.296,-0.006,5,5610.187,2956.575
46.570,184.295,-0.006,5,5610.150,2957.399
46.580,184.294,-0.006,5,5610.112,2958.223
46.590,184.293,-0.006,5,5610.074,2959.047
46.600,184.292,-0.006,5,5610.037,2959.871
46.610,184.290,0.034,5,5609.999,2960.695
46.620,184.298,-0.006,5,5610.230,2961.519
46.630,184.297,-0.006,5,5610.192,2962.343
46.640,184.295,-0.006,5,5610.154,2963.166
46.650,184.294,-0.006,5,5610.117,2963.990
46.660,184.293,-0.006,5,5610.079,2964.814
46.670,184.292,-0.006,5,5610.042,2965.638
46.680,184.290,-0.006,5,5610.004,2966.462
46.690,184.289,0.034,5,5609.967,2967.286
46.700,184.297,-0.006,5,5610.197,2968.110
46.710,184.296,-0.006,5,5610.159,2968.933
46.720,184.294,-0.006,5,5610.122,2969.757
46.730,184.293,-0.006,5,5610.084,2970.581
46.740,184.292,-0.006,5,5610.046,2971.405
46.750,184.291,-0.006,5,5610.009,2972.229
46.760,184.289,0.034,5,5609.971,2973.053
46.770,184.297,-0.006,5,5610.202,2973.877
46.780,184.296,-0.006,5,5610.164,2974.700
46.790,184.294,-0.006,5,5610.127,2975.524
46.800,184.293,-0.006,5,5610.089,2976.348
46.810,184.292,-0.006,5,5610.051,2977.172
46.820,184.291,-0.006,5,5610.014,2977.996
46.830,184.290,0.034,5,5609.976,2978.820
46.840,184.297,-0.006,5,5610.207,2979.644
46.850,184.296,-0.006,5,5610.169,2980.468
46.860,184.295,-0.006,5,5610.131,2981.291
46.870,184.293,-0.006,5,5610.094,2982.115
46.880,184.292,-0.006,5,5610.056,2982.939
46.890,184.291,-0.006,5,5610.019,2983.763
46.900,184.290,0.034,5,5609.981,2984.587
46.910,184.297,-0.006,5,5610.211,2985.411
46.920,184.296,-0.006,5,5610.174,2986.235
46.930,184.295,-0.006,5,5610.136,2987.058
46.940,184.294,-0.006,5,5610.099,2987.882
46.950,184.292,-0.006,5,5610.061,2988.706
46.960,184.291,-0.006,5,5610.023,2989.530
46.970,184.290,0.034,5,5609.986,2990.354
46.980,184.297,-0.006,5,5610.216,2991.178
46.990,184.296,-0.006,5,5610.179,2992.002
47.000,184.295,-0.006,5,5610.141,2992.825
47.010,184.294,-0.006,5,5610.103,2993.649
47.020,184.292,-0.006,5,5610.066,2994.473
47.030,184.291,-0.006,5,5610.028,2995.297
47.040,184.290,0.034,5,5609.991,2996.121
47.050,184.298,-0.006,5,5610.221,2996.945
47.060,184.296,-0.006,5,5610.183,2997.769
47.070,184.295,-0.006,5,5610.146,2998.593
47.080,184.294,-0.006,5,5610.108,2999.416
47.090,184.293,-0.006,5,5610.071,3000.240
47.100,184.291,-0.006,5,5610.033,3001.064
47.110,184.290,0.034,5,5609.995,3001.888
47.120,184.298,-0.006,5,5610.226,3002.712
47.130,184.297,-0.006,5,5610.188,3003.536
47.140,184.295,-0.006,5,5610.151,3004.360
47.150,184.294,-0.006,5,5610.113,3005.183
47.160,184.293,-0.006,5,5610.075,3006.007
47.170,184.292,-0.006,5,5610.038,3006.831
47.180,184.290,-0.006,5,5610.000,3007.655
47.190,184.289,0.034,5,5609.963,3008.479
47.200,184.297,-0.006,5,5610.193,3009.303
47.210,184.295,-0.006,5,5610.155,3010.127
47.220,184.294,-0.006,5,5610.118,3010.951
47.230,184.293,-0.006,5,5610.080,3011.774
47.240,184.292,-0.006,5,5610.043,3012.598
47.250,184.290,-0.006,5,5610.005,3013.422
47.260,184.289,0.034,5,5609.968,3014.246
47.270,184.297,-0.006,5,5610.198,3015.070
47.280,184.296,-0.006,5,5610.160,3015.894
47.290,184.294,-0.006,5,5610.123,3016.718
47.300,184.293,-0.006,5,5610.085,3017.541
47.310,184.292,-0.006,5,5610.048,3018.365
47.320,184.291,-0.006,5,5610.010,3019.189
47.330,184.289,0.034,5,5609.972,3020.013
47.340,184.297,-0.006,5,5610.203,3020.837
47.350,184.296,-0.006,5,5610.165,3021.661
47.360,184.295,-0.006,5,5610.128,3022.485
47.370,184.293,-0.006,5,5610.090,3023.308
47.380,184.292,-0.006,5,5610.052,3024.132
47.390,184.291,-0.006,5,5610.015,3024.956
47.400,184.290,0.034,5,5609.977,3025.780
47.410,184.297,-0.006,5,5610.208,3026.604
47.420,184.296,-0.006,5,5610.170,3027.428
47.430,184.295,-0.006,5,5610.132,3028.252
47.440,184.293,-0.006,5,5610.095,3029.075
47.450,184.292,-0.006,5,5610.057,3029.899
47.460,184.291,-0.006,5,5610.020,3030.723
47.470,184.290,0.034,5,5609.982,3031.547
47.480,184.297,-0.006,5,5610.213,3032.371
47.490,184.296,-0.006,5,5610.175,3033.195
47.500,184.295,-0.006,5,5610.137,3034.019
47.510,184.294,-0.006,5,5610.100,3034.843
47.520,184.292,-0.006,5,5610.062,3035.666
47.530,184.291,-0.006,5,5610.024,3036.490
47.540,184.290,0.034,5,5609.987,3037.314
47.550,184.297,-0.006,5,5610.217,3038.138
47.560,184.296,-0.006,5,5610.180,3038.962
47.570,184.295,-0.006,5,5610.142,3039.786
47.580,184.294,-0.006,5,5610.104,3040.610
47.590,184.293,-0.006,5,5610.067,3041.433
47.600,184.291,-0.006,5,5610.029,3042.257
47.610,184.290,0.034,5,5609.992,3043.081
47.620,184.298,-0.006,5,5610.222,3043.905
47.630,184.296,-0.006,5,5610.184,3044.729
47.640,184.295,-0.006,5,5610.147,3045.553
47.650,184.294,-0.006,5,5610.109,3046.377
47.660,184.293,-0.006,5,5610.072,3047.201
47.670,184.291,-0.006,5,5610.034,3048.024
47.680,184.290,0.034,5,5609.996,3048.848
47.690,184.298,-0.006,5,5610.227,3049.672
47.700,184.297,-0.006,5,5610.189,3050.496
47.710,184.295,-0.006,5,5610.152,3051.320
47.720,184.294,-0.006,5,5610.114,3052.144
47.730,184.293,-0.006,5,5610.076,3052.968
47.740,184.292,-0.006,5,5610.039,3053.791
47.750,184.290,-0.006,5,5610.001,3054.615
47.760,184.289,0.034,5,5609.964,3055.439
47.770,184.297,-0.006,5,5610.194,3056.263
47.780,184.295,-0.006,5,5610.156,3057.087
47.790,184.294,-0.006,5,5610.119,3057.911
47.800,184.293,-0.006,5,5610.081,3058.735
47.810,184.292,-0.006,5,5610.044,3059.558
47.820,184.291,-0.006,5,5610.006,3060.382
47.830,184.289,0.034,5,5609.969,3061.206
47.840,184.297,-0.006,5,5610.199,3062.030
47.850,184.296,-0.006,5,5610.161,3062.854
47.860,184.294,-0.006,5,5610.124,3063.678
47.870,184.293,-0.006,5,5610.086,3064.502
47.880,184.292,-0.006,5,5610.049,3065.326
47.890,184.291,-0.006,5,5610.011,3066.149
47.900,184.289,0.034,5,5609.973,3066.973
47.910,184.297,-0.006,5,5610.204,3067.797
47.920,184.296,-0.006,5,5610.166,3068.621
47.930,184.295,-0.006,5,5610.129,3069.445
47.940,184.293,-0.006,5,5610.091,3070.269
47.950,184.292,-0.006,5,5610.053,3071.093
47.960,184.291,-0.006,5,5610.016,3071.916
47.970,184.290,0.034,5,5609.978,3072.740
47.980,184.297,-0.006,5,5610.209,3073.564
47.990,184.296,-0.006,5,5610.171,3074.388
48.000,184.295,-0.006,5,5610.133,3075.212
48.010,184.293,-0.006,5,5610.096,3076.036
48.020,184.292,-0.006,5,5610.058,3076.860
48.030,184.291,-0.006,5,5610.021,3077.683
48.040,184.290,0.034,5,5609.983,3078.507
48.050,184.297,-0.006,5,5610.214,3079.331
48.060,184.296,-0.006,5,5610.176,3080.155
48.070,184.295,-0.006,5,5610.138,3080.979
48.080,184.294,-0.006,5,5610.101,3081.803
48.090,184.292,-0.006,5,5610.063,3082.627
48.100,184.291,-0.006,5,5610.025,3083.451
48.110,184.290,0.034,5,5609.988,3084.274
48.120,184.298,-0.006,5,5610.218,3085.098
48.130,184.296,-0.006,5,5610.181,3085.922
48.140,184.295,-0.006,5,5610.143,3086.746
48.150,184.294,-0.006,5,5610.105,3087.570
48.160,184.293,-0.006,5,5610.068,3088.394
48.170,184.291,-0.006,5,5610.030,3089.218
48.180,184.290,0.034,5,5609.993,3090.041
48.190,184.298,-0.006,5,5610.223,3090.865
48.200,184.296,-0.006,5,5610.185,3091.689
48.210,184.295,-0.006,5,5610.148,3092.513
48.220,184.294,-0.006,5,5610.110,3093.337
48.230,184.293,-0.006,5,5610.073,3094.161
48.240,184.291,-0.006,5,5610.035,3094.985
48.250,184.290,0.034,5,5609.997,3095.808
48.260,184.298,-0.006,5,5610.228,3096.632
48.270,184.297,-0.006,5,5610.190,3097.456
48.280,184.295,-0.006,5,5610.153,3098.280
48.290,184.294,-0.006,5,5610.115,3099.104
48.300,184.293,-0.006,5,5610.077,3099.928
48.310,184.292,-0.006,5,5610.040,3100.752
48.320,184.290,-0.006,5,5610.002,3101.576
48.330,184.289,0.034,5,5609.965,3102.399
48.340,184.297,-0.006,5,5610.195,3103.223
48.350,184.296,-0.006,5,5610.157,3104.047
48.360,184.294,-0.006,5,5610.120,3104.871
48.370,184.293,-0.006,5,5610.082,3105.695
48.380,184.292,-0.006,5,5610.045,3106.519
48.390,184.291,-0.006,5,5610.007,3107.343
48.400,184.289,0.034,5,5609.970,3108.166
48.410,184.297,-0.006,5,5610.200,3108.990
48.420,184.296,-0.006,5,5610.162,3109.814
48.430,184.294,-0.006,5,5610.125,3110.638
48.440,184.293,-0.006,5,5610.087,3111.462
48.450,184.292,-0.006,5,5610.050,3112.286
48.460,184.291,-0.006,5,5610.012,3113.110
48.470,184.289,0.034,5,5609.974,3113.933
48.480,184.297,-0.006,5,5610.205,3114.757
48.490,184.296,-0.006,5,5610.167,3115.581
48.500,184.295,-0.006,5,5610.130,3116.405
48.510,184.293,-0.006,5,5610.092,3117.229
48.520,184.292,-0.006,5,5610.054,3118.053
48.530,184.291,-0.006,5,5610.017,3118.877
48.540,184.290,0.034,5,5609.979,3119.701
48.550,184.297,-0.006,5,5610.210,3120.524
48.560,184.296,-0.006,5,5610.172,3121.348
48.570,184.295,-0.006,5,5610.134,3122.172
48.580,184.294,-0.006,5,5610.097,3122.996
48.590,184.292,-0.006,5,5610.059,3123.820
48.600,184.291,-0.006,5,5610.022,3124.644
48.610,184.290,0.034,5,5609.984,3125.468
48.620,184.297,-0.006,5,5610.214,3126.291
48.630,184.296,-0.006,5,5610.177,3127.115
48.640,184.295,-0.006,5,5610.139,3127.939
48.650,184.294,-0.006,5,5610.102,3128.763
48.660,184.292,-0.006,5,5610.064,3129.587
48.670,184.291,-0.006,5,5610.026,3130.411
48.680,184.290,0.034,5,5609.989,3131.235
48.690,184.298,-0.006,5,5610.219,3132.058
48.700,184.296,-0.006,5,5610.182,3132.882
48.710,184.295,-0.006,5,5610.144,3133.706
48.720,184.294,-0.006,5,5610.106,3134.530
48.730,184.293,-0.006,5,5610.069,3135.354
48.740,184.291,-0.006,5,5610.031,3136.178
48.750,184.290,0.034,5,5609.994,3137.002
48.760,184.298,-0.006,5,5610.224,3137.826
48.770,184.296,-0.006,5,5610.186,3138.649
48.780,184.295,-0.006,5,5610.149,3139.473
48.790,184.294,-0.006,5,5610.111,3140.297
48.800,184.293,-0.006,5,5610.074,3141.121
48.810,184.292,-0.006,5,5610.036,3141.945
48.820,184.290,0.034,5,5609.998,3142.769
48.830,184.298,-0.006,5,5610.229,3143.593
48.840,184.297,-0.006,5,5610.191,3144.417
48.850,184.295,-0.006,5,5610.154,3145.240
48.860,184.294,-0.006,5,5610.116,3146.064
48.870,184.293,-0.006,5,5610.078,3146.888
48.880,184.292,-0.006,5,5610.041,3147.712
48.890,184.290,-0.006,5,5610.003,3148.536
48.900,184.289,0.034,5,5609.966,3149.360
48.910,184.297,-0.006,5,5610.196,3150.184
48.920,184.296,-0.006,5,5610.158,3151.007
48.930,184.294,-0.006,5,5610.121,3151.831
48.940,184.293,-0.006,5,5610.083,3152.655
48.950,184.292,-0.006,5,5610.046,3153.479
48.960,184.291,-0.006,5,5610.008,3154.303
48.970,184.289,0.034,5,5609.970,3155.127
48.980,184.297,-0.006,5,5610.201,3155.951
48.990,184.296,-0.006,5,5610.163,3156.774
49.000,184.294,-0.006,5,5610.126,3157.598
49.010,184.293,-0.006,5,5610.088,3158.422
49.020,184.292,-0.006,5,5610.050,3159.246
49.030,184.291,-0.006,5,5610.013,3160.070
49.040,184.290,0.034,5,5609.975,3160.894
49.050,184.297,-0.006,5,5610.206,3161.718
49.060,184.296,-0.006,5,5610.168,3162.541
49.070,184.295,-0.006,5,5610.131,3163.365
49.080,184.293,-0.006,5,5610.093,3164.189
49.090,184.292,-0.006,5,5610.055,3165.013
49.100,184.291,-0.006,5,5610.018,3165.837
49.110,184.290,0.034,5,5609.980,3166.661
49.120,184.297,-0.006,5,5610.211,3167.485
49.130,184.296,-0.006,5,5610.173,3168.309
49.140,184.295,-0.006,5,5610.135,3169.132
49.150,184.294,-0.006,5,5610.098,3169.956
49.160,184.292,-0.006,5,5610.060,3170.780
49.170,184.291,-0.006,5,5610.023,3171.604
49.180,184.290,0.034,5,5609.985,3172.428
49.190,184.297,-0.006,5,5610.215,3173.252
49.200,184.296,-0.006,5,5610.178,3174.076
49.210,184.295,-0.006,5,5610.140,3174.899
49.220,184.294,-0.006,5,5610.103,3175.723
49.230,184.292,-0.006,5,5610.065,3176.547
49.240,184.291,-0.006,5,5610.027,3177.371
49.250,184.290,0.034,5,5609.990,3178.195
49.260,184.298,-0.006,5,5610.220,3179.019
49.270,184.296,-0.006,5,5610.183,3179.843
49.280,184.295,-0.006,5,5610.145,3180.667
49.290,184.294,-0.006,5,5610.107,3181.490
49.300,184.293,-0.006,5,5610.070,3182.314
49.310,184.291,-0.006,5,5610.032,3183.138
49.320,184.290,0.034,5,5609.995,3183.962
49.330,184.298,-0.006,5,5610.225,3184.786
49.340,184.296,-0.006,5,5610.187,3185.610
49.350,184.295,-0.006,5,5610.150,3186.434
49.360,184.294,-0.006,5,5610.112,3187.257
49.370,184.293,-0.006,5,5610.075,3188.081
49.380,184.292,-0.006,5,5610.037,3188.905
49.390,184.290,0.034,5,5609.999,3189.729
49.400,184.298,-0.006,5,5610.230,3190.553
49.410,184.297,-0.006,5,5610.192,3191.377
49.420,184.295,-0.006,5,5610.155,3192.201
49.430,184.294,-0.006,5,5610.117,3193.025
49.440,184.293,-0.006,5,5610.079,3193.848
49.450,184.292,-0.006,5,5610.042,3194.672
49.460,184.290,-0.006,5,5610.004,3195.496
49.470,184.289,0.034,5,5609.967,3196.320
49.480,184.297,-0.006,5,5610.197,3197.144
49.490,184.296,-0.006,5,5610.159,3197.968
49.500,184.294,-0.006,5,5610.122,3198.792
49.510,184.293,-0.006,5,5610.084,3199.615
49.520,184.292,-0.006,5,5610.047,3200.439
49.530,184.291,-0.006,5,5610.009,3201.263
49.540,184.289,0.034,5,5609.971,3202.087
49.550,184.297,-0.006,5,5610.202,3202.911
49.560,184.296,-0.006,5,5610.164,3203.735
49.570,184.294,-0.006,5,5610.127,3204.559
49.580,184.293,-0.006,5,5610.089,3205.382
49.590,184.292,-0.006,5,5610.051,3206.206
49.600,184.291,-0.006,5,5610.014,3207.030
49.610,184.290,0.034,5,5609.976,3207.854
49.620,184.297,-0.006,5,5610.207,3208.678
49.630,184.296,-0.006,5,5610.169,3209.502
49.640,184.295,-0.006,5,5610.131,3210.326
49.650,184.293,-0.006,5,5610.094,3211.150
49.660,184.292,-0.006,5,5610.056,3211.973
49.670,184.291,-0.006,5,5610.019,3212.797
49.680,184.290,0.034,5,5609.981,3213.621
49.690,184.297,-0.006,5,5610.212,3214.445
49.700,184.296,-0.006,5,5610.174,3215.269
49.710,184.295,-0.006,5,5610.136,3216.093
49.720,184.294,-0.006,5,5610.099,3216.917
49.730,184.292,-0.006,5,5610.061,3217.740
49.740,184.291,-0.006,5,5610.023,3218.564
49.750,184.290,0.034,5,5609.986,3219.388
49.760,184.297,-0.006,5,5610.216,3220.212
49.770,184.296,-0.006,5,5610.179,3221.036
49.780,184.295,-0.006,5,5610.141,3221.860
49.790,184.294,-0.006,5,5610.103,3222.684
49.800,184.292,-0.006,5,5610.066,3223.507
49.810,184.291,-0.006,5,5610.028,3224.331
49.820,184.290,0.034,5,5609.991,3225.155
49.830,184.298,-0.006,5,5610.221,3225.979
49.840,184.296,-0.006,5,5610.184,3226.803
49.850,184.295,-0.006,5,5610.146,3227.627
49.860,184.294,-0.006,5,5610.108,3228.451
49.870,184.293,-0.006,5,5610.071,3229.275
49.880,184.291,-0.006,5,5610.033,3230.098
49.890,184.290,0.034,5,5609.996,3230.922
49.900,184.298,-0.006,5,5610.226,3231.746
49.910,184.297,-0.006,5,5610.188,3232.570
49.920,184.295,-0.006,5,5610.151,3233.394
49.930,184.294,-0.006,5,5610.113,3234.218
49.940,184.293,-0.006,5,5610.075,3235.042
49.950,184.292,-0.006,5,5610.038,3235.865
49.960,184.290,-0.006,5,5610.000,3236.689
49.970,184.289,0.034,5,5609.963,3237.513
49.980,184.297,-0.006,5,5610.193,3238.337
49.990,184.295,-0.006,5,5610.156,3239.161
50.000,184.294,-0.006,5,5610.118,3239.985
50.010,184.293,-0.006,5,5610.080,3240.809
50.020,184.292,-0.006,5,5610.043,3241.632
50.030,184.290,-0.006,5,5610.005,3242.456
50.040,184.289,0.034,5,5609.968,3243.280
50.050,184.297,-0.006,5,5610.198,3244.104
50.060,184.296,-0.006,5,5610.160,3244.928
50.070,184.294,-0.006,5,5610.123,3245.752
50.080,184.293,-0.006,5,5610.085,3246.576
50.090,184.292,-0.006,5,5610.048,3247.400
50.100,184.291,-0.006,5,5610.010,3248.223
50.110,184.289,0.034,5,5609.972,3249.047
50.120,184.297,-0.006,5,5610.203,3249.871
50.130,184.296,-0.006,5,5610.165,3250.695
50.140,184.295,-0.006,5,5610.128,3251.519
50.150,184.293,-0.006,5,5610.090,3252.343
50.160,184.292,-0.006,5,5610.052,3253.167
50.170,184.291,-0.006,5,5610.015,3253.990
50.180,184.290,0.034,5,5609.977,3254.814
50.190,184.297,-0.006,5,5610.208,3255.638
50.200,184.296,-0.006,5,5610.170,3256.462
50.210,184.295,-0.006,5,5610.132,3257.286
50.220,184.293,-0.006,5,5610.095,3258.110
50.230,184.292,-0.006,5,5610.057,3258.934
50.240,184.291,-0.006,5,5610.020,3259.757
50.250,184.290,0.034,5,5609.982,3260.581
50.260,184.297,-0.006,5,5610.213,3261.405
50.270,184.296,-0.006,5,5610.175,3262.229
50.280,184.295,-0.006,5,5610.137,3263.053
50.290,184.294,-0.006,5,5610.100,3263.877
50.300,184.292,-0.006,5,5610.062,3264.701
50.310,184.291,-0.006,5,5610.025,3265.525
50.320,184.290,0.034,5,5609.987,3266.348
50.330,184.297,-0.006,5,5610.217,3267.172
50.340,184.296,-0.006,5,5610.180,3267.996
50.350,184.295,-0.006,5,5610.142,3268.820
50.360,184.294,-0.006,5,5610.104,3269.644
50.370,184.293,-0.006,5,5610.067,3270.468
50.380,184.291,-0.006,5,5610.029,3271.292
50.390,184.290,0.034,5,5609.992,3272.115
50.400,184.298,-0.006,5,5610.222,3272.939
50.410,184.296,-0.006,5,5610.185,3273.763
50.420,184.295,-0.006,5,5610.147,3274.587
50.430,184.294,-0.006,5,5610.109,3275.411
50.440,184.293,-0.006,5,5610.072,3276.235
50.450,184.291,-0.006,5,5610.034,3277.059
50.460,184.290,0.034,5,5609.997,3277.882
50.470,184.298,-0.006,5,5610.227,3278.706
50.480,184.297,-0.006,5,5610.189,3279.530
50.490,184.295,-0.006,5,5610.152,3280.354
50.500,184.294,-0.006,5,5610.114,3281.178
50.510,184.293,-0.006,5,5610.076,3282.002
50.520,184.292,-0.006,5,5610.039,3282.826
50.530,184.290,-0.006,5,5610.001,3283.650
50.540,184.289,0.034,5,5609.964,3284.473
50.550,184.297,-0.006,5,5610.194,3285.297
50.560,184.295,-0.006,5,5610.157,3286.121
50.570,184.294,-0.006,5,5610.119,3286.945
50.580,184.293,-0.006,5,5610.081,3287.769
50.590,184.292,-0.006,5,5610.044,3288.593
50.600,184.291,-0.006,5,5610.006,3289.417
50.610,184.289,0.034,5,5609.969,3290.240
50.620,184.297,-0.006,5,5610.199,3291.064
50.630,184.296,-0.006,5,5610.161,3291.888
50.640,184.294,-0.006,5,5610.124,3292.712
50.650,184.293,-0.006,5,5610.086,3293.536
50.660,184.292,-0.006,5,5610.049,3294.360
50.670,184.291,-0.006,5,5610.011,3295.184
50.680,184.289,0.034,5,5609.973,3296.007
50.690,184.297,-0.006,5,5610.204,3296.831
50.700,184.296,-0.006,5,5610.166,3297.655
50.710,184.295,-0.006,5,5610.129,3298.479
50.720,184.293,-0.006,5,5610.091,3299.303
50.730,184.292,-0.006,5,5610.053,3300.127
50.740,184.291,-0.006,5,5610.016,3300.951
50.750,184.290,0.034,5,5609.978,3301.775
50.760,184.297,-0.006,5,5610.209,3302.598
50.770,184.296,-0.006,5,5610.171,3303.422
50.780,184.295,-0.006,5,5610.133,3304.246
50.790,184.293,-0.006,5,5610.096,3305.070
50.800,184.292,-0.006,5,5610.058,3305.894
50.810,184.291,-0.006,5,5610.021,3306.718
50.820,184.290,0.034,5,5609.983,3307.542
50.830,184.297,-0.006,5,5610.214,3308.365
50.840,184.296,-0.006,5,5610.176,3309.189
50.850,184.295,-0.006,5,5610.138,3310.013
50.860,184.294,-0.006,5,5610.101,3310.837
50.870,184.292,-0.006,5,5610.063,3311.661
50.880,184.291,-0.006,5,5610.026,3312.485
50.890,184.290,0.034,5,5609.988,3313.309
50.900,184.298,-0.006,5,5610.218,3314.132
50.910,184.296,-0.006,5,5610.181,3314.956
50.920,184.295,-0.006,5,5610.143,3315.780
50.930,184.294,-0.006,5,5610.105,3316.604
50.940,184.293,-0.006,5,5610.068,3317.428
50.950,184.291,-0.006,5,5610.030,3318.252
50.960,184.290,0.034,5,5609.993,3319.076
50.970,184.298,-0.006,5,5610.223,3319.900
50.980,184.296,-0.006,5,5610.186,3320.723
50.990,184.295,-0.006,5,5610.148,3321.547
51.000,184.294,-0.006,5,5610.110,3322.371
51.010,184.293,-0.006,5,5610.073,3323.195
51.020,184.291,-0.006,5,5610.035,3324.019
51.030,184.290,0.034,5,5609.998,3324.843
51.040,184.298,-0.006,5,5610.228,3325.667
51.050,184.297,-0.006,5,5610.190,3326.491
51.060,184.295,-0.006,5,5610.153,3327.314
51.070,184.294,-0.006,5,5610.115,3328.138
51.080,184.293,-0.006,5,5610.077,3328.962
51.090,184.292,-0.006,5,5610.040,3329.786
51.100,184.290,-0.006,5,5610.002,3330.610
51.110,184.289,0.034,5,5609.965,3331.434
51.120,184.297,-0.006,5,5610.195,3332.258
51.130,184.296,-0.006,5,5610.158,3333.081
51.140,184.294,-0.006,5,5610.120,3333.905
51.150,184.293,-0.006,5,5610.082,3334.729
51.160,184.292,-0.006,5,5610.045,3335.553
51.170,184.291,-0.006,5,5610.007,3336.377
51.180,184.289,0.034,5,5609.970,3337.201
51.190,184.297,-0.006,5,5610.200,3338.025
51.200,184.296,-0.006,5,5610.162,3338.848
51.210,184.294,-0.006,5,5610.125,3339.672
51.220,184.293,-0.006,5,5610.087,3340.496
51.230,184.292,-0.006,5,5610.050,3341.320
51.240,184.291,-0.006,5,5610.012,3342.144
51.250,184.289,0.034,5,5609.974,3342.968
51.260,184.297,-0.006,5,5610.205,3343.792
51.270,184.296,-0.006,5,5610.167,3344.615
51.280,184.295,-0.006,5,5610.130,3345.439
51.290,184.293,-0.006,5,5610.092,3346.263
51.300,184.292,-0.006,5,5610.054,3347.087
51.310,184.291,-0.006,5,5610.017,3347.911
51.320,184.290,0.034,5,5609.979,3348.735
51.330,184.297,-0.006,5,5610.210,3349.559
51.340,184.296,-0.006,5,5610.172,3350.383
51.350,184.295,-0.006,5,5610.134,3351.206
51.360,184.294,-0.006,5,5610.097,3352.030
51.370,184.292,-0.006,5,5610.059,3352.854
51.380,184.291,-0.006,5,5610.022,3353.678
51.390,184.290,0.034,5,5609.984,3354.502
51.400,184.297,-0.006,5,5610.215,3355.326
51.410,184.296,-0.006,5,5610.177,3356.150
51.420,184.295,-0.006,5,5610.139,3356.973
51.430,184.294,-0.006,5,5610.102,3357.797
51.440,184.292,-0.006,5,5610.064,3358.621
51.450,184.291,-0.006,5,5610.026,3359.445
51.460,184.290,0.034,5,5609.989,3360.269
51.470,184.298,-0.006,5,5610.219,3361.093
51.480,184.296,-0.006,5,5610.182,3361.917
51.490,184.295,-0.006,5,5610.144,3362.741
51.500,184.294,-0.006,5,5610.106,3363.564
51.510,184.293,-0.006,5,5610.069,3364.388
51.520,184.291,-0.006,5,5610.031,3365.212
51.530,184.290,0.034,5,5609.994,3366.036
51.540,184.298,-0.006,5,5610.224,3366.860
51.550,184.296,-0.006,5,5610.186,3367.684
51.560,184.295,-0.006,5,5610.149,3368.508
51.570,184.294,-0.006,5,5610.111,3369.331
51.580,184.293,-0.006,5,5610.074,3370.155
51.590,184.292,-0.006,5,5610.036,3370.979
51.600,184.290,0.034,5,5609.998,3371.803
51.610,184.298,-0.006,5,5610.229,3372.627
51.620,184.297,-0.006,5,5610.191,3373.451
51.630,184.295,-0.006,5,5610.154,3374.275
51.640,184.294,-0.006,5,5610.116,3375.099
51.650,184.293,-0.006,5,5610.078,3375.922
51.660,184.292,-0.006,5,5610.041,3376.746
51.670,184.290,-0.006,5,5610.003,3377.570
51.680,184.289,0.034,5,5609.966,3378.394
51.690,184.297,-0.006,5,5610.196,3379.218
51.700,184.296,-0.006,5,5610.158,3380.042
51.710,184.294,-0.006,5,5610.121,3380.866
51.720,184.293,-0.006,5,5610.083,3381.689
51.730,184.292,-0.006,5,5610.046,3382.513
51.740,184.291,-0.006,5,5610.008,3383.337
51.750,184.289,0.034,5,5609.971,3384.161
51.760,184.297,-0.006,5,5610.201,3384.985
51.770,184.296,-0.006,5,5610.163,3385.809
51.780,184.294,-0.006,5,5610.126,3386.633
51.790,184.293,-0.006,5,5610.088,3387.456
51.800,184.292,-0.006,5,5610.051,3388.280
51.810,184.291,-0.006,5,5610.013,3389.104
51.820,184.290,0.034,5,5609.975,3389.928
51.830,184.297,-0.006,5,5610.206,3390.752
51.840,184.296,-0.006,5,5610.168,3391.576
51.850,184.295,-0.006,5,5610.131,3392.400
51.860,184.293,-0.006,5,5610.093,3393.223
51.870,184.292,-0.006,5,5610.055,3394.047
51.880,184.291,-0.006,5,5610.018,3394.871
51.890,184.290,0.034,5,5609.980,3395.695
51.900,184.297,-0.006,5,5610.211,3396.519
51.910,184.296,-0.006,5,5610.173,3397.343
51.920,184.295,-0.006,5,5610.135,3398.167
51.930,184.294,-0.006,5,5610.098,3398.991
51.940,184.292,-0.006,5,5610.060,3399.814
51.950,184.291,-0.006,5,5610.023,3400.638
51.960,184.290,0.034,5,5609.985,3401.462
51.970,184.297,-0.006,5,5610.215,3402.286
51.980,184.296,-0.006,5,5610.178,3403.110
51.990,184.295,-0.006,5,5610.140,3403.934
52.000,184.294,-0.006,5,5610.103,3404.758
52.010,184.292,-0.006,5,5610.065,3405.581
52.020,184.291,-0.006,5,5610.027,3406.405
52.030,184.290,0.034,5,5609.990,3407.229
52.040,184.298,-0.006,5,5610.220,3408.053
52.050,184.296,-0.006,5,5610.183,3408.877
52.060,184.295,-0.006,5,5610.145,3409.701
52.070,184.294,-0.006,5,5610.107,3410.525
52.080,184.293,-0.006,5,5610.070,3411.349
52.090,184.291,-0.006,5,5610.032,3412.172
52.100,184.290,0.034,5,5609.995,3412.996
52.110,184.298,-0.006,5,5610.225,3413.820
52.120,184.296,-0.006,5,5610.187,3414.644
52.130,184.295,-0.006,5,5610.150,3415.468
52.140,184.294,-0.006,5,5610.112,3416.292
52.150,184.293,-0.006,5,5610.075,3417.116
52.160,184.292,-0.006,5,5610.037,3417.939
52.170,184.290,0.034,5,5609.999,3418.763
52.180,184.298,-0.006,5,5610.230,3419.587
52.190,184.297,-0.006,5,5610.192,3420.411
52.200,184.295,-0.006,5,5610.155,3421.235
52.210,184.294,-0.006,5,5610.117,3422.059
52.220,184.293,-0.006,5,5610.079,3422.883
52.230,184.292,-0.006,5,5610.042,3423.707
52.240,184.290,-0.006,5,5610.004,3424.530
52.250,184.289,0.034,5,5609.967,3425.354
52.260,184.297,-0.006,5,5610.197,3426.178
52.270,184.296,-0.006,5,5610.159,3427.002
52.280,184.294,-0.006,5,5610.122,3427.826
52.290,184.293,-0.006,5,5610.084,3428.650
52.300,184.292,-0.006,5,5610.047,3429.474
52.310,184.291,-0.006,5,5610.009,3430.297
52.320,184.289,0.034,5,5609.971,3431.121
52.330,184.297,-0.006,5,5610.202,3431.945
52.340,184.296,-0.006,5,5610.164,3432.769
52.350,184.294,-0.006,5,5610.127,3433.593
52.360,184.293,-0.006,5,5610.089,3434.417
52.370,184.292,-0.006,5,5610.051,3435.241
52.380,184.291,-0.006,5,5610.014,3436.064
52.390,184.290,0.034,5,5609.976,3436.888
52.400,184.297,-0.006,5,5610.207,3437.712
52.410,184.296,-0.006,5,5610.169,3438.536
52.420,184.295,-0.006,5,5610.132,3439.360
52.430,184.293,-0.006,5,5610.094,3440.184
52.440,184.292,-0.006,5,5610.056,3441.008
52.450,184.291,-0.006,5,5610.019,3441.831
52.460,184.290,0.034,5,5609.981,3442.655
52.470,184.297,-0.006,5,5610.212,3443.479
52.480,184.296,-0.006,5,5610.174,3444.303
52.490,184.295,-0.006,5,5610.136,3445.127
52.500,184.294,-0.006,5,5610.099,3445.951
52.510,184.292,-0.006,5,5610.061,3446.775
52.520,184.291,-0.006,5,5610.024,3447.599
52.530,184.290,0.034,5,5609.986,3448.422
52.540,184.297,-0.006,5,5610.216,3449.246
52.550,184.296,-0.006,5,5610.179,3450.070
52.560,184.295,-0.006,5,5610.141,3450.894
52.570,184.294,-0.006,5,5610.104,3451.718
52.580,184.292,-0.006,5,5610.066,3452.542
52.590,184.291,-0.006,5,5610.028,3453.366
52.600,184.290,0.034,5,5609.991,3454.189
52.610,184.298,-0.006,5,5610.221,3455.013
52.620,184.296,-0.006,5,5610.184,3455.837
52.630,184.295,-0.006,5,5610.146,3456.661
52.640,184.294,-0.006,5,5610.108,3457.485
52.650,184.293,-0.006,5,5610.071,3458.309
52.660,184.291,-0.006,5,5610.033,3459.133
52.670,184.290,0.034,5,5609.996,3459.957
52.680,184.298,-0.006,5,5610.226,3460.780
52.690,184.297,-0.006,5,5610.188,3461.604
52.700,184.295,-0.006,5,5610.151,3462.428
52.710,184.294,-0.006,5,5610.113,3463.252
52.720,184.293,-0.006,5,5610.075,3464.076
52.730,184.292,-0.006,5,5610.038,3464.900
52.740,184.290,-0.006,5,5610.000,3465.724
52.750,184.289,0.034,5,5609.963,3466.547
52.760,184.297,-0.006,5,5610.193,3467.371
52.770,184.295,-0.006,5,5610.156,3468.195
52.780,184.294,-0.006,5,5610.118,3469.019
52.790,184.293,-0.006,5,5610.080,3469.843
52.800,184.292,-0.006,5,5610.043,3470.667
52.810,184.290,-0.006,5,5610.005,3471.491
52.820,184.289,0.034,5,5609.968,3472.314
52.830,184.297,-0.006,5,5610.198,3473.138
52.840,184.296,-0.006,5,5610.160,3473.962
52.850,184.294,-0.006,5,5610.123,3474.786
52.860,184.293,-0.006,5,5610.085,3475.610
52.870,184.292,-0.006,5,5610.048,3476.434
52.880,184.291,-0.006,5,5610.010,3477.258
52.890,184.289,0.034,5,5609.973,3478.081
52.900,184.297,-0.006,5,5610.203,3478.905
52.910,184.296,-0.006,5,5610.165,3479.729
52.920,184.295,-0.006,5,5610.128,3480.553
52.930,184.293,-0.006,5,5610.090,3481.377
52.940,184.292,-0.006,5,5610.052,3482.201
52.950,184.291,-0.006,5,5610.015,3483.025
52.960,184.290,0.034,5,5609.977,3483.849
52.970,184.297,-0.006,5,5610.208,3484.672
52.980,184.296,-0.006,5,5610.170,3485.496
52.990,184.295,-0.006,5,5610.133,3486.320
53.000,184.293,-0.006,5,5610.095,3487.144
53.010,184.292,-0.006,5,5610.057,3487.968
53.020,184.291,-0.006,5,5610.020,3488.792
53.030,184.290,0.034,5,5609.982,3489.616
53.040,184.297,-0.006,5,5610.213,3490.439
53.050,184.296,-0.006,5,5610.175,3491.263
53.060,184.295,-0.006,5,5610.137,3492.087
53.070,184.294,-0.006,5,5610.100,3492.911
53.080,184.292,-0.006,5,5610.062,3493.735
53.090,184.291,-0.006,5,5610.025,3494.559
53.100,184.290,0.034,5,5609.987,3495.383
53.110,184.297,-0.006,5,5610.217,3496.207
53.120,184.296,-0.006,5,5610.180,3497.030
53.130,184.295,-0.006,5,5610.142,3497.854
53.140,184.294,-0.006,5,5610.105,3498.678
53.150,184.293,-0.006,5,5610.067,3499.502
53.160,184.291,-0.006,5,5610.029,3500.326
53.170,184.290,0.034,5,5609.992,3501.150
53.180,184.298,-0.006,5,5610.222,3501.974
53.190,184.296,-0.006,5,5610.185,3502.797
53.200,184.295,-0.006,5,5610.147,3503.621
53.210,184.294,-0.006,5,5610.109,3504.445
53.220,184.293,-0.006,5,5610.072,3505.269
53.230,184.291,-0.006,5,5610.034,3506.093
53.240,184.290,0.034,5,5609.997,3506.917
53.250,184.298,-0.006,5,5610.227,3507.741
53.260,184.297,-0.006,5,5610.189,3508.565
53.270,184.295,-0.006,5,5610.152,3509.388
53.280,184.294,-0.006,5,5610.114,3510.212
53.290,184.293,-0.006,5,5610.077,3511.036
53.300,184.292,-0.006,5,5610.039,3511.860
53.310,184.290,-0.006,5,5610.001,3512.684
53.320,184.289,0.034,5,5609.964,3513.508
53.330,184.297,-0.006,5,5610.194,3514.332
53.340,184.295,-0.006,5,5610.157,3515.155
53.350,184.294,-0.006,5,5610.119,3515.979
53.360,184.293,-0.006,5,5610.081,3516.803
53.370,184.292,-0.006,5,5610.044,3517.627
53.380,184.291,-0.006,5,5610.006,3518.451
53.390,184.289,0.034,5,5609.969,3519.275
53.400,184.297,-0.006,5,5610.199,3520.099
53.410,184.296,-0.006,5,5610.161,3520.922
53.420,184.294,-0.006,5,5610.124,3521.746
53.430,184.293,-0.006,5,5610.086,3522.570
53.440,184.292,-0.006,5,5610.049,3523.394
53.450,184.291,-0.006,5,5610.011,3524.218
53.460,184.289,0.034,5,5609.974,3525.042
53.470,184.297,-0.006,5,5610.204,3525.866
53.480,184.296,-0.006,5,5610.166,3526.689
53.490,184.295,-0.006,5,5610.129,3527.513
53.500,184.293,-0.006,5,5610.091,3528.337
53.510,184.292,-0.006,5,5610.053,3529.161
53.520,184.291,-0.006,5,5610.016,3529.985
53.530,184.290,0.034,5,5609.978,3530.809
53.540,184.297,-0.006,5,5610.209,3531.633
53.550,184.296,-0.006,5,5610.171,3532.457
53.560,184.295,-0.006,5,5610.134,3533.280
53.570,184.293,-0.006,5,5610.096,3534.104
53.580,184.292,-0.006,5,5610.058,3534.928
53.590,184.291,-0.006,5,5610.021,3535.752
53.600,184.290,0.034,5,5609.983,3536.576
53.610,184.297,-0.006,5,5610.214,3537.400
53.620,184.296,-0.006,5,5610.176,3538.224
53.630,184.295,-0.006,5,5610.138,3539.047
53.640,184.294,-0.006,5,5610.101,3539.871
53.650,184.292,-0.006,5,5610.063,3540.695
53.660,184.291,-0.006,5,5610.026,3541.519
53.670,184.290,0.034,5,5609.988,3542.343
53.680,184.298,-0.006,5,5610.218,3543.167
53.690,184.296,-0.006,5,5610.181,3543.991
53.700,184.295,-0.006,5,5610.143,3544.815
53.710,184.294,-0.006,5,5610.106,3545.638
53.720,184.293,-0.006,5,5610.068,3546.462
53.730,184.291,-0.006,5,5610.030,3547.286
53.740,184.290,0.034,5,5609.993,3548.110
53.750,184.298,-0.006,5,5610.223,3548.934
53.760,184.296,-0.006,5,5610.186,3549.758
53.770,184.295,-0.006,5,5610.148,3550.582
53.780,184.294,-0.006,5,5610.110,3551.405
53.790,184.293,-0.006,5,5610.073,3552.229
53.800,184.291,-0.006,5,5610.035,3553.053
53.810,184.290,0.034,5,5609.998,3553.877
53.820,184.298,-0.006,5,5610.228,3554.701
53.830,184.297,-0.006,5,5610.190,3555.525
53.840,184.295,-0.006,5,5610.153,3556.349
53.850,184.294,-0.006,5,5610.115,3557.173
53.860,184.293,-0.006,5,5610.077,3557.996
53.870,184.292,-0.006,5,5610.040,3558.820
53.880,184.290,-0.006,5,5610.002,3559.644
53.890,184.289,0.034,5,5609.965,3560.468
53.900,184.297,-0.006,5,5610.195,3561.292
53.910,184.296,-0.006,5,5610.158,3562.116
53.920,184.294,-0.006,5,5610.120,3562.940
53.930,184.293,-0.006,5,5610.082,3563.763
53.940,184.292,-0.006,5,5610.045,3564.587
53.950,184.291,-0.006,5,5610.007,3565.411
53.960,184.289,0.034,5,5609.970,3566.235
53.970,184.297,-0.006,5,5610.200,3567.059
53.980,184.296,-0.006,5,5610.162,3567.883
53.990,184.294,-0.006,5,5610.125,3568.707
54.000,184.293,-0.006,5,5610.087,3569.530
54.010,184.292,-0.006,5,5610.050,3570.354
54.020,184.291,-0.006,5,5610.012,3571.178
54.030,184.289,0.034,5,5609.975,3572.002
54.040,184.297,-0.006,5,5610.205,3572.826
54.050,184.296,-0.006,5,5610.167,3573.650
54.060,184.295,-0.006,5,5610.130,3574.474
54.070,184.293,-0.006,5,5610.092,3575.297
54.080,184.292,-0.006,5,5610.054,3576.121
54.090,184.291,-0.006,5,5610.017,3576.945
54.100,184.290,0.034,5,5609.979,3577.769
54.110,184.297,-0.006,5,5610.210,3578.593
54.120,184.296,-0.006,5,5610.172,3579.417
54.130,184.295,-0.006,5,5610.135,3580.241
54.140,184.294,-0.006,5,5610.097,3581.065
54.150,184.292,-0.006,5,5610.059,3581.888
54.160,184.291,-0.006,5,5610.022,3582.712
54.170,184.290,0.034,5,5609.984,3583.536
54.180,184.297,-0.006,5,5610.215,3584.360
54.190,184.296,-0.006,5,5610.177,3585.184
54.200,184.295,-0.006,5,5610.139,3586.008
54.210,184.294,-0.006,5,5610.102,3586.832
54.220,184.292,-0.006,5,5610.064,3587.655
54.230,184.291,-0.006,5,5610.027,3588.479
54.240,184.290,0.034,5,5609.989,3589.303
54.250,184.298,-0.006,5,5610.219,3590.127
54.260,184.296,-0.006,5,5610.182,3590.951
54.270,184.295,-0.006,5,5610.144,3591.775
54.280,184.294,-0.006,5,5610.107,3592.599
54.290,184.293,-0.006,5,5610.069,3593.423
54.300,184.291,-0.006,5,5610.031,3594.246
54.310,184.290,0.034,5,5609.994,3595.070
54.320,184.298,-0.006,5,5610.224,3595.894
54.330,184.296,-0.006,5,5610.187,3596.718
54.340,184.295,-0.006,5,5610.149,3597.542
54.350,184.294,-0.006,5,5610.111,3598.366
54.360,184.293,-0.006,5,5610.074,3599.190
54.370,184.292,-0.006,5,5610.036,3600.013
54.380,184.290,0.034,5,5609.999,3600.837
54.390,184.298,-0.006,5,5610.229,3601.661
54.400,184.297,-0.006,5,5610.191,3602.485
54.410,184.295,-0.006,5,5610.154,3603.309
54.420,184.294,-0.006,5,5610.116,3604.133
54.430,184.293,-0.006,5,5610.078,3604.957
54.440,184.292,-0.006,5,5610.041,3605.781
54.450,184.290,-0.006,5,5610.003,3606.604
54.460,184.289,0.034,5,5609.966,3607.428
54.470,184.297,-0.006,5,5610.196,3608.252
54.480,184.296,-0.006,5,5610.159,3609.076
54.490,184.294,-0.006,5,5610.121,3609.900
54.500,184.293,-0.006,5,5610.083,3610.724
54.510,184.292,-0.006,5,5610.046,3611.548
54.520,184.291,-0.006,5,5610.008,3612.371
54.530,184.289,0.034,5,5609.971,3613.195
54.540,184.297,-0.006,5,5610.201,3614.019
54.550,184.296,-0.006,5,5610.163,3614.843
54.560,184.294,-0.006,5,5610.126,3615.667
54.570,184.293,-0.006,5,5610.088,3616.491
54.580,184.292,-0.006,5,5610.051,3617.315
54.590,184.291,-0.006,5,5610.013,3618.138
54.600,184.290,0.034,5,5609.975,3618.962
54.610,184.297,-0.006,5,5610.206,3619.786
54.620,184.296,-0.006,5,5610.168,3620.610
54.630,184.295,-0.006,5,5610.131,3621.434
54.640,184.293,-0.006,5,5610.093,3622.258
54.650,184.292,-0.006,5,5610.055,3623.082
54.660,184.291,-0.006,5,5610.018,3623.905
54.670,184.290,0.034,5,5609.980,3624.729
54.680,184.297,-0.006,5,5610.211,3625.553
54.690,184.296,-0.006,5,5610.173,3626.377
54.700,184.295,-0.006,5,5610.135,3627.201
54.710,184.294,-0.006,5,5610.098,3628.025
54.720,184.292,-0.006,5,5610.060,3628.849
54.730,184.291,-0.006,5,5610.023,3629.673
54.740,184.290,0.034,5,5609.985,3630.496
54.750,184.297,-0.006,5,5610.216,3631.320
54.760,184.296,-0.006,5,5610.178,3632.144
54.770,184.295,-0.006,5,5610.140,3632.968
54.780,184.294,-0.006,5,5610.103,3633.792
54.790,184.292,-0.006,5,5610.065,3634.616
54.800,184.291,-0.006,5,5610.027,3635.440
54.810,184.290,0.034,5,5609.990,3636.263
54.820,184.298,-0.006,5,5610.220,3637.087
54.830,184.296,-0.006,5,5610.183,3637.911
54.840,184.295,-0.006,5,5610.145,3638.735
54.850,184.294,-0.006,5,5610.107,3639.559
54.860,184.293,-0.006,5,5610.070,3640.383
54.870,184.291,-0.006,5,5610.032,3641.207
54.880,184.290,0.034,5,5609.995,3642.030
54.890,184.298,-0.006,5,5610.225,3642.854
54.900,184.296,-0.006,5,5610.187,3643.678
54.910,184.295,-0.006,5,5610.150,3644.502
54.920,184.294,-0.006,5,5610.112,3645.326
54.930,184.293,-0.006,5,5610.075,3646.150
54.940,184.292,-0.006,5,5610.037,3646.974
54.950,184.290,0.034,5,5609.999,3647.798
54.960,184.298,-0.006,5,5610.230,3648.621
54.970,184.297,-0.006,5,5610.192,3649.445
54.980,184.295,-0.006,5,5610.155,3650.269
54.990,184.294,-0.006,5,5610.117,3651.093
55.000,184.293,-0.006,5,5610.079,3651.917
55.010,184.292,-0.006,5,5610.042,3652.741
55.020,184.290,-0.006,5,5610.004,3653.565
55.030,184.289,0.034,5,5609.967,3654.388
55.040,184.297,-0.006,5,5610.197,3655.212
55.050,184.296,-0.006,5,5610.159,3656.036
55.060,184.294,-0.006,5,5610.122,3656.860
55.070,184.293,-0.006,5,5610.084,3657.684
55.080,184.292,-0.006,5,5610.047,3658.508
55.090,184.291,-0.006,5,5610.009,3659.332
55.100,184.289,0.034,5,5609.972,3660.156
55.110,184.297,-0.006,5,5610.202,3660.979
55.120,184.296,-0.006,5,5610.164,3661.803
55.130,184.294,-0.006,5,5610.127,3662.627
55.140,184.293,-0.006,5,5610.089,3663.451
55.150,184.292,-0.006,5,5610.052,3664.275
55.160,184.291,-0.006,5,5610.014,3665.099
55.170,184.290,0.034,5,5609.976,3665.923
55.180,184.297,-0.006,5,5610.207,3666.746
55.190,184.296,-0.006,5,5610.169,3667.570
55.200,184.295,-0.006,5,5610.132,3668.394
55.210,184.293,-0.006,5,5610.094,3669.218
55.220,184.292,-0.006,5,5610.056,3670.042
55.230,184.291,-0.006,5,5610.019,3670.866
55.240,184.290,0.034,5,5609.981,3671.690
55.250,184.297,-0.006,5,5610.212,3672.513
55.260,184.296,-0.006,5,5610.174,3673.337
55.270,184.295,-0.006,5,5610.136,3674.161
55.280,184.294,-0.006,5,5610.099,3674.985
55.290,184.292,-0.006,5,5610.061,3675.809
55.300,184.291,-0.006,5,5610.024,3676.633
55.310,184.290,0.034,5,5609.986,3677.457
55.320,184.297,-0.006,5,5610.216,3678.281
55.330,184.296,-0.006,5,5610.179,3679.104
55.340,184.295,-0.006,5,5610.141,3679.928
55.350,184.294,-0.006,5,5610.104,3680.752
55.360,184.292,-0.006,5,5610.066,3681.576
55.370,184.291,-0.006,5,5610.028,3682.400
55.380,184.290,0.034,5,5609.991,3683.224
55.390,184.298,-0.006,5,5610.221,3684.048
55.400,184.296,-0.006,5,5610.184,3684.871
55.410,184.295,-0.006,5,5610.146,3685.695
55.420,184.294,-0.006,5,5610.108,3686.519
55.430,184.293,-0.006,5,5610.071,3687.343
55.440,184.291,-0.006,5,5610.033,3688.167
55.450,184.290,0.034,5,5609.996,3688.991
55.460,184.298,-0.006,5,5610.226,3689.815
55.470,184.297,-0.006,5,5610.188,3690.639
55.480,184.295,-0.006,5,5610.151,3691.462
55.490,184.294,-0.006,5,5610.113,3692.286
55.500,184.293,-0.006,5,5610.076,3693.110
55.510,184.292,-0.006,5,5610.038,3693.934
55.520,184.290,-0.006,5,5610.000,3694.758
55.530,184.289,0.034,5,5609.963,3695.582
55.540,184.297,-0.006,5,5610.193,3696.406
55.550,184.295,-0.006,5,5610.156,3697.229
55.560,184.294,-0.006,5,5610.118,3698.053
55.570,184.293,-0.006,5,5610.080,3698.877
55.580,184.292,-0.006,5,5610.043,3699.701
55.590,184.291,-0.006,5,5610.005,3700.525
55.600,184.289,0.034,5,5609.968,3701.349
55.610,184.297,-0.006,5,5610.198,3702.173
55.620,184.296,-0.006,5,5610.161,3702.996
55.630,184.294,-0.006,5,5610.123,3703.820
55.640,184.293,-0.006,5,5610.085,3704.644
55.650,184.292,-0.006,5,5610.048,3705.468
55.660,184.291,-0.006,5,5610.010,3706.292
55.670,184.289,0.034,5,5609.973,3707.116
55.680,184.297,-0.006,5,5610.203,3707.940
55.690,184.296,-0.006,5,5610.165,3708.764
55.700,184.295,-0.006,5,5610.128,3709.587
55.710,184.293,-0.006,5,5610.090,3710.411
55.720,184.292,-0.006,5,5610.053,3711.235
55.730,184.291,-0.006,5,5610.015,3712.059
55.740,184.290,0.034,5,5609.977,3712.883
55.750,184.297,-0.006,5,5610.208,3713.707
55.760,184.296,-0.006,5,5610.170,3714.531
55.770,184.295,-0.006,5,5610.133,3715.354
55.780,184.293,-0.006,5,5610.095,3716.178
55.790,184.292,-0.006,5,5610.057,3717.002
55.800,184.291,-0.006,5,5610.020,3717.826
55.810,184.290,0.034,5,5609.982,3718.650
55.820,184.297,-0.006,5,5610.213,3719.474
55.830,184.296,-0.006,5,5610.175,3720.298
55.840,184.295,-0.006,5,5610.137,3721.121
55.850,184.294,-0.006,5,5610.100,3721.945
55.860,184.292,-0.006,5,5610.062,3722.769
55.870,184.291,-0.006,5,5610.025,3723.593
55.880,184.290,0.034,5,5609.987,3724.417
55.890,184.297,-0.006,5,5610.217,3725.241
55.900,184.296,-0.006,5,5610.180,3726.065
55.910,184.295,-0.006,5,5610.142,3726.889
55.920,184.294,-0.006,5,5610.105,3727.712
55.930,184.293,-0.006,5,5610.067,3728.536
55.940,184.291,-0.006,5,5610.029,3729.360
55.950,184.290,0.034,5,5609.992,3730.184
55.960,184.298,-0.006,5,5610.222,3731.008
55.970,184.296,-0.006,5,5610.185,3731.832
55.980,184.295,-0.006,5,5610.147,3732.656
55.990,184.294,-0.006,5,5610.109,3733.479
56.000,184.293,-0.006,5,5610.072,3734.303
56.010,184.291,-0.006,5,5610.034,3735.127
56.020,184.290,0.034,5,5609.997,3735.951
56.030,184.298,-0.006,5,5610.227,3736.775
56.040,184.297,-0.006,5,5610.189,3737.599
56.050,184.295,-0.006,5,5610.152,3738.423
56.060,184.294,-0.006,5,5610.114,3739.247
56.070,184.293,-0.006,5,5610.077,3740.070
56.080,184.292,-0.006,5,5610.039,3740.894
56.090,184.290,-0.006,5,5610.001,3741.718
56.100,184.289,0.034,5,5609.964,3742.542
56.110,184.297,-0.006,5,5610.194,3743.366
56.120,184.295,-0.006,5,5610.157,3744.190
56.130,184.294,-0.006,5,5610.119,3745.014
56.140,184.293,-0.006,5,5610.081,3745.837
56.150,184.292,-0.006,5,5610.044,3746.661
56.160,184.291,-0.006,5,5610.006,3747.485
56.170,184.289,0.034,5,5609.969,3748.309
56.180,184.297,-0.006,5,5610.199,3749.133
56.190,184.296,-0.006,5,5610.162,3749.957
56.200,184.294,-0.006,5,5610.124,3750.781
56.210,184.293,-0.006,5,5610.086,3751.604
56.220,184.292,-0.006,5,5610.049,3752.428
56.230,184.291,-0.006,5,5610.011,3753.252
56.240,184.289,0.034,5,5609.974,3754.076
56.250,184.297,-0.006,5,5610.204,3754.900
56.260,184.296,-0.006,5,5610.166,3755.724
56.270,184.295,-0.006,5,5610.129,3756.548
56.280,184.293,-0.006,5,5610.091,3757.371
56.290,184.292,-0.006,5,5610.054,3758.195
56.300,184.291,-0.006,5,5610.016,3759.019
56.310,184.290,0.034,5,5609.978,3759.843
56.320,184.297,-0.006,5,5610.209,3760.667
56.330,184.296,-0.006,5,5610.171,3761.491
56.340,184.295,-0.006,5,5610.134,3762.315
56.350,184.293,-0.006,5,5610.096,3763.139
56.360,184.292,-0.006,5,5610.058,3763.962
56.370,184.291,-0.006,5,5610.021,3764.786
56.380,184.290,0.034,5,5609.983,3765.610
56.390,184.297,-0.006,5,5610.214,3766.434
56.400,184.296,-0.006,5,5610.176,3767.258
56.410,184.295,-0.006,5,5610.138,3768.082
56.420,184.294,-0.006,5,5610.101,3768.906
56.430,184.292,-0.006,5,5610.063,3769.729
56.440,184.291,-0.006,5,5610.026,3770.553
56.450,184.290,0.034,5,5609.988,3771.377
56.460,184.298,-0.006,5,5610.218,3772.201
56.470,184.296,-0.006,5,5610.181,3773.025
56.480,184.295,-0.006,5,5610.143,3773.849
56.490,184.294,-0.006,5,5610.106,3774.673
56.500,184.293,-0.006,5,5610.068,3775.497
56.510,184.291,-0.006,5,5610.030,3776.320
56.520,184.290,0.034,5,5609.993,3777.144
56.530,184.298,-0.006,5,5610.223,3777.968
56.540,184.296,-0.006,5,5610.186,3778.792
56.550,184.295,-0.006,5,5610.148,3779.616
56.560,184.294,-0.006,5,5610.110,3780.440
56.570,184.293,-0.006,5,5610.073,3781.264
56.580,184.291,-0.006,5,5610.035,3782.087
56.590,184.290,0.034,5,5609.998,3782.911
56.600,184.298,-0.006,5,5610.228,3783.735
56.610,184.297,-0.006,5,5610.190,3784.559
56.620,184.295,-0.006,5,5610.153,3785.383
56.630,184.294,-0.006,5,5610.115,3786.207
56.640,184.293,-0.006,5,5610.078,3787.031
56.650,184.292,-0.006,5,5610.040,3787.855
56.660,184.290,-0.006,5,5610.002,3788.678
56.670,184.289,0.034,5,5609.965,3789.502
56.680,184.297,-0.006,5,5610.195,3790.326
56.690,184.296,-0.006,5,5610.158,3791.150
56.700,184.294,-0.006,5,5610.120,3791.974
56.710,184.293,-0.006,5,5610.082,3792.798
56.720,184.292,-0.006,5,5610.045,3793.622
56.730,184.291,-0.006,5,5610.007,3794.445
56.740,184.289,0.034,5,5609.970,3795.269
56.750,184.297,-0.006,5,5610.200,3796.093
56.760,184.296,-0.006,5,5610.163,3796.917
56.770,184.294,-0.006,5,5610.125,3797.741
56.780,184.293,-0.006,5,5610.087,3798.565
56.790,184.292,-0.006,5,5610.050,3799.389
56.800,184.291,-0.006,5,5610.012,3800.212
56.810,184.289,0.034,5,5609.975,3801.036
56.820,184.297,-0.006,5,5610.205,3801.860
56.830,184.296,-0.006,5,5610.167,3802.684
56.840,184.295,-0.006,5,5610.130,3803.508
56.850,184.293,-0.006,5,5610.092,3804.332
56.860,184.292,-0.006,5,5610.055,3805.156
56.870,184.291,-0.006,5,5610.017,3805.979
56.880,184.290,0.034,5,5609.979,3806.803
56.890,184.297,-0.006,5,5610.210,3807.627
56.900,184.296,-0.006,5,5610.172,3808.451
56.910,184.295,-0.006,5,5610.135,3809.275
56.920,184.294,-0.006,5,5610.097,3810.099
56.930,184.292,-0.006,5,5610.059,3810.923
56.940,184.291,-0.006,5,5610.022,3811.747
56.950,184.290,0.034,5,5609.984,3812.570
56.960,184.297,-0.006,5,5610.215,3813.394
56.970,184.296,-0.006,5,5610.177,3814.218
56.980,184.295,-0.006,5,5610.139,3815.042
56.990,184.294,-0.006,5,5610.102,3815.866
57.000,184.292,-0.006,5,5610.064,3816.690
57.010,184.291,-0.006,5,5610.027,3817.514
57.020,184.290,0.034,5,5609.989,3818.337
57.030,184.298,-0.006,5,5610.219,3819.161
57.040,184.296,-0.006,5,5610.182,3819.985
57.050,184.295,-0.006,5,5610.144,3820.809
57.060,184.294,-0.006,5,5610.107,3821.633
57.070,184.293,-0.006,5,5610.069,3822.457
57.080,184.291,-0.006,5,5610.031,3823.281
57.090,184.290,0.034,5,5609.994,3824.104
57.100,184.298,-0.006,5,5610.224,3824.928
57.110,184.296,-0.006,5,5610.187,3825.752
57.120,184.295,-0.006,5,5610.149,3826.576
57.130,184.294,-0.006,5,5610.111,3827.400
57.140,184.293,-0.006,5,5610.074,3828.224
57.150,184.292,-0.006,5,5610.036,3829.048
57.160,184.290,0.034,5,5609.999,3829.872
57.170,184.298,-0.006,5,5610.229,3830.695
57.180,184.297,-0.006,5,5610.191,3831.519
57.190,184.295,-0.006,5,5610.154,3832.343
57.200,184.294,-0.006,5,5610.116,3833.167
57.210,184.293,-0.006,5,5610.078,3833.991
57.220,184.292,-0.006,5,5610.041,3834.815
57.230,184.290,-0.006,5,5610.003,3835.639
57.240,184.289,0.034,5,5609.966,3836.462
57.250,184.297,-0.006,5,5610.196,3837.286
57.260,184.296,-0.006,5,5610.159,3838.110
57.270,184.294,-0.006,5,5610.121,3838.934
57.280,184.293,-0.006,5,5610.083,3839.758
57.290,184.292,-0.006,5,5610.046,3840.582
57.300,184.291,-0.006,5,5610.008,3841.406
57.310,184.289,0.034,5,5609.971,3842.230
57.320,184.297,-0.006,5,5610.201,3843.053
57.330,184.296,-0.006,5,5610.163,3843.877
57.340,184.294,-0.006,5,5610.126,3844.701
57.350,184.293,-0.006,5,5610.088,3845.525
57.360,184.292,-0.006,5,5610.051,3846.349
57.370,184.291,-0.006,5,5610.013,3847.173
57.380,184.290,0.034,5,5609.976,3847.997
57.390,184.297,-0.006,5,5610.206,3848.820
57.400,184.296,-0.006,5,5610.168,3849.644
57.410,184.295,-0.006,5,5610.131,3850.468
57.420,184.293,-0.006,5,5610.093,3851.292
57.430,184.292,-0.006,5,5610.055,3852.116
57.440,184.291,-0.006,5,5610.018,3852.940
57.450,184.290,0.034,5,5609.980,3853.764
57.460,184.297,-0.006,5,5610.211,3854.587
57.470,184.296,-0.006,5,5610.173,3855.411
57.480,184.295,-0.006,5,5610.136,3856.235
57.490,184.294,-0.006,5,5610.098,3857.059
57.500,184.292,-0.006,5,5610.060,3857.883
57.510,184.291,-0.006,5,5610.023,3858.707
57.520,184.290,0.034,5,5609.985,3859.531
57.530,184.297,-0.006,5,5610.216,3860.355
57.540,184.296,-0.006,5,5610.178,3861.178
57.550,184.295,-0.006,5,5610.140,3862.002
57.560,184.294,-0.006,5,5610.103,3862.826
57.570,184.292,-0.006,5,5610.065,3863.650
57.580,184.291,-0.006,5,5610.028,3864.474
57.590,184.290,0.034,5,5609.990,3865.298
57.600,184.298,-0.006,5,5610.220,3866.122
57.610,184.296,-0.006,5,5610.183,3866.945
57.620,184.295,-0.006,5,5610.145,3867.769
57.630,184.294,-0.006,5,5610.107,3868.593
57.640,184.293,-0.006,5,5610.070,3869.417
57.650,184.291,-0.006,5,5610.032,3870.241
57.660,184.290,0.034,5,5609.995,3871.065
57.670,184.298,-0.006,5,5610.225,3871.889
57.680,184.296,-0.006,5,5610.188,3872.713
57.690,184.295,-0.006,5,5610.150,3873.536
57.700,184.294,-0.006,5,5610.112,3874.360
57.710,184.293,-0.006,5,5610.075,3875.184
57.720,184.292,-0.006,5,5610.037,3876.008
57.730,184.290,0.034,5,5610.000,3876.832
57.740,184.298,-0.006,5,5610.230,3877.656
57.750,184.297,-0.006,5,5610.192,3878.480
57.760,184.295,-0.006,5,5610.155,3879.303
57.770,184.294,-0.006,5,5610.117,3880.127
57.780,184.293,-0.006,5,5610.079,3880.951
57.790,184.292,-0.006,5,5610.042,3881.775
57.800,184.290,-0.006,5,5610.004,3882.599
57.810,184.289,0.034,5,5609.967,3883.423
57.820,184.297,-0.006,5,5610.197,3884.247
57.830,184.296,-0.006,5,5610.160,3885.070
57.840,184.294,-0.006,5,5610.122,3885.894
57.850,184.293,-0.006,5,5610.084,3886.718
57.860,184.292,-0.006,5,5610.047,3887.542
57.870,184.291,-0.006,5,5610.009,3888.366
57.880,184.289,0.034,5,5609.972,3889.190
57.890,184.297,-0.006,5,5610.202,3890.014
57.900,184.296,-0.006,5,5610.164,3890.838
57.910,184.294,-0.006,5,5610.127,3891.661
57.920,184.293,-0.006,5,5610.089,3892.485
57.930,184.292,-0.006,5,5610.052,3893.309
57.940,184.291,-0.006,5,5610.014,3894.133
57.950,184.290,0.034,5,5609.976,3894.957
57.960,184.297,-0.006,5,5610.207,3895.781
57.970,184.296,-0.006,5,5610.169,3896.605
57.980,184.295,-0.006,5,5610.132,3897.428
57.990,184.293,-0.006,5,5610.094,3898.252
58.000,184.292,-0.006,5,5610.056,3899.076
58.010,184.291,-0.006,5,5610.019,3899.900
58.020,184.290,0.034,5,5609.981,3900.724
58.030,184.297,-0.006,5,5610.212,3901.548
58.040,184.296,-0.006,5,5610.174,3902.372
58.050,184.295,-0.006,5,5610.136,3903.195
58.060,184.294,-0.006,5,5610.099,3904.019
58.070,184.292,-0.006,5,5610.061,3904.843
58.080,184.291,-0.006,5,5610.024,3905.667
58.090,184.290,0.034,5,5609.986,3906.491
58.100,184.297,-0.006,5,5610.217,3907.315
58.110,184.296,-0.006,5,5610.179,3908.139
58.120,184.295,-0.006,5,5610.141,3908.963
58.130,184.294,-0.006,5,5610.104,3909.786
58.140,184.292,-0.006,5,5610.066,3910.610
58.150,184.291,-0.006,5,5610.028,3911.434
58.160,184.290,0.034,5,5609.991,3912.258
58.170,184.298,-0.006,5,5610.221,3913.082
58.180,184.296,-0.006,5,5610.184,3913.906
58.190,184.295,-0.006,5,5610.146,3914.730
58.200,184.294,-0.006,5,5610.108,3915.553
58.210,184.293,-0.006,5,5610.071,3916.377
58.220,184.291,-0.006,5,5610.033,3917.201
58.230,184.290,0.034,5,5609.996,3918.025
58.240,184.298,-0.006,5,5610.226,3918.849
58.250,184.297,-0.006,5,5610.188,3919.673
58.260,184.295,-0.006,5,5610.151,3920.497
58.270,184.294,-0.006,5,5610.113,3921.321
58.280,184.293,-0.006,5,5610.076,3922.144
58.290,184.292,-0.006,5,5610.038,3922.968
58.300,184.290,-0.006,5,5610.000,3923.792
58.310,184.289,0.034,5,5609.963,3924.616
58.320,184.297,-0.006,5,5610.193,3925.440
58.330,184.295,-0.006,5,5610.156,3926.264
58.340,184.294,-0.006,5,5610.118,3927.088
58.350,184.293,-0.006,5,5610.080,3927.911
58.360,184.292,-0.006,5,5610.043,3928.735
58.370,184.291,-0.006,5,5610.005,3929.559
58.380,184.289,0.034,5,5609.968,3930.383
58.390,184.297,-0.006,5,5610.198,3931.207
58.400,184.296,-0.006,5,5610.161,3932.031
58.410,184.294,-0.006,5,5610.123,3932.855
58.420,184.293,-0.006,5,5610.085,3933.678
58.430,184.292,-0.006,5,5610.048,3934.502
58.440,184.291,-0.006,5,5610.010,3935.326
58.450,184.289,0.034,5,5609.973,3936.150
58.460,184.297,-0.006,5,5610.203,3936.974
58.470,184.296,-0.006,5,5610.165,3937.798
58.480,184.295,-0.006,5,5610.128,3938.622
58.490,184.293,-0.006,5,5610.090,3939.446
58.500,184.292,-0.006,5,5610.053,3940.269
58.510,184.291,-0.006,5,5610.015,3941.093
58.520,184.290,0.034,5,5609.977,3941.917
58.530,184.297,-0.006,5,5610.208,3942.741
58.540,184.296,-0.006,5,5610.170,3943.565
58.550,184.295,-0.006,5,5610.133,3944.389
58.560,184.293,-0.006,5,5610.095,3945.213
58.570,184.292,-0.006,5,5610.057,3946.036
58.580,184.291,-0.006,5,5610.020,3946.860
58.590,184.290,0.034,5,5609.982,3947.684
58.600,184.297,-0.006,5,5610.213,3948.508
58.610,184.296,-0.006,5,5610.175,3949.332
58.620,184.295,-0.006,5,5610.137,3950.156
58.630,184.294,-0.006,5,5610.100,3950.980
58.640,184.292,-0.006,5,5610.062,3951.803
58.650,184.291,-0.006,5,5610.025,3952.627
58.660,184.290,0.034,5,5609.987,3953.451
58.670,184.297,-0.006,5,5610.218,3954.275
58.680,184.296,-0.006,5,5610.180,3955.099
58.690,184.295,-0.006,5,5610.142,3955.923
58.700,184.294,-0.006,5,5610.105,3956.747
58.710,184.293,-0.006,5,5610.067,3957.571
58.720,184.291,-0.006,5,5610.029,3958.394
58.730,184.290,0.034,5,5609.992,3959.218
58.740,184.298,-0.006,5,5610.222,3960.042
58.750,184.296,-0.006,5,5610.185,3960.866
58.760,184.295,-0.006,5,5610.147,3961.690
58.770,184.294,-0.006,5,5610.109,3962.514
58.780,184.293,-0.006,5,5610.072,3963.338
58.790,184.291,-0.006,5,5610.034,3964.161
58.800,184.290,0.034,5,5609.997,3964.985
58.810,184.298,-0.006,5,5610.227,3965.809
58.820,184.297,-0.006,5,5610.189,3966.633
58.830,184.295,-0.006,5,5610.152,3967.457
58.840,184.294,-0.006,5,5610.114,3968.281
58.850,184.293,-0.006,5,5610.077,3969.105
58.860,184.292,-0.006,5,5610.039,3969.929
58.870,184.290,-0.006,5,5610.001,3970.752
58.880,184.289,0.034,5,5609.964,3971.576
58.890,184.297,-0.006,5,5610.194,3972.400
58.900,184.295,-0.006,5,5610.157,3973.224
58.910,184.294,-0.006,5,5610.119,3974.048
58.920,184.293,-0.006,5,5610.081,3974.872
58.930,184.292,-0.006,5,5610.044,3975.696
58.940,184.291,-0.006,5,5610.006,3976.519
58.950,184.289,0.034,5,5609.969,3977.343
58.960,184.297,-0.006,5,5610.199,3978.167
58.970,184.296,-0.006,5,5610.162,3978.991
58.980,184.294,-0.006,5,5610.124,3979.815
58.990,184.293,-0.006,5,5610.086,3980.639
59.000,184.292,-0.006,5,5610.049,3981.463
59.010,184.291,-0.006,5,5610.011,3982.286
59.020,184.289,0.034,5,5609.974,3983.110
59.030,184.297,-0.006,5,5610.204,3983.934
59.040,184.296,-0.006,5,5610.166,3984.758
59.050,184.295,-0.006,5,5610.129,3985.582
59.060,184.293,-0.006,5,5610.091,3986.406
59.070,184.292,-0.006,5,5610.054,3987.230
59.080,184.291,-0.006,5,5610.016,3988.053
59.090,184.290,0.034,5,5609.978,3988.877
59.100,184.297,-0.006,5,5610.209,3989.701
59.110,184.296,-0.006,5,5610.171,3990.525
59.120,184.295,-0.006,5,5610.134,3991.349
59.130,184.293,-0.006,5,5610.096,3992.173
59.140,184.292,-0.006,5,5610.058,3992.997
59.150,184.291,-0.006,5,5610.021,3993.821
59.160,184.290,0.034,5,5609.983,3994.644
59.170,184.297,-0.006,5,5610.214,3995.468
59.180,184.296,-0.006,5,5610.176,3996.292
59.190,184.295,-0.006,5,5610.138,3997.116
59.200,184.294,-0.006,5,5610.101,3997.940
59.210,184.292,-0.006,5,5610.063,3998.764
59.220,184.291,-0.006,5,5610.026,3999.588
59.230,184.290,0.034,5,5609.988,4000.411
59.240,184.298,-0.006,5,5610.219,4001.235
59.250,184.296,-0.006,5,5610.181,4002.059
59.260,184.295,-0.006,5,5610.143,4002.883
59.270,184.294,-0.006,5,5610.106,4003.707
59.280,184.293,-0.006,5,5610.068,4004.531
59.290,184.291,-0.006,5,5610.030,4005.355
59.300,184.290,0.034,5,5609.993,4006.178
59.310,184.298,-0.006,5,5610.223,4007.002
59.320,184.296,-0.006,5,5610.186,4007.826
59.330,184.295,-0.006,5,5610.148,4008.650
59.340,184.294,-0.006,5,5610.110,4009.474
59.350,184.293,-0.006,5,5610.073,4010.298
59.360,184.291,-0.006,5,5610.035,4011.122
59.370,184.290,0.034,5,5609.998,4011.946
59.380,184.298,-0.006,5,5610.228,4012.769
59.390,184.297,-0.006,5,5610.190,4013.593
59.400,184.295,-0.006,5,5610.153,4014.417
59.410,184.294,-0.006,5,5610.115,4015.241
59.420,184.293,-0.006,5,5610.078,4016.065
59.430,184.292,-0.006,5,5610.040,4016.889
59.440,184.290,-0.006,5,5610.002,4017.713
59.450,184.289,0.034,5,5609.965,4018.536
59.460,184.297,-0.006,5,5610.195,4019.360
59.470,184.296,-0.006,5,5610.158,4020.184
59.480,184.294,-0.006,5,5610.120,4021.008
59.490,184.293,-0.006,5,5610.082,4021.832
59.500,184.292,-0.006,5,5610.045,4022.656
59.510,184.291,-0.006,5,5610.007,4023.480
59.520,184.289,0.034,5,5609.970,4024.304
59.530,184.297,-0.006,5,5610.200,4025.127
59.540,184.296,-0.006,5,5610.163,4025.951
59.550,184.294,-0.006,5,5610.125,4026.775
59.560,184.293,-0.006,5,5610.087,4027.599
59.570,184.292,-0.006,5,5610.050,4028.423
59.580,184.291,-0.006,5,5610.012,4029.247
59.590,184.289,0.034,5,5609.975,4030.071
59.600,184.297,-0.006,5,5610.205,4030.894
59.610,184.296,-0.006,5,5610.167,4031.718
59.620,184.295,-0.006,5,5610.130,4032.542
59.630,184.293,-0.006,5,5610.092,4033.366
59.640,184.292,-0.006,5,5610.055,4034.190
59.650,184.291,-0.006,5,5610.017,4035.014
59.660,184.290,0.034,5,5609.979,4035.838
59.670,184.297,-0.006,5,5610.210,4036.661
59.680,184.296,-0.006,5,5610.172,4037.485
59.690,184.295,-0.006,5,5610.135,4038.309
59.700,184.294,-0.006,5,5610.097,4039.133
59.710,184.292,-0.006,5,5610.059,4039.957
59.720,184.291,-0.006,5,5610.022,4040.781
59.730,184.290,0.034,5,5609.984,4041.605
59.740,184.297,-0.006,5,5610.215,4042.429
59.750,184.296,-0.006,5,5610.177,4043.252
59.760,184.295,-0.006,5,5610.139,4044.076
59.770,184.294,-0.006,5,5610.102,4044.900
59.780,184.292,-0.006,5,5610.064,4045.724
59.790,184.291,-0.006,5,5610.027,4046.548
59.800,184.290,0.034,5,5609.989,4047.372
59.810,184.298,-0.006,5,5610.219,4048.196
59.820,184.296,-0.006,5,5610.182,4049.019
59.830,184.295,-0.006,5,5610.144,4049.843
59.840,184.294,-0.006,5,5610.107,4050.667
59.850,184.293,-0.006,5,5610.069,4051.491
59.860,184.291,-0.006,5,5610.031,4052.315
59.870,184.290,0.034,5,5609.994,4053.139
59.880,184.298,-0.006,5,5610.224,4053.963
59.890,184.296,-0.006,5,5610.187,4054.787
59.900,184.295,-0.006,5,5610.149,4055.610
59.910,184.294,-0.006,5,5610.111,4056.434
59.920,184.293,-0.006,5,5610.074,4057.258
59.930,184.292,-0.006,5,5610.036,4058.082
59.940,184.290,0.034,5,5609.999,4058.906
59.950,184.298,-0.006,5,5610.229,4059.730
59.960,184.297,-0.006,5,5610.191,4060.554
59.970,184.295,-0.006,5,5610.154,4061.377
59.980,184.294,-0.006,5,5610.116,4062.201
59.990,184.293,-0.006,5,5610.079,4063.025
60.000,184.292,-0.006,5,5610.041,4063.849
60.010,184.290,-0.006,5,5610.003,4064.673
60.020,184.289,0.034,5,5609.966,4065.497
60.030,184.297,-0.006,5,5610.196,4066.321
60.040,184.296,-0.006,5,5610.159,4067.144
60.050,184.294,-0.006,5,5610.121,4067.968
60.060,184.293,-0.006,5,5610.083,4068.792
60.070,184.292,-0.006,5,5610.046,4069.616
60.080,184.291,-0.006,5,5610.008,4070.440
60.090,184.289,0.034,5,5609.971,4071.264
60.100,184.297,-0.006,5,5610.201,4072.088
60.110,184.296,-0.006,5,5610.163,4072.912
60.120,184.294,-0.006,5,5610.126,4073.735
60.130,184.293,-0.006,5,5610.088,4074.559
60.140,184.292,-0.006,5,5610.051,4075.383
60.150,184.291,-0.006,5,5610.013,4076.207
60.160,184.290,0.034,5,5609.976,4077.031
60.170,184.297,-0.006,5,5610.206,4077.855
60.180,184.296,-0.006,5,5610.168,4078.679
60.190,184.295,-0.006,5,5610.131,4079.502
60.200,184.293,-0.006,5,5610.093,4080.326
60.210,184.292,-0.006,5,5610.056,4081.150
60.220,184.291,-0.006,5,5610.018,4081.974
60.230,184.290,0.034,5,5609.980,4082.798
60.240,184.297,-0.006,5,5610.211,4083.622
60.250,184.296,-0.006,5,5610.173,4084.446
60.260,184.295,-0.006,5,5610.136,4085.269
60.270,184.294,-0.006,5,5610.098,4086.093
60.280,184.292,-0.006,5,5610.060,4086.917
60.290,184.291,-0.006,5,5610.023,4087.741
60.300,184.290,0.034,5,5609.985,4088.565
60.310,184.297,-0.006,5,5610.216,4089.389
60.320,184.296,-0.006,5,5610.178,4090.213
60.330,184.295,-0.006,5,5610.140,4091.037
60.340,184.294,-0.006,5,5610.103,4091.860
60.350,184.292,-0.006,5,5610.065,4092.684
60.360,184.291,-0.006,5,5610.028,4093.508
60.370,184.290,0.034,5,5609.990,4094.332
60.380,184.298,-0.006,5,5610.220,4095.156
60.390,184.296,-0.006,5,5610.183,4095.980
60.400,184.295,-0.006,5,5610.145,4096.804
60.410,184.294,-0.006,5,5610.108,4097.627
60.420,184.293,-0.006,5,5610.070,4098.451
60.430,184.291,-0.006,5,5610.032,4099.275
60.440,184.290,0.034,5,5609.995,4100.099
60.450,184.298,-0.006,5,5610.225,4100.923
60.460,184.296,-0.006,5,5610.188,4101.747
60.470,184.295,-0.006,5,5610.150,4102.571
60.480,184.294,-0.006,5,5610.112,4103.395
60.490,184.293,-0.006,5,5610.075,4104.218
60.500,184.292,-0.006,5,5610.037,4105.042
60.510,184.290,0.034,5,5610.000,4105.866
60.520,184.298,-0.006,5,5610.230,4106.690
60.530,184.297,-0.006,5,5610.192,4107.514
60.540,184.295,-0.006,5,5610.155,4108.338
60.550,184.294,-0.006,5,5610.117,4109.162
60.560,184.293,-0.006,5,5610.079,4109.985
60.570,184.292,-0.006,5,5610.042,4110.809
60.580,184.290,-0.006,5,5610.004,4111.633
60.590,184.289,0.034,5,5609.967,4112.457
60.600,184.297,-0.006,5,5610.197,4113.281
60.610,184.296,-0.006,5,5610.160,4114.105
60.620,184.294,-0.006,5,5610.122,4114.929
60.630,184.293,-0.006,5,5610.084,4115.752
60.640,184.292,-0.006,5,5610.047,4116.576
60.650,184.291,-0.006,5,5610.009,4117.400
60.660,184.289,0.034,5,5609.972,4118.224
60.670,184.297,-0.006,5,5610.202,4119.048
60.680,184.296,-0.006,5,5610.164,4119.872
60.690,184.294,-0.006,5,5610.127,4120.696
60.700,184.293,-0.006,5,5610.089,4121.520
60.710,184.292,-0.006,5,5610.052,4122.343
60.720,184.291,-0.006,5,5610.014,4123.167
60.730,184.290,0.034,5,5609.976,4123.991
60.740,184.297,-0.006,5,5610.207,4124.815
60.750,184.296,-0.006,5,5610.169,4125.639
60.760,184.295,-0.006,5,5610.132,4126.463
60.770,184.293,-0.006,5,5610.094,4127.287
60.780,184.292,-0.006,5,5610.056,4128.110
60.790,184.291,-0.006,5,5610.019,4128.934
60.800,184.290,0.034,5,5609.981,4129.758
60.810,184.297,-0.006,5,5610.212,4130.582
60.820,184.296,-0.006,5,5610.174,4131.406
60.830,184.295,-0.006,5,5610.136,4132.230
60.840,184.294,-0.006,5,5610.099,4133.054
60.850,184.292,-0.006,5,5610.061,4133.877
60.860,184.291,-0.006,5,5610.024,4134.701
60.870,184.290,0.034,5,5609.986,4135.525
60.880,184.297,-0.006,5,5610.217,4136.349
60.890,184.296,-0.006,5,5610.179,4137.173
60.900,184.295,-0.006,5,5610.141,4137.997
60.910,184.294,-0.006,5,5610.104,4138.821
60.920,184.292,-0.006,5,5610.066,4139.645
60.930,184.291,-0.006,5,5610.028,4140.468
60.940,184.290,0.034,5,5609.991,4141.292
60.950,184.298,-0.006,5,5610.221,4142.116
60.960,184.296,-0.006,5,5610.184,4142.940
60.970,184.295,-0.006,5,5610.146,4143.764
60.980,184.294,-0.006,5,5610.108,4144.588
60.990,184.293,-0.006,5,5610.071,4145.412
61.000,184.291,-0.006,5,5610.033,4146.235
61.010,184.290,0.034,5,5609.996,4147.059
61.020,184.298,-0.006,5,5610.226,4147.883
61.030,184.297,-0.006,5,5610.188,4148.707
61.040,184.295,-0.006,5,5610.151,4149.531
61.050,184.294,-0.006,5,5610.113,4150.355
61.060,184.293,-0.006,5,5610.076,4151.179
61.070,184.292,-0.006,5,5610.038,4152.003
61.080,184.290,-0.006,5,5610.000,4152.826
61.090,184.289,0.034,5,5609.963,4153.650
61.100,184.297,-0.006,5,5610.193,4154.474
61.110,184.295,-0.006,5,5610.156,4155.298
61.120,184.294,-0.006,5,5610.118,4156.122
61.130,184.293,-0.006,5,5610.081,4156.946
61.140,184.292,-0.006,5,5610.043,4157.770
61.150,184.291,-0.006,5,5610.005,4158.593
61.160,184.289,0.034,5,5609.968,4159.417
61.170,184.297,-0.006,5,5610.198,4160.241
61.180,184.296,-0.006,5,5610.161,4161.065
61.190,184.294,-0.006,5,5610.123,4161.889
61.200,184.293,-0.006,5,5610.085,4162.713
61.210,184.292,-0.006,5,5610.048,4163.537
61.220,184.291,-0.006,5,5610.010,4164.360
61.230,184.289,0.034,5,5609.973,4165.184
61.240,184.297,-0.006,5,5610.203,4166.008
61.250,184.296,-0.006,5,5610.165,4166.832
61.260,184.295,-0.006,5,5610.128,4167.656
61.270,184.293,-0.006,5,5610.090,4168.480
61.280,184.292,-0.006,5,5610.053,4169.304
61.290,184.291,-0.006,5,5610.015,4170.128
61.300,184.290,0.034,5,5609.977,4170.951
61.310,184.297,-0.006,5,5610.208,4171.775
61.320,184.296,-0.006,5,5610.170,4172.599
61.330,184.295,-0.006,5,5610.133,4173.423
61.340,184.293,-0.006,5,5610.095,4174.247
61.350,184.292,-0.006,5,5610.057,4175.071
61.360,184.291,-0.006,5,5610.020,4175.895
61.370,184.290,0.034,5,5609.982,4176.718
61.380,184.297,-0.006,5,5610.213,4177.542
61.390,184.296,-0.006,5,5610.175,4178.366
61.400,184.295,-0.006,5,5610.137,4179.190
61.410,184.294,-0.006,5,5610.100,4180.014
61.420,184.292,-0.006,5,5610.062,4180.838
61.430,184.291,-0.006,5,5610.025,4181.662
61.440,184.290,0.034,5,5609.987,4182.485
61.450,184.297,-0.006,5,5610.218,4183.309
61.460,184.296,-0.006,5,5610.180,4184.133
61.470,184.295,-0.006,5,5610.142,4184.957
61.480,184.294,-0.006,5,5610.105,4185.781
61.490,184.293,-0.006,5,5610.067,4186.605
61.500,184.291,-0.006,5,5610.029,4187.429
61.510,184.290,0.034,5,5609.992,4188.253
61.520,184.298,-0.006,5,5610.222,4189.076
61.530,184.296,-0.006,5,5610.185,4189.900
61.540,184.295,-0.006,5,5610.147,4190.724
61.550,184.294,-0.006,5,5610.109,4191.548
61.560,184.293,-0.006,5,5610.072,4192.372
61.570,184.291,-0.006,5,5610.034,4193.196
61.580,184.290,0.034,5,5609.997,4194.020
61.590,184.298,-0.006,5,5610.227,4194.843
61.600,184.297,-0.006,5,5610.189,4195.667
61.610,184.295,-0.006,5,5610.152,4196.491
61.620,184.294,-0.006,5,5610.114,4197.315
61.630,184.293,-0.006,5,5610.077,4198.139
61.640,184.292,-0.006,5,5610.039,4198.963
61.650,184.290,-0.006,5,5610.001,4199.787
61.660,184.289,0.034,5,5609.964,4200.610
61.670,184.297,-0.006,5,5610.194,4201.434
61.680,184.295,-0.006,5,5610.157,4202.258
61.690,184.294,-0.006,5,5610.119,4203.082
61.700,184.293,-0.006,5,5610.082,4203.906
61.710,184.292,-0.006,5,5610.044,4204.730
61.720,184.291,-0.006,5,5610.006,4205.554
61.730,184.289,0.034,5,5609.969,4206.378
61.740,184.297,-0.006,5,5610.199,4207.201
61.750,184.296,-0.006,5,5610.162,4208.025
61.760,184.294,-0.006,5,5610.124,4208.849
61.770,184.293,-0.006,5,5610.086,4209.673
61.780,184.292,-0.006,5,5610.049,4210.497
61.790,184.291,-0.006,5,5610.011,4211.321
61.800,184.289,0.034,5,5609.974,4212.145
61.810,184.297,-0.006,5,5610.204,4212.968
61.820,184.296,-0.006,5,5610.166,4213.792
61.830,184.295,-0.006,5,5610.129,4214.616
61.840,184.293,-0.006,5,5610.091,4215.440
61.850,184.292,-0.006,5,5610.054,4216.264
61.860,184.291,-0.006,5,5610.016,4217.088
61.870,184.290,0.034,5,5609.978,4217.912
61.880,184.297,-0.006,5,5610.209,4218.735
61.890,184.296,-0.006,5,5610.171,4219.559
61.900,184.295,-0.006,5,5610.134,4220.383
61.910,184.293,-0.006,5,5610.096,4221.207
61.920,184.292,-0.006,5,5610.058,4222.031
61.930,184.291,-0.006,5,5610.021,4222.855
61.940,184.290,0.034,5,5609.983,4223.679
61.950,184.297,-0.006,5,5610.214,4224.503
61.960,184.296,-0.006,5,5610.176,4225.326
61.970,184.295,-0.006,5,5610.138,4226.150
61.980,184.294,-0.006,5,5610.101,4226.974
61.990,184.292,-0.006,5,5610.063,4227.798
62.000,184.291,-0.006,5,5610.026,4228.622
62.010,184.290,0.034,5,5609.988,4229.446
62.020,184.298,-0.006,5,5610.219,4230.270
62.030,184.296,-0.006,5,5610.181,4231.093
62.040,184.295,-0.006,5,5610.143,4231.917
62.050,184.294,-0.006,5,5610.106,4232.741
62.060,184.293,-0.006,5,5610.068,4233.565
62.070,184.291,-0.006,5,5610.030,4234.389
62.080,184.290,0.034,5,5609.993,4235.213
62.090,184.298,-0.006,5,5610.223,4236.037
62.100,184.296,-0.006,5,5610.186,4236.861
62.110,184.295,-0.006,5,5610.148,4237.684
62.120,184.294,-0.006,5,5610.110,4238.508
62.130,184.293,-0.006,5,5610.073,4239.332
62.140,184.291,-0.006,5,5610.035,4240.156
62.150,184.290,0.034,5,5609.998,4240.980
62.160,184.298,-0.006,5,5610.228,4241.804
62.170,184.297,-0.006,5,5610.190,4242.628
62.180,184.295,-0.006,5,5610.153,4243.451
62.190,184.294,-0.006,5,5610.115,4244.275
62.200,184.293,-0.006,5,5610.078,4245.099
62.210,184.292,-0.006,5,5610.040,4245.923
62.220,184.290,-0.006,5,5610.002,4246.747
62.230,184.289,0.034,5,5609.965,4247.571
62.240,184.297,-0.006,5,5610.195,4248.395
62.250,184.296,-0.006,5,5610.158,4249.218
62.260,184.294,-0.006,5,5610.120,4250.042
62.270,184.293,-0.006,5,5610.082,4250.866
62.280,184.292,-0.006,5,5610.045,4251.690
62.290,184.291,-0.006,5,5610.007,4252.514
62.300,184.289,0.034,5,5609.970,4253.338
62.310,184.297,-0.006,5,5610.200,4254.162
62.320,184.296,-0.006,5,5610.163,4254.986
62.330,184.294,-0.006,5,5610.125,4255.809
62.340,184.293,-0.006,5,5610.087,4256.633
62.350,184.292,-0.006,5,5610.050,4257.457
62.360,184.291,-0.006,5,5610.012,4258.281
62.370,184.289,0.034,5,5609.975,4259.105
62.380,184.297,-0.006,5,5610.205,4259.929
62.390,184.296,-0.006,5,5610.167,4260.753
62.400,184.295,-0.006,5,5610.130,4261.576
62.410,184.293,-0.006,5,5610.092,4262.400
62.420,184.292,-0.006,5,5610.055,4263.224
62.430,184.291,-0.006,5,5610.017,4264.048
62.440,184.290,0.034,5,5609.979,4264.872
62.450,184.297,-0.006,5,5610.210,4265.696
62.460,184.296,-0.006,5,5610.172,4266.520
62.470,184.295,-0.006,5,5610.135,4267.343
62.480,184.294,-0.006,5,5610.097,4268.167
62.490,184.292,-0.006,5,5610.059,4268.991
62.500,184.291,-0.006,5,5610.022,4269.815
62.510,184.290,0.034,5,5609.984,4270.639
62.520,184.297,-0.006,5,5610.215,4271.463
62.530,184.296,-0.006,5,5610.177,4272.287
62.540,184.295,-0.006,5,5610.139,4273.111
62.550,184.294,-0.006,5,5610.102,4273.934
62.560,184.292,-0.006,5,5610.064,4274.758
62.570,184.291,-0.006,5,5610.027,4275.582
62.580,184.290,0.034,5,5609.989,4276.406
62.590,184.298,-0.006,5,5610.220,4277.230
62.600,184.296,-0.006,5,5610.182,4278.054
62.610,184.295,-0.006,5,5610.144,4278.878
62.620,184.294,-0.006,5,5610.107,4279.701
62.630,184.293,-0.006,5,5610.069,4280.525
62.640,184.291,-0.006,5,5610.031,4281.349
62.650,184.290,0.034,5,5609.994,4282.173
62.660,184.298,-0.006,5,5610.224,4282.997
62.670,184.296,-0.006,5,5610.187,4283.821
62.680,184.295,-0.006,5,5610.149,4284.645
62.690,184.294,-0.006,5,5610.111,4285.469
62.700,184.293,-0.006,5,5610.074,4286.292
62.710,184.292,-0.006,5,5610.036,4287.116
62.720,184.290,0.034,5,5609.999,4287.940
62.730,184.298,-0.006,5,5610.229,4288.764
62.740,184.297,-0.006,5,5610.191,4289.588
62.750,184.295,-0.006,5,5610.154,4290.412
62.760,184.294,-0.006,5,5610.116,4291.236
62.770,184.293,-0.006,5,5610.079,4292.059
62.780,184.292,-0.006,5,5610.041,4292.883
62.790,184.290,-0.006,5,5610.003,4293.707
62.800,184.289,0.034,5,5609.966,4294.531
62.810,184.297,-0.006,5,5610.196,4295.355
62.820,184.296,-0.006,5,5610.159,4296.179
62.830,184.294,-0.006,5,5610.121,4297.003
62.840,184.293,-0.006,5,5610.083,4297.826
62.850,184.292,-0.006,5,5610.046,4298.650
62.860,184.291,-0.006,5,5610.008,4299.474
62.870,184.289,0.034,5,5609.971,4300.298
62.880,184.297,-0.006,5,5610.201,4301.122
62.890,184.296,-0.006,5,5610.164,4301.946
62.900,184.294,-0.006,5,5610.126,4302.770
62.910,184.293,-0.006,5,5610.088,4303.594
62.920,184.292,-0.006,5,5610.051,4304.417
62.930,184.291,-0.006,5,5610.013,4305.241
62.940,184.290,0.034,5,5609.976,4306.065
62.950,184.297,-0.006,5,5610.206,4306.889
62.960,184.296,-0.006,5,5610.168,4307.713
62.970,184.295,-0.006,5,5610.131,4308.537
62.980,184.293,-0.006,5,5610.093,4309.361
62.990,184.292,-0.006,5,5610.056,4310.184
63.000,184.291,-0.006,5,5610.018,4311.008
63.010,184.290,0.034,5,5609.980,4311.832
63.020,184.297,-0.006,5,5610.211,4312.656
63.030,184.296,-0.006,5,5610.173,4313.480
63.040,184.295,-0.006,5,5610.136,4314.304
63.050,184.294,-0.006,5,5610.098,4315.128
63.060,184.292,-0.006,5,5610.060,4315.951
63.070,184.291,-0.006,5,5610.023,4316.775
63.080,184.290,0.034,5,5609.985,4317.599
63.090,184.297,-0.006,5,5610.216,4318.423
63.100,184.296,-0.006,5,5610.178,4319.247
63.110,184.295,-0.006,5,5610.140,4320.071
63.120,184.294,-0.006,5,5610.103,4320.895
63.130,184.292,-0.006,5,5610.065,4321.719
63.140,184.291,-0.006,5,5610.028,4322.542
63.150,184.290,0.034,5,5609.990,4323.366
63.160,184.298,-0.006,5,5610.220,4324.190
63.170,184.296,-0.006,5,5610.183,4325.014
63.180,184.295,-0.006,5,5610.145,4325.838
63.190,184.294,-0.006,5,5610.108,4326.662
63.200,184.293,-0.006,5,5610.070,4327.486
63.210,184.291,-0.006,5,5610.032,4328.309
63.220,184.290,0.034,5,5609.995,4329.133
63.230,184.298,-0.006,5,5610.225,4329.957
63.240,184.296,-0.006,5,5610.188,4330.781
63.250,184.295,-0.006,5,5610.150,4331.605
63.260,184.294,-0.006,5,5610.112,4332.429
63.270,184.293,-0.006,5,5610.075,4333.253
63.280,184.292,-0.006,5,5610.037,4334.077
63.290,184.290,0.034,5,5610.000,4334.900
63.300,184.298,-0.006,5,5610.230,4335.724
63.310,184.297,-0.006,5,5610.192,4336.548
63.320,184.295,-0.006,5,5610.155,4337.372
63.330,184.294,-0.006,5,5610.117,4338.196
63.340,184.293,-0.006,5,5610.080,4339.020
63.350,184.292,-0.006,5,5610.042,4339.844
63.360,184.290,-0.006,5,5610.004,4340.667
63.370,184.289,0.034,5,5609.967,4341.491
63.380,184.297,-0.006,5,5610.197,4342.315
63.390,184.296,-0.006,5,5610.160,4343.139
63.400,184.294,-0.006,5,5610.122,4343.963
63.410,184.293,-0.006,5,5610.084,4344.787
63.420,184.292,-0.006,5,5610.047,4345.611
63.430,184.291,-0.006,5,5610.009,4346.434
63.440,184.289,0.034,5,5609.972,4347.258
63.450,184.297,-0.006,5,5610.202,4348.082
63.460,184.296,-0.006,5,5610.164,4348.906
63.470,184.294,-0.006,5,5610.127,4349.730
63.480,184.293,-0.006,5,5610.089,4350.554
63.490,184.292,-0.006,5,5610.052,4351.378
63.500,184.291,-0.006,5,5610.014,4352.202
63.510,184.290,0.034,5,5609.977,4353.025
63.520,184.297,-0.006,5,5610.207,4353.849
63.530,184.296,-0.006,5,5610.169,4354.673
63.540,184.295,-0.006,5,5610.132,4355.497
63.550,184.293,-0.006,5,5610.094,4356.321
63.560,184.292,-0.006,5,5610.056,4357.145
63.570,184.291,-0.006,5,5610.019,4357.969
63.580,184.290,0.034,5,5609.981,4358.792
63.590,184.297,-0.006,5,5610.212,4359.616
63.600,184.296,-0.006,5,5610.174,4360.440
63.610,184.295,-0.006,5,5610.136,4361.264
63.620,184.294,-0.006,5,5610.099,4362.088
63.630,184.292,-0.006,5,5610.061,4362.912
63.640,184.291,-0.006,5,5610.024,4363.736
63.650,184.290,0.034,5,5609.986,4364.559
63.660,184.297,-0.006,5,5610.217,4365.383
63.670,184.296,-0.006,5,5610.179,4366.207
63.680,184.295,-0.006,5,5610.141,4367.031
63.690,184.294,-0.006,5,5610.104,4367.855
63.700,184.292,-0.006,5,5610.066,4368.679
63.710,184.291,-0.006,5,5610.029,4369.503
63.720,184.290,0.034,5,5609.991,4370.327
63.730,184.298,-0.006,5,5610.221,4371.150
63.740,184.296,-0.006,5,5610.184,4371.974
63.750,184.295,-0.006,5,5610.146,4372.798
63.760,184.294,-0.006,5,5610.108,4373.622
63.770,184.293,-0.006,5,5610.071,4374.446
63.780,184.291,-0.006,5,5610.033,4375.270
63.790,184.290,0.034,5,5609.996,4376.094
63.800,184.298,-0.006,5,5610.226,4376.917
63.810,184.297,-0.006,5,5610.189,4377.741
63.820,184.295,-0.006,5,5610.151,4378.565
63.830,184.294,-0.006,5,5610.113,4379.389
63.840,184.293,-0.006,5,5610.076,4380.213
63.850,184.292,-0.006,5,5610.038,4381.037
63.860,184.290,-0.006,5,5610.001,4381.861
63.870,184.289,0.034,5,5609.963,4382.685
63.880,184.297,-0.006,5,5610.193,4383.508
63.890,184.295,-0.006,5,5610.156,4384.332
63.900,184.294,-0.006,5,5610.118,4385.156
63.910,184.293,-0.006,5,5610.081,4385.980
63.920,184.292,-0.006,5,5610.043,4386.804
63.930,184.291,-0.006,5,5610.005,4387.628
63.940,184.289,0.034,5,5609.968,4388.452
63.950,184.297,-0.006,5,5610.198,4389.275
63.960,184.296,-0.006,5,5610.161,4390.099
63.970,184.294,-0.006,5,5610.123,4390.923
63.980,184.293,-0.006,5,5610.085,4391.747
63.990,184.292,-0.006,5,5610.048,4392.571
64.000,184.291,-0.006,5,5610.010,4393.395
64.010,184.289,0.034,5,5609.973,4394.219
64.020,184.297,-0.006,5,5610.203,4395.042
64.030,184.296,-0.006,5,5610.165,4395.866
64.040,184.295,-0.006,5,5610.128,4396.690
64.050,184.293,-0.006,5,5610.090,4397.514
64.060,184.292,-0.006,5,5610.053,4398.338
64.070,184.291,-0.006,5,5610.015,4399.162
64.080,184.290,0.034,5,5609.978,4399.986
64.090,184.297,-0.006,5,5610.208,4400.809
64.100,184.296,-0.006,5,5610.170,4401.633
64.110,184.295,-0.006,5,5610.133,4402.457
64.120,184.293,-0.006,5,5610.095,4403.281
64.130,184.292,-0.006,5,5610.057,4404.105
64.140,184.291,-0.006,5,5610.020,4404.929
64.150,184.290,0.034,5,5609.982,4405.753
64.160,184.297,-0.006,5,5610.213,4406.577
64.170,184.296,-0.006,5,5610.175,4407.400
64.180,184.295,-0.006,5,5610.138,4408.224
64.190,184.294,-0.006,5,5610.100,4409.048
64.200,184.292,-0.006,5,5610.062,4409.872
64.210,184.291,-0.006,5,5610.025,4410.696
64.220,184.290,0.034,5,5609.987,4411.520
64.230,184.297,-0.006,5,5610.218,4412.344
64.240,184.296,-0.006,5,5610.180,4413.167
64.250,184.295,-0.006,5,5610.142,4413.991
64.260,184.294,-0.006,5,5610.105,4414.815
64.270,184.293,-0.006,5,5610.067,4415.639
64.280,184.291,-0.006,5,5610.030,4416.463
64.290,184.290,0.034,5,5609.992,4417.287
64.300,184.298,-0.006,5,5610.222,4418.111
64.310,184.296,-0.006,5,5610.185,4418.935
64.320,184.295,-0.006,5,5610.147,4419.758
64.330,184.294,-0.006,5,5610.109,4420.582
64.340,184.293,-0.006,5,5610.072,4421.406
64.350,184.291,-0.006,5,5610.034,4422.230
64.360,184.290,0.034,5,5609.997,4423.054
64.370,184.298,-0.006,5,5610.227,4423.878
64.380,184.297,-0.006,5,5610.190,4424.702
64.390,184.295,-0.006,5,5610.152,4425.525
64.400,184.294,-0.006,5,5610.114,4426.349
64.410,184.293,-0.006,5,5610.077,4427.173
64.420,184.292,-0.006,5,5610.039,4427.997
64.430,184.290,-0.006,5,5610.002,4428.821
64.440,184.289,0.034,5,5609.964,4429.645
64.450,184.297,-0.006,5,5610.194,4430.469
64.460,184.295,-0.006,5,5610.157,4431.292
64.470,184.294,-0.006,5,5610.119,4432.116
64.480,184.293,-0.006,5,5610.082,4432.940
64.490,184.292,-0.006,5,5610.044,4433.764
64.500,184.291,-0.006,5,5610.006,4434.588
64.510,184.289,0.034,5,5609.969,4435.412
64.520,184.297,-0.006,5,5610.199,4436.236
64.530,184.296,-0.006,5,5610.162,4437.060
64.540,184.294,-0.006,5,5610.124,4437.883
64.550,184.293,-0.006,5,5610.086,4438.707
64.560,184.292,-0.006,5,5610.049,4439.531
64.570,184.291,-0.006,5,5610.011,4440.355
64.580,184.289,0.034,5,5609.974,4441.179
64.590,184.297,-0.006,5,5610.204,4442.003
64.600,184.296,-0.006,5,5610.166,4442.827
64.610,184.295,-0.006,5,5610.129,4443.650
64.620,184.293,-0.006,5,5610.091,4444.474
64.630,184.292,-0.006,5,5610.054,4445.298
64.640,184.291,-0.006,5,5610.016,4446.122
64.650,184.290,0.034,5,5609.979,4446.946
64.660,184.297,-0.006,5,5610.209,4447.770
64.670,184.296,-0.006,5,5610.171,4448.594
64.680,184.295,-0.006,5,5610.134,4449.417
64.690,184.293,-0.006,5,5610.096,4450.241
64.700,184.292,-0.006,5,5610.058,4451.065
64.710,184.291,-0.006,5,5610.021,4451.889
64.720,184.290,0.034,5,5609.983,4452.713
64.730,184.297,-0.006,5,5610.214,4453.537
64.740,184.296,-0.006,5,5610.176,4454.361
64.750,184.295,-0.006,5,5610.139,4455.185
64.760,184.294,-0.006,5,5610.101,4456.008
64.770,184.292,-0.006,5,5610.063,4456.832
64.780,184.291,-0.006,5,5610.026,4457.656
64.790,184.290,0.034,5,5609.988,4458.480
64.800,184.298,-0.006,5,5610.219,4459.304
64.810,184.296,-0.006,5,5610.181,4460.128
64.820,184.295,-0.006,5,5610.143,4460.952
64.830,184.294,-0.006,5,5610.106,4461.775
64.840,184.293,-0.006,5,5610.068,4462.599
64.850,184.291,-0.006,5,5610.031,4463.423
64.860,184.290,0.034,5,5609.993,4464.247
64.870,184.298,-0.006,5,5610.223,4465.071
64.880,184.296,-0.006,5,5610.186,4465.895
64.890,184.295,-0.006,5,5610.148,4466.719
64.900,184.294,-0.006,5,5610.110,4467.543
64.910,184.293,-0.006,5,5610.073,4468.366
64.920,184.291,-0.006,5,5610.035,4469.190
64.930,184.290,0.034,5,5609.998,4470.014
64.940,184.298,-0.006,5,5610.228,4470.838
64.950,184.297,-0.006,5,5610.191,4471.662
64.960,184.295,-0.006,5,5610.153,4472.486
64.970,184.294,-0.006,5,5610.115,4473.310
64.980,184.293,-0.006,5,5610.078,4474.133
64.990,184.292,-0.006,5,5610.040,4474.957
65.000,184.290,-0.006,5,5610.002,4475.781
65.010,184.289,0.034,5,5609.965,4476.605
65.020,184.297,-0.006,5,5610.195,4477.429
65.030,184.296,-0.006,5,5610.158,4478.253
65.040,184.294,-0.006,5,5610.120,4479.077
65.050,184.293,-0.006,5,5610.083,4479.900
65.060,184.292,-0.006,5,5610.045,4480.724
65.070,184.291,-0.006,5,5610.007,4481.548
65.080,184.289,0.034,5,5609.970,4482.372
65.090,184.297,-0.006,5,5610.200,4483.196
65.100,184.296,-0.006,5,5610.163,4484.020
65.110,184.294,-0.006,5,5610.125,4484.844
65.120,184.293,-0.006,5,5610.087,4485.668
65.130,184.292,-0.006,5,5610.050,4486.491
65.140,184.291,-0.006,5,5610.012,4487.315
65.150,184.289,0.034,5,5609.975,4488.139
65.160,184.297,-0.006,5,5610.205,4488.963
65.170,184.296,-0.006,5,5610.167,4489.787
65.180,184.295,-0.006,5,5610.130,4490.611
65.190,184.293,-0.006,5,5610.092,4491.435
65.200,184.292,-0.006,5,5610.055,4492.258
65.210,184.291,-0.006,5,5610.017,4493.082
65.220,184.290,0.034,5,5609.979,4493.906
65.230,184.297,-0.006,5,5610.210,4494.730
65.240,184.296,-0.006,5,5610.172,4495.554
65.250,184.295,-0.006,5,5610.135,4496.378
65.260,184.294,-0.006,5,5610.097,4497.202
65.270,184.292,-0.006,5,5610.059,4498.025
65.280,184.291,-0.006,5,5610.022,4498.849
65.290,184.290,0.034,5,5609.984,4499.673
65.300,184.297,-0.006,5,5610.215,4500.497
65.310,184.296,-0.006,5,5610.177,4501.321
65.320,184.295,-0.006,5,5610.139,4502.145
65.330,184.294,-0.006,5,5610.102,4502.969
65.340,184.292,-0.006,5,5610.064,4503.793
65.350,184.291,-0.006,5,5610.027,4504.616
65.360,184.290,0.034,5,5609.989,4505.440
65.370,184.298,-0.006,5,5610.220,4506.264
65.380,184.296,-0.006,5,5610.182,4507.088
65.390,184.295,-0.006,5,5610.144,4507.912
65.400,184.294,-0.006,5,5610.107,4508.736
65.410,184.293,-0.006,5,5610.069,4509.560
65.420,184.291,-0.006,5,5610.031,4510.383
65.430,184.290,0.034,5,5609.994,4511.207
65.440,184.298,-0.006,5,5610.224,4512.031
65.450,184.296,-0.006,5,5610.187,4512.855
65.460,184.295,-0.006,5,5610.149,4513.679
65.470,184.294,-0.006,5,5610.111,4514.503
65.480,184.293,-0.006,5,5610.074,4515.327
65.490,184.292,-0.006,5,5610.036,4516.151
65.500,184.290,0.034,5,5609.999,4516.974
65.510,184.298,-0.006,5,5610.229,4517.798
65.520,184.297,-0.006,5,5610.191,4518.622
65.530,184.295,-0.006,5,5610.154,4519.446
65.540,184.294,-0.006,5,5610.116,4520.270
65.550,184.293,-0.006,5,5610.079,4521.094
65.560,184.292,-0.006,5,5610.041,4521.918
65.570,184.290,-0.006,5,5610.003,4522.741
65.580,184.289,0.034,5,5609.966,4523.565
65.590,184.297,-0.006,5,5610.196,4524.389
65.600,184.296,-0.006,5,5610.159,4525.213
65.610,184.294,-0.006,5,5610.121,4526.037
65.620,184.293,-0.006,5,5610.083,4526.861
65.630,184.292,-0.006,5,5610.046,4527.685
65.640,184.291,-0.006,5,5610.008,4528.508
65.650,184.289,0.034,5,5609.971,4529.332
65.660,184.297,-0.006,5,5610.201,4530.156
65.670,184.296,-0.006,5,5610.164,4530.980
65.680,184.294,-0.006,5,5610.126,4531.804
65.690,184.293,-0.006,5,5610.088,4532.628
65.700,184.292,-0.006,5,5610.051,4533.452
65.710,184.291,-0.006,5,5610.013,4534.276
65.720,184.290,0.034,5,5609.976,4535.099
65.730,184.297,-0.006,5,5610.206,4535.923
65.740,184.296,-0.006,5,5610.168,4536.747
65.750,184.295,-0.006,5,5610.131,4537.571
65.760,184.293,-0.006,5,5610.093,4538.395
65.770,184.292,-0.006,5,5610.056,4539.219
65.780,184.291,-0.006,5,5610.018,4540.043
65.790,184.290,0.034,5,5609.980,4540.866
65.800,184.297,-0.006,5,5610.211,4541.690
65.810,184.296,-0.006,5,5610.173,4542.514
65.820,184.295,-0.006,5,5610.136,4543.338
65.830,184.294,-0.006,5,5610.098,4544.162
65.840,184.292,-0.006,5,5610.060,4544.986
65.850,184.291,-0.006,5,5610.023,4545.810
65.860,184.290,0.034,5,5609.985,4546.633
65.870,184.297,-0.006,5,5610.216,4547.457
65.880,184.296,-0.006,5,5610.178,4548.281
65.890,184.295,-0.006,5,5610.140,4549.105
65.900,184.294,-0.006,5,5610.103,4549.929
65.910,184.292,-0.006,5,5610.065,4550.753
65.920,184.291,-0.006,5,5610.028,4551.577
65.930,184.290,0.034,5,5609.990,4552.401
65.940,184.298,-0.006,5,5610.220,4553.224
65.950,184.296,-0.006,5,5610.183,4554.048
65.960,184.295,-0.006,5,5610.145,4554.872
65.970,184.294,-0.006,5,5610.108,4555.696
65.980,184.293,-0.006,5,5610.070,4556.520
65.990,184.291,-0.006,5,5610.032,4557.344
66.000,184.290,0.034,5,5609.995,4558.168
66.010,184.298,-0.006,5,5610.225,4558.991
66.020,184.296,-0.006,5,5610.188,4559.815
66.030,184.295,-0.006,5,5610.150,4560.639
66.040,184.294,-0.006,5,5610.112,4561.463
66.050,184.293,-0.006,5,5610.075,4562.287
66.060,184.292,-0.006,5,5610.037,4563.111
66.070,184.290,0.034,5,5610.000,4563.935
66.080,184.298,-0.006,5,5610.230,4564.759
66.090,184.297,-0.006,5,5610.192,4565.582
66.100,184.295,-0.006,5,5610.155,4566.406
66.110,184.294,-0.006,5,5610.117,4567.230
66.120,184.293,-0.006,5,5610.080,4568.054
66.130,184.292,-0.006,5,5610.042,4568.878
66.140,184.290,-0.006,5,5610.004,4569.702
66.150,184.289,0.034,5,5609.967,4570.526
66.160,184.297,-0.006,5,5610.197,4571.349
66.170,184.296,-0.006,5,5610.160,4572.173
66.180,184.294,-0.006,5,5610.122,4572.997
66.190,184.293,-0.006,5,5610.084,4573.821
66.200,184.292,-0.006,5,5610.047,4574.645
66.210,184.291,-0.006,5,5610.009,4575.469
66.220,184.289,0.034,5,5609.972,4576.293
66.230,184.297,-0.006,5,5610.202,4577.116
66.240,184.296,-0.006,5,5610.164,4577.940
66.250,184.294,-0.006,5,5610.127,4578.764
66.260,184.293,-0.006,5,5610.089,4579.588
66.270,184.292,-0.006,5,5610.052,4580.412
66.280,184.291,-0.006,5,5610.014,4581.236
66.290,184.290,0.034,5,5609.977,4582.060
66.300,184.297,-0.006,5,5610.207,4582.884
66.310,184.296,-0.006,5,5610.169,4583.707
66.320,184.295,-0.006,5,5610.132,4584.531
66.330,184.293,-0.006,5,5610.094,4585.355
66.340,184.292,-0.006,5,5610.056,4586.179
66.350,184.291,-0.006,5,5610.019,4587.003
66.360,184.290,0.034,5,5609.981,4587.827
66.370,184.297,-0.006,5,5610.212,4588.651
66.380,184.296,-0.006,5,5610.174,4589.474
66.390,184.295,-0.006,5,5610.137,4590.298
66.400,184.294,-0.006,5,5610.099,4591.122
66.410,184.292,-0.006,5,5610.061,4591.946
66.420,184.291,-0.006,5,5610.024,4592.770
66.430,184.290,0.034,5,5609.986,4593.594
66.440,184.297,-0.006,5,5610.217,4594.418
66.450,184.296,-0.006,5,5610.179,4595.241
66.460,184.295,-0.006,5,5610.141,4596.065
66.470,184.294,-0.006,5,5610.104,4596.889
66.480,184.293,-0.006,5,5610.066,4597.713
66.490,184.291,-0.006,5,5610.029,4598.537
66.500,184.290,0.034,5,5609.991,4599.361
66.510,184.298,-0.006,5,5610.221,4600.185
66.520,184.296,-0.006,5,5610.184,4601.009
66.530,184.295,-0.006,5,5610.146,4601.832
66.540,184.294,-0.006,5,5610.109,4602.656
66.550,184.293,-0.006,5,5610.071,4603.480
66.560,184.291,-0.006,5,5610.033,4604.304
66.570,184.290,0.034,5,5609.996,4605.128
66.580,184.298,-0.006,5,5610.226,4605.952
66.590,184.297,-0.006,5,5610.189,4606.776
66.600,184.295,-0.006,5,5610.151,4607.599
66.610,184.294,-0.006,5,5610.113,4608.423
66.620,184.293,-0.006,5,5610.076,4609.247
66.630,184.292,-0.006,5,5610.038,4610.071
66.640,184.290,-0.006,5,5610.001,4610.895
66.650,184.289,0.034,5,5609.963,4611.719
66.660,184.297,-0.006,5,5610.193,4612.543
66.670,184.295,-0.006,5,5610.156,4613.367
66.680,184.294,-0.006,5,5610.118,4614.190
66.690,184.293,-0.006,5,5610.081,4615.014
66.700,184.292,-0.006,5,5610.043,4615.838
66.710,184.291,-0.006,5,5610.005,4616.662
66.720,184.289,0.034,5,5609.968,4617.486
66.730,184.297,-0.006,5,5610.198,4618.310
66.740,184.296,-0.006,5,5610.161,4619.134
66.750,184.294,-0.006,5,5610.123,4619.957
66.760,184.293,-0.006,5,5610.085,4620.781
66.770,184.292,-0.006,5,5610.048,4621.605
66.780,184.291,-0.006,5,5610.010,4622.429
66.790,184.289,0.034,5,5609.973,4623.253
66.800,184.297,-0.006,5,5610.203,4624.077
66.810,184.296,-0.006,5,5610.166,4624.901
66.820,184.295,-0.006,5,5610.128,4625.724
66.830,184.293,-0.006,5,5610.090,4626.548
66.840,184.292,-0.006,5,5610.053,4627.372
66.850,184.291,-0.006,5,5610.015,4628.196
66.860,184.290,0.034,5,5609.978,4629.020
66.870,184.297,-0.006,5,5610.208,4629.844
66.880,184.296,-0.006,5,5610.170,4630.668
66.890,184.295,-0.006,5,5610.133,4631.492
66.900,184.293,-0.006,5,5610.095,4632.315
66.910,184.292,-0.006,5,5610.058,4633.139
66.920,184.291,-0.006,5,5610.020,4633.963
66.930,184.290,0.034,5,5609.982,4634.787
66.940,184.297,-0.006,5,5610.213,4635.611
66.950,184.296,-0.006,5,5610.175,4636.435
66.960,184.295,-0.006,5,5610.138,4637.259
66.970,184.294,-0.006,5,5610.100,4638.082
66.980,184.292,-0.006,5,5610.062,4638.906
66.990,184.291,-0.006,5,5610.025,4639.730
67.000,184.290,0.034,5,5609.987,4640.554
67.010,184.297,-0.006,5,5610.218,4641.378
67.020,184.296,-0.006,5,5610.180,4642.202
67.030,184.295,-0.006,5,5610.142,4643.026
67.040,184.294,-0.006,5,5610.105,4643.849
67.050,184.293,-0.006,5,5610.067,4644.673
67.060,184.291,-0.006,5,5610.030,4645.497
67.070,184.290,0.034,5,5609.992,4646.321
67.080,184.298,-0.006,5,5610.222,4647.145
67.090,184.296,-0.006,5,5610.185,4647.969
67.100,184.295,-0.006,5,5610.147,4648.793
67.110,184.294,-0.006,5,5610.110,4649.617
67.120,184.293,-0.006,5,5610.072,4650.440
67.130,184.291,-0.006,5,5610.034,4651.264
67.140,184.290,0.034,5,5609.997,4652.088
67.150,184.298,-0.006,5,5610.227,4652.912
67.160,184.297,-0.006,5,5610.190,4653.736
67.170,184.295,-0.006,5,5610.152,4654.560
67.180,184.294,-0.006,5,5610.114,4655.384
67.190,184.293,-0.006,5,5610.077,4656.207
67.200,184.292,-0.006,5,5610.039,4657.031
67.210,184.290,-0.006,5,5610.002,4657.855
67.220,184.289,0.034,5,5609.964,4658.679
67.230,184.297,-0.006,5,5610.194,4659.503
67.240,184.295,-0.006,5,5610.157,4660.327
67.250,184.294,-0.006,5,5610.119,4661.151
67.260,184.293,-0.006,5,5610.082,4661.975
67.270,184.292,-0.006,5,5610.044,4662.798
67.280,184.291,-0.006,5,5610.006,4663.622
67.290,184.289,0.034,5,5609.969,4664.446
67.300,184.297,-0.006,5,5610.199,4665.270
67.310,184.296,-0.006,5,5610.162,4666.094
67.320,184.294,-0.006,5,5610.124,4666.918
67.330,184.293,-0.006,5,5610.086,4667.742
67.340,184.292,-0.006,5,5610.049,4668.565
67.350,184.291,-0.006,5,5610.011,4669.389
67.360,184.289,0.034,5,5609.974,4670.213
67.370,184.297,-0.006,5,5610.204,4671.037
67.380,184.296,-0.006,5,5610.167,4671.861
67.390,184.295,-0.006,5,5610.129,4672.685
67.400,184.293,-0.006,5,5610.091,4673.509
67.410,184.292,-0.006,5,5610.054,4674.332
67.420,184.291,-0.006,5,5610.016,4675.156
67.430,184.290,0.034,5,5609.979,4675.980
67.440,184.297,-0.006,5,5610.209,4676.804
67.450,184.296,-0.006,5,5610.171,4677.628
67.460,184.295,-0.006,5,5610.134,4678.452
67.470,184.293,-0.006,5,5610.096,4679.276
67.480,184.292,-0.006,5,5610.059,4680.099
67.490,184.291,-0.006,5,5610.021,4680.923
67.500,184.290,0.034,5,5609.983,4681.747
67.510,184.297,-0.006,5,5610.214,4682.571
67.520,184.296,-0.006,5,5610.176,4683.395
67.530,184.295,-0.006,5,5610.139,4684.219
67.540,184.294,-0.006,5,5610.101,4685.043
67.550,184.292,-0.006,5,5610.063,4685.867
67.560,184.291,-0.006,5,5610.026,4686.690
67.570,184.290,0.034,5,5609.988,4687.514
67.580,184.298,-0.006,5,5610.219,4688.338
67.590,184.296,-0.006,5,5610.181,4689.162
67.600,184.295,-0.006,5,5610.143,4689.986
67.610,184.294,-0.006,5,5610.106,4690.810
67.620,184.293,-0.006,5,5610.068,4691.634
67.630,184.291,-0.006,5,5610.031,4692.457
67.640,184.290,0.034,5,5609.993,4693.281
67.650,184.298,-0.006,5,5610.223,4694.105
67.660,184.296,-0.006,5,5610.186,4694.929
67.670,184.295,-0.006,5,5610.148,4695.753
67.680,184.294,-0.006,5,5610.111,4696.577
67.690,184.293,-0.006,5,5610.073,4697.401
67.700,184.291,-0.006,5,5610.035,4698.225
67.710,184.290,0.034,5,5609.998,4699.048
67.720,184.298,-0.006,5,5610.228,4699.872
67.730,184.297,-0.006,5,5610.191,4700.696
67.740,184.295,-0.006,5,5610.153,4701.520
67.750,184.294,-0.006,5,5610.115,4702.344
67.760,184.293,-0.006,5,5610.078,4703.168
67.770,184.292,-0.006,5,5610.040,4703.992
67.780,184.290,-0.006,5,5610.003,4704.815
67.790,184.289,0.034,5,5609.965,4705.639
67.800,184.297,-0.006,5,5610.195,4706.463
67.810,184.296,-0.006,5,5610.158,4707.287
67.820,184.294,-0.006,5,5610.120,4708.111
67.830,184.293,-0.006,5,5610.083,4708.935
67.840,184.292,-0.006,5,5610.045,4709.759
67.850,184.291,-0.006,5,5610.007,4710.582
67.860,184.289,0.034,5,5609.970,4711.406
67.870,184.297,-0.006,5,5610.200,4712.230
67.880,184.296,-0.006,5,5610.163,4713.054
67.890,184.294,-0.006,5,5610.125,4713.878
67.900,184.293,-0.006,5,5610.087,4714.702
67.910,184.292,-0.006,5,5610.050,4715.526
67.920,184.291,-0.006,5,5610.012,4716.350
67.930,184.289,0.034,5,5609.975,4717.173
67.940,184.297,-0.006,5,5610.205,4717.997
67.950,184.296,-0.006,5,5610.167,4718.821
67.960,184.295,-0.006,5,5610.130,4719.645
67.970,184.293,-0.006,5,5610.092,4720.469
67.980,184.292,-0.006,5,5610.055,4721.293
67.990,184.291,-0.006,5,5610.017,4722.117
68.000,184.290,0.034,5,5609.980,4722.940
68.010,184.297,-0.006,5,5610.210,4723.764
68.020,184.296,-0.006,5,5610.172,4724.588
68.030,184.295,-0.006,5,5610.135,4725.412
68.040,184.294,-0.006,5,5610.097,4726.236
68.050,184.292,-0.006,5,5610.059,4727.060
68.060,184.291,-0.006,5,5610.022,4727.884
68.070,184.290,0.034,5,5609.984,4728.707
68.080,184.297,-0.006,5,5610.215,4729.531
68.090,184.296,-0.006,5,5610.177,4730.355
68.100,184.295,-0.006,5,5610.140,4731.179
68.110,184.294,-0.006,5,5610.102,4732.003
68.120,184.292,-0.006,5,5610.064,4732.827
68.130,184.291,-0.006,5,5610.027,4733.651
68.140,184.290,0.034,5,5609.989,4734.475
68.150,184.298,-0.006,5,5610.220,4735.298
68.160,184.296,-0.006,5,5610.182,4736.122
68.170,184.295,-0.006,5,5610.144,4736.946
68.180,184.294,-0.006,5,5610.107,4737.770
68.190,184.293,-0.006,5,5610.069,4738.594
68.200,184.291,-0.006,5,5610.032,4739.418
68.210,184.290,0.034,5,5609.994,4740.242
68.220,184.298,-0.006,5,5610.224,4741.065
68.230,184.296,-0.006,5,5610.187,4741.889
68.240,184.295,-0.006,5,5610.149,4742.713
68.250,184.294,-0.006,5,5610.111,4743.537
68.260,184.293,-0.006,5,5610.074,4744.361
68.270,184.292,-0.006,5,5610.036,4745.185
68.280,184.290,0.034,5,5609.999,4746.009
68.290,184.298,-0.006,5,5610.229,4746.833
68.300,184.297,-0.006,5,5610.191,4747.656
68.310,184.295,-0.006,5,5610.154,4748.480
68.320,184.294,-0.006,5,5610.116,4749.304
68.330,184.293,-0.006,5,5610.079,4750.128
68.340,184.292,-0.006,5,5610.041,4750.952
68.350,184.290,-0.006,5,5610.003,4751.776
68.360,184.289,0.034,5,5609.966,4752.600
68.370,184.297,-0.006,5,5610.196,4753.423
68.380,184.296,-0.006,5,5610.159,4754.247
68.390,184.294,-0.006,5,5610.121,4755.071
68.400,184.293,-0.006,5,5610.083,4755.895
68.410,184.292,-0.006,5,5610.046,4756.719
68.420,184.291,-0.006,5,5610.008,4757.543
68.430,184.289,0.034,5,5609.971,4758.367
68.440,184.297,-0.006,5,5610.201,4759.190
68.450,184.296,-0.006,5,5610.164,4760.014
68.460,184.294,-0.006,5,5610.126,4760.838
68.470,184.293,-0.006,5,5610.088,4761.662
68.480,184.292,-0.006,5,5610.051,4762.486
68.490,184.291,-0.006,5,5610.013,4763.310
68.500,184.290,0.034,5,5609.976,4764.134
68.510,184.297,-0.006,5,5610.206,4764.958
68.520,184.296,-0.006,5,5610.168,4765.781
68.530,184.295,-0.006,5,5610.131,4766.605
68.540,184.293,-0.006,5,5610.093,4767.429
68.550,184.292,-0.006,5,5610.056,4768.253
68.560,184.291,-0.006,5,5610.018,4769.077
68.570,184.290,0.034,5,5609.980,4769.901
68.580,184.297,-0.006,5,5610.211,4770.725
68.590,184.296,-0.006,5,5610.173,4771.548
68.600,184.295,-0.006,5,5610.136,4772.372
68.610,184.294,-0.006,5,5610.098,4773.196
68.620,184.292,-0.006,5,5610.060,4774.020
68.630,184.291,-0.006,5,5610.023,4774.844
68.640,184.290,0.034,5,5609.985,4775.668
68.650,184.297,-0.006,5,5610.216,4776.492
68.660,184.296,-0.006,5,5610.178,4777.315
68.670,184.295,-0.006,5,5610.140,4778.139
68.680,184.294,-0.006,5,5610.103,4778.963
68.690,184.292,-0.006,5,5610.065,4779.787
68.700,184.291,-0.006,5,5610.028,4780.611
68.710,184.290,0.034,5,5609.990,4781.435
68.720,184.298,-0.006,5,5610.221,4782.259
68.730,184.296,-0.006,5,5610.183,4783.083
68.740,184.295,-0.006,5,5610.145,4783.906
68.750,184.294,-0.006,5,5610.108,4784.730
68.760,184.293,-0.006,5,5610.070,4785.554
68.770,184.291,-0.006,5,5610.032,4786.378
68.780,184.290,0.034,5,5609.995,4787.202
68.790,184.298,-0.006,5,5610.225,4788.026
68.800,184.296,-0.006,5,5610.188,4788.850
68.810,184.295,-0.006,5,5610.150,4789.673
68.820,184.294,-0.006,5,5610.112,4790.497
68.830,184.293,-0.006,5,5610.075,4791.321
68.840,184.292,-0.006,5,5610.037,4792.145
68.850,184.290,0.034,5,5610.000,4792.969
68.860,184.298,-0.006,5,5610.230,4793.793
68.870,184.297,-0.006,5,5610.192,4794.617
68.880,184.295,-0.006,5,5610.155,4795.441
68.890,184.294,-0.006,5,5610.117,4796.264
68.900,184.293,-0.006,5,5610.080,4797.088
68.910,184.292,-0.006,5,5610.042,4797.912
68.920,184.290,-0.006,5,5610.004,4798.736
68.930,184.289,0.034,5,5609.967,4799.560
68.940,184.297,-0.006,5,5610.197,4800.384
68.950,184.296,-0.006,5,5610.160,4801.208
68.960,184.294,-0.006,5,5610.122,4802.031
68.970,184.293,-0.006,5,5610.084,4802.855
68.980,184.292,-0.006,5,5610.047,4803.679
68.990,184.291,-0.006,5,5610.009,4804.503
69.000,184.289,0.034,5,5609.972,4805.327
69.010,184.297,-0.006,5,5610.202,4806.151
69.020,184.296,-0.006,5,5610.165,4806.975
69.030,184.294,-0.006,5,5610.127,4807.798
69.040,184.293,-0.006,5,5610.089,4808.622
69.050,184.292,-0.006,5,5610.052,4809.446
69.060,184.291,-0.006,5,5610.014,4810.270
69.070,184.290,0.034,5,5609.977,4811.094
69.080,184.297,-0.006,5,5610.207,4811.918
69.090,184.296,-0.006,5,5610.169,4812.742
69.100,184.295,-0.006,5,5610.132,4813.566
69.110,184.293,-0.006,5,5610.094,4814.389
69.120,184.292,-0.006,5,5610.057,4815.213
69.130,184.291,-0.006,5,5610.019,4816.037
69.140,184.290,0.034,5,5609.981,4816.861
69.150,184.297,-0.006,5,5610.212,4817.685
69.160,184.296,-0.006,5,5610.174,4818.509
69.170,184.295,-0.006,5,5610.137,4819.333
69.180,184.294,-0.006,5,5610.099,4820.156
69.190,184.292,-0.006,5,5610.061,4820.980
69.200,184.291,-0.006,5,5610.024,4821.804
69.210,184.290,0.034,5,5609.986,4822.628
69.220,184.297,-0.006,5,5610.217,4823.452
69.230,184.296,-0.006,5,5610.179,4824.276
69.240,184.295,-0.006,5,5610.141,4825.100
69.250,184.294,-0.006,5,5610.104,4825.924
69.260,184.293,-0.006,5,5610.066,4826.747
69.270,184.291,-0.006,5,5610.029,4827.571
69.280,184.290,0.034,5,5609.991,4828.395
69.290,184.298,-0.006,5,5610.221,4829.219
69.300,184.296,-0.006,5,5610.184,4830.043
69.310,184.295,-0.006,5,5610.146,4830.867
69.320,184.294,-0.006,5,5610.109,4831.691
69.330,184.293,-0.006,5,5610.071,4832.514
69.340,184.291,-0.006,5,5610.033,4833.338
69.350,184.290,0.034,5,5609.996,4834.162
69.360,184.298,-0.006,5,5610.226,4834.986
69.370,184.297,-0.006,5,5610.189,4835.810
69.380,184.295,-0.006,5,5610.151,4836.634
69.390,184.294,-0.006,5,5610.113,4837.458
69.400,184.293,-0.006,5,5610.076,4838.281
69.410,184.292,-0.006,5,5610.038,4839.105
69.420,184.290,-0.006,5,5610.001,4839.929
69.430,184.289,0.034,5,5609.963,4840.753
69.440,184.297,-0.006,5,5610.193,4841.577
69.450,184.295,-0.006,5,5610.156,4842.401
69.460,184.294,-0.006,5,5610.118,4843.225
69.470,184.293,-0.006,5,5610.081,4844.049
69.480,184.292,-0.006,5,5610.043,4844.872
69.490,184.291,-0.006,5,5610.005,4845.696
69.500,184.289,0.034,5,5609.968,4846.520
69.510,184.297,-0.006,5,5610.198,4847.344
69.520,184.296,-0.006,5,5610.161,4848.168
69.530,184.294,-0.006,5,5610.123,4848.992
69.540,184.293,-0.006,5,5610.085,4849.816
69.550,184.292,-0.006,5,5610.048,4850.639
69.560,184.291,-0.006,5,5610.010,4851.463
69.570,184.289,0.034,5,5609.973,4852.287
69.580,184.297,-0.006,5,5610.203,4853.111
69.590,184.296,-0.006,5,5610.166,4853.935
69.600,184.295,-0.006,5,5610.128,4854.759
69.610,184.293,-0.006,5,5610.090,4855.583
69.620,184.292,-0.006,5,5610.053,4856.406
69.630,184.291,-0.006,5,5610.015,4857.230
69.640,184.290,0.034,5,5609.978,4858.054
69.650,184.297,-0.006,5,5610.208,4858.878
69.660,184.296,-0.006,5,5610.170,4859.702
69.670,184.295,-0.006,5,5610.133,4860.526
69.680,184.293,-0.006,5,5610.095,4861.350
69.690,184.292,-0.006,5,5610.058,4862.174
69.700,184.291,-0.006,5,5610.020,4862.997
69.710,184.290,0.034,5,5609.982,4863.821
69.720,184.297,-0.006,5,5610.213,4864.645
69.730,184.296,-0.006,5,5610.175,4865.469
69.740,184.295,-0.006,5,5610.138,4866.293
69.750,184.294,-0.006,5,5610.100,4867.117
69.760,184.292,-0.006,5,5610.062,4867.941
69.770,184.291,-0.006,5,5610.025,4868.764
69.780,184.290,0.034,5,5609.987,4869.588
69.790,184.297,-0.006,5,5610.218,4870.412
69.800,184.296,-0.006,5,5610.180,4871.236
69.810,184.295,-0.006,5,5610.142,4872.060
69.820,184.294,-0.006,5,5610.105,4872.884
69.830,184.293,-0.006,5,5610.067,4873.708
69.840,184.291,-0.006,5,5610.030,4874.531
69.850,184.290,0.034,5,5609.992,4875.355
69.860,184.298,-0.006,5,5610.222,4876.179
69.870,184.296,-0.006,5,5610.185,4877.003
69.880,184.295,-0.006,5,5610.147,4877.827
69.890,184.294,-0.006,5,5610.110,4878.651
69.900,184.293,-0.006,5,5610.072,4879.475
69.910,184.291,-0.006,5,5610.034,4880.299
69.920,184.290,0.034,5,5609.997,4881.122
69.930,184.298,-0.006,5,5610.227,4881.946
69.940,184.297,-0.006,5,5610.190,4882.770
69.950,184.295,-0.006,5,5610.152,4883.594
69.960,184.294,-0.006,5,5610.114,4884.418
69.970,184.293,-0.006,5,5610.077,4885.242
69.980,184.292,-0.006,5,5610.039,4886.066
69.990,184.290,-0.006,5,5610.002,4886.889
70.000,184.289,0.034,5,5609.964,4887.713
70.010,184.297,-0.006,5,5610.194,4888.537
70.020,184.295,-0.006,5,5610.157,4889.361
70.030,184.294,-0.006,5,5610.119,4890.185
70.040,184.293,-0.006,5,5610.082,4891.009
70.050,184.292,-0.006,5,5610.044,4891.833
70.060,184.291,-0.006,5,5610.006,4892.656
70.070,184.289,0.034,5,5609.969,4893.480
70.080,184.297,-0.006,5,5610.199,4894.304
70.090,184.296,-0.006,5,5610.162,4895.128
70.100,184.294,-0.006,5,5610.124,4895.952
70.110,184.293,-0.006,5,5610.086,4896.776
70.120,184.292,-0.006,5,5610.049,4897.600
70.130,184.291,-0.006,5,5610.011,4898.424
70.140,184.289,0.034,5,5609.974,4899.247
70.150,184.297,-0.006,5,5610.204,4900.071
70.160,184.296,-0.006,5,5610.167,4900.895
70.170,184.295,-0.006,5,5610.129,4901.719
70.180,184.293,-0.006,5,5610.091,4902.543
70.190,184.292,-0.006,5,5610.054,4903.367
70.200,184.291,-0.006,5,5610.016,4904.191
70.210,184.290,0.034,5,5609.979,4905.014
70.220,184.297,-0.006,5,5610.209,4905.838
70.230,184.296,-0.006,5,5610.171,4906.662
70.240,184.295,-0.006,5,5610.134,4907.486
70.250,184.293,-0.006,5,5610.096,4908.310
70.260,184.292,-0.006,5,5610.059,4909.134
70.270,184.291,-0.006,5,5610.021,4909.958
70.280,184.290,0.034,5,5609.983,4910.781
70.290,184.297,-0.006,5,5610.214,4911.605
70.300,184.296,-0.006,5,5610.176,4912.429
70.310,184.295,-0.006,5,5610.139,4913.253
70.320,184.294,-0.006,5,5610.101,4914.077
70.330,184.292,-0.006,5,5610.063,4914.901
70.340,184.291,-0.006,5,5610.026,4915.725
70.350,184.290,0.034,5,5609.988,4916.549
70.360,184.298,-0.006,5,5610.219,4917.372
70.370,184.296,-0.006,5,5610.181,4918.196
70.380,184.295,-0.006,5,5610.143,4919.020
70.390,184.294,-0.006,5,5610.106,4919.844
70.400,184.293,-0.006,5,5610.068,4920.668
70.410,184.291,-0.006,5,5610.031,4921.492
70.420,184.290,0.034,5,5609.993,4922.316
70.430,184.298,-0.006,5,5610.223,4923.139
70.440,184.296,-0.006,5,5610.186,4923.963
70.450,184.295,-0.006,5,5610.148,4924.787
70.460,184.294,-0.006,5,5610.111,4925.611
70.470,184.293,-0.006,5,5610.073,4926.435
70.480,184.291,-0.006,5,5610.035,4927.259
70.490,184.290,0.034,5,5609.998,4928.083
70.500,184.298,-0.006,5,5610.228,4928.907
70.510,184.297,-0.006,5,5610.191,4929.730
70.520,184.295,-0.006,5,5610.153,4930.554
70.530,184.294,-0.006,5,5610.115,4931.378
70.540,184.293,-0.006,5,5610.078,4932.202
70.550,184.292,-0.006,5,5610.040,4933.026
70.560,184.290,-0.006,5,5610.003,4933.850
70.570,184.289,0.034,5,5609.965,4934.674
70.580,184.297,-0.006,5,5610.195,4935.497
70.590,184.296,-0.006,5,5610.158,4936.321
70.600,184.294,-0.006,5,5610.120,4937.145
70.610,184.293,-0.006,5,5610.083,4937.969
70.620,184.292,-0.006,5,5610.045,4938.793
70.630,184.291,-0.006,5,5610.007,4939.617
70.640,184.289,0.034,5,5609.970,4940.441
70.650,184.297,-0.006,5,5610.200,4941.264
70.660,184.296,-0.006,5,5610.163,4942.088
70.670,184.294,-0.006,5,5610.125,4942.912
70.680,184.293,-0.006,5,5610.087,4943.736
70.690,184.292,-0.006,5,5610.050,4944.560
70.700,184.291,-0.006,5,5610.012,4945.384
70.710,184.289,0.034,5,5609.975,4946.208
70.720,184.297,-0.006,5,5610.205,4947.032
70.730,184.296,-0.006,5,5610.168,4947.855
70.740,184.295,-0.006,5,5610.130,4948.679
70.750,184.293,-0.006,5,5610.092,4949.503
70.760,184.292,-0.006,5,5610.055,4950.327
70.770,184.291,-0.006,5,5610.017,4951.151
70.780,184.290,0.034,5,5609.980,4951.975
70.790,184.297,-0.006,5,5610.210,4952.799
70.800,184.296,-0.006,5,5610.172,4953.622
70.810,184.295,-0.006,5,5610.135,4954.446
70.820,184.294,-0.006,5,5610.097,4955.270
70.830,184.292,-0.006,5,5610.060,4956.094
70.840,184.291,-0.006,5,5610.022,4956.918
70.850,184.290,0.034,5,5609.984,4957.742
70.860,184.297,-0.006,5,5610.215,4958.566
70.870,184.296,-0.006,5,5610.177,4959.389
70.880,184.295,-0.006,5,5610.140,4960.213
70.890,184.294,-0.006,5,5610.102,4961.037
70.900,184.292,-0.006,5,5610.064,4961.861
70.910,184.291,-0.006,5,5610.027,4962.685
70.920,184.290,0.034,5,5609.989,4963.509
70.930,184.298,-0.006,5,5610.220,4964.333
70.940,184.296,-0.006,5,5610.182,4965.157
70.950,184.295,-0.006,5,5610.144,4965.980
70.960,184.294,-0.006,5,5610.107,4966.804
70.970,184.293,-0.006,5,5610.069,4967.628
70.980,184.291,-0.006,5,5610.032,4968.452
70.990,184.290,0.034,5,5609.994,4969.276
71.000,184.298,-0.006,5,5610.224,4970.100
71.010,184.296,-0.006,5,5610.187,4970.924
71.020,184.295,-0.006,5,5610.149,4971.747
71.030,184.294,-0.006,5,5610.111,4972.571
71.040,184.293,-0.006,5,5610.074,4973.395
71.050,184.292,-0.006,5,5610.036,4974.219
71.060,184.290,0.034,5,5609.999,4975.043
71.070,184.298,-0.006,5,5610.229,4975.867
71.080,184.297,-0.006,5,5610.192,4976.691
71.090,184.295,-0.006,5,5610.154,4977.515
71.100,184.294,-0.006,5,5610.116,4978.338
71.110,184.293,-0.006,5,5610.079,4979.162
71.120,184.292,-0.006,5,5610.041,4979.986
71.130,184.290,-0.006,5,5610.003,4980.810
71.140,184.289,0.034,5,5609.966,4981.634
71.150,184.297,-0.006,5,5610.196,4982.458
71.160,184.296,-0.006,5,5610.159,4983.282
71.170,184.294,-0.006,5,5610.121,4984.105
71.180,184.293,-0.006,5,5610.084,4984.929
71.190,184.292,-0.006,5,5610.046,4985.753
71.200,184.291,-0.006,5,5610.008,4986.577
71.210,184.289,0.034,5,5609.971,4987.401
71.220,184.297,-0.006,5,5610.201,4988.225
71.230,184.296,-0.006,5,5610.164,4989.049
71.240,184.294,-0.006,5,5610.126,4989.872
71.250,184.293,-0.006,5,5610.088,4990.696
71.260,184.292,-0.006,5,5610.051,4991.520
71.270,184.291,-0.006,5,5610.013,4992.344
71.280,184.290,0.034,5,5609.976,4993.168
71.290,184.297,-0.006,5,5610.206,4993.992
71.300,184.296,-0.006,5,5610.168,4994.816
71.310,184.295,-0.006,5,5610.131,4995.640
71.320,184.293,-0.006,5,5610.093,4996.463
71.330,184.292,-0.006,5,5610.056,4997.287
71.340,184.291,-0.006,5,5610.018,4998.111
71.350,184.290,0.034,5,5609.980,4998.935
71.360,184.297,-0.006,5,5610.211,4999.759
71.370,184.296,-0.006,5,5610.173,5000.583
71.380,184.295,-0.006,5,5610.136,5001.407
71.390,184.294,-0.006,5,5610.098,5002.230
71.400,184.292,-0.006,5,5610.060,5003.054
71.410,184.291,-0.006,5,5610.023,5003.878
71.420,184.290,0.034,5,5609.985,5004.702
71.430,184.297,-0.006,5,5610.216,5005.526
71.440,184.296,-0.006,5,5610.178,5006.350
71.450,184.295,-0.006,5,5610.140,5007.174
71.460,184.294,-0.006,5,5610.103,5007.998
71.470,184.292,-0.006,5,5610.065,5008.821
71.480,184.291,-0.006,5,5610.028,5009.645
71.490,184.290,0.034,5,5609.990,5010.469
71.500,184.298,-0.006,5,5610.221,5011.293
71.510,184.296,-0.006,5,5610.183,5012.117
71.520,184.295,-0.006,5,5610.145,5012.941
71.530,184.294,-0.006,5,5610.108,5013.765
71.540,184.293,-0.006,5,5610.070,5014.588
71.550,184.291,-0.006,5,5610.032,5015.412
71.560,184.290,0.034,5,5609.995,5016.236
71.570,184.298,-0.006,5,5610.225,5017.060
71.580,184.296,-0.006,5,5610.188,5017.884
71.590,184.295,-0.006,5,5610.150,5018.708
71.600,184.294,-0.006,5,5610.112,5019.532
71.610,184.293,-0.006,5,5610.075,5020.355
71.620,184.292,-0.006,5,5610.037,5021.179
71.630,184.290,0.034,5,5610.000,5022.003
71.640,184.298,-0.006,5,5610.230,5022.827
71.650,184.297,-0.006,5,5610.192,5023.651
71.660,184.295,-0.006,5,5610.155,5024.475
71.670,184.294,-0.006,5,5610.117,5025.299
71.680,184.293,-0.006,5,5610.080,5026.123
71.690,184.292,-0.006,5,5610.042,5026.946
71.700,184.290,-0.006,5,5610.004,5027.770
71.710,184.289,0.034,5,5609.967,5028.594
71.720,184.297,-0.006,5,5610.197,5029.418
71.730,184.296,-0.006,5,5610.160,5030.242
71.740,184.294,-0.006,5,5610.122,5031.066
71.750,184.293,-0.006,5,5610.084,5031.890
71.760,184.292,-0.006,5,5610.047,5032.713
71.770,184.291,-0.006,5,5610.009,5033.537
71.780,184.289,0.034,5,5609.972,5034.361
71.790,184.297,-0.006,5,5610.202,5035.185
71.800,184.296,-0.006,5,5610.165,5036.009
71.810,184.294,-0.006,5,5610.127,5036.833
71.820,184.293,-0.006,5,5610.089,5037.657
71.830,184.292,-0.006,5,5610.052,5038.480
71.840,184.291,-0.006,5,5610.014,5039.304
71.850,184.290,0.034,5,5609.977,5040.128
71.860,184.297,-0.006,5,5610.207,5040.952
71.870,184.296,-0.006,5,5610.169,5041.776
71.880,184.295,-0.006,5,5610.132,5042.600
71.890,184.293,-0.006,5,5610.094,5043.424
71.900,184.292,-0.006,5,5610.057,5044.248
71.910,184.291,-0.006,5,5610.019,5045.071
71.920,184.290,0.034,5,5609.981,5045.895
71.930,184.297,-0.006,5,5610.212,5046.719
71.940,184.296,-0.006,5,5610.174,5047.543
71.950,184.295,-0.006,5,5610.137,5048.367
71.960,184.294,-0.006,5,5610.099,5049.191
71.970,184.292,-0.006,5,5610.061,5050.015
71.980,184.291,-0.006,5,5610.024,5050.838
71.990,184.290,0.034,5,5609.986,5051.662
72.000,184.297,-0.006,5,5610.217,5052.486
72.010,184.296,-0.006,5,5610.179,5053.310
72.020,184.295,-0.006,5,5610.141,5054.134
72.030,184.294,-0.006,5,5610.104,5054.958
72.040,184.293,-0.006,5,5610.066,5055.782
72.050,184.291,-0.006,5,5610.029,5056.606
72.060,184.290,0.034,5,5609.991,5057.429
72.070,184.298,-0.006,5,5610.221,5058.253
72.080,184.296,-0.006,5,5610.184,5059.077
72.090,184.295,-0.006,5,5610.146,5059.901
72.100,184.294,-0.006,5,5610.109,5060.725
72.110,184.293,-0.006,5,5610.071,5061.549
72.120,184.291,-0.006,5,5610.033,5062.373
72.130,184.290,0.034,5,5609.996,5063.196
72.140,184.298,-0.006,5,5610.226,5064.020
72.150,184.297,-0.006,5,5610.189,5064.844
72.160,184.295,-0.006,5,5610.151,5065.668
72.170,184.294,-0.006,5,5610.113,5066.492
72.180,184.293,-0.006,5,5610.076,5067.316
72.190,184.292,-0.006,5,5610.038,5068.140
72.200,184.290,-0.006,5,5610.001,5068.963
72.210,184.289,0.034,5,5609.963,5069.787
72.220,184.297,-0.006,5,5610.193,5070.611
72.230,184.295,-0.006,5,5610.156,5071.435
72.240,184.294,-0.006,5,5610.118,5072.259
72.250,184.293,-0.006,5,5610.081,5073.083
72.260,184.292,-0.006,5,5610.043,5073.907
72.270,184.291,-0.006,5,5610.005,5074.731
72.280,184.289,0.034,5,5609.968,5075.554
72.290,184.297,-0.006,5,5610.198,5076.378
72.300,184.296,-0.006,5,5610.161,5077.202
72.310,184.294,-0.006,5,5610.123,5078.026
72.320,184.293,-0.006,5,5610.085,5078.850
72.330,184.292,-0.006,5,5610.048,5079.674
72.340,184.291,-0.006,5,5610.010,5080.498
72.350,184.289,0.034,5,5609.973,5081.321
72.360,184.297,-0.006,5,5610.203,5082.145
72.370,184.296,-0.006,5,5610.166,5082.969
72.380,184.295,-0.006,5,5610.128,5083.793
72.390,184.293,-0.006,5,5610.090,5084.617
72.400,184.292,-0.006,5,5610.053,5085.441
72.410,184.291,-0.006,5,5610.015,5086.265
72.420,184.290,0.034,5,5609.978,5087.088
72.430,184.297,-0.006,5,5610.208,5087.912
72.440,184.296,-0.006,5,5610.170,5088.736
72.450,184.295,-0.006,5,5610.133,5089.560
72.460,184.293,-0.006,5,5610.095,5090.384
72.470,184.292,-0.006,5,5610.058,5091.208
72.480,184.291,-0.006,5,5610.020,5092.032
72.490,184.290,0.034,5,5609.982,5092.855
72.500,184.297,-0.006,5,5610.213,5093.679
72.510,184.296,-0.006,5,5610.175,5094.503
72.520,184.295,-0.006,5,5610.138,5095.327
72.530,184.294,-0.006,5,5610.100,5096.151
72.540,184.292,-0.006,5,5610.062,5096.975
72.550,184.291,-0.006,5,5610.025,5097.799
72.560,184.290,0.034,5,5609.987,5098.623
72.570,184.297,-0.006,5,5610.218,5099.446
72.580,184.296,-0.006,5,5610.180,5100.270
72.590,184.295,-0.006,5,5610.142,5101.094
72.600,184.294,-0.006,5,5610.105,5101.918
72.610,184.293,-0.006,5,5610.067,5102.742
72.620,184.291,-0.006,5,5610.030,5103.566
72.630,184.290,0.034,5,5609.992,5104.390
72.640,184.298,-0.006,5,5610.222,5105.213
72.650,184.296,-0.006,5,5610.185,5106.037
72.660,184.295,-0.006,5,5610.147,5106.861
72.670,184.294,-0.006,5,5610.110,5107.685
72.680,184.293,-0.006,5,5610.072,5108.509
72.690,184.291,-0.006,5,5610.034,5109.333
72.700,184.290,0.034,5,5609.997,5110.157
72.710,184.298,-0.006,5,5610.227,5110.981
72.720,184.297,-0.006,5,5610.190,5111.804
72.730,184.295,-0.006,5,5610.152,5112.628
72.740,184.294,-0.006,5,5610.114,5113.452
72.750,184.293,-0.006,5,5610.077,5114.276
72.760,184.292,-0.006,5,5610.039,5115.100
72.770,184.290,-0.006,5,5610.002,5115.924
72.780,184.289,0.034,5,5609.964,5116.748
72.790,184.297,-0.006,5,5610.194,5117.571
72.800,184.295,-0.006,5,5610.157,5118.395
72.810,184.294,-0.006,5,5610.119,5119.219
72.820,184.293,-0.006,5,5610.082,5120.043
72.830,184.292,-0.006,5,5610.044,5120.867
72.840,184.291,-0.006,5,5610.006,5121.691
72.850,184.289,0.034,5,5609.969,5122.515
72.860,184.297,-0.006,5,5610.199,5123.338
72.870,184.296,-0.006,5,5610.162,5124.162
72.880,184.294,-0.006,5,5610.124,5124.986
72.890,184.293,-0.006,5,5610.086,5125.810
72.900,184.292,-0.006,5,5610.049,5126.634
72.910,184.291,-0.006,5,5610.011,5127.458
72.920,184.289,0.034,5,5609.974,5128.282
72.930,184.297,-0.006,5,5610.204,5129.106
72.940,184.296,-0.006,5,5610.167,5129.929
72.950,184.295,-0.006,5,5610.129,5130.753
72.960,184.293,-0.006,5,5610.091,5131.577
72.970,184.292,-0.006,5,5610.054,5132.401
72.980,184.291,-0.006,5,5610.016,5133.225
72.990,184.290,0.034,5,5609.979,5134.049
73.000,184.297,-0.006,5,5610.209,5134.873
73.010,184.296,-0.006,5,5610.171,5135.696
73.020,184.295,-0.006,5,5610.134,5136.520
73.030,184.293,-0.006,5,5610.096,5137.344
73.040,184.292,-0.006,5,5610.059,5138.168
73.050,184.291,-0.006,5,5610.021,5138.992
73.060,184.290,0.034,5,5609.983,5139.816
73.070,184.297,-0.006,5,5610.214,5140.640
73.080,184.296,-0.006,5,5610.176,5141.463
73.090,184.295,-0.006,5,5610.139,5142.287
73.100,184.294,-0.006,5,5610.101,5143.111
73.110,184.292,-0.006,5,5610.063,5143.935
73.120,184.291,-0.006,5,5610.026,5144.759
73.130,184.290,0.034,5,5609.988,5145.583
73.140,184.298,-0.006,5,5610.219,5146.407
73.150,184.296,-0.006,5,5610.181,5147.231
73.160,184.295,-0.006,5,5610.143,5148.054
73.170,184.294,-0.006,5,5610.106,5148.878
73.180,184.293,-0.006,5,5610.068,5149.702
73.190,184.291,-0.006,5,5610.031,5150.526
73.200,184.290,0.034,5,5609.993,5151.350
73.210,184.298,-0.006,5,5610.223,5152.174
73.220,184.296,-0.006,5,5610.186,5152.998
73.230,184.295,-0.006,5,5610.148,5153.821
73.240,184.294,-0.006,5,5610.111,5154.645
73.250,184.293,-0.006,5,5610.073,5155.469
73.260,184.291,-0.006,5,5610.035,5156.293
73.270,184.290,0.034,5,5609.998,5157.117
73.280,184.298,-0.006,5,5610.228,5157.941
73.290,184.297,-0.006,5,5610.191,5158.765
73.300,184.295,-0.006,5,5610.153,5159.589
73.310,184.294,-0.006,5,5610.115,5160.412
73.320,184.293,-0.006,5,5610.078,5161.236
73.330,184.292,-0.006,5,5610.040,5162.060
73.340,184.290,-0.006,5,5610.003,5162.884
73.350,184.289,0.034,5,5609.965,5163.708
73.360,184.297,-0.006,5,5610.195,5164.532
73.370,184.296,-0.006,5,5610.158,5165.356
73.380,184.294,-0.006,5,5610.120,5166.179
73.390,184.293,-0.006,5,5610.083,5167.003
73.400,184.292,-0.006,5,5610.045,5167.827
73.410,184.291,-0.006,5,5610.007,5168.651
73.420,184.289,0.034,5,5609.970,5169.475
73.430,184.297,-0.006,5,5610.200,5170.299
73.440,184.296,-0.006,5,5610.163,5171.123
73.450,184.294,-0.006,5,5610.125,5171.946
73.460,184.293,-0.006,5,5610.087,5172.770
73.470,184.292,-0.006,5,5610.050,5173.594
73.480,184.291,-0.006,5,5610.012,5174.418
73.490,184.289,0.034,5,5609.975,5175.242
73.500,184.297,-0.006,5,5610.205,5176.066
73.510,184.296,-0.006,5,5610.168,5176.890
73.520,184.295,-0.006,5,5610.130,5177.714
73.530,184.293,-0.006,5,5610.092,5178.537
73.540,184.292,-0.006,5,5610.055,5179.361
73.550,184.291,-0.006,5,5610.017,5180.185
73.560,184.290,0.034,5,5609.980,5181.009
73.570,184.297,-0.006,5,5610.210,5181.833
73.580,184.296,-0.006,5,5610.172,5182.657
73.590,184.295,-0.006,5,5610.135,5183.481
73.600,184.294,-0.006,5,5610.097,5184.304
73.610,184.292,-0.006,5,5610.060,5185.128
73.620,184.291,-0.006,5,5610.022,5185.952
73.630,184.290,0.034,5,5609.984,5186.776
73.640,184.297,-0.006,5,5610.215,5187.600
73.650,184.296,-0.006,5,5610.177,5188.424
73.660,184.295,-0.006,5,5610.140,5189.248
73.670,184.294,-0.006,5,5610.102,5190.072
73.680,184.292,-0.006,5,5610.064,5190.895
73.690,184.291,-0.006,5,5610.027,5191.719
73.700,184.290,0.034,5,5609.989,5192.543
73.710,184.298,-0.006,5,5610.220,5193.367
73.720,184.296,-0.006,5,5610.182,5194.191
73.730,184.295,-0.006,5,5610.144,5195.015
73.740,184.294,-0.006,5,5610.107,5195.839
73.750,184.293,-0.006,5,5610.069,5196.662
73.760,184.291,-0.006,5,5610.032,5197.486
73.770,184.290,0.034,5,5609.994,5198.310
73.780,184.298,-0.006,5,5610.224,5199.134
73.790,184.296,-0.006,5,5610.187,5199.958
73.800,184.295,-0.006,5,5610.149,5200.782
73.810,184.294,-0.006,5,5610.112,5201.606
73.820,184.293,-0.006,5,5610.074,5202.429
73.830,184.292,-0.006,5,5610.036,5203.253
73.840,184.290,0.034,5,5609.999,5204.077
73.850,184.298,-0.006,5,5610.229,5204.901
73.860,184.297,-0.006,5,5610.192,5205.725
73.870,184.295,-0.006,5,5610.154,5206.549
73.880,184.294,-0.006,5,5610.116,5207.373
73.890,184.293,-0.006,5,5610.079,5208.197
73.900,184.292,-0.006,5,5610.041,5209.020
73.910,184.290,-0.006,5,5610.004,5209.844
73.920,184.289,0.034,5,5609.966,5210.668
73.930,184.297,-0.006,5,5610.196,5211.492
73.940,184.296,-0.006,5,5610.159,5212.316
73.950,184.294,-0.006,5,5610.121,5213.140
73.960,184.293,-0.006,5,5610.084,5213.964
73.970,184.292,-0.006,5,5610.046,5214.787
73.980,184.291,-0.006,5,5610.008,5215.611
73.990,184.289,0.034,5,5609.971,5216.435
74.000,184.297,-0.006,5,5610.201,5217.259
74.010,184.296,-0.006,5,5610.164,5218.083
74.020,184.294,-0.006,5,5610.126,5218.907
74.030,184.293,-0.006,5,5610.088,5219.731
74.040,184.292,-0.006,5,5610.051,5220.554
74.050,184.291,-0.006,5,5610.013,5221.378
74.060,184.290,0.034,5,5609.976,5222.202
74.070,184.297,-0.006,5,5610.206,5223.026
74.080,184.296,-0.006,5,5610.168,5223.850
74.090,184.295,-0.006,5,5610.131,5224.674
74.100,184.293,-0.006,5,5610.093,5225.498
74.110,184.292,-0.006,5,5610.056,5226.322
74.120,184.291,-0.006,5,5610.018,5227.145
74.130,184.290,0.034,5,5609.981,5227.969
74.140,184.297,-0.006,5,5610.211,5228.793
74.150,184.296,-0.006,5,5610.173,5229.617
74.160,184.295,-0.006,5,5610.136,5230.441
74.170,184.294,-0.006,5,5610.098,5231.265
74.180,184.292,-0.006,5,5610.060,5232.089
74.190,184.291,-0.006,5,5610.023,5232.912
74.200,184.290,0.034,5,5609.985,5233.736
74.210,184.297,-0.006,5,5610.216,5234.560
74.220,184.296,-0.006,5,5610.178,5235.384
74.230,184.295,-0.006,5,5610.140,5236.208
74.240,184.294,-0.006,5,5610.103,5237.032
74.250,184.292,-0.006,5,5610.065,5237.856
74.260,184.291,-0.006,5,5610.028,5238.679
74.270,184.290,0.034,5,5609.990,5239.503
74.280,184.298,-0.006,5,5610.221,5240.327
74.290,184.296,-0.006,5,5610.183,5241.151
74.300,184.295,-0.006,5,5610.145,5241.975
74.310,184.294,-0.006,5,5610.108,5242.799
74.320,184.293,-0.006,5,5610.070,5243.623
74.330,184.291,-0.006,5,5610.032,5244.447
74.340,184.290,0.034,5,5609.995,5245.270
74.350,184.298,-0.006,5,5610.225,5246.094
74.360,184.296,-0.006,5,5610.188,5246.918
74.370,184.295,-0.006,5,5610.150,5247.742
74.380,184.294,-0.006,5,5610.112,5248.566
74.390,184.293,-0.006,5,5610.075,5249.390
74.400,184.292,-0.006,5,5610.037,5250.214
74.410,184.290,0.034,5,5610.000,5251.037
74.420,184.298,-0.006,5,5610.230,5251.861
74.430,184.297,-0.006,5,5610.192,5252.685
74.440,184.295,-0.006,5,5610.155,5253.509
74.450,184.294,-0.006,5,5610.117,5254.333
74.460,184.293,-0.006,5,5610.080,5255.157
74.470,184.292,-0.006,5,5610.042,5255.981
74.480,184.290,-0.006,5,5610.004,5256.805
74.490,184.289,0.034,5,5609.967,5257.628
74.500,184.297,-0.006,5,5610.197,5258.452
74.510,184.296,-0.006,5,5610.160,5259.276
74.520,184.294,-0.006,5,5610.122,5260.100
74.530,184.293,-0.006,5,5610.084,5260.924
74.540,184.292,-0.006,5,5610.047,5261.748
74.550,184.291,-0.006,5,5610.009,5262.572
74.560,184.289,0.034,5,5609.972,5263.395
74.570,184.297,-0.006,5,5610.202,5264.219
74.580,184.296,-0.006,5,5610.165,5265.043
74.590,184.294,-0.006,5,5610.127,5265.867
74.600,184.293,-0.006,5,5610.089,5266.691
74.610,184.292,-0.006,5,5610.052,5267.515
74.620,184.291,-0.006,5,5610.014,5268.339
74.630,184.290,0.034,5,5609.977,5269.162
74.640,184.297,-0.006,5,5610.207,5269.986
74.650,184.296,-0.006,5,5610.169,5270.810
74.660,184.295,-0.006,5,5610.132,5271.634
74.670,184.293,-0.006,5,5610.094,5272.458
74.680,184.292,-0.006,5,5610.057,5273.282
74.690,184.291,-0.006,5,5610.019,5274.106
74.700,184.290,0.034,5,5609.981,5274.930
74.710,184.297,-0.006,5,5610.212,5275.753
74.720,184.296,-0.006,5,5610.174,5276.577
74.730,184.295,-0.006,5,5610.137,5277.401
74.740,184.294,-0.006,5,5610.099,5278.225
74.750,184.292,-0.006,5,5610.061,5279.049
74.760,184.291,-0.006,5,5610.024,5279.873
74.770,184.290,0.034,5,5609.986,5280.697
74.780,184.297,-0.006,5,5610.217,5281.520
74.790,184.296,-0.006,5,5610.179,5282.344
74.800,184.295,-0.006,5,5610.141,5283.168
74.810,184.294,-0.006,5,5610.104,5283.992
74.820,184.293,-0.006,5,5610.066,5284.816
74.830,184.291,-0.006,5,5610.029,5285.640
74.840,184.290,0.034,5,5609.991,5286.464
74.850,184.298,-0.006,5,5610.221,5287.287
74.860,184.296,-0.006,5,5610.184,5288.111
74.870,184.295,-0.006,5,5610.146,5288.935
74.880,184.294,-0.006,5,5610.109,5289.759
74.890,184.293,-0.006,5,5610.071,5290.583
74.900,184.291,-0.006,5,5610.033,5291.407
74.910,184.290,0.034,5,5609.996,5292.231
74.920,184.298,-0.006,5,5610.226,5293.055
74.930,184.297,-0.006,5,5610.189,5293.878
74.940,184.295,-0.006,5,5610.151,5294.702
74.950,184.294,-0.006,5,5610.113,5295.526
74.960,184.293,-0.006,5,5610.076,5296.350
74.970,184.292,-0.006,5,5610.038,5297.174
74.980,184.290,-0.006,5,5610.001,5297.998
74.990,184.289,0.034,5,5609.963,5298.822
75.000,184.297,-0.006,5,5610.193,5299.645
75.010,184.295,-0.006,5,5610.156,5300.469
75.020,184.294,-0.006,5,5610.118,5301.293
75.030,184.293,-0.006,5,5610.081,5302.117
75.040,184.292,-0.006,5,5610.043,5302.941
75.050,184.291,-0.006,5,5610.005,5303.765
75.060,184.289,0.034,5,5609.968,5304.589
75.070,184.297,-0.006,5,5610.198,5305.413
75.080,184.296,-0.006,5,5610.161,5306.236
75.090,184.294,-0.006,5,5610.123,5307.060
75.100,184.293,-0.006,5,5610.085,5307.884
75.110,184.292,-0.006,5,5610.048,5308.708
75.120,184.291,-0.006,5,5610.010,5309.532
75.130,184.289,0.034,5,5609.973,5310.356
75.140,184.297,-0.006,5,5610.203,5311.180
75.150,184.296,-0.006,5,5610.166,5312.003
75.160,184.295,-0.006,5,5610.128,5312.827
75.170,184.293,-0.006,5,5610.090,5313.651
75.180,184.292,-0.006,5,5610.053,5314.475
75.190,184.291,-0.006,5,5610.015,5315.299
75.200,184.290,0.034,5,5609.978,5316.123
75.210,184.297,-0.006,5,5610.208,5316.947
75.220,184.296,-0.006,5,5610.170,5317.770
75.230,184.295,-0.006,5,5610.133,5318.594
75.240,184.293,-0.006,5,5610.095,5319.418
75.250,184.292,-0.006,5,5610.058,5320.242
75.260,184.291,-0.006,5,5610.020,5321.066
75.270,184.290,0.034,5,5609.982,5321.890
75.280,184.297,-0.006,5,5610.213,5322.714
75.290,184.296,-0.006,5,5610.175,5323.538
75.300,184.295,-0.006,5,5610.138,5324.361
75.310,184.294,-0.006,5,5610.100,5325.185
75.320,184.292,-0.006,5,5610.062,5326.009
75.330,184.291,-0.006,5,5610.025,5326.833
75.340,184.290,0.034,5,5609.987,5327.657
75.350,184.297,-0.006,5,5610.218,5328.481
75.360,184.296,-0.006,5,5610.180,5329.305
75.370,184.295,-0.006,5,5610.142,5330.128
75.380,184.294,-0.006,5,5610.105,5330.952
75.390,184.293,-0.006,5,5610.067,5331.776
75.400,184.291,-0.006,5,5610.030,5332.600
75.410,184.290,0.034,5,5609.992,5333.424
75.420,184.298,-0.006,5,5610.222,5334.248
75.430,184.296,-0.006,5,5610.185,5335.072
75.440,184.295,-0.006,5,5610.147,5335.896
75.450,184.294,-0.006,5,5610.110,5336.719
75.460,184.293,-0.006,5,5610.072,5337.543
75.470,184.291,-0.006,5,5610.034,5338.367
75.480,184.290,0.034,5,5609.997,5339.191
75.490,184.298,-0.006,5,5610.227,5340.015
75.500,184.297,-0.006,5,5610.190,5340.839
75.510,184.295,-0.006,5,5610.152,5341.663
75.520,184.294,-0.006,5,5610.114,5342.486
75.530,184.293,-0.006,5,5610.077,5343.310
75.540,184.292,-0.006,5,5610.039,5344.134
75.550,184.290,-0.006,5,5610.002,5344.958
75.560,184.289,0.034,5,5609.964,5345.782
75.570,184.297,-0.006,5,5610.195,5346.606
75.580,184.295,-0.006,5,5610.157,5347.430
75.590,184.294,-0.006,5,5610.119,5348.253
75.600,184.293,-0.006,5,5610.082,5349.077
75.610,184.292,-0.006,5,5610.044,5349.901
75.620,184.291,-0.006,5,5610.006,5350.725
75.630,184.289,0.034,5,5609.969,5351.549
75.640,184.297,-0.006,5,5610.199,5352.373
75.650,184.296,-0.006,5,5610.162,5353.197
75.660,184.294,-0.006,5,5610.124,5354.021
75.670,184.293,-0.006,5,5610.086,5354.844
75.680,184.292,-0.006,5,5610.049,5355.668
75.690,184.291,-0.006,5,5610.011,5356.492
75.700,184.289,0.034,5,5609.974,5357.316
75.710,184.297,-0.006,5,5610.204,5358.140
75.720,184.296,-0.006,5,5610.167,5358.964
75.730,184.295,-0.006,5,5610.129,5359.788
75.740,184.293,-0.006,5,5610.091,5360.611
75.750,184.292,-0.006,5,5610.054,5361.435
75.760,184.291,-0.006,5,5610.016,5362.259
75.770,184.290,0.034,5,5609.979,5363.083
75.780,184.297,-0.006,5,5610.209,5363.907
75.790,184.296,-0.006,5,5610.171,5364.731
75.800,184.295,-0.006,5,5610.134,5365.555
75.810,184.293,-0.006,5,5610.096,5366.378
75.820,184.292,-0.006,5,5610.059,5367.202
75.830,184.291,-0.006,5,5610.021,5368.026
75.840,184.290,0.034,5,5609.983,5368.850
75.850,184.297,-0.006,5,5610.214,5369.674
75.860,184.296,-0.006,5,5610.176,5370.498
75.870,184.295,-0.006,5,5610.139,5371.322
75.880,184.294,-0.006,5,5610.101,5372.146
75.890,184.292,-0.006,5,5610.063,5372.969
75.900,184.291,-0.006,5,5610.026,5373.793
75.910,184.290,0.034,5,5609.988,5374.617
75.920,184.298,-0.006,5,5610.219,5375.441
75.930,184.296,-0.006,5,5610.181,5376.265
75.940,184.295,-0.006,5,5610.143,5377.089
75.950,184.294,-0.006,5,5610.106,5377.913
75.960,184.293,-0.006,5,5610.068,5378.736
75.970,184.291,-0.006,5,5610.031,5379.560
75.980,184.290,0.034,5,5609.993,5380.384
75.990,184.298,-0.006,5,5610.223,5381.208
76.000,184.296,-0.006,5,5610.186,5382.032
76.010,184.295,-0.006,5,5610.148,5382.856
76.020,184.294,-0.006,5,5610.111,5383.680
76.030,184.293,-0.006,5,5610.073,5384.503
76.040,184.291,-0.006,5,5610.035,5385.327
76.050,184.290,0.034,5,5609.998,5386.151
76.060,184.298,-0.006,5,5610.228,5386.975
76.070,184.297,-0.006,5,5610.191,5387.799
76.080,184.295,-0.006,5,5610.153,5388.623
76.090,184.294,-0.006,5,5610.115,5389.447
76.100,184.293,-0.006,5,5610.078,5390.271
76.110,184.292,-0.006,5,5610.040,5391.094
76.120,184.290,-0.006,5,5610.003,5391.918
76.130,184.289,0.034,5,5609.965,5392.742
76.140,184.297,-0.006,5,5610.195,5393.566
76.150,184.296,-0.006,5,5610.158,5394.390
76.160,184.294,-0.006,5,5610.120,5395.214
76.170,184.293,-0.006,5,5610.083,5396.038
76.180,184.292,-0.006,5,5610.045,5396.861
76.190,184.291,-0.006,5,5610.007,5397.685
76.200,184.289,0.034,5,5609.970,5398.509
76.210,184.297,-0.006,5,5610.200,5399.333
76.220,184.296,-0.006,5,5610.163,5400.157
76.230,184.294,-0.006,5,5610.125,5400.981
76.240,184.293,-0.006,5,5610.087,5401.805
76.250,184.292,-0.006,5,5610.050,5402.628
76.260,184.291,-0.006,5,5610.012,5403.452
76.270,184.289,0.034,5,5609.975,5404.276
76.280,184.297,-0.006,5,5610.205,5405.100
76.290,184.296,-0.006,5,5610.168,5405.924
76.300,184.295,-0.006,5,5610.130,5406.748
76.310,184.293,-0.006,5,5610.092,5407.572
76.320,184.292,-0.006,5,5610.055,5408.396
76.330,184.291,-0.006,5,5610.017,5409.219
76.340,184.290,0.034,5,5609.980,5410.043
76.350,184.297,-0.006,5,5610.210,5410.867
76.360,184.296,-0.006,5,5610.172,5411.691
76.370,184.295,-0.006,5,5610.135,5412.515
76.380,184.294,-0.006,5,5610.097,5413.339
76.390,184.292,-0.006,5,5610.060,5414.163
76.400,184.291,-0.006,5,5610.022,5414.986
76.410,184.290,0.034,5,5609.984,5415.810
76.420,184.297,-0.006,5,5610.215,5416.634
76.430,184.296,-0.006,5,5610.177,5417.458
76.440,184.295,-0.006,5,5610.140,5418.282
76.450,184.294,-0.006,5,5610.102,5419.106
76.460,184.292,-0.006,5,5610.064,5419.930
76.470,184.291,-0.006,5,5610.027,5420.754
76.480,184.290,0.034,5,5609.989,5421.577
76.490,184.298,-0.006,5,5610.220,5422.401
76.500,184.296,-0.006,5,5610.182,5423.225
76.510,184.295,-0.006,5,5610.144,5424.049
76.520,184.294,-0.006,5,5610.107,5424.873
76.530,184.293,-0.006,5,5610.069,5425.697
76.540,184.291,-0.006,5,5610.032,5426.521
76.550,184.290,0.034,5,5609.994,5427.344
76.560,184.298,-0.006,5,5610.224,5428.168
76.570,184.296,-0.006,5,5610.187,5428.992
76.580,184.295,-0.006,5,5610.149,5429.816
76.590,184.294,-0.006,5,5610.112,5430.640
76.600,184.293,-0.006,5,5610.074,5431.464
76.610,184.292,-0.006,5,5610.036,5432.288
76.620,184.290,0.034,5,5609.999,5433.111
76.630,184.298,-0.006,5,5610.229,5433.935
76.640,184.297,-0.006,5,5610.192,5434.759
76.650,184.295,-0.006,5,5610.154,5435.583
76.660,184.294,-0.006,5,5610.116,5436.407
76.670,184.293,-0.006,5,5610.079,5437.231
76.680,184.292,-0.006,5,5610.041,5438.055
76.690,184.290,-0.006,5,5610.004,5438.879
76.700,184.289,0.034,5,5609.966,5439.702
76.710,184.297,-0.006,5,5610.196,5440.526
76.720,184.296,-0.006,5,5610.159,5441.350
76.730,184.294,-0.006,5,5610.121,5442.174
76.740,184.293,-0.006,5,5610.084,5442.998
76.750,184.292,-0.006,5,5610.046,5443.822
76.760,184.291,-0.006,5,5610.008,5444.646
76.770,184.289,0.034,5,5609.971,5445.469
76.780,184.297,-0.006,5,5610.201,5446.293
76.790,184.296,-0.006,5,5610.164,5447.117
76.800,184.294,-0.006,5,5610.126,5447.941
76.810,184.293,-0.006,5,5610.088,5448.765
76.820,184.292,-0.006,5,5610.051,5449.589
76.830,184.291,-0.006,5,5610.013,5450.413
76.840,184.290,0.034,5,5609.976,5451.236
76.850,184.297,-0.006,5,5610.206,5452.060
76.860,184.296,-0.006,5,5610.168,5452.884
76.870,184.295,-0.006,5,5610.131,5453.708
76.880,184.293,-0.006,5,5610.093,5454.532
76.890,184.292,-0.006,5,5610.056,5455.356
76.900,184.291,-0.006,5,5610.018,5456.180
76.910,184.290,0.034,5,5609.981,5457.004
76.920,184.297,-0.006,5,5610.211,5457.827
76.930,184.296,-0.006,5,5610.173,5458.651
76.940,184.295,-0.006,5,5610.136,5459.475
76.950,184.294,-0.006,5,5610.098,5460.299
76.960,184.292,-0.006,5,5610.060,5461.123
76.970,184.291,-0.006,5,5610.023,5461.947
76.980,184.290,0.034,5,5609.985,5462.771
76.990,184.297,-0.006,5,5610.216,5463.594
77.000,184.296,-0.006,5,5610.178,5464.418
77.010,184.295,-0.006,5,5610.141,5465.242
77.020,184.294,-0.006,5,5610.103,5466.066
77.030,184.292,-0.006,5,5610.065,5466.890
77.040,184.291,-0.006,5,5610.028,5467.714
77.050,184.290,0.034,5,5609.990,5468.538
77.060,184.298,-0.006,5,5610.221,5469.361
77.070,184.296,-0.006,5,5610.183,5470.185
77.080,184.295,-0.006,5,5610.145,5471.009
77.090,184.294,-0.006,5,5610.108,5471.833
77.100,184.293,-0.006,5,5610.070,5472.657
77.110,184.291,-0.006,5,5610.033,5473.481
77.120,184.290,0.034,5,5609.995,5474.305
77.130,184.298,-0.006,5,5610.225,5475.129
77.140,184.296,-0.006,5,5610.188,5475.952
77.150,184.295,-0.006,5,5610.150,5476.776
77.160,184.294,-0.006,5,5610.112,5477.600
77.170,184.293,-0.006,5,5610.075,5478.424
77.180,184.292,-0.006,5,5610.037,5479.248
77.190,184.290,0.034,5,5610.000,5480.072
77.200,184.298,-0.006,5,5610.230,5480.896
77.210,184.297,-0.006,5,5610.192,5481.720
77.220,184.295,-0.006,5,5610.155,5482.543
77.230,184.294,-0.006,5,5610.117,5483.367
77.240,184.293,-0.006,5,5610.080,5484.191
77.250,184.292,-0.006,5,5610.042,5485.015
77.260,184.290,-0.006,5,5610.004,5485.839
77.270,184.289,0.034,5,5609.967,5486.663
77.280,184.297,-0.006,5,5610.197,5487.487
77.290,184.296,-0.006,5,5610.160,5488.310
77.300,184.294,-0.006,5,5610.122,5489.134
77.310,184.293,-0.006,5,5610.084,5489.958
77.320,184.292,-0.006,5,5610.047,5490.782
77.330,184.291,-0.006,5,5610.009,5491.606
77.340,184.289,0.034,5,5609.972,5492.430
77.350,184.297,-0.006,5,5610.202,5493.254
77.360,184.296,-0.006,5,5610.165,5494.077
77.370,184.294,-0.006,5,5610.127,5494.901
77.380,184.293,-0.006,5,5610.089,5495.725
77.390,184.292,-0.006,5,5610.052,5496.549
77.400,184.291,-0.006,5,5610.014,5497.373
77.410,184.290,0.034,5,5609.977,5498.197
77.420,184.297,-0.006,5,5610.207,5499.021
77.430,184.296,-0.006,5,5610.169,5499.844
77.440,184.295,-0.006,5,5610.132,5500.668
77.450,184.293,-0.006,5,5610.094,5501.492
77.460,184.292,-0.006,5,5610.057,5502.316
77.470,184.291,-0.006,5,5610.019,5503.140
77.480,184.290,0.034,5,5609.981,5503.964
77.490,184.297,-0.006,5,5610.212,5504.788
77.500,184.296,-0.006,5,5610.174,5505.612
77.510,184.295,-0.006,5,5610.137,5506.435
77.520,184.294,-0.006,5,5610.099,5507.259
77.530,184.292,-0.006,5,5610.061,5508.083
77.540,184.291,-0.006,5,5610.024,5508.907
77.550,184.290,0.034,5,5609.986,5509.731
77.560,184.297,-0.006,5,5610.217,5510.555
77.570,184.296,-0.006,5,5610.179,5511.379
77.580,184.295,-0.006,5,5610.141,5512.202
77.590,184.294,-0.006,5,5610.104,5513.026
77.600,184.293,-0.006,5,5610.066,5513.850
77.610,184.291,-0.006,5,5610.029,5514.674
77.620,184.290,0.034,5,5609.991,5515.498
77.630,184.298,-0.006,5,5610.222,5516.322
77.640,184.296,-0.006,5,5610.184,5517.146
77.650,184.295,-0.006,5,5610.146,5517.970
77.660,184.294,-0.006,5,5610.109,5518.793
77.670,184.293,-0.006,5,5610.071,5519.617
77.680,184.291,-0.006,5,5610.033,5520.441
77.690,184.290,0.034,5,5609.996,5521.265
77.700,184.298,-0.006,5,5610.226,5522.089
77.710,184.297,-0.006,5,5610.189,5522.913
77.720,184.295,-0.006,5,5610.151,5523.737
77.730,184.294,-0.006,5,5610.113,5524.560
77.740,184.293,-0.006,5,5610.076,5525.384
77.750,184.292,-0.006,5,5610.038,5526.208
77.760,184.290,-0.006,5,5610.001,5527.032
77.770,184.289,0.034,5,5609.963,5527.856
77.780,184.297,-0.006,5,5610.194,5528.680
77.790,184.295,-0.006,5,5610.156,5529.504
77.800,184.294,-0.006,5,5610.118,5530.327
77.810,184.293,-0.006,5,5610.081,5531.151
77.820,184.292,-0.006,5,5610.043,5531.975
77.830,184.291,-0.006,5,5610.005,5532.799
77.840,184.289,0.034,5,5609.968,5533.623
77.850,184.297,-0.006,5,5610.198,5534.447
77.860,184.296,-0.006,5,5610.161,5535.271
77.870,184.294,-0.006,5,5610.123,5536.095
77.880,184.293,-0.006,5,5610.086,5536.918
77.890,184.292,-0.006,5,5610.048,5537.742
77.900,184.291,-0.006,5,5610.010,5538.566
77.910,184.289,0.034,5,5609.973,5539.390
77.920,184.297,-0.006,5,5610.203,5540.214
77.930,184.296,-0.006,5,5610.166,5541.038
77.940,184.295,-0.006,5,5610.128,5541.862
77.950,184.293,-0.006,5,5610.090,5542.685
77.960,184.292,-0.006,5,5610.053,5543.509
77.970,184.291,-0.006,5,5610.015,5544.333
77.980,184.290,0.034,5,5609.978,5545.157
77.990,184.297,-0.006,5,5610.208,5545.981
78.000,184.296,-0.006,5,5610.170,5546.805
78.010,184.295,-0.006,5,5610.133,5547.629
78.020,184.293,-0.006,5,5610.095,5548.452
78.030,184.292,-0.006,5,5610.058,5549.276
78.040,184.291,-0.006,5,5610.020,5550.100
78.050,184.290,0.034,5,5609.982,5550.924
78.060,184.297,-0.006,5,5610.213,5551.748
78.070,184.296,-0.006,5,5610.175,5552.572
78.080,184.295,-0.006,5,5610.138,5553.396
78.090,184.294,-0.006,5,5610.100,5554.220
78.100,184.292,-0.006,5,5610.062,5555.043
78.110,184.291,-0.006,5,5610.025,5555.867
78.120,184.290,0.034,5,5609.987,5556.691
78.130,184.297,-0.006,5,5610.218,5557.515
78.140,184.296,-0.006,5,5610.180,5558.339
78.150,184.295,-0.006,5,5610.142,5559.163
78.160,184.294,-0.006,5,5610.105,5559.987
78.170,184.293,-0.006,5,5610.067,5560.810
78.180,184.291,-0.006,5,5610.030,5561.634
78.190,184.290,0.034,5,5609.992,5562.458
78.200,184.298,-0.006,5,5610.223,5563.282
78.210,184.296,-0.006,5,5610.185,5564.106
78.220,184.295,-0.006,5,5610.147,5564.930
78.230,184.294,-0.006,5,5610.110,5565.754
78.240,184.293,-0.006,5,5610.072,5566.578
78.250,184.291,-0.006,5,5610.034,5567.401
78.260,184.290,0.034,5,5609.997,5568.225
78.270,184.298,-0.006,5,5610.227,5569.049
78.280,184.297,-0.006,5,5610.190,5569.873
78.290,184.295,-0.006,5,5610.152,5570.697
78.300,184.294,-0.006,5,5610.114,5571.521
78.310,184.293,-0.006,5,5610.077,5572.345
78.320,184.292,-0.006,5,5610.039,5573.168
78.330,184.290,-0.006,5,5610.002,5573.992
78.340,184.289,0.034,5,5609.964,5574.816
78.350,184.297,-0.006,5,5610.195,5575.640
78.360,184.295,-0.006,5,5610.157,5576.464
78.370,184.294,-0.006,5,5610.119,5577.288
78.380,184.293,-0.006,5,5610.082,5578.112
78.390,184.292,-0.006,5,5610.044,5578.935
78.400,184.291,-0.006,5,5610.006,5579.759
78.410,184.289,0.034,5,5609.969,5580.583
78.420,184.297,-0.006,5,5610.199,5581.407
78.430,184.296,-0.006,5,5610.162,5582.231
78.440,184.294,-0.006,5,5610.124,5583.055
78.450,184.293,-0.006,5,5610.087,5583.879
78.460,184.292,-0.006,5,5610.049,5584.703
78.470,184.291,-0.006,5,5610.011,5585.526
78.480,184.289,0.034,5,5609.974,5586.350
78.490,184.297,-0.006,5,5610.204,5587.174
78.500,184.296,-0.006,5,5610.167,5587.998
78.510,184.295,-0.006,5,5610.129,5588.822
78.520,184.293,-0.006,5,5610.091,5589.646
78.530,184.292,-0.006,5,5610.054,5590.470
78.540,184.291,-0.006,5,5610.016,5591.293
78.550,184.290,0.034,5,5609.979,5592.117
78.560,184.297,-0.006,5,5610.209,5592.941
78.570,184.296,-0.006,5,5610.171,5593.765
78.580,184.295,-0.006,5,5610.134,5594.589
78.590,184.293,-0.006,5,5610.096,5595.413
78.600,184.292,-0.006,5,5610.059,5596.237
78.610,184.291,-0.006,5,5610.021,5597.060
78.620,184.290,0.034,5,5609.983,5597.884
78.630,184.297,-0.006,5,5610.214,5598.708
78.640,184.296,-0.006,5,5610.176,5599.532
78.650,184.295,-0.006,5,5610.139,5600.356
78.660,184.294,-0.006,5,5610.101,5601.180
78.670,184.292,-0.006,5,5610.063,5602.004
78.680,184.291,-0.006,5,5610.026,5602.828
78.690,184.290,0.034,5,5609.988,5603.651
78.700,184.298,-0.006,5,5610.219,5604.475
78.710,184.296,-0.006,5,5610.181,5605.299
78.720,184.295,-0.006,5,5610.143,5606.123
78.730,184.294,-0.006,5,5610.106,5606.947
78.740,184.293,-0.006,5,5610.068,5607.771
78.750,184.291,-0.006,5,5610.031,5608.595
78.760,184.290,0.034,5,5609.993,5609.418
78.770,184.298,-0.006,5,5610.223,5610.242
78.780,184.296,-0.006,5,5610.186,5611.066
78.790,184.295,-0.006,5,5610.148,5611.890
78.800,184.294,-0.006,5,5610.111,5612.714
78.810,184.293,-0.006,5,5610.073,5613.538
78.820,184.291,-0.006,5,5610.035,5614.362
78.830,184.290,0.034,5,5609.998,5615.185
78.840,184.298,-0.006,5,5610.228,5616.009
78.850,184.297,-0.006,5,5610.191,5616.833
78.860,184.295,-0.006,5,5610.153,5617.657
78.870,184.294,-0.006,5,5610.115,5618.481
78.880,184.293,-0.006,5,5610.078,5619.305
78.890,184.292,-0.006,5,5610.040,5620.129
78.900,184.290,-0.006,5,5610.003,5620.953
78.910,184.289,0.034,5,5609.965,5621.776
78.920,184.297,-0.006,5,5610.195,5622.600
78.930,184.296,-0.006,5,5610.158,5623.424
78.940,184.294,-0.006,5,5610.120,5624.248
78.950,184.293,-0.006,5,5610.083,5625.072
78.960,184.292,-0.006,5,5610.045,5625.896
78.970,184.291,-0.006,5,5610.007,5626.720
78.980,184.289,0.034,5,5609.970,5627.543
78.990,184.297,-0.006,5,5610.200,5628.367
79.000,184.296,-0.006,5,5610.163,5629.191
79.010,184.294,-0.006,5,5610.125,5630.015
79.020,184.293,-0.006,5,5610.087,5630.839
79.030,184.292,-0.006,5,5610.050,5631.663
79.040,184.291,-0.006,5,5610.012,5632.487
79.050,184.289,0.034,5,5609.975,5633.310
79.060,184.297,-0.006,5,5610.205,5634.134
79.070,184.296,-0.006,5,5610.168,5634.958
79.080,184.295,-0.006,5,5610.130,5635.782
79.090,184.293,-0.006,5,5610.092,5636.606
79.100,184.292,-0.006,5,5610.055,5637.430
79.110,184.291,-0.006,5,5610.017,5638.254
79.120,184.290,0.034,5,5609.980,5639.078
79.130,184.297,-0.006,5,5610.210,5639.901
79.140,184.296,-0.006,5,5610.172,5640.725
79.150,184.295,-0.006,5,5610.135,5641.549
79.160,184.294,-0.006,5,5610.097,5642.373
79.170,184.292,-0.006,5,5610.060,5643.197
79.180,184.291,-0.006,5,5610.022,5644.021
79.190,184.290,0.034,5,5609.984,5644.845
79.200,184.297,-0.006,5,5610.215,5645.668
79.210,184.296,-0.006,5,5610.177,5646.492
79.220,184.295,-0.006,5,5610.140,5647.316
79.230,184.294,-0.006,5,5610.102,5648.140
79.240,184.292,-0.006,5,5610.064,5648.964
79.250,184.291,-0.006,5,5610.027,5649.788
79.260,184.290,0.034,5,5609.989,5650.612
79.270,184.298,-0.006,5,5610.220,5651.435
79.280,184.296,-0.006,5,5610.182,5652.259
79.290,184.295,-0.006,5,5610.144,5653.083
79.300,184.294,-0.006,5,5610.107,5653.907
79.310,184.293,-0.006,5,5610.069,5654.731
79.320,184.291,-0.006,5,5610.032,5655.555
79.330,184.290,0.034,5,5609.994,5656.379
79.340,184.298,-0.006,5,5610.224,5657.203
79.350,184.296,-0.006,5,5610.187,5658.026
79.360,184.295,-0.006,5,5610.149,5658.850
79.370,184.294,-0.006,5,5610.112,5659.674
79.380,184.293,-0.006,5,5610.074,5660.498
79.390,184.292,-0.006,5,5610.036,5661.322
79.400,184.290,0.034,5,5609.999,5662.146
79.410,184.298,-0.006,5,5610.229,5662.970
79.420,184.297,-0.006,5,5610.192,5663.794
79.430,184.295,-0.006,5,5610.154,5664.617
79.440,184.294,-0.006,5,5610.116,5665.441
79.450,184.293,-0.006,5,5610.079,5666.265
79.460,184.292,-0.006,5,5610.041,5667.089
79.470,184.290,-0.006,5,5610.004,5667.913
79.480,184.289,0.034,5,5609.966,5668.737
79.490,184.297,-0.006,5,5610.196,5669.561
79.500,184.296,-0.006,5,5610.159,5670.384
79.510,184.294,-0.006,5,5610.121,5671.208
79.520,184.293,-0.006,5,5610.084,5672.032
79.530,184.292,-0.006,5,5610.046,5672.856
79.540,184.291,-0.006,5,5610.008,5673.680
79.550,184.289,0.034,5,5609.971,5674.504
79.560,184.297,-0.006,5,5610.201,5675.328
79.570,184.296,-0.006,5,5610.164,5676.151
79.580,184.294,-0.006,5,5610.126,5676.975
79.590,184.293,-0.006,5,5610.088,5677.799
79.600,184.292,-0.006,5,5610.051,5678.623
79.610,184.291,-0.006,5,5610.013,5679.447
79.620,184.290,0.034,5,5609.976,5680.271
79.630,184.297,-0.006,5,5610.206,5681.095
79.640,184.296,-0.006,5,5610.169,5681.918
79.650,184.295,-0.006,5,5610.131,5682.742
79.660,184.293,-0.006,5,5610.093,5683.566
79.670,184.292,-0.006,5,5610.056,5684.390
79.680,184.291,-0.006,5,5610.018,5685.214
79.690,184.290,0.034,5,5609.981,5686.038
79.700,184.297,-0.006,5,5610.211,5686.862
79.710,184.296,-0.006,5,5610.173,5687.686
79.720,184.295,-0.006,5,5610.136,5688.509
79.730,184.294,-0.006,5,5610.098,5689.333
79.740,184.292,-0.006,5,5610.061,5690.157
79.750,184.291,-0.006,5,5610.023,5690.981
79.760,184.290,0.034,5,5609.985,5691.805
79.770,184.297,-0.006,5,5610.216,5692.629
79.780,184.296,-0.006,5,5610.178,5693.453
79.790,184.295,-0.006,5,5610.141,5694.276
79.800,184.294,-0.006,5,5610.103,5695.100
79.810,184.292,-0.006,5,5610.065,5695.924
79.820,184.291,-0.006,5,5610.028,5696.748
79.830,184.290,0.034,5,5609.990,5697.572
79.840,184.298,-0.006,5,5610.221,5698.396
79.850,184.296,-0.006,5,5610.183,5699.220
79.860,184.295,-0.006,5,5610.145,5700.044
79.870,184.294,-0.006,5,5610.108,5700.867
79.880,184.293,-0.006,5,5610.070,5701.691
79.890,184.291,-0.006,5,5610.033,5702.515
79.900,184.290,0.034,5,5609.995,5703.339
79.910,184.298,-0.006,5,5610.225,5704.163
79.920,184.296,-0.006,5,5610.188,5704.987
79.930,184.295,-0.006,5,5610.150,5705.811
79.940,184.294,-0.006,5,5610.112,5706.634
79.950,184.293,-0.006,5,5610.075,5707.458
79.960,184.292,-0.006,5,5610.037,5708.282
79.970,184.290,0.034,5,5610.000,5709.106
79.980,184.298,-0.006,5,5610.230,5709.930
79.990,184.297,-0.006,5,5610.193,5710.754
80.000,184.295,-0.006,5,5610.155,5711.578
80.010,184.294,-0.006,5,5610.117,5712.402
80.020,184.293,-0.006,5,5610.080,5713.225
80.030,184.292,-0.006,5,5610.042,5714.049
80.040,184.290,-0.006,5,5610.004,5714.873
80.050,184.289,0.034,5,5609.967,5715.697
80.060,184.297,-0.006,5,5610.197,5716.521
80.070,184.296,-0.006,5,5610.160,5717.345
80.080,184.294,-0.006,5,5610.122,5718.169
80.090,184.293,-0.006,5,5610.085,5718.992
80.100,184.292,-0.006,5,5610.047,5719.816
80.110,184.291,-0.006,5,5610.009,5720.640
80.120,184.289,0.034,5,5609.972,5721.464
80.130,184.297,-0.006,5,5610.202,5722.288
80.140,184.296,-0.006,5,5610.165,5723.112
80.150,184.294,-0.006,5,5610.127,5723.936
80.160,184.293,-0.006,5,5610.089,5724.759
80.170,184.292,-0.006,5,5610.052,5725.583
80.180,184.291,-0.006,5,5610.014,5726.407
80.190,184.290,0.034,5,5609.977,5727.231
80.200,184.297,-0.006,5,5610.207,5728.055
80.210,184.296,-0.006,5,5610.169,5728.879
80.220,184.295,-0.006,5,5610.132,5729.703
80.230,184.293,-0.006,5,5610.094,5730.527
80.240,184.292,-0.006,5,5610.057,5731.350
80.250,184.291,-0.006,5,5610.019,5732.174
80.260,184.290,0.034,5,5609.981,5732.998
80.270,184.297,-0.006,5,5610.212,5733.822
80.280,184.296,-0.006,5,5610.174,5734.646
80.290,184.295,-0.006,5,5610.137,5735.470
80.300,184.294,-0.006,5,5610.099,5736.294
80.310,184.292,-0.006,5,5610.061,5737.117
80.320,184.291,-0.006,5,5610.024,5737.941
80.330,184.290,0.034,5,5609.986,5738.765
80.340,184.297,-0.006,5,5610.217,5739.589
80.350,184.296,-0.006,5,5610.179,5740.413
80.360,184.295,-0.006,5,5610.141,5741.237
80.370,184.294,-0.006,5,5610.104,5742.061
80.380,184.293,-0.006,5,5610.066,5742.884
80.390,184.291,-0.006,5,5610.029,5743.708
80.400,184.290,0.034,5,5609.991,5744.532
80.410,184.298,-0.006,5,5610.222,5745.356
80.420,184.296,-0.006,5,5610.184,5746.180
80.430,184.295,-0.006,5,5610.146,5747.004
80.440,184.294,-0.006,5,5610.109,5747.828
80.450,184.293,-0.006,5,5610.071,5748.652
80.460,184.291,-0.006,5,5610.033,5749.475
80.470,184.290,0.034,5,5609.996,5750.299
80.480,184.298,-0.006,5,5610.226,5751.123
80.490,184.297,-0.006,5,5610.189,5751.947
80.500,184.295,-0.006,5,5610.151,5752.771
80.510,184.294,-0.006,5,5610.113,5753.595
80.520,184.293,-0.006,5,5610.076,5754.419
80.530,184.292,-0.006,5,5610.038,5755.242
80.540,184.290,-0.006,5,5610.001,5756.066
80.550,184.289,0.034,5,5609.963,5756.890
80.560,184.297,-0.006,5,5610.194,5757.714
80.570,184.295,-0.006,5,5610.156,5758.538
80.580,184.294,-0.006,5,5610.118,5759.362
80.590,184.293,-0.006,5,5610.081,5760.186
80.600,184.292,-0.006,5,5610.043,5761.009
80.610,184.291,-0.006,5,5610.006,5761.833
80.620,184.289,0.034,5,5609.968,5762.657
80.630,184.297,-0.006,5,5610.198,5763.481
80.640,184.296,-0.006,5,5610.161,5764.305
80.650,184.294,-0.006,5,5610.123,5765.129
80.660,184.293,-0.006,5,5610.086,5765.953
80.670,184.292,-0.006,5,5610.048,5766.777
80.680,184.291,-0.006,5,5610.010,5767.600
80.690,184.289,0.034,5,5609.973,5768.424
80.700,184.297,-0.006,5,5610.203,5769.248
80.710,184.296,-0.006,5,5610.166,5770.072
80.720,184.295,-0.006,5,5610.128,5770.896
80.730,184.293,-0.006,5,5610.090,5771.720
80.740,184.292,-0.006,5,5610.053,5772.544
80.750,184.291,-0.006,5,5610.015,5773.367
80.760,184.290,0.034,5,5609.978,5774.191
80.770,184.297,-0.006,5,5610.208,5775.015
80.780,184.296,-0.006,5,5610.170,5775.839
80.790,184.295,-0.006,5,5610.133,5776.663
80.800,184.293,-0.006,5,5610.095,5777.487
80.810,184.292,-0.006,5,5610.058,5778.311
80.820,184.291,-0.006,5,5610.020,5779.134
80.830,184.290,0.034,5,5609.982,5779.958
80.840,184.297,-0.006,5,5610.213,5780.782
80.850,184.296,-0.006,5,5610.175,5781.606
80.860,184.295,-0.006,5,5610.138,5782.430
80.870,184.294,-0.006,5,5610.100,5783.254
80.880,184.292,-0.006,5,5610.062,5784.078
80.890,184.291,-0.006,5,5610.025,5784.902
80.900,184.290,0.034,5,5609.987,5785.725
80.910,184.297,-0.006,5,5610.218,5786.549
80.920,184.296,-0.006,5,5610.180,5787.373
80.930,184.295,-0.006,5,5610.142,5788.197
80.940,184.294,-0.006,5,5610.105,5789.021
80.950,184.293,-0.006,5,5610.067,5789.845
80.960,184.291,-0.006,5,5610.030,5790.669
80.970,184.290,0.034,5,5609.992,5791.492
80.980,184.298,-0.006,5,5610.223,5792.316
80.990,184.296,-0.006,5,5610.185,5793.140
81.000,184.295,-0.006,5,5610.147,5793.964
81.010,184.294,-0.006,5,5610.110,5794.788
81.020,184.293,-0.006,5,5610.072,5795.612
81.030,184.291,-0.006,5,5610.034,5796.436
81.040,184.290,0.034,5,5609.997,5797.260
81.050,184.298,-0.006,5,5610.227,5798.083
81.060,184.297,-0.006,5,5610.190,5798.907
81.070,184.295,-0.006,5,5610.152,5799.731
81.080,184.294,-0.006,5,5610.114,5800.555
81.090,184.293,-0.006,5,5610.077,5801.379
81.100,184.292,-0.006,5,5610.039,5802.203
81.110,184.290,-0.006,5,5610.002,5803.027
81.120,184.289,0.034,5,5609.964,5803.850
81.130,184.297,-0.006,5,5610.195,5804.674
81.140,184.295,-0.006,5,5610.157,5805.498
81.150,184.294,-0.006,5,5610.119,5806.322
81.160,184.293,-0.006,5,5610.082,5807.146
81.170,184.292,-0.006,5,5610.044,5807.970
81.180,184.291,-0.006,5,5610.007,5808.794
81.190,184.289,0.034,5,5609.969,5809.617
81.200,184.297,-0.006,5,5610.199,5810.441
81.210,184.296,-0.006,5,5610.162,5811.265
81.220,184.294,-0.006,5,5610.124,5812.089
81.230,184.293,-0.006,5,5610.087,5812.913
81.240,184.292,-0.006,5,5610.049,5813.737
81.250,184.291,-0.006,5,5610.011,5814.561
81.260,184.289,0.034,5,5609.974,5815.384
81.270,184.297,-0.006,5,5610.204,5816.208
81.280,184.296,-0.006,5,5610.167,5817.032
81.290,184.295,-0.006,5,5610.129,5817.856
81.300,184.293,-0.006,5,5610.091,5818.680
81.310,184.292,-0.006,5,5610.054,5819.504
81.320,184.291,-0.006,5,5610.016,5820.328
81.330,184.290,0.034,5,5609.979,5821.152
81.340,184.297,-0.006,5,5610.209,5821.975
81.350,184.296,-0.006,5,5610.171,5822.799
81.360,184.295,-0.006,5,5610.134,5823.623
81.370,184.293,-0.006,5,5610.096,5824.447
81.380,184.292,-0.006,5,5610.059,5825.271
81.390,184.291,-0.006,5,5610.021,5826.095
81.400,184.290,0.034,5,5609.983,5826.919
81.410,184.297,-0.006,5,5610.214,5827.742
81.420,184.296,-0.006,5,5610.176,5828.566
81.430,184.295,-0.006,5,5610.139,5829.390
81.440,184.294,-0.006,5,5610.101,5830.214
81.450,184.292,-0.006,5,5610.063,5831.038
81.460,184.291,-0.006,5,5610.026,5831.862
81.470,184.290,0.034,5,5609.988,5832.686
81.480,184.298,-0.006,5,5610.219,5833.510
81.490,184.296,-0.006,5,5610.181,5834.333
81.500,184.295,-0.006,5,5610.143,5835.157
81.510,184.294,-0.006,5,5610.106,5835.981
81.520,184.293,-0.006,5,5610.068,5836.805
81.530,184.291,-0.006,5,5610.031,5837.629
81.540,184.290,0.034,5,5609.993,5838.453
81.550,184.298,-0.006,5,5610.224,5839.277
81.560,184.296,-0.006,5,5610.186,5840.100
81.570,184.295,-0.006,5,5610.148,5840.924
81.580,184.294,-0.006,5,5610.111,5841.748
81.590,184.293,-0.006,5,5610.073,5842.572
81.600,184.291,-0.006,5,5610.035,5843.396
81.610,184.290,0.034,5,5609.998,5844.220
81.620,184.298,-0.006,5,5610.228,5845.044
81.630,184.297,-0.006,5,5610.191,5845.868
81.640,184.295,-0.006,5,5610.153,5846.691
81.650,184.294,-0.006,5,5610.115,5847.515
81.660,184.293,-0.006,5,5610.078,5848.339
81.670,184.292,-0.006,5,5610.040,5849.163
81.680,184.290,-0.006,5,5610.003,5849.987
81.690,184.289,0.034,5,5609.965,5850.811
81.700,184.297,-0.006,5,5610.196,5851.635
81.710,184.296,-0.006,5,5610.158,5852.458
81.720,184.294,-0.006,5,5610.120,5853.282
81.730,184.293,-0.006,5,5610.083,5854.106
81.740,184.292,-0.006,5,5610.045,5854.930
81.750,184.291,-0.006,5,5610.007,5855.754
81.760,184.289,0.034,5,5609.970,5856.578
81.770,184.297,-0.006,5,5610.200,5857.402
81.780,184.296,-0.006,5,5610.163,5858.225
81.790,184.294,-0.006,5,5610.125,5859.049
81.800,184.293,-0.006,5,5610.088,5859.873
81.810,184.292,-0.006,5,5610.050,5860.697
81.820,184.291,-0.006,5,5610.012,5861.521
81.830,184.289,0.034,5,5609.975,5862.345
81.840,184.297,-0.006,5,5610.205,5863.169
81.850,184.296,-0.006,5,5610.168,5863.992
81.860,184.295,-0.006,5,5610.130,5864.816
81.870,184.293,-0.006,5,5610.092,5865.640
81.880,184.292,-0.006,5,5610.055,5866.464
81.890,184.291,-0.006,5,5610.017,5867.288
81.900,184.290,0.034,5,5609.980,5868.112
81.910,184.297,-0.006,5,5610.210,5868.936
81.920,184.296,-0.006,5,5610.172,5869.760
81.930,184.295,-0.006,5,5610.135,5870.583
81.940,184.294,-0.006,5,5610.097,5871.407
81.950,184.292,-0.006,5,5610.060,5872.231
81.960,184.291,-0.006,5,5610.022,5873.055
81.970,184.290,0.034,5,5609.984,5873.879
81.980,184.297,-0.006,5,5610.215,5874.703
81.990,184.296,-0.006,5,5610.177,5875.527
82.000,184.295,-0.006,5,5610.140,5876.350
82.010,184.294,-0.006,5,5610.102,5877.174
82.020,184.292,-0.006,5,5610.064,5877.998
82.030,184.291,-0.006,5,5610.027,5878.822
82.040,184.290,0.034,5,5609.989,5879.646
82.050,184.298,-0.006,5,5610.220,5880.470
82.060,184.296,-0.006,5,5610.182,5881.294
82.070,184.295,-0.006,5,5610.144,5882.118
82.080,184.294,-0.006,5,5610.107,5882.941
82.090,184.293,-0.006,5,5610.069,5883.765
82.100,184.291,-0.006,5,5610.032,5884.589
82.110,184.290,0.034,5,5609.994,5885.413
82.120,184.298,-0.006,5,5610.224,5886.237
82.130,184.296,-0.006,5,5610.187,5887.061
82.140,184.295,-0.006,5,5610.149,5887.885
82.150,184.294,-0.006,5,5610.112,5888.708
82.160,184.293,-0.006,5,5610.074,5889.532
82.170,184.292,-0.006,5,5610.036,5890.356
82.180,184.290,0.034,5,5609.999,5891.180
82.190,184.298,-0.006,5,5610.229,5892.004
82.200,184.297,-0.006,5,5610.192,5892.828
82.210,184.295,-0.006,5,5610.154,5893.652
82.220,184.294,-0.006,5,5610.116,5894.476
82.230,184.293,-0.006,5,5610.079,5895.299
82.240,184.292,-0.006,5,5610.041,5896.123
82.250,184.290,-0.006,5,5610.004,5896.947
82.260,184.289,0.034,5,5609.966,5897.771
82.270,184.297,-0.006,5,5610.196,5898.595
82.280,184.296,-0.006,5,5610.159,5899.419
82.290,184.294,-0.006,5,5610.121,5900.243
82.300,184.293,-0.006,5,5610.084,5901.066
82.310,184.292,-0.006,5,5610.046,5901.890
82.320,184.291,-0.006,5,5610.008,5902.714
82.330,184.289,0.034,5,5609.971,5903.538
82.340,184.297,-0.006,5,5610.201,5904.362
82.350,184.296,-0.006,5,5610.164,5905.186
82.360,184.294,-0.006,5,5610.126,5906.010
82.370,184.293,-0.006,5,5610.088,5906.833
82.380,184.292,-0.006,5,5610.051,5907.657
82.390,184.291,-0.006,5,5610.013,5908.481
82.400,184.290,0.034,5,5609.976,5909.305
82.410,184.297,-0.006,5,5610.206,5910.129
82.420,184.296,-0.006,5,5610.169,5910.953
82.430,184.295,-0.006,5,5610.131,5911.777
82.440,184.293,-0.006,5,5610.093,5912.601
82.450,184.292,-0.006,5,5610.056,5913.424
82.460,184.291,-0.006,5,5610.018,5914.248
82.470,184.290,0.034,5,5609.981,5915.072
82.480,184.297,-0.006,5,5610.211,5915.896
82.490,184.296,-0.006,5,5610.173,5916.720
82.500,184.295,-0.006,5,5610.136,5917.544
82.510,184.294,-0.006,5,5610.098,5918.368
82.520,184.292,-0.006,5,5610.061,5919.191
82.530,184.291,-0.006,5,5610.023,5920.015
82.540,184.290,0.034,5,5609.985,5920.839
82.550,184.297,-0.006,5,5610.216,5921.663
82.560,184.296,-0.006,5,5610.178,5922.487
82.570,184.295,-0.006,5,5610.141,5923.311
82.580,184.294,-0.006,5,5610.103,5924.135
82.590,184.292,-0.006,5,5610.065,5924.958
82.600,184.291,-0.006,5,5610.028,5925.782
82.610,184.290,0.034,5,5609.990,5926.606
82.620,184.298,-0.006,5,5610.221,5927.430
82.630,184.296,-0.006,5,5610.183,5928.254
82.640,184.295,-0.006,5,5610.145,5929.078
82.650,184.294,-0.006,5,5610.108,5929.902
82.660,184.293,-0.006,5,5610.070,5930.726
82.670,184.291,-0.006,5,5610.033,5931.549
82.680,184.290,0.034,5,5609.995,5932.373
82.690,184.298,-0.006,5,5610.225,5933.197
82.700,184.296,-0.006,5,5610.188,5934.021
82.710,184.295,-0.006,5,5610.150,5934.845
82.720,184.294,-0.006,5,5610.112,5935.669
82.730,184.293,-0.006,5,5610.075,5936.493
82.740,184.292,-0.006,5,5610.037,5937.316
82.750,184.290,0.034,5,5610.000,5938.140
82.760,184.298,-0.006,5,5610.230,5938.964
82.770,184.297,-0.006,5,5610.193,5939.788
82.780,184.295,-0.006,5,5610.155,5940.612
82.790,184.294,-0.006,5,5610.117,5941.436
82.800,184.293,-0.006,5,5610.080,5942.260
82.810,184.292,-0.006,5,5610.042,5943.084
82.820,184.290,-0.006,5,5610.004,5943.907
82.830,184.289,0.034,5,5609.967,5944.731
82.840,184.297,-0.006,5,5610.197,5945.555
82.850,184.296,-0.006,5,5610.160,5946.379
82.860,184.294,-0.006,5,5610.122,5947.203
82.870,184.293,-0.006,5,5610.085,5948.027
82.880,184.292,-0.006,5,5610.047,5948.851
82.890,184.291,-0.006,5,5610.009,5949.674
82.900,184.289,0.034,5,5609.972,5950.498
82.910,184.297,-0.006,5,5610.202,5951.322
82.920,184.296,-0.006,5,5610.165,5952.146
82.930,184.294,-0.006,5,5610.127,5952.970
82.940,184.293,-0.006,5,5610.089,5953.794
82.950,184.292,-0.006,5,5610.052,5954.618
82.960,184.291,-0.006,5,5610.014,5955.441
82.970,184.290,0.034,5,5609.977,5956.265
82.980,184.297,-0.006,5,5610.207,5957.089
82.990,184.296,-0.006,5,5610.169,5957.913
83.000,184.295,-0.006,5,5610.132,5958.737
83.010,184.293,-0.006,5,5610.094,5959.561
83.020,184.292,-0.006,5,5610.057,5960.385
83.030,184.291,-0.006,5,5610.019,5961.209
83.040,184.290,0.034,5,5609.981,5962.032
83.050,184.297,-0.006,5,5610.212,5962.856
83.060,184.296,-0.006,5,5610.174,5963.680
83.070,184.295,-0.006,5,5610.137,5964.504
83.080,184.294,-0.006,5,5610.099,5965.328
83.090,184.292,-0.006,5,5610.061,5966.152
83.100,184.291,-0.006,5,5610.024,5966.976
83.110,184.290,0.034,5,5609.986,5967.799
83.120,184.297,-0.006,5,5610.217,5968.623
83.130,184.296,-0.006,5,5610.179,5969.447
83.140,184.295,-0.006,5,5610.141,5970.271
83.150,184.294,-0.006,5,5610.104,5971.095
83.160,184.293,-0.006,5,5610.066,5971.919
83.170,184.291,-0.006,5,5610.029,5972.743
83.180,184.290,0.034,5,5609.991,5973.566
83.190,184.298,-0.006,5,5610.222,5974.390
83.200,184.296,-0.006,5,5610.184,5975.214
83.210,184.295,-0.006,5,5610.146,5976.038
83.220,184.294,-0.006,5,5610.109,5976.862
83.230,184.293,-0.006,5,5610.071,5977.686
83.240,184.291,-0.006,5,5610.033,5978.510
83.250,184.290,0.034,5,5609.996,5979.334
83.260,184.298,-0.006,5,5610.226,5980.157
83.270,184.297,-0.006,5,5610.189,5980.981
83.280,184.295,-0.006,5,5610.151,5981.805
83.290,184.294,-0.006,5,5610.113,5982.629
83.300,184.293,-0.006,5,5610.076,5983.453
83.310,184.292,-0.006,5,5610.038,5984.277
83.320,184.290,-0.006,5,5610.001,5985.101
83.330,184.289,0.034,5,5609.963,5985.924
83.340,184.297,-0.006,5,5610.194,5986.748
83.350,184.295,-0.006,5,5610.156,5987.572
83.360,184.294,-0.006,5,5610.118,5988.396
83.370,184.293,-0.006,5,5610.081,5989.220
83.380,184.292,-0.006,5,5610.043,5990.044
83.390,184.291,-0.006,5,5610.006,5990.868
83.400,184.289,0.034,5,5609.968,5991.691
83.410,184.297,-0.006,5,5610.198,5992.515
83.420,184.296,-0.006,5,5610.161,5993.339
83.430,184.294,-0.006,5,5610.123,5994.163
83.440,184.293,-0.006,5,5610.086,5994.987
83.450,184.292,-0.006,5,5610.048,5995.811
83.460,184.291,-0.006,5,5610.010,5996.635
83.470,184.289,0.034,5,5609.973,5997.459
83.480,184.297,-0.006,5,5610.203,5998.282
83.490,184.296,-0.006,5,5610.166,5999.106
83.500,184.295,-0.006,5,5610.128,5999.930
83.510,184.293,-0.006,5,5610.090,6000.754
83.520,184.292,-0.006,5,5610.053,6001.578
83.530,184.291,-0.006,5,5610.015,6002.402
83.540,184.290,0.034,5,5609.978,6003.226
83.550,184.297,-0.006,5,5610.208,6004.049
83.560,184.296,-0.006,5,5610.170,6004.873
83.570,184.295,-0.006,5,5610.133,6005.697
83.580,184.293,-0.006,5,5610.095,6006.521
83.590,184.292,-0.006,5,5610.058,6007.345
83.600,184.291,-0.006,5,5610.020,6008.169
83.610,184.290,0.034,5,5609.982,6008.993
83.620,184.297,-0.006,5,5610.213,6009.816
83.630,184.296,-0.006,5,5610.175,6010.640
83.640,184.295,-0.006,5,5610.138,6011.464
83.650,184.294,-0.006,5,5610.100,6012.288
83.660,184.292,-0.006,5,5610.062,6013.112
83.670,184.291,-0.006,5,5610.025,6013.936
83.680,184.290,0.034,5,5609.987,6014.760
83.690,184.297,-0.006,5,5610.218,6015.584
83.700,184.296,-0.006,5,5610.180,6016.407
83.710,184.295,-0.006,5,5610.142,6017.231
83.720,184.294,-0.006,5,5610.105,6018.055
83.730,184.293,-0.006,5,5610.067,6018.879
83.740,184.291,-0.006,5,5610.030,6019.703
83.750,184.290,0.034,5,5609.992,6020.527
83.760,184.298,-0.006,5,5610.223,6021.351
83.770,184.296,-0.006,5,5610.185,6022.174
83.780,184.295,-0.006,5,5610.147,6022.998
83.790,184.294,-0.006,5,5610.110,6023.822
83.800,184.293,-0.006,5,5610.072,6024.646
83.810,184.291,-0.006,5,5610.034,6025.470
83.820,184.290,0.034,5,5609.997,6026.294
83.830,184.298,-0.006,5,5610.227,6027.118
83.840,184.297,-0.006,5,5610.190,6027.942
83.850,184.295,-0.006,5,5610.152,6028.765
83.860,184.294,-0.006,5,5610.114,6029.589
83.870,184.293,-0.006,5,5610.077,6030.413
83.880,184.292,-0.006,5,5610.039,6031.237
83.890,184.290,-0.006,5,5610.002,6032.061
83.900,184.289,0.034,5,5609.964,6032.885
83.910,184.297,-0.006,5,5610.195,6033.709
83.920,184.295,-0.006,5,5610.157,6034.532
83.930,184.294,-0.006,5,5610.119,6035.356
83.940,184.293,-0.006,5,5610.082,6036.180
83.950,184.292,-0.006,5,5610.044,6037.004
83.960,184.291,-0.006,5,5610.007,6037.828
83.970,184.289,0.034,5,5609.969,6038.652
83.980,184.297,-0.006,5,5610.199,6039.476
83.990,184.296,-0.006,5,5610.162,6040.299
84.000,184.294,-0.006,5,5610.124,6041.123
84.010,184.293,-0.006,5,5610.087,6041.947
84.020,184.292,-0.006,5,5610.049,6042.771
84.030,184.291,-0.006,5,5610.011,6043.595
84.040,184.289,0.034,5,5609.974,6044.419
84.050,184.297,-0.006,5,5610.204,6045.243
84.060,184.296,-0.006,5,5610.167,6046.067
84.070,184.295,-0.006,5,5610.129,6046.890
84.080,184.293,-0.006,5,5610.091,6047.714
84.090,184.292,-0.006,5,5610.054,6048.538
84.100,184.291,-0.006,5,5610.016,6049.362
84.110,184.290,0.034,5,5609.979,6050.186
84.120,184.297,-0.006,5,5610.209,6051.010
84.130,184.296,-0.006,5,5610.171,6051.834
84.140,184.295,-0.006,5,5610.134,6052.657
84.150,184.293,-0.006,5,5610.096,6053.481
84.160,184.292,-0.006,5,5610.059,6054.305
84.170,184.291,-0.006,5,5610.021,6055.129
84.180,184.290,0.034,5,5609.983,6055.953
84.190,184.297,-0.006,5,5610.214,6056.777
84.200,184.296,-0.006,5,5610.176,6057.601
84.210,184.295,-0.006,5,5610.139,6058.424
84.220,184.294,-0.006,5,5610.101,6059.248
84.230,184.292,-0.006,5,5610.063,6060.072
84.240,184.291,-0.006,5,5610.026,6060.896
84.250,184.290,0.034,5,5609.988,6061.720
84.260,184.298,-0.006,5,5610.219,6062.544
84.270,184.296,-0.006,5,5610.181,6063.368
84.280,184.295,-0.006,5,5610.143,6064.192
84.290,184.294,-0.006,5,5610.106,6065.015
84.300,184.293,-0.006,5,5610.068,6065.839
84.310,184.291,-0.006,5,5610.031,6066.663
84.320,184.290,0.034,5,5609.993,6067.487
84.330,184.298,-0.006,5,5610.224,6068.311
84.340,184.296,-0.006,5,5610.186,6069.135
84.350,184.295,-0.006,5,5610.148,6069.959
84.360,184.294,-0.006,5,5610.111,6070.782
84.370,184.293,-0.006,5,5610.073,6071.606
84.380,184.291,-0.006,5,5610.035,6072.430
84.390,184.290,0.034,5,5609.998,6073.254
84.400,184.298,-0.006,5,5610.228,6074.078
84.410,184.297,-0.006,5,5610.191,6074.902
84.420,184.295,-0.006,5,5610.153,6075.726
84.430,184.294,-0.006,5,5610.115,6076.550
84.440,184.293,-0.006,5,5610.078,6077.373
84.450,184.292,-0.006,5,5610.040,6078.197
84.460,184.290,-0.006,5,5610.003,6079.021
84.470,184.289,0.034,5,5609.965,6079.845
84.480,184.297,-0.006,5,5610.196,6080.669
84.490,184.296,-0.006,5,5610.158,6081.493
84.500,184.294,-0.006,5,5610.120,6082.317
84.510,184.293,-0.006,5,5610.083,6083.140
84.520,184.292,-0.006,5,5610.045,6083.964
84.530,184.291,-0.006,5,5610.007,6084.788
84.540,184.289,0.034,5,5609.970,6085.612
84.550,184.297,-0.006,5,5610.200,6086.436
84.560,184.296,-0.006,5,5610.163,6087.260
84.570,184.294,-0.006,5,5610.125,6088.084
84.580,184.293,-0.006,5,5610.088,6088.907
84.590,184.292,-0.006,5,5610.050,6089.731
84.600,184.291,-0.006,5,5610.012,6090.555
84.610,184.290,0.034,5,5609.975,6091.379
84.620,184.297,-0.006,5,5610.205,6092.203
84.630,184.296,-0.006,5,5610.168,6093.027
84.640,184.295,-0.006,5,5610.130,6093.851
84.650,184.293,-0.006,5,5610.092,6094.675
84.660,184.292,-0.006,5,5610.055,6095.498
84.670,184.291,-0.006,5,5610.017,6096.322
84.680,184.290,0.034,5,5609.980,6097.146
84.690,184.297,-0.006,5,5610.210,6097.970
84.700,184.296,-0.006,5,5610.172,6098.794
84.710,184.295,-0.006,5,5610.135,6099.618
84.720,184.294,-0.006,5,5610.097,6100.442
84.730,184.292,-0.006,5,5610.060,6101.265
84.740,184.291,-0.006,5,5610.022,6102.089
84.750,184.290,0.034,5,5609.984,6102.913
84.760,184.297,-0.006,5,5610.215,6103.737
84.770,184.296,-0.006,5,5610.177,6104.561
84.780,184.295,-0.006,5,5610.140,6105.385
84.790,184.294,-0.006,5,5610.102,6106.209
84.800,184.292,-0.006,5,5610.064,6107.032
84.810,184.291,-0.006,5,5610.027,6107.856
84.820,184.290,0.034,5,5609.989,6108.680
84.830,184.298,-0.006,5,5610.220,6109.504
84.840,184.296,-0.006,5,5610.182,6110.328
84.850,184.295,-0.006,5,5610.144,6111.152
84.860,184.294,-0.006,5,5610.107,6111.976
84.870,184.293,-0.006,5,5610.069,6112.800
84.880,184.291,-0.006,5,5610.032,6113.623
84.890,184.290,0.034,5,5609.994,6114.447
84.900,184.298,-0.006,5,5610.224,6115.271
84.910,184.296,-0.006,5,5610.187,6116.095
84.920,184.295,-0.006,5,5610.149,6116.919
84.930,184.294,-0.006,5,5610.112,6117.743
84.940,184.293,-0.006,5,5610.074,6118.567
84.950,184.292,-0.006,5,5610.036,6119.390
84.960,184.290,0.034,5,5609.999,6120.214
84.970,184.298,-0.006,5,5610.229,6121.038
84.980,184.297,-0.006,5,5610.192,6121.862
84.990,184.295,-0.006,5,5610.154,6122.686
85.000,184.294,-0.006,5,5610.116,6123.510
85.010,184.293,-0.006,5,5610.079,6124.334
85.020,184.292,-0.006,5,5610.041,6125.158
85.030,184.290,-0.006,5,5610.004,6125.981
85.040,184.289,0.034,5,5609.966,6126.805
85.050,184.297,-0.006,5,5610.196,6127.629
85.060,184.296,-0.006,5,5610.159,6128.453
85.070,184.294,-0.006,5,5610.121,6129.277
85.080,184.293,-0.006,5,5610.084,6130.101
85.090,184.292,-0.006,5,5610.046,6130.925
85.100,184.291,-0.006,5,5610.008,6131.748
85.110,184.289,0.034,5,5609.971,6132.572
85.120,184.297,-0.006,5,5610.201,6133.396
85.130,184.296,-0.006,5,5610.164,6134.220
85.140,184.294,-0.006,5,5610.126,6135.044
85.150,184.293,-0.006,5,5610.088,6135.868
85.160,184.292,-0.006,5,5610.051,6136.692
85.170,184.291,-0.006,5,5610.013,6137.515
85.180,184.290,0.034,5,5609.976,6138.339
85.190,184.297,-0.006,5,5610.206,6139.163
85.200,184.296,-0.006,5,5610.169,6139.987
85.210,184.295,-0.006,5,5610.131,6140.811
85.220,184.293,-0.006,5,5610.093,6141.635
85.230,184.292,-0.006,5,5610.056,6142.459
85.240,184.291,-0.006,5,5610.018,6143.283
85.250,184.290,0.034,5,5609.981,6144.106
85.260,184.297,-0.006,5,5610.211,6144.930
85.270,184.296,-0.006,5,5610.173,6145.754
85.280,184.295,-0.006,5,5610.136,6146.578
85.290,184.294,-0.006,5,5610.098,6147.402
85.300,184.292,-0.006,5,5610.061,6148.226
85.310,184.291,-0.006,5,5610.023,6149.050
85.320,184.290,0.034,5,5609.985,6149.873
85.330,184.297,-0.006,5,5610.216,6150.697
85.340,184.296,-0.006,5,5610.178,6151.521
85.350,184.295,-0.006,5,5610.141,6152.345
85.360,184.294,-0.006,5,5610.103,6153.169
85.370,184.292,-0.006,5,5610.065,6153.993
85.380,184.291,-0.006,5,5610.028,6154.817
85.390,184.290,0.034,5,5609.990,6155.640
85.400,184.298,-0.006,5,5610.221,6156.464
85.410,184.296,-0.006,5,5610.183,6157.288
85.420,184.295,-0.006,5,5610.145,6158.112
85.430,184.294,-0.006,5,5610.108,6158.936
85.440,184.293,-0.006,5,5610.070,6159.760
85.450,184.291,-0.006,5,5610.033,6160.584
85.460,184.290,0.034,5,5609.995,6161.408
85.470,184.298,-0.006,5,5610.225,6162.231
85.480,184.296,-0.006,5,5610.188,6163.055
85.490,184.295,-0.006,5,5610.150,6163.879
85.500,184.294,-0.006,5,5610.113,6164.703
85.510,184.293,-0.006,5,5610.075,6165.527
85.520,184.292,-0.006,5,5610.037,6166.351
85.530,184.290,0.034,5,5610.000,6167.175
85.540,184.298,-0.006,5,5610.230,6167.998
85.550,184.297,-0.006,5,5610.193,6168.822
85.560,184.295,-0.006,5,5610.155,6169.646
85.570,184.294,-0.006,5,5610.117,6170.470
85.580,184.293,-0.006,5,5610.080,6171.294
85.590,184.292,-0.006,5,5610.042,6172.118
85.600,184.290,-0.006,5,5610.005,6172.942
85.610,184.289,0.034,5,5609.967,6173.766
85.620,184.297,-0.006,5,5610.197,6174.589
85.630,184.296,-0.006,5,5610.160,6175.413
85.640,184.294,-0.006,5,5610.122,6176.237
85.650,184.293,-0.006,5,5610.085,6177.061
85.660,184.292,-0.006,5,5610.047,6177.885
85.670,184.291,-0.006,5,5610.009,6178.709
85.680,184.289,0.034,5,5609.972,6179.533
85.690,184.297,-0.006,5,5610.202,6180.356
85.700,184.296,-0.006,5,5610.165,6181.180
85.710,184.294,-0.006,5,5610.127,6182.004
85.720,184.293,-0.006,5,5610.089,6182.828
85.730,184.292,-0.006,5,5610.052,6183.652
85.740,184.291,-0.006,5,5610.014,6184.476
85.750,184.290,0.034,5,5609.977,6185.300
85.760,184.297,-0.006,5,5610.207,6186.123
85.770,184.296,-0.006,5,5610.169,6186.947
85.780,184.295,-0.006,5,5610.132,6187.771
85.790,184.293,-0.006,5,5610.094,6188.595
85.800,184.292,-0.006,5,5610.057,6189.419
85.810,184.291,-0.006,5,5610.019,6190.243
85.820,184.290,0.034,5,5609.981,6191.067
85.830,184.297,-0.006,5,5610.212,6191.891
85.840,184.296,-0.006,5,5610.174,6192.714
85.850,184.295,-0.006,5,5610.137,6193.538
85.860,184.294,-0.006,5,5610.099,6194.362
85.870,184.292,-0.006,5,5610.061,6195.186
85.880,184.291,-0.006,5,5610.024,6196.010
85.890,184.290,0.034,5,5609.986,6196.834
85.900,184.297,-0.006,5,5610.217,6197.658
85.910,184.296,-0.006,5,5610.179,6198.481
85.920,184.295,-0.006,5,5610.141,6199.305
85.930,184.294,-0.006,5,5610.104,6200.129
85.940,184.293,-0.006,5,5610.066,6200.953
85.950,184.291,-0.006,5,5610.029,6201.777
85.960,184.290,0.034,5,5609.991,6202.601
85.970,184.298,-0.006,5,5610.222,6203.425
85.980,184.296,-0.006,5,5610.184,6204.248
85.990,184.295,-0.006,5,5610.146,6205.072
86.000,184.294,-0.006,5,5610.109,6205.896
86.010,184.293,-0.006,5,5610.071,6206.720
86.020,184.291,-0.006,5,5610.033,6207.544
86.030,184.290,0.034,5,5609.996,6208.368
86.040,184.298,-0.006,5,5610.226,6209.192
86.050,184.297,-0.006,5,5610.189,6210.016
86.060,184.295,-0.006,5,5610.151,6210.839
86.070,184.294,-0.006,5,5610.113,6211.663
86.080,184.293,-0.006,5,5610.076,6212.487
86.090,184.292,-0.006,5,5610.038,6213.311
86.100,184.290,-0.006,5,5610.001,6214.135
86.110,184.289,0.034,5,5609.963,6214.959
86.120,184.297,-0.006,5,5610.194,6215.783
86.130,184.295,-0.006,5,5610.156,6216.606
86.140,184.294,-0.006,5,5610.118,6217.430
86.150,184.293,-0.006,5,5610.081,6218.254
86.160,184.292,-0.006,5,5610.043,6219.078
86.170,184.291,-0.006,5,5610.006,6219.902
86.180,184.289,0.034,5,5609.968,6220.726
86.190,184.297,-0.006,5,5610.198,6221.550
86.200,184.296,-0.006,5,5610.161,6222.373
86.210,184.294,-0.006,5,5610.123,6223.197
86.220,184.293,-0.006,5,5610.086,6224.021
86.230,184.292,-0.006,5,5610.048,6224.845
86.240,184.291,-0.006,5,5610.010,6225.669
86.250,184.289,0.034,5,5609.973,6226.493
86.260,184.297,-0.006,5,5610.203,6227.317
86.270,184.296,-0.006,5,5610.166,6228.141
86.280,184.295,-0.006,5,5610.128,6228.964
86.290,184.293,-0.006,5,5610.090,6229.788
86.300,184.292,-0.006,5,5610.053,6230.612
86.310,184.291,-0.006,5,5610.015,6231.436
86.320,184.290,0.034,5,5609.978,6232.260
86.330,184.297,-0.006,5,5610.208,6233.084
86.340,184.296,-0.006,5,5610.170,6233.908
86.350,184.295,-0.006,5,5610.133,6234.731
86.360,184.293,-0.006,5,5610.095,6235.555
86.370,184.292,-0.006,5,5610.058,6236.379
86.380,184.291,-0.006,5,5610.020,6237.203
86.390,184.290,0.034,5,5609.983,6238.027
86.400,184.297,-0.006,5,5610.213,6238.851
86.410,184.296,-0.006,5,5610.175,6239.675
86.420,184.295,-0.006,5,5610.138,6240.499
86.430,184.294,-0.006,5,5610.100,6241.322
86.440,184.292,-0.006,5,5610.062,6242.146
86.450,184.291,-0.006,5,5610.025,6242.970
86.460,184.290,0.034,5,5609.987,6243.794
86.470,184.297,-0.006,5,5610.218,6244.618
86.480,184.296,-0.006,5,5610.180,6245.442
86.490,184.295,-0.006,5,5610.142,6246.266
86.500,184.294,-0.006,5,5610.105,6247.089
86.510,184.293,-0.006,5,5610.067,6247.913
86.520,184.291,-0.006,5,5610.030,6248.737
86.530,184.290,0.034,5,5609.992,6249.561
86.540,184.298,-0.006,5,5610.223,6250.385
86.550,184.296,-0.006,5,5610.185,6251.209
86.560,184.295,-0.006,5,5610.147,6252.033
86.570,184.294,-0.006,5,5610.110,6252.856
86.580,184.293,-0.006,5,5610.072,6253.680
86.590,184.291,-0.006,5,5610.034,6254.504
86.600,184.290,0.034,5,5609.997,6255.328
86.610,184.298,-0.006,5,5610.227,6256.152
86.620,184.297,-0.006,5,5610.190,6256.976
86.630,184.295,-0.006,5,5610.152,6257.800
86.640,184.294,-0.006,5,5610.114,6258.624
86.650,184.293,-0.006,5,5610.077,6259.447
86.660,184.292,-0.006,5,5610.039,6260.271
86.670,184.290,-0.006,5,5610.002,6261.095
86.680,184.289,0.034,5,5609.964,6261.919
86.690,184.297,-0.006,5,5610.195,6262.743
86.700,184.295,-0.006,5,5610.157,6263.567
86.710,184.294,-0.006,5,5610.119,6264.391
86.720,184.293,-0.006,5,5610.082,6265.214
86.730,184.292,-0.006,5,5610.044,6266.038
86.740,184.291,-0.006,5,5610.007,6266.862
86.750,184.289,0.034,5,5609.969,6267.686
86.760,184.297,-0.006,5,5610.199,6268.510
86.770,184.296,-0.006,5,5610.162,6269.334
86.780,184.294,-0.006,5,5610.124,6270.158
86.790,184.293,-0.006,5,5610.087,6270.981
86.800,184.292,-0.006,5,5610.049,6271.805
86.810,184.291,-0.006,5,5610.011,6272.629
86.820,184.289,0.034,5,5609.974,6273.453
86.830,184.297,-0.006,5,5610.204,6274.277
86.840,184.296,-0.006,5,5610.167,6275.101
86.850,184.295,-0.006,5,5610.129,6275.925
86.860,184.293,-0.006,5,5610.091,6276.749
86.870,184.292,-0.006,5,5610.054,6277.572
86.880,184.291,-0.006,5,5610.016,6278.396
86.890,184.290,0.034,5,5609.979,6279.220
86.900,184.297,-0.006,5,5610.209,6280.044
86.910,184.296,-0.006,5,5610.171,6280.868
86.920,184.295,-0.006,5,5610.134,6281.692
86.930,184.293,-0.006,5,5610.096,6282.516
86.940,184.292,-0.006,5,5610.059,6283.339
86.950,184.291,-0.006,5,5610.021,6284.163
86.960,184.290,0.034,5,5609.983,6284.987
86.970,184.297,-0.006,5,5610.214,6285.811
86.980,184.296,-0.006,5,5610.176,6286.635
86.990,184.295,-0.006,5,5610.139,6287.459
87.000,184.294,-0.006,5,5610.101,6288.283
87.010,184.292,-0.006,5,5610.063,6289.106
87.020,184.291,-0.006,5,5610.026,6289.930
87.030,184.290,0.034,5,5609.988,6290.754
87.040,184.298,-0.006,5,5610.219,6291.578
87.050,184.296,-0.006,5,5610.181,6292.402
87.060,184.295,-0.006,5,5610.143,6293.226
87.070,184.294,-0.006,5,5610.106,6294.050
87.080,184.293,-0.006,5,5610.068,6294.874
87.090,184.291,-0.006,5,5610.031,6295.697
87.100,184.290,0.034,5,5609.993,6296.521
87.110,184.298,-0.006,5,5610.224,6297.345
87.120,184.296,-0.006,5,5610.186,6298.169
87.130,184.295,-0.006,5,5610.148,6298.993
87.140,184.294,-0.006,5,5610.111,6299.817
87.150,184.293,-0.006,5,5610.073,6300.641
87.160,184.291,-0.006,5,5610.035,6301.464
87.170,184.290,0.034,5,5609.998,6302.288
87.180,184.298,-0.006,5,5610.228,6303.112
87.190,184.297,-0.006,5,5610.191,6303.936
87.200,184.295,-0.006,5,5610.153,6304.760
87.210,184.294,-0.006,5,5610.115,6305.584
87.220,184.293,-0.006,5,5610.078,6306.408
87.230,184.292,-0.006,5,5610.040,6307.232
87.240,184.290,-0.006,5,5610.003,6308.055
87.250,184.289,0.034,5,5609.965,6308.879
87.260,184.297,-0.006,5,5610.196,6309.703
87.270,184.296,-0.006,5,5610.158,6310.527
87.280,184.294,-0.006,5,5610.120,6311.351
87.290,184.293,-0.006,5,5610.083,6312.175
87.300,184.292,-0.006,5,5610.045,6312.999
87.310,184.291,-0.006,5,5610.008,6313.822
87.320,184.289,0.034,5,5609.970,6314.646
87.330,184.297,-0.006,5,5610.200,6315.470
87.340,184.296,-0.006,5,5610.163,6316.294
87.350,184.294,-0.006,5,5610.125,6317.118
87.360,184.293,-0.006,5,5610.088,6317.942
87.370,184.292,-0.006,5,5610.050,6318.766
87.380,184.291,-0.006,5,5610.012,6319.589
87.390,184.290,0.034,5,5609.975,6320.413
87.400,184.297,-0.006,5,5610.205,6321.237
87.410,184.296,-0.006,5,5610.168,6322.061
87.420,184.295,-0.006,5,5610.130,6322.885
87.430,184.293,-0.006,5,5610.092,6323.709
87.440,184.292,-0.006,5,5610.055,6324.533
87.450,184.291,-0.006,5,5610.017,6325.357
87.460,184.290,0.034,5,5609.980,6326.180
87.470,184.297,-0.006,5,5610.210,6327.004
87.480,184.296,-0.006,5,5610.172,6327.828
87.490,184.295,-0.006,5,5610.135,6328.652
87.500,184.294,-0.006,5,5610.097,6329.476
87.510,184.292,-0.006,5,5610.060,6330.300
87.520,184.291,-0.006,5,5610.022,6331.124
87.530,184.290,0.034,5,5609.984,6331.947
87.540,184.297,-0.006,5,5610.215,6332.771
87.550,184.296,-0.006,5,5610.177,6333.595
87.560,184.295,-0.006,5,5610.140,6334.419
87.570,184.294,-0.006,5,5610.102,6335.243
87.580,184.292,-0.006,5,5610.064,6336.067
87.590,184.291,-0.006,5,5610.027,6336.891
87.600,184.290,0.034,5,5609.989,6337.714
87.610,184.298,-0.006,5,5610.220,6338.538
87.620,184.296,-0.006,5,5610.182,6339.362
87.630,184.295,-0.006,5,5610.144,6340.186
87.640,184.294,-0.006,5,5610.107,6341.010
87.650,184.293,-0.006,5,5610.069,6341.834
87.660,184.291,-0.006,5,5610.032,6342.658
87.670,184.290,0.034,5,5609.994,6343.482
87.680,184.298,-0.006,5,5610.224,6344.305
87.690,184.296,-0.006,5,5610.187,6345.129
87.700,184.295,-0.006,5,5610.149,6345.953
87.710,184.294,-0.006,5,5610.112,6346.777
87.720,184.293,-0.006,5,5610.074,6347.601
87.730,184.292,-0.006,5,5610.036,6348.425
87.740,184.290,0.034,5,5609.999,6349.249
87.750,184.298,-0.006,5,5610.229,6350.072
87.760,184.297,-0.006,5,5610.192,6350.896
87.770,184.295,-0.006,5,5610.154,6351.720
87.780,184.294,-0.006,5,5610.116,6352.544
87.790,184.293,-0.006,5,5610.079,6353.368
87.800,184.292,-0.006,5,5610.041,6354.192
87.810,184.290,-0.006,5,5610.004,6355.016
87.820,184.289,0.034,5,5609.966,6355.840
87.830,184.297,-0.006,5,5610.196,6356.663
87.840,184.296,-0.006,5,5610.159,6357.487
87.850,184.294,-0.006,5,5610.121,6358.311
87.860,184.293,-0.006,5,5610.084,6359.135
87.870,184.292,-0.006,5,5610.046,6359.959
87.880,184.291,-0.006,5,5610.008,6360.783
87.890,184.289,0.034,5,5609.971,6361.607
87.900,184.297,-0.006,5,5610.201,6362.430
87.910,184.296,-0.006,5,5610.164,6363.254
87.920,184.294,-0.006,5,5610.126,6364.078
87.930,184.293,-0.006,5,5610.088,6364.902
87.940,184.292,-0.006,5,5610.051,6365.726
87.950,184.291,-0.006,5,5610.013,6366.550
87.960,184.290,0.034,5,5609.976,6367.374
87.970,184.297,-0.006,5,5610.206,6368.197
87.980,184.296,-0.006,5,5610.169,6369.021
87.990,184.295,-0.006,5,5610.131,6369.845
88.000,184.293,-0.006,5,5610.093,6370.669
88.010,184.292,-0.006,5,5610.056,6371.493
88.020,184.291,-0.006,5,5610.018,6372.317
88.030,184.290,0.034,5,5609.981,6373.141
88.040,184.297,-0.006,5,5610.211,6373.964
88.050,184.296,-0.006,5,5610.173,6374.788
88.060,184.295,-0.006,5,5610.136,6375.612
88.070,184.294,-0.006,5,5610.098,6376.436
88.080,184.292,-0.006,5,5610.061,6377.260
88.090,184.291,-0.006,5,5610.023,6378.084
88.100,184.290,0.034,5,5609.985,6378.908
88.110,184.297,-0.006,5,5610.216,6379.732
88.120,184.296,-0.006,5,5610.178,6380.555
88.130,184.295,-0.006,5,5610.141,6381.379
88.140,184.294,-0.006,5,5610.103,6382.203
88.150,184.292,-0.006,5,5610.065,6383.027
88.160,184.291,-0.006,5,5610.028,6383.851
88.170,184.290,0.034,5,5609.990,6384.675
88.180,184.298,-0.006,5,5610.221,6385.499
88.190,184.296,-0.006,5,5610.183,6386.322
88.200,184.295,-0.006,5,5610.145,6387.146
88.210,184.294,-0.006,5,5610.108,6387.970
88.220,184.293,-0.006,5,5610.070,6388.794
88.230,184.291,-0.006,5,5610.033,6389.618
88.240,184.290,0.034,5,5609.995,6390.442
88.250,184.298,-0.006,5,5610.225,6391.266
88.260,184.296,-0.006,5,5610.188,6392.090
88.270,184.295,-0.006,5,5610.150,6392.913
88.280,184.294,-0.006,5,5610.113,6393.737
88.290,184.293,-0.006,5,5610.075,6394.561
88.300,184.292,-0.006,5,5610.037,6395.385
88.310,184.290,0.034,5,5610.000,6396.209
88.320,184.298,-0.006,5,5610.230,6397.033
88.330,184.297,-0.006,5,5610.193,6397.857
88.340,184.295,-0.006,5,5610.155,6398.680
88.350,184.294,-0.006,5,5610.117,6399.504
88.360,184.293,-0.006,5,5610.080,6400.328
88.370,184.292,-0.006,5,5610.042,6401.152
88.380,184.290,-0.006,5,5610.005,6401.976
88.390,184.289,0.034,5,5609.967,6402.800
88.400,184.297,-0.006,5,5610.197,6403.624
88.410,184.296,-0.006,5,5610.160,6404.448
88.420,184.294,-0.006,5,5610.122,6405.271
88.430,184.293,-0.006,5,5610.085,6406.095
88.440,184.292,-0.006,5,5610.047,6406.919
88.450,184.291,-0.006,5,5610.009,6407.743
88.460,184.289,0.034,5,5609.972,6408.567
88.470,184.297,-0.006,5,5610.202,6409.391
88.480,184.296,-0.006,5,5610.165,6410.215
88.490,184.295,-0.006,5,5610.127,6411.038
88.500,184.293,-0.006,5,5610.089,6411.862
88.510,184.292,-0.006,5,5610.052,6412.686
88.520,184.291,-0.006,5,5610.014,6413.510
88.530,184.290,0.034,5,5609.977,6414.334
88.540,184.297,-0.006,5,5610.207,6415.158
88.550,184.296,-0.006,5,5610.169,6415.982
88.560,184.295,-0.006,5,5610.132,6416.805
88.570,184.293,-0.006,5,5610.094,6417.629
88.580,184.292,-0.006,5,5610.057,6418.453
88.590,184.291,-0.006,5,5610.019,6419.277
88.600,184.290,0.034,5,5609.982,6420.101
88.610,184.297,-0.006,5,5610.212,6420.925
88.620,184.296,-0.006,5,5610.174,6421.749
88.630,184.295,-0.006,5,5610.137,6422.573
88.640,184.294,-0.006,5,5610.099,6423.396
88.650,184.292,-0.006,5,5610.061,6424.220
88.660,184.291,-0.006,5,5610.024,6425.044
88.670,184.290,0.034,5,5609.986,6425.868
88.680,184.297,-0.006,5,5610.217,6426.692
88.690,184.296,-0.006,5,5610.179,6427.516
88.700,184.295,-0.006,5,5610.141,6428.340
88.710,184.294,-0.006,5,5610.104,6429.163
88.720,184.293,-0.006,5,5610.066,6429.987
88.730,184.291,-0.006,5,5610.029,6430.811
88.740,184.290,0.034,5,5609.991,6431.635
88.750,184.298,-0.006,5,5610.222,6432.459
88.760,184.296,-0.006,5,5610.184,6433.283
88.770,184.295,-0.006,5,5610.146,6434.107
88.780,184.294,-0.006,5,5610.109,6434.931
88.790,184.293,-0.006,5,5610.071,6435.754
88.800,184.291,-0.006,5,5610.033,6436.578
88.810,184.290,0.034,5,5609.996,6437.402
88.820,184.298,-0.006,5,5610.226,6438.226
88.830,184.297,-0.006,5,5610.189,6439.050
88.840,184.295,-0.006,5,5610.151,6439.874
88.850,184.294,-0.006,5,5610.113,6440.698
88.860,184.293,-0.006,5,5610.076,6441.521
88.870,184.292,-0.006,5,5610.038,6442.345
88.880,184.290,-0.006,5,5610.001,6443.169
88.890,184.289,0.034,5,5609.963,6443.993
88.900,184.297,-0.006,5,5610.194,6444.817
88.910,184.295,-0.006,5,5610.156,6445.641
88.920,184.294,-0.006,5,5610.118,6446.465
88.930,184.293,-0.006,5,5610.081,6447.288
88.940,184.292,-0.006,5,5610.043,6448.112
88.950,184.291,-0.006,5,5610.006,6448.936
88.960,184.289,0.034,5,5609.968,6449.760
88.970,184.297,-0.006,5,5610.198,6450.584
88.980,184.296,-0.006,5,5610.161,6451.408
88.990,184.294,-0.006,5,5610.123,6452.232
89.000,184.293,-0.006,5,5610.086,6453.056
89.010,184.292,-0.006,5,5610.048,6453.879
89.020,184.291,-0.006,5,5610.010,6454.703
89.030,184.289,0.034,5,5609.973,6455.527
89.040,184.297,-0.006,5,5610.203,6456.351
89.050,184.296,-0.006,5,5610.166,6457.175
89.060,184.295,-0.006,5,5610.128,6457.999
89.070,184.293,-0.006,5,5610.090,6458.823
89.080,184.292,-0.006,5,5610.053,6459.646
89.090,184.291,-0.006,5,5610.015,6460.470
89.100,184.290,0.034,5,5609.978,6461.294
89.110,184.297,-0.006,5,5610.208,6462.118
89.120,184.296,-0.006,5,5610.170,6462.942
89.130,184.295,-0.006,5,5610.133,6463.766
89.140,184.293,-0.006,5,5610.095,6464.590
89.150,184.292,-0.006,5,5610.058,6465.413
89.160,184.291,-0.006,5,5610.020,6466.237
89.170,184.290,0.034,5,5609.983,6467.061
89.180,184.297,-0.006,5,5610.213,6467.885
89.190,184.296,-0.006,5,5610.175,6468.709
89.200,184.295,-0.006,5,5610.138,6469.533
89.210,184.294,-0.006,5,5610.100,6470.357
89.220,184.292,-0.006,5,5610.062,6471.181
89.230,184.291,-0.006,5,5610.025,6472.004
89.240,184.290,0.034,5,5609.987,6472.828
89.250,184.297,-0.006,5,5610.218,6473.652
89.260,184.296,-0.006,5,5610.180,6474.476
89.270,184.295,-0.006,5,5610.142,6475.300
89.280,184.294,-0.006,5,5610.105,6476.124
89.290,184.293,-0.006,5,5610.067,6476.948
89.300,184.291,-0.006,5,5610.030,6477.771
89.310,184.290,0.034,5,5609.992,6478.595
89.320,184.298,-0.006,5,5610.223,6479.419
89.330,184.296,-0.006,5,5610.185,6480.243
89.340,184.295,-0.006,5,5610.147,6481.067
89.350,184.294,-0.006,5,5610.110,6481.891
89.360,184.293,-0.006,5,5610.072,6482.715
89.370,184.291,-0.006,5,5610.034,6483.538
89.380,184.290,0.034,5,5609.997,6484.362
89.390,184.298,-0.006,5,5610.227,6485.186
89.400,184.297,-0.006,5,5610.190,6486.010
89.410,184.295,-0.006,5,5610.152,6486.834
89.420,184.294,-0.006,5,5610.114,6487.658
89.430,184.293,-0.006,5,5610.077,6488.482
89.440,184.292,-0.006,5,5610.039,6489.306
89.450,184.290,-0.006,5,5610.002,6490.129
89.460,184.289,0.034,5,5609.964,6490.953
89.470,184.297,-0.006,5,5610.195,6491.777
89.480,184.295,-0.006,5,5610.157,6492.601
89.490,184.294,-0.006,5,5610.119,6493.425
89.500,184.293,-0.006,5,5610.082,6494.249
89.510,184.292,-0.006,5,5610.044,6495.073
89.520,184.291,-0.006,5,5610.007,6495.896
89.530,184.289,0.034,5,5609.969,6496.720
89.540,184.297,-0.006,5,5610.199,6497.544
89.550,184.296,-0.006,5,5610.162,6498.368
89.560,184.294,-0.006,5,5610.124,6499.192
89.570,184.293,-0.006,5,5610.087,6500.016
89.580,184.292,-0.006,5,5610.049,6500.840
89.590,184.291,-0.006,5,5610.011,6501.663
89.600,184.289,0.034,5,5609.974,6502.487
89.610,184.297,-0.006,5,5610.204,6503.311
89.620,184.296,-0.006,5,5610.167,6504.135
89.630,184.295,-0.006,5,5610.129,6504.959
89.640,184.293,-0.006,5,5610.091,6505.783
89.650,184.292,-0.006,5,5610.054,6506.607
89.660,184.291,-0.006,5,5610.016,6507.431
89.670,184.290,0.034,5,5609.979,6508.254
89.680,184.297,-0.006,5,5610.209,6509.078
89.690,184.296,-0.006,5,5610.171,6509.902
89.700,184.295,-0.006,5,5610.134,6510.726
89.710,184.293,-0.006,5,5610.096,6511.550
89.720,184.292,-0.006,5,5610.059,6512.374
89.730,184.291,-0.006,5,5610.021,6513.198
89.740,184.290,0.034,5,5609.984,6514.021
89.750,184.297,-0.006,5,5610.214,6514.845
89.760,184.296,-0.006,5,5610.176,6515.669
89.770,184.295,-0.006,5,5610.139,6516.493
89.780,184.294,-0.006,5,5610.101,6517.317
89.790,184.292,-0.006,5,5610.063,6518.141
89.800,184.291,-0.006,5,5610.026,6518.965
89.810,184.290,0.034,5,5609.988,6519.788
89.820,184.298,-0.006,5,5610.219,6520.612
89.830,184.296,-0.006,5,5610.181,6521.436
89.840,184.295,-0.006,5,5610.143,6522.260
89.850,184.294,-0.006,5,5610.106,6523.084
89.860,184.293,-0.006,5,5610.068,6523.908
89.870,184.291,-0.006,5,5610.031,6524.732
89.880,184.290,0.034,5,5609.993,6525.556
89.890,184.298,-0.006,5,5610.224,6526.379
89.900,184.296,-0.006,5,5610.186,6527.203
89.910,184.295,-0.006,5,5610.148,6528.027
89.920,184.294,-0.006,5,5610.111,6528.851
89.930,184.293,-0.006,5,5610.073,6529.675
89.940,184.291,-0.006,5,5610.035,6530.499
89.950,184.290,0.034,5,5609.998,6531.323
89.960,184.298,-0.006,5,5610.228,6532.146
89.970,184.297,-0.006,5,5610.191,6532.970
89.980,184.295,-0.006,5,5610.153,6533.794
89.990,184.294,-0.006,5,5610.115,6534.618
90.000,184.293,-0.006,5,5610.078,6535.442
90.010,184.292,-0.006,5,5610.040,6536.266
90.020,184.290,-0.006,5,5610.003,6537.090
90.030,184.289,0.034,5,5609.965,6537.914
90.040,184.297,-0.006,5,5610.196,6538.737
90.050,184.296,-0.006,5,5610.158,6539.561
90.060,184.294,-0.006,5,5610.120,6540.385
90.070,184.293,-0.006,5,5610.083,6541.209
90.080,184.292,-0.006,5,5610.045,6542.033
90.090,184.291,-0.006,5,5610.008,6542.857
90.100,184.289,0.034,5,5609.970,6543.681
90.110,184.297,-0.006,5,5610.200,6544.504
90.120,184.296,-0.006,5,5610.163,6545.328
90.130,184.294,-0.006,5,5610.125,6546.152
90.140,184.293,-0.006,5,5610.088,6546.976
90.150,184.292,-0.006,5,5610.050,6547.800
90.160,184.291,-0.006,5,5610.012,6548.624
90.170,184.290,0.034,5,5609.975,6549.448
90.180,184.297,-0.006,5,5610.205,6550.271
90.190,184.296,-0.006,5,5610.168,6551.095
90.200,184.295,-0.006,5,5610.130,6551.919
90.210,184.293,-0.006,5,5610.092,6552.743
90.220,184.292,-0.006,5,5610.055,6553.567
90.230,184.291,-0.006,5,5610.017,6554.391
90.240,184.290,0.034,5,5609.980,6555.215
90.250,184.297,-0.006,5,5610.210,6556.039
90.260,184.296,-0.006,5,5610.172,6556.862
90.270,184.295,-0.006,5,5610.135,6557.686
90.280,184.294,-0.006,5,5610.097,6558.510
90.290,184.292,-0.006,5,5610.060,6559.334
90.300,184.291,-0.006,5,5610.022,6560.158
90.310,184.290,0.034,5,5609.984,6560.982
90.320,184.297,-0.006,5,5610.215,6561.806
90.330,184.296,-0.006,5,5610.177,6562.629
90.340,184.295,-0.006,5,5610.140,6563.453
90.350,184.294,-0.006,5,5610.102,6564.277
90.360,184.292,-0.006,5,5610.064,6565.101
90.370,184.291,-0.006,5,5610.027,6565.925
90.380,184.290,0.034,5,5609.989,6566.749
90.390,184.298,-0.006,5,5610.220,6567.573
90.400,184.296,-0.006,5,5610.182,6568.396
90.410,184.295,-0.006,5,5610.144,6569.220
90.420,184.294,-0.006,5,5610.107,6570.044
90.430,184.293,-0.006,5,5610.069,6570.868
90.440,184.291,-0.006,5,5610.032,6571.692
90.450,184.290,0.034,5,5609.994,6572.516
90.460,184.298,-0.006,5,5610.225,6573.340
90.470,184.296,-0.006,5,5610.187,6574.164
90.480,184.295,-0.006,5,5610.149,6574.987
90.490,184.294,-0.006,5,5610.112,6575.811
90.500,184.293,-0.006,5,5610.074,6576.635
90.510,184.292,-0.006,5,5610.036,6577.459
90.520,184.290,0.034,5,5609.999,6578.283
90.530,184.298,-0.006,5,5610.229,6579.107
90.540,184.297,-0.006,5,5610.192,6579.931
90.550,184.295,-0.006,5,5610.154,6580.754
90.560,184.294,-0.006,5,5610.116,6581.578
90.570,184.293,-0.006,5,5610.079,6582.402
90.580,184.292,-0.006,5,5610.041,6583.226
90.590,184.290,-0.006,5,5610.004,6584.050
90.600,184.289,0.034,5,5609.966,6584.874
90.610,184.297,-0.006,5,5610.196,6585.698
90.620,184.296,-0.006,5,5610.159,6586.522
90.630,184.294,-0.006,5,5610.121,6587.345
90.640,184.293,-0.006,5,5610.084,6588.169
90.650,184.292,-0.006,5,5610.046,6588.993
90.660,184.291,-0.006,5,5610.008,6589.817
90.670,184.289,0.034,5,5609.971,6590.641
90.680,184.297,-0.006,5,5610.201,6591.465
90.690,184.296,-0.006,5,5610.164,6592.289
90.700,184.294,-0.006,5,5610.126,6593.112
90.710,184.293,-0.006,5,5610.088,6593.936
90.720,184.292,-0.006,5,5610.051,6594.760
90.730,184.291,-0.006,5,5610.013,6595.584
90.740,184.290,0.034,5,5609.976,6596.408
90.750,184.297,-0.006,5,5610.206,6597.232
90.760,184.296,-0.006,5,5610.169,6598.056
90.770,184.295,-0.006,5,5610.131,6598.879
90.780,184.293,-0.006,5,5610.093,6599.703
90.790,184.292,-0.006,5,5610.056,6600.527
90.800,184.291,-0.006,5,5610.018,6601.351
90.810,184.290,0.034,5,5609.981,6602.175
90.820,184.297,-0.006,5,5610.211,6602.999
90.830,184.296,-0.006,5,5610.173,6603.823
90.840,184.295,-0.006,5,5610.136,6604.647
90.850,184.294,-0.006,5,5610.098,6605.470
90.860,184.292,-0.006,5,5610.061,6606.294
90.870,184.291,-0.006,5,5610.023,6607.118
90.880,184.290,0.034,5,5609.985,6607.942
90.890,184.297,-0.006,5,5610.216,6608.766
90.900,184.296,-0.006,5,5610.178,6609.590
90.910,184.295,-0.006,5,5610.141,6610.414
90.920,184.294,-0.006,5,5610.103,6611.237
90.930,184.292,-0.006,5,5610.065,6612.061
90.940,184.291,-0.006,5,5610.028,6612.885
90.950,184.290,0.034,5,5609.990,6613.709
90.960,184.298,-0.006,5,5610.221,6614.533
90.970,184.296,-0.006,5,5610.183,6615.357
90.980,184.295,-0.006,5,5610.145,6616.181
90.990,184.294,-0.006,5,5610.108,6617.005
91.000,184.293,-0.006,5,5610.070,6617.828
91.010,184.291,-0.006,5,5610.033,6618.652
91.020,184.290,0.034,5,5609.995,6619.476
91.030,184.298,-0.006,5,5610.225,6620.300
91.040,184.296,-0.006,5,5610.188,6621.124
91.050,184.295,-0.006,5,5610.150,6621.948
91.060,184.294,-0.006,5,5610.113,6622.772
91.070,184.293,-0.006,5,5610.075,6623.595
91.080,184.292,-0.006,5,5610.037,6624.419
91.090,184.290,0.034,5,5610.000,6625.243
91.100,184.298,-0.006,5,5610.230,6626.067
91.110,184.297,-0.006,5,5610.193,6626.891
91.120,184.295,-0.006,5,5610.155,6627.715
91.130,184.294,-0.006,5,5610.117,6628.539
91.140,184.293,-0.006,5,5610.080,6629.363
91.150,184.292,-0.006,5,5610.042,6630.186
91.160,184.290,-0.006,5,5610.005,6631.010
91.170,184.289,0.034,5,5609.967,6631.834
91.180,184.297,-0.006,5,5610.197,6632.658
91.190,184.296,-0.006,5,5610.160,6633.482
91.200,184.294,-0.006,5,5610.122,6634.306
91.210,184.293,-0.006,5,5610.085,6635.130
91.220,184.292,-0.006,5,5610.047,6635.953
91.230,184.291,-0.006,5,5610.009,6636.777
91.240,184.289,0.034,5,5609.972,6637.601
91.250,184.297,-0.006,5,5610.202,6638.425
91.260,184.296,-0.006,5,5610.165,6639.249
91.270,184.295,-0.006,5,5610.127,6640.073
91.280,184.293,-0.006,5,5610.089,6640.897
91.290,184.292,-0.006,5,5610.052,6641.720
91.300,184.291,-0.006,5,5610.014,6642.544
91.310,184.290,0.034,5,5609.977,6643.368
91.320,184.297,-0.006,5,5610.207,6644.192
91.330,184.296,-0.006,5,5610.169,6645.016
91.340,184.295,-0.006,5,5610.132,6645.840
91.350,184.293,-0.006,5,5610.094,6646.664
91.360,184.292,-0.006,5,5610.057,6647.487
91.370,184.291,-0.006,5,5610.019,6648.311
91.380,184.290,0.034,5,5609.982,6649.135
91.390,184.297,-0.006,5,5610.212,6649.959
91.400,184.296,-0.006,5,5610.174,6650.783
91.410,184.295,-0.006,5,5610.137,6651.607
91.420,184.294,-0.006,5,5610.099,6652.431
91.430,184.292,-0.006,5,5610.061,6653.255
91.440,184.291,-0.006,5,5610.024,6654.078
91.450,184.290,0.034,5,5609.986,6654.902
91.460,184.297,-0.006,5,5610.217,6655.726
91.470,184.296,-0.006,5,5610.179,6656.550
91.480,184.295,-0.006,5,5610.141,6657.374
91.490,184.294,-0.006,5,5610.104,6658.198
91.500,184.293,-0.006,5,5610.066,6659.022
91.510,184.291,-0.006,5,5610.029,6659.845
91.520,184.290,0.034,5,5609.991,6660.669
91.530,184.298,-0.006,5,5610.222,6661.493
91.540,184.296,-0.006,5,5610.184,6662.317
91.550,184.295,-0.006,5,5610.146,6663.141
91.560,184.294,-0.006,5,5610.109,6663.965
91.570,184.293,-0.006,5,5610.071,6664.789
91.580,184.291,-0.006,5,5610.033,6665.613
91.590,184.290,0.034,5,5609.996,6666.436
91.600,184.298,-0.006,5,5610.226,6667.260
91.610,184.297,-0.006,5,5610.189,6668.084
91.620,184.295,-0.006,5,5610.151,6668.908
91.630,184.294,-0.006,5,5610.113,6669.732
91.640,184.293,-0.006,5,5610.076,6670.556
91.650,184.292,-0.006,5,5610.038,6671.380
91.660,184.290,-0.006,5,5610.001,6672.203
91.670,184.289,0.034,5,5609.963,6673.027
91.680,184.297,-0.006,5,5610.194,6673.851
91.690,184.295,-0.006,5,5610.156,6674.675
91.700,184.294,-0.006,5,5610.118,6675.499
91.710,184.293,-0.006,5,5610.081,6676.323
91.720,184.292,-0.006,5,5610.043,6677.147
91.730,184.291,-0.006,5,5610.006,6677.970
91.740,184.289,0.034,5,5609.968,6678.794
91.750,184.297,-0.006,5,5610.198,6679.618
91.760,184.296,-0.006,5,5610.161,6680.442
91.770,184.294,-0.006,5,5610.123,6681.266
91.780,184.293,-0.006,5,5610.086,6682.090
91.790,184.292,-0.006,5,5610.048,6682.914
91.800,184.291,-0.006,5,5610.010,6683.738
91.810,184.289,0.034,5,5609.973,6684.561
91.820,184.297,-0.006,5,5610.203,6685.385
91.830,184.296,-0.006,5,5610.166,6686.209
91.840,184.295,-0.006,5,5610.128,6687.033
91.850,184.293,-0.006,5,5610.090,6687.857
91.860,184.292,-0.006,5,5610.053,6688.681
91.870,184.291,-0.006,5,5610.015,6689.505
91.880,184.290,0.034,5,5609.978,6690.328
91.890,184.297,-0.006,5,5610.208,6691.152
91.900,184.296,-0.006,5,5610.170,6691.976
91.910,184.295,-0.006,5,5610.133,6692.800
91.920,184.293,-0.006,5,5610.095,6693.624
91.930,184.292,-0.006,5,5610.058,6694.448
91.940,184.291,-0.006,5,5610.020,6695.272
91.950,184.290,0.034,5,5609.983,6696.095
91.960,184.297,-0.006,5,5610.213,6696.919
91.970,184.296,-0.006,5,5610.175,6697.743
91.980,184.295,-0.006,5,5610.138,6698.567
91.990,184.294,-0.006,5,5610.100,6699.391
92.000,184.292,-0.006,5,5610.062,6700.215
92.010,184.291,-0.006,5,5610.025,6701.039
92.020,184.290,0.034,5,5609.987,6701.862
92.030,184.297,-0.006,5,5610.218,6702.686
92.040,184.296,-0.006,5,5610.180,6703.510
92.050,184.295,-0.006,5,5610.142,6704.334
92.060,184.294,-0.006,5,5610.105,6705.158
92.070,184.293,-0.006,5,5610.067,6705.982
92.080,184.291,-0.006,5,5610.030,6706.806
92.090,184.290,0.034,5,5609.992,6707.630
92.100,184.298,-0.006,5,5610.223,6708.453
92.110,184.296,-0.006,5,5610.185,6709.277
92.120,184.295,-0.006,5,5610.147,6710.101
92.130,184.294,-0.006,5,5610.110,6710.925
92.140,184.293,-0.006,5,5610.072,6711.749
92.150,184.291,-0.006,5,5610.034,6712.573
92.160,184.290,0.034,5,5609.997,6713.397
92.170,184.298,-0.006,5,5610.227,6714.220
92.180,184.297,-0.006,5,5610.190,6715.044
92.190,184.295,-0.006,5,5610.152,6715.868
92.200,184.294,-0.006,5,5610.114,6716.692
92.210,184.293,-0.006,5,5610.077,6717.516
92.220,184.292,-0.006,5,5610.039,6718.340
92.230,184.290,-0.006,5,5610.002,6719.164
92.240,184.289,0.034,5,5609.964,6719.988
92.250,184.297,-0.006,5,5610.195,6720.811
92.260,184.295,-0.006,5,5610.157,6721.635
92.270,184.294,-0.006,5,5610.119,6722.459
92.280,184.293,-0.006,5,5610.082,6723.283
92.290,184.292,-0.006,5,5610.044,6724.107
92.300,184.291,-0.006,5,5610.007,6724.931
92.310,184.289,0.034,5,5609.969,6725.755
92.320,184.297,-0.006,5,5610.199,6726.578
92.330,184.296,-0.006,5,5610.162,6727.402
92.340,184.294,-0.006,5,5610.124,6728.226
92.350,184.293,-0.006,5,5610.087,6729.050
92.360,184.292,-0.006,5,5610.049,6729.874
92.370,184.291,-0.006,5,5610.011,6730.698
92.380,184.289,0.034,5,5609.974,6731.522
92.390,184.297,-0.006,5,5610.204,6732.345
92.400,184.296,-0.006,5,5610.167,6733.169
92.410,184.295,-0.006,5,5610.129,6733.993
92.420,184.293,-0.006,5,5610.091,6734.817
92.430,184.292,-0.006,5,5610.054,6735.641
92.440,184.291,-0.006,5,5610.016,6736.465
92.450,184.290,0.034,5,5609.979,6737.289
92.460,184.297,-0.006,5,5610.209,6738.113
92.470,184.296,-0.006,5,5610.171,6738.936
92.480,184.295,-0.006,5,5610.134,6739.760
92.490,184.293,-0.006,5,5610.096,6740.584
92.500,184.292,-0.006,5,5610.059,6741.408
92.510,184.291,-0.006,5,5610.021,6742.232
92.520,184.290,0.034,5,5609.984,6743.056
92.530,184.297,-0.006,5,5610.214,6743.880
92.540,184.296,-0.006,5,5610.176,6744.703
92.550,184.295,-0.006,5,5610.139,6745.527
92.560,184.294,-0.006,5,5610.101,6746.351
92.570,184.292,-0.006,5,5610.063,6747.175
92.580,184.291,-0.006,5,5610.026,6747.999
92.590,184.290,0.034,5,5609.988,6748.823
92.600,184.298,-0.006,5,5610.219,6749.647
92.610,184.296,-0.006,5,5610.181,6750.471
92.620,184.295,-0.006,5,5610.143,6751.294
92.630,184.294,-0.006,5,5610.106,6752.118
92.640,184.293,-0.006,5,5610.068,6752.942
92.650,184.291,-0.006,5,5610.031,6753.766
92.660,184.290,0.034,5,5609.993,6754.590
92.670,184.298,-0.006,5,5610.224,6755.414
92.680,184.296,-0.006,5,5610.186,6756.238
92.690,184.295,-0.006,5,5610.148,6757.061
92.700,184.294,-0.006,5,5610.111,6757.885
92.710,184.293,-0.006,5,5610.073,6758.709
92.720,184.291,-0.006,5,5610.035,6759.533
92.730,184.290,0.034,5,5609.998,6760.357
92.740,184.298,-0.006,5,5610.228,6761.181
92.750,184.297,-0.006,5,5610.191,6762.005
92.760,184.295,-0.006,5,5610.153,6762.829
92.770,184.294,-0.006,5,5610.115,6763.652
92.780,184.293,-0.006,5,5610.078,6764.476
92.790,184.292,-0.006,5,5610.040,6765.300
92.800,184.290,-0.006,5,5610.003,6766.124
92.810,184.289,0.034,5,5609.965,6766.948
92.820,184.297,-0.006,5,5610.196,6767.772
92.830,184.296,-0.006,5,5610.158,6768.596
92.840,184.294,-0.006,5,5610.120,6769.419
92.850,184.293,-0.006,5,5610.083,6770.243
92.860,184.292,-0.006,5,5610.045,6771.067
92.870,184.291,-0.006,5,5610.008,6771.891
92.880,184.289,0.034,5,5609.970,6772.715
92.890,184.297,-0.006,5,5610.200,6773.539
92.900,184.296,-0.006,5,5610.163,6774.363
92.910,184.294,-0.006,5,5610.125,6775.186
92.920,184.293,-0.006,5,5610.088,6776.010
92.930,184.292,-0.006,5,5610.050,6776.834
92.940,184.291,-0.006,5,5610.012,6777.658
92.950,184.290,0.034,5,5609.975,6778.482
92.960,184.297,-0.006,5,5610.205,6779.306
92.970,184.296,-0.006,5,5610.168,6780.130
92.980,184.295,-0.006,5,5610.130,6780.953
92.990,184.293,-0.006,5,5610.092,6781.777
93.000,184.292,-0.006,5,5610.055,6782.601
93.010,184.291,-0.006,5,5610.017,6783.425
93.020,184.290,0.034,5,5609.980,6784.249
93.030,184.297,-0.006,5,5610.210,6785.073
93.040,184.296,-0.006,5,5610.172,6785.897
93.050,184.295,-0.006,5,5610.135,6786.721
93.060,184.294,-0.006,5,5610.097,6787.544
93.070,184.292,-0.006,5,5610.060,6788.368
93.080,184.291,-0.006,5,5610.022,6789.192
93.090,184.290,0.034,5,5609.984,6790.016
93.100,184.297,-0.006,5,5610.215,6790.840
93.110,184.296,-0.006,5,5610.177,6791.664
93.120,184.295,-0.006,5,5610.140,6792.488
93.130,184.294,-0.006,5,5610.102,6793.311
93.140,184.292,-0.006,5,5610.064,6794.135
93.150,184.291,-0.006,5,5610.027,6794.959
93.160,184.290,0.034,5,5609.989,6795.783
93.170,184.298,-0.006,5,5610.220,6796.607
93.180,184.296,-0.006,5,5610.182,6797.431
93.190,184.295,-0.006,5,5610.144,6798.255
93.200,184.294,-0.006,5,5610.107,6799.079
93.210,184.293,-0.006,5,5610.069,6799.902
93.220,184.291,-0.006,5,5610.032,6800.726
93.230,184.290,0.034,5,5609.994,6801.550
93.240,184.298,-0.006,5,5610.225,6802.374
93.250,184.296,-0.006,5,5610.187,6803.198
93.260,184.295,-0.006,5,5610.149,6804.022
93.270,184.294,-0.006,5,5610.112,6804.846
93.280,184.293,-0.006,5,5610.074,6805.669
93.290,184.292,-0.006,5,5610.036,6806.493
93.300,184.290,0.034,5,5609.999,6807.317
93.310,184.298,-0.006,5,5610.229,6808.141
93.320,184.297,-0.006,5,5610.192,6808.965
93.330,184.295,-0.006,5,5610.154,6809.789
93.340,184.294,-0.006,5,5610.116,6810.613
93.350,184.293,-0.006,5,5610.079,6811.437
93.360,184.292,-0.006,5,5610.041,6812.260
93.370,184.290,-0.006,5,5610.004,6813.084
93.380,184.289,0.034,5,5609.966,6813.908
93.390,184.297,-0.006,5,5610.197,6814.732
93.400,184.296,-0.006,5,5610.159,6815.556
93.410,184.294,-0.006,5,5610.121,6816.380
93.420,184.293,-0.006,5,5610.084,6817.204
93.430,184.292,-0.006,5,5610.046,6818.027
93.440,184.291,-0.006,5,5610.008,6818.851
93.450,184.289,0.034,5,5609.971,6819.675
93.460,184.297,-0.006,5,5610.201,6820.499
93.470,184.296,-0.006,5,5610.164,6821.323
93.480,184.294,-0.006,5,5610.126,6822.147
93.490,184.293,-0.006,5,5610.088,6822.971
93.500,184.292,-0.006,5,5610.051,6823.794
93.510,184.291,-0.006,5,5610.013,6824.618
93.520,184.290,0.034,5,5609.976,6825.442
93.530,184.297,-0.006,5,5610.206,6826.266
93.540,184.296,-0.006,5,5610.169,6827.090
93.550,184.295,-0.006,5,5610.131,6827.914
93.560,184.293,-0.006,5,5610.093,6828.738
93.570,184.292,-0.006,5,5610.056,6829.561
93.580,184.291,-0.006,5,5610.018,6830.385
93.590,184.290,0.034,5,5609.981,6831.209
93.600,184.297,-0.006,5,5610.211,6832.033
93.610,184.296,-0.006,5,5610.173,6832.857
93.620,184.295,-0.006,5,5610.136,6833.681
93.630,184.294,-0.006,5,5610.098,6834.505
93.640,184.292,-0.006,5,5610.061,6835.329
93.650,184.291,-0.006,5,5610.023,6836.152
93.660,184.290,0.034,5,5609.985,6836.976
93.670,184.297,-0.006,5,5610.216,6837.800
93.680,184.296,-0.006,5,5610.178,6838.624
93.690,184.295,-0.006,5,5610.141,6839.448
93.700,184.294,-0.006,5,5610.103,6840.272
93.710,184.292,-0.006,5,5610.065,6841.096
93.720,184.291,-0.006,5,5610.028,6841.919
93.730,184.290,0.034,5,5609.990,6842.743
93.740,184.298,-0.006,5,5610.221,6843.567
93.750,184.296,-0.006,5,5610.183,6844.391
93.760,184.295,-0.006,5,5610.145,6845.215
93.770,184.294,-0.006,5,5610.108,6846.039
93.780,184.293,-0.006,5,5610.070,6846.863
93.790,184.291,-0.006,5,5610.033,6847.687
93.800,184.290,0.034,5,5609.995,6848.510
93.810,184.298,-0.006,5,5610.225,6849.334
93.820,184.296,-0.006,5,5610.188,6850.158
93.830,184.295,-0.006,5,5610.150,6850.982
93.840,184.294,-0.006,5,5610.113,6851.806
93.850,184.293,-0.006,5,5610.075,6852.630
93.860,184.292,-0.006,5,5610.037,6853.454
93.870,184.290,0.034,5,5610.000,6854.277
93.880,184.298,-0.006,5,5610.230,6855.101
93.890,184.297,-0.006,5,5610.193,6855.925
93.900,184.295,-0.006,5,5610.155,6856.749
93.910,184.294,-0.006,5,5610.117,6857.573
93.920,184.293,-0.006,5,5610.080,6858.397
93.930,184.292,-0.006,5,5610.042,6859.221
93.940,184.290,-0.006,5,5610.005,6860.045
93.950,184.289,0.034,5,5609.967,6860.868
93.960,184.297,-0.006,5,5610.197,6861.692
93.970,184.296,-0.006,5,5610.160,6862.516
93.980,184.294,-0.006,5,5610.122,6863.340
93.990,184.293,-0.006,5,5610.085,6864.164
94.000,184.292,-0.006,5,5610.047,6864.988
94.010,184.291,-0.006,5,5610.009,6865.812
94.020,184.289,0.034,5,5609.972,6866.635
94.030,184.297,-0.006,5,5610.202,6867.459
94.040,184.296,-0.006,5,5610.165,6868.283
94.050,184.295,-0.006,5,5610.127,6869.107
94.060,184.293,-0.006,5,5610.089,6869.931
94.070,184.292,-0.006,5,5610.052,6870.755
94.080,184.291,-0.006,5,5610.014,6871.579
94.090,184.290,0.034,5,5609.977,6872.402
94.100,184.297,-0.006,5,5610.207,6873.226
94.110,184.296,-0.006,5,5610.169,6874.050
94.120,184.295,-0.006,5,5610.132,6874.874
94.130,184.293,-0.006,5,5610.094,6875.698
94.140,184.292,-0.006,5,5610.057,6876.522
94.150,184.291,-0.006,5,5610.019,6877.346
94.160,184.290,0.034,5,5609.982,6878.169
94.170,184.297,-0.006,5,5610.212,6878.993
94.180,184.296,-0.006,5,5610.174,6879.817
94.190,184.295,-0.006,5,5610.137,6880.641
94.200,184.294,-0.006,5,5610.099,6881.465
94.210,184.292,-0.006,5,5610.061,6882.289
94.220,184.291,-0.006,5,5610.024,6883.113
94.230,184.290,0.034,5,5609.986,6883.937
94.240,184.297,-0.006,5,5610.217,6884.760
94.250,184.296,-0.006,5,5610.179,6885.584
94.260,184.295,-0.006,5,5610.141,6886.408
94.270,184.294,-0.006,5,5610.104,6887.232
94.280,184.293,-0.006,5,5610.066,6888.056
94.290,184.291,-0.006,5,5610.029,6888.880
94.300,184.290,0.034,5,5609.991,6889.704
94.310,184.298,-0.006,5,5610.222,6890.527
94.320,184.296,-0.006,5,5610.184,6891.351
94.330,184.295,-0.006,5,5610.146,6892.175
94.340,184.294,-0.006,5,5610.109,6892.999
94.350,184.293,-0.006,5,5610.071,6893.823
94.360,184.291,-0.006,5,5610.033,6894.647
94.370,184.290,0.034,5,5609.996,6895.471
94.380,184.298,-0.006,5,5610.226,6896.295
94.390,184.297,-0.006,5,5610.189,6897.118
94.400,184.295,-0.006,5,5610.151,6897.942
94.410,184.294,-0.006,5,5610.113,6898.766
94.420,184.293,-0.006,5,5610.076,6899.590
94.430,184.292,-0.006,5,5610.038,6900.414
94.440,184.290,-0.006,5,5610.001,6901.238
94.450,184.289,0.034,5,5609.963,6902.062
94.460,184.297,-0.006,5,5610.194,6902.885
94.470,184.295,-0.006,5,5610.156,6903.709
94.480,184.294,-0.006,5,5610.118,6904.533
94.490,184.293,-0.006,5,5610.081,6905.357
94.500,184.292,-0.006,5,5610.043,6906.181
94.510,184.291,-0.006,5,5610.006,6907.005
94.520,184.289,0.034,5,5609.968,6907.829
94.530,184.297,-0.006,5,5610.198,6908.652
94.540,184.296,-0.006,5,5610.161,6909.476
94.550,184.294,-0.006,5,5610.123,6910.300
94.560,184.293,-0.006,5,5610.086,6911.124
94.570,184.292,-0.006,5,5610.048,6911.948
94.580,184.291,-0.006,5,5610.010,6912.772
94.590,184.289,0.034,5,5609.973,6913.596
94.600,184.297,-0.006,5,5610.203,6914.419
94.610,184.296,-0.006,5,5610.166,6915.243
94.620,184.295,-0.006,5,5610.128,6916.067
94.630,184.293,-0.006,5,5610.090,6916.891
94.640,184.292,-0.006,5,5610.053,6917.715
94.650,184.291,-0.006,5,5610.015,6918.539
94.660,184.290,0.034,5,5609.978,6919.363
94.670,184.297,-0.006,5,5610.208,6920.187
94.680,184.296,-0.006,5,5610.171,6921.010
94.690,184.295,-0.006,5,5610.133,6921.834
94.700,184.293,-0.006,5,5610.095,6922.658
94.710,184.292,-0.006,5,5610.058,6923.482
94.720,184.291,-0.006,5,5610.020,6924.306
94.730,184.290,0.034,5,5609.983,6925.130
94.740,184.297,-0.006,5,5610.213,6925.954
94.750,184.296,-0.006,5,5610.175,6926.777
94.760,184.295,-0.006,5,5610.138,6927.601
94.770,184.294,-0.006,5,5610.100,6928.425
94.780,184.292,-0.006,5,5610.062,6929.249
94.790,184.291,-0.006,5,5610.025,6930.073
94.800,184.290,0.034,5,5609.987,6930.897
94.810,184.297,-0.006,5,5610.218,6931.721
94.820,184.296,-0.006,5,5610.180,6932.545
94.830,184.295,-0.006,5,5610.143,6933.368
94.840,184.294,-0.006,5,5610.105,6934.192
94.850,184.293,-0.006,5,5610.067,6935.016
94.860,184.291,-0.006,5,5610.030,6935.840
94.870,184.290,0.034,5,5609.992,6936.664
94.880,184.298,-0.006,5,5610.223,6937.488
94.890,184.296,-0.006,5,5610.185,6938.312
94.900,184.295,-0.006,5,5610.147,6939.135
94.910,184.294,-0.006,5,5610.110,6939.959
94.920,184.293,-0.006,5,5610.072,6940.783
94.930,184.291,-0.006,5,5610.034,6941.607
94.940,184.290,0.034,5,5609.997,6942.431
94.950,184.298,-0.006,5,5610.227,6943.255
94.960,184.297,-0.006,5,5610.190,6944.079
94.970,184.295,-0.006,5,5610.152,6944.903
94.980,184.294,-0.006,5,5610.114,6945.726
94.990,184.293,-0.006,5,5610.077,6946.550
95.000,184.292,-0.006,5,5610.039,6947.374
95.010,184.290,-0.006,5,5610.002,6948.198
95.020,184.289,0.034,5,5609.964,6949.022
95.030,184.297,-0.006,5,5610.195,6949.846
95.040,184.295,-0.006,5,5610.157,6950.670
95.050,184.294,-0.006,5,5610.119,6951.493
95.060,184.293,-0.006,5,5610.082,6952.317
95.070,184.292,-0.006,5,5610.044,6953.141
95.080,184.291,-0.006,5,5610.007,6953.965
95.090,184.289,0.034,5,5609.969,6954.789
95.100,184.297,-0.006,5,5610.199,6955.613
95.110,184.296,-0.006,5,5610.162,6956.437
95.120,184.294,-0.006,5,5610.124,6957.260
95.130,184.293,-0.006,5,5610.087,6958.084
95.140,184.292,-0.006,5,5610.049,6958.908
95.150,184.291,-0.006,5,5610.011,6959.732
95.160,184.289,0.034,5,5609.974,6960.556
95.170,184.297,-0.006,5,5610.204,6961.380
95.180,184.296,-0.006,5,5610.167,6962.204
95.190,184.295,-0.006,5,5610.129,6963.028
95.200,184.293,-0.006,5,5610.091,6963.851
95.210,184.292,-0.006,5,5610.054,6964.675
95.220,184.291,-0.006,5,5610.016,6965.499
95.230,184.290,0.034,5,5609.979,6966.323
95.240,184.297,-0.006,5,5610.209,6967.147
95.250,184.296,-0.006,5,5610.171,6967.971
95.260,184.295,-0.006,5,5610.134,6968.795
95.270,184.293,-0.006,5,5610.096,6969.618
95.280,184.292,-0.006,5,5610.059,6970.442
95.290,184.291,-0.006,5,5610.021,6971.266
95.300,184.290,0.034,5,5609.984,6972.090
95.310,184.297,-0.006,5,5610.214,6972.914
95.320,184.296,-0.006,5,5610.176,6973.738
95.330,184.295,-0.006,5,5610.139,6974.562
95.340,184.294,-0.006,5,5610.101,6975.385
95.350,184.292,-0.006,5,5610.063,6976.209
95.360,184.291,-0.006,5,5610.026,6977.033
95.370,184.290,0.034,5,5609.988,6977.857
95.380,184.298,-0.006,5,5610.219,6978.681
95.390,184.296,-0.006,5,5610.181,6979.505
95.400,184.295,-0.006,5,5610.143,6980.329
95.410,184.294,-0.006,5,5610.106,6981.153
95.420,184.293,-0.006,5,5610.068,6981.976
95.430,184.291,-0.006,5,5610.031,6982.800
95.440,184.290,0.034,5,5609.993,6983.624
95.450,184.298,-0.006,5,5610.224,6984.448
95.460,184.296,-0.006,5,5610.186,6985.272
95.470,184.295,-0.006,5,5610.148,6986.096
95.480,184.294,-0.006,5,5610.111,6986.920
95.490,184.293,-0.006,5,5610.073,6987.743
95.500,184.291,-0.006,5,5610.035,6988.567
95.510,184.290,0.034,5,5609.998,6989.391
95.520,184.298,-0.006,5,5610.228,6990.215
95.530,184.297,-0.006,5,5610.191,6991.039
95.540,184.295,-0.006,5,5610.153,6991.863
95.550,184.294,-0.006,5,5610.115,6992.687
95.560,184.293,-0.006,5,5610.078,6993.511
95.570,184.292,-0.006,5,5610.040,6994.334
95.580,184.290,-0.006,5,5610.003,6995.158
95.590,184.289,0.034,5,5609.965,6995.982
95.600,184.297,-0.006,5,5610.196,6996.806
95.610,184.296,-0.006,5,5610.158,6997.630
95.620,184.294,-0.006,5,5610.120,6998.454
95.630,184.293,-0.006,5,5610.083,6999.278
95.640,184.292,-0.006,5,5610.045,7000.101
95.650,184.291,-0.006,5,5610.008,7000.925
95.660,184.289,0.034,5,5609.970,7001.749
95.670,184.297,-0.006,5,5610.200,7002.573
95.680,184.296,-0.006,5,5610.163,7003.397
95.690,184.294,-0.006,5,5610.125,7004.221
95.700,184.293,-0.006,5,5610.088,7005.045
95.710,184.292,-0.006,5,5610.050,7005.868
95.720,184.291,-0.006,5,5610.012,7006.692
95.730,184.290,0.034,5,5609.975,7007.516
95.740,184.297,-0.006,5,5610.205,7008.340
95.750,184.296,-0.006,5,5610.168,7009.164
95.760,184.295,-0.006,5,5610.130,7009.988
95.770,184.293,-0.006,5,5610.092,7010.812
95.780,184.292,-0.006,5,5610.055,7011.635
95.790,184.291,-0.006,5,5610.017,7012.459
95.800,184.290,0.034,5,5609.980,7013.283
95.810,184.297,-0.006,5,5610.210,7014.107
95.820,184.296,-0.006,5,5610.172,7014.931
95.830,184.295,-0.006,5,5610.135,7015.755
95.840,184.294,-0.006,5,5610.097,7016.579
95.850,184.292,-0.006,5,5610.060,7017.403
95.860,184.291,-0.006,5,5610.022,7018.226
95.870,184.290,0.034,5,5609.984,7019.050
95.880,184.297,-0.006,5,5610.215,7019.874
95.890,184.296,-0.006,5,5610.177,7020.698
95.900,184.295,-0.006,5,5610.140,7021.522
95.910,184.294,-0.006,5,5610.102,7022.346
95.920,184.292,-0.006,5,5610.064,7023.170
95.930,184.291,-0.006,5,5610.027,7023.993
95.940,184.290,0.034,5,5609.989,7024.817
95.950,184.298,-0.006,5,5610.220,7025.641
95.960,184.296,-0.006,5,5610.182,7026.465
95.970,184.295,-0.006,5,5610.144,7027.289
95.980,184.294,-0.006,5,5610.107,7028.113
95.990,184.293,-0.006,5,5610.069,7028.937
96.000,184.291,-0.006,5,5610.032,7029.761
96.010,184.290,0.034,5,5609.994,7030.584
96.020,184.298,-0.006,5,5610.225,7031.408
96.030,184.296,-0.006,5,5610.187,7032.232
96.040,184.295,-0.006,5,5610.149,7033.056
96.050,184.294,-0.006,5,5610.112,7033.880
96.060,184.293,-0.006,5,5610.074,7034.704
96.070,184.292,-0.006,5,5610.036,7035.528
96.080,184.290,0.034,5,5609.999,7036.351
96.090,184.298,-0.006,5,5610.229,7037.175
96.100,184.297,-0.006,5,5610.192,7037.999
96.110,184.295,-0.006,5,5610.154,7038.823
96.120,184.294,-0.006,5,5610.116,7039.647
96.130,184.293,-0.006,5,5610.079,7040.471
96.140,184.292,-0.006,5,5610.041,7041.295
96.150,184.290,-0.006,5,5610.004,7042.119
96.160,184.289,0.034,5,5609.966,7042.942
96.170,184.297,-0.006,5,5610.197,7043.766
96.180,184.296,-0.006,5,5610.159,7044.590
96.190,184.294,-0.006,5,5610.121,7045.414
96.200,184.293,-0.006,5,5610.084,7046.238
96.210,184.292,-0.006,5,5610.046,7047.062
96.220,184.291,-0.006,5,5610.008,7047.886
96.230,184.289,0.034,5,5609.971,7048.709
96.240,184.297,-0.006,5,5610.201,7049.533
96.250,184.296,-0.006,5,5610.164,7050.357
96.260,184.294,-0.006,5,5610.126,7051.181
96.270,184.293,-0.006,5,5610.088,7052.005
96.280,184.292,-0.006,5,5610.051,7052.829
96.290,184.291,-0.006,5,5610.013,7053.653
96.300,184.290,0.034,5,5609.976,7054.476
96.310,184.297,-0.006,5,5610.206,7055.300
96.320,184.296,-0.006,5,5610.169,7056.124
96.330,184.295,-0.006,5,5610.131,7056.948
96.340,184.293,-0.006,5,5610.093,7057.772
96.350,184.292,-0.006,5,5610.056,7058.596
96.360,184.291,-0.006,5,5610.018,7059.420
96.370,184.290,0.034,5,5609.981,7060.243
96.380,184.297,-0.006,5,5610.211,7061.067
96.390,184.296,-0.006,5,5610.173,7061.891
96.400,184.295,-0.006,5,5610.136,7062.715
96.410,184.294,-0.006,5,5610.098,7063.539
96.420,184.292,-0.006,5,5610.061,7064.363
96.430,184.291,-0.006,5,5610.023,7065.187
96.440,184.290,0.034,5,5609.985,7066.011
96.450,184.297,-0.006,5,5610.216,7066.834
96.460,184.296,-0.006,5,5610.178,7067.658
96.470,184.295,-0.006,5,5610.141,7068.482
96.480,184.294,-0.006,5,5610.103,7069.306
96.490,184.292,-0.006,5,5610.065,7070.130
96.500,184.291,-0.006,5,5610.028,7070.954
96.510,184.290,0.034,5,5609.990,7071.778
96.520,184.298,-0.006,5,5610.221,7072.601
96.530,184.296,-0.006,5,5610.183,7073.425
96.540,184.295,-0.006,5,5610.145,7074.249
96.550,184.294,-0.006,5,5610.108,7075.073
96.560,184.293,-0.006,5,5610.070,7075.897
96.570,184.291,-0.006,5,5610.033,7076.721
96.580,184.290,0.034,5,5609.995,7077.545
96.590,184.298,-0.006,5,5610.225,7078.369
96.600,184.296,-0.006,5,5610.188,7079.192
96.610,184.295,-0.006,5,5610.150,7080.016
96.620,184.294,-0.006,5,5610.113,7080.840
96.630,184.293,-0.006,5,5610.075,7081.664
96.640,184.292,-0.006,5,5610.037,7082.488
96.650,184.290,0.034,5,5610.000,7083.312
96.660,184.298,-0.006,5,5610.230,7084.136
96.670,184.297,-0.006,5,5610.193,7084.959
96.680,184.295,-0.006,5,5610.155,7085.783
96.690,184.294,-0.006,5,5610.117,7086.607
96.700,184.293,-0.006,5,5610.080,7087.431
96.710,184.292,-0.006,5,5610.042,7088.255
96.720,184.290,-0.006,5,5610.005,7089.079
96.730,184.289,0.034,5,5609.967,7089.903
96.740,184.297,-0.006,5,5610.197,7090.726
96.750,184.296,-0.006,5,5610.160,7091.550
96.760,184.294,-0.006,5,5610.122,7092.374
96.770,184.293,-0.006,5,5610.085,7093.198
96.780,184.292,-0.006,5,5610.047,7094.022
96.790,184.291,-0.006,5,5610.009,7094.846
96.800,184.289,0.034,5,5609.972,7095.670
96.810,184.297,-0.006,5,5610.202,7096.494
96.820,184.296,-0.006,5,5610.165,7097.317
96.830,184.295,-0.006,5,5610.127,7098.141
96.840,184.293,-0.006,5,5610.089,7098.965
96.850,184.292,-0.006,5,5610.052,7099.789
96.860,184.291,-0.006,5,5610.014,7100.613
96.870,184.290,0.034,5,5609.977,7101.437
96.880,184.297,-0.006,5,5610.207,7102.261
96.890,184.296,-0.006,5,5610.169,7103.084
96.900,184.295,-0.006,5,5610.132,7103.908
96.910,184.293,-0.006,5,5610.094,7104.732
96.920,184.292,-0.006,5,5610.057,7105.556
96.930,184.291,-0.006,5,5610.019,7106.380
96.940,184.290,0.034,5,5609.982,7107.204
96.950,184.297,-0.006,5,5610.212,7108.028
96.960,184.296,-0.006,5,5610.174,7108.852
96.970,184.295,-0.006,5,5610.137,7109.675
96.980,184.294,-0.006,5,5610.099,7110.499
96.990,184.292,-0.006,5,5610.061,7111.323
97.000,184.291,-0.006,5,5610.024,7112.147
97.010,184.290,0.034,5,5609.986,7112.971
97.020,184.297,-0.006,5,5610.217,7113.795
97.030,184.296,-0.006,5,5610.179,7114.619
97.040,184.295,-0.006,5,5610.142,7115.442
97.050,184.294,-0.006,5,5610.104,7116.266
97.060,184.293,-0.006,5,5610.066,7117.090
97.070,184.291,-0.006,5,5610.029,7117.914
97.080,184.290,0.034,5,5609.991,7118.738
97.090,184.298,-0.006,5,5610.222,7119.562
97.100,184.296,-0.006,5,5610.184,7120.386
97.110,184.295,-0.006,5,5610.146,7121.209
97.120,184.294,-0.006,5,5610.109,7122.033
97.130,184.293,-0.006,5,5610.071,7122.857
97.140,184.291,-0.006,5,5610.033,7123.681
97.150,184.290,0.034,5,5609.996,7124.505
97.160,184.298,-0.006,5,5610.226,7125.329
97.170,184.297,-0.006,5,5610.189,7126.153
97.180,184.295,-0.006,5,5610.151,7126.977
97.190,184.294,-0.006,5,5610.113,7127.800
97.200,184.293,-0.006,5,5610.076,7128.624
97.210,184.292,-0.006,5,5610.038,7129.448
97.220,184.290,-0.006,5,5610.001,7130.272
97.230,184.289,0.034,5,5609.963,7131.096
97.240,184.297,-0.006,5,5610.194,7131.920
97.250,184.295,-0.006,5,5610.156,7132.744
97.260,184.294,-0.006,5,5610.118,7133.567
97.270,184.293,-0.006,5,5610.081,7134.391
97.280,184.292,-0.006,5,5610.043,7135.215
97.290,184.291,-0.006,5,5610.006,7136.039
97.300,184.289,0.034,5,5609.968,7136.863
97.310,184.297,-0.006,5,5610.198,7137.687
97.320,184.296,-0.006,5,5610.161,7138.511
97.330,184.294,-0.006,5,5610.123,7139.334
97.340,184.293,-0.006,5,5610.086,7140.158
97.350,184.292,-0.006,5,5610.048,7140.982
97.360,184.291,-0.006,5,5610.010,7141.806
97.370,184.289,0.034,5,5609.973,7142.630
97.380,184.297,-0.006,5,5610.203,7143.454
97.390,184.296,-0.006,5,5610.166,7144.278
97.400,184.295,-0.006,5,5610.128,7145.102
97.410,184.293,-0.006,5,5610.090,7145.925
97.420,184.292,-0.006,5,5610.053,7146.749
97.430,184.291,-0.006,5,5610.015,7147.573
97.440,184.290,0.034,5,5609.978,7148.397
97.450,184.297,-0.006,5,5610.208,7149.221
97.460,184.296,-0.006,5,5610.171,7150.045
97.470,184.295,-0.006,5,5610.133,7150.869
97.480,184.293,-0.006,5,5610.095,7151.692
97.490,184.292,-0.006,5,5610.058,7152.516
97.500,184.291,-0.006,5,5610.020,7153.340
97.510,184.290,0.034,5,5609.983,7154.164
97.520,184.297,-0.006,5,5610.213,7154.988
97.530,184.296,-0.006,5,5610.175,7155.812
97.540,184.295,-0.006,5,5610.138,7156.636
97.550,184.294,-0.006,5,5610.100,7157.459
97.560,184.292,-0.006,5,5610.062,7158.283
97.570,184.291,-0.006,5,5610.025,7159.107
97.580,184.290,0.034,5,5609.987,7159.931
97.590,184.297,-0.006,5,5610.218,7160.755
97.600,184.296,-0.006,5,5610.180,7161.579
97.610,184.295,-0.006,5,5610.143,7162.403
97.620,184.294,-0.006,5,5610.105,7163.227
97.630,184.293,-0.006,5,5610.067,7164.050
97.640,184.291,-0.006,5,5610.030,7164.874
97.650,184.290,0.034,5,5609.992,7165.698
97.660,184.298,-0.006,5,5610.223,7166.522
97.670,184.296,-0.006,5,5610.185,7167.346
97.680,184.295,-0.006,5,5610.147,7168.170
97.690,184.294,-0.006,5,5610.110,7168.994
97.700,184.293,-0.006,5,5610.072,7169.817
97.710,184.291,-0.006,5,5610.034,7170.641
97.720,184.290,0.034,5,5609.997,7171.465
97.730,184.298,-0.006,5,5610.227,7172.289
97.740,184.297,-0.006,5,5610.190,7173.113
97.750,184.295,-0.006,5,5610.152,7173.937
97.760,184.294,-0.006,5,5610.114,7174.761
97.770,184.293,-0.006,5,5610.077,7175.585
97.780,184.292,-0.006,5,5610.039,7176.408
97.790,184.290,-0.006,5,5610.002,7177.232
97.800,184.289,0.034,5,5609.964,7178.056
97.810,184.297,-0.006,5,5610.195,7178.880
97.820,184.295,-0.006,5,5610.157,7179.704
97.830,184.294,-0.006,5,5610.119,7180.528
97.840,184.293,-0.006,5,5610.082,7181.352
97.850,184.292,-0.006,5,5610.044,7182.175
97.860,184.291,-0.006,5,5610.007,7182.999
97.870,184.289,0.034,5,5609.969,7183.823
97.880,184.297,-0.006,5,5610.199,7184.647
97.890,184.296,-0.006,5,5610.162,7185.471
97.900,184.294,-0.006,5,5610.124,7186.295
97.910,184.293,-0.006,5,5610.087,7187.119
97.920,184.292,-0.006,5,5610.049,7187.942
97.930,184.291,-0.006,5,5610.011,7188.766
97.940,184.289,0.034,5,5609.974,7189.590
97.950,184.297,-0.006,5,5610.204,7190.414
97.960,184.296,-0.006,5,5610.167,7191.238
97.970,184.295,-0.006,5,5610.129,7192.062
97.980,184.293,-0.006,5,5610.091,7192.886
97.990,184.292,-0.006,5,5610.054,7193.710
98.000,184.291,-0.006,5,5610.016,7194.533
98.010,184.290,0.034,5,5609.979,7195.357
98.020,184.297,-0.006,5,5610.209,7196.181
98.030,184.296,-0.006,5,5610.172,7197.005
98.040,184.295,-0.006,5,5610.134,7197.829
98.050,184.293,-0.006,5,5610.096,7198.653
98.060,184.292,-0.006,5,5610.059,7199.477
98.070,184.291,-0.006,5,5610.021,7200.300
98.080,184.290,0.034,5,5609.984,7201.124
98.090,184.297,-0.006,5,5610.214,7201.948
98.100,184.296,-0.006,5,5610.176,7202.772
98.110,184.295,-0.006,5,5610.139,7203.596
98.120,184.294,-0.006,5,5610.101,7204.420
98.130,184.292,-0.006,5,5610.063,7205.244
98.140,184.291,-0.006,5,5610.026,7206.067
98.150,184.290,0.034,5,5609.988,7206.891
98.160,184.298,-0.006,5,5610.219,7207.715
98.170,184.296,-0.006,5,5610.181,7208.539
98.180,184.295,-0.006,5,5610.143,7209.363
98.190,184.294,-0.006,5,5610.106,7210.187
98.200,184.293,-0.006,5,5610.068,7211.011
98.210,184.291,-0.006,5,5610.031,7211.835
98.220,184.290,0.034,5,5609.993,7212.658
98.230,184.298,-0.006,5,5610.224,7213.482
98.240,184.296,-0.006,5,5610.186,7214.306
98.250,184.295,-0.006,5,5610.148,7215.130
98.260,184.294,-0.006,5,5610.111,7215.954
98.270,184.293,-0.006,5,5610.073,7216.778
98.280,184.291,-0.006,5,5610.035,7217.602
98.290,184.290,0.034,5,5609.998,7218.425
98.300,184.298,-0.006,5,5610.228,7219.249
98.310,184.297,-0.006,5,5610.191,7220.073
98.320,184.295,-0.006,5,5610.153,7220.897
98.330,184.294,-0.006,5,5610.115,7221.721
98.340,184.293,-0.006,5,5610.078,7222.545
98.350,184.292,-0.006,5,5610.040,7223.369
98.360,184.290,-0.006,5,5610.003,7224.193
98.370,184.289,0.034,5,5609.965,7225.016
98.380,184.297,-0.006,5,5610.196,7225.840
98.390,184.296,-0.006,5,5610.158,7226.664
98.400,184.294,-0.006,5,5610.120,7227.488
98.410,184.293,-0.006,5,5610.083,7228.312
98.420,184.292,-0.006,5,5610.045,7229.136
98.430,184.291,-0.006,5,5610.008,7229.960
98.440,184.289,0.034,5,5609.970,7230.783
98.450,184.297,-0.006,5,5610.200,7231.607
98.460,184.296,-0.006,5,5610.163,7232.431
98.470,184.294,-0.006,5,5610.125,7233.255
98.480,184.293,-0.006,5,5610.088,7234.079
98.490,184.292,-0.006,5,5610.050,7234.903
98.500,184.291,-0.006,5,5610.012,7235.727
98.510,184.290,0.034,5,5609.975,7236.550
98.520,184.297,-0.006,5,5610.205,7237.374
98.530,184.296,-0.006,5,5610.168,7238.198
98.540,184.295,-0.006,5,5610.130,7239.022
98.550,184.293,-0.006,5,5610.092,7239.846
98.560,184.292,-0.006,5,5610.055,7240.670
98.570,184.291,-0.006,5,5610.017,7241.494
98.580,184.290,0.034,5,5609.980,7242.317
98.590,184.297,-0.006,5,5610.210,7243.141
98.600,184.296,-0.006,5,5610.172,7243.965
98.610,184.295,-0.006,5,5610.135,7244.789
98.620,184.294,-0.006,5,5610.097,7245.613
98.630,184.292,-0.006,5,5610.060,7246.437
98.640,184.291,-0.006,5,5610.022,7247.261
98.650,184.290,0.034,5,5609.984,7248.085
98.660,184.297,-0.006,5,5610.215,7248.908
98.670,184.296,-0.006,5,5610.177,7249.732
98.680,184.295,-0.006,5,5610.140,7250.556
98.690,184.294,-0.006,5,5610.102,7251.380
98.700,184.292,-0.006,5,5610.064,7252.204
98.710,184.291,-0.006,5,5610.027,7253.028
98.720,184.290,0.034,5,5609.989,7253.852
98.730,184.298,-0.006,5,5610.220,7254.675
98.740,184.296,-0.006,5,5610.182,7255.499
98.750,184.295,-0.006,5,5610.144,7256.323
98.760,184.294,-0.006,5,5610.107,7257.147
98.770,184.293,-0.006,5,5610.069,7257.971
98.780,184.291,-0.006,5,5610.032,7258.795
98.790,184.290,0.034,5,5609.994,7259.619
98.800,184.298,-0.006,5,5610.225,7260.443
98.810,184.296,-0.006,5,5610.187,7261.266
98.820,184.295,-0.006,5,5610.149,7262.090
98.830,184.294,-0.006,5,5610.112,7262.914
98.840,184.293,-0.006,5,5610.074,7263.738
98.850,184.292,-0.006,5,5610.036,7264.562
98.860,184.290,0.034,5,5609.999,7265.386
98.870,184.298,-0.006,5,5610.229,7266.210
98.880,184.297,-0.006,5,5610.192,7267.033
98.890,184.295,-0.006,5,5610.154,7267.857
98.900,184.294,-0.006,5,5610.116,7268.681
98.910,184.293,-0.006,5,5610.079,7269.505
98.920,184.292,-0.006,5,5610.041,7270.329
98.930,184.290,-0.006,5,5610.004,7271.153
98.940,184.289,0.034,5,5609.966,7271.977
98.950,184.297,-0.006,5,5610.197,7272.800
98.960,184.296,-0.006,5,5610.159,7273.624
98.970,184.294,-0.006,5,5610.121,7274.448
98.980,184.293,-0.006,5,5610.084,7275.272
98.990,184.292,-0.006,5,5610.046,7276.096
99.000,184.291,-0.006,5,5610.008,7276.920
99.010,184.289,0.034,5,5609.971,7277.744
99.020,184.297,-0.006,5,5610.201,7278.568
99.030,184.296,-0.006,5,5610.164,7279.391
99.040,184.294,-0.006,5,5610.126,7280.215
99.050,184.293,-0.006,5,5610.089,7281.039
99.060,184.292,-0.006,5,5610.051,7281.863
99.070,184.291,-0.006,5,5610.013,7282.687
99.080,184.290,0.034,5,5609.976,7283.511
99.090,184.297,-0.006,5,5610.206,7284.335
99.100,184.296,-0.006,5,5610.169,7285.158
99.110,184.295,-0.006,5,5610.131,7285.982
99.120,184.293,-0.006,5,5610.093,7286.806
99.130,184.292,-0.006,5,5610.056,7287.630
99.140,184.291,-0.006,5,5610.018,7288.454
99.150,184.290,0.034,5,5609.981,7289.278
99.160,184.297,-0.006,5,5610.211,7290.102
99.170,184.296,-0.006,5,5610.173,7290.925
99.180,184.295,-0.006,5,5610.136,7291.749
99.190,184.294,-0.006,5,5610.098,7292.573
99.200,184.292,-0.006,5,5610.061,7293.397
99.210,184.291,-0.006,5,5610.023,7294.221
99.220,184.290,0.034,5,5609.985,7295.045
99.230,184.297,-0.006,5,5610.216,7295.869
99.240,184.296,-0.006,5,5610.178,7296.693
99.250,184.295,-0.006,5,5610.141,7297.516
99.260,184.294,-0.006,5,5610.103,7298.340
99.270,184.292,-0.006,5,5610.065,7299.164
99.280,184.291,-0.006,5,5610.028,7299.988
99.290,184.290,0.034,5,5609.990,7300.812
99.300,184.298,-0.006,5,5610.221,7301.636
99.310,184.296,-0.006,5,5610.183,7302.460
99.320,184.295,-0.006,5,5610.145,7303.283
99.330,184.294,-0.006,5,5610.108,7304.107
99.340,184.293,-0.006,5,5610.070,7304.931
99.350,184.291,-0.006,5,5610.033,7305.755
99.360,184.290,0.034,5,5609.995,7306.579
99.370,184.298,-0.006,5,5610.225,7307.403
99.380,184.296,-0.006,5,5610.188,7308.227
99.390,184.295,-0.006,5,5610.150,7309.051
99.400,184.294,-0.006,5,5610.113,7309.874
99.410,184.293,-0.006,5,5610.075,7310.698
99.420,184.292,-0.006,5,5610.037,7311.522
99.430,184.290,0.034,5,5610.000,7312.346
99.440,184.298,-0.006,5,5610.230,7313.170
99.450,184.297,-0.006,5,5610.193,7313.994
99.460,184.295,-0.006,5,5610.155,7314.818
99.470,184.294,-0.006,5,5610.117,7315.641
99.480,184.293,-0.006,5,5610.080,7316.465
99.490,184.292,-0.006,5,5610.042,7317.289
99.500,184.290,-0.006,5,5610.005,7318.113
99.510,184.289,0.034,5,5609.967,7318.937
99.520,184.297,-0.006,5,5610.197,7319.761
99.530,184.296,-0.006,5,5610.160,7320.585
99.540,184.294,-0.006,5,5610.122,7321.409
99.550,184.293,-0.006,5,5610.085,7322.232
99.560,184.292,-0.006,5,5610.047,7323.056
99.570,184.291,-0.006,5,5610.009,7323.880
99.580,184.289,0.034,5,5609.972,7324.704
99.590,184.297,-0.006,5,5610.202,7325.528
99.600,184.296,-0.006,5,5610.165,7326.352
99.610,184.295,-0.006,5,5610.127,7327.176
99.620,184.293,-0.006,5,5610.089,7327.999
99.630,184.292,-0.006,5,5610.052,7328.823
99.640,184.291,-0.006,5,5610.014,7329.647
99.650,184.290,0.034,5,5609.977,7330.471
99.660,184.297,-0.006,5,5610.207,7331.295
99.670,184.296,-0.006,5,5610.170,7332.119
99.680,184.295,-0.006,5,5610.132,7332.943
99.690,184.293,-0.006,5,5610.094,7333.766
99.700,184.292,-0.006,5,5610.057,7334.590
99.710,184.291,-0.006,5,5610.019,7335.414
99.720,184.290,0.034,5,5609.982,7336.238
99.730,184.297,-0.006,5,5610.212,7337.062
99.740,184.296,-0.006,5,5610.174,7337.886
99.750,184.295,-0.006,5,5610.137,7338.710
99.760,184.294,-0.006,5,5610.099,7339.534
99.770,184.292,-0.006,5,5610.061,7340.357
99.780,184.291,-0.006,5,5610.024,7341.181
99.790,184.290,0.034,5,5609.986,7342.005
99.800,184.297,-0.006,5,5610.217,7342.829
99.810,184.296,-0.006,5,5610.179,7343.653
99.820,184.295,-0.006,5,5610.142,7344.477
99.830,184.294,-0.006,5,5610.104,7345.301
99.840,184.293,-0.006,5,5610.066,7346.124
99.850,184.291,-0.006,5,5610.029,7346.948
99.860,184.290,0.034,5,5609.991,7347.772
99.870,184.298,-0.006,5,5610.222,7348.596
99.880,184.296,-0.006,5,5610.184,7349.420
99.890,184.295,-0.006,5,5610.146,7350.244
99.900,184.294,-0.006,5,5610.109,7351.068
99.910,184.293,-0.006,5,5610.071,7351.892
99.920,184.291,-0.006,5,5610.033,7352.715
99.930,184.290,0.034,5,5609.996,7353.539
99.940,184.298,-0.006,5,5610.226,7354.363
99.950,184.297,-0.006,5,5610.189,7355.187
99.960,184.295,-0.006,5,5610.151,7356.011
99.970,184.294,-0.006,5,5610.113,7356.835
99.980,184.293,-0.006,5,5610.076,7357.659
99.990,184.292,-0.006,5,5610.038,7358.482
100.000,184.290,-0.006,5,5610.001,7359.306
100.010,184.289,0.034,5,5609.963,7360.130
100.020,184.297,-0.006,5,5610.194,7360.954
100.030,184.295,-0.006,5,5610.156,7361.778
100.040,184.294,-0.006,5,5610.118,7362.602
100.050,184.293,-0.006,5,5610.081,7363.426
100.060,184.292,-0.006,5,5610.043,7364.249
100.070,184.291,-0.006,5,5610.006,7365.073
100.080,184.289,0.034,5,5609.968,7365.897
100.090,184.297,-0.006,5,5610.198,7366.721
100.100,184.296,-0.006,5,5610.161,7367.545
100.110,184.294,-0.006,5,5610.123,7368.369
100.120,184.293,-0.006,5,5610.086,7369.193
100.130,184.292,-0.006,5,5610.048,7370.016
100.140,184.291,-0.006,5,5610.010,7370.840
100.150,184.289,0.034,5,5609.973,7371.664
100.160,184.297,-0.006,5,5610.203,7372.488
100.170,184.296,-0.006,5,5610.166,7373.312
100.180,184.295,-0.006,5,5610.128,7374.136
100.190,184.293,-0.006,5,5610.090,7374.960
100.200,184.292,-0.006,5,5610.053,7375.784
100.210,184.291,-0.006,5,5610.015,7376.607
100.220,184.290,0.034,5,5609.978,7377.431
100.230,184.297,-0.006,5,5610.208,7378.255
100.240,184.296,-0.006,5,5610.171,7379.079
100.250,184.295,-0.006,5,5610.133,7379.903
100.260,184.293,-0.006,5,5610.095,7380.727
100.270,184.292,-0.006,5,5610.058,7381.551
100.280,184.291,-0.006,5,5610.020,7382.374
100.290,184.290,0.034,5,5609.983,7383.198
100.300,184.297,-0.006,5,5610.213,7384.022
100.310,184.296,-0.006,5,5610.175,7384.846
100.320,184.295,-0.006,5,5610.138,7385.670
100.330,184.294,-0.006,5,5610.100,7386.494
100.340,184.292,-0.006,5,5610.063,7387.318
100.350,184.291,-0.006,5,5610.025,7388.141
100.360,184.290,0.034,5,5609.987,7388.965
100.370,184.297,-0.006,5,5610.218,7389.789
100.380,184.296,-0.006,5,5610.180,7390.613
100.390,184.295,-0.006,5,5610.143,7391.437
100.400,184.294,-0.006,5,5610.105,7392.261
100.410,184.293,-0.006,5,5610.067,7393.085
100.420,184.291,-0.006,5,5610.030,7393.909
100.430,184.290,0.034,5,5609.992,7394.732
100.440,184.298,-0.006,5,5610.223,7395.556
100.450,184.296,-0.006,5,5610.185,7396.380
100.460,184.295,-0.006,5,5610.147,7397.204
100.470,184.294,-0.006,5,5610.110,7398.028
100.480,184.293,-0.006,5,5610.072,7398.852
100.490,184.291,-0.006,5,5610.035,7399.676
100.500,184.290,0.034,5,5609.997,7400.499
100.510,184.298,-0.006,5,5610.227,7401.323
100.520,184.297,-0.006,5,5610.190,7402.147
100.530,184.295,-0.006,5,5610.152,7402.971
100.540,184.294,-0.006,5,5610.114,7403.795
100.550,184.293,-0.006,5,5610.077,7404.619
100.560,184.292,-0.006,5,5610.039,7405.443
100.570,184.290,-0.006,5,5610.002,7406.267
100.580,184.289,0.034,5,5609.964,7407.090
100.590,184.297,-0.006,5,5610.195,7407.914
100.600,184.295,-0.006,5,5610.157,7408.738
100.610,184.294,-0.006,5,5610.119,7409.562
100.620,184.293,-0.006,5,5610.082,7410.386
100.630,184.292,-0.006,5,5610.044,7411.210
100.640,184.291,-0.006,5,5610.007,7412.034
100.650,184.289,0.034,5,5609.969,7412.857
100.660,184.297,-0.006,5,5610.199,7413.681
100.670,184.296,-0.006,5,5610.162,7414.505
100.680,184.294,-0.006,5,5610.124,7415.329
100.690,184.293,-0.006,5,5610.087,7416.153
100.700,184.292,-0.006,5,5610.049,7416.977
100.710,184.291,-0.006,5,5610.011,7417.801
100.720,184.289,0.034,5,5609.974,7418.624
100.730,184.297,-0.006,5,5610.204,7419.448
100.740,184.296,-0.006,5,5610.167,7420.272
100.750,184.295,-0.006,5,5610.129,7421.096
100.760,184.293,-0.006,5,5610.091,7421.920
100.770,184.292,-0.006,5,5610.054,7422.744
100.780,184.291,-0.006,5,5610.016,7423.568
100.790,184.290,0.034,5,5609.979,7424.391
100.800,184.297,-0.006,5,5610.209,7425.215
100.810,184.296,-0.006,5,5610.172,7426.039
100.820,184.295,-0.006,5,5610.134,7426.863
100.830,184.293,-0.006,5,5610.096,7427.687
100.840,184.292,-0.006,5,5610.059,7428.511
100.850,184.291,-0.006,5,5610.021,7429.335
100.860,184.290,0.034,5,5609.984,7430.159
100.870,184.297,-0.006,5,5610.214,7430.982
100.880,184.296,-0.006,5,5610.176,7431.806
100.890,184.295,-0.006,5,5610.139,7432.630
100.900,184.294,-0.006,5,5610.101,7433.454
100.910,184.292,-0.006,5,5610.063,7434.278
100.920,184.291,-0.006,5,5610.026,7435.102
100.930,184.290,0.034,5,5609.988,7435.926
100.940,184.298,-0.006,5,5610.219,7436.749
100.950,184.296,-0.006,5,5610.181,7437.573
100.960,184.295,-0.006,5,5610.144,7438.397
100.970,184.294,-0.006,5,5610.106,7439.221
100.980,184.293,-0.006,5,5610.068,7440.045
100.990,184.291,-0.006,5,5610.031,7440.869
101.000,184.290,0.034,5,5609.993,7441.693
101.010,184.298,-0.006,5,5610.224,7442.517
101.020,184.296,-0.006,5,5610.186,7443.340
101.030,184.295,-0.006,5,5610.148,7444.164
101.040,184.294,-0.006,5,5610.111,7444.988
101.050,184.293,-0.006,5,5610.073,7445.812
101.060,184.291,-0.006,5,5610.035,7446.636
101.070,184.290,0.034,5,5609.998,7447.460
101.080,184.298,-0.006,5,5610.228,7448.284
101.090,184.297,-0.006,5,5610.191,7449.107
101.100,184.295,-0.006,5,5610.153,7449.931
101.110,184.294,-0.006,5,5610.115,7450.755
101.120,184.293,-0.006,5,5610.078,7451.579
101.130,184.292,-0.006,5,5610.040,7452.403
101.140,184.290,-0.006,5,5610.003,7453.227
101.150,184.289,0.034,5,5609.965,7454.051
101.160,184.297,-0.006,5,5610.196,7454.875
101.170,184.296,-0.006,5,5610.158,7455.698
101.180,184.294,-0.006,5,5610.120,7456.522
101.190,184.293,-0.006,5,5610.083,7457.346
101.200,184.292,-0.006,5,5610.045,7458.170
101.210,184.291,-0.006,5,5610.008,7458.994
101.220,184.289,0.034,5,5609.970,7459.818
101.230,184.297,-0.006,5,5610.200,7460.642
101.240,184.296,-0.006,5,5610.163,7461.465
101.250,184.294,-0.006,5,5610.125,7462.289
101.260,184.293,-0.006,5,5610.088,7463.113
101.270,184.292,-0.006,5,5610.050,7463.937
101.280,184.291,-0.006,5,5610.012,7464.761
101.290,184.290,0.034,5,5609.975,7465.585
101.300,184.297,-0.006,5,5610.205,7466.409
101.310,184.296,-0.006,5,5610.168,7467.232
101.320,184.295,-0.006,5,5610.130,7468.056
101.330,184.293,-0.006,5,5610.092,7468.880
101.340,184.292,-0.006,5,5610.055,7469.704
101.350,184.291,-0.006,5,5610.017,7470.528
101.360,184.290,0.034,5,5609.980,7471.352
101.370,184.297,-0.006,5,5610.210,7472.176
101.380,184.296,-0.006,5,5610.172,7473.000
101.390,184.295,-0.006,5,5610.135,7473.823
101.400,184.294,-0.006,5,5610.097,7474.647
101.410,184.292,-0.006,5,5610.060,7475.471
101.420,184.291,-0.006,5,5610.022,7476.295
101.430,184.290,0.034,5,5609.985,7477.119
101.440,184.297,-0.006,5,5610.215,7477.943
101.450,184.296,-0.006,5,5610.177,7478.767
101.460,184.295,-0.006,5,5610.140,7479.590
101.470,184.294,-0.006,5,5610.102,7480.414
101.480,184.292,-0.006,5,5610.064,7481.238
101.490,184.291,-0.006,5,5610.027,7482.062
101.500,184.290,0.034,5,5609.989,7482.886
101.510,184.298,-0.006,5,5610.220,7483.710
101.520,184.296,-0.006,5,5610.182,7484.534
101.530,184.295,-0.006,5,5610.144,7485.357
101.540,184.294,-0.006,5,5610.107,7486.181
101.550,184.293,-0.006,5,5610.069,7487.005
101.560,184.291,-0.006,5,5610.032,7487.829
101.570,184.290,0.034,5,5609.994,7488.653
101.580,184.298,-0.006,5,5610.225,7489.477
101.590,184.296,-0.006,5,5610.187,7490.301
101.600,184.295,-0.006,5,5610.149,7491.125
101.610,184.294,-0.006,5,5610.112,7491.948
101.620,184.293,-0.006,5,5610.074,7492.772
101.630,184.292,-0.006,5,5610.036,7493.596
101.640,184.290,0.034,5,5609.999,7494.420
101.650,184.298,-0.006,5,5610.229,7495.244
101.660,184.297,-0.006,5,5610.192,7496.068
101.670,184.295,-0.006,5,5610.154,7496.892
101.680,184.294,-0.006,5,5610.116,7497.715
101.690,184.293,-0.006,5,5610.079,7498.539
101.700,184.292,-0.006,5,5610.041,7499.363
101.710,184.290,-0.006,5,5610.004,7500.187
101.720,184.289,0.034,5,5609.966,7501.011
101.730,184.297,-0.006,5,5610.197,7501.835
101.740,184.296,-0.006,5,5610.159,7502.659
101.750,184.294,-0.006,5,5610.121,7503.483
101.760,184.293,-0.006,5,5610.084,7504.306
101.770,184.292,-0.006,5,5610.046,7505.130
101.780,184.291,-0.006,5,5610.008,7505.954
101.790,184.289,0.034,5,5609.971,7506.778
101.800,184.297,-0.006,5,5610.201,7507.602
101.810,184.296,-0.006,5,5610.164,7508.426
101.820,184.294,-0.006,5,5610.126,7509.250
101.830,184.293,-0.006,5,5610.089,7510.073
101.840,184.292,-0.006,5,5610.051,7510.897
101.850,184.291,-0.006,5,5610.013,7511.721
101.860,184.290,0.034,5,5609.976,7512.545
101.870,184.297,-0.006,5,5610.206,7513.369
101.880,184.296,-0.006,5,5610.169,7514.193
101.890,184.295,-0.006,5,5610.131,7515.017
101.900,184.293,-0.006,5,5610.093,7515.840
101.910,184.292,-0.006,5,5610.056,7516.664
101.920,184.291,-0.006,5,5610.018,7517.488
101.930,184.290,0.034,5,5609.981,7518.312
101.940,184.297,-0.006,5,5610.211,7519.136
101.950,184.296,-0.006,5,5610.173,7519.960
101.960,184.295,-0.006,5,5610.136,7520.784
101.970,184.294,-0.006,5,5610.098,7521.608
101.980,184.292,-0.006,5,5610.061,7522.431
101.990,184.291,-0.006,5,5610.023,7523.255
102.000,184.290,0.034,5,5609.985,7524.079
102.010,184.297,-0.006,5,5610.216,7524.903
102.020,184.296,-0.006,5,5610.178,7525.727
102.030,184.295,-0.006,5,5610.141,7526.551
102.040,184.294,-0.006,5,5610.103,7527.375
102.050,184.292,-0.006,5,5610.065,7528.198
102.060,184.291,-0.006,5,5610.028,7529.022
102.070,184.290,0.034,5,5609.990,7529.846
102.080,184.298,-0.006,5,5610.221,7530.670
102.090,184.296,-0.006,5,5610.183,7531.494
102.100,184.295,-0.006,5,5610.145,7532.318
102.110,184.294,-0.006,5,5610.108,7533.142
102.120,184.293,-0.006,5,5610.070,7533.965
102.130,184.291,-0.006,5,5610.033,7534.789
102.140,184.290,0.034,5,5609.995,7535.613
102.150,184.298,-0.006,5,5610.225,7536.437
102.160,184.296,-0.006,5,5610.188,7537.261
102.170,184.295,-0.006,5,5610.150,7538.085
102.180,184.294,-0.006,5,5610.113,7538.909
102.190,184.293,-0.006,5,5610.075,7539.733
102.200,184.292,-0.006,5,5610.037,7540.556
102.210,184.290,0.034,5,5610.000,7541.380
102.220,184.298,-0.006,5,5610.230,7542.204
102.230,184.297,-0.006,5,5610.193,7543.028
102.240,184.295,-0.006,5,5610.155,7543.852
102.250,184.294,-0.006,5,5610.117,7544.676
102.260,184.293,-0.006,5,5610.080,7545.500
102.270,184.292,-0.006,5,5610.042,7546.323
102.280,184.290,-0.006,5,5610.005,7547.147
102.290,184.289,0.034,5,5609.967,7547.971
102.300,184.297,-0.006,5,5610.197,7548.795
102.310,184.296,-0.006,5,5610.160,7549.619
102.320,184.294,-0.006,5,5610.122,7550.443
102.330,184.293,-0.006,5,5610.085,7551.267
102.340,184.292,-0.006,5,5610.047,7552.091
102.350,184.291,-0.006,5,5610.009,7552.914
102.360,184.289,0.034,5,5609.972,7553.738
102.370,184.297,-0.006,5,5610.202,7554.562
102.380,184.296,-0.006,5,5610.165,7555.386
102.390,184.295,-0.006,5,5610.127,7556.210
102.400,184.293,-0.006,5,5610.089,7557.034
102.410,184.292,-0.006,5,5610.052,7557.858
102.420,184.291,-0.006,5,5610.014,7558.681
102.430,184.290,0.034,5,5609.977,7559.505
102.440,184.297,-0.006,5,5610.207,7560.329
102.450,184.296,-0.006,5,5610.170,7561.153
102.460,184.295,-0.006,5,5610.132,7561.977
102.470,184.293,-0.006,5,5610.094,7562.801
102.480,184.292,-0.006,5,5610.057,7563.625
102.490,184.291,-0.006,5,5610.019,7564.448
102.500,184.290,0.034,5,5609.982,7565.272
102.510,184.297,-0.006,5,5610.212,7566.096
102.520,184.296,-0.006,5,5610.174,7566.920
102.530,184.295,-0.006,5,5610.137,7567.744
102.540,184.294,-0.006,5,5610.099,7568.568
102.550,184.292,-0.006,5,5610.061,7569.392
102.560,184.291,-0.006,5,5610.024,7570.216
102.570,184.290,0.034,5,5609.986,7571.039
102.580,184.297,-0.006,5,5610.217,7571.863
102.590,184.296,-0.006,5,5610.179,7572.687
102.600,184.295,-0.006,5,5610.142,7573.511
102.610,184.294,-0.006,5,5610.104,7574.335
102.620,184.293,-0.006,5,5610.066,7575.159
102.630,184.291,-0.006,5,5610.029,7575.983
102.640,184.290,0.034,5,5609.991,7576.806
102.650,184.298,-0.006,5,5610.222,7577.630
102.660,184.296,-0.006,5,5610.184,7578.454
102.670,184.295,-0.006,5,5610.146,7579.278
102.680,184.294,-0.006,5,5610.109,7580.102
102.690,184.293,-0.006,5,5610.071,7580.926
102.700,184.291,-0.006,5,5610.034,7581.750
102.710,184.290,0.034,5,5609.996,7582.573
102.720,184.298,-0.006,5,5610.226,7583.397
102.730,184.297,-0.006,5,5610.189,7584.221
102.740,184.295,-0.006,5,5610.151,7585.045
102.750,184.294,-0.006,5,5610.113,7585.869
102.760,184.293,-0.006,5,5610.076,7586.693
102.770,184.292,-0.006,5,5610.038,7587.517
102.780,184.290,-0.006,5,5610.001,7588.341
102.790,184.289,0.034,5,5609.963,7589.164
102.800,184.297,-0.006,5,5610.194,7589.988
102.810,184.295,-0.006,5,5610.156,7590.812
102.820,184.294,-0.006,5,5610.118,7591.636
102.830,184.293,-0.006,5,5610.081,7592.460
102.840,184.292,-0.006,5,5610.043,7593.284
102.850,184.291,-0.006,5,5610.006,7594.108
102.860,184.289,0.034,5,5609.968,7594.931
102.870,184.297,-0.006,5,5610.198,7595.755
102.880,184.296,-0.006,5,5610.161,7596.579
102.890,184.294,-0.006,5,5610.123,7597.403
102.900,184.293,-0.006,5,5610.086,7598.227
102.910,184.292,-0.006,5,5610.048,7599.051
102.920,184.291,-0.006,5,5610.010,7599.875
102.930,184.289,0.034,5,5609.973,7600.698
102.940,184.297,-0.006,5,5610.203,7601.522
102.950,184.296,-0.006,5,5610.166,7602.346
102.960,184.295,-0.006,5,5610.128,7603.170
102.970,184.293,-0.006,5,5610.090,7603.994
102.980,184.292,-0.006,5,5610.053,7604.818
102.990,184.291,-0.006,5,5610.015,7605.642
103.000,184.290,0.034,5,5609.978,7606.466
103.010,184.297,-0.006,5,5610.208,7607.289
103.020,184.296,-0.006,5,5610.171,7608.113
103.030,184.295,-0.006,5,5610.133,7608.937
103.040,184.293,-0.006,5,5610.095,7609.761
103.050,184.292,-0.006,5,5610.058,7610.585
103.060,184.291,-0.006,5,5610.020,7611.409
103.070,184.290,0.034,5,5609.983,7612.233
103.080,184.297,-0.006,5,5610.213,7613.056
103.090,184.296,-0.006,5,5610.175,7613.880
103.100,184.295,-0.006,5,5610.138,7614.704
103.110,184.294,-0.006,5,5610.100,7615.528
103.120,184.292,-0.006,5,5610.063,7616.352
103.130,184.291,-0.006,5,5610.025,7617.176
103.140,184.290,0.034,5,5609.987,7618.000
103.150,184.297,-0.006,5,5610.218,7618.823
103.160,184.296,-0.006,5,5610.180,7619.647
103.170,184.295,-0.006,5,5610.143,7620.471
103.180,184.294,-0.006,5,5610.105,7621.295
103.190,184.293,-0.006,5,5610.067,7622.119
103.200,184.291,-0.006,5,5610.030,7622.943
103.210,184.290,0.034,5,5609.992,7623.767
103.220,184.298,-0.006,5,5610.223,7624.591
103.230,184.296,-0.006,5,5610.185,7625.414
103.240,184.295,-0.006,5,5610.147,7626.238
103.250,184.294,-0.006,5,5610.110,7627.062
103.260,184.293,-0.006,5,5610.072,7627.886
103.270,184.291,-0.006,5,5610.035,7628.710
103.280,184.290,0.034,5,5609.997,7629.534
103.290,184.298,-0.006,5,5610.227,7630.358
103.300,184.297,-0.006,5,5610.190,7631.181
103.310,184.295,-0.006,5,5610.152,7632.005
103.320,184.294,-0.006,5,5610.114,7632.829
103.330,184.293,-0.006,5,5610.077,7633.653
103.340,184.292,-0.006,5,5610.039,7634.477
103.350,184.290,-0.006,5,5610.002,7635.301
103.360,184.289,0.034,5,5609.964,7636.125
103.370,184.297,-0.006,5,5610.195,7636.949
103.380,184.295,-0.006,5,5610.157,7637.772
103.390,184.294,-0.006,5,5610.119,7638.596
103.400,184.293,-0.006,5,5610.082,7639.420
103.410,184.292,-0.006,5,5610.044,7640.244
103.420,184.291,-0.006,5,5610.007,7641.068
103.430,184.289,0.034,5,5609.969,7641.892
103.440,184.297,-0.006,5,5610.199,7642.716
103.450,184.296,-0.006,5,5610.162,7643.539
103.460,184.294,-0.006,5,5610.124,7644.363
103.470,184.293,-0.006,5,5610.087,7645.187
103.480,184.292,-0.006,5,5610.049,7646.011
103.490,184.291,-0.006,5,5610.011,7646.835
103.500,184.289,0.034,5,5609.974,7647.659
103.510,184.297,-0.006,5,5610.204,7648.483
103.520,184.296,-0.006,5,5610.167,7649.306
103.530,184.295,-0.006,5,5610.129,7650.130
103.540,184.293,-0.006,5,5610.091,7650.954
103.550,184.292,-0.006,5,5610.054,7651.778
103.560,184.291,-0.006,5,5610.016,7652.602
103.570,184.290,0.034,5,5609.979,7653.426
103.580,184.297,-0.006,5,5610.209,7654.250
103.590,184.296,-0.006,5,5610.172,7655.074
103.600,184.295,-0.006,5,5610.134,7655.897
103.610,184.293,-0.006,5,5610.096,7656.721
103.620,184.292,-0.006,5,5610.059,7657.545
103.630,184.291,-0.006,5,5610.021,7658.369
103.640,184.290,0.034,5,5609.984,7659.193
103.650,184.297,-0.006,5,5610.214,7660.017
103.660,184.296,-0.006,5,5610.176,7660.841
103.670,184.295,-0.006,5,5610.139,7661.664
103.680,184.294,-0.006,5,5610.101,7662.488
103.690,184.292,-0.006,5,5610.063,7663.312
103.700,184.291,-0.006,5,5610.026,7664.136
103.710,184.290,0.034,5,5609.988,7664.960
103.720,184.298,-0.006,5,5610.219,7665.784
103.730,184.296,-0.006,5,5610.181,7666.608
103.740,184.295,-0.006,5,5610.144,7667.432
103.750,184.294,-0.006,5,5610.106,7668.255
103.760,184.293,-0.006,5,5610.068,7669.079
103.770,184.291,-0.006,5,5610.031,7669.903
103.780,184.290,0.034,5,5609.993,7670.727
103.790,184.298,-0.006,5,5610.224,7671.551
103.800,184.296,-0.006,5,5610.186,7672.375
103.810,184.295,-0.006,5,5610.148,7673.199
103.820,184.294,-0.006,5,5610.111,7674.022
103.830,184.293,-0.006,5,5610.073,7674.846
103.840,184.291,-0.006,5,5610.035,7675.670
103.850,184.290,0.034,5,5609.998,7676.494
103.860,184.298,-0.006,5,5610.228,7677.318
103.870,184.297,-0.006,5,5610.191,7678.142
103.880,184.295,-0.006,5,5610.153,7678.966
103.890,184.294,-0.006,5,5610.115,7679.789
103.900,184.293,-0.006,5,5610.078,7680.613
103.910,184.292,-0.006,5,5610.040,7681.437
103.920,184.290,-0.006,5,5610.003,7682.261
103.930,184.289,0.034,5,5609.965,7683.085
103.940,184.297,-0.006,5,5610.196,7683.909
103.950,184.296,-0.006,5,5610.158,7684.733
103.960,184.294,-0.006,5,5610.120,7685.557
103.970,184.293,-0.006,5,5610.083,7686.380
103.980,184.292,-0.006,5,5610.045,7687.204
103.990,184.291,-0.006,5,5610.008,7688.028
104.000,184.289,0.034,5,5609.970,7688.852
104.010,184.297,-0.006,5,5610.200,7689.676
104.020,184.296,-0.006,5,5610.163,7690.500
104.030,184.294,-0.006,5,5610.125,7691.324
104.040,184.293,-0.006,5,5610.088,7692.147
104.050,184.292,-0.006,5,5610.050,7692.971
104.060,184.291,-0.006,5,5610.012,7693.795
104.070,184.290,0.034,5,5609.975,7694.619
104.080,184.297,-0.006,5,5610.205,7695.443
104.090,184.296,-0.006,5,5610.168,7696.267
104.100,184.295,-0.006,5,5610.130,7697.091
104.110,184.293,-0.006,5,5610.092,7697.914
104.120,184.292,-0.006,5,5610.055,7698.738
104.130,184.291,-0.006,5,5610.017,7699.562
104.140,184.290,0.034,5,5609.980,7700.386
104.150,184.297,-0.006,5,5610.210,7701.210
104.160,184.296,-0.006,5,5610.172,7702.034
104.170,184.295,-0.006,5,5610.135,7702.858
104.180,184.294,-0.006,5,5610.097,7703.682
104.190,184.292,-0.006,5,5610.060,7704.505
104.200,184.291,-0.006,5,5610.022,7705.329
104.210,184.290,0.034,5,5609.985,7706.153
104.220,184.297,-0.006,5,5610.215,7706.977
104.230,184.296,-0.006,5,5610.177,7707.801
104.240,184.295,-0.006,5,5610.140,7708.625
104.250,184.294,-0.006,5,5610.102,7709.449
104.260,184.292,-0.006,5,5610.064,7710.272
104.270,184.291,-0.006,5,5610.027,7711.096
104.280,184.290,0.034,5,5609.989,7711.920
104.290,184.298,-0.006,5,5610.220,7712.744
104.300,184.296,-0.006,5,5610.182,7713.568
104.310,184.295,-0.006,5,5610.144,7714.392
104.320,184.294,-0.006,5,5610.107,7715.216
104.330,184.293,-0.006,5,5610.069,7716.040
104.340,184.291,-0.006,5,5610.032,7716.863
104.350,184.290,0.034,5,5609.994,7717.687
104.360,184.298,-0.006,5,5610.225,7718.511
104.370,184.296,-0.006,5,5610.187,7719.335
104.380,184.295,-0.006,5,5610.149,7720.159
104.390,184.294,-0.006,5,5610.112,7720.983
104.400,184.293,-0.006,5,5610.074,7721.807
104.410,184.292,-0.006,5,5610.036,7722.630
104.420,184.290,0.034,5,5609.999,7723.454
104.430,184.298,-0.006,5,5610.229,7724.278
104.440,184.297,-0.006,5,5610.192,7725.102
104.450,184.295,-0.006,5,5610.154,7725.926
104.460,184.294,-0.006,5,5610.116,7726.750
104.470,184.293,-0.006,5,5610.079,7727.574
104.480,184.292,-0.006,5,5610.041,7728.397
104.490,184.290,-0.006,5,5610.004,7729.221
104.500,184.289,0.034,5,5609.966,7730.045
104.510,184.297,-0.006,5,5610.197,7730.869
104.520,184.296,-0.006,5,5610.159,7731.693
104.530,184.294,-0.006,5,5610.121,7732.517
104.540,184.293,-0.006,5,5610.084,7733.341
104.550,184.292,-0.006,5,5610.046,7734.165
104.560,184.291,-0.006,5,5610.009,7734.988
104.570,184.289,0.034,5,5609.971,7735.812
104.580,184.297,-0.006,5,5610.201,7736.636
104.590,184.296,-0.006,5,5610.164,7737.460
104.600,184.294,-0.006,5,5610.126,7738.284
104.610,184.293,-0.006,5,5610.089,7739.108
104.620,184.292,-0.006,5,5610.051,7739.932
104.630,184.291,-0.006,5,5610.013,7740.755
104.640,184.290,0.034,5,5609.976,7741.579
104.650,184.297,-0.006,5,5610.206,7742.403
104.660,184.296,-0.006,5,5610.169,7743.227
104.670,184.295,-0.006,5,5610.131,7744.051
104.680,184.293,-0.006,5,5610.093,7744.875
104.690,184.292,-0.006,5,5610.056,7745.699
104.700,184.291,-0.006,5,5610.018,7746.522
104.710,184.290,0.034,5,5609.981,7747.346
104.720,184.297,-0.006,5,5610.211,7748.170
104.730,184.296,-0.006,5,5610.173,7748.994
104.740,184.295,-0.006,5,5610.136,7749.818
104.750,184.294,-0.006,5,5610.098,7750.642
104.760,184.292,-0.006,5,5610.061,7751.466
104.770,184.291,-0.006,5,5610.023,7752.290
104.780,184.290,0.034,5,5609.985,7753.113
104.790,184.297,-0.006,5,5610.216,7753.937
104.800,184.296,-0.006,5,5610.178,7754.761
104.810,184.295,-0.006,5,5610.141,7755.585
104.820,184.294,-0.006,5,5610.103,7756.409
104.830,184.292,-0.006,5,5610.065,7757.233
104.840,184.291,-0.006,5,5610.028,7758.057
104.850,184.290,0.034,5,5609.990,7758.880
104.860,184.298,-0.006,5,5610.221,7759.704
104.870,184.296,-0.006,5,5610.183,7760.528
104.880,184.295,-0.006,5,5610.145,7761.352
104.890,184.294,-0.006,5,5610.108,7762.176
104.900,184.293,-0.006,5,5610.070,7763.000
104.910,184.291,-0.006,5,5610.033,7763.824
104.920,184.290,0.034,5,5609.995,7764.647
104.930,184.298,-0.006,5,5610.225,7765.471
104.940,184.296,-0.006,5,5610.188,7766.295
104.950,184.295,-0.006,5,5610.150,7767.119
104.960,184.294,-0.006,5,5610.113,7767.943
104.970,184.293,-0.006,5,5610.075,7768.767
104.980,184.292,-0.006,5,5610.037,7769.591
104.990,184.290,0.034,5,5610.000,7770.415
105.000,184.298,-0.006,5,5610.230,7771.238
105.010,184.297,-0.006,5,5610.193,7772.062
105.020,184.295,-0.006,5,5610.155,7772.886
105.030,184.294,-0.006,5,5610.117,7773.710
105.040,184.293,-0.006,5,5610.080,7774.534
105.050,184.292,-0.006,5,5610.042,7775.358
105.060,184.290,-0.006,5,5610.005,7776.182
105.070,184.289,0.034,5,5609.967,7777.005
105.080,184.297,-0.006,5,5610.197,7777.829
105.090,184.296,-0.006,5,5610.160,7778.653
105.100,184.294,-0.006,5,5610.122,7779.477
105.110,184.293,-0.006,5,5610.085,7780.301
105.120,184.292,-0.006,5,5610.047,7781.125
105.130,184.291,-0.006,5,5610.009,7781.949
105.140,184.289,0.034,5,5609.972,7782.773
105.150,184.297,-0.006,5,5610.202,7783.596
105.160,184.296,-0.006,5,5610.165,7784.420
105.170,184.295,-0.006,5,5610.127,7785.244
105.180,184.293,-0.006,5,5610.089,7786.068
105.190,184.292,-0.006,5,5610.052,7786.892
105.200,184.291,-0.006,5,5610.014,7787.716
105.210,184.290,0.034,5,5609.977,7788.540
105.220,184.297,-0.006,5,5610.207,7789.363
105.230,184.296,-0.006,5,5610.170,7790.187
105.240,184.295,-0.006,5,5610.132,7791.011
105.250,184.293,-0.006,5,5610.094,7791.835
105.260,184.292,-0.006,5,5610.057,7792.659
105.270,184.291,-0.006,5,5610.019,7793.483
105.280,184.290,0.034,5,5609.982,7794.307
105.290,184.297,-0.006,5,5610.212,7795.130
105.300,184.296,-0.006,5,5610.174,7795.954
105.310,184.295,-0.006,5,5610.137,7796.778
105.320,184.294,-0.006,5,5610.099,7797.602
105.330,184.292,-0.006,5,5610.062,7798.426
105.340,184.291,-0.006,5,5610.024,7799.250
105.350,184.290,0.034,5,5609.986,7800.074
105.360,184.297,-0.006,5,5610.217,7800.898
105.370,184.296,-0.006,5,5610.179,7801.721
105.380,184.295,-0.006,5,5610.142,7802.545
105.390,184.294,-0.006,5,5610.104,7803.369
105.400,184.293,-0.006,5,5610.066,7804.193
105.410,184.291,-0.006,5,5610.029,7805.017
105.420,184.290,0.034,5,5609.991,7805.841
105.430,184.298,-0.006,5,5610.222,7806.665
105.440,184.296,-0.006,5,5610.184,7807.488
105.450,184.295,-0.006,5,5610.146,7808.312
105.460,184.294,-0.006,5,5610.109,7809.136
105.470,184.293,-0.006,5,5610.071,7809.960
105.480,184.291,-0.006,5,5610.034,7810.784
105.490,184.290,0.034,5,5609.996,7811.608
105.500,184.298,-0.006,5,5610.226,7812.432
105.510,184.297,-0.006,5,5610.189,7813.256
105.520,184.295,-0.006,5,5610.151,7814.079
105.530,184.294,-0.006,5,5610.113,7814.903
105.540,184.293,-0.006,5,5610.076,7815.727
105.550,184.292,-0.006,5,5610.038,7816.551
105.560,184.290,-0.006,5,5610.001,7817.375
105.570,184.289,0.034,5,5609.963,7818.199
105.580,184.297,-0.006,5,5610.194,7819.023
105.590,184.295,-0.006,5,5610.156,7819.846
105.600,184.294,-0.006,5,5610.118,7820.670
105.610,184.293,-0.006,5,5610.081,7821.494
105.620,184.292,-0.006,5,5610.043,7822.318
105.630,184.291,-0.006,5,5610.006,7823.142
105.640,184.289,0.034,5,5609.968,7823.966
105.650,184.297,-0.006,5,5610.198,7824.790
105.660,184.296,-0.006,5,5610.161,7825.613
105.670,184.294,-0.006,5,5610.123,7826.437
105.680,184.293,-0.006,5,5610.086,7827.261
105.690,184.292,-0.006,5,5610.048,7828.085
105.700,184.291,-0.006,5,5610.010,7828.909
105.710,184.289,0.034,5,5609.973,7829.733
105.720,184.297,-0.006,5,5610.203,7830.557
105.730,184.296,-0.006,5,5610.166,7831.381
105.740,184.295,-0.006,5,5610.128,7832.204
105.750,184.293,-0.006,5,5610.090,7833.028
105.760,184.292,-0.006,5,5610.053,7833.852
105.770,184.291,-0.006,5,5610.015,7834.676
105.780,184.290,0.034,5,5609.978,7835.500
105.790,184.297,-0.006,5,5610.208,7836.324
105.800,184.296,-0.006,5,5610.171,7837.148
105.810,184.295,-0.006,5,5610.133,7837.971
105.820,184.293,-0.006,5,5610.095,7838.795
105.830,184.292,-0.006,5,5610.058,7839.619
105.840,184.291,-0.006,5,5610.020,7840.443
105.850,184.290,0.034,5,5609.983,7841.267
105.860,184.297,-0.006,5,5610.213,7842.091
105.870,184.296,-0.006,5,5610.175,7842.915
105.880,184.295,-0.006,5,5610.138,7843.738
105.890,184.294,-0.006,5,5610.100,7844.562
105.900,184.292,-0.006,5,5610.063,7845.386
105.910,184.291,-0.006,5,5610.025,7846.210
105.920,184.290,0.034,5,5609.987,7847.034
105.930,184.297,-0.006,5,5610.218,7847.858
105.940,184.296,-0.006,5,5610.180,7848.682
105.950,184.295,-0.006,5,5610.143,7849.506
105.960,184.294,-0.006,5,5610.105,7850.329
105.970,184.293,-0.006,5,5610.067,7851.153
105.980,184.291,-0.006,5,5610.030,7851.977
105.990,184.290,0.034,5,5609.992,7852.801
106.000,184.298,-0.006,5,5610.223,7853.625
106.010,184.296,-0.006,5,5610.185,7854.449
106.020,184.295,-0.006,5,5610.147,7855.273
106.030,184.294,-0.006,5,5610.110,7856.096
106.040,184.293,-0.006,5,5610.072,7856.920
106.050,184.291,-0.006,5,5610.035,7857.744
106.060,184.290,0.034,5,5609.997,7858.568
106.070,184.298,-0.006,5,5610.227,7859.392
106.080,184.297,-0.006,5,5610.190,7860.216
106.090,184.295,-0.006,5,5610.152,7861.040
106.100,184.294,-0.006,5,5610.114,7861.864
106.110,184.293,-0.006,5,5610.077,7862.687
106.120,184.292,-0.006,5,5610.039,7863.511
106.130,184.290,-0.006,5,5610.002,7864.335
106.140,184.289,0.034,5,5609.964,7865.159
106.150,184.297,-0.006,5,5610.195,7865.983
106.160,184.295,-0.006,5,5610.157,7866.807
106.170,184.294,-0.006,5,5610.119,7867.631
106.180,184.293,-0.006,5,5610.082,7868.454
106.190,184.292,-0.006,5,5610.044,7869.278
106.200,184.291,-0.006,5,5610.007,7870.102
106.210,184.289,0.034,5,5609.969,7870.926
106.220,184.297,-0.006,5,5610.199,7871.750
106.230,184.296,-0.006,5,5610.162,7872.574
106.240,184.294,-0.006,5,5610.124,7873.398
106.250,184.293,-0.006,5,5610.087,7874.221
106.260,184.292,-0.006,5,5610.049,7875.045
106.270,184.291,-0.006,5,5610.011,7875.869
106.280,184.289,0.034,5,5609.974,7876.693
106.290,184.297,-0.006,5,5610.204,7877.517
106.300,184.296,-0.006,5,5610.167,7878.341
106.310,184.295,-0.006,5,5610.129,7879.165
106.320,184.293,-0.006,5,5610.091,7879.988
106.330,184.292,-0.006,5,5610.054,7880.812
106.340,184.291,-0.006,5,5610.016,7881.636
106.350,184.290,0.034,5,5609.979,7882.460
106.360,184.297,-0.006,5,5610.209,7883.284
106.370,184.296,-0.006,5,5610.172,7884.108
106.380,184.295,-0.006,5,5610.134,7884.932
106.390,184.293,-0.006,5,5610.096,7885.756
106.400,184.292,-0.006,5,5610.059,7886.579
106.410,184.291,-0.006,5,5610.021,7887.403
106.420,184.290,0.034,5,5609.984,7888.227
106.430,184.297,-0.006,5,5610.214,7889.051
106.440,184.296,-0.006,5,5610.176,7889.875
106.450,184.295,-0.006,5,5610.139,7890.699
106.460,184.294,-0.006,5,5610.101,7891.523
106.470,184.292,-0.006,5,5610.063,7892.346
106.480,184.291,-0.006,5,5610.026,7893.170
106.490,184.290,0.034,5,5609.988,7893.994
106.500,184.298,-0.006,5,5610.219,7894.818
106.510,184.296,-0.006,5,5610.181,7895.642
106.520,184.295,-0.006,5,5610.144,7896.466
106.530,184.294,-0.006,5,5610.106,7897.290
106.540,184.293,-0.006,5,5610.068,7898.114
106.550,184.291,-0.006,5,5610.031,7898.937
106.560,184.290,0.034,5,5609.993,7899.761
106.570,184.298,-0.006,5,5610.224,7900.585
106.580,184.296,-0.006,5,5610.186,7901.409
106.590,184.295,-0.006,5,5610.148,7902.233
106.600,184.294,-0.006,5,5610.111,7903.057
106.610,184.293,-0.006,5,5610.073,7903.881
106.620,184.291,-0.006,5,5610.035,7904.704
106.630,184.290,0.034,5,5609.998,7905.528
106.640,184.298,-0.006,5,5610.228,7906.352
106.650,184.297,-0.006,5,5610.191,7907.176
106.660,184.295,-0.006,5,5610.153,7908.000
106.670,184.294,-0.006,5,5610.115,7908.824
106.680,184.293,-0.006,5,5610.078,7909.648
106.690,184.292,-0.006,5,5610.040,7910.472
106.700,184.290,-0.006,5,5610.003,7911.295
106.710,184.289,0.034,5,5609.965,7912.119
106.720,184.297,-0.006,5,5610.196,7912.943
106.730,184.296,-0.006,5,5610.158,7913.767
106.740,184.294,-0.006,5,5610.120,7914.591
106.750,184.293,-0.006,5,5610.083,7915.415
106.760,184.292,-0.006,5,5610.045,7916.239
106.770,184.291,-0.006,5,5610.008,7917.062
106.780,184.289,0.034,5,5609.970,7917.886
106.790,184.297,-0.006,5,5610.200,7918.710
106.800,184.296,-0.006,5,5610.163,7919.534
106.810,184.294,-0.006,5,5610.125,7920.358
106.820,184.293,-0.006,5,5610.088,7921.182
106.830,184.292,-0.006,5,5610.050,7922.006
106.840,184.291,-0.006,5,5610.012,7922.829
106.850,184.290,0.034,5,5609.975,7923.653
106.860,184.297,-0.006,5,5610.205,7924.477
106.870,184.296,-0.006,5,5610.168,7925.301
106.880,184.295,-0.006,5,5610.130,7926.125
106.890,184.293,-0.006,5,5610.092,7926.949
106.900,184.292,-0.006,5,5610.055,7927.773
106.910,184.291,-0.006,5,5610.017,7928.596
106.920,184.290,0.034,5,5609.980,7929.420
106.930,184.297,-0.006,5,5610.210,7930.244
106.940,184.296,-0.006,5,5610.172,7931.068
106.950,184.295,-0.006,5,5610.135,7931.892
106.960,184.294,-0.006,5,5610.097,7932.716
106.970,184.292,-0.006,5,5610.060,7933.540
106.980,184.291,-0.006,5,5610.022,7934.364
106.990,184.290,0.034,5,5609.985,7935.187
107.000,184.297,-0.006,5,5610.215,7936.011
107.010,184.296,-0.006,5,5610.177,7936.835
107.020,184.295,-0.006,5,5610.140,7937.659
107.030,184.294,-0.006,5,5610.102,7938.483
107.040,184.292,-0.006,5,5610.064,7939.307
107.050,184.291,-0.006,5,5610.027,7940.131
107.060,184.290,0.034,5,5609.989,7940.954
107.070,184.298,-0.006,5,5610.220,7941.778
107.080,184.296,-0.006,5,5610.182,7942.602
107.090,184.295,-0.006,5,5610.144,7943.426
107.100,184.294,-0.006,5,5610.107,7944.250
107.110,184.293,-0.006,5,5610.069,7945.074
107.120,184.291,-0.006,5,5610.032,7945.898
107.130,184.290,0.034,5,5609.994,7946.721
107.140,184.298,-0.006,5,5610.225,7947.545
107.150,184.296,-0.006,5,5610.187,7948.369
107.160,184.295,-0.006,5,5610.149,7949.193
107.170,184.294,-0.006,5,5610.112,7950.017
107.180,184.293,-0.006,5,5610.074,7950.841
107.190,184.292,-0.006,5,5610.036,7951.665
107.200,184.290,0.034,5,5609.999,7952.489
107.210,184.298,-0.006,5,5610.229,7953.312
107.220,184.297,-0.006,5,5610.192,7954.136
107.230,184.295,-0.006,5,5610.154,7954.960
107.240,184.294,-0.006,5,5610.116,7955.784
107.250,184.293,-0.006,5,5610.079,7956.608
107.260,184.292,-0.006,5,5610.041,7957.432
107.270,184.290,-0.006,5,5610.004,7958.256
107.280,184.289,0.034,5,5609.966,7959.079
107.290,184.297,-0.006,5,5610.197,7959.903
107.300,184.296,-0.006,5,5610.159,7960.727
107.310,184.294,-0.006,5,5610.121,7961.551
107.320,184.293,-0.006,5,5610.084,7962.375
107.330,184.292,-0.006,5,5610.046,7963.199
107.340,184.291,-0.006,5,5610.009,7964.023
107.350,184.289,0.034,5,5609.971,7964.847
107.360,184.297,-0.006,5,5610.201,7965.670
107.370,184.296,-0.006,5,5610.164,7966.494
107.380,184.294,-0.006,5,5610.126,7967.318
107.390,184.293,-0.006,5,5610.089,7968.142
107.400,184.292,-0.006,5,5610.051,7968.966
107.410,184.291,-0.006,5,5610.013,7969.790
107.420,184.290,0.034,5,5609.976,7970.614
107.430,184.297,-0.006,5,5610.206,7971.437
107.440,184.296,-0.006,5,5610.169,7972.261
107.450,184.295,-0.006,5,5610.131,7973.085
107.460,184.293,-0.006,5,5610.093,7973.909
107.470,184.292,-0.006,5,5610.056,7974.733
107.480,184.291,-0.006,5,5610.018,7975.557
107.490,184.290,0.034,5,5609.981,7976.381
107.500,184.297,-0.006,5,5610.211,7977.204
107.510,184.296,-0.006,5,5610.173,7978.028
107.520,184.295,-0.006,5,5610.136,7978.852
107.530,184.294,-0.006,5,5610.098,7979.676
107.540,184.292,-0.006,5,5610.061,7980.500
107.550,184.291,-0.006,5,5610.023,7981.324
107.560,184.290,0.034,5,5609.985,7982.148
107.570,184.297,-0.006,5,5610.216,7982.972
107.580,184.296,-0.006,5,5610.178,7983.795
107.590,184.295,-0.006,5,5610.141,7984.619
107.600,184.294,-0.006,5,5610.103,7985.443
107.610,184.292,-0.006,5,5610.065,7986.267
107.620,184.291,-0.006,5,5610.028,7987.091
107.630,184.290,0.034,5,5609.990,7987.915
107.640,184.298,-0.006,5,5610.221,7988.739
107.650,184.296,-0.006,5,5610.183,7989.562
107.660,184.295,-0.006,5,5610.145,7990.386
107.670,184.294,-0.006,5,5610.108,7991.210
107.680,184.293,-0.006,5,5610.070,7992.034
107.690,184.291,-0.006,5,5610.033,7992.858
107.700,184.290,0.034,5,5609.995,7993.682
107.710,184.298,-0.006,5,5610.225,7994.506
107.720,184.296,-0.006,5,5610.188,7995.330
107.730,184.295,-0.006,5,5610.150,7996.153
107.740,184.294,-0.006,5,5610.113,7996.977
107.750,184.293,-0.006,5,5610.075,7997.801
107.760,184.292,-0.006,5,5610.037,7998.625
107.770,184.290,0.034,5,5610.000,7999.449
107.780,184.298,-0.006,5,5610.230,8000.273
107.790,184.297,-0.006,5,5610.193,8001.097
107.800,184.295,-0.006,5,5610.155,8001.920
107.810,184.294,-0.006,5,5610.117,8002.744
107.820,184.293,-0.006,5,5610.080,8003.568
107.830,184.292,-0.006,5,5610.042,8004.392
107.840,184.290,-0.006,5,5610.005,8005.216
107.850,184.289,0.034,5,5609.967,8006.040
107.860,184.297,-0.006,5,5610.197,8006.864
107.870,184.296,-0.006,5,5610.160,8007.687
107.880,184.294,-0.006,5,5610.122,8008.511
107.890,184.293,-0.006,5,5610.085,8009.335
107.900,184.292,-0.006,5,5610.047,8010.159
107.910,184.291,-0.006,5,5610.009,8010.983
107.920,184.289,0.034,5,5609.972,8011.807
107.930,184.297,-0.006,5,5610.202,8012.631
107.940,184.296,-0.006,5,5610.165,8013.455
107.950,184.295,-0.006,5,5610.127,8014.278
107.960,184.293,-0.006,5,5610.089,8015.102
107.970,184.292,-0.006,5,5610.052,8015.926
107.980,184.291,-0.006,5,5610.014,8016.750
107.990,184.290,0.034,5,5609.977,8017.574
108.000,184.297,-0.006,5,5610.207,8018.398
108.010,184.296,-0.006,5,5610.170,8019.222
108.020,184.295,-0.006,5,5610.132,8020.045
108.030,184.293,-0.006,5,5610.094,8020.869
108.040,184.292,-0.006,5,5610.057,8021.693
108.050,184.291,-0.006,5,5610.019,8022.517
108.060,184.290,0.034,5,5609.982,8023.341
108.070,184.297,-0.006,5,5610.212,8024.165
108.080,184.296,-0.006,5,5610.174,8024.989
108.090,184.295,-0.006,5,5610.137,8025.812
108.100,184.294,-0.006,5,5610.099,8026.636
108.110,184.292,-0.006,5,5610.062,8027.460
108.120,184.291,-0.006,5,5610.024,8028.284
108.130,184.290,0.034,5,5609.986,8029.108
108.140,184.297,-0.006,5,5610.217,8029.932
108.150,184.296,-0.006,5,5610.179,8030.756
108.160,184.295,-0.006,5,5610.142,8031.580
108.170,184.294,-0.006,5,5610.104,8032.403
108.180,184.293,-0.006,5,5610.066,8033.227
108.190,184.291,-0.006,5,5610.029,8034.051
108.200,184.290,0.034,5,5609.991,8034.875
108.210,184.298,-0.006,5,5610.222,8035.699
108.220,184.296,-0.006,5,5610.184,8036.523
108.230,184.295,-0.006,5,5610.146,8037.347
108.240,184.294,-0.006,5,5610.109,8038.170
108.250,184.293,-0.006,5,5610.071,8038.994
108.260,184.291,-0.006,5,5610.034,8039.818
108.270,184.290,0.034,5,5609.996,8040.642
108.280,184.298,-0.006,5,5610.226,8041.466
108.290,184.297,-0.006,5,5610.189,8042.290
108.300,184.295,-0.006,5,5610.151,8043.114
108.310,184.294,-0.006,5,5610.113,8043.938
108.320,184.293,-0.006,5,5610.076,8044.761
108.330,184.292,-0.006,5,5610.038,8045.585
108.340,184.290,-0.006,5,5610.001,8046.409
108.350,184.289,0.034,5,5609.963,8047.233
108.360,184.297,-0.006,5,5610.194,8048.057
108.370,184.295,-0.006,5,5610.156,8048.881
108.380,184.294,-0.006,5,5610.118,8049.705
108.390,184.293,-0.006,5,5610.081,8050.528
108.400,184.292,-0.006,5,5610.043,8051.352
108.410,184.291,-0.006,5,5610.006,8052.176
108.420,184.289,0.034,5,5609.968,8053.000
108.430,184.297,-0.006,5,5610.198,8053.824
108.440,184.296,-0.006,5,5610.161,8054.648
108.450,184.294,-0.006,5,5610.123,8055.472
108.460,184.293,-0.006,5,5610.086,8056.295
108.470,184.292,-0.006,5,5610.048,8057.119
108.480,184.291,-0.006,5,5610.010,8057.943
108.490,184.289,0.034,5,5609.973,8058.767
108.500,184.297,-0.006,5,5610.203,8059.591
108.510,184.296,-0.006,5,5610.166,8060.415
108.520,184.295,-0.006,5,5610.128,8061.239
108.530,184.293,-0.006,5,5610.090,8062.063
108.540,184.292,-0.006,5,5610.053,8062.886
108.550,184.291,-0.006,5,5610.015,8063.710
108.560,184.290,0.034,5,5609.978,8064.534
108.570,184.297,-0.006,5,5610.208,8065.358
108.580,184.296,-0.006,5,5610.171,8066.182
108.590,184.295,-0.006,5,5610.133,8067.006
108.600,184.293,-0.006,5,5610.095,8067.830
108.610,184.292,-0.006,5,5610.058,8068.653
108.620,184.291,-0.006,5,5610.020,8069.477
108.630,184.290,0.034,5,5609.983,8070.301
108.640,184.297,-0.006,5,5610.213,8071.125
108.650,184.296,-0.006,5,5610.175,8071.949
108.660,184.295,-0.006,5,5610.138,8072.773
108.670,184.294,-0.006,5,5610.100,8073.597
108.680,184.292,-0.006,5,5610.063,8074.420
108.690,184.291,-0.006,5,5610.025,8075.244
108.700,184.290,0.034,5,5609.987,8076.068
108.710,184.297,-0.006,5,5610.218,8076.892
108.720,184.296,-0.006,5,5610.180,8077.716
108.730,184.295,-0.006,5,5610.143,8078.540
108.740,184.294,-0.006,5,5610.105,8079.364
108.750,184.293,-0.006,5,5610.067,8080.188
108.760,184.291,-0.006,5,5610.030,8081.011
108.770,184.290,0.034,5,5609.992,8081.835
108.780,184.298,-0.006,5,5610.223,8082.659
108.790,184.296,-0.006,5,5610.185,8083.483
108.800,184.295,-0.006,5,5610.147,8084.307
108.810,184.294,-0.006,5,5610.110,8085.131
108.820,184.293,-0.006,5,5610.072,8085.955
108.830,184.291,-0.006,5,5610.035,8086.778
108.840,184.290,0.034,5,5609.997,8087.602
108.850,184.298,-0.006,5,5610.227,8088.426
108.860,184.297,-0.006,5,5610.190,8089.250
108.870,184.295,-0.006,5,5610.152,8090.074
108.880,184.294,-0.006,5,5610.114,8090.898
108.890,184.293,-0.006,5,5610.077,8091.722
108.900,184.292,-0.006,5,5610.039,8092.546
108.910,184.290,-0.006,5,5610.002,8093.369
108.920,184.289,0.034,5,5609.964,8094.193
108.930,184.297,-0.006,5,5610.195,8095.017
108.940,184.295,-0.006,5,5610.157,8095.841
108.950,184.294,-0.006,5,5610.119,8096.665
108.960,184.293,-0.006,5,5610.082,8097.489
108.970,184.292,-0.006,5,5610.044,8098.313
108.980,184.291,-0.006,5,5610.007,8099.136
108.990,184.289,0.034,5,5609.969,8099.960
109.000,184.297,-0.006,5,5610.199,8100.784
109.010,184.296,-0.006,5,5610.162,8101.608
109.020,184.294,-0.006,5,5610.124,8102.432
109.030,184.293,-0.006,5,5610.087,8103.256
109.040,184.292,-0.006,5,5610.049,8104.080
109.050,184.291,-0.006,5,5610.011,8104.903
109.060,184.289,0.034,5,5609.974,8105.727
109.070,184.297,-0.006,5,5610.204,8106.551
109.080,184.296,-0.006,5,5610.167,8107.375
109.090,184.295,-0.006,5,5610.129,8108.199
109.100,184.293,-0.006,5,5610.091,8109.023
109.110,184.292,-0.006,5,5610.054,8109.847
109.120,184.291,-0.006,5,5610.016,8110.670
109.130,184.290,0.034,5,5609.979,8111.494
109.140,184.297,-0.006,5,5610.209,8112.318
109.150,184.296,-0.006,5,5610.172,8113.142
109.160,184.295,-0.006,5,5610.134,8113.966
109.170,184.293,-0.006,5,5610.096,8114.790
109.180,184.292,-0.006,5,5610.059,8115.614
109.190,184.291,-0.006,5,5610.021,8116.438
109.200,184.290,0.034,5,5609.984,8117.261
109.210,184.297,-0.006,5,5610.214,8118.085
109.220,184.296,-0.006,5,5610.176,8118.909
109.230,184.295,-0.006,5,5610.139,8119.733
109.240,184.294,-0.006,5,5610.101,8120.557
109.250,184.292,-0.006,5,5610.064,8121.381
109.260,184.291,-0.006,5,5610.026,8122.205
109.270,184.290,0.034,5,5609.988,8123.028
109.280,184.298,-0.006,5,5610.219,8123.852
109.290,184.296,-0.006,5,5610.181,8124.676
109.300,184.295,-0.006,5,5610.144,8125.500
109.310,184.294,-0.006,5,5610.106,8126.324
109.320,184.293,-0.006,5,5610.068,8127.148
109.330,184.291,-0.006,5,5610.031,8127.972
109.340,184.290,0.034,5,5609.993,8128.796
109.350,184.298,-0.006,5,5610.224,8129.619
109.360,184.296,-0.006,5,5610.186,8130.443
109.370,184.295,-0.006,5,5610.148,8131.267
109.380,184.294,-0.006,5,5610.111,8132.091
109.390,184.293,-0.006,5,5610.073,8132.915
109.400,184.291,-0.006,5,5610.035,8133.739
109.410,184.290,0.034,5,5609.998,8134.563
109.420,184.298,-0.006,5,5610.228,8135.386
109.430,184.297,-0.006,5,5610.191,8136.210
109.440,184.295,-0.006,5,5610.153,8137.034
109.450,184.294,-0.006,5,5610.115,8137.858
109.460,184.293,-0.006,5,5610.078,8138.682
109.470,184.292,-0.006,5,5610.040,8139.506
109.480,184.290,-0.006,5,5610.003,8140.330
109.490,184.289,0.034,5,5609.965,8141.153
109.500,184.297,-0.006,5,5610.196,8141.977
109.510,184.296,-0.006,5,5610.158,8142.801
109.520,184.294,-0.006,5,5610.120,8143.625
109.530,184.293,-0.006,5,5610.083,8144.449
109.540,184.292,-0.006,5,5610.045,8145.273
109.550,184.291,-0.006,5,5610.008,8146.097
109.560,184.289,0.034,5,5609.970,8146.921
109.570,184.297,-0.006,5,5610.200,8147.744
109.580,184.296,-0.006,5,5610.163,8148.568
109.590,184.294,-0.006,5,5610.125,8149.392
109.600,184.293,-0.006,5,5610.088,8150.216
109.610,184.292,-0.006,5,5610.050,8151.040
109.620,184.291,-0.006,5,5610.012,8151.864
109.630,184.290,0.034,5,5609.975,8152.688
109.640,184.297,-0.006,5,5610.205,8153.511
109.650,184.296,-0.006,5,5610.168,8154.335
109.660,184.295,-0.006,5,5610.130,8155.159
109.670,184.293,-0.006,5,5610.092,8155.983
109.680,184.292,-0.006,5,5610.055,8156.807
109.690,184.291,-0.006,5,5610.017,8157.631
109.700,184.290,0.034,5,5609.980,8158.455
109.710,184.297,-0.006,5,5610.210,8159.278
109.720,184.296,-0.006,5,5610.172,8160.102
109.730,184.295,-0.006,5,5610.135,8160.926
109.740,184.294,-0.006,5,5610.097,8161.750
109.750,184.292,-0.006,5,5610.060,8162.574
109.760,184.291,-0.006,5,5610.022,8163.398
109.770,184.290,0.034,5,5609.985,8164.222
109.780,184.297,-0.006,5,5610.215,8165.046
109.790,184.296,-0.006,5,5610.177,8165.869
109.800,184.295,-0.006,5,5610.140,8166.693
109.810,184.294,-0.006,5,5610.102,8167.517
109.820,184.292,-0.006,5,5610.064,8168.341
109.830,184.291,-0.006,5,5610.027,8169.165
109.840,184.290,0.034,5,5609.989,8169.989
109.850,184.298,-0.006,5,5610.220,8170.813
109.860,184.296,-0.006,5,5610.182,8171.636
109.870,184.295,-0.006,5,5610.144,8172.460
109.880,184.294,-0.006,5,5610.107,8173.284
109.890,184.293,-0.006,5,5610.069,8174.108
109.900,184.291,-0.006,5,5610.032,8174.932
109.910,184.290,0.034,5,5609.994,8175.756
109.920,184.298,-0.006,5,5610.225,8176.580
109.930,184.296,-0.006,5,5610.187,8177.404
109.940,184.295,-0.006,5,5610.149,8178.227
109.950,184.294,-0.006,5,5610.112,8179.051
109.960,184.293,-0.006,5,5610.074,8179.875
109.970,184.292,-0.006,5,5610.036,8180.699
109.980,184.290,0.034,5,5609.999,8181.523
109.990,184.298,-0.006,5,5610.229,8182.347
110.000,184.297,-0.006,5,5610.192,8183.171
110.010,184.295,-0.006,5,5610.154,8183.994
110.020,184.294,-0.006,5,5610.116,8184.818
110.030,184.293,-0.006,5,5610.079,8185.642
110.040,184.292,-0.006,5,5610.041,8186.466
110.050,184.290,-0.006,5,5610.004,8187.290
110.060,184.289,0.034,5,5609.966,8188.114
110.070,184.297,-0.006,5,5610.197,8188.938
110.080,184.296,-0.006,5,5610.159,8189.761
110.090,184.294,-0.006,5,5610.121,8190.585
110.100,184.293,-0.006,5,5610.084,8191.409
110.110,184.292,-0.006,5,5610.046,8192.233
110.120,184.291,-0.006,5,5610.009,8193.057
110.130,184.289,0.034,5,5609.971,8193.881
110.140,184.297,-0.006,5,5610.201,8194.705
110.150,184.296,-0.006,5,5610.164,8195.529
110.160,184.294,-0.006,5,5610.126,8196.352
110.170,184.293,-0.006,5,5610.089,8197.176
110.180,184.292,-0.006,5,5610.051,8198.000
110.190,184.291,-0.006,5,5610.013,8198.824
110.200,184.290,0.034,5,5609.976,8199.648
110.210,184.297,-0.006,5,5610.206,8200.472
110.220,184.296,-0.006,5,5610.169,8201.296
110.230,184.295,-0.006,5,5610.131,8202.119
110.240,184.293,-0.006,5,5610.093,8202.943
110.250,184.292,-0.006,5,5610.056,8203.767
110.260,184.291,-0.006,5,5610.018,8204.591
110.270,184.290,0.034,5,5609.981,8205.415
110.280,184.297,-0.006,5,5610.211,8206.239
110.290,184.296,-0.006,5,5610.173,8207.063
110.300,184.295,-0.006,5,5610.136,8207.886
110.310,184.294,-0.006,5,5610.098,8208.710
110.320,184.292,-0.006,5,5610.061,8209.534
110.330,184.291,-0.006,5,5610.023,8210.358
110.340,184.290,0.034,5,5609.985,8211.182
110.350,184.297,-0.006,5,5610.216,8212.006
110.360,184.296,-0.006,5,5610.178,8212.830
110.370,184.295,-0.006,5,5610.141,8213.654
110.380,184.294,-0.006,5,5610.103,8214.477
110.390,184.292,-0.006,5,5610.065,8215.301
110.400,184.291,-0.006,5,5610.028,8216.125
110.410,184.290,0.034,5,5609.990,8216.949
110.420,184.298,-0.006,5,5610.221,8217.773
110.430,184.296,-0.006,5,5610.183,8218.597
110.440,184.295,-0.006,5,5610.145,8219.421
110.450,184.294,-0.006,5,5610.108,8220.244
110.460,184.293,-0.006,5,5610.070,8221.068
110.470,184.291,-0.006,5,5610.033,8221.892
110.480,184.290,0.034,5,5609.995,8222.716
110.490,184.298,-0.006,5,5610.225,8223.540
110.500,184.296,-0.006,5,5610.188,8224.364
110.510,184.295,-0.006,5,5610.150,8225.188
110.520,184.294,-0.006,5,5610.113,8226.012
110.530,184.293,-0.006,5,5610.075,8226.835
110.540,184.292,-0.006,5,5610.037,8227.659
110.550,184.290,0.034,5,5610.000,8228.483
110.560,184.298,-0.006,5,5610.230,8229.307
110.570,184.297,-0.006,5,5610.193,8230.131
110.580,184.295,-0.006,5,5610.155,8230.955
110.590,184.294,-0.006,5,5610.117,8231.779
110.600,184.293,-0.006,5,5610.080,8232.602
110.610,184.292,-0.006,5,5610.042,8233.426
110.620,184.290,-0.006,5,5610.005,8234.250
110.630,184.289,0.034,5,5609.967,8235.074
110.640,184.297,-0.006,5,5610.197,8235.898
110.650,184.296,-0.006,5,5610.160,8236.722
110.660,184.294,-0.006,5,5610.122,8237.546
110.670,184.293,-0.006,5,5610.085,8238.370
110.680,184.292,-0.006,5,5610.047,8239.193
110.690,184.291,-0.006,5,5610.009,8240.017
110.700,184.289,0.034,5,5609.972,8240.841
110.710,184.297,-0.006,5,5610.202,8241.665
110.720,184.296,-0.006,5,5610.165,8242.489
110.730,184.295,-0.006,5,5610.127,8243.313
110.740,184.293,-0.006,5,5610.089,8244.137
110.750,184.292,-0.006,5,5610.052,8244.960
110.760,184.291,-0.006,5,5610.014,8245.784
110.770,184.290,0.034,5,5609.977,8246.608
110.780,184.297,-0.006,5,5610.207,8247.432
110.790,184.296,-0.006,5,5610.170,8248.256
110.800,184.295,-0.006,5,5610.132,8249.080
110.810,184.293,-0.006,5,5610.094,8249.904
110.820,184.292,-0.006,5,5610.057,8250.727
110.830,184.291,-0.006,5,5610.019,8251.551
110.840,184.290,0.034,5,5609.982,8252.375
110.850,184.297,-0.006,5,5610.212,8253.199
110.860,184.296,-0.006,5,5610.174,8254.023
110.870,184.295,-0.006,5,5610.137,8254.847
110.880,184.294,-0.006,5,5610.099,8255.671
110.890,184.292,-0.006,5,5610.062,8256.495
110.900,184.291,-0.006,5,5610.024,8257.318
110.910,184.290,0.034,5,5609.986,8258.142
110.920,184.297,-0.006,5,5610.217,8258.966
110.930,184.296,-0.006,5,5610.179,8259.790
110.940,184.295,-0.006,5,5610.142,8260.614
110.950,184.294,-0.006,5,5610.104,8261.438
110.960,184.293,-0.006,5,5610.066,8262.262
110.970,184.291,-0.006,5,5610.029,8263.085
110.980,184.290,0.034,5,5609.991,8263.909
110.990,184.298,-0.006,5,5610.222,8264.733
111.000,184.296,-0.006,5,5610.184,8265.557
111.010,184.295,-0.006,5,5610.146,8266.381
111.020,184.294,-0.006,5,5610.109,8267.205
111.030,184.293,-0.006,5,5610.071,8268.029
111.040,184.291,-0.006,5,5610.034,8268.852
111.050,184.290,0.034,5,5609.996,8269.676
111.060,184.298,-0.006,5,5610.226,8270.500
111.070,184.297,-0.006,5,5610.189,8271.324
111.080,184.295,-0.006,5,5610.151,8272.148
111.090,184.294,-0.006,5,5610.113,8272.972
111.100,184.293,-0.006,5,5610.076,8273.796
111.110,184.292,-0.006,5,5610.038,8274.620
111.120,184.290,-0.006,5,5610.001,8275.443
111.130,184.289,0.034,5,5609.963,8276.267
111.140,184.297,-0.006,5,5610.194,8277.091
111.150,184.295,-0.006,5,5610.156,8277.915
111.160,184.294,-0.006,5,5610.118,8278.739
111.170,184.293,-0.006,5,5610.081,8279.563
111.180,184.292,-0.006,5,5610.043,8280.387
111.190,184.291,-0.006,5,5610.006,8281.210
111.200,184.289,0.034,5,5609.968,8282.034
111.210,184.297,-0.006,5,5610.198,8282.858
111.220,184.296,-0.006,5,5610.161,8283.682
111.230,184.294,-0.006,5,5610.123,8284.506
111.240,184.293,-0.006,5,5610.086,8285.330
111.250,184.292,-0.006,5,5610.048,8286.154
111.260,184.291,-0.006,5,5610.010,8286.977
111.270,184.289,0.034,5,5609.973,8287.801
111.280,184.297,-0.006,5,5610.203,8288.625
111.290,184.296,-0.006,5,5610.166,8289.449
111.300,184.295,-0.006,5,5610.128,8290.273
111.310,184.293,-0.006,5,5610.090,8291.097
111.320,184.292,-0.006,5,5610.053,8291.921
111.330,184.291,-0.006,5,5610.015,8292.745
111.340,184.290,0.034,5,5609.978,8293.568
111.350,184.297,-0.006,5,5610.208,8294.392
111.360,184.296,-0.006,5,5610.171,8295.216
111.370,184.295,-0.006,5,5610.133,8296.040
111.380,184.293,-0.006,5,5610.095,8296.864
111.390,184.292,-0.006,5,5610.058,8297.688
111.400,184.291,-0.006,5,5610.020,8298.512
111.410,184.290,0.034,5,5609.983,8299.335
111.420,184.297,-0.006,5,5610.213,8300.159
111.430,184.296,-0.006,5,5610.175,8300.983
111.440,184.295,-0.006,5,5610.138,8301.807
111.450,184.294,-0.006,5,5610.100,8302.631
111.460,184.292,-0.006,5,5610.063,8303.455
111.470,184.291,-0.006,5,5610.025,8304.279
111.480,184.290,0.034,5,5609.987,8305.102
111.490,184.297,-0.006,5,5610.218,8305.926
111.500,184.296,-0.006,5,5610.180,8306.750
111.510,184.295,-0.006,5,5610.143,8307.574
111.520,184.294,-0.006,5,5610.105,8308.398
111.530,184.293,-0.006,5,5610.067,8309.222
111.540,184.291,-0.006,5,5610.030,8310.046
111.550,184.290,0.034,5,5609.992,8310.870
111.560,184.298,-0.006,5,5610.223,8311.693
111.570,184.296,-0.006,5,5610.185,8312.517
111.580,184.295,-0.006,5,5610.147,8313.341
111.590,184.294,-0.006,5,5610.110,8314.165
111.600,184.293,-0.006,5,5610.072,8314.989
111.610,184.291,-0.006,5,5610.035,8315.813
111.620,184.290,0.034,5,5609.997,8316.637
111.630,184.298,-0.006,5,5610.227,8317.460
111.640,184.297,-0.006,5,5610.190,8318.284
111.650,184.295,-0.006,5,5610.152,8319.108
111.660,184.294,-0.006,5,5610.114,8319.932
111.670,184.293,-0.006,5,5610.077,8320.756
111.680,184.292,-0.006,5,5610.039,8321.580
111.690,184.290,-0.006,5,5610.002,8322.404
111.700,184.289,0.034,5,5609.964,8323.228
111.710,184.297,-0.006,5,5610.195,8324.051
111.720,184.295,-0.006,5,5610.157,8324.875
111.730,184.294,-0.006,5,5610.119,8325.699
111.740,184.293,-0.006,5,5610.082,8326.523
111.750,184.292,-0.006,5,5610.044,8327.347
111.760,184.291,-0.006,5,5610.007,8328.171
111.770,184.289,0.034,5,5609.969,8328.995
111.780,184.297,-0.006,5,5610.199,8329.818
111.790,184.296,-0.006,5,5610.162,8330.642
111.800,184.294,-0.006,5,5610.124,8331.466
111.810,184.293,-0.006,5,5610.087,8332.290
111.820,184.292,-0.006,5,5610.049,8333.114
111.830,184.291,-0.006,5,5610.011,8333.938
111.840,184.289,0.034,5,5609.974,8334.762
111.850,184.297,-0.006,5,5610.204,8335.585
111.860,184.296,-0.006,5,5610.167,8336.409
111.870,184.295,-0.006,5,5610.129,8337.233
111.880,184.293,-0.006,5,5610.091,8338.057
111.890,184.292,-0.006,5,5610.054,8338.881
111.900,184.291,-0.006,5,5610.016,8339.705
111.910,184.290,0.034,5,5609.979,8340.529
111.920,184.297,-0.006,5,5610.209,8341.352
111.930,184.296,-0.006,5,5610.172,8342.176
111.940,184.295,-0.006,5,5610.134,8343.000
111.950,184.293,-0.006,5,5610.096,8343.824
111.960,184.292,-0.006,5,5610.059,8344.648
111.970,184.291,-0.006,5,5610.021,8345.472
111.980,184.290,0.034,5,5609.984,8346.296
111.990,184.297,-0.006,5,5610.214,8347.120
112.000,184.296,-0.006,5,5610.176,8347.943
112.010,184.295,-0.006,5,5610.139,8348.767
112.020,184.294,-0.006,5,5610.101,8349.591
112.030,184.292,-0.006,5,5610.064,8350.415
112.040,184.291,-0.006,5,5610.026,8351.239
112.050,184.290,0.034,5,5609.988,8352.063
112.060,184.298,-0.006,5,5610.219,8352.887
112.070,184.296,-0.006,5,5610.181,8353.710
112.080,184.295,-0.006,5,5610.144,8354.534
112.090,184.294,-0.006,5,5610.106,8355.358
112.100,184.293,-0.006,5,5610.068,8356.182
112.110,184.291,-0.006,5,5610.031,8357.006
112.120,184.290,0.034,5,5609.993,8357.830
112.130,184.298,-0.006,5,5610.224,8358.654
112.140,184.296,-0.006,5,5610.186,8359.478
112.150,184.295,-0.006,5,5610.148,8360.301
112.160,184.294,-0.006,5,5610.111,8361.125
112.170,184.293,-0.006,5,5610.073,8361.949
112.180,184.291,-0.006,5,5610.036,8362.773
112.190,184.290,0.034,5,5609.998,8363.597
112.200,184.298,-0.006,5,5610.228,8364.421
112.210,184.297,-0.006,5,5610.191,8365.245
112.220,184.295,-0.006,5,5610.153,8366.068
112.230,184.294,-0.006,5,5610.115,8366.892
112.240,184.293,-0.006,5,5610.078,8367.716
112.250,184.292,-0.006,5,5610.040,8368.540
112.260,184.290,-0.006,5,5610.003,8369.364
112.270,184.289,0.034,5,5609.965,8370.188
112.280,184.297,-0.006,5,5610.196,8371.012
112.290,184.296,-0.006,5,5610.158,8371.836
112.300,184.294,-0.006,5,5610.120,8372.659
112.310,184.293,-0.006,5,5610.083,8373.483
112.320,184.292,-0.006,5,5610.045,8374.307
112.330,184.291,-0.006,5,5610.008,8375.131
112.340,184.289,0.034,5,5609.970,8375.955
112.350,184.297,-0.006,5,5610.200,8376.779
112.360,184.296,-0.006,5,5610.163,8377.603
112.370,184.294,-0.006,5,5610.125,8378.426
112.380,184.293,-0.006,5,5610.088,8379.250
112.390,184.292,-0.006,5,5610.050,8380.074
112.400,184.291,-0.006,5,5610.012,8380.898
112.410,184.290,0.034,5,5609.975,8381.722
112.420,184.297,-0.006,5,5610.205,8382.546
112.430,184.296,-0.006,5,5610.168,8383.370
112.440,184.295,-0.006,5,5610.130,8384.193
112.450,184.293,-0.006,5,5610.092,8385.017
112.460,184.292,-0.006,5,5610.055,8385.841
112.470,184.291,-0.006,5,5610.017,8386.665
112.480,184.290,0.034,5,5609.980,8387.489
112.490,184.297,-0.006,5,5610.210,8388.313
112.500,184.296,-0.006,5,5610.172,8389.137
112.510,184.295,-0.006,5,5610.135,8389.961
112.520,184.294,-0.006,5,5610.097,8390.784
112.530,184.292,-0.006,5,5610.060,8391.608
112.540,184.291,-0.006,5,5610.022,8392.432
112.550,184.290,0.034,5,5609.985,8393.256
112.560,184.297,-0.006,5,5610.215,8394.080
112.570,184.296,-0.006,5,5610.177,8394.904
112.580,184.295,-0.006,5,5610.140,8395.728
112.590,184.294,-0.006,5,5610.102,8396.551
112.600,184.292,-0.006,5,5610.064,8397.375
112.610,184.291,-0.006,5,5610.027,8398.199
112.620,184.290,0.034,5,5609.989,8399.023
112.630,184.298,-0.006,5,5610.220,8399.847
112.640,184.296,-0.006,5,5610.182,8400.671
112.650,184.295,-0.006,5,5610.144,8401.495
112.660,184.294,-0.006,5,5610.107,8402.318
112.670,184.293,-0.006,5,5610.069,8403.142
112.680,184.291,-0.006,5,5610.032,8403.966
112.690,184.290,0.034,5,5609.994,8404.790
112.700,184.298,-0.006,5,5610.225,8405.614
112.710,184.296,-0.006,5,5610.187,8406.438
112.720,184.295,-0.006,5,5610.149,8407.262
112.730,184.294,-0.006,5,5610.112,8408.086
112.740,184.293,-0.006,5,5610.074,8408.909
112.750,184.292,-0.006,5,5610.036,8409.733
112.760,184.290,0.034,5,5609.999,8410.557
112.770,184.298,-0.006,5,5610.229,8411.381
112.780,184.297,-0.006,5,5610.192,8412.205
112.790,184.295,-0.006,5,5610.154,8413.029
112.800,184.294,-0.006,5,5610.116,8413.853
112.810,184.293,-0.006,5,5610.079,8414.676
112.820,184.292,-0.006,5,5610.041,8415.500
112.830,184.290,-0.006,5,5610.004,8416.324
112.840,184.289,0.034,5,5609.966,8417.148
112.850,184.297,-0.006,5,5610.197,8417.972
112.860,184.296,-0.006,5,5610.159,8418.796
112.870,184.294,-0.006,5,5610.121,8419.620
112.880,184.293,-0.006,5,5610.084,8420.444
112.890,184.292,-0.006,5,5610.046,8421.267
112.900,184.291,-0.006,5,5610.009,8422.091
112.910,184.289,0.034,5,5609.971,8422.915
112.920,184.297,-0.006,5,5610.201,8423.739
112.930,184.296,-0.006,5,5610.164,8424.563
112.940,184.294,-0.006,5,5610.126,8425.387
112.950,184.293,-0.006,5,5610.089,8426.211
112.960,184.292,-0.006,5,5610.051,8427.034
112.970,184.291,-0.006,5,5610.013,8427.858
112.980,184.290,0.034,5,5609.976,8428.682
112.990,184.297,-0.006,5,5610.206,8429.506
113.000,184.296,-0.006,5,5610.169,8430.330
113.010,184.295,-0.006,5,5610.131,8431.154
113.020,184.293,-0.006,5,5610.093,8431.978
113.030,184.292,-0.006,5,5610.056,8432.801
113.040,184.291,-0.006,5,5610.018,8433.625
113.050,184.290,0.034,5,5609.981,8434.449
113.060,184.297,-0.006,5,5610.211,8435.273
113.070,184.296,-0.006,5,5610.173,8436.097
113.080,184.295,-0.006,5,5610.136,8436.921
113.090,184.294,-0.006,5,5610.098,8437.745
113.100,184.292,-0.006,5,5610.061,8438.569
113.110,184.291,-0.006,5,5610.023,8439.392
113.120,184.290,0.034,5,5609.985,8440.216
113.130,184.297,-0.006,5,5610.216,8441.040
113.140,184.296,-0.006,5,5610.178,8441.864
113.150,184.295,-0.006,5,5610.141,8442.688
113.160,184.294,-0.006,5,5610.103,8443.512
113.170,184.292,-0.006,5,5610.065,8444.336
113.180,184.291,-0.006,5,5610.028,8445.159
113.190,184.290,0.034,5,5609.990,8445.983
113.200,184.298,-0.006,5,5610.221,8446.807
113.210,184.296,-0.006,5,5610.183,8447.631
113.220,184.295,-0.006,5,5610.145,8448.455
113.230,184.294,-0.006,5,5610.108,8449.279
113.240,184.293,-0.006,5,5610.070,8450.103
113.250,184.291,-0.006,5,5610.033,8450.926
113.260,184.290,0.034,5,5609.995,8451.750
113.270,184.298,-0.006,5,5610.225,8452.574
113.280,184.296,-0.006,5,5610.188,8453.398
113.290,184.295,-0.006,5,5610.150,8454.222
113.300,184.294,-0.006,5,5610.113,8455.046
113.310,184.293,-0.006,5,5610.075,8455.870
113.320,184.292,-0.006,5,5610.037,8456.694
113.330,184.290,0.034,5,5610.000,8457.517
113.340,184.298,-0.006,5,5610.230,8458.341
113.350,184.297,-0.006,5,5610.193,8459.165
113.360,184.295,-0.006,5,5610.155,8459.989
113.370,184.294,-0.006,5,5610.117,8460.813
113.380,184.293,-0.006,5,5610.080,8461.637
113.390,184.292,-0.006,5,5610.042,8462.461
113.400,184.290,-0.006,5,5610.005,8463.284
113.410,184.289,0.034,5,5609.967,8464.108
113.420,184.297,-0.006,5,5610.197,8464.932
113.430,184.296,-0.006,5,5610.160,8465.756
113.440,184.294,-0.006,5,5610.122,8466.580
113.450,184.293,-0.006,5,5610.085,8467.404
113.460,184.292,-0.006,5,5610.047,8468.228
113.470,184.291,-0.006,5,5610.009,8469.052
113.480,184.289,0.034,5,5609.972,8469.875
113.490,184.297,-0.006,5,5610.202,8470.699
113.500,184.296,-0.006,5,5610.165,8471.523
113.510,184.295,-0.006,5,5610.127,8472.347
113.520,184.293,-0.006,5,5610.089,8473.171
113.530,184.292,-0.006,5,5610.052,8473.995
113.540,184.291,-0.006,5,5610.014,8474.819
113.550,184.290,0.034,5,5609.977,8475.642
113.560,184.297,-0.006,5,5610.207,8476.466
113.570,184.296,-0.006,5,5610.170,8477.290
113.580,184.295,-0.006,5,5610.132,8478.114
113.590,184.293,-0.006,5,5610.094,8478.938
113.600,184.292,-0.006,5,5610.057,8479.762
113.610,184.291,-0.006,5,5610.019,8480.586
113.620,184.290,0.034,5,5609.982,8481.409
113.630,184.297,-0.006,5,5610.212,8482.233
113.640,184.296,-0.006,5,5610.174,8483.057
113.650,184.295,-0.006,5,5610.137,8483.881
113.660,184.294,-0.006,5,5610.099,8484.705
113.670,184.292,-0.006,5,5610.062,8485.529
113.680,184.291,-0.006,5,5610.024,8486.353
113.690,184.290,0.034,5,5609.986,8487.176
113.700,184.297,-0.006,5,5610.217,8488.000
113.710,184.296,-0.006,5,5610.179,8488.824
113.720,184.295,-0.006,5,5610.142,8489.648
113.730,184.294,-0.006,5,5610.104,8490.472
113.740,184.293,-0.006,5,5610.066,8491.296
113.750,184.291,-0.006,5,5610.029,8492.120
113.760,184.290,0.034,5,5609.991,8492.944
113.770,184.298,-0.006,5,5610.222,8493.767
113.780,184.296,-0.006,5,5610.184,8494.591
113.790,184.295,-0.006,5,5610.146,8495.415
113.800,184.294,-0.006,5,5610.109,8496.239
113.810,184.293,-0.006,5,5610.071,8497.063
113.820,184.291,-0.006,5,5610.034,8497.887
113.830,184.290,0.034,5,5609.996,8498.711
113.840,184.298,-0.006,5,5610.226,8499.534
113.850,184.297,-0.006,5,5610.189,8500.358
113.860,184.295,-0.006,5,5610.151,8501.182
113.870,184.294,-0.006,5,5610.113,8502.006
113.880,184.293,-0.006,5,5610.076,8502.830
113.890,184.292,-0.006,5,5610.038,8503.654
113.900,184.290,-0.006,5,5610.001,8504.478
113.910,184.289,0.034,5,5609.963,8505.302
113.920,184.297,-0.006,5,5610.194,8506.125
113.930,184.295,-0.006,5,5610.156,8506.949
113.940,184.294,-0.006,5,5610.118,8507.773
113.950,184.293,-0.006,5,5610.081,8508.597
113.960,184.292,-0.006,5,5610.043,8509.421
113.970,184.291,-0.006,5,5610.006,8510.245
113.980,184.289,0.034,5,5609.968,8511.069
113.990,184.297,-0.006,5,5610.198,8511.892
114.000,184.296,-0.006,5,5610.161,8512.716
114.010,184.294,-0.006,5,5610.123,8513.540
114.020,184.293,-0.006,5,5610.086,8514.364
114.030,184.292,-0.006,5,5610.048,8515.188
114.040,184.291,-0.006,5,5610.010,8516.012
114.050,184.289,0.034,5,5609.973,8516.836
114.060,184.297,-0.006,5,5610.203,8517.659
114.070,184.296,-0.006,5,5610.166,8518.483
114.080,184.295,-0.006,5,5610.128,8519.307
114.090,184.293,-0.006,5,5610.090,8520.131
114.100,184.292,-0.006,5,5610.053,8520.955
114.110,184.291,-0.006,5,5610.015,8521.779
114.120,184.290,0.034,5,5609.978,8522.603
114.130,184.297,-0.006,5,5610.208,8523.427
114.140,184.296,-0.006,5,5610.171,8524.250
114.150,184.295,-0.006,5,5610.133,8525.074
114.160,184.293,-0.006,5,5610.095,8525.898
114.170,184.292,-0.006,5,5610.058,8526.722
114.180,184.291,-0.006,5,5610.020,8527.546
114.190,184.290,0.034,5,5609.983,8528.370
114.200,184.297,-0.006,5,5610.213,8529.194
114.210,184.296,-0.006,5,5610.175,8530.017
114.220,184.295,-0.006,5,5610.138,8530.841
114.230,184.294,-0.006,5,5610.100,8531.665
114.240,184.292,-0.006,5,5610.063,8532.489
114.250,184.291,-0.006,5,5610.025,8533.313
114.260,184.290,0.034,5,5609.987,8534.137
114.270,184.297,-0.006,5,5610.218,8534.961
114.280,184.296,-0.006,5,5610.180,8535.784
114.290,184.295,-0.006,5,5610.143,8536.608
114.300,184.294,-0.006,5,5610.105,8537.432
114.310,184.293,-0.006,5,5610.067,8538.256
114.320,184.291,-0.006,5,5610.030,8539.080
114.330,184.290,0.034,5,5609.992,8539.904
114.340,184.298,-0.006,5,5610.223,8540.728
114.350,184.296,-0.006,5,5610.185,8541.552
114.360,184.295,-0.006,5,5610.147,8542.375
114.370,184.294,-0.006,5,5610.110,8543.199
114.380,184.293,-0.006,5,5610.072,8544.023
114.390,184.291,-0.006,5,5610.035,8544.847
114.400,184.290,0.034,5,5609.997,8545.671
114.410,184.298,-0.006,5,5610.227,8546.495
114.420,184.297,-0.006,5,5610.190,8547.319
114.430,184.295,-0.006,5,5610.152,8548.142
114.440,184.294,-0.006,5,5610.114,8548.966
114.450,184.293,-0.006,5,5610.077,8549.790
114.460,184.292,-0.006,5,5610.039,8550.614
114.470,184.290,-0.006,5,5610.002,8551.438
114.480,184.289,0.034,5,5609.964,8552.262
114.490,184.297,-0.006,5,5610.195,8553.086
114.500,184.295,-0.006,5,5610.157,8553.910
114.510,184.294,-0.006,5,5610.119,8554.733
114.520,184.293,-0.006,5,5610.082,8555.557
114.530,184.292,-0.006,5,5610.044,8556.381
114.540,184.291,-0.006,5,5610.007,8557.205
114.550,184.289,0.034,5,5609.969,8558.029
114.560,184.297,-0.006,5,5610.199,8558.853
114.570,184.296,-0.006,5,5610.162,8559.677
114.580,184.294,-0.006,5,5610.124,8560.500
114.590,184.293,-0.006,5,5610.087,8561.324
114.600,184.292,-0.006,5,5610.049,8562.148
114.610,184.291,-0.006,5,5610.011,8562.972
114.620,184.289,0.034,5,5609.974,8563.796
114.630,184.297,-0.006,5,5610.204,8564.620
114.640,184.296,-0.006,5,5610.167,8565.444
114.650,184.295,-0.006,5,5610.129,8566.267
114.660,184.293,-0.006,5,5610.091,8567.091
114.670,184.292,-0.006,5,5610.054,8567.915
114.680,184.291,-0.006,5,5610.016,8568.739
114.690,184.290,0.034,5,5609.979,8569.563
114.700,184.297,-0.006,5,5610.209,8570.387
114.710,184.296,-0.006,5,5610.172,8571.211
114.720,184.295,-0.006,5,5610.134,8572.035
114.730,184.293,-0.006,5,5610.096,8572.858
114.740,184.292,-0.006,5,5610.059,8573.682
114.750,184.291,-0.006,5,5610.021,8574.506
114.760,184.290,0.034,5,5609.984,8575.330
114.770,184.297,-0.006,5,5610.214,8576.154
114.780,184.296,-0.006,5,5610.176,8576.978
114.790,184.295,-0.006,5,5610.139,8577.802
114.800,184.294,-0.006,5,5610.101,8578.625
114.810,184.292,-0.006,5,5610.064,8579.449
114.820,184.291,-0.006,5,5610.026,8580.273
114.830,184.290,0.034,5,5609.988,8581.097
114.840,184.298,-0.006,5,5610.219,8581.921
114.850,184.296,-0.006,5,5610.181,8582.745
114.860,184.295,-0.006,5,5610.144,8583.569
114.870,184.294,-0.006,5,5610.106,8584.392
114.880,184.293,-0.006,5,5610.068,8585.216
114.890,184.291,-0.006,5,5610.031,8586.040
114.900,184.290,0.034,5,5609.993,8586.864
114.910,184.298,-0.006,5,5610.224,8587.688
114.920,184.296,-0.006,5,5610.186,8588.512
114.930,184.295,-0.006,5,5610.148,8589.336
114.940,184.294,-0.006,5,5610.111,8590.160
114.950,184.293,-0.006,5,5610.073,8590.983
114.960,184.291,-0.006,5,5610.036,8591.807
114.970,184.290,0.034,5,5609.998,8592.631
114.980,184.298,-0.006,5,5610.228,8593.455
114.990,184.297,-0.006,5,5610.191,8594.279
115.000,184.295,-0.006,5,5610.153,8595.103
115.010,184.294,-0.006,5,5610.115,8595.927
115.020,184.293,-0.006,5,5610.078,8596.750
115.030,184.292,-0.006,5,5610.040,8597.574
115.040,184.290,-0.006,5,5610.003,8598.398
115.050,184.289,0.034,5,5609.965,8599.222
115.060,184.297,-0.006,5,5610.196,8600.046
115.070,184.296,-0.006,5,5610.158,8600.870
115.080,184.294,-0.006,5,5610.120,8601.694
115.090,184.293,-0.006,5,5610.083,8602.518
115.100,184.292,-0.006,5,5610.045,8603.341
115.110,184.291,-0.006,5,5610.008,8604.165
115.120,184.289,0.034,5,5609.970,8604.989
115.130,184.297,-0.006,5,5610.200,8605.813
115.140,184.296,-0.006,5,5610.163,8606.637
115.150,184.294,-0.006,5,5610.125,8607.461
115.160,184.293,-0.006,5,5610.088,8608.285
115.170,184.292,-0.006,5,5610.050,8609.108
115.180,184.291,-0.006,5,5610.012,8609.932
115.190,184.290,0.034,5,5609.975,8610.756
115.200,184.297,-0.006,5,5610.205,8611.580
115.210,184.296,-0.006,5,5610.168,8612.404
115.220,184.295,-0.006,5,5610.130,8613.228
115.230,184.293,-0.006,5,5610.092,8614.052
115.240,184.292,-0.006,5,5610.055,8614.875
115.250,184.291,-0.006,5,5610.017,8615.699
115.260,184.290,0.034,5,5609.980,8616.523
115.270,184.297,-0.006,5,5610.210,8617.347
115.280,184.296,-0.006,5,5610.172,8618.171
115.290,184.295,-0.006,5,5610.135,8618.995
115.300,184.294,-0.006,5,5610.097,8619.819
115.310,184.292,-0.006,5,5610.060,8620.643
115.320,184.291,-0.006,5,5610.022,8621.466
115.330,184.290,0.034,5,5609.985,8622.290
115.340,184.297,-0.006,5,5610.215,8623.114
115.350,184.296,-0.006,5,5610.177,8623.938
115.360,184.295,-0.006,5,5610.140,8624.762
115.370,184.294,-0.006,5,5610.102,8625.586
115.380,184.292,-0.006,5,5610.064,8626.410
115.390,184.291,-0.006,5,5610.027,8627.233
115.400,184.290,0.034,5,5609.989,8628.057
115.410,184.298,-0.006,5,5610.220,8628.881
115.420,184.296,-0.006,5,5610.182,8629.705
115.430,184.295,-0.006,5,5610.144,8630.529
115.440,184.294,-0.006,5,5610.107,8631.353
115.450,184.293,-0.006,5,5610.069,8632.177
115.460,184.291,-0.006,5,5610.032,8633.000
115.470,184.290,0.034,5,5609.994,8633.824
115.480,184.298,-0.006,5,5610.225,8634.648
115.490,184.296,-0.006,5,5610.187,8635.472
115.500,184.295,-0.006,5,5610.149,8636.296
115.510,184.294,-0.006,5,5610.112,8637.120
115.520,184.293,-0.006,5,5610.074,8637.944
115.530,184.292,-0.006,5,5610.036,8638.768
115.540,184.290,0.034,5,5609.999,8639.591
115.550,184.298,-0.006,5,5610.229,8640.415
115.560,184.297,-0.006,5,5610.192,8641.239
115.570,184.295,-0.006,5,5610.154,8642.063
115.580,184.294,-0.006,5,5610.116,8642.887
115.590,184.293,-0.006,5,5610.079,8643.711
115.600,184.292,-0.006,5,5610.041,8644.535
115.610,184.290,-0.006,5,5610.004,8645.358
115.620,184.289,0.034,5,5609.966,8646.182
115.630,184.297,-0.006,5,5610.197,8647.006
115.640,184.296,-0.006,5,5610.159,8647.830
115.650,184.294,-0.006,5,5610.121,8648.654
115.660,184.293,-0.006,5,5610.084,8649.478
115.670,184.292,-0.006,5,5610.046,8650.302
115.680,184.291,-0.006,5,5610.009,8651.126
115.690,184.289,0.034,5,5609.971,8651.949
115.700,184.297,-0.006,5,5610.201,8652.773
115.710,184.296,-0.006,5,5610.164,8653.597
115.720,184.294,-0.006,5,5610.126,8654.421
115.730,184.293,-0.006,5,5610.089,8655.245
115.740,184.292,-0.006,5,5610.051,8656.069
115.750,184.291,-0.006,5,5610.013,8656.893
115.760,184.290,0.034,5,5609.976,8657.716
115.770,184.297,-0.006,5,5610.206,8658.540
115.780,184.296,-0.006,5,5610.169,8659.364
115.790,184.295,-0.006,5,5610.131,8660.188
115.800,184.293,-0.006,5,5610.093,8661.012
115.810,184.292,-0.006,5,5610.056,8661.836
115.820,184.291,-0.006,5,5610.018,8662.660
115.830,184.290,0.034,5,5609.981,8663.483
115.840,184.297,-0.006,5,5610.211,8664.307
115.850,184.296,-0.006,5,5610.173,8665.131
115.860,184.295,-0.006,5,5610.136,8665.955
115.870,184.294,-0.006,5,5610.098,8666.779
115.880,184.292,-0.006,5,5610.061,8667.603
115.890,184.291,-0.006,5,5610.023,8668.427
115.900,184.290,0.034,5,5609.985,8669.250
115.910,184.297,-0.006,5,5610.216,8670.074
115.920,184.296,-0.006,5,5610.178,8670.898
115.930,184.295,-0.006,5,5610.141,8671.722
115.940,184.294,-0.006,5,5610.103,8672.546
115.950,184.292,-0.006,5,5610.065,8673.370
115.960,184.291,-0.006,5,5610.028,8674.194
115.970,184.290,0.034,5,5609.990,8675.018
115.980,184.298,-0.006,5,5610.221,8675.841
115.990,184.296,-0.006,5,5610.183,8676.665
116.000,184.295,-0.006,5,5610.145,8677.489
116.010,184.294,-0.006,5,5610.108,8678.313
116.020,184.293,-0.006,5,5610.070,8679.137
116.030,184.291,-0.006,5,5610.033,8679.961
116.040,184.290,0.034,5,5609.995,8680.785
116.050,184.298,-0.006,5,5610.225,8681.608
116.060,184.296,-0.006,5,5610.188,8682.432
116.070,184.295,-0.006,5,5610.150,8683.256
116.080,184.294,-0.006,5,5610.113,8684.080
116.090,184.293,-0.006,5,5610.075,8684.904
116.100,184.292,-0.006,5,5610.037,8685.728
116.110,184.290,0.034,5,5610.000,8686.552
116.120,184.298,-0.006,5,5610.230,8687.376
116.130,184.297,-0.006,5,5610.193,8688.199
116.140,184.295,-0.006,5,5610.155,8689.023
116.150,184.294,-0.006,5,5610.117,8689.847
116.160,184.293,-0.006,5,5610.080,8690.671
116.170,184.292,-0.006,5,5610.042,8691.495
116.180,184.290,-0.006,5,5610.005,8692.319
116.190,184.289,0.034,5,5609.967,8693.143
116.200,184.297,-0.006,5,5610.197,8693.966
116.210,184.296,-0.006,5,5610.160,8694.790
116.220,184.294,-0.006,5,5610.122,8695.614
116.230,184.293,-0.006,5,5610.085,8696.438
116.240,184.292,-0.006,5,5610.047,8697.262
116.250,184.291,-0.006,5,5610.009,8698.086
116.260,184.289,0.034,5,5609.972,8698.910
116.270,184.297,-0.006,5,5610.202,8699.734
116.280,184.296,-0.006,5,5610.165,8700.557
116.290,184.295,-0.006,5,5610.127,8701.381
116.300,184.293,-0.006,5,5610.089,8702.205
116.310,184.292,-0.006,5,5610.052,8703.029
116.320,184.291,-0.006,5,5610.014,8703.853
116.330,184.290,0.034,5,5609.977,8704.677
116.340,184.297,-0.006,5,5610.207,8705.501
116.350,184.296,-0.006,5,5610.170,8706.324
116.360,184.295,-0.006,5,5610.132,8707.148
116.370,184.293,-0.006,5,5610.094,8707.972
116.380,184.292,-0.006,5,5610.057,8708.796
116.390,184.291,-0.006,5,5610.019,8709.620
116.400,184.290,0.034,5,5609.982,8710.444
116.410,184.297,-0.006,5,5610.212,8711.268
116.420,184.296,-0.006,5,5610.174,8712.091
116.430,184.295,-0.006,5,5610.137,8712.915
116.440,184.294,-0.006,5,5610.099,8713.739
116.450,184.292,-0.006,5,5610.062,8714.563
116.460,184.291,-0.006,5,5610.024,8715.387
116.470,184.290,0.034,5,5609.986,8716.211
116.480,184.297,-0.006,5,5610.217,8717.035
116.490,184.296,-0.006,5,5610.179,8717.859
116.500,184.295,-0.006,5,5610.142,8718.682
116.510,184.294,-0.006,5,5610.104,8719.506
116.520,184.293,-0.006,5,5610.066,8720.330
116.530,184.291,-0.006,5,5610.029,8721.154
116.540,184.290,0.034,5,5609.991,8721.978
116.550,184.298,-0.006,5,5610.222,8722.802
116.560,184.296,-0.006,5,5610.184,8723.626
116.570,184.295,-0.006,5,5610.146,8724.449
116.580,184.294,-0.006,5,5610.109,8725.273
116.590,184.293,-0.006,5,5610.071,8726.097
116.600,184.291,-0.006,5,5610.034,8726.921
116.610,184.290,0.034,5,5609.996,8727.745
116.620,184.298,-0.006,5,5610.226,8728.569
116.630,184.297,-0.006,5,5610.189,8729.393
116.640,184.295,-0.006,5,5610.151,8730.217
116.650,184.294,-0.006,5,5610.113,8731.040
116.660,184.293,-0.006,5,5610.076,8731.864
116.670,184.292,-0.006,5,5610.038,8732.688
116.680,184.290,-0.006,5,5610.001,8733.512
116.690,184.289,0.034,5,5609.963,8734.336
116.700,184.297,-0.006,5,5610.194,8735.160
116.710,184.295,-0.006,5,5610.156,8735.984
116.720,184.294,-0.006,5,5610.118,8736.807
116.730,184.293,-0.006,5,5610.081,8737.631
116.740,184.292,-0.006,5,5610.043,8738.455
116.750,184.291,-0.006,5,5610.006,8739.279
116.760,184.289,0.034,5,5609.968,8740.103
116.770,184.297,-0.006,5,5610.198,8740.927
116.780,184.296,-0.006,5,5610.161,8741.751
116.790,184.294,-0.006,5,5610.123,8742.574
116.800,184.293,-0.006,5,5610.086,8743.398
116.810,184.292,-0.006,5,5610.048,8744.222
116.820,184.291,-0.006,5,5610.010,8745.046
116.830,184.289,0.034,5,5609.973,8745.870
116.840,184.297,-0.006,5,5610.203,8746.694
116.850,184.296,-0.006,5,5610.166,8747.518
116.860,184.295,-0.006,5,5610.128,8748.342
116.870,184.293,-0.006,5,5610.090,8749.165
116.880,184.292,-0.006,5,5610.053,8749.989
116.890,184.291,-0.006,5,5610.015,8750.813
116.900,184.290,0.034,5,5609.978,8751.637
116.910,184.297,-0.006,5,5610.208,8752.461
116.920,184.296,-0.006,5,5610.171,8753.285
116.930,184.295,-0.006,5,5610.133,8754.109
116.940,184.293,-0.006,5,5610.095,8754.932
116.950,184.292,-0.006,5,5610.058,8755.756
116.960,184.291,-0.006,5,5610.020,8756.580
116.970,184.290,0.034,5,5609.983,8757.404
116.980,184.297,-0.006,5,5610.213,8758.228
116.990,184.296,-0.006,5,5610.175,8759.052
117.000,184.295,-0.006,5,5610.138,8759.876
117.010,184.294,-0.006,5,5610.100,8760.699
117.020,184.292,-0.006,5,5610.063,8761.523
117.030,184.291,-0.006,5,5610.025,8762.347
117.040,184.290,0.034,5,5609.987,8763.171
117.050,184.297,-0.006,5,5610.218,8763.995
117.060,184.296,-0.006,5,5610.180,8764.819
117.070,184.295,-0.006,5,5610.143,8765.643
117.080,184.294,-0.006,5,5610.105,8766.467
117.090,184.293,-0.006,5,5610.067,8767.290
117.100,184.291,-0.006,5,5610.030,8768.114
117.110,184.290,0.034,5,5609.992,8768.938
117.120,184.298,-0.006,5,5610.223,8769.762
117.130,184.296,-0.006,5,5610.185,8770.586
117.140,184.295,-0.006,5,5610.147,8771.410
117.150,184.294,-0.006,5,5610.110,8772.234
117.160,184.293,-0.006,5,5610.072,8773.057
117.170,184.291,-0.006,5,5610.035,8773.881
117.180,184.290,0.034,5,5609.997,8774.705
117.190,184.298,-0.006,5,5610.227,8775.529
117.200,184.297,-0.006,5,5610.190,8776.353
117.210,184.295,-0.006,5,5610.152,8777.177
117.220,184.294,-0.006,5,5610.114,8778.001
117.230,184.293,-0.006,5,5610.077,8778.825
117.240,184.292,-0.006,5,5610.039,8779.648
117.250,184.290,-0.006,5,5610.002,8780.472
117.260,184.289,0.034,5,5609.964,8781.296
117.270,184.297,-0.006,5,5610.195,8782.120
117.280,184.295,-0.006,5,5610.157,8782.944
117.290,184.294,-0.006,5,5610.119,8783.768
117.300,184.293,-0.006,5,5610.082,8784.592
117.310,184.292,-0.006,5,5610.044,8785.415
117.320,184.291,-0.006,5,5610.007,8786.239
117.330,184.289,0.034,5,5609.969,8787.063
117.340,184.297,-0.006,5,5610.199,8787.887
117.350,184.296,-0.006,5,5610.162,8788.711
117.360,184.294,-0.006,5,5610.124,8789.535
117.370,184.293,-0.006,5,5610.087,8790.359
117.380,184.292,-0.006,5,5610.049,8791.182
117.390,184.291,-0.006,5,5610.011,8792.006
117.400,184.289,0.034,5,5609.974,8792.830
117.410,184.297,-0.006,5,5610.204,8793.654
117.420,184.296,-0.006,5,5610.167,8794.478
117.430,184.295,-0.006,5,5610.129,8795.302
117.440,184.293,-0.006,5,5610.091,8796.126
117.450,184.292,-0.006,5,5610.054,8796.949
117.460,184.291,-0.006,5,5610.016,8797.773
117.470,184.290,0.034,5,5609.979,8798.597
117.480,184.297,-0.006,5,5610.209,8799.421
117.490,184.296,-0.006,5,5610.172,8800.245
117.500,184.295,-0.006,5,5610.134,8801.069
117.510,184.293,-0.006,5,5610.096,8801.893
117.520,184.292,-0.006,5,5610.059,8802.717
117.530,184.291,-0.006,5,5610.021,8803.540
117.540,184.290,0.034,5,5609.984,8804.364
117.550,184.297,-0.006,5,5610.214,8805.188
117.560,184.296,-0.006,5,5610.176,8806.012
117.570,184.295,-0.006,5,5610.139,8806.836
117.580,184.294,-0.006,5,5610.101,8807.660
117.590,184.292,-0.006,5,5610.064,8808.484
117.600,184.291,-0.006,5,5610.026,8809.307
117.610,184.290,0.034,5,5609.988,8810.131
117.620,184.298,-0.006,5,5610.219,8810.955
117.630,184.296,-0.006,5,5610.181,8811.779
117.640,184.295,-0.006,5,5610.144,8812.603
117.650,184.294,-0.006,5,5610.106,8813.427
117.660,184.293,-0.006,5,5610.068,8814.251
117.670,184.291,-0.006,5,5610.031,8815.075
117.680,184.290,0.034,5,5609.993,8815.898
117.690,184.298,-0.006,5,5610.224,8816.722
117.700,184.296,-0.006,5,5610.186,8817.546
117.710,184.295,-0.006,5,5610.148,8818.370
117.720,184.294,-0.006,5,5610.111,8819.194
117.730,184.293,-0.006,5,5610.073,8820.018
117.740,184.291,-0.006,5,5610.036,8820.842
117.750,184.290,0.034,5,5609.998,8821.665
117.760,184.298,-0.006,5,5610.228,8822.489
117.770,184.297,-0.006,5,5610.191,8823.313
117.780,184.295,-0.006,5,5610.153,8824.137
117.790,184.294,-0.006,5,5610.115,8824.961
117.800,184.293,-0.006,5,5610.078,8825.785
117.810,184.292,-0.006,5,5610.040,8826.609
117.820,184.290,-0.006,5,5610.003,8827.432
117.830,184.289,0.034,5,5609.965,8828.256
117.840,184.297,-0.006,5,5610.196,8829.080
117.850,184.296,-0.006,5,5610.158,8829.904
117.860,184.294,-0.006,5,5610.120,8830.728
117.870,184.293,-0.006,5,5610.083,8831.552
117.880,184.292,-0.006,5,5610.045,8832.376
117.890,184.291,-0.006,5,5610.008,8833.200
117.900,184.289,0.034,5,5609.970,8834.023
117.910,184.297,-0.006,5,5610.200,8834.847
117.920,184.296,-0.006,5,5610.163,8835.671
117.930,184.294,-0.006,5,5610.125,8836.495
117.940,184.293,-0.006,5,5610.088,8837.319
117.950,184.292,-0.006,5,5610.050,8838.143
117.960,184.291,-0.006,5,5610.012,8838.967
117.970,184.290,0.034,5,5609.975,8839.790
117.980,184.297,-0.006,5,5610.205,8840.614
117.990,184.296,-0.006,5,5610.168,8841.438
118.000,184.295,-0.006,5,5610.130,8842.262
118.010,184.293,-0.006,5,5610.092,8843.086
118.020,184.292,-0.006,5,5610.055,8843.910
118.030,184.291,-0.006,5,5610.017,8844.734
118.040,184.290,0.034,5,5609.980,8845.557
118.050,184.297,-0.006,5,5610.210,8846.381
118.060,184.296,-0.006,5,5610.173,8847.205
118.070,184.295,-0.006,5,5610.135,8848.029
118.080,184.294,-0.006,5,5610.097,8848.853
118.090,184.292,-0.006,5,5610.060,8849.677
118.100,184.291,-0.006,5,5610.022,8850.501
118.110,184.290,0.034,5,5609.985,8851.325
118.120,184.297,-0.006,5,5610.215,8852.148
118.130,184.296,-0.006,5,5610.177,8852.972
118.140,184.295,-0.006,5,5610.140,8853.796
118.150,184.294,-0.006,5,5610.102,8854.620
118.160,184.292,-0.006,5,5610.064,8855.444
118.170,184.291,-0.006,5,5610.027,8856.268
118.180,184.290,0.034,5,5609.989,8857.092
118.190,184.298,-0.006,5,5610.220,8857.915
118.200,184.296,-0.006,5,5610.182,8858.739
118.210,184.295,-0.006,5,5610.144,8859.563
118.220,184.294,-0.006,5,5610.107,8860.387
118.230,184.293,-0.006,5,5610.069,8861.211
118.240,184.291,-0.006,5,5610.032,8862.035
118.250,184.290,0.034,5,5609.994,8862.859
118.260,184.298,-0.006,5,5610.225,8863.682
118.270,184.296,-0.006,5,5610.187,8864.506
118.280,184.295,-0.006,5,5610.149,8865.330
118.290,184.294,-0.006,5,5610.112,8866.154
118.300,184.293,-0.006,5,5610.074,8866.978
118.310,184.292,-0.006,5,5610.036,8867.802
118.320,184.290,0.034,5,5609.999,8868.626
118.330,184.298,-0.006,5,5610.229,8869.450
118.340,184.297,-0.006,5,5610.192,8870.273
118.350,184.295,-0.006,5,5610.154,8871.097
118.360,184.294,-0.006,5,5610.116,8871.921
118.370,184.293,-0.006,5,5610.079,8872.745
118.380,184.292,-0.006,5,5610.041,8873.569
118.390,184.290,-0.006,5,5610.004,8874.393
118.400,184.289,0.034,5,5609.966,8875.217
118.410,184.297,-0.006,5,5610.197,8876.040
118.420,184.296,-0.006,5,5610.159,8876.864
118.430,184.294,-0.006,5,5610.121,8877.688
118.440,184.293,-0.006,5,5610.084,8878.512
118.450,184.292,-0.006,5,5610.046,8879.336
118.460,184.291,-0.006,5,5610.009,8880.160
118.470,184.289,0.034,5,5609.971,8880.984
118.480,184.297,-0.006,5,5610.201,8881.808
118.490,184.296,-0.006,5,5610.164,8882.631
118.500,184.294,-0.006,5,5610.126,8883.455
118.510,184.293,-0.006,5,5610.089,8884.279
118.520,184.292,-0.006,5,5610.051,8885.103
118.530,184.291,-0.006,5,5610.013,8885.927
118.540,184.290,0.034,5,5609.976,8886.751
118.550,184.297,-0.006,5,5610.206,8887.575
118.560,184.296,-0.006,5,5610.169,8888.398
118.570,184.295,-0.006,5,5610.131,8889.222
118.580,184.293,-0.006,5,5610.093,8890.046
118.590,184.292,-0.006,5,5610.056,8890.870
118.600,184.291,-0.006,5,5610.018,8891.694
118.610,184.290,0.034,5,5609.981,8892.518
118.620,184.297,-0.006,5,5610.211,8893.342
118.630,184.296,-0.006,5,5610.173,8894.165
118.640,184.295,-0.006,5,5610.136,8894.989
118.650,184.294,-0.006,5,5610.098,8895.813
118.660,184.292,-0.006,5,5610.061,8896.637
118.670,184.291,-0.006,5,5610.023,8897.461
118.680,184.290,0.034,5,5609.985,8898.285
118.690,184.297,-0.006,5,5610.216,8899.109
118.700,184.296,-0.006,5,5610.178,8899.933
118.710,184.295,-0.006,5,5610.141,8900.756
118.720,184.294,-0.006,5,5610.103,8901.580
118.730,184.292,-0.006,5,5610.065,8902.404
118.740,184.291,-0.006,5,5610.028,8903.228
118.750,184.290,0.034,5,5609.990,8904.052
118.760,184.298,-0.006,5,5610.221,8904.876
118.770,184.296,-0.006,5,5610.183,8905.700
118.780,184.295,-0.006,5,5610.145,8906.523
118.790,184.294,-0.006,5,5610.108,8907.347
118.800,184.293,-0.006,5,5610.070,8908.171
118.810,184.291,-0.006,5,5610.033,8908.995
118.820,184.290,0.034,5,5609.995,8909.819
118.830,184.298,-0.006,5,5610.225,8910.643
118.840,184.296,-0.006,5,5610.188,8911.467
118.850,184.295,-0.006,5,5610.150,8912.291
118.860,184.294,-0.006,5,5610.113,8913.114
118.870,184.293,-0.006,5,5610.075,8913.938
118.880,184.292,-0.006,5,5610.037,8914.762
118.890,184.290,0.034,5,5610.000,8915.586
118.900,184.298,-0.006,5,5610.230,8916.410
118.910,184.297,-0.006,5,5610.193,8917.234
118.920,184.295,-0.006,5,5610.155,8918.058
118.930,184.294,-0.006,5,5610.117,8918.881
118.940,184.293,-0.006,5,5610.080,8919.705
118.950,184.292,-0.006,5,5610.042,8920.529
118.960,184.290,-0.006,5,5610.005,8921.353
118.970,184.289,0.034,5,5609.967,8922.177
118.980,184.297,-0.006,5,5610.197,8923.001
118.990,184.296,-0.006,5,5610.160,8923.825
119.000,184.294,-0.006,5,5610.122,8924.648
119.010,184.293,-0.006,5,5610.085,8925.472
119.020,184.292,-0.006,5,5610.047,8926.296
119.030,184.291,-0.006,5,5610.009,8927.120
119.040,184.289,0.034,5,5609.972,8927.944
119.050,184.297,-0.006,5,5610.202,8928.768
119.060,184.296,-0.006,5,5610.165,8929.592
119.070,184.295,-0.006,5,5610.127,8930.416
119.080,184.293,-0.006,5,5610.089,8931.239
119.090,184.292,-0.006,5,5610.052,8932.063
119.100,184.291,-0.006,5,5610.014,8932.887
119.110,184.290,0.034,5,5609.977,8933.711
119.120,184.297,-0.006,5,5610.207,8934.535
119.130,184.296,-0.006,5,5610.170,8935.359
119.140,184.295,-0.006,5,5610.132,8936.183
119.150,184.293,-0.006,5,5610.094,8937.006
119.160,184.292,-0.006,5,5610.057,8937.830
119.170,184.291,-0.006,5,5610.019,8938.654
119.180,184.290,0.034,5,5609.982,8939.478
119.190,184.297,-0.006,5,5610.212,8940.302
119.200,184.296,-0.006,5,5610.174,8941.126
119.210,184.295,-0.006,5,5610.137,8941.950
119.220,184.294,-0.006,5,5610.099,8942.773
119.230,184.292,-0.006,5,5610.062,8943.597
119.240,184.291,-0.006,5,5610.024,8944.421
119.250,184.290,0.034,5,5609.986,8945.245
119.260,184.297,-0.006,5,5610.217,8946.069
119.270,184.296,-0.006,5,5610.179,8946.893
119.280,184.295,-0.006,5,5610.142,8947.717
119.290,184.294,-0.006,5,5610.104,8948.541
119.300,184.293,-0.006,5,5610.066,8949.364
119.310,184.291,-0.006,5,5610.029,8950.188
119.320,184.290,0.034,5,5609.991,8951.012
119.330,184.298,-0.006,5,5610.222,8951.836
119.340,184.296,-0.006,5,5610.184,8952.660
119.350,184.295,-0.006,5,5610.146,8953.484
119.360,184.294,-0.006,5,5610.109,8954.308
119.370,184.293,-0.006,5,5610.071,8955.131
119.380,184.291,-0.006,5,5610.034,8955.955
119.390,184.290,0.034,5,5609.996,8956.779
119.400,184.298,-0.006,5,5610.226,8957.603
119.410,184.297,-0.006,5,5610.189,8958.427
119.420,184.295,-0.006,5,5610.151,8959.251
119.430,184.294,-0.006,5,5610.113,8960.075
119.440,184.293,-0.006,5,5610.076,8960.899
119.450,184.292,-0.006,5,5610.038,8961.722
119.460,184.290,-0.006,5,5610.001,8962.546
119.470,184.289,0.034,5,5609.963,8963.370
119.480,184.297,-0.006,5,5610.194,8964.194
119.490,184.295,-0.006,5,5610.156,8965.018
119.500,184.294,-0.006,5,5610.118,8965.842
119.510,184.293,-0.006,5,5610.081,8966.666
119.520,184.292,-0.006,5,5610.043,8967.489
119.530,184.291,-0.006,5,5610.006,8968.313
119.540,184.289,0.034,5,5609.968,8969.137
119.550,184.297,-0.006,5,5610.198,8969.961
119.560,184.296,-0.006,5,5610.161,8970.785
119.570,184.294,-0.006,5,5610.123,8971.609
119.580,184.293,-0.006,5,5610.086,8972.433
119.590,184.292,-0.006,5,5610.048,8973.256
119.600,184.291,-0.006,5,5610.010,8974.080
119.610,184.289,0.034,5,5609.973,8974.904
119.620,184.297,-0.006,5,5610.203,8975.728
119.630,184.296,-0.006,5,5610.166,8976.552
119.640,184.295,-0.006,5,5610.128,8977.376
119.650,184.293,-0.006,5,5610.090,8978.200
119.660,184.292,-0.006,5,5610.053,8979.024
119.670,184.291,-0.006,5,5610.015,8979.847
119.680,184.290,0.034,5,5609.978,8980.671
119.690,184.297,-0.006,5,5610.208,8981.495
119.700,184.296,-0.006,5,5610.171,8982.319
119.710,184.295,-0.006,5,5610.133,8983.143
119.720,184.293,-0.006,5,5610.095,8983.967
119.730,184.292,-0.006,5,5610.058,8984.791
119.740,184.291,-0.006,5,5610.020,8985.614
119.750,184.290,0.034,5,5609.983,8986.438
119.760,184.297,-0.006,5,5610.213,8987.262
119.770,184.296,-0.006,5,5610.175,8988.086
119.780,184.295,-0.006,5,5610.138,8988.910
119.790,184.294,-0.006,5,5610.100,8989.734
119.800,184.292,-0.006,5,5610.063,8990.558
119.810,184.291,-0.006,5,5610.025,8991.381
119.820,184.290,0.034,5,5609.987,8992.205
119.830,184.297,-0.006,5,5610.218,8993.029
119.840,184.296,-0.006,5,5610.180,8993.853
119.850,184.295,-0.006,5,5610.143,8994.677
119.860,184.294,-0.006,5,5610.105,8995.501
119.870,184.293,-0.006,5,5610.067,8996.325
119.880,184.291,-0.006,5,5610.030,8997.149
119.890,184.290,0.034,5,5609.992,8997.972
119.900,184.298,-0.006,5,5610.223,8998.796
119.910,184.296,-0.006,5,5610.185,8999.620
119.920,184.295,-0.006,5,5610.147,9000.444
119.930,184.294,-0.006,5,5610.110,9001.268
119.940,184.293,-0.006,5,5610.072,9002.092
119.950,184.291,-0.006,5,5610.035,9002.916
119.960,184.290,0.034,5,5609.997,9003.739
119.970,184.298,-0.006,5,5610.227,9004.563
119.980,184.297,-0.006,5,5610.190,9005.387
119.990,184.295,-0.006,5,5610.152,9006.211
120.000,184.294,-0.006,5,5610.114,9007.035
120.010,184.293,-0.006,5,5610.077,9007.859
120.020,184.292,-0.006,5,5610.039,9008.683
120.030,184.290,-0.006,5,5610.002,9009.507
120.040,184.289,0.034,5,5609.964,9010.330
120.050,184.297,-0.006,5,5610.195,9011.154
120.060,184.295,-0.006,5,5610.157,9011.978
120.070,184.294,-0.006,5,5610.119,9012.802
120.080,184.293,-0.006,5,5610.082,9013.626
120.090,184.292,-0.006,5,5610.044,9014.450
120.100,184.291,-0.006,5,5610.007,9015.274
120.110,184.289,0.034,5,5609.969,9016.097
120.120,184.297,-0.006,5,5610.199,9016.921
120.130,184.296,-0.006,5,5610.162,9017.745
120.140,184.294,-0.006,5,5610.124,9018.569
120.150,184.293,-0.006,5,5610.087,9019.393
120.160,184.292,-0.006,5,5610.049,9020.217
120.170,184.291,-0.006,5,5610.011,9021.041
120.180,184.289,0.034,5,5609.974,9021.864
120.190,184.297,-0.006,5,5610.204,9022.688
120.200,184.296,-0.006,5,5610.167,9023.512
120.210,184.295,-0.006,5,5610.129,9024.336
120.220,184.293,-0.006,5,5610.091,9025.160
120.230,184.292,-0.006,5,5610.054,9025.984
120.240,184.291,-0.006,5,5610.016,9026.808
120.250,184.290,0.034,5,5609.979,9027.631
120.260,184.297,-0.006,5,5610.209,9028.455
120.270,184.296,-0.006,5,5610.172,9029.279
120.280,184.295,-0.006,5,5610.134,9030.103
120.290,184.293,-0.006,5,5610.096,9030.927
120.300,184.292,-0.006,5,5610.059,9031.751
120.310,184.291,-0.006,5,5610.021,9032.575
120.320,184.290,0.034,5,5609.984,9033.399
120.330,184.297,-0.006,5,5610.214,9034.222
120.340,184.296,-0.006,5,5610.176,9035.046
120.350,184.295,-0.006,5,5610.139,9035.870
120.360,184.294,-0.006,5,5610.101,9036.694
120.370,184.292,-0.006,5,5610.064,9037.518
120.380,184.291,-0.006,5,5610.026,9038.342
120.390,184.290,0.034,5,5609.988,9039.166
120.400,184.298,-0.006,5,5610.219,9039.989
120.410,184.296,-0.006,5,5610.181,9040.813
120.420,184.295,-0.006,5,5610.144,9041.637
120.430,184.294,-0.006,5,5610.106,9042.461
120.440,184.293,-0.006,5,5610.068,9043.285
120.450,184.291,-0.006,5,5610.031,9044.109
120.460,184.290,0.034,5,5609.993,9044.933
120.470,184.298,-0.006,5,5610.224,9045.757
120.480,184.296,-0.006,5,5610.186,9046.580
120.490,184.295,-0.006,5,5610.148,9047.404
120.500,184.294,-0.006,5,5610.111,9048.228
120.510,184.293,-0.006,5,5610.073,9049.052
120.520,184.291,-0.006,5,5610.036,9049.876
120.530,184.290,0.034,5,5609.998,9050.700
120.540,184.298,-0.006,5,5610.228,9051.524
120.550,184.297,-0.006,5,5610.191,9052.347
120.560,184.295,-0.006,5,5610.153,9053.171
120.570,184.294,-0.006,5,5610.115,9053.995
120.580,184.293,-0.006,5,5610.078,9054.819
120.590,184.292,-0.006,5,5610.040,9055.643
120.600,184.290,-0.006,5,5610.003,9056.467
120.610,184.289,0.034,5,5609.965,9057.291
120.620,184.297,-0.006,5,5610.196,9058.114
120.630,184.296,-0.006,5,5610.158,9058.938
120.640,184.294,-0.006,5,5610.120,9059.762
120.650,184.293,-0.006,5,5610.083,9060.586
120.660,184.292,-0.006,5,5610.045,9061.410
120.670,184.291,-0.006,5,5610.008,9062.234
120.680,184.289,0.034,5,5609.970,9063.058
120.690,184.297,-0.006,5,5610.200,9063.882
120.700,184.296,-0.006,5,5610.163,9064.705
120.710,184.294,-0.006,5,5610.125,9065.529
120.720,184.293,-0.006,5,5610.088,9066.353
120.730,184.292,-0.006,5,5610.050,9067.177
120.740,184.291,-0.006,5,5610.012,9068.001
120.750,184.290,0.034,5,5609.975,9068.825
120.760,184.297,-0.006,5,5610.205,9069.649
120.770,184.296,-0.006,5,5610.168,9070.472
120.780,184.295,-0.006,5,5610.130,9071.296
120.790,184.293,-0.006,5,5610.092,9072.120
120.800,184.292,-0.006,5,5610.055,9072.944
120.810,184.291,-0.006,5,5610.017,9073.768
120.820,184.290,0.034,5,5609.980,9074.592
120.830,184.297,-0.006,5,5610.210,9075.416
120.840,184.296,-0.006,5,5610.173,9076.239
120.850,184.295,-0.006,5,5610.135,9077.063
120.860,184.294,-0.006,5,5610.097,9077.887
120.870,184.292,-0.006,5,5610.060,9078.711
120.880,184.291,-0.006,5,5610.022,9079.535
120.890,184.290,0.034,5,5609.985,9080.359
120.900,184.297,-0.006,5,5610.215,9081.183
120.910,184.296,-0.006,5,5610.177,9082.007
120.920,184.295,-0.006,5,5610.140,9082.830
120.930,184.294,-0.006,5,5610.102,9083.654
120.940,184.292,-0.006,5,5610.064,9084.478
120.950,184.291,-0.006,5,5610.027,9085.302
120.960,184.290,0.034,5,5609.989,9086.126
120.970,184.298,-0.006,5,5610.220,9086.950
120.980,184.296,-0.006,5,5610.182,9087.774
120.990,184.295,-0.006,5,5610.144,9088.597
121.000,184.294,-0.006,5,5610.107,9089.421
121.010,184.293,-0.006,5,5610.069,9090.245
121.020,184.291,-0.006,5,5610.032,9091.069
121.030,184.290,0.034,5,5609.994,9091.893
121.040,184.298,-0.006,5,5610.225,9092.717
121.050,184.296,-0.006,5,5610.187,9093.541
121.060,184.295,-0.006,5,5610.149,9094.365
121.070,184.294,-0.006,5,5610.112,9095.188
121.080,184.293,-0.006,5,5610.074,9096.012
121.090,184.292,-0.006,5,5610.036,9096.836
121.100,184.290,0.034,5,5609.999,9097.660
121.110,184.298,-0.006,5,5610.229,9098.484
121.120,184.297,-0.006,5,5610.192,9099.308
121.130,184.295,-0.006,5,5610.154,9100.132
121.140,184.294,-0.006,5,5610.116,9100.955
121.150,184.293,-0.006,5,5610.079,9101.779
121.160,184.292,-0.006,5,5610.041,9102.603
121.170,184.290,-0.006,5,5610.004,9103.427
121.180,184.289,0.034,5,5609.966,9104.251
121.190,184.297,-0.006,5,5610.197,9105.075
121.200,184.296,-0.006,5,5610.159,9105.899
121.210,184.294,-0.006,5,5610.121,9106.722
121.220,184.293,-0.006,5,5610.084,9107.546
121.230,184.292,-0.006,5,5610.046,9108.370
121.240,184.291,-0.006,5,5610.009,9109.194
121.250,184.289,0.034,5,5609.971,9110.018
121.260,184.297,-0.006,5,5610.201,9110.842
121.270,184.296,-0.006,5,5610.164,9111.666
121.280,184.294,-0.006,5,5610.126,9112.490
121.290,184.293,-0.006,5,5610.089,9113.313
121.300,184.292,-0.006,5,5610.051,9114.137
121.310,184.291,-0.006,5,5610.013,9114.961
121.320,184.290,0.034,5,5609.976,9115.785
121.330,184.297,-0.006,5,5610.206,9116.609
121.340,184.296,-0.006,5,5610.169,9117.433
121.350,184.295,-0.006,5,5610.131,9118.257
121.360,184.293,-0.006,5,5610.093,9119.080
121.370,184.292,-0.006,5,5610.056,9119.904
121.380,184.291,-0.006,5,5610.018,9120.728
121.390,184.290,0.034,5,5609.981,9121.552
121.400,184.297,-0.006,5,5610.211,9122.376
121.410,184.296,-0.006,5,5610.173,9123.200
121.420,184.295,-0.006,5,5610.136,9124.024
121.430,184.294,-0.006,5,5610.098,9124.847
121.440,184.292,-0.006,5,5610.061,9125.671
121.450,184.291,-0.006,5,5610.023,9126.495
121.460,184.290,0.034,5,5609.985,9127.319
121.470,184.297,-0.006,5,5610.216,9128.143
121.480,184.296,-0.006,5,5610.178,9128.967
121.490,184.295,-0.006,5,5610.141,9129.791
121.500,184.294,-0.006,5,5610.103,9130.615
121.510,184.292,-0.006,5,5610.065,9131.438
121.520,184.291,-0.006,5,5610.028,9132.262
121.530,184.290,0.034,5,5609.990,9133.086
121.540,184.298,-0.006,5,5610.221,9133.910
121.550,184.296,-0.006,5,5610.183,9134.734
121.560,184.295,-0.006,5,5610.145,9135.558
121.570,184.294,-0.006,5,5610.108,9136.382
121.580,184.293,-0.006,5,5610.070,9137.205
121.590,184.291,-0.006,5,5610.033,9138.029
121.600,184.290,0.034,5,5609.995,9138.853
121.610,184.298,-0.006,5,5610.225,9139.677
121.620,184.296,-0.006,5,5610.188,9140.501
121.630,184.295,-0.006,5,5610.150,9141.325
121.640,184.294,-0.006,5,5610.113,9142.149
121.650,184.293,-0.006,5,5610.075,9142.973
121.660,184.292,-0.006,5,5610.037,9143.796
121.670,184.290,0.034,5,5610.000,9144.620
121.680,184.298,-0.006,5,5610.230,9145.444
121.690,184.297,-0.006,5,5610.193,9146.268
121.700,184.295,-0.006,5,5610.155,9147.092
121.710,184.294,-0.006,5,5610.117,9147.916
121.720,184.293,-0.006,5,5610.080,9148.740
121.730,184.292,-0.006,5,5610.042,9149.563
121.740,184.290,-0.006,5,5610.005,9150.387
121.750,184.289,0.034,5,5609.967,9151.211
121.760,184.297,-0.006,5,5610.197,9152.035
121.770,184.296,-0.006,5,5610.160,9152.859
121.780,184.294,-0.006,5,5610.122,9153.683
121.790,184.293,-0.006,5,5610.085,9154.507
121.800,184.292,-0.006,5,5610.047,9155.331
121.810,184.291,-0.006,5,5610.009,9156.154
121.820,184.289,0.034,5,5609.972,9156.978
121.830,184.297,-0.006,5,5610.202,9157.802
121.840,184.296,-0.006,5,5610.165,9158.626
121.850,184.295,-0.006,5,5610.127,9159.450
121.860,184.293,-0.006,5,5610.089,9160.274
121.870,184.292,-0.006,5,5610.052,9161.098
121.880,184.291,-0.006,5,5610.014,9161.921
121.890,184.290,0.034,5,5609.977,9162.745
121.900,184.297,-0.006,5,5610.207,9163.569
121.910,184.296,-0.006,5,5610.170,9164.393
121.920,184.295,-0.006,5,5610.132,9165.217
121.930,184.293,-0.006,5,5610.094,9166.041
121.940,184.292,-0.006,5,5610.057,9166.865
121.950,184.291,-0.006,5,5610.019,9167.688
121.960,184.290,0.034,5,5609.982,9168.512
121.970,184.297,-0.006,5,5610.212,9169.336
121.980,184.296,-0.006,5,5610.174,9170.160
121.990,184.295,-0.006,5,5610.137,9170.984
122.000,184.294,-0.006,5,5610.099,9171.808
122.010,184.292,-0.006,5,5610.062,9172.632
122.020,184.291,-0.006,5,5610.024,9173.455
122.030,184.290,0.034,5,5609.986,9174.279
122.040,184.297,-0.006,5,5610.217,9175.103
122.050,184.296,-0.006,5,5610.179,9175.927
122.060,184.295,-0.006,5,5610.142,9176.751
122.070,184.294,-0.006,5,5610.104,9177.575
122.080,184.293,-0.006,5,5610.066,9178.399
122.090,184.291,-0.006,5,5610.029,9179.223
122.100,184.290,0.034,5,5609.991,9180.046
122.110,184.298,-0.006,5,5610.222,9180.870
122.120,184.296,-0.006,5,5610.184,9181.694
122.130,184.295,-0.006,5,5610.146,9182.518
122.140,184.294,-0.006,5,5610.109,9183.342
122.150,184.293,-0.006,5,5610.071,9184.166
122.160,184.291,-0.006,5,5610.034,9184.990
122.170,184.290,0.034,5,5609.996,9185.813
122.180,184.298,-0.006,5,5610.226,9186.637
122.190,184.297,-0.006,5,5610.189,9187.461
122.200,184.295,-0.006,5,5610.151,9188.285
122.210,184.294,-0.006,5,5610.113,9189.109
122.220,184.293,-0.006,5,5610.076,9189.933
122.230,184.292,-0.006,5,5610.038,9190.757
122.240,184.290,-0.006,5,5610.001,9191.581
122.250,184.289,0.034,5,5609.963,9192.404
122.260,184.297,-0.006,5,5610.194,9193.228
122.270,184.295,-0.006,5,5610.156,9194.052
122.280,184.294,-0.006,5,5610.118,9194.876
122.290,184.293,-0.006,5,5610.081,9195.700
122.300,184.292,-0.006,5,5610.043,9196.524
122.310,184.291,-0.006,5,5610.006,9197.348
122.320,184.289,0.034,5,5609.968,9198.171
122.330,184.297,-0.006,5,5610.199,9198.995
122.340,184.296,-0.006,5,5610.161,9199.819
122.350,184.294,-0.006,5,5610.123,9200.643
122.360,184.293,-0.006,5,5610.086,9201.467
122.370,184.292,-0.006,5,5610.048,9202.291
122.380,184.291,-0.006,5,5610.010,9203.115
122.390,184.289,0.034,5,5609.973,9203.938
122.400,184.297,-0.006,5,5610.203,9204.762
122.410,184.296,-0.006,5,5610.166,9205.586
122.420,184.295,-0.006,5,5610.128,9206.410
122.430,184.293,-0.006,5,5610.090,9207.234
122.440,184.292,-0.006,5,5610.053,9208.058
122.450,184.291,-0.006,5,5610.015,9208.882
122.460,184.290,0.034,5,5609.978,9209.705
122.470,184.297,-0.006,5,5610.208,9210.529
122.480,184.296,-0.006,5,5610.171,9211.353
122.490,184.295,-0.006,5,5610.133,9212.177
122.500,184.293,-0.006,5,5610.095,9213.001
122.510,184.292,-0.006,5,5610.058,9213.825
122.520,184.291,-0.006,5,5610.020,9214.649
122.530,184.290,0.034,5,5609.983,9215.473
122.540,184.297,-0.006,5,5610.213,9216.296
122.550,184.296,-0.006,5,5610.175,9217.120
122.560,184.295,-0.006,5,5610.138,9217.944
122.570,184.294,-0.006,5,5610.100,9218.768
122.580,184.292,-0.006,5,5610.063,9219.592
122.590,184.291,-0.006,5,5610.025,9220.416
122.600,184.290,0.034,5,5609.987,9221.240
122.610,184.297,-0.006,5,5610.218,9222.063
122.620,184.296,-0.006,5,5610.180,9222.887
122.630,184.295,-0.006,5,5610.143,9223.711
122.640,184.294,-0.006,5,5610.105,9224.535
122.650,184.293,-0.006,5,5610.067,9225.359
122.660,184.291,-0.006,5,5610.030,9226.183
122.670,184.290,0.034,5,5609.992,9227.007
122.680,184.298,-0.006,5,5610.223,9227.831
122.690,184.296,-0.006,5,5610.185,9228.654
122.700,184.295,-0.006,5,5610.147,9229.478
122.710,184.294,-0.006,5,5610.110,9230.302
122.720,184.293,-0.006,5,5610.072,9231.126
122.730,184.291,-0.006,5,5610.035,9231.950
122.740,184.290,0.034,5,5609.997,9232.774
122.750,184.298,-0.006,5,5610.227,9233.598
122.760,184.297,-0.006,5,5610.190,9234.421
122.770,184.295,-0.006,5,5610.152,9235.245
122.780,184.294,-0.006,5,5610.114,9236.069
122.790,184.293,-0.006,5,5610.077,9236.893
122.800,184.292,-0.006,5,5610.039,9237.717
122.810,184.290,-0.006,5,5610.002,9238.541
122.820,184.289,0.034,5,5609.964,9239.365
122.830,184.297,-0.006,5,5610.195,9240.188
122.840,184.295,-0.006,5,5610.157,9241.012
122.850,184.294,-0.006,5,5610.119,9241.836
122.860,184.293,-0.006,5,5610.082,9242.660
122.870,184.292,-0.006,5,5610.044,9243.484
122.880,184.291,-0.006,5,5610.007,9244.308
122.890,184.289,0.034,5,5609.969,9245.132
122.900,184.297,-0.006,5,5610.199,9245.956
122.910,184.296,-0.006,5,5610.162,9246.779
122.920,184.294,-0.006,5,5610.124,9247.603
122.930,184.293,-0.006,5,5610.087,9248.427
122.940,184.292,-0.006,5,5610.049,9249.251
122.950,184.291,-0.006,5,5610.011,9250.075
122.960,184.289,0.034,5,5609.974,9250.899
122.970,184.297,-0.006,5,5610.204,9251.723
122.980,184.296,-0.006,5,5610.167,9252.546
122.990,184.295,-0.006,5,5610.129,9253.370
123.000,184.293,-0.006,5,5610.091,9254.194
123.010,184.292,-0.006,5,5610.054,9255.018
123.020,184.291,-0.006,5,5610.016,9255.842
123.030,184.290,0.034,5,5609.979,9256.666
123.040,184.297,-0.006,5,5610.209,9257.490
123.050,184.296,-0.006,5,5610.172,9258.313
123.060,184.295,-0.006,5,5610.134,9259.137
123.070,184.293,-0.006,5,5610.096,9259.961
123.080,184.292,-0.006,5,5610.059,9260.785
123.090,184.291,-0.006,5,5610.021,9261.609
123.100,184.290,0.034,5,5609.984,9262.433
123.110,184.297,-0.006,5,5610.214,9263.257
123.120,184.296,-0.006,5,5610.176,9264.081
123.130,184.295,-0.006,5,5610.139,9264.904
123.140,184.294,-0.006,5,5610.101,9265.728
123.150,184.292,-0.006,5,5610.064,9266.552
123.160,184.291,-0.006,5,5610.026,9267.376
123.170,184.290,0.034,5,5609.988,9268.200
123.180,184.298,-0.006,5,5610.219,9269.024
123.190,184.296,-0.006,5,5610.181,9269.848
123.200,184.295,-0.006,5,5610.144,9270.671
123.210,184.294,-0.006,5,5610.106,9271.495
123.220,184.293,-0.006,5,5610.068,9272.319
123.230,184.291,-0.006,5,5610.031,9273.143
123.240,184.290,0.034,5,5609.993,9273.967
123.250,184.298,-0.006,5,5610.224,9274.791
123.260,184.296,-0.006,5,5610.186,9275.615
123.270,184.295,-0.006,5,5610.148,9276.439
123.280,184.294,-0.006,5,5610.111,9277.262
123.290,184.293,-0.006,5,5610.073,9278.086
123.300,184.291,-0.006,5,5610.036,9278.910
123.310,184.290,0.034,5,5609.998,9279.734
123.320,184.298,-0.006,5,5610.228,9280.558
123.330,184.297,-0.006,5,5610.191,9281.382
123.340,184.295,-0.006,5,5610.153,9282.206
123.350,184.294,-0.006,5,5610.115,9283.029
123.360,184.293,-0.006,5,5610.078,9283.853
123.370,184.292,-0.006,5,5610.040,9284.677
123.380,184.290,-0.006,5,5610.003,9285.501
123.390,184.289,0.034,5,5609.965,9286.325
123.400,184.297,-0.006,5,5610.196,9287.149
123.410,184.296,-0.006,5,5610.158,9287.973
123.420,184.294,-0.006,5,5610.120,9288.797
123.430,184.293,-0.006,5,5610.083,9289.620
123.440,184.292,-0.006,5,5610.045,9290.444
123.450,184.291,-0.006,5,5610.008,9291.268
123.460,184.289,0.034,5,5609.970,9292.092
123.470,184.297,-0.006,5,5610.200,9292.916
123.480,184.296,-0.006,5,5610.163,9293.740
123.490,184.294,-0.006,5,5610.125,9294.564
123.500,184.293,-0.006,5,5610.088,9295.387
123.510,184.292,-0.006,5,5610.050,9296.211
123.520,184.291,-0.006,5,5610.012,9297.035
123.530,184.290,0.034,5,5609.975,9297.859
123.540,184.297,-0.006,5,5610.205,9298.683
123.550,184.296,-0.006,5,5610.168,9299.507
123.560,184.295,-0.006,5,5610.130,9300.331
123.570,184.293,-0.006,5,5610.092,9301.154
123.580,184.292,-0.006,5,5610.055,9301.978
123.590,184.291,-0.006,5,5610.017,9302.802
123.600,184.290,0.034,5,5609.980,9303.626
123.610,184.297,-0.006,5,5610.210,9304.450
123.620,184.296,-0.006,5,5610.173,9305.274
123.630,184.295,-0.006,5,5610.135,9306.098
123.640,184.294,-0.006,5,5610.097,9306.922
123.650,184.292,-0.006,5,5610.060,9307.745
123.660,184.291,-0.006,5,5610.022,9308.569
123.670,184.290,0.034,5,5609.985,9309.393
123.680,184.297,-0.006,5,5610.215,9310.217
123.690,184.296,-0.006,5,5610.177,9311.041
123.700,184.295,-0.006,5,5610.140,9311.865
123.710,184.294,-0.006,5,5610.102,9312.689
123.720,184.292,-0.006,5,5610.064,9313.512
123.730,184.291,-0.006,5,5610.027,9314.336
123.740,184.290,0.034,5,5609.989,9315.160
123.750,184.298,-0.006,5,5610.220,9315.984
123.760,184.296,-0.006,5,5610.182,9316.808
123.770,184.295,-0.006,5,5610.144,9317.632
123.780,184.294,-0.006,5,5610.107,9318.456
123.790,184.293,-0.006,5,5610.069,9319.279
123.800,184.291,-0.006,5,5610.032,9320.103
123.810,184.290,0.034,5,5609.994,9320.927
123.820,184.298,-0.006,5,5610.225,9321.751
123.830,184.296,-0.006,5,5610.187,9322.575
123.840,184.295,-0.006,5,5610.149,9323.399
123.850,184.294,-0.006,5,5610.112,9324.223
123.860,184.293,-0.006,5,5610.074,9325.047
123.870,184.292,-0.006,5,5610.036,9325.870
123.880,184.290,0.034,5,5609.999,9326.694
123.890,184.298,-0.006,5,5610.229,9327.518
123.900,184.297,-0.006,5,5610.192,9328.342
123.910,184.295,-0.006,5,5610.154,9329.166
123.920,184.294,-0.006,5,5610.116,9329.990
123.930,184.293,-0.006,5,5610.079,9330.814
123.940,184.292,-0.006,5,5610.041,9331.637
123.950,184.290,-0.006,5,5610.004,9332.461
123.960,184.289,0.034,5,5609.966,9333.285
123.970,184.297,-0.006,5,5610.197,9334.109
123.980,184.296,-0.006,5,5610.159,9334.933
123.990,184.294,-0.006,5,5610.121,9335.757
124.000,184.293,-0.006,5,5610.084,9336.581
124.010,184.292,-0.006,5,5610.046,9337.405
124.020,184.291,-0.006,5,5610.009,9338.228
124.030,184.289,0.034,5,5609.971,9339.052
124.040,184.297,-0.006,5,5610.201,9339.876
124.050,184.296,-0.006,5,5610.164,9340.700
124.060,184.294,-0.006,5,5610.126,9341.524
124.070,184.293,-0.006,5,5610.089,9342.348
124.080,184.292,-0.006,5,5610.051,9343.172
124.090,184.291,-0.006,5,5610.013,9343.995
124.100,184.290,0.034,5,5609.976,9344.819
124.110,184.297,-0.006,5,5610.206,9345.643
124.120,184.296,-0.006,5,5610.169,9346.467
124.130,184.295,-0.006,5,5610.131,9347.291
124.140,184.293,-0.006,5,5610.093,9348.115
124.150,184.292,-0.006,5,5610.056,9348.939
124.160,184.291,-0.006,5,5610.018,9349.762
124.170,184.290,0.034,5,5609.981,9350.586
124.180,184.297,-0.006,5,5610.211,9351.410
124.190,184.296,-0.006,5,5610.173,9352.234
124.200,184.295,-0.006,5,5610.136,9353.058
124.210,184.294,-0.006,5,5610.098,9353.882
124.220,184.292,-0.006,5,5610.061,9354.706
124.230,184.291,-0.006,5,5610.023,9355.529
124.240,184.290,0.034,5,5609.985,9356.353
124.250,184.297,-0.006,5,5610.216,9357.177
124.260,184.296,-0.006,5,5610.178,9358.001
124.270,184.295,-0.006,5,5610.141,9358.825
124.280,184.294,-0.006,5,5610.103,9359.649
124.290,184.292,-0.006,5,5610.065,9360.473
124.300,184.291,-0.006,5,5610.028,9361.297
124.310,184.290,0.034,5,5609.990,9362.120
124.320,184.298,-0.006,5,5610.221,9362.944
124.330,184.296,-0.006,5,5610.183,9363.768
124.340,184.295,-0.006,5,5610.145,9364.592
124.350,184.294,-0.006,5,5610.108,9365.416
124.360,184.293,-0.006,5,5610.070,9366.240
124.370,184.291,-0.006,5,5610.033,9367.064
124.380,184.290,0.034,5,5609.995,9367.887
124.390,184.298,-0.006,5,5610.225,9368.711
124.400,184.296,-0.006,5,5610.188,9369.535
124.410,184.295,-0.006,5,5610.150,9370.359
124.420,184.294,-0.006,5,5610.113,9371.183
124.430,184.293,-0.006,5,5610.075,9372.007
124.440,184.292,-0.006,5,5610.037,9372.831
124.450,184.290,0.034,5,5610.000,9373.655
124.460,184.298,-0.006,5,5610.230,9374.478
124.470,184.297,-0.006,5,5610.193,9375.302
124.480,184.295,-0.006,5,5610.155,9376.126
124.490,184.294,-0.006,5,5610.117,9376.950
124.500,184.293,-0.006,5,5610.080,9377.774
124.510,184.292,-0.006,5,5610.042,9378.598
124.520,184.290,-0.006,5,5610.005,9379.422
124.530,184.289,0.034,5,5609.967,9380.245
124.540,184.297,-0.006,5,5610.197,9381.069
124.550,184.296,-0.006,5,5610.160,9381.893
124.560,184.294,-0.006,5,5610.122,9382.717
124.570,184.293,-0.006,5,5610.085,9383.541
124.580,184.292,-0.006,5,5610.047,9384.365
124.590,184.291,-0.006,5,5610.009,9385.189
124.600,184.289,0.034,5,5609.972,9386.012
124.610,184.297,-0.006,5,5610.202,9386.836
124.620,184.296,-0.006,5,5610.165,9387.660
124.630,184.295,-0.006,5,5610.127,9388.484
124.640,184.293,-0.006,5,5610.089,9389.308
124.650,184.292,-0.006,5,5610.052,9390.132
124.660,184.291,-0.006,5,5610.014,9390.956
124.670,184.290,0.034,5,5609.977,9391.780
124.680,184.297,-0.006,5,5610.207,9392.603
124.690,184.296,-0.006,5,5610.170,9393.427
124.700,184.295,-0.006,5,5610.132,9394.251
124.710,184.293,-0.006,5,5610.094,9395.075
124.720,184.292,-0.006,5,5610.057,9395.899
124.730,184.291,-0.006,5,5610.019,9396.723
124.740,184.290,0.034,5,5609.982,9397.547
124.750,184.297,-0.006,5,5610.212,9398.370
124.760,184.296,-0.006,5,5610.174,9399.194
124.770,184.295,-0.006,5,5610.137,9400.018
124.780,184.294,-0.006,5,5610.099,9400.842
124.790,184.292,-0.006,5,5610.062,9401.666
124.800,184.291,-0.006,5,5610.024,9402.490
124.810,184.290,0.034,5,5609.986,9403.314
124.820,184.297,-0.006,5,5610.217,9404.137
124.830,184.296,-0.006,5,5610.179,9404.961
124.840,184.295,-0.006,5,5610.142,9405.785
124.850,184.294,-0.006,5,5610.104,9406.609
124.860,184.293,-0.006,5,5610.066,9407.433
124.870,184.291,-0.006,5,5610.029,9408.257
124.880,184.290,0.034,5,5609.991,9409.081
124.890,184.298,-0.006,5,5610.222,9409.905
124.900,184.296,-0.006,5,5610.184,9410.728
124.910,184.295,-0.006,5,5610.146,9411.552
124.920,184.294,-0.006,5,5610.109,9412.376
124.930,184.293,-0.006,5,5610.071,9413.200
124.940,184.291,-0.006,5,5610.034,9414.024
124.950,184.290,0.034,5,5609.996,9414.848
124.960,184.298,-0.006,5,5610.226,9415.672
124.970,184.297,-0.006,5,5610.189,9416.495
124.980,184.295,-0.006,5,5610.151,9417.319
124.990,184.294,-0.006,5,5610.113,9418.143
125.000,184.293,-0.006,5,5610.076,9418.967
125.010,184.292,-0.006,5,5610.038,9419.791
125.020,184.290,-0.006,5,5610.001,9420.615
125.030,184.289,0.034,5,5609.963,9421.439
125.040,184.297,-0.006,5,5610.194,9422.263
125.050,184.295,-0.006,5,5610.156,9423.086
125.060,184.294,-0.006,5,5610.118,9423.910
125.070,184.293,-0.006,5,5610.081,9424.734
125.080,184.292,-0.006,5,5610.043,9425.558
125.090,184.291,-0.006,5,5610.006,9426.382
125.100,184.289,0.034,5,5609.968,9427.206
125.110,184.297,-0.006,5,5610.199,9428.030
125.120,184.296,-0.006,5,5610.161,9428.853
125.130,184.294,-0.006,5,5610.123,9429.677
125.140,184.293,-0.006,5,5610.086,9430.501
125.150,184.292,-0.006,5,5610.048,9431.325
125.160,184.291,-0.006,5,5610.010,9432.149
125.170,184.289,0.034,5,5609.973,9432.973
125.180,184.297,-0.006,5,5610.203,9433.797
125.190,184.296,-0.006,5,5610.166,9434.620
125.200,184.295,-0.006,5,5610.128,9435.444
125.210,184.293,-0.006,5,5610.090,9436.268
125.220,184.292,-0.006,5,5610.053,9437.092
125.230,184.291,-0.006,5,5610.015,9437.916
125.240,184.290,0.034,5,5609.978,9438.740
125.250,184.297,-0.006,5,5610.208,9439.564
125.260,184.296,-0.006,5,5610.171,9440.388
125.270,184.295,-0.006,5,5610.133,9441.211
125.280,184.293,-0.006,5,5610.095,9442.035
125.290,184.292,-0.006,5,5610.058,9442.859
125.300,184.291,-0.006,5,5610.020,9443.683
125.310,184.290,0.034,5,5609.983,9444.507
125.320,184.297,-0.006,5,5610.213,9445.331
125.330,184.296,-0.006,5,5610.175,9446.155
125.340,184.295,-0.006,5,5610.138,9446.978
125.350,184.294,-0.006,5,5610.100,9447.802
125.360,184.292,-0.006,5,5610.063,9448.626
125.370,184.291,-0.006,5,5610.025,9449.450
125.380,184.290,0.034,5,5609.987,9450.274
125.390,184.297,-0.006,5,5610.218,9451.098
125.400,184.296,-0.006,5,5610.180,9451.922
125.410,184.295,-0.006,5,5610.143,9452.745
125.420,184.294,-0.006,5,5610.105,9453.569
125.430,184.293,-0.006,5,5610.067,9454.393
125.440,184.291,-0.006,5,5610.030,9455.217
125.450,184.290,0.034,5,5609.992,9456.041
125.460,184.298,-0.006,5,5610.223,9456.865
125.470,184.296,-0.006,5,5610.185,9457.689
125.480,184.295,-0.006,5,5610.147,9458.513
125.490,184.294,-0.006,5,5610.110,9459.336
125.500,184.293,-0.006,5,5610.072,9460.160
125.510,184.291,-0.006,5,5610.035,9460.984
125.520,184.290,0.034,5,5609.997,9461.808
125.530,184.298,-0.006,5,5610.227,9462.632
125.540,184.297,-0.006,5,5610.190,9463.456
125.550,184.295,-0.006,5,5610.152,9464.280
125.560,184.294,-0.006,5,5610.114,9465.103
125.570,184.293,-0.006,5,5610.077,9465.927
125.580,184.292,-0.006,5,5610.039,9466.751
125.590,184.290,-0.006,5,5610.002,9467.575
125.600,184.289,0.034,5,5609.964,9468.399
125.610,184.297,-0.006,5,5610.195,9469.223
125.620,184.295,-0.006,5,5610.157,9470.047
125.630,184.294,-0.006,5,5610.119,9470.871
125.640,184.293,-0.006,5,5610.082,9471.694
125.650,184.292,-0.006,5,5610.044,9472.518
125.660,184.291,-0.006,5,5610.007,9473.342
125.670,184.289,0.034,5,5609.969,9474.166
125.680,184.297,-0.006,5,5610.200,9474.990
125.690,184.296,-0.006,5,5610.162,9475.814
125.700,184.294,-0.006,5,5610.124,9476.638
125.710,184.293,-0.006,5,5610.087,9477.461
125.720,184.292,-0.006,5,5610.049,9478.285
125.730,184.291,-0.006,5,5610.011,9479.109
125.740,184.289,0.034,5,5609.974,9479.933
125.750,184.297,-0.006,5,5610.204,9480.757
125.760,184.296,-0.006,5,5610.167,9481.581
125.770,184.295,-0.006,5,5610.129,9482.405
125.780,184.293,-0.006,5,5610.091,9483.228
125.790,184.292,-0.006,5,5610.054,9484.052
125.800,184.291,-0.006,5,5610.016,9484.876
125.810,184.290,0.034,5,5609.979,9485.700
125.820,184.297,-0.006,5,5610.209,9486.524
125.830,184.296,-0.006,5,5610.172,9487.348
125.840,184.295,-0.006,5,5610.134,9488.172
125.850,184.293,-0.006,5,5610.096,9488.996
125.860,184.292,-0.006,5,5610.059,9489.819
125.870,184.291,-0.006,5,5610.021,9490.643
125.880,184.290,0.034,5,5609.984,9491.467
125.890,184.297,-0.006,5,5610.214,9492.291
125.900,184.296,-0.006,5,5610.176,9493.115
125.910,184.295,-0.006,5,5610.139,9493.939
125.920,184.294,-0.006,5,5610.101,9494.763
125.930,184.292,-0.006,5,5610.064,9495.586
125.940,184.291,-0.006,5,5610.026,9496.410
125.950,184.290,0.034,5,5609.988,9497.234
125.960,184.298,-0.006,5,5610.219,9498.058
125.970,184.296,-0.006,5,5610.181,9498.882
125.980,184.295,-0.006,5,5610.144,9499.706
125.990,184.294,-0.006,5,5610.106,9500.530
126.000,184.293,-0.006,5,5610.068,9501.353
126.010,184.291,-0.006,5,5610.031,9502.177
126.020,184.290,0.034,5,5609.993,9503.001
126.030,184.298,-0.006,5,5610.224,9503.825
126.040,184.296,-0.006,5,5610.186,9504.649
126.050,184.295,-0.006,5,5610.148,9505.473
126.060,184.294,-0.006,5,5610.111,9506.297
126.070,184.293,-0.006,5,5610.073,9507.121
126.080,184.291,-0.006,5,5610.036,9507.944
126.090,184.290,0.034,5,5609.998,9508.768
126.100,184.298,-0.006,5,5610.228,9509.592
126.110,184.297,-0.006,5,5610.191,9510.416
126.120,184.295,-0.006,5,5610.153,9511.240
126.130,184.294,-0.006,5,5610.115,9512.064
126.140,184.293,-0.006,5,5610.078,9512.888
126.150,184.292,-0.006,5,5610.040,9513.711
126.160,184.290,-0.006,5,5610.003,9514.535
126.170,184.289,0.034,5,5609.965,9515.359
126.180,184.297,-0.006,5,5610.196,9516.183
126.190,184.296,-0.006,5,5610.158,9517.007
126.200,184.294,-0.006,5,5610.120,9517.831
126.210,184.293,-0.006,5,5610.083,9518.655
126.220,184.292,-0.006,5,5610.045,9519.479
126.230,184.291,-0.006,5,5610.008,9520.302
126.240,184.289,0.034,5,5609.970,9521.126
126.250,184.297,-0.006,5,5610.200,9521.950
126.260,184.296,-0.006,5,5610.163,9522.774
126.270,184.294,-0.006,5,5610.125,9523.598
126.280,184.293,-0.006,5,5610.088,9524.422
126.290,184.292,-0.006,5,5610.050,9525.246
126.300,184.291,-0.006,5,5610.012,9526.069
126.310,184.290,0.034,5,5609.975,9526.893
126.320,184.297,-0.006,5,5610.205,9527.717
126.330,184.296,-0.006,5,5610.168,9528.541
126.340,184.295,-0.006,5,5610.130,9529.365
126.350,184.293,-0.006,5,5610.092,9530.189
126.360,184.292,-0.006,5,5610.055,9531.013
126.370,184.291,-0.006,5,5610.017,9531.836
126.380,184.290,0.034,5,5609.980,9532.660
126.390,184.297,-0.006,5,5610.210,9533.484
126.400,184.296,-0.006,5,5610.173,9534.308
126.410,184.295,-0.006,5,5610.135,9535.132
126.420,184.294,-0.006,5,5610.097,9535.956
126.430,184.292,-0.006,5,5610.060,9536.780
126.440,184.291,-0.006,5,5610.022,9537.604
126.450,184.290,0.034,5,5609.985,9538.427
126.460,184.297,-0.006,5,5610.215,9539.251
126.470,184.296,-0.006,5,5610.177,9540.075
126.480,184.295,-0.006,5,5610.140,9540.899
126.490,184.294,-0.006,5,5610.102,9541.723
126.500,184.292,-0.006,5,5610.064,9542.547
126.510,184.291,-0.006,5,5610.027,9543.371
126.520,184.290,0.034,5,5609.989,9544.194
126.530,184.298,-0.006,5,5610.220,9545.018
126.540,184.296,-0.006,5,5610.182,9545.842
126.550,184.295,-0.006,5,5610.144,9546.666
126.560,184.294,-0.006,5,5610.107,9547.490
126.570,184.293,-0.006,5,5610.069,9548.314
126.580,184.291,-0.006,5,5610.032,9549.138
126.590,184.290,0.034,5,5609.994,9549.961
126.600,184.298,-0.006,5,5610.225,9550.785
126.610,184.296,-0.006,5,5610.187,9551.609
126.620,184.295,-0.006,5,5610.149,9552.433
126.630,184.294,-0.006,5,5610.112,9553.257
126.640,184.293,-0.006,5,5610.074,9554.081
126.650,184.292,-0.006,5,5610.036,9554.905
126.660,184.290,0.034,5,5609.999,9555.729
126.670,184.298,-0.006,5,5610.229,9556.552
126.680,184.297,-0.006,5,5610.192,9557.376
126.690,184.295,-0.006,5,5610.154,9558.200
126.700,184.294,-0.006,5,5610.116,9559.024
126.710,184.293,-0.006,5,5610.079,9559.848
126.720,184.292,-0.006,5,5610.041,9560.672
126.730,184.290,-0.006,5,5610.004,9561.496
126.740,184.289,0.034,5,5609.966,9562.319
126.750,184.297,-0.006,5,5610.197,9563.143
126.760,184.296,-0.006,5,5610.159,9563.967
126.770,184.294,-0.006,5,5610.121,9564.791
126.780,184.293,-0.006,5,5610.084,9565.615
126.790,184.292,-0.006,5,5610.046,9566.439
126.800,184.291,-0.006,5,5610.009,9567.263
126.810,184.289,0.034,5,5609.971,9568.086
126.820,184.297,-0.006,5,5610.201,9568.910
126.830,184.296,-0.006,5,5610.164,9569.734
126.840,184.294,-0.006,5,5610.126,9570.558
126.850,184.293,-0.006,5,5610.089,9571.382
126.860,184.292,-0.006,5,5610.051,9572.206
126.870,184.291,-0.006,5,5610.013,9573.030
126.880,184.290,0.034,5,5609.976,9573.854
126.890,184.297,-0.006,5,5610.206,9574.677
126.900,184.296,-0.006,5,5610.169,9575.501
126.910,184.295,-0.006,5,5610.131,9576.325
126.920,184.293,-0.006,5,5610.093,9577.149
126.930,184.292,-0.006,5,5610.056,9577.973
126.940,184.291,-0.006,5,5610.018,9578.797
126.950,184.290,0.034,5,5609.981,9579.621
126.960,184.297,-0.006,5,5610.211,9580.444
126.970,184.296,-0.006,5,5610.173,9581.268
126.980,184.295,-0.006,5,5610.136,9582.092
126.990,184.294,-0.006,5,5610.098,9582.916
127.000,184.292,-0.006,5,5610.061,9583.740
127.010,184.291,-0.006,5,5610.023,9584.564
127.020,184.290,0.034,5,5609.985,9585.388
127.030,184.297,-0.006,5,5610.216,9586.211
127.040,184.296,-0.006,5,5610.178,9587.035
127.050,184.295,-0.006,5,5610.141,9587.859
127.060,184.294,-0.006,5,5610.103,9588.683
127.070,184.292,-0.006,5,5610.065,9589.507
127.080,184.291,-0.006,5,5610.028,9590.331
127.090,184.290,0.034,5,5609.990,9591.155
127.100,184.298,-0.006,5,5610.221,9591.979
127.110,184.296,-0.006,5,5610.183,9592.802
127.120,184.295,-0.006,5,5610.145,9593.626
127.130,184.294,-0.006,5,5610.108,9594.450
127.140,184.293,-0.006,5,5610.070,9595.274
127.150,184.291,-0.006,5,5610.033,9596.098
127.160,184.290,0.034,5,5609.995,9596.922
127.170,184.298,-0.006,5,5610.225,9597.746
127.180,184.296,-0.006,5,5610.188,9598.569
127.190,184.295,-0.006,5,5610.150,9599.393
127.200,184.294,-0.006,5,5610.113,9600.217
127.210,184.293,-0.006,5,5610.075,9601.041
127.220,184.292,-0.006,5,5610.037,9601.865
127.230,184.290,0.034,5,5610.000,9602.689
127.240,184.298,-0.006,5,5610.230,9603.513
127.250,184.297,-0.006,5,5610.193,9604.337
127.260,184.295,-0.006,5,5610.155,9605.160
127.270,184.294,-0.006,5,5610.117,9605.984
127.280,184.293,-0.006,5,5610.080,9606.808
127.290,184.292,-0.006,5,5610.042,9607.632
127.300,184.290,-0.006,5,5610.005,9608.456
127.310,184.289,0.034,5,5609.967,9609.280
127.320,184.297,-0.006,5,5610.197,9610.104
127.330,184.296,-0.006,5,5610.160,9610.927
127.340,184.294,-0.006,5,5610.122,9611.751
127.350,184.293,-0.006,5,5610.085,9612.575
127.360,184.292,-0.006,5,5610.047,9613.399
127.370,184.291,-0.006,5,5610.009,9614.223
127.380,184.289,0.034,5,5609.972,9615.047
127.390,184.297,-0.006,5,5610.202,9615.871
127.400,184.296,-0.006,5,5610.165,9616.695
127.410,184.295,-0.006,5,5610.127,9617.518
127.420,184.293,-0.006,5,5610.089,9618.342
127.430,184.292,-0.006,5,5610.052,9619.166
127.440,184.291,-0.006,5,5610.014,9619.990
127.450,184.290,0.034,5,5609.977,9620.814
127.460,184.297,-0.006,5,5610.207,9621.638
127.470,184.296,-0.006,5,5610.170,9622.462
127.480,184.295,-0.006,5,5610.132,9623.285
127.490,184.293,-0.006,5,5610.094,9624.109
127.500,184.292,-0.006,5,5610.057,9624.933
127.510,184.291,-0.006,5,5610.019,9625.757
127.520,184.290,0.034,5,5609.982,9626.581
127.530,184.297,-0.006,5,5610.212,9627.405
127.540,184.296,-0.006,5,5610.174,9628.229
127.550,184.295,-0.006,5,5610.137,9629.052
127.560,184.294,-0.006,5,5610.099,9629.876
127.570,184.292,-0.006,5,5610.062,9630.700
127.580,184.291,-0.006,5,5610.024,9631.524
127.590,184.290,0.034,5,5609.986,9632.348
127.600,184.297,-0.006,5,5610.217,9633.172
127.610,184.296,-0.006,5,5610.179,9633.996
127.620,184.295,-0.006,5,5610.142,9634.820
127.630,184.294,-0.006,5,5610.104,9635.643
127.640,184.293,-0.006,5,5610.066,9636.467
127.650,184.291,-0.006,5,5610.029,9637.291
127.660,184.290,0.034,5,5609.991,9638.115
127.670,184.298,-0.006,5,5610.222,9638.939
127.680,184.296,-0.006,5,5610.184,9639.763
127.690,184.295,-0.006,5,5610.146,9640.587
127.700,184.294,-0.006,5,5610.109,9641.410
127.710,184.293,-0.006,5,5610.071,9642.234
127.720,184.291,-0.006,5,5610.034,9643.058
127.730,184.290,0.034,5,5609.996,9643.882
127.740,184.298,-0.006,5,5610.226,9644.706
127.750,184.297,-0.006,5,5610.189,9645.530
127.760,184.295,-0.006,5,5610.151,9646.354
127.770,184.294,-0.006,5,5610.113,9647.178
127.780,184.293,-0.006,5,5610.076,9648.001
127.790,184.292,-0.006,5,5610.038,9648.825
127.800,184.290,-0.006,5,5610.001,9649.649
127.810,184.289,0.034,5,5609.963,9650.473
127.820,184.297,-0.006,5,5610.194,9651.297
127.830,184.295,-0.006,5,5610.156,9652.121
127.840,184.294,-0.006,5,5610.118,9652.945
127.850,184.293,-0.006,5,5610.081,9653.768
127.860,184.292,-0.006,5,5610.043,9654.592
127.870,184.291,-0.006,5,5610.006,9655.416
127.880,184.289,0.034,5,5609.968,9656.240
127.890,184.297,-0.006,5,5610.199,9657.064
127.900,184.296,-0.006,5,5610.161,9657.888
127.910,184.294,-0.006,5,5610.123,9658.712
127.920,184.293,-0.006,5,5610.086,9659.535
127.930,184.292,-0.006,5,5610.048,9660.359
127.940,184.291,-0.006,5,5610.010,9661.183
127.950,184.289,0.034,5,5609.973,9662.007
127.960,184.297,-0.006,5,5610.203,9662.831
127.970,184.296,-0.006,5,5610.166,9663.655
127.980,184.295,-0.006,5,5610.128,9664.479
127.990,184.293,-0.006,5,5610.090,9665.302
128.000,184.292,-0.006,5,5610.053,9666.126
128.010,184.291,-0.006,5,5610.015,9666.950
128.020,184.290,0.034,5,5609.978,9667.774
128.030,184.297,-0.006,5,5610.208,9668.598
128.040,184.296,-0.006,5,5610.171,9669.422
128.050,184.295,-0.006,5,5610.133,9670.246
128.060,184.293,-0.006,5,5610.095,9671.070
128.070,184.292,-0.006,5,5610.058,9671.893
128.080,184.291,-0.006,5,5610.020,9672.717
128.090,184.290,0.034,5,5609.983,9673.541
128.100,184.297,-0.006,5,5610.213,9674.365
128.110,184.296,-0.006,5,5610.175,9675.189
128.120,184.295,-0.006,5,5610.138,9676.013
128.130,184.294,-0.006,5,5610.100,9676.837
128.140,184.292,-0.006,5,5610.063,9677.660
128.150,184.291,-0.006,5,5610.025,9678.484
128.160,184.290,0.034,5,5609.987,9679.308
128.170,184.297,-0.006,5,5610.218,9680.132
128.180,184.296,-0.006,5,5610.180,9680.956
128.190,184.295,-0.006,5,5610.143,9681.780
128.200,184.294,-0.006,5,5610.105,9682.604
128.210,184.293,-0.006,5,5610.067,9683.428
128.220,184.291,-0.006,5,5610.030,9684.251
128.230,184.290,0.034,5,5609.992,9685.075
128.240,184.298,-0.006,5,5610.223,9685.899
128.250,184.296,-0.006,5,5610.185,9686.723
128.260,184.295,-0.006,5,5610.147,9687.547
128.270,184.294,-0.006,5,5610.110,9688.371
128.280,184.293,-0.006,5,5610.072,9689.195
128.290,184.291,-0.006,5,5610.035,9690.018
128.300,184.290,0.034,5,5609.997,9690.842
128.310,184.298,-0.006,5,5610.227,9691.666
128.320,184.297,-0.006,5,5610.190,9692.490
128.330,184.295,-0.006,5,5610.152,9693.314
128.340,184.294,-0.006,5,5610.114,9694.138
128.350,184.293,-0.006,5,5610.077,9694.962
128.360,184.292,-0.006,5,5610.039,9695.786
128.370,184.290,-0.006,5,5610.002,9696.609
128.380,184.289,0.034,5,5609.964,9697.433
128.390,184.297,-0.006,5,5610.195,9698.257
128.400,184.295,-0.006,5,5610.157,9699.081
128.410,184.294,-0.006,5,5610.119,9699.905
128.420,184.293,-0.006,5,5610.082,9700.729
128.430,184.292,-0.006,5,5610.044,9701.553
128.440,184.291,-0.006,5,5610.007,9702.376
128.450,184.289,0.034,5,5609.969,9703.200
128.460,184.297,-0.006,5,5610.200,9704.024
128.470,184.296,-0.006,5,5610.162,9704.848
128.480,184.294,-0.006,5,5610.124,9705.672
128.490,184.293,-0.006,5,5610.087,9706.496
128.500,184.292,-0.006,5,5610.049,9707.320
128.510,184.291,-0.006,5,5610.011,9708.143
128.520,184.289,0.034,5,5609.974,9708.967
128.530,184.297,-0.006,5,5610.204,9709.791
128.540,184.296,-0.006,5,5610.167,9710.615
128.550,184.295,-0.006,5,5610.129,9711.439
128.560,184.293,-0.006,5,5610.091,9712.263
128.570,184.292,-0.006,5,5610.054,9713.087
128.580,184.291,-0.006,5,5610.016,9713.910
128.590,184.290,0.034,5,5609.979,9714.734
128.600,184.297,-0.006,5,5610.209,9715.558
128.610,184.296,-0.006,5,5610.172,9716.382
128.620,184.295,-0.006,5,5610.134,9717.206
128.630,184.293,-0.006,5,5610.096,9718.030
128.640,184.292,-0.006,5,5610.059,9718.854
128.650,184.291,-0.006,5,5610.021,9719.678
128.660,184.290,0.034,5,5609.984,9720.501
128.670,184.297,-0.006,5,5610.214,9721.325
128.680,184.296,-0.006,5,5610.176,9722.149
128.690,184.295,-0.006,5,5610.139,9722.973
128.700,184.294,-0.006,5,5610.101,9723.797
128.710,184.292,-0.006,5,5610.064,9724.621
128.720,184.291,-0.006,5,5610.026,9725.445
128.730,184.290,0.034,5,5609.988,9726.268
128.740,184.298,-0.006,5,5610.219,9727.092
128.750,184.296,-0.006,5,5610.181,9727.916
128.760,184.295,-0.006,5,5610.144,9728.740
128.770,184.294,-0.006,5,5610.106,9729.564
128.780,184.293,-0.006,5,5610.068,9730.388
128.790,184.291,-0.006,5,5610.031,9731.212
128.800,184.290,0.034,5,5609.993,9732.035
128.810,184.298,-0.006,5,5610.224,9732.859
128.820,184.296,-0.006,5,5610.186,9733.683
128.830,184.295,-0.006,5,5610.148,9734.507
128.840,184.294,-0.006,5,5610.111,9735.331
128.850,184.293,-0.006,5,5610.073,9736.155
128.860,184.291,-0.006,5,5610.036,9736.979
128.870,184.290,0.034,5,5609.998,9737.803
128.880,184.298,-0.006,5,5610.228,9738.626
128.890,184.297,-0.006,5,5610.191,9739.450
128.900,184.295,-0.006,5,5610.153,9740.274
128.910,184.294,-0.006,5,5610.115,9741.098
128.920,184.293,-0.006,5,5610.078,9741.922
128.930,184.292,-0.006,5,5610.040,9742.746
128.940,184.290,-0.006,5,5610.003,9743.570
128.950,184.289,0.034,5,5609.965,9744.393
128.960,184.297,-0.006,5,5610.196,9745.217
128.970,184.296,-0.006,5,5610.158,9746.041
128.980,184.294,-0.006,5,5610.120,9746.865
128.990,184.293,-0.006,5,5610.083,9747.689
129.000,184.292,-0.006,5,5610.045,9748.513
129.010,184.291,-0.006,5,5610.008,9749.337
129.020,184.289,0.034,5,5609.970,9750.160
129.030,184.297,-0.006,5,5610.200,9750.984
129.040,184.296,-0.006,5,5610.163,9751.808
129.050,184.294,-0.006,5,5610.125,9752.632
129.060,184.293,-0.006,5,5610.088,9753.456
129.070,184.292,-0.006,5,5610.050,9754.280
129.080,184.291,-0.006,5,5610.012,9755.104
129.090,184.290,0.034,5,5609.975,9755.928
129.100,184.297,-0.006,5,5610.205,9756.751
129.110,184.296,-0.006,5,5610.168,9757.575
129.120,184.295,-0.006,5,5610.130,9758.399
129.130,184.293,-0.006,5,5610.092,9759.223
129.140,184.292,-0.006,5,5610.055,9760.047
129.150,184.291,-0.006,5,5610.017,9760.871
129.160,184.290,0.034,5,5609.980,9761.695
129.170,184.297,-0.006,5,5610.210,9762.518
129.180,184.296,-0.006,5,5610.173,9763.342
129.190,184.295,-0.006,5,5610.135,9764.166
129.200,184.294,-0.006,5,5610.097,9764.990
129.210,184.292,-0.006,5,5610.060,9765.814
129.220,184.291,-0.006,5,5610.022,9766.638
129.230,184.290,0.034,5,5609.985,9767.462
129.240,184.297,-0.006,5,5610.215,9768.286
129.250,184.296,-0.006,5,5610.177,9769.109
129.260,184.295,-0.006,5,5610.140,9769.933
129.270,184.294,-0.006,5,5610.102,9770.757
129.280,184.292,-0.006,5,5610.064,9771.581
129.290,184.291,-0.006,5,5610.027,9772.405
129.300,184.290,0.034,5,5609.989,9773.229
129.310,184.298,-0.006,5,5610.220,9774.053
129.320,184.296,-0.006,5,5610.182,9774.876
129.330,184.295,-0.006,5,5610.144,9775.700
129.340,184.294,-0.006,5,5610.107,9776.524
129.350,184.293,-0.006,5,5610.069,9777.348
129.360,184.291,-0.006,5,5610.032,9778.172
129.370,184.290,0.034,5,5609.994,9778.996
129.380,184.298,-0.006,5,5610.225,9779.820
129.390,184.296,-0.006,5,5610.187,9780.643
129.400,184.295,-0.006,5,5610.149,9781.467
129.410,184.294,-0.006,5,5610.112,9782.291
129.420,184.293,-0.006,5,5610.074,9783.115
129.430,184.292,-0.006,5,5610.036,9783.939
129.440,184.290,0.034,5,5609.999,9784.763
129.450,184.298,-0.006,5,5610.229,9785.587
129.460,184.297,-0.006,5,5610.192,9786.411
129.470,184.295,-0.006,5,5610.154,9787.234
129.480,184.294,-0.006,5,5610.116,9788.058
129.490,184.293,-0.006,5,5610.079,9788.882
129.500,184.292,-0.006,5,5610.041,9789.706
129.510,184.290,-0.006,5,5610.004,9790.530
129.520,184.289,0.034,5,5609.966,9791.354
129.530,184.297,-0.006,5,5610.197,9792.178
129.540,184.296,-0.006,5,5610.159,9793.001
129.550,184.294,-0.006,5,5610.121,9793.825
129.560,184.293,-0.006,5,5610.084,9794.649
129.570,184.292,-0.006,5,5610.046,9795.473
129.580,184.291,-0.006,5,5610.009,9796.297
129.590,184.289,0.034,5,5609.971,9797.121
129.600,184.297,-0.006,5,5610.201,9797.945
129.610,184.296,-0.006,5,5610.164,9798.769
129.620,184.294,-0.006,5,5610.126,9799.592
129.630,184.293,-0.006,5,5610.089,9800.416
129.640,184.292,-0.006,5,5610.051,9801.240
129.650,184.291,-0.006,5,5610.013,9802.064
129.660,184.290,0.034,5,5609.976,9802.888
129.670,184.297,-0.006,5,5610.206,9803.712
129.680,184.296,-0.006,5,5610.169,9804.536
129.690,184.295,-0.006,5,5610.131,9805.359
129.700,184.293,-0.006,5,5610.093,9806.183
129.710,184.292,-0.006,5,5610.056,9807.007
129.720,184.291,-0.006,5,5610.018,9807.831
129.730,184.290,0.034,5,5609.981,9808.655
129.740,184.297,-0.006,5,5610.211,9809.479
129.750,184.296,-0.006,5,5610.173,9810.303
129.760,184.295,-0.006,5,5610.136,9811.126
129.770,184.294,-0.006,5,5610.098,9811.950
129.780,184.292,-0.006,5,5610.061,9812.774
129.790,184.291,-0.006,5,5610.023,9813.598
129.800,184.290,0.034,5,5609.985,9814.422
129.810,184.297,-0.006,5,5610.216,9815.246
129.820,184.296,-0.006,5,5610.178,9816.070
129.830,184.295,-0.006,5,5610.141,9816.894
129.840,184.294,-0.006,5,5610.103,9817.717
129.850,184.292,-0.006,5,5610.065,9818.541
129.860,184.291,-0.006,5,5610.028,9819.365
129.870,184.290,0.034,5,5609.990,9820.189
129.880,184.298,-0.006,5,5610.221,9821.013
129.890,184.296,-0.006,5,5610.183,9821.837
129.900,184.295,-0.006,5,5610.145,9822.661
129.910,184.294,-0.006,5,5610.108,9823.484
129.920,184.293,-0.006,5,5610.070,9824.308
129.930,184.291,-0.006,5,5610.033,9825.132
129.940,184.290,0.034,5,5609.995,9825.956
129.950,184.298,-0.006,5,5610.225,9826.780
129.960,184.296,-0.006,5,5610.188,9827.604
129.970,184.295,-0.006,5,5610.150,9828.428
129.980,184.294,-0.006,5,5610.113,9829.252
129.990,184.293,-0.006,5,5610.075,9830.075
130.000,184.292,-0.006,5,5610.037,9830.899
130.010,184.290,0.034,5,5610.000,9831.723
130.020,184.298,-0.006,5,5610.230,9832.547
130.030,184.297,-0.006,5,5610.193,9833.371
130.040,184.295,-0.006,5,5610.155,9834.195
130.050,184.294,-0.006,5,5610.117,9835.019
130.060,184.293,-0.006,5,5610.080,9835.842
130.070,184.292,-0.006,5,5610.042,9836.666
130.080,184.290,-0.006,5,5610.005,9837.490
130.090,184.289,0.034,5,5609.967,9838.314
130.100,184.297,-0.006,5,5610.197,9839.138
130.110,184.296,-0.006,5,5610.160,9839.962
130.120,184.294,-0.006,5,5610.122,9840.786
130.130,184.293,-0.006,5,5610.085,9841.609
130.140,184.292,-0.006,5,5610.047,9842.433
130.150,184.291,-0.006,5,5610.009,9843.257
130.160,184.289,0.034,5,5609.972,9844.081
130.170,184.297,-0.006,5,5610.202,9844.905
130.180,184.296,-0.006,5,5610.165,9845.729
130.190,184.295,-0.006,5,5610.127,9846.553
130.200,184.293,-0.006,5,5610.089,9847.377
130.210,184.292,-0.006,5,5610.052,9848.200
130.220,184.291,-0.006,5,5610.014,9849.024
130.230,184.290,0.034,5,5609.977,9849.848
130.240,184.297,-0.006,5,5610.207,9850.672
130.250,184.296,-0.006,5,5610.170,9851.496
130.260,184.295,-0.006,5,5610.132,9852.320
130.270,184.293,-0.006,5,5610.094,9853.144
130.280,184.292,-0.006,5,5610.057,9853.967
130.290,184.291,-0.006,5,5610.019,9854.791
130.300,184.290,0.034,5,5609.982,9855.615
130.310,184.297,-0.006,5,5610.212,9856.439
130.320,184.296,-0.006,5,5610.174,9857.263
130.330,184.295,-0.006,5,5610.137,9858.087
130.340,184.294,-0.006,5,5610.099,9858.911
130.350,184.292,-0.006,5,5610.062,9859.734
130.360,184.291,-0.006,5,5610.024,9860.558
130.370,184.290,0.034,5,5609.986,9861.382
130.380,184.297,-0.006,5,5610.217,9862.206
130.390,184.296,-0.006,5,5610.179,9863.030
130.400,184.295,-0.006,5,5610.142,9863.854
130.410,184.294,-0.006,5,5610.104,9864.678
130.420,184.293,-0.006,5,5610.066,9865.502
130.430,184.291,-0.006,5,5610.029,9866.325
130.440,184.290,0.034,5,5609.991,9867.149
130.450,184.298,-0.006,5,5610.222,9867.973
130.460,184.296,-0.006,5,5610.184,9868.797
130.470,184.295,-0.006,5,5610.146,9869.621
130.480,184.294,-0.006,5,5610.109,9870.445
130.490,184.293,-0.006,5,5610.071,9871.269
130.500,184.291,-0.006,5,5610.034,9872.092
130.510,184.290,0.034,5,5609.996,9872.916
130.520,184.298,-0.006,5,5610.226,9873.740
130.530,184.297,-0.006,5,5610.189,9874.564
130.540,184.295,-0.006,5,5610.151,9875.388
130.550,184.294,-0.006,5,5610.113,9876.212
130.560,184.293,-0.006,5,5610.076,9877.036
130.570,184.292,-0.006,5,5610.038,9877.860
130.580,184.290,-0.006,5,5610.001,9878.683
130.590,184.289,0.034,5,5609.963,9879.507
130.600,184.297,-0.006,5,5610.194,9880.331
130.610,184.295,-0.006,5,5610.156,9881.155
130.620,184.294,-0.006,5,5610.118,9881.979
130.630,184.293,-0.006,5,5610.081,9882.803
130.640,184.292,-0.006,5,5610.043,9883.627
130.650,184.291,-0.006,5,5610.006,9884.450
130.660,184.289,0.034,5,5609.968,9885.274
130.670,184.297,-0.006,5,5610.199,9886.098
130.680,184.296,-0.006,5,5610.161,9886.922
130.690,184.294,-0.006,5,5610.123,9887.746
130.700,184.293,-0.006,5,5610.086,9888.570
130.710,184.292,-0.006,5,5610.048,9889.394
130.720,184.291,-0.006,5,5610.010,9890.217
130.730,184.289,0.034,5,5609.973,9891.041
130.740,184.297,-0.006,5,5610.203,9891.865
130.750,184.296,-0.006,5,5610.166,9892.689
130.760,184.295,-0.006,5,5610.128,9893.513
130.770,184.293,-0.006,5,5610.090,9894.337
130.780,184.292,-0.006,5,5610.053,9895.161
130.790,184.291,-0.006,5,5610.015,9895.984
130.800,184.290,0.034,5,5609.978,9896.808
130.810,184.297,-0.006,5,5610.208,9897.632
130.820,184.296,-0.006,5,5610.171,9898.456
130.830,184.295,-0.006,5,5610.133,9899.280
130.840,184.293,-0.006,5,5610.095,9900.104
130.850,184.292,-0.006,5,5610.058,9900.928
130.860,184.291,-0.006,5,5610.020,9901.752
130.870,184.290,0.034,5,5609.983,9902.575
130.880,184.297,-0.006,5,5610.213,9903.399
130.890,184.296,-0.006,5,5610.175,9904.223
130.900,184.295,-0.006,5,5610.138,9905.047
130.910,184.294,-0.006,5,5610.100,9905.871
130.920,184.292,-0.006,5,5610.063,9906.695
130.930,184.291,-0.006,5,5610.025,9907.519
130.940,184.290,0.034,5,5609.987,9908.342
130.950,184.297,-0.006,5,5610.218,9909.166
130.960,184.296,-0.006,5,5610.180,9909.990
130.970,184.295,-0.006,5,5610.143,9910.814
130.980,184.294,-0.006,5,5610.105,9911.638
130.990,184.293,-0.006,5,5610.067,9912.462
131.000,184.291,-0.006,5,5610.030,9913.286
131.010,184.290,0.034,5,5609.992,9914.110
131.020,184.298,-0.006,5,5610.223,9914.933
131.030,184.296,-0.006,5,5610.185,9915.757
131.040,184.295,-0.006,5,5610.147,9916.581
131.050,184.294,-0.006,5,5610.110,9917.405
131.060,184.293,-0.006,5,5610.072,9918.229
131.070,184.291,-0.006,5,5610.035,9919.053
131.080,184.290,0.034,5,5609.997,9919.877
131.090,184.298,-0.006,5,5610.227,9920.700
131.100,184.297,-0.006,5,5610.190,9921.524
131.110,184.295,-0.006,5,5610.152,9922.348
131.120,184.294,-0.006,5,5610.114,9923.172
131.130,184.293,-0.006,5,5610.077,9923.996
131.140,184.292,-0.006,5,5610.039,9924.820
131.150,184.290,-0.006,5,5610.002,9925.644
131.160,184.289,0.034,5,5609.964,9926.467
131.170,184.297,-0.006,5,5610.195,9927.291
131.180,184.295,-0.006,5,5610.157,9928.115
131.190,184.294,-0.006,5,5610.119,9928.939
131.200,184.293,-0.006,5,5610.082,9929.763
131.210,184.292,-0.006,5,5610.044,9930.587
131.220,184.291,-0.006,5,5610.007,9931.411
131.230,184.289,0.034,5,5609.969,9932.235
131.240,184.297,-0.006,5,5610.200,9933.058
131.250,184.296,-0.006,5,5610.162,9933.882
131.260,184.294,-0.006,5,5610.124,9934.706
131.270,184.293,-0.006,5,5610.087,9935.530
131.280,184.292,-0.006,5,5610.049,9936.354
131.290,184.291,-0.006,5,5610.011,9937.178
131.300,184.289,0.034,5,5609.974,9938.002
131.310,184.297,-0.006,5,5610.204,9938.825
131.320,184.296,-0.006,5,5610.167,9939.649
131.330,184.295,-0.006,5,5610.129,9940.473
131.340,184.293,-0.006,5,5610.091,9941.297
131.350,184.292,-0.006,5,5610.054,9942.121
131.360,184.291,-0.006,5,5610.016,9942.945
131.370,184.290,0.034,5,5609.979,9943.769
131.380,184.297,-0.006,5,5610.209,9944.592
131.390,184.296,-0.006,5,5610.172,9945.416
131.400,184.295,-0.006,5,5610.134,9946.240
131.410,184.293,-0.006,5,5610.096,9947.064
131.420,184.292,-0.006,5,5610.059,9947.888
131.430,184.291,-0.006,5,5610.021,9948.712
131.440,184.290,0.034,5,5609.984,9949.536
131.450,184.297,-0.006,5,5610.214,9950.360
131.460,184.296,-0.006,5,5610.176,9951.183
131.470,184.295,-0.006,5,5610.139,9952.007
131.480,184.294,-0.006,5,5610.101,9952.831
131.490,184.292,-0.006,5,5610.064,9953.655
131.500,184.291,-0.006,5,5610.026,9954.479
131.510,184.290,0.034,5,5609.988,9955.303
131.520,184.298,-0.006,5,5610.219,9956.127
131.530,184.296,-0.006,5,5610.181,9956.950
131.540,184.295,-0.006,5,5610.144,9957.774
131.550,184.294,-0.006,5,5610.106,9958.598
131.560,184.293,-0.006,5,5610.068,9959.422
131.570,184.291,-0.006,5,5610.031,9960.246
131.580,184.290,0.034,5,5609.993,9961.070
131.590,184.298,-0.006,5,5610.224,9961.894
131.600,184.296,-0.006,5,5610.186,9962.718
131.610,184.295,-0.006,5,5610.148,9963.541
131.620,184.294,-0.006,5,5610.111,9964.365
131.630,184.293,-0.006,5,5610.073,9965.189
131.640,184.291,-0.006,5,5610.036,9966.013
131.650,184.290,0.034,5,5609.998,9966.837
131.660,184.298,-0.006,5,5610.228,9967.661
131.670,184.297,-0.006,5,5610.191,9968.485
131.680,184.295,-0.006,5,5610.153,9969.308
131.690,184.294,-0.006,5,5610.115,9970.132
131.700,184.293,-0.006,5,5610.078,9970.956
131.710,184.292,-0.006,5,5610.040,9971.780
131.720,184.290,-0.006,5,5610.003,9972.604
131.730,184.289,0.034,5,5609.965,9973.428
131.740,184.297,-0.006,5,5610.196,9974.252
131.750,184.296,-0.006,5,5610.158,9975.075
131.760,184.294,-0.006,5,5610.120,9975.899
131.770,184.293,-0.006,5,5610.083,9976.723
131.780,184.292,-0.006,5,5610.045,9977.547
131.790,184.291,-0.006,5,5610.008,9978.371
131.800,184.289,0.034,5,5609.970,9979.195
131.810,184.297,-0.006,5,5610.200,9980.019
131.820,184.296,-0.006,5,5610.163,9980.843
131.830,184.294,-0.006,5,5610.125,9981.666
131.840,184.293,-0.006,5,5610.088,9982.490
131.850,184.292,-0.006,5,5610.050,9983.314
131.860,184.291,-0.006,5,5610.012,9984.138
131.870,184.290,0.034,5,5609.975,9984.962
131.880,184.297,-0.006,5,5610.205,9985.786
131.890,184.296,-0.006,5,5610.168,9986.610
131.900,184.295,-0.006,5,5610.130,9987.433
131.910,184.293,-0.006,5,5610.092,9988.257
131.920,184.292,-0.006,5,5610.055,9989.081
131.930,184.291,-0.006,5,5610.017,9989.905
131.940,184.290,0.034,5,5609.980,9990.729
131.950,184.297,-0.006,5,5610.210,9991.553
131.960,184.296,-0.006,5,5610.173,9992.377
131.970,184.295,-0.006,5,5610.135,9993.200
131.980,184.294,-0.006,5,5610.097,9994.024
131.990,184.292,-0.006,5,5610.060,9994.848
132.000,184.291,-0.006,5,5610.022,9995.672
132.010,184.290,0.034,5,5609.985,9996.496
132.020,184.297,-0.006,5,5610.215,9997.320
132.030,184.296,-0.006,5,5610.177,9998.144
132.040,184.295,-0.006,5,5610.140,9998.968
132.050,184.294,-0.006,5,5610.102,9999.791
132.060,184.292,-0.006,5,5610.064,10000.615
132.070,184.291,-0.006,5,5610.027,10001.439
132.080,184.290,0.034,5,5609.989,10002.263
132.090,184.298,-0.006,5,5610.220,10003.087
132.100,184.296,-0.006,5,5610.182,10003.911
132.110,184.295,-0.006,5,5610.144,10004.735
132.120,184.294,-0.006,5,5610.107,10005.558
132.130,184.293,-0.006,5,5610.069,10006.382
132.140,184.291,-0.006,5,5610.032,10007.206
132.150,184.290,0.034,5,5609.994,10008.030
132.160,184.298,-0.006,5,5610.225,10008.854
132.170,184.296,-0.006,5,5610.187,10009.678
132.180,184.295,-0.006,5,5610.149,10010.502
132.190,184.294,-0.006,5,5610.112,10011.326
132.200,184.293,-0.006,5,5610.074,10012.149
132.210,184.292,-0.006,5,5610.036,10012.973
132.220,184.290,0.034,5,5609.999,10013.797
132.230,184.298,-0.006,5,5610.229,10014.621
132.240,184.297,-0.006,5,5610.192,10015.445
132.250,184.295,-0.006,5,5610.154,10016.269
132.260,184.294,-0.006,5,5610.116,10017.093
132.270,184.293,-0.006,5,5610.079,10017.916
132.280,184.292,-0.006,5,5610.041,10018.740
132.290,184.290,-0.006,5,5610.004,10019.564
132.300,184.289,0.034,5,5609.966,10020.388
132.310,184.297,-0.006,5,5610.197,10021.212
132.320,184.296,-0.006,5,5610.159,10022.036
132.330,184.294,-0.006,5,5610.121,10022.860
132.340,184.293,-0.006,5,5610.084,10023.683
132.350,184.292,-0.006,5,5610.046,10024.507
132.360,184.291,-0.006,5,5610.009,10025.331
132.370,184.289,0.034,5,5609.971,10026.155
132.380,184.297,-0.006,5,5610.201,10026.979
132.390,184.296,-0.006,5,5610.164,10027.803
132.400,184.294,-0.006,5,5610.126,10028.627
132.410,184.293,-0.006,5,5610.089,10029.451
132.420,184.292,-0.006,5,5610.051,10030.274
132.430,184.291,-0.006,5,5610.013,10031.098
132.440,184.290,0.034,5,5609.976,10031.922
132.450,184.297,-0.006,5,5610.206,10032.746
132.460,184.296,-0.006,5,5610.169,10033.570
132.470,184.295,-0.006,5,5610.131,10034.394
132.480,184.293,-0.006,5,5610.093,10035.218
132.490,184.292,-0.006,5,5610.056,10036.041
132.500,184.291,-0.006,5,5610.018,10036.865
132.510,184.290,0.034,5,5609.981,10037.689
132.520,184.297,-0.006,5,5610.211,10038.513
132.530,184.296,-0.006,5,5610.173,10039.337
132.540,184.295,-0.006,5,5610.136,10040.161
132.550,184.294,-0.006,5,5610.098,10040.985
132.560,184.292,-0.006,5,5610.061,10041.808
132.570,184.291,-0.006,5,5610.023,10042.632
132.580,184.290,0.034,5,5609.985,10043.456
132.590,184.297,-0.006,5,5610.216,10044.280
132.600,184.296,-0.006,5,5610.178,10045.104
132.610,184.295,-0.006,5,5610.141,10045.928
132.620,184.294,-0.006,5,5610.103,10046.752
132.630,184.292,-0.006,5,5610.065,10047.576
132.640,184.291,-0.006,5,5610.028,10048.399
132.650,184.290,0.034,5,5609.990,10049.223
132.660,184.298,-0.006,5,5610.221,10050.047
132.670,184.296,-0.006,5,5610.183,10050.871
132.680,184.295,-0.006,5,5610.145,10051.695
132.690,184.294,-0.006,5,5610.108,10052.519
132.700,184.293,-0.006,5,5610.070,10053.343
132.710,184.291,-0.006,5,5610.033,10054.166
132.720,184.290,0.034,5,5609.995,10054.990
132.730,184.298,-0.006,5,5610.225,10055.814
132.740,184.296,-0.006,5,5610.188,10056.638
132.750,184.295,-0.006,5,5610.150,10057.462
132.760,184.294,-0.006,5,5610.113,10058.286
132.770,184.293,-0.006,5,5610.075,10059.110
132.780,184.292,-0.006,5,5610.037,10059.934
132.790,184.290,0.034,5,5610.000,10060.757
132.800,184.298,-0.006,5,5610.230,10061.581
132.810,184.297,-0.006,5,5610.193,10062.405
132.820,184.295,-0.006,5,5610.155,10063.229
132.830,184.294,-0.006,5,5610.117,10064.053
132.840,184.293,-0.006,5,5610.080,10064.877
132.850,184.292,-0.006,5,5610.042,10065.701
132.860,184.290,-0.006,5,5610.005,10066.524
132.870,184.289,0.034,5,5609.967,10067.348
132.880,184.297,-0.006,5,5610.197,10068.172
132.890,184.296,-0.006,5,5610.160,10068.996
132.900,184.294,-0.006,5,5610.122,10069.820
132.910,184.293,-0.006,5,5610.085,10070.644
132.920,184.292,-0.006,5,5610.047,10071.468
132.930,184.291,-0.006,5,5610.009,10072.291
132.940,184.289,0.034,5,5609.972,10073.115
132.950,184.297,-0.006,5,5610.202,10073.939
132.960,184.296,-0.006,5,5610.165,10074.763
132.970,184.295,-0.006,5,5610.127,10075.587
132.980,184.293,-0.006,5,5610.089,10076.411
132.990,184.292,-0.006,5,5610.052,10077.235
133.000,184.291,-0.006,5,5610.014,10078.059
133.010,184.290,0.034,5,5609.977,10078.882
133.020,184.297,-0.006,5,5610.207,10079.706
133.030,184.296,-0.006,5,5610.170,10080.530
133.040,184.295,-0.006,5,5610.132,10081.354
133.050,184.293,-0.006,5,5610.094,10082.178
133.060,184.292,-0.006,5,5610.057,10083.002
133.070,184.291,-0.006,5,5610.019,10083.826
133.080,184.290,0.034,5,5609.982,10084.649
133.090,184.297,-0.006,5,5610.212,10085.473
133.100,184.296,-0.006,5,5610.174,10086.297
133.110,184.295,-0.006,5,5610.137,10087.121
133.120,184.294,-0.006,5,5610.099,10087.945
133.130,184.292,-0.006,5,5610.062,10088.769
133.140,184.291,-0.006,5,5610.024,10089.593
133.150,184.290,0.034,5,5609.986,10090.416
133.160,184.297,-0.006,5,5610.217,10091.240
133.170,184.296,-0.006,5,5610.179,10092.064
133.180,184.295,-0.006,5,5610.142,10092.888
133.190,184.294,-0.006,5,5610.104,10093.712
133.200,184.293,-0.006,5,5610.066,10094.536
133.210,184.291,-0.006,5,5610.029,10095.360
133.220,184.290,0.034,5,5609.991,10096.184
133.230,184.298,-0.006,5,5610.222,10097.007
133.240,184.296,-0.006,5,5610.184,10097.831
133.250,184.295,-0.006,5,5610.146,10098.655
133.260,184.294,-0.006,5,5610.109,10099.479
133.270,184.293,-0.006,5,5610.071,10100.303
133.280,184.291,-0.006,5,5610.034,10101.127
133.290,184.290,0.034,5,5609.996,10101.951
133.300,184.298,-0.006,5,5610.226,10102.774
133.310,184.297,-0.006,5,5610.189,10103.598
133.320,184.295,-0.006,5,5610.151,10104.422
133.330,184.294,-0.006,5,5610.113,10105.246
133.340,184.293,-0.006,5,5610.076,10106.070
133.350,184.292,-0.006,5,5610.038,10106.894
133.360,184.290,-0.006,5,5610.001,10107.718
133.370,184.289,0.034,5,5609.963,10108.542
133.380,184.297,-0.006,5,5610.194,10109.365
133.390,184.295,-0.006,5,5610.156,10110.189
133.400,184.294,-0.006,5,5610.118,10111.013
133.410,184.293,-0.006,5,5610.081,10111.837
133.420,184.292,-0.006,5,5610.043,10112.661
133.430,184.291,-0.006,5,5610.006,10113.485
133.440,184.289,0.034,5,5609.968,10114.309
133.450,184.297,-0.006,5,5610.199,10115.132
133.460,184.296,-0.006,5,5610.161,10115.956
133.470,184.294,-0.006,5,5610.123,10116.780
133.480,184.293,-0.006,5,5610.086,10117.604
133.490,184.292,-0.006,5,5610.048,10118.428
133.500,184.291,-0.006,5,5610.010,10119.252
133.510,184.289,0.034,5,5609.973,10120.076
133.520,184.297,-0.006,5,5610.203,10120.899
133.530,184.296,-0.006,5,5610.166,10121.723
133.540,184.295,-0.006,5,5610.128,10122.547
133.550,184.293,-0.006,5,5610.090,10123.371
133.560,184.292,-0.006,5,5610.053,10124.195
133.570,184.291,-0.006,5,5610.015,10125.019
133.580,184.290,0.034,5,5609.978,10125.843
133.590,184.297,-0.006,5,5610.208,10126.666
133.600,184.296,-0.006,5,5610.171,10127.490
133.610,184.295,-0.006,5,5610.133,10128.314
133.620,184.293,-0.006,5,5610.095,10129.138
133.630,184.292,-0.006,5,5610.058,10129.962
133.640,184.291,-0.006,5,5610.020,10130.786
133.650,184.290,0.034,5,5609.983,10131.610
133.660,184.297,-0.006,5,5610.213,10132.434
133.670,184.296,-0.006,5,5610.175,10133.257
133.680,184.295,-0.006,5,5610.138,10134.081
133.690,184.294,-0.006,5,5610.100,10134.905
133.700,184.292,-0.006,5,5610.063,10135.729
133.710,184.291,-0.006,5,5610.025,10136.553
133.720,184.290,0.034,5,5609.987,10137.377
133.730,184.297,-0.006,5,5610.218,10138.201
133.740,184.296,-0.006,5,5610.180,10139.024
133.750,184.295,-0.006,5,5610.143,10139.848
133.760,184.294,-0.006,5,5610.105,10140.672
133.770,184.293,-0.006,5,5610.067,10141.496
133.780,184.291,-0.006,5,5610.030,10142.320
133.790,184.290,0.034,5,5609.992,10143.144
133.800,184.298,-0.006,5,5610.223,10143.968
133.810,184.296,-0.006,5,5610.185,10144.792
133.820,184.295,-0.006,5,5610.147,10145.615
133.830,184.294,-0.006,5,5610.110,10146.439
133.840,184.293,-0.006,5,5610.072,10147.263
133.850,184.291,-0.006,5,5610.035,10148.087
133.860,184.290,0.034,5,5609.997,10148.911
133.870,184.298,-0.006,5,5610.227,10149.735
133.880,184.297,-0.006,5,5610.190,10150.559
133.890,184.295,-0.006,5,5610.152,10151.382
133.900,184.294,-0.006,5,5610.114,10152.206
133.910,184.293,-0.006,5,5610.077,10153.030
133.920,184.292,-0.006,5,5610.039,10153.854
133.930,184.290,-0.006,5,5610.002,10154.678
133.940,184.289,0.034,5,5609.964,10155.502
133.950,184.297,-0.006,5,5610.195,10156.326
133.960,184.295,-0.006,5,5610.157,10157.150
133.970,184.294,-0.006,5,5610.119,10157.973
133.980,184.293,-0.006,5,5610.082,10158.797
133.990,184.292,-0.006,5,5610.044,10159.621
134.000,184.291,-0.006,5,5610.007,10160.445
134.010,184.289,0.034,5,5609.969,10161.269
134.020,184.297,-0.006,5,5610.200,10162.093
134.030,184.296,-0.006,5,5610.162,10162.917
134.040,184.294,-0.006,5,5610.124,10163.740
134.050,184.293,-0.006,5,5610.087,10164.564
134.060,184.292,-0.006,5,5610.049,10165.388
134.070,184.291,-0.006,5,5610.011,10166.212
134.080,184.289,0.034,5,5609.974,10167.036
134.090,184.297,-0.006,5,5610.204,10167.860
134.100,184.296,-0.006,5,5610.167,10168.684
134.110,184.295,-0.006,5,5610.129,10169.507
134.120,184.293,-0.006,5,5610.091,10170.331
134.130,184.292,-0.006,5,5610.054,10171.155
134.140,184.291,-0.006,5,5610.016,10171.979
134.150,184.290,0.034,5,5609.979,10172.803
134.160,184.297,-0.006,5,5610.209,10173.627
134.170,184.296,-0.006,5,5610.172,10174.451
134.180,184.295,-0.006,5,5610.134,10175.274
134.190,184.293,-0.006,5,5610.096,10176.098
134.200,184.292,-0.006,5,5610.059,10176.922
134.210,184.291,-0.006,5,5610.021,10177.746
134.220,184.290,0.034,5,5609.984,10178.570
134.230,184.297,-0.006,5,5610.214,10179.394
134.240,184.296,-0.006,5,5610.176,10180.218
134.250,184.295,-0.006,5,5610.139,10181.042
134.260,184.294,-0.006,5,5610.101,10181.865
134.270,184.292,-0.006,5,5610.064,10182.689
134.280,184.291,-0.006,5,5610.026,10183.513
134.290,184.290,0.034,5,5609.988,10184.337
134.300,184.298,-0.006,5,5610.219,10185.161
134.310,184.296,-0.006,5,5610.181,10185.985
134.320,184.295,-0.006,5,5610.144,10186.809
134.330,184.294,-0.006,5,5610.106,10187.632
134.340,184.293,-0.006,5,5610.068,10188.456
134.350,184.291,-0.006,5,5610.031,10189.280
134.360,184.290,0.034,5,5609.993,10190.104
134.370,184.298,-0.006,5,5610.224,10190.928
134.380,184.296,-0.006,5,5610.186,10191.752
134.390,184.295,-0.006,5,5610.148,10192.576
134.400,184.294,-0.006,5,5610.111,10193.400
134.410,184.293,-0.006,5,5610.073,10194.223
134.420,184.291,-0.006,5,5610.036,10195.047
134.430,184.290,0.034,5,5609.998,10195.871
134.440,184.298,-0.006,5,5610.228,10196.695
134.450,184.297,-0.006,5,5610.191,10197.519
134.460,184.295,-0.006,5,5610.153,10198.343
134.470,184.294,-0.006,5,5610.115,10199.167
134.480,184.293,-0.006,5,5610.078,10199.990
134.490,184.292,-0.006,5,5610.040,10200.814
134.500,184.290,-0.006,5,5610.003,10201.638
134.510,184.289,0.034,5,5609.965,10202.462
134.520,184.297,-0.006,5,5610.196,10203.286
134.530,184.296,-0.006,5,5610.158,10204.110
134.540,184.294,-0.006,5,5610.120,10204.934
134.550,184.293,-0.006,5,5610.083,10205.758
134.560,184.292,-0.006,5,5610.045,10206.581
134.570,184.291,-0.006,5,5610.008,10207.405
134.580,184.289,0.034,5,5609.970,10208.229
134.590,184.297,-0.006,5,5610.200,10209.053
134.600,184.296,-0.006,5,5610.163,10209.877
134.610,184.294,-0.006,5,5610.125,10210.701
134.620,184.293,-0.006,5,5610.088,10211.525
134.630,184.292,-0.006,5,5610.050,10212.348
134.640,184.291,-0.006,5,5610.012,10213.172
134.650,184.290,0.034,5,5609.975,10213.996
134.660,184.297,-0.006,5,5610.205,10214.820
134.670,184.296,-0.006,5,5610.168,10215.644
134.680,184.295,-0.006,5,5610.130,10216.468
134.690,184.293,-0.006,5,5610.092,10217.292
134.700,184.292,-0.006,5,5610.055,10218.115
134.710,184.291,-0.006,5,5610.017,10218.939
134.720,184.290,0.034,5,5609.980,10219.763
134.730,184.297,-0.006,5,5610.210,10220.587
134.740,184.296,-0.006,5,5610.173,10221.411
134.750,184.295,-0.006,5,5610.135,10222.235
134.760,184.294,-0.006,5,5610.097,10223.059
134.770,184.292,-0.006,5,5610.060,10223.882
134.780,184.291,-0.006,5,5610.022,10224.706
134.790,184.290,0.034,5,5609.985,10225.530
134.800,184.297,-0.006,5,5610.215,10226.354
134.810,184.296,-0.006,5,5610.177,10227.178
134.820,184.295,-0.006,5,5610.140,10228.002
134.830,184.294,-0.006,5,5610.102,10228.826
134.840,184.292,-0.006,5,5610.064,10229.650
134.850,184.291,-0.006,5,5610.027,10230.473
134.860,184.290,0.034,5,5609.989,10231.297
134.870,184.298,-0.006,5,5610.220,10232.121
134.880,184.296,-0.006,5,5610.182,10232.945
134.890,184.295,-0.006,5,5610.144,10233.769
134.900,184.294,-0.006,5,5610.107,10234.593
134.910,184.293,-0.006,5,5610.069,10235.417
134.920,184.291,-0.006,5,5610.032,10236.240
134.930,184.290,0.034,5,5609.994,10237.064
134.940,184.298,-0.006,5,5610.225,10237.888
134.950,184.296,-0.006,5,5610.187,10238.712
134.960,184.295,-0.006,5,5610.149,10239.536
134.970,184.294,-0.006,5,5610.112,10240.360
134.980,184.293,-0.006,5,5610.074,10241.184
134.990,184.292,-0.006,5,5610.036,10242.008
135.000,184.290,0.034,5,5609.999,10242.831
135.010,184.298,-0.006,5,5610.229,10243.655
135.020,184.297,-0.006,5,5610.192,10244.479
135.030,184.295,-0.006,5,5610.154,10245.303
135.040,184.294,-0.006,5,5610.116,10246.127
135.050,184.293,-0.006,5,5610.079,10246.951
135.060,184.292,-0.006,5,5610.041,10247.775
135.070,184.290,-0.006,5,5610.004,10248.598
135.080,184.289,0.034,5,5609.966,10249.422
135.090,184.297,-0.006,5,5610.197,10250.246
135.100,184.296,-0.006,5,5610.159,10251.070
135.110,184.294,-0.006,5,5610.121,10251.894
135.120,184.293,-0.006,5,5610.084,10252.718
135.130,184.292,-0.006,5,5610.046,10253.542
135.140,184.291,-0.006,5,5610.009,10254.365
135.150,184.289,0.034,5,5609.971,10255.189
135.160,184.297,-0.006,5,5610.201,10256.013
135.170,184.296,-0.006,5,5610.164,10256.837
135.180,184.294,-0.006,5,5610.126,10257.661
135.190,184.293,-0.006,5,5610.089,10258.485
135.200,184.292,-0.006,5,5610.051,10259.309
135.210,184.291,-0.006,5,5610.013,10260.133
135.220,184.290,0.034,5,5609.976,10260.956
135.230,184.297,-0.006,5,5610.206,10261.780
135.240,184.296,-0.006,5,5610.169,10262.604
135.250,184.295,-0.006,5,5610.131,10263.428
135.260,184.293,-0.006,5,5610.093,10264.252
135.270,184.292,-0.006,5,5610.056,10265.076
135.280,184.291,-0.006,5,5610.018,10265.900
135.290,184.290,0.034,5,5609.981,10266.723
135.300,184.297,-0.006,5,5610.211,10267.547
135.310,184.296,-0.006,5,5610.173,10268.371
135.320,184.295,-0.006,5,5610.136,10269.195
135.330,184.294,-0.006,5,5610.098,10270.019
135.340,184.292,-0.006,5,5610.061,10270.843
135.350,184.291,-0.006,5,5610.023,10271.667
135.360,184.290,0.034,5,5609.985,10272.490
135.370,184.297,-0.006,5,5610.216,10273.314
135.380,184.296,-0.006,5,5610.178,10274.138
135.390,184.295,-0.006,5,5610.141,10274.962
135.400,184.294,-0.006,5,5610.103,10275.786
135.410,184.292,-0.006,5,5610.065,10276.610
135.420,184.291,-0.006,5,5610.028,10277.434
135.430,184.290,0.034,5,5609.990,10278.258
135.440,184.298,-0.006,5,5610.221,10279.081
135.450,184.296,-0.006,5,5610.183,10279.905
135.460,184.295,-0.006,5,5610.145,10280.729
135.470,184.294,-0.006,5,5610.108,10281.553
135.480,184.293,-0.006,5,5610.070,10282.377
135.490,184.291,-0.006,5,5610.033,10283.201
135.500,184.290,0.034,5,5609.995,10284.025
135.510,184.298,-0.006,5,5610.225,10284.848
135.520,184.296,-0.006,5,5610.188,10285.672
135.530,184.295,-0.006,5,5610.150,10286.496
135.540,184.294,-0.006,5,5610.113,10287.320
135.550,184.293,-0.006,5,5610.075,10288.144
135.560,184.292,-0.006,5,5610.037,10288.968
135.570,184.290,0.034,5,5610.000,10289.792
135.580,184.298,-0.006,5,5610.230,10290.616
135.590,184.297,-0.006,5,5610.193,10291.439
135.600,184.295,-0.006,5,5610.155,10292.263
135.610,184.294,-0.006,5,5610.117,10293.087
135.620,184.293,-0.006,5,5610.080,10293.911
135.630,184.292,-0.006,5,5610.042,10294.735
135.640,184.290,-0.006,5,5610.005,10295.559
135.650,184.289,0.034,5,5609.967,10296.383
135.660,184.297,-0.006,5,5610.197,10297.206
135.670,184.296,-0.006,5,5610.160,10298.030
135.680,184.294,-0.006,5,5610.122,10298.854
135.690,184.293,-0.006,5,5610.085,10299.678
135.700,184.292,-0.006,5,5610.047,10300.502
135.710,184.291,-0.006,5,5610.009,10301.326
135.720,184.289,0.034,5,5609.972,10302.150
135.730,184.297,-0.006,5,5610.202,10302.973
135.740,184.296,-0.006,5,5610.165,10303.797
135.750,184.295,-0.006,5,5610.127,10304.621
135.760,184.293,-0.006,5,5610.089,10305.445
135.770,184.292,-0.006,5,5610.052,10306.269
135.780,184.291,-0.006,5,5610.014,10307.093
135.790,184.290,0.034,5,5609.977,10307.917
135.800,184.297,-0.006,5,5610.207,10308.741
135.810,184.296,-0.006,5,5610.170,10309.564
135.820,184.295,-0.006,5,5610.132,10310.388
135.830,184.293,-0.006,5,5610.094,10311.212
135.840,184.292,-0.006,5,5610.057,10312.036
135.850,184.291,-0.006,5,5610.019,10312.860
135.860,184.290,0.034,5,5609.982,10313.684
135.870,184.297,-0.006,5,5610.212,10314.508
135.880,184.296,-0.006,5,5610.174,10315.331
135.890,184.295,-0.006,5,5610.137,10316.155
135.900,184.294,-0.006,5,5610.099,10316.979
135.910,184.292,-0.006,5,5610.062,10317.803
135.920,184.291,-0.006,5,5610.024,10318.627
135.930,184.290,0.034,5,5609.986,10319.451
135.940,184.297,-0.006,5,5610.217,10320.275
135.950,184.296,-0.006,5,5610.179,10321.099
135.960,184.295,-0.006,5,5610.142,10321.922
135.970,184.294,-0.006,5,5610.104,10322.746
135.980,184.293,-0.006,5,5610.066,10323.570
135.990,184.291,-0.006,5,5610.029,10324.394
136.000,184.290,0.034,5,5609.991,10325.218
136.010,184.298,-0.006,5,5610.222,10326.042
136.020,184.296,-0.006,5,5610.184,10326.866
136.030,184.295,-0.006,5,5610.146,10327.689
136.040,184.294,-0.006,5,5610.109,10328.513
136.050,184.293,-0.006,5,5610.071,10329.337
136.060,184.291,-0.006,5,5610.034,10330.161
136.070,184.290,0.034,5,5609.996,10330.985
136.080,184.298,-0.006,5,5610.226,10331.809
136.090,184.297,-0.006,5,5610.189,10332.633
136.100,184.295,-0.006,5,5610.151,10333.457
136.110,184.294,-0.006,5,5610.113,10334.280
136.120,184.293,-0.006,5,5610.076,10335.104
136.130,184.292,-0.006,5,5610.038,10335.928
136.140,184.290,-0.006,5,5610.001,10336.752
136.150,184.289,0.034,5,5609.963,10337.576
136.160,184.297,-0.006,5,5610.194,10338.400
136.170,184.295,-0.006,5,5610.156,10339.224
136.180,184.294,-0.006,5,5610.118,10340.047
136.190,184.293,-0.006,5,5610.081,10340.871
136.200,184.292,-0.006,5,5610.043,10341.695
136.210,184.291,-0.006,5,5610.006,10342.519
136.220,184.289,0.034,5,5609.968,10343.343
136.230,184.297,-0.006,5,5610.199,10344.167
136.240,184.296,-0.006,5,5610.161,10344.991
136.250,184.294,-0.006,5,5610.123,10345.814
136.260,184.293,-0.006,5,5610.086,10346.638
136.270,184.292,-0.006,5,5610.048,10347.462
136.280,184.291,-0.006,5,5610.010,10348.286
136.290,184.289,0.034,5,5609.973,10349.110
136.300,184.297,-0.006,5,5610.203,10349.934
136.310,184.296,-0.006,5,5610.166,10350.758
136.320,184.295,-0.006,5,5610.128,10351.581
136.330,184.293,-0.006,5,5610.090,10352.405
136.340,184.292,-0.006,5,5610.053,10353.229
136.350,184.291,-0.006,5,5610.015,10354.053
136.360,184.290,0.034,5,5609.978,10354.877
136.370,184.297,-0.006,5,5610.208,10355.701
136.380,184.296,-0.006,5,5610.171,10356.525
136.390,184.295,-0.006,5,5610.133,10357.349
136.400,184.293,-0.006,5,5610.095,10358.172
136.410,184.292,-0.006,5,5610.058,10358.996
136.420,184.291,-0.006,5,5610.020,10359.820
136.430,184.290,0.034,5,5609.983,10360.644
136.440,184.297,-0.006,5,5610.213,10361.468
136.450,184.296,-0.006,5,5610.175,10362.292
136.460,184.295,-0.006,5,5610.138,10363.116
136.470,184.294,-0.006,5,5610.100,10363.939
136.480,184.292,-0.006,5,5610.063,10364.763
136.490,184.291,-0.006,5,5610.025,10365.587
136.500,184.290,0.034,5,5609.987,10366.411
136.510,184.297,-0.006,5,5610.218,10367.235
136.520,184.296,-0.006,5,5610.180,10368.059
136.530,184.295,-0.006,5,5610.143,10368.883
136.540,184.294,-0.006,5,5610.105,10369.706
136.550,184.293,-0.006,5,5610.067,10370.530
136.560,184.291,-0.006,5,5610.030,10371.354
136.570,184.290,0.034,5,5609.992,10372.178
136.580,184.298,-0.006,5,5610.223,10373.002
136.590,184.296,-0.006,5,5610.185,10373.826
136.600,184.295,-0.006,5,5610.147,10374.650
136.610,184.294,-0.006,5,5610.110,10375.474
136.620,184.293,-0.006,5,5610.072,10376.297
136.630,184.291,-0.006,5,5610.035,10377.121
136.640,184.290,0.034,5,5609.997,10377.945
136.650,184.298,-0.006,5,5610.227,10378.769
136.660,184.297,-0.006,5,5610.190,10379.593
136.670,184.295,-0.006,5,5610.152,10380.417
136.680,184.294,-0.006,5,5610.114,10381.241
136.690,184.293,-0.006,5,5610.077,10382.064
136.700,184.292,-0.006,5,5610.039,10382.888
136.710,184.290,-0.006,5,5610.002,10383.712
136.720,184.289,0.034,5,5609.964,10384.536
136.730,184.297,-0.006,5,5610.195,10385.360
136.740,184.295,-0.006,5,5610.157,10386.184
136.750,184.294,-0.006,5,5610.119,10387.008
136.760,184.293,-0.006,5,5610.082,10387.832
136.770,184.292,-0.006,5,5610.044,10388.655
136.780,184.291,-0.006,5,5610.007,10389.479
136.790,184.289,0.034,5,5609.969,10390.303
136.800,184.297,-0.006,5,5610.200,10391.127
136.810,184.296,-0.006,5,5610.162,10391.951
136.820,184.294,-0.006,5,5610.124,10392.775
136.830,184.293,-0.006,5,5610.087,10393.599
136.840,184.292,-0.006,5,5610.049,10394.422
136.850,184.291,-0.006,5,5610.011,10395.246
136.860,184.289,0.034,5,5609.974,10396.070
136.870,184.297,-0.006,5,5610.204,10396.894
136.880,184.296,-0.006,5,5610.167,10397.718
136.890,184.295,-0.006,5,5610.129,10398.542
136.900,184.293,-0.006,5,5610.091,10399.366
136.910,184.292,-0.006,5,5610.054,10400.189
136.920,184.291,-0.006,5,5610.016,10401.013
136.930,184.290,0.034,5,5609.979,10401.837
136.940,184.297,-0.006,5,5610.209,10402.661
136.950,184.296,-0.006,5,5610.172,10403.485
136.960,184.295,-0.006,5,5610.134,10404.309
136.970,184.293,-0.006,5,5610.096,10405.133
136.980,184.292,-0.006,5,5610.059,10405.957
136.990,184.291,-0.006,5,5610.021,10406.780
137.000,184.290,0.034,5,5609.984,10407.604
137.010,184.297,-0.006,5,5610.214,10408.428
137.020,184.296,-0.006,5,5610.176,10409.252
137.030,184.295,-0.006,5,5610.139,10410.076
137.040,184.294,-0.006,5,5610.101,10410.900
137.050,184.292,-0.006,5,5610.064,10411.724
137.060,184.291,-0.006,5,5610.026,10412.547
137.070,184.290,0.034,5,5609.988,10413.371
137.080,184.298,-0.006,5,5610.219,10414.195
137.090,184.296,-0.006,5,5610.181,10415.019
137.100,184.295,-0.006,5,5610.144,10415.843
137.110,184.294,-0.006,5,5610.106,10416.667
137.120,184.293,-0.006,5,5610.068,10417.491
137.130,184.291,-0.006,5,5610.031,10418.314
137.140,184.290,0.034,5,5609.993,10419.138
137.150,184.298,-0.006,5,5610.224,10419.962
137.160,184.296,-0.006,5,5610.186,10420.786
137.170,184.295,-0.006,5,5610.148,10421.610
137.180,184.294,-0.006,5,5610.111,10422.434
137.190,184.293,-0.006,5,5610.073,10423.258
137.200,184.291,-0.006,5,5610.036,10424.082
137.210,184.290,0.034,5,5609.998,10424.905
137.220,184.298,-0.006,5,5610.228,10425.729
137.230,184.297,-0.006,5,5610.191,10426.553
137.240,184.295,-0.006,5,5610.153,10427.377
137.250,184.294,-0.006,5,5610.115,10428.201
137.260,184.293,-0.006,5,5610.078,10429.025
137.270,184.292,-0.006,5,5610.040,10429.849
137.280,184.290,-0.006,5,5610.003,10430.672
137.290,184.289,0.034,5,5609.965,10431.496
137.300,184.297,-0.006,5,5610.196,10432.320
137.310,184.296,-0.006,5,5610.158,10433.144
137.320,184.294,-0.006,5,5610.120,10433.968
137.330,184.293,-0.006,5,5610.083,10434.792
137.340,184.292,-0.006,5,5610.045,10435.616
137.350,184.291,-0.006,5,5610.008,10436.439
137.360,184.289,0.034,5,5609.970,10437.263
137.370,184.297,-0.006,5,5610.200,10438.087
137.380,184.296,-0.006,5,5610.163,10438.911
137.390,184.294,-0.006,5,5610.125,10439.735
137.400,184.293,-0.006,5,5610.088,10440.559
137.410,184.292,-0.006,5,5610.050,10441.383
137.420,184.291,-0.006,5,5610.012,10442.207
137.430,184.290,0.034,5,5609.975,10443.030
137.440,184.297,-0.006,5,5610.205,10443.854
137.450,184.296,-0.006,5,5610.168,10444.678
137.460,184.295,-0.006,5,5610.130,10445.502
137.470,184.293,-0.006,5,5610.092,10446.326
137.480,184.292,-0.006,5,5610.055,10447.150
137.490,184.291,-0.006,5,5610.017,10447.974
137.500,184.290,0.034,5,5609.980,10448.797
137.510,184.297,-0.006,5,5610.210,10449.621
137.520,184.296,-0.006,5,5610.173,10450.445
137.530,184.295,-0.006,5,5610.135,10451.269
137.540,184.294,-0.006,5,5610.097,10452.093
137.550,184.292,-0.006,5,5610.060,10452.917
137.560,184.291,-0.006,5,5610.022,10453.741
137.570,184.290,0.034,5,5609.985,10454.564
137.580,184.297,-0.006,5,5610.215,10455.388
137.590,184.296,-0.006,5,5610.177,10456.212
137.600,184.295,-0.006,5,5610.140,10457.036
137.610,184.294,-0.006,5,5610.102,10457.860
137.620,184.292,-0.006,5,5610.064,10458.684
137.630,184.291,-0.006,5,5610.027,10459.508
137.640,184.290,0.034,5,5609.989,10460.332
137.650,184.298,-0.006,5,5610.220,10461.155
137.660,184.296,-0.006,5,5610.182,10461.979
137.670,184.295,-0.006,5,5610.144,10462.803
137.680,184.294,-0.006,5,5610.107,10463.627
137.690,184.293,-0.006,5,5610.069,10464.451
137.700,184.291,-0.006,5,5610.032,10465.275
137.710,184.290,0.034,5,5609.994,10466.099
137.720,184.298,-0.006,5,5610.225,10466.922
137.730,184.296,-0.006,5,5610.187,10467.746
137.740,184.295,-0.006,5,5610.149,10468.570
137.750,184.294,-0.006,5,5610.112,10469.394
137.760,184.293,-0.006,5,5610.074,10470.218
137.770,184.292,-0.006,5,5610.036,10471.042
137.780,184.290,0.034,5,5609.999,10471.866
137.790,184.298,-0.006,5,5610.229,10472.690
137.800,184.297,-0.006,5,5610.192,10473.513
137.810,184.295,-0.006,5,5610.154,10474.337
137.820,184.294,-0.006,5,5610.116,10475.161
137.830,184.293,-0.006,5,5610.079,10475.985
137.840,184.292,-0.006,5,5610.041,10476.809
137.850,184.290,-0.006,5,5610.004,10477.633
137.860,184.289,0.034,5,5609.966,10478.457
137.870,184.297,-0.006,5,5610.197,10479.280
137.880,184.296,-0.006,5,5610.159,10480.104
137.890,184.294,-0.006,5,5610.121,10480.928
137.900,184.293,-0.006,5,5610.084,10481.752
137.910,184.292,-0.006,5,5610.046,10482.576
137.920,184.291,-0.006,5,5610.009,10483.400
137.930,184.289,0.034,5,5609.971,10484.224
137.940,184.297,-0.006,5,5610.201,10485.047
137.950,184.296,-0.006,5,5610.164,10485.871
137.960,184.294,-0.006,5,5610.126,10486.695
137.970,184.293,-0.006,5,5610.089,10487.519
137.980,184.292,-0.006,5,5610.051,10488.343
137.990,184.291,-0.006,5,5610.013,10489.167
138.000,184.290,0.034,5,5609.976,10489.991
138.010,184.297,-0.006,5,5610.206,10490.815
138.020,184.296,-0.006,5,5610.169,10491.638
138.030,184.295,-0.006,5,5610.131,10492.462
138.040,184.293,-0.006,5,5610.093,10493.286
138.050,184.292,-0.006,5,5610.056,10494.110
138.060,184.291,-0.006,5,5610.018,10494.934
138.070,184.290,0.034,5,5609.981,10495.758
138.080,184.297,-0.006,5,5610.211,10496.582
138.090,184.296,-0.006,5,5610.173,10497.405
138.100,184.295,-0.006,5,5610.136,10498.229
138.110,184.294,-0.006,5,5610.098,10499.053
138.120,184.292,-0.006,5,5610.061,10499.877
138.130,184.291,-0.006,5,5610.023,10500.701
138.140,184.290,0.034,5,5609.985,10501.525
138.150,184.297,-0.006,5,5610.216,10502.349
138.160,184.296,-0.006,5,5610.178,10503.173
138.170,184.295,-0.006,5,5610.141,10503.996
138.180,184.294,-0.006,5,5610.103,10504.820
138.190,184.292,-0.006,5,5610.065,10505.644
138.200,184.291,-0.006,5,5610.028,10506.468
138.210,184.290,0.034,5,5609.990,10507.292
138.220,184.298,-0.006,5,5610.221,10508.116
138.230,184.296,-0.006,5,5610.183,10508.940
138.240,184.295,-0.006,5,5610.145,10509.763
138.250,184.294,-0.006,5,5610.108,10510.587
138.260,184.293,-0.006,5,5610.070,10511.411
138.270,184.291,-0.006,5,5610.033,10512.235
138.280,184.290,0.034,5,5609.995,10513.059
138.290,184.298,-0.006,5,5610.225,10513.883
138.300,184.296,-0.006,5,5610.188,10514.707
138.310,184.295,-0.006,5,5610.150,10515.530
138.320,184.294,-0.006,5,5610.113,10516.354
138.330,184.293,-0.006,5,5610.075,10517.178
138.340,184.292,-0.006,5,5610.037,10518.002
138.350,184.290,0.034,5,5610.000,10518.826
138.360,184.298,-0.006,5,5610.230,10519.650
138.370,184.297,-0.006,5,5610.193,10520.474
138.380,184.295,-0.006,5,5610.155,10521.298
138.390,184.294,-0.006,5,5610.117,10522.121
138.400,184.293,-0.006,5,5610.080,10522.945
138.410,184.292,-0.006,5,5610.042,10523.769
138.420,184.290,-0.006,5,5610.005,10524.593
138.430,184.289,0.034,5,5609.967,10525.417
138.440,184.297,-0.006,5,5610.197,10526.241
138.450,184.296,-0.006,5,5610.160,10527.065
138.460,184.294,-0.006,5,5610.122,10527.888
138.470,184.293,-0.006,5,5610.085,10528.712
138.480,184.292,-0.006,5,5610.047,10529.536
138.490,184.291,-0.006,5,5610.009,10530.360
138.500,184.289,0.034,5,5609.972,10531.184
138.510,184.297,-0.006,5,5610.202,10532.008
138.520,184.296,-0.006,5,5610.165,10532.832
138.530,184.295,-0.006,5,5610.127,10533.656
138.540,184.293,-0.006,5,5610.089,10534.479
138.550,184.292,-0.006,5,5610.052,10535.303
138.560,184.291,-0.006,5,5610.014,10536.127
138.570,184.290,0.034,5,5609.977,10536.951
138.580,184.297,-0.006,5,5610.207,10537.775
138.590,184.296,-0.006,5,5610.170,10538.599
138.600,184.295,-0.006,5,5610.132,10539.423
138.610,184.293,-0.006,5,5610.094,10540.246
138.620,184.292,-0.006,5,5610.057,10541.070
138.630,184.291,-0.006,5,5610.019,10541.894
138.640,184.290,0.034,5,5609.982,10542.718
138.650,184.297,-0.006,5,5610.212,10543.542
138.660,184.296,-0.006,5,5610.174,10544.366
138.670,184.295,-0.006,5,5610.137,10545.190
138.680,184.294,-0.006,5,5610.099,10546.013
138.690,184.292,-0.006,5,5610.062,10546.837
138.700,184.291,-0.006,5,5610.024,10547.661
138.710,184.290,0.034,5,5609.986,10548.485
138.720,184.297,-0.006,5,5610.217,10549.309
138.730,184.296,-0.006,5,5610.179,10550.133
138.740,184.295,-0.006,5,5610.142,10550.957
138.750,184.294,-0.006,5,5610.104,10551.781
138.760,184.293,-0.006,5,5610.066,10552.604
138.770,184.291,-0.006,5,5610.029,10553.428
138.780,184.290,0.034,5,5609.991,10554.252
138.790,184.298,-0.006,5,5610.222,10555.076
138.800,184.296,-0.006,5,5610.184,10555.900
138.810,184.295,-0.006,5,5610.146,10556.724
138.820,184.294,-0.006,5,5610.109,10557.548
138.830,184.293,-0.006,5,5610.071,10558.371
138.840,184.291,-0.006,5,5610.034,10559.195
138.850,184.290,0.034,5,5609.996,10560.019
138.860,184.298,-0.006,5,5610.226,10560.843
138.870,184.297,-0.006,5,5610.189,10561.667
138.880,184.295,-0.006,5,5610.151,10562.491
138.890,184.294,-0.006,5,5610.113,10563.315
138.900,184.293,-0.006,5,5610.076,10564.139
138.910,184.292,-0.006,5,5610.038,10564.962
138.920,184.290,-0.006,5,5610.001,10565.786
138.930,184.289,0.034,5,5609.963,10566.610
138.940,184.297,-0.006,5,5610.194,10567.434
138.950,184.295,-0.006,5,5610.156,10568.258
138.960,184.294,-0.006,5,5610.118,10569.082
138.970,184.293,-0.006,5,5610.081,10569.906
138.980,184.292,-0.006,5,5610.043,10570.729
138.990,184.291,-0.006,5,5610.006,10571.553
139.000,184.289,0.034,5,5609.968,10572.377
139.010,184.297,-0.006,5,5610.199,10573.201
139.020,184.296,-0.006,5,5610.161,10574.025
139.030,184.294,-0.006,5,5610.123,10574.849
139.040,184.293,-0.006,5,5610.086,10575.673
139.050,184.292,-0.006,5,5610.048,10576.496
139.060,184.291,-0.006,5,5610.010,10577.320
139.070,184.289,0.034,5,5609.973,10578.144
139.080,184.297,-0.006,5,5610.203,10578.968
139.090,184.296,-0.006,5,5610.166,10579.792
139.100,184.295,-0.006,5,5610.128,10580.616
139.110,184.293,-0.006,5,5610.090,10581.440
139.120,184.292,-0.006,5,5610.053,10582.263
139.130,184.291,-0.006,5,5610.015,10583.087
139.140,184.290,0.034,5,5609.978,10583.911
139.150,184.297,-0.006,5,5610.208,10584.735
139.160,184.296,-0.006,5,5610.171,10585.559
139.170,184.295,-0.006,5,5610.133,10586.383
139.180,184.293,-0.006,5,5610.095,10587.207
139.190,184.292,-0.006,5,5610.058,10588.031
139.200,184.291,-0.006,5,5610.020,10588.854
139.210,184.290,0.034,5,5609.983,10589.678
139.220,184.297,-0.006,5,5610.213,10590.502
139.230,184.296,-0.006,5,5610.175,10591.326
139.240,184.295,-0.006,5,5610.138,10592.150
139.250,184.294,-0.006,5,5610.100,10592.974
139.260,184.292,-0.006,5,5610.063,10593.798
139.270,184.291,-0.006,5,5610.025,10594.621
139.280,184.290,0.034,5,5609.987,10595.445
139.290,184.297,-0.006,5,5610.218,10596.269
139.300,184.296,-0.006,5,5610.180,10597.093
139.310,184.295,-0.006,5,5610.143,10597.917
139.320,184.294,-0.006,5,5610.105,10598.741
139.330,184.293,-0.006,5,5610.067,10599.565
139.340,184.291,-0.006,5,5610.030,10600.389
139.350,184.290,0.034,5,5609.992,10601.212
139.360,184.298,-0.006,5,5610.223,10602.036
139.370,184.296,-0.006,5,5610.185,10602.860
139.380,184.295,-0.006,5,5610.147,10603.684
139.390,184.294,-0.006,5,5610.110,10604.508
139.400,184.293,-0.006,5,5610.072,10605.332
139.410,184.291,-0.006,5,5610.035,10606.156
139.420,184.290,0.034,5,5609.997,10606.979
139.430,184.298,-0.006,5,5610.227,10607.803
139.440,184.297,-0.006,5,5610.190,10608.627
139.450,184.295,-0.006,5,5610.152,10609.451
139.460,184.294,-0.006,5,5610.114,10610.275
139.470,184.293,-0.006,5,5610.077,10611.099
139.480,184.292,-0.006,5,5610.039,10611.923
139.490,184.290,-0.006,5,5610.002,10612.746
139.500,184.289,0.034,5,5609.964,10613.570
139.510,184.297,-0.006,5,5610.195,10614.394
139.520,184.295,-0.006,5,5610.157,10615.218
139.530,184.294,-0.006,5,5610.119,10616.042
139.540,184.293,-0.006,5,5610.082,10616.866
139.550,184.292,-0.006,5,5610.044,10617.690
139.560,184.291,-0.006,5,5610.007,10618.514
139.570,184.289,0.034,5,5609.969,10619.337
139.580,184.297,-0.006,5,5610.200,10620.161
139.590,184.296,-0.006,5,5610.162,10620.985
139.600,184.294,-0.006,5,5610.124,10621.809
139.610,184.293,-0.006,5,5610.087,10622.633
139.620,184.292,-0.006,5,5610.049,10623.457
139.630,184.291,-0.006,5,5610.011,10624.281
139.640,184.289,0.034,5,5609.974,10625.104
139.650,184.297,-0.006,5,5610.204,10625.928
139.660,184.296,-0.006,5,5610.167,10626.752
139.670,184.295,-0.006,5,5610.129,10627.576
139.680,184.293,-0.006,5,5610.091,10628.400
139.690,184.292,-0.006,5,5610.054,10629.224
139.700,184.291,-0.006,5,5610.016,10630.048
139.710,184.290,0.034,5,5609.979,10630.871
139.720,184.297,-0.006,5,5610.209,10631.695
139.730,184.296,-0.006,5,5610.172,10632.519
139.740,184.295,-0.006,5,5610.134,10633.343
139.750,184.293,-0.006,5,5610.096,10634.167
139.760,184.292,-0.006,5,5610.059,10634.991
139.770,184.291,-0.006,5,5610.021,10635.815
139.780,184.290,0.034,5,5609.984,10636.639
139.790,184.297,-0.006,5,5610.214,10637.462
139.800,184.296,-0.006,5,5610.176,10638.286
139.810,184.295,-0.006,5,5610.139,10639.110
139.820,184.294,-0.006,5,5610.101,10639.934
139.830,184.292,-0.006,5,5610.064,10640.758
139.840,184.291,-0.006,5,5610.026,10641.582
139.850,184.290,0.034,5,5609.988,10642.406
139.860,184.298,-0.006,5,5610.219,10643.229
139.870,184.296,-0.006,5,5610.181,10644.053
139.880,184.295,-0.006,5,5610.144,10644.877
139.890,184.294,-0.006,5,5610.106,10645.701
139.900,184.293,-0.006,5,5610.068,10646.525
139.910,184.291,-0.006,5,5610.031,10647.349
139.920,184.290,0.034,5,5609.993,10648.173
139.930,184.298,-0.006,5,5610.224,10648.996
139.940,184.296,-0.006,5,5610.186,10649.820
139.950,184.295,-0.006,5,5610.148,10650.644
139.960,184.294,-0.006,5,5610.111,10651.468
139.970,184.293,-0.006,5,5610.073,10652.292
139.980,184.291,-0.006,5,5610.036,10653.116
139.990,184.290,0.034,5,5609.998,10653.940
140.000,184.298,-0.006,5,5610.228,10654.764
140.010,184.297,-0.006,5,5610.191,10655.587
140.020,184.295,-0.006,5,5610.153,10656.411
140.030,184.294,-0.006,5,5610.115,10657.235
140.040,184.293,-0.006,5,5610.078,10658.059
140.050,184.292,-0.006,5,5610.040,10658.883
140.060,184.290,-0.006,5,5610.003,10659.707
140.070,184.289,0.034,5,5609.965,10660.531
140.080,184.297,-0.006,5,5610.196,10661.354
140.090,184.296,-0.006,5,5610.158,10662.178
140.100,184.294,-0.006,5,5610.120,10663.002
140.110,184.293,-0.006,5,5610.083,10663.826
140.120,184.292,-0.006,5,5610.045,10664.650
140.130,184.291,-0.006,5,5610.008,10665.474
140.140,184.289,0.034,5,5609.970,10666.298
140.150,184.297,-0.006,5,5610.200,10667.121
140.160,184.296,-0.006,5,5610.163,10667.945
140.170,184.294,-0.006,5,5610.125,10668.769
140.180,184.293,-0.006,5,5610.088,10669.593
140.190,184.292,-0.006,5,5610.050,10670.417
140.200,184.291,-0.006,5,5610.012,10671.241
140.210,184.290,0.034,5,5609.975,10672.065
140.220,184.297,-0.006,5,5610.205,10672.889
140.230,184.296,-0.006,5,5610.168,10673.712
140.240,184.295,-0.006,5,5610.130,10674.536
140.250,184.293,-0.006,5,5610.092,10675.360
140.260,184.292,-0.006,5,5610.055,10676.184
140.270,184.291,-0.006,5,5610.017,10677.008
140.280,184.290,0.034,5,5609.980,10677.832
140.290,184.297,-0.006,5,5610.210,10678.656
140.300,184.296,-0.006,5,5610.173,10679.479
140.310,184.295,-0.006,5,5610.135,10680.303
140.320,184.294,-0.006,5,5610.097,10681.127
140.330,184.292,-0.006,5,5610.060,10681.951
140.340,184.291,-0.006,5,5610.022,10682.775
140.350,184.290,0.034,5,5609.985,10683.599
140.360,184.297,-0.006,5,5610.215,10684.423
140.370,184.296,-0.006,5,5610.177,10685.247
140.380,184.295,-0.006,5,5610.140,10686.070
140.390,184.294,-0.006,5,5610.102,10686.894
140.400,184.292,-0.006,5,5610.064,10687.718
140.410,184.291,-0.006,5,5610.027,10688.542
140.420,184.290,0.034,5,5609.989,10689.366
140.430,184.298,-0.006,5,5610.220,10690.190
140.440,184.296,-0.006,5,5610.182,10691.014
140.450,184.295,-0.006,5,5610.144,10691.837
140.460,184.294,-0.006,5,5610.107,10692.661
140.470,184.293,-0.006,5,5610.069,10693.485
140.480,184.291,-0.006,5,5610.032,10694.309
140.490,184.290,0.034,5,5609.994,10695.133
140.500,184.298,-0.006,5,5610.225,10695.957
140.510,184.296,-0.006,5,5610.187,10696.781
140.520,184.295,-0.006,5,5610.149,10697.605
140.530,184.294,-0.006,5,5610.112,10698.428
140.540,184.293,-0.006,5,5610.074,10699.252
140.550,184.292,-0.006,5,5610.036,10700.076
140.560,184.290,0.034,5,5609.999,10700.900
140.570,184.298,-0.006,5,5610.229,10701.724
140.580,184.297,-0.006,5,5610.192,10702.548
140.590,184.295,-0.006,5,5610.154,10703.372
140.600,184.294,-0.006,5,5610.116,10704.195
140.610,184.293,-0.006,5,5610.079,10705.019
140.620,184.292,-0.006,5,5610.041,10705.843
140.630,184.290,-0.006,5,5610.004,10706.667
140.640,184.289,0.034,5,5609.966,10707.491
140.650,184.297,-0.006,5,5610.197,10708.315
140.660,184.296,-0.006,5,5610.159,10709.139
140.670,184.294,-0.006,5,5610.121,10709.962
140.680,184.293,-0.006,5,5610.084,10710.786
140.690,184.292,-0.006,5,5610.046,10711.610
140.700,184.291,-0.006,5,5610.009,10712.434
140.710,184.289,0.034,5,5609.971,10713.258
140.720,184.297,-0.006,5,5610.201,10714.082
140.730,184.296,-0.006,5,5610.164,10714.906
140.740,184.294,-0.006,5,5610.126,10715.730
140.750,184.293,-0.006,5,5610.089,10716.553
140.760,184.292,-0.006,5,5610.051,10717.377
140.770,184.291,-0.006,5,5610.013,10718.201
140.780,184.290,0.034,5,5609.976,10719.025
140.790,184.297,-0.006,5,5610.206,10719.849
140.800,184.296,-0.006,5,5610.169,10720.673
140.810,184.295,-0.006,5,5610.131,10721.497
140.820,184.293,-0.006,5,5610.093,10722.320
140.830,184.292,-0.006,5,5610.056,10723.144
140.840,184.291,-0.006,5,5610.018,10723.968
140.850,184.290,0.034,5,5609.981,10724.792
140.860,184.297,-0.006,5,5610.211,10725.616
140.870,184.296,-0.006,5,5610.173,10726.440
140.880,184.295,-0.006,5,5610.136,10727.264
140.890,184.294,-0.006,5,5610.098,10728.087
140.900,184.292,-0.006,5,5610.061,10728.911
140.910,184.291,-0.006,5,5610.023,10729.735
140.920,184.290,0.034,5,5609.985,10730.559
140.930,184.297,-0.006,5,5610.216,10731.383
140.940,184.296,-0.006,5,5610.178,10732.207
140.950,184.295,-0.006,5,5610.141,10733.031
140.960,184.294,-0.006,5,5610.103,10733.855
140.970,184.292,-0.006,5,5610.065,10734.678
140.980,184.291,-0.006,5,5610.028,10735.502
140.990,184.290,0.034,5,5609.990,10736.326
141.000,184.298,-0.006,5,5610.221,10737.150
141.010,184.296,-0.006,5,5610.183,10737.974
141.020,184.295,-0.006,5,5610.145,10738.798
141.030,184.294,-0.006,5,5610.108,10739.622
141.040,184.293,-0.006,5,5610.070,10740.445
141.050,184.291,-0.006,5,5610.033,10741.269
141.060,184.290,0.034,5,5609.995,10742.093
141.070,184.298,-0.006,5,5610.226,10742.917
141.080,184.296,-0.006,5,5610.188,10743.741
141.090,184.295,-0.006,5,5610.150,10744.565
141.100,184.294,-0.006,5,5610.113,10745.389
141.110,184.293,-0.006,5,5610.075,10746.213
141.120,184.292,-0.006,5,5610.037,10747.036
141.130,184.290,0.034,5,5610.000,10747.860
141.140,184.298,-0.006,5,5610.230,10748.684
141.150,184.297,-0.006,5,5610.193,10749.508
141.160,184.295,-0.006,5,5610.155,10750.332
141.170,184.294,-0.006,5,5610.117,10751.156
141.180,184.293,-0.006,5,5610.080,10751.980
141.190,184.292,-0.006,5,5610.042,10752.803
141.200,184.290,-0.006,5,5610.005,10753.627
141.210,184.289,0.034,5,5609.967,10754.451
141.220,184.297,-0.006,5,5610.197,10755.275
141.230,184.296,-0.006,5,5610.160,10756.099
141.240,184.294,-0.006,5,5610.122,10756.923
141.250,184.293,-0.006,5,5610.085,10757.747
141.260,184.292,-0.006,5,5610.047,10758.570
141.270,184.291,-0.006,5,5610.009,10759.394
141.280,184.289,0.034,5,5609.972,10760.218
141.290,184.297,-0.006,5,5610.202,10761.042
141.300,184.296,-0.006,5,5610.165,10761.866
141.310,184.295,-0.006,5,5610.127,10762.690
141.320,184.293,-0.006,5,5610.089,10763.514
141.330,184.292,-0.006,5,5610.052,10764.338
141.340,184.291,-0.006,5,5610.014,10765.161
141.350,184.290,0.034,5,5609.977,10765.985
141.360,184.297,-0.006,5,5610.207,10766.809
141.370,184.296,-0.006,5,5610.170,10767.633
141.380,184.295,-0.006,5,5610.132,10768.457
141.390,184.293,-0.006,5,5610.094,10769.281
141.400,184.292,-0.006,5,5610.057,10770.105
141.410,184.291,-0.006,5,5610.019,10770.928
141.420,184.290,0.034,5,5609.982,10771.752
141.430,184.297,-0.006,5,5610.212,10772.576
141.440,184.296,-0.006,5,5610.174,10773.400
141.450,184.295,-0.006,5,5610.137,10774.224
141.460,184.294,-0.006,5,5610.099,10775.048
141.470,184.292,-0.006,5,5610.062,10775.872
141.480,184.291,-0.006,5,5610.024,10776.695
141.490,184.290,0.034,5,5609.986,10777.519
141.500,184.297,-0.006,5,5610.217,10778.343
141.510,184.296,-0.006,5,5610.179,10779.167
141.520,184.295,-0.006,5,5610.142,10779.991
141.530,184.294,-0.006,5,5610.104,10780.815
141.540,184.293,-0.006,5,5610.066,10781.639
141.550,184.291,-0.006,5,5610.029,10782.463
141.560,184.290,0.034,5,5609.991,10783.286
141.570,184.298,-0.006,5,5610.222,10784.110
141.580,184.296,-0.006,5,5610.184,10784.934
141.590,184.295,-0.006,5,5610.146,10785.758
141.600,184.294,-0.006,5,5610.109,10786.582
141.610,184.293,-0.006,5,5610.071,10787.406
141.620,184.291,-0.006,5,5610.034,10788.230
141.630,184.290,0.034,5,5609.996,10789.053
141.640,184.298,-0.006,5,5610.226,10789.877
141.650,184.297,-0.006,5,5610.189,10790.701
141.660,184.295,-0.006,5,5610.151,10791.525
141.670,184.294,-0.006,5,5610.113,10792.349
141.680,184.293,-0.006,5,5610.076,10793.173
141.690,184.292,-0.006,5,5610.038,10793.997
141.700,184.290,-0.006,5,5610.001,10794.821
141.710,184.289,0.034,5,5609.963,10795.644
141.720,184.297,-0.006,5,5610.194,10796.468
141.730,184.295,-0.006,5,5610.156,10797.292
141.740,184.294,-0.006,5,5610.118,10798.116
141.750,184.293,-0.006,5,5610.081,10798.940
141.760,184.292,-0.006,5,5610.043,10799.764
141.770,184.291,-0.006,5,5610.006,10800.588
141.780,184.289,0.034,5,5609.968,10801.411
141.790,184.297,-0.006,5,5610.199,10802.235
141.800,184.296,-0.006,5,5610.161,10803.059
141.810,184.294,-0.006,5,5610.123,10803.883
141.820,184.293,-0.006,5,5610.086,10804.707
141.830,184.292,-0.006,5,5610.048,10805.531
141.840,184.291,-0.006,5,5610.010,10806.355
141.850,184.289,0.034,5,5609.973,10807.178
141.860,184.297,-0.006,5,5610.203,10808.002
141.870,184.296,-0.006,5,5610.166,10808.826
141.880,184.295,-0.006,5,5610.128,10809.650
141.890,184.293,-0.006,5,5610.090,10810.474
141.900,184.292,-0.006,5,5610.053,10811.298
141.910,184.291,-0.006,5,5610.015,10812.122
141.920,184.290,0.034,5,5609.978,10812.945
141.930,184.297,-0.006,5,5610.208,10813.769
141.940,184.296,-0.006,5,5610.171,10814.593
141.950,184.295,-0.006,5,5610.133,10815.417
141.960,184.293,-0.006,5,5610.095,10816.241
141.970,184.292,-0.006,5,5610.058,10817.065
141.980,184.291,-0.006,5,5610.020,10817.889
141.990,184.290,0.034,5,5609.983,10818.713
142.000,184.297,-0.006,5,5610.213,10819.536
142.010,184.296,-0.006,5,5610.175,10820.360
142.020,184.295,-0.006,5,5610.138,10821.184
142.030,184.294,-0.006,5,5610.100,10822.008
142.040,184.292,-0.006,5,5610.063,10822.832
142.050,184.291,-0.006,5,5610.025,10823.656
142.060,184.290,0.034,5,5609.987,10824.480
142.070,184.297,-0.006,5,5610.218,10825.303
142.080,184.296,-0.006,5,5610.180,10826.127
142.090,184.295,-0.006,5,5610.143,10826.951
142.100,184.294,-0.006,5,5610.105,10827.775
142.110,184.293,-0.006,5,5610.067,10828.599
142.120,184.291,-0.006,5,5610.030,10829.423
142.130,184.290,0.034,5,5609.992,10830.247
142.140,184.298,-0.006,5,5610.223,10831.071
142.150,184.296,-0.006,5,5610.185,10831.894
142.160,184.295,-0.006,5,5610.147,10832.718
142.170,184.294,-0.006,5,5610.110,10833.542
142.180,184.293,-0.006,5,5610.072,10834.366
142.190,184.291,-0.006,5,5610.035,10835.190
142.200,184.290,0.034,5,5609.997,10836.014
142.210,184.298,-0.006,5,5610.227,10836.838
142.220,184.297,-0.006,5,5610.190,10837.661
142.230,184.295,-0.006,5,5610.152,10838.485
142.240,184.294,-0.006,5,5610.115,10839.309
142.250,184.293,-0.006,5,5610.077,10840.133
142.260,184.292,-0.006,5,5610.039,10840.957
142.270,184.290,-0.006,5,5610.002,10841.781
142.280,184.289,0.034,5,5609.964,10842.605
142.290,184.297,-0.006,5,5610.195,10843.428
142.300,184.295,-0.006,5,5610.157,10844.252
142.310,184.294,-0.006,5,5610.119,10845.076
142.320,184.293,-0.006,5,5610.082,10845.900
142.330,184.292,-0.006,5,5610.044,10846.724
142.340,184.291,-0.006,5,5610.007,10847.548
142.350,184.289,0.034,5,5609.969,10848.372
142.360,184.297,-0.006,5,5610.200,10849.196
142.370,184.296,-0.006,5,5610.162,10850.019
142.380,184.294,-0.006,5,5610.124,10850.843
142.390,184.293,-0.006,5,5610.087,10851.667
142.400,184.292,-0.006,5,5610.049,10852.491
142.410,184.291,-0.006,5,5610.011,10853.315
142.420,184.289,0.034,5,5609.974,10854.139
142.430,184.297,-0.006,5,5610.204,10854.963
142.440,184.296,-0.006,5,5610.167,10855.786
142.450,184.295,-0.006,5,5610.129,10856.610
142.460,184.293,-0.006,5,5610.091,10857.434
142.470,184.292,-0.006,5,5610.054,10858.258
142.480,184.291,-0.006,5,5610.016,10859.082
142.490,184.290,0.034,5,5609.979,10859.906
142.500,184.297,-0.006,5,5610.209,10860.730
142.510,184.296,-0.006,5,5610.172,10861.553
142.520,184.295,-0.006,5,5610.134,10862.377
142.530,184.293,-0.006,5,5610.096,10863.201
142.540,184.292,-0.006,5,5610.059,10864.025
142.550,184.291,-0.006,5,5610.021,10864.849
142.560,184.290,0.034,5,5609.984,10865.673
142.570,184.297,-0.006,5,5610.214,10866.497
142.580,184.296,-0.006,5,5610.176,10867.321
142.590,184.295,-0.006,5,5610.139,10868.144
142.600,184.294,-0.006,5,5610.101,10868.968
142.610,184.292,-0.006,5,5610.064,10869.792
142.620,184.291,-0.006,5,5610.026,10870.616
142.630,184.290,0.034,5,5609.988,10871.440
142.640,184.298,-0.006,5,5610.219,10872.264
142.650,184.296,-0.006,5,5610.181,10873.088
142.660,184.295,-0.006,5,5610.144,10873.911
142.670,184.294,-0.006,5,5610.106,10874.735
142.680,184.293,-0.006,5,5610.068,10875.559
142.690,184.291,-0.006,5,5610.031,10876.383
142.700,184.290,0.034,5,5609.993,10877.207
142.710,184.298,-0.006,5,5610.224,10878.031
142.720,184.296,-0.006,5,5610.186,10878.855
142.730,184.295,-0.006,5,5610.148,10879.679
142.740,184.294,-0.006,5,5610.111,10880.502
142.750,184.293,-0.006,5,5610.073,10881.326
142.760,184.291,-0.006,5,5610.036,10882.150
142.770,184.290,0.034,5,5609.998,10882.974
142.780,184.298,-0.006,5,5610.228,10883.798
142.790,184.297,-0.006,5,5610.191,10884.622
142.800,184.295,-0.006,5,5610.153,10885.446
142.810,184.294,-0.006,5,5610.115,10886.269
142.820,184.293,-0.006,5,5610.078,10887.093
142.830,184.292,-0.006,5,5610.040,10887.917
142.840,184.290,-0.006,5,5610.003,10888.741
142.850,184.289,0.034,5,5609.965,10889.565
142.860,184.297,-0.006,5,5610.196,10890.389
142.870,184.296,-0.006,5,5610.158,10891.213
142.880,184.294,-0.006,5,5610.120,10892.036
142.890,184.293,-0.006,5,5610.083,10892.860
142.900,184.292,-0.006,5,5610.045,10893.684
142.910,184.291,-0.006,5,5610.008,10894.508
142.920,184.289,0.034,5,5609.970,10895.332
142.930,184.297,-0.006,5,5610.200,10896.156
142.940,184.296,-0.006,5,5610.163,10896.980
142.950,184.294,-0.006,5,5610.125,10897.804
142.960,184.293,-0.006,5,5610.088,10898.627
142.970,184.292,-0.006,5,5610.050,10899.451
142.980,184.291,-0.006,5,5610.012,10900.275
142.990,184.290,0.034,5,5609.975,10901.099
143.000,184.297,-0.006,5,5610.205,10901.923
143.010,184.296,-0.006,5,5610.168,10902.747
143.020,184.295,-0.006,5,5610.130,10903.571
143.030,184.293,-0.006,5,5610.092,10904.394
143.040,184.292,-0.006,5,5610.055,10905.218
143.050,184.291,-0.006,5,5610.017,10906.042
143.060,184.290,0.034,5,5609.980,10906.866
143.070,184.297,-0.006,5,5610.210,10907.690
143.080,184.296,-0.006,5,5610.173,10908.514
143.090,184.295,-0.006,5,5610.135,10909.338
143.100,184.294,-0.006,5,5610.097,10910.161
143.110,184.292,-0.006,5,5610.060,10910.985
143.120,184.291,-0.006,5,5610.022,10911.809
143.130,184.290,0.034,5,5609.985,10912.633
143.140,184.297,-0.006,5,5610.215,10913.457
143.150,184.296,-0.006,5,5610.177,10914.281
143.160,184.295,-0.006,5,5610.140,10915.105
143.170,184.294,-0.006,5,5610.102,10915.929
143.180,184.292,-0.006,5,5610.064,10916.752
143.190,184.291,-0.006,5,5610.027,10917.576
143.200,184.290,0.034,5,5609.989,10918.400
143.210,184.298,-0.006,5,5610.220,10919.224
143.220,184.296,-0.006,5,5610.182,10920.048
143.230,184.295,-0.006,5,5610.144,10920.872
143.240,184.294,-0.006,5,5610.107,10921.696
143.250,184.293,-0.006,5,5610.069,10922.519
143.260,184.291,-0.006,5,5610.032,10923.343
143.270,184.290,0.034,5,5609.994,10924.167
143.280,184.298,-0.006,5,5610.225,10924.991
143.290,184.296,-0.006,5,5610.187,10925.815
143.300,184.295,-0.006,5,5610.149,10926.639
143.310,184.294,-0.006,5,5610.112,10927.463
143.320,184.293,-0.006,5,5610.074,10928.287
143.330,184.292,-0.006,5,5610.036,10929.110
143.340,184.290,0.034,5,5609.999,10929.934
143.350,184.298,-0.006,5,5610.229,10930.758
143.360,184.297,-0.006,5,5610.192,10931.582
143.370,184.295,-0.006,5,5610.154,10932.406
143.380,184.294,-0.006,5,5610.116,10933.230
143.390,184.293,-0.006,5,5610.079,10934.054
143.400,184.292,-0.006,5,5610.041,10934.877
143.410,184.290,-0.006,5,5610.004,10935.701
143.420,184.289,0.034,5,5609.966,10936.525
143.430,184.297,-0.006,5,5610.197,10937.349
143.440,184.296,-0.006,5,5610.159,10938.173
143.450,184.294,-0.006,5,5610.121,10938.997
143.460,184.293,-0.006,5,5610.084,10939.821
143.470,184.292,-0.006,5,5610.046,10940.644
143.480,184.291,-0.006,5,5610.009,10941.468
143.490,184.289,0.034,5,5609.971,10942.292
143.500,184.297,-0.006,5,5610.201,10943.116
143.510,184.296,-0.006,5,5610.164,10943.940
143.520,184.294,-0.006,5,5610.126,10944.764
143.530,184.293,-0.006,5,5610.089,10945.588
143.540,184.292,-0.006,5,5610.051,10946.412
143.550,184.291,-0.006,5,5610.013,10947.235
143.560,184.290,0.034,5,5609.976,10948.059
143.570,184.297,-0.006,5,5610.206,10948.883
143.580,184.296,-0.006,5,5610.169,10949.707
143.590,184.295,-0.006,5,5610.131,10950.531
143.600,184.293,-0.006,5,5610.093,10951.355
143.610,184.292,-0.006,5,5610.056,10952.179
143.620,184.291,-0.006,5,5610.018,10953.002
143.630,184.290,0.034,5,5609.981,10953.826
143.640,184.297,-0.006,5,5610.211,10954.650
143.650,184.296,-0.006,5,5610.173,10955.474
143.660,184.295,-0.006,5,5610.136,10956.298
143.670,184.294,-0.006,5,5610.098,10957.122
143.680,184.292,-0.006,5,5610.061,10957.946
143.690,184.291,-0.006,5,5610.023,10958.769
143.700,184.290,0.034,5,5609.985,10959.593
143.710,184.297,-0.006,5,5610.216,10960.417
143.720,184.296,-0.006,5,5610.178,10961.241
143.730,184.295,-0.006,5,5610.141,10962.065
143.740,184.294,-0.006,5,5610.103,10962.889
143.750,184.292,-0.006,5,5610.065,10963.713
143.760,184.291,-0.006,5,5610.028,10964.537
143.770,184.290,0.034,5,5609.990,10965.360
143.780,184.298,-0.006,5,5610.221,10966.184
143.790,184.296,-0.006,5,5610.183,10967.008
143.800,184.295,-0.006,5,5610.145,10967.832
143.810,184.294,-0.006,5,5610.108,10968.656
143.820,184.293,-0.006,5,5610.070,10969.480
143.830,184.291,-0.006,5,5610.033,10970.304
143.840,184.290,0.034,5,5609.995,10971.127
143.850,184.298,-0.006,5,5610.226,10971.951
143.860,184.296,-0.006,5,5610.188,10972.775
143.870,184.295,-0.006,5,5610.150,10973.599
143.880,184.294,-0.006,5,5610.113,10974.423
143.890,184.293,-0.006,5,5610.075,10975.247
143.900,184.292,-0.006,5,5610.037,10976.071
143.910,184.290,0.034,5,5610.000,10976.895
143.920,184.298,-0.006,5,5610.230,10977.718
143.930,184.297,-0.006,5,5610.193,10978.542
143.940,184.295,-0.006,5,5610.155,10979.366
143.950,184.294,-0.006,5,5610.117,10980.190
143.960,184.293,-0.006,5,5610.080,10981.014
143.970,184.292,-0.006,5,5610.042,10981.838
143.980,184.290,-0.006,5,5610.005,10982.662
143.990,184.289,0.034,5,5609.967,10983.485
144.000,184.297,-0.006,5,5610.197,10984.309
144.010,184.296,-0.006,5,5610.160,10985.133
144.020,184.294,-0.006,5,5610.122,10985.957
144.030,184.293,-0.006,5,5610.085,10986.781
144.040,184.292,-0.006,5,5610.047,10987.605
144.050,184.291,-0.006,5,5610.009,10988.429
144.060,184.289,0.034,5,5609.972,10989.252
144.070,184.297,-0.006,5,5610.202,10990.076
144.080,184.296,-0.006,5,5610.165,10990.900
144.090,184.295,-0.006,5,5610.127,10991.724
144.100,184.293,-0.006,5,5610.089,10992.548
144.110,184.292,-0.006,5,5610.052,10993.372
144.120,184.291,-0.006,5,5610.014,10994.196
144.130,184.290,0.034,5,5609.977,10995.020
144.140,184.297,-0.006,5,5610.207,10995.843
144.150,184.296,-0.006,5,5610.170,10996.667
144.160,184.295,-0.006,5,5610.132,10997.491
144.170,184.293,-0.006,5,5610.094,10998.315
144.180,184.292,-0.006,5,5610.057,10999.139
144.190,184.291,-0.006,5,5610.019,10999.963
144.200,184.290,0.034,5,5609.982,11000.787
144.210,184.297,-0.006,5,5610.212,11001.610
144.220,184.296,-0.006,5,5610.174,11002.434
144.230,184.295,-0.006,5,5610.137,11003.258
144.240,184.294,-0.006,5,5610.099,11004.082
144.250,184.292,-0.006,5,5610.062,11004.906
144.260,184.291,-0.006,5,5610.024,11005.730
144.270,184.290,0.034,5,5609.986,11006.554
144.280,184.297,-0.006,5,5610.217,11007.377
144.290,184.296,-0.006,5,5610.179,11008.201
144.300,184.295,-0.006,5,5610.142,11009.025
144.310,184.294,-0.006,5,5610.104,11009.849
144.320,184.293,-0.006,5,5610.066,11010.673
144.330,184.291,-0.006,5,5610.029,11011.497
144.340,184.290,0.034,5,5609.991,11012.321
144.350,184.298,-0.006,5,5610.222,11013.145
144.360,184.296,-0.006,5,5610.184,11013.968
144.370,184.295,-0.006,5,5610.146,11014.792
144.380,184.294,-0.006,5,5610.109,11015.616
144.390,184.293,-0.006,5,5610.071,11016.440
144.400,184.291,-0.006,5,5610.034,11017.264
144.410,184.290,0.034,5,5609.996,11018.088
144.420,184.298,-0.006,5,5610.226,11018.912
144.430,184.297,-0.006,5,5610.189,11019.735
144.440,184.295,-0.006,5,5610.151,11020.559
144.450,184.294,-0.006,5,5610.113,11021.383
144.460,184.293,-0.006,5,5610.076,11022.207
144.470,184.292,-0.006,5,5610.038,11023.031
144.480,184.290,-0.006,5,5610.001,11023.855
144.490,184.289,0.034,5,5609.963,11024.679
144.500,184.297,-0.006,5,5610.194,11025.503
144.510,184.295,-0.006,5,5610.156,11026.326
144.520,184.294,-0.006,5,5610.118,11027.150
144.530,184.293,-0.006,5,5610.081,11027.974
144.540,184.292,-0.006,5,5610.043,11028.798
144.550,184.291,-0.006,5,5610.006,11029.622
144.560,184.289,0.034,5,5609.968,11030.446
144.570,184.297,-0.006,5,5610.199,11031.270
144.580,184.296,-0.006,5,5610.161,11032.093
144.590,184.294,-0.006,5,5610.123,11032.917
144.600,184.293,-0.006,5,5610.086,11033.741
144.610,184.292,-0.006,5,5610.048,11034.565
144.620,184.291,-0.006,5,5610.010,11035.389
144.630,184.289,0.034,5,5609.973,11036.213
144.640,184.297,-0.006,5,5610.203,11037.037
144.650,184.296,-0.006,5,5610.166,11037.860
144.660,184.295,-0.006,5,5610.128,11038.684
144.670,184.293,-0.006,5,5610.090,11039.508
144.680,184.292,-0.006,5,5610.053,11040.332
144.690,184.291,-0.006,5,5610.015,11041.156
144.700,184.290,0.034,5,5609.978,11041.980
144.710,184.297,-0.006,5,5610.208,11042.804
144.720,184.296,-0.006,5,5610.171,11043.628
144.730,184.295,-0.006,5,5610.133,11044.451
144.740,184.293,-0.006,5,5610.095,11045.275
144.750,184.292,-0.006,5,5610.058,11046.099
144.760,184.291,-0.006,5,5610.020,11046.923
144.770,184.290,0.034,5,5609.983,11047.747
144.780,184.297,-0.006,5,5610.213,11048.571
144.790,184.296,-0.006,5,5610.175,11049.395
144.800,184.295,-0.006,5,5610.138,11050.218
144.810,184.294,-0.006,5,5610.100,11051.042
144.820,184.292,-0.006,5,5610.063,11051.866
144.830,184.291,-0.006,5,5610.025,11052.690
144.840,184.290,0.034,5,5609.987,11053.514
144.850,184.297,-0.006,5,5610.218,11054.338
144.860,184.296,-0.006,5,5610.180,11055.162
144.870,184.295,-0.006,5,5610.143,11055.985
144.880,184.294,-0.006,5,5610.105,11056.809
144.890,184.293,-0.006,5,5610.067,11057.633
144.900,184.291,-0.006,5,5610.030,11058.457
144.910,184.290,0.034,5,5609.992,11059.281
144.920,184.298,-0.006,5,5610.223,11060.105
144.930,184.296,-0.006,5,5610.185,11060.929
144.940,184.295,-0.006,5,5610.147,11061.753
144.950,184.294,-0.006,5,5610.110,11062.576
144.960,184.293,-0.006,5,5610.072,11063.400
144.970,184.291,-0.006,5,5610.035,11064.224
144.980,184.290,0.034,5,5609.997,11065.048
144.990,184.298,-0.006,5,5610.227,11065.872
145.000,184.297,-0.006,5,5610.190,11066.696
145.010,184.295,-0.006,5,5610.152,11067.520
145.020,184.294,-0.006,5,5610.115,11068.343
145.030,184.293,-0.006,5,5610.077,11069.167
145.040,184.292,-0.006,5,5610.039,11069.991
145.050,184.290,-0.006,5,5610.002,11070.815
145.060,184.289,0.034,5,5609.964,11071.639
145.070,184.297,-0.006,5,5610.195,11072.463
145.080,184.295,-0.006,5,5610.157,11073.287
145.090,184.294,-0.006,5,5610.119,11074.111
145.100,184.293,-0.006,5,5610.082,11074.934
145.110,184.292,-0.006,5,5610.044,11075.758
145.120,184.291,-0.006,5,5610.007,11076.582
145.130,184.289,0.034,5,5609.969,11077.406
145.140,184.297,-0.006,5,5610.200,11078.230
145.150,184.296,-0.006,5,5610.162,11079.054
145.160,184.294,-0.006,5,5610.124,11079.878
145.170,184.293,-0.006,5,5610.087,11080.701
145.180,184.292,-0.006,5,5610.049,11081.525
145.190,184.291,-0.006,5,5610.011,11082.349
145.200,184.289,0.034,5,5609.974,11083.173
145.210,184.297,-0.006,5,5610.204,11083.997
145.220,184.296,-0.006,5,5610.167,11084.821
145.230,184.295,-0.006,5,5610.129,11085.645
145.240,184.293,-0.006,5,5610.091,11086.468
145.250,184.292,-0.006,5,5610.054,11087.292
145.260,184.291,-0.006,5,5610.016,11088.116
145.270,184.290,0.034,5,5609.979,11088.940
145.280,184.297,-0.006,5,5610.209,11089.764
145.290,184.296,-0.006,5,5610.172,11090.588
145.300,184.295,-0.006,5,5610.134,11091.412
145.310,184.293,-0.006,5,5610.096,11092.235
145.320,184.292,-0.006,5,5610.059,11093.059
145.330,184.291,-0.006,5,5610.021,11093.883
145.340,184.290,0.034,5,5609.984,11094.707
145.350,184.297,-0.006,5,5610.214,11095.531
145.360,184.296,-0.006,5,5610.176,11096.355
145.370,184.295,-0.006,5,5610.139,11097.179
145.380,184.294,-0.006,5,5610.101,11098.003
145.390,184.292,-0.006,5,5610.064,11098.826
145.400,184.291,-0.006,5,5610.026,11099.650
145.410,184.290,0.034,5,5609.988,11100.474
145.420,184.298,-0.006,5,5610.219,11101.298
145.430,184.296,-0.006,5,5610.181,11102.122
145.440,184.295,-0.006,5,5610.144,11102.946
145.450,184.294,-0.006,5,5610.106,11103.770
145.460,184.293,-0.006,5,5610.068,11104.593
145.470,184.291,-0.006,5,5610.031,11105.417
145.480,184.290,0.034,5,5609.993,11106.241
145.490,184.298,-0.006,5,5610.224,11107.065
145.500,184.296,-0.006,5,5610.186,11107.889
145.510,184.295,-0.006,5,5610.148,11108.713
145.520,184.294,-0.006,5,5610.111,11109.537
145.530,184.293,-0.006,5,5610.073,11110.361
145.540,184.291,-0.006,5,5610.036,11111.184
145.550,184.290,0.034,5,5609.998,11112.008
145.560,184.298,-0.006,5,5610.228,11112.832
145.570,184.297,-0.006,5,5610.191,11113.656
145.580,184.295,-0.006,5,5610.153,11114.480
145.590,184.294,-0.006,5,5610.115,11115.304
145.600,184.293,-0.006,5,5610.078,11116.128
145.610,184.292,-0.006,5,5610.040,11116.951
145.620,184.290,-0.006,5,5610.003,11117.775
145.630,184.289,0.034,5,5609.965,11118.599
145.640,184.297,-0.006,5,5610.196,11119.423
145.650,184.296,-0.006,5,5610.158,11120.247
145.660,184.294,-0.006,5,5610.120,11121.071
145.670,184.293,-0.006,5,5610.083,11121.895
145.680,184.292,-0.006,5,5610.045,11122.718
145.690,184.291,-0.006,5,5610.008,11123.542
145.700,184.289,0.034,5,5609.970,11124.366
145.710,184.297,-0.006,5,5610.200,11125.190
145.720,184.296,-0.006,5,5610.163,11126.014
145.730,184.294,-0.006,5,5610.125,11126.838
145.740,184.293,-0.006,5,5610.088,11127.662
145.750,184.292,-0.006,5,5610.050,11128.486
145.760,184.291,-0.006,5,5610.012,11129.309
145.770,184.290,0.034,5,5609.975,11130.133
145.780,184.297,-0.006,5,5610.205,11130.957
145.790,184.296,-0.006,5,5610.168,11131.781
145.800,184.295,-0.006,5,5610.130,11132.605
145.810,184.293,-0.006,5,5610.092,11133.429
145.820,184.292,-0.006,5,5610.055,11134.253
145.830,184.291,-0.006,5,5610.017,11135.076
145.840,184.290,0.034,5,5609.980,11135.900
145.850,184.297,-0.006,5,5610.210,11136.724
145.860,184.296,-0.006,5,5610.173,11137.548
145.870,184.295,-0.006,5,5610.135,11138.372
145.880,184.294,-0.006,5,5610.097,11139.196
145.890,184.292,-0.006,5,5610.060,11140.020
145.900,184.291,-0.006,5,5610.022,11140.843
145.910,184.290,0.034,5,5609.985,11141.667
145.920,184.297,-0.006,5,5610.215,11142.491
145.930,184.296,-0.006,5,5610.177,11143.315
145.940,184.295,-0.006,5,5610.140,11144.139
145.950,184.294,-0.006,5,5610.102,11144.963
145.960,184.292,-0.006,5,5610.064,11145.787
145.970,184.291,-0.006,5,5610.027,11146.611
145.980,184.290,0.034,5,5609.989,11147.434
145.990,184.298,-0.006,5,5610.220,11148.258
146.000,184.296,-0.006,5,5610.182,11149.082
146.010,184.295,-0.006,5,5610.144,11149.906
146.020,184.294,-0.006,5,5610.107,11150.730
146.030,184.293,-0.006,5,5610.069,11151.554
146.040,184.291,-0.006,5,5610.032,11152.378
146.050,184.290,0.034,5,5609.994,11153.201
146.060,184.298,-0.006,5,5610.225,11154.025
146.070,184.296,-0.006,5,5610.187,11154.849
146.080,184.295,-0.006,5,5610.149,11155.673
146.090,184.294,-0.006,5,5610.112,11156.497
146.100,184.293,-0.006,5,5610.074,11157.321
146.110,184.292,-0.006,5,5610.036,11158.145
146.120,184.290,0.034,5,5609.999,11158.969
146.130,184.298,-0.006,5,5610.229,11159.792
146.140,184.297,-0.006,5,5610.192,11160.616
146.150,184.295,-0.006,5,5610.154,11161.440
146.160,184.294,-0.006,5,5610.116,11162.264
146.170,184.293,-0.006,5,5610.079,11163.088
146.180,184.292,-0.006,5,5610.041,11163.912
146.190,184.290,-0.006,5,5610.004,11164.736
146.200,184.289,0.034,5,5609.966,11165.559
146.210,184.297,-0.006,5,5610.197,11166.383
146.220,184.296,-0.006,5,5610.159,11167.207
146.230,184.294,-0.006,5,5610.121,11168.031
146.240,184.293,-0.006,5,5610.084,11168.855
146.250,184.292,-0.006,5,5610.046,11169.679
146.260,184.291,-0.006,5,5610.009,11170.503
146.270,184.289,0.034,5,5609.971,11171.326
146.280,184.297,-0.006,5,5610.201,11172.150
146.290,184.296,-0.006,5,5610.164,11172.974
146.300,184.294,-0.006,5,5610.126,11173.798
146.310,184.293,-0.006,5,5610.089,11174.622
146.320,184.292,-0.006,5,5610.051,11175.446
146.330,184.291,-0.006,5,5610.013,11176.270
146.340,184.290,0.034,5,5609.976,11177.094
146.350,184.297,-0.006,5,5610.206,11177.917
146.360,184.296,-0.006,5,5610.169,11178.741
146.370,184.295,-0.006,5,5610.131,11179.565
146.380,184.293,-0.006,5,5610.093,11180.389
146.390,184.292,-0.006,5,5610.056,11181.213
146.400,184.291,-0.006,5,5610.018,11182.037
146.410,184.290,0.034,5,5609.981,11182.861
146.420,184.297,-0.006,5,5610.211,11183.684
146.430,184.296,-0.006,5,5610.173,11184.508
146.440,184.295,-0.006,5,5610.136,11185.332
146.450,184.294,-0.006,5,5610.098,11186.156
146.460,184.292,-0.006,5,5610.061,11186.980
146.470,184.291,-0.006,5,5610.023,11187.804
146.480,184.290,0.034,5,5609.985,11188.628
146.490,184.297,-0.006,5,5610.216,11189.451
146.500,184.296,-0.006,5,5610.178,11190.275
146.510,184.295,-0.006,5,5610.141,11191.099
146.520,184.294,-0.006,5,5610.103,11191.923
146.530,184.292,-0.006,5,5610.065,11192.747
146.540,184.291,-0.006,5,5610.028,11193.571
146.550,184.290,0.034,5,5609.990,11194.395
146.560,184.298,-0.006,5,5610.221,11195.219
146.570,184.296,-0.006,5,5610.183,11196.042
146.580,184.295,-0.006,5,5610.145,11196.866
146.590,184.294,-0.006,5,5610.108,11197.690
146.600,184.293,-0.006,5,5610.070,11198.514
146.610,184.291,-0.006,5,5610.033,11199.338
146.620,184.290,0.034,5,5609.995,11200.162
146.630,184.298,-0.006,5,5610.226,11200.986
146.640,184.296,-0.006,5,5610.188,11201.809
146.650,184.295,-0.006,5,5610.150,11202.633
146.660,184.294,-0.006,5,5610.113,11203.457
146.670,184.293,-0.006,5,5610.075,11204.281
146.680,184.292,-0.006,5,5610.037,11205.105
146.690,184.290,0.034,5,5610.000,11205.929
146.700,184.298,-0.006,5,5610.230,11206.753
146.710,184.297,-0.006,5,5610.193,11207.577
146.720,184.295,-0.006,5,5610.155,11208.400
146.730,184.294,-0.006,5,5610.117,11209.224
146.740,184.293,-0.006,5,5610.080,11210.048
146.750,184.292,-0.006,5,5610.042,11210.872
146.760,184.290,-0.006,5,5610.005,11211.696
146.770,184.289,0.034,5,5609.967,11212.520
146.780,184.297,-0.006,5,5610.197,11213.344
146.790,184.296,-0.006,5,5610.160,11214.167
146.800,184.294,-0.006,5,5610.122,11214.991
146.810,184.293,-0.006,5,5610.085,11215.815
146.820,184.292,-0.006,5,5610.047,11216.639
146.830,184.291,-0.006,5,5610.009,11217.463
146.840,184.289,0.034,5,5609.972,11218.287
146.850,184.297,-0.006,5,5610.202,11219.111
146.860,184.296,-0.006,5,5610.165,11219.934
146.870,184.295,-0.006,5,5610.127,11220.758
146.880,184.293,-0.006,5,5610.089,11221.582
146.890,184.292,-0.006,5,5610.052,11222.406
146.900,184.291,-0.006,5,5610.014,11223.230
146.910,184.290,0.034,5,5609.977,11224.054
146.920,184.297,-0.006,5,5610.207,11224.878
146.930,184.296,-0.006,5,5610.170,11225.702
146.940,184.295,-0.006,5,5610.132,11226.525
146.950,184.293,-0.006,5,5610.094,11227.349
146.960,184.292,-0.006,5,5610.057,11228.173
146.970,184.291,-0.006,5,5610.019,11228.997
146.980,184.290,0.034,5,5609.982,11229.821
146.990,184.297,-0.006,5,5610.212,11230.645
147.000,184.296,-0.006,5,5610.174,11231.469
147.010,184.295,-0.006,5,5610.137,11232.292
147.020,184.294,-0.006,5,5610.099,11233.116
147.030,184.292,-0.006,5,5610.062,11233.940
147.040,184.291,-0.006,5,5610.024,11234.764
147.050,184.290,0.034,5,5609.986,11235.588
147.060,184.297,-0.006,5,5610.217,11236.412
147.070,184.296,-0.006,5,5610.179,11237.236
147.080,184.295,-0.006,5,5610.142,11238.060
147.090,184.294,-0.006,5,5610.104,11238.883
147.100,184.293,-0.006,5,5610.066,11239.707
147.110,184.291,-0.006,5,5610.029,11240.531
147.120,184.290,0.034,5,5609.991,11241.355
147.130,184.298,-0.006,5,5610.222,11242.179
147.140,184.296,-0.006,5,5610.184,11243.003
147.150,184.295,-0.006,5,5610.146,11243.827
147.160,184.294,-0.006,5,5610.109,11244.650
147.170,184.293,-0.006,5,5610.071,11245.474
147.180,184.291,-0.006,5,5610.034,11246.298
147.190,184.290,0.034,5,5609.996,11247.122
147.200,184.298,-0.006,5,5610.226,11247.946
147.210,184.297,-0.006,5,5610.189,11248.770
147.220,184.295,-0.006,5,5610.151,11249.594
147.230,184.294,-0.006,5,5610.114,11250.418
147.240,184.293,-0.006,5,5610.076,11251.241
147.250,184.292,-0.006,5,5610.038,11252.065
147.260,184.290,-0.006,5,5610.001,11252.889
147.270,184.289,0.034,5,5609.963,11253.713
147.280,184.297,-0.006,5,5610.194,11254.537
147.290,184.295,-0.006,5,5610.156,11255.361
147.300,184.294,-0.006,5,5610.118,11256.185
147.310,184.293,-0.006,5,5610.081,11257.008
147.320,184.292,-0.006,5,5610.043,11257.832
147.330,184.291,-0.006,5,5610.006,11258.656
147.340,184.289,0.034,5,5609.968,11259.480
147.350,184.297,-0.006,5,5610.199,11260.304
147.360,184.296,-0.006,5,5610.161,11261.128
147.370,184.294,-0.006,5,5610.123,11261.952
147.380,184.293,-0.006,5,5610.086,11262.775
147.390,184.292,-0.006,5,5610.048,11263.599
147.400,184.291,-0.006,5,5610.010,11264.423
147.410,184.289,0.034,5,5609.973,11265.247
147.420,184.297,-0.006,5,5610.203,11266.071
147.430,184.296,-0.006,5,5610.166,11266.895
147.440,184.295,-0.006,5,5610.128,11267.719
147.450,184.293,-0.006,5,5610.090,11268.542
147.460,184.292,-0.006,5,5610.053,11269.366
147.470,184.291,-0.006,5,5610.015,11270.190
147.480,184.290,0.034,5,5609.978,11271.014
147.490,184.297,-0.006,5,5610.208,11271.838
147.500,184.296,-0.006,5,5610.171,11272.662
147.510,184.295,-0.006,5,5610.133,11273.486
147.520,184.293,-0.006,5,5610.095,11274.310
147.530,184.292,-0.006,5,5610.058,11275.133
147.540,184.291,-0.006,5,5610.020,11275.957
147.550,184.290,0.034,5,5609.983,11276.781
147.560,184.297,-0.006,5,5610.213,11277.605
147.570,184.296,-0.006,5,5610.175,11278.429
147.580,184.295,-0.006,5,5610.138,11279.253
147.590,184.294,-0.006,5,5610.100,11280.077
147.600,184.292,-0.006,5,5610.063,11280.900
147.610,184.291,-0.006,5,5610.025,11281.724
147.620,184.290,0.034,5,5609.987,11282.548
147.630,184.297,-0.006,5,5610.218,11283.372
147.640,184.296,-0.006,5,5610.180,11284.196
147.650,184.295,-0.006,5,5610.143,11285.020
147.660,184.294,-0.006,5,5610.105,11285.844
147.670,184.293,-0.006,5,5610.067,11286.667
147.680,184.291,-0.006,5,5610.030,11287.491
147.690,184.290,0.034,5,5609.992,11288.315
147.700,184.298,-0.006,5,5610.223,11289.139
147.710,184.296,-0.006,5,5610.185,11289.963
147.720,184.295,-0.006,5,5610.147,11290.787
147.730,184.294,-0.006,5,5610.110,11291.611
147.740,184.293,-0.006,5,5610.072,11292.435
147.750,184.291,-0.006,5,5610.035,11293.258
147.760,184.290,0.034,5,5609.997,11294.082
147.770,184.298,-0.006,5,5610.227,11294.906
147.780,184.297,-0.006,5,5610.190,11295.730
147.790,184.295,-0.006,5,5610.152,11296.554
147.800,184.294,-0.006,5,5610.115,11297.378
147.810,184.293,-0.006,5,5610.077,11298.202
147.820,184.292,-0.006,5,5610.039,11299.025
147.830,184.290,-0.006,5,5610.002,11299.849
147.840,184.289,0.034,5,5609.964,11300.673
147.850,184.297,-0.006,5,5610.195,11301.497
147.860,184.295,-0.006,5,5610.157,11302.321
147.870,184.294,-0.006,5,5610.119,11303.145
147.880,184.293,-0.006,5,5610.082,11303.969
147.890,184.292,-0.006,5,5610.044,11304.793
147.900,184.291,-0.006,5,5610.007,11305.616
147.910,184.289,0.034,5,5609.969,11306.440
147.920,184.297,-0.006,5,5610.200,11307.264
147.930,184.296,-0.006,5,5610.162,11308.088
147.940,184.294,-0.006,5,5610.124,11308.912
147.950,184.293,-0.006,5,5610.087,11309.736
147.960,184.292,-0.006,5,5610.049,11310.560
147.970,184.291,-0.006,5,5610.011,11311.383
147.980,184.289,0.034,5,5609.974,11312.207
147.990,184.297,-0.006,5,5610.204,11313.031
148.000,184.296,-0.006,5,5610.167,11313.855
148.010,184.295,-0.006,5,5610.129,11314.679
148.020,184.293,-0.006,5,5610.091,11315.503
148.030,184.292,-0.006,5,5610.054,11316.327
148.040,184.291,-0.006,5,5610.016,11317.150
148.050,184.290,0.034,5,5609.979,11317.974
148.060,184.297,-0.006,5,5610.209,11318.798
148.070,184.296,-0.006,5,5610.172,11319.622
148.080,184.295,-0.006,5,5610.134,11320.446
148.090,184.293,-0.006,5,5610.096,11321.270
148.100,184.292,-0.006,5,5610.059,11322.094
148.110,184.291,-0.006,5,5610.021,11322.917
148.120,184.290,0.034,5,5609.984,11323.741
148.130,184.297,-0.006,5,5610.214,11324.565
148.140,184.296,-0.006,5,5610.176,11325.389
148.150,184.295,-0.006,5,5610.139,11326.213
148.160,184.294,-0.006,5,5610.101,11327.037
148.170,184.292,-0.006,5,5610.064,11327.861
148.180,184.291,-0.006,5,5610.026,11328.685
148.190,184.290,0.034,5,5609.988,11329.508
148.200,184.298,-0.006,5,5610.219,11330.332
148.210,184.296,-0.006,5,5610.181,11331.156
148.220,184.295,-0.006,5,5610.144,11331.980
148.230,184.294,-0.006,5,5610.106,11332.804
148.240,184.293,-0.006,5,5610.068,11333.628
148.250,184.291,-0.006,5,5610.031,11334.452
148.260,184.290,0.034,5,5609.993,11335.275
148.270,184.298,-0.006,5,5610.224,11336.099
148.280,184.296,-0.006,5,5610.186,11336.923
148.290,184.295,-0.006,5,5610.148,11337.747
148.300,184.294,-0.006,5,5610.111,11338.571
148.310,184.293,-0.006,5,5610.073,11339.395
148.320,184.291,-0.006,5,5610.036,11340.219
148.330,184.290,0.034,5,5609.998,11341.043
148.340,184.298,-0.006,5,5610.228,11341.866
148.350,184.297,-0.006,5,5610.191,11342.690
148.360,184.295,-0.006,5,5610.153,11343.514
148.370,184.294,-0.006,5,5610.115,11344.338
148.380,184.293,-0.006,5,5610.078,11345.162
148.390,184.292,-0.006,5,5610.040,11345.986
148.400,184.290,-0.006,5,5610.003,11346.810
148.410,184.289,0.034,5,5609.965,11347.633
148.420,184.297,-0.006,5,5610.196,11348.457
148.430,184.296,-0.006,5,5610.158,11349.281
148.440,184.294,-0.006,5,5610.120,11350.105
148.450,184.293,-0.006,5,5610.083,11350.929
148.460,184.292,-0.006,5,5610.045,11351.753
148.470,184.291,-0.006,5,5610.008,11352.577
148.480,184.289,0.034,5,5609.970,11353.400
148.490,184.297,-0.006,5,5610.200,11354.224
148.500,184.296,-0.006,5,5610.163,11355.048
148.510,184.294,-0.006,5,5610.125,11355.872
148.520,184.293,-0.006,5,5610.088,11356.696
148.530,184.292,-0.006,5,5610.050,11357.520
148.540,184.291,-0.006,5,5610.012,11358.344
148.550,184.290,0.034,5,5609.975,11359.168
148.560,184.297,-0.006,5,5610.205,11359.991
148.570,184.296,-0.006,5,5610.168,11360.815
148.580,184.295,-0.006,5,5610.130,11361.639
148.590,184.293,-0.006,5,5610.092,11362.463
148.600,184.292,-0.006,5,5610.055,11363.287
148.610,184.291,-0.006,5,5610.017,11364.111
148.620,184.290,0.034,5,5609.980,11364.935
148.630,184.297,-0.006,5,5610.210,11365.758
148.640,184.296,-0.006,5,5610.173,11366.582
148.650,184.295,-0.006,5,5610.135,11367.406
148.660,184.294,-0.006,5,5610.097,11368.230
148.670,184.292,-0.006,5,5610.060,11369.054
148.680,184.291,-0.006,5,5610.022,11369.878
148.690,184.290,0.034,5,5609.985,11370.702
148.700,184.297,-0.006,5,5610.215,11371.525
148.710,184.296,-0.006,5,5610.177,11372.349
148.720,184.295,-0.006,5,5610.140,11373.173
148.730,184.294,-0.006,5,5610.102,11373.997
148.740,184.292,-0.006,5,5610.064,11374.821
148.750,184.291,-0.006,5,5610.027,11375.645
148.760,184.290,0.034,5,5609.989,11376.469
148.770,184.298,-0.006,5,5610.220,11377.293
148.780,184.296,-0.006,5,5610.182,11378.116
148.790,184.295,-0.006,5,5610.145,11378.940
148.800,184.294,-0.006,5,5610.107,11379.764
148.810,184.293,-0.006,5,5610.069,11380.588
148.820,184.291,-0.006,5,5610.032,11381.412
148.830,184.290,0.034,5,5609.994,11382.236
148.840,184.298,-0.006,5,5610.225,11383.060
148.850,184.296,-0.006,5,5610.187,11383.883
148.860,184.295,-0.006,5,5610.149,11384.707
148.870,184.294,-0.006,5,5610.112,11385.531
148.880,184.293,-0.006,5,5610.074,11386.355
148.890,184.292,-0.006,5,5610.036,11387.179
148.900,184.290,0.034,5,5609.999,11388.003
148.910,184.298,-0.006,5,5610.229,11388.827
148.920,184.297,-0.006,5,5610.192,11389.651
148.930,184.295,-0.006,5,5610.154,11390.474
148.940,184.294,-0.006,5,5610.116,11391.298
148.950,184.293,-0.006,5,5610.079,11392.122
148.960,184.292,-0.006,5,5610.041,11392.946
148.970,184.290,-0.006,5,5610.004,11393.770
148.980,184.289,0.034,5,5609.966,11394.594
148.990,184.297,-0.006,5,5610.197,11395.418
149.000,184.296,-0.006,5,5610.159,11396.241
149.010,184.294,-0.006,5,5610.121,11397.065
149.020,184.293,-0.006,5,5610.084,11397.889
149.030,184.292,-0.006,5,5610.046,11398.713
149.040,184.291,-0.006,5,5610.009,11399.537
149.050,184.289,0.034,5,5609.971,11400.361
149.060,184.297,-0.006,5,5610.201,11401.185
149.070,184.296,-0.006,5,5610.164,11402.008
149.080,184.294,-0.006,5,5610.126,11402.832
149.090,184.293,-0.006,5,5610.089,11403.656
149.100,184.292,-0.006,5,5610.051,11404.480
149.110,184.291,-0.006,5,5610.013,11405.304
149.120,184.290,0.034,5,5609.976,11406.128
149.130,184.297,-0.006,5,5610.206,11406.952
149.140,184.296,-0.006,5,5610.169,11407.776
149.150,184.295,-0.006,5,5610.131,11408.599
149.160,184.293,-0.006,5,5610.093,11409.423
149.170,184.292,-0.006,5,5610.056,11410.247
149.180,184.291,-0.006,5,5610.018,11411.071
149.190,184.290,0.034,5,5609.981,11411.895
149.200,184.297,-0.006,5,5610.211,11412.719
149.210,184.296,-0.006,5,5610.173,11413.543
149.220,184.295,-0.006,5,5610.136,11414.366
149.230,184.294,-0.006,5,5610.098,11415.190
149.240,184.292,-0.006,5,5610.061,11416.014
149.250,184.291,-0.006,5,5610.023,11416.838
149.260,184.290,0.034,5,5609.985,11417.662
149.270,184.297,-0.006,5,5610.216,11418.486
149.280,184.296,-0.006,5,5610.178,11419.310
149.290,184.295,-0.006,5,5610.141,11420.134
149.300,184.294,-0.006,5,5610.103,11420.957
149.310,184.292,-0.006,5,5610.065,11421.781
149.320,184.291,-0.006,5,5610.028,11422.605
149.330,184.290,0.034,5,5609.990,11423.429
149.340,184.298,-0.006,5,5610.221,11424.253
149.350,184.296,-0.006,5,5610.183,11425.077
149.360,184.295,-0.006,5,5610.145,11425.901
149.370,184.294,-0.006,5,5610.108,11426.724
149.380,184.293,-0.006,5,5610.070,11427.548
149.390,184.291,-0.006,5,5610.033,11428.372
149.400,184.290,0.034,5,5609.995,11429.196
149.410,184.298,-0.006,5,5610.226,11430.020
149.420,184.296,-0.006,5,5610.188,11430.844
149.430,184.295,-0.006,5,5610.150,11431.668
149.440,184.294,-0.006,5,5610.113,11432.492
149.450,184.293,-0.006,5,5610.075,11433.315
149.460,184.292,-0.006,5,5610.037,11434.139
149.470,184.290,0.034,5,5610.000,11434.963
149.480,184.298,-0.006,5,5610.230,11435.787
149.490,184.297,-0.006,5,5610.193,11436.611
149.500,184.295,-0.006,5,5610.155,11437.435
149.510,184.294,-0.006,5,5610.117,11438.259
149.520,184.293,-0.006,5,5610.080,11439.082
149.530,184.292,-0.006,5,5610.042,11439.906
149.540,184.290,-0.006,5,5610.005,11440.730
149.550,184.289,0.034,5,5609.967,11441.554
149.560,184.297,-0.006,5,5610.197,11442.378
149.570,184.296,-0.006,5,5610.160,11443.202
149.580,184.294,-0.006,5,5610.122,11444.026
149.590,184.293,-0.006,5,5610.085,11444.849
149.600,184.292,-0.006,5,5610.047,11445.673
149.610,184.291,-0.006,5,5610.009,11446.497
149.620,184.289,0.034,5,5609.972,11447.321
149.630,184.297,-0.006,5,5610.202,11448.145
149.640,184.296,-0.006,5,5610.165,11448.969
149.650,184.295,-0.006,5,5610.127,11449.793
149.660,184.293,-0.006,5,5610.089,11450.617
149.670,184.292,-0.006,5,5610.052,11451.440
149.680,184.291,-0.006,5,5610.014,11452.264
149.690,184.290,0.034,5,5609.977,11453.088
149.700,184.297,-0.006,5,5610.207,11453.912
149.710,184.296,-0.006,5,5610.170,11454.736
149.720,184.295,-0.006,5,5610.132,11455.560
149.730,184.293,-0.006,5,5610.094,11456.384
149.740,184.292,-0.006,5,5610.057,11457.207
149.750,184.291,-0.006,5,5610.019,11458.031
149.760,184.290,0.034,5,5609.982,11458.855
149.770,184.297,-0.006,5,5610.212,11459.679
149.780,184.296,-0.006,5,5610.174,11460.503
149.790,184.295,-0.006,5,5610.137,11461.327
149.800,184.294,-0.006,5,5610.099,11462.151
149.810,184.292,-0.006,5,5610.062,11462.974
149.820,184.291,-0.006,5,5610.024,11463.798
149.830,184.290,0.034,5,5609.986,11464.622
149.840,184.297,-0.006,5,5610.217,11465.446
149.850,184.296,-0.006,5,5610.179,11466.270
149.860,184.295,-0.006,5,5610.142,11467.094
149.870,184.294,-0.006,5,5610.104,11467.918
149.880,184.293,-0.006,5,5610.066,11468.742
149.890,184.291,-0.006,5,5610.029,11469.565
149.900,184.290,0.034,5,5609.991,11470.389
149.910,184.298,-0.006,5,5610.222,11471.213
149.920,184.296,-0.006,5,5610.184,11472.037
149.930,184.295,-0.006,5,5610.146,11472.861
149.940,184.294,-0.006,5,5610.109,11473.685
149.950,184.293,-0.006,5,5610.071,11474.509
149.960,184.291,-0.006,5,5610.034,11475.332
149.970,184.290,0.034,5,5609.996,11476.156
149.980,184.298,-0.006,5,5610.226,11476.980
149.990,184.297,-0.006,5,5610.189,11477.804
150.000,184.295,-0.006,5,5610.151,11478.628
150.010,184.294,-0.006,5,5610.114,11479.452
150.020,184.293,-0.006,5,5610.076,11480.276
150.030,184.292,-0.006,5,5610.038,11481.100
150.040,184.290,-0.006,5,5610.001,11481.923
150.050,184.289,0.034,5,5609.963,11482.747
150.060,184.297,-0.006,5,5610.194,11483.571
150.070,184.295,-0.006,5,5610.156,11484.395
150.080,184.294,-0.006,5,5610.118,11485.219
150.090,184.293,-0.006,5,5610.081,11486.043
150.100,184.292,-0.006,5,5610.043,11486.867
150.110,184.291,-0.006,5,5610.006,11487.690
150.120,184.289,0.034,5,5609.968,11488.514
150.130,184.297,-0.006,5,5610.199,11489.338
150.140,184.296,-0.006,5,5610.161,11490.162
150.150,184.294,-0.006,5,5610.123,11490.986
150.160,184.293,-0.006,5,5610.086,11491.810
150.170,184.292,-0.006,5,5610.048,11492.634
150.180,184.291,-0.006,5,5610.010,11493.457
150.190,184.289,0.034,5,5609.973,11494.281
150.200,184.297,-0.006,5,5610.203,11495.105
150.210,184.296,-0.006,5,5610.166,11495.929
150.220,184.295,-0.006,5,5610.128,11496.753
150.230,184.293,-0.006,5,5610.090,11497.577
150.240,184.292,-0.006,5,5610.053,11498.401
150.250,184.291,-0.006,5,5610.015,11499.224
150.260,184.290,0.034,5,5609.978,11500.048
150.270,184.297,-0.006,5,5610.208,11500.872
150.280,184.296,-0.006,5,5610.171,11501.696
150.290,184.295,-0.006,5,5610.133,11502.520
150.300,184.293,-0.006,5,5610.095,11503.344
150.310,184.292,-0.006,5,5610.058,11504.168
150.320,184.291,-0.006,5,5610.020,11504.992
150.330,184.290,0.034,5,5609.983,11505.815
150.340,184.297,-0.006,5,5610.213,11506.639
150.350,184.296,-0.006,5,5610.175,11507.463
150.360,184.295,-0.006,5,5610.138,11508.287
150.370,184.294,-0.006,5,5610.100,11509.111
150.380,184.292,-0.006,5,5610.063,11509.935
150.390,184.291,-0.006,5,5610.025,11510.759
150.400,184.290,0.034,5,5609.987,11511.582
150.410,184.297,-0.006,5,5610.218,11512.406
150.420,184.296,-0.006,5,5610.180,11513.230
150.430,184.295,-0.006,5,5610.143,11514.054
150.440,184.294,-0.006,5,5610.105,11514.878
150.450,184.293,-0.006,5,5610.067,11515.702
150.460,184.291,-0.006,5,5610.030,11516.526
150.470,184.290,0.034,5,5609.992,11517.349
150.480,184.298,-0.006,5,5610.223,11518.173
150.490,184.296,-0.006,5,5610.185,11518.997
150.500,184.295,-0.006,5,5610.147,11519.821
150.510,184.294,-0.006,5,5610.110,11520.645
150.520,184.293,-0.006,5,5610.072,11521.469
150.530,184.291,-0.006,5,5610.035,11522.293
150.540,184.290,0.034,5,5609.997,11523.117
150.550,184.298,-0.006,5,5610.227,11523.940
150.560,184.297,-0.006,5,5610.190,11524.764
150.570,184.295,-0.006,5,5610.152,11525.588
150.580,184.294,-0.006,5,5610.115,11526.412
150.590,184.293,-0.006,5,5610.077,11527.236
150.600,184.292,-0.006,5,5610.039,11528.060
150.610,184.290,-0.006,5,5610.002,11528.884
150.620,184.289,0.034,5,5609.964,11529.707
150.630,184.297,-0.006,5,5610.195,11530.531
150.640,184.295,-0.006,5,5610.157,11531.355
150.650,184.294,-0.006,5,5610.119,11532.179
150.660,184.293,-0.006,5,5610.082,11533.003
150.670,184.292,-0.006,5,5610.044,11533.827
150.680,184.291,-0.006,5,5610.007,11534.651
150.690,184.289,0.034,5,5609.969,11535.474
150.700,184.297,-0.006,5,5610.200,11536.298
150.710,184.296,-0.006,5,5610.162,11537.122
150.720,184.294,-0.006,5,5610.124,11537.946
150.730,184.293,-0.006,5,5610.087,11538.770
150.740,184.292,-0.006,5,5610.049,11539.594
150.750,184.291,-0.006,5,5610.011,11540.418
150.760,184.289,0.034,5,5609.974,11541.242
150.770,184.297,-0.006,5,5610.204,11542.065
150.780,184.296,-0.006,5,5610.167,11542.889
150.790,184.295,-0.006,5,5610.129,11543.713
150.800,184.293,-0.006,5,5610.091,11544.537
150.810,184.292,-0.006,5,5610.054,11545.361
150.820,184.291,-0.006,5,5610.016,11546.185
150.830,184.290,0.034,5,5609.979,11547.009
150.840,184.297,-0.006,5,5610.209,11547.832
150.850,184.296,-0.006,5,5610.172,11548.656
150.860,184.295,-0.006,5,5610.134,11549.480
150.870,184.293,-0.006,5,5610.096,11550.304
150.880,184.292,-0.006,5,5610.059,11551.128
150.890,184.291,-0.006,5,5610.021,11551.952
150.900,184.290,0.034,5,5609.984,11552.776
150.910,184.297,-0.006,5,5610.214,11553.599
150.920,184.296,-0.006,5,5610.176,11554.423
150.930,184.295,-0.006,5,5610.139,11555.247
150.940,184.294,-0.006,5,5610.101,11556.071
150.950,184.292,-0.006,5,5610.064,11556.895
150.960,184.291,-0.006,5,5610.026,11557.719
150.970,184.290,0.034,5,5609.988,11558.543
150.980,184.298,-0.006,5,5610.219,11559.367
150.990,184.296,-0.006,5,5610.181,11560.190
151.000,184.295,-0.006,5,5610.144,11561.014
151.010,184.294,-0.006,5,5610.106,11561.838
151.020,184.293,-0.006,5,5610.068,11562.662
151.030,184.291,-0.006,5,5610.031,11563.486
151.040,184.290,0.034,5,5609.993,11564.310
151.050,184.298,-0.006,5,5610.224,11565.134
151.060,184.296,-0.006,5,5610.186,11565.957
151.070,184.295,-0.006,5,5610.148,11566.781
151.080,184.294,-0.006,5,5610.111,11567.605
151.090,184.293,-0.006,5,5610.073,11568.429
151.100,184.291,-0.006,5,5610.036,11569.253
151.110,184.290,0.034,5,5609.998,11570.077
151.120,184.298,-0.006,5,5610.228,11570.901
151.130,184.297,-0.006,5,5610.191,11571.725
151.140,184.295,-0.006,5,5610.153,11572.548
151.150,184.294,-0.006,5,5610.115,11573.372
151.160,184.293,-0.006,5,5610.078,11574.196
151.170,184.292,-0.006,5,5610.040,11575.020
151.180,184.290,-0.006,5,5610.003,11575.844
151.190,184.289,0.034,5,5609.965,11576.668
151.200,184.297,-0.006,5,5610.196,11577.492
151.210,184.296,-0.006,5,5610.158,11578.315
151.220,184.294,-0.006,5,5610.120,11579.139
151.230,184.293,-0.006,5,5610.083,11579.963
151.240,184.292,-0.006,5,5610.045,11580.787
151.250,184.291,-0.006,5,5610.008,11581.611
151.260,184.289,0.034,5,5609.970,11582.435
151.270,184.297,-0.006,5,5610.200,11583.259
151.280,184.296,-0.006,5,5610.163,11584.083
151.290,184.294,-0.006,5,5610.125,11584.906
151.300,184.293,-0.006,5,5610.088,11585.730
151.310,184.292,-0.006,5,5610.050,11586.554
151.320,184.291,-0.006,5,5610.012,11587.378
151.330,184.290,0.034,5,5609.975,11588.202
151.340,184.297,-0.006,5,5610.205,11589.026
151.350,184.296,-0.006,5,5610.168,11589.850
151.360,184.295,-0.006,5,5610.130,11590.673
151.370,184.293,-0.006,5,5610.092,11591.497
151.380,184.292,-0.006,5,5610.055,11592.321
151.390,184.291,-0.006,5,5610.017,11593.145
151.400,184.290,0.034,5,5609.980,11593.969
151.410,184.297,-0.006,5,5610.210,11594.793
151.420,184.296,-0.006,5,5610.173,11595.617
151.430,184.295,-0.006,5,5610.135,11596.440
151.440,184.294,-0.006,5,5610.097,11597.264
151.450,184.292,-0.006,5,5610.060,11598.088
151.460,184.291,-0.006,5,5610.022,11598.912
151.470,184.290,0.034,5,5609.985,11599.736
151.480,184.297,-0.006,5,5610.215,11600.560
151.490,184.296,-0.006,5,5610.177,11601.384
151.500,184.295,-0.006,5,5610.140,11602.208
151.510,184.294,-0.006,5,5610.102,11603.031
151.520,184.292,-0.006,5,5610.064,11603.855
151.530,184.291,-0.006,5,5610.027,11604.679
151.540,184.290,0.034,5,5609.989,11605.503
151.550,184.298,-0.006,5,5610.220,11606.327
151.560,184.296,-0.006,5,5610.182,11607.151
151.570,184.295,-0.006,5,5610.145,11607.975
151.580,184.294,-0.006,5,5610.107,11608.798
151.590,184.293,-0.006,5,5610.069,11609.622
151.600,184.291,-0.006,5,5610.032,11610.446
151.610,184.290,0.034,5,5609.994,11611.270
151.620,184.298,-0.006,5,5610.225,11612.094
151.630,184.296,-0.006,5,5610.187,11612.918
151.640,184.295,-0.006,5,5610.149,11613.742
151.650,184.294,-0.006,5,5610.112,11614.566
151.660,184.293,-0.006,5,5610.074,11615.389
151.670,184.292,-0.006,5,5610.036,11616.213
151.680,184.290,0.034,5,5609.999,11617.037
151.690,184.298,-0.006,5,5610.229,11617.861
151.700,184.297,-0.006,5,5610.192,11618.685
151.710,184.295,-0.006,5,5610.154,11619.509
151.720,184.294,-0.006,5,5610.116,11620.333
151.730,184.293,-0.006,5,5610.079,11621.156
151.740,184.292,-0.006,5,5610.041,11621.980
151.750,184.290,-0.006,5,5610.004,11622.804
151.760,184.289,0.034,5,5609.966,11623.628
151.770,184.297,-0.006,5,5610.197,11624.452
151.780,184.296,-0.006,5,5610.159,11625.276
151.790,184.294,-0.006,5,5610.121,11626.100
151.800,184.293,-0.006,5,5610.084,11626.923
151.810,184.292,-0.006,5,5610.046,11627.747
151.820,184.291,-0.006,5,5610.009,11628.571
151.830,184.289,0.034,5,5609.971,11629.395
151.840,184.297,-0.006,5,5610.201,11630.219
151.850,184.296,-0.006,5,5610.164,11631.043
151.860,184.294,-0.006,5,5610.126,11631.867
151.870,184.293,-0.006,5,5610.089,11632.691
151.880,184.292,-0.006,5,5610.051,11633.514
151.890,184.291,-0.006,5,5610.013,11634.338
151.900,184.290,0.034,5,5609.976,11635.162
151.910,184.297,-0.006,5,5610.206,11635.986
151.920,184.296,-0.006,5,5610.169,11636.810
151.930,184.295,-0.006,5,5610.131,11637.634
151.940,184.293,-0.006,5,5610.093,11638.458
151.950,184.292,-0.006,5,5610.056,11639.281
151.960,184.291,-0.006,5,5610.018,11640.105
151.970,184.290,0.034,5,5609.981,11640.929
151.980,184.297,-0.006,5,5610.211,11641.753
151.990,184.296,-0.006,5,5610.173,11642.577
152.000,184.295,-0.006,5,5610.136,11643.401
152.010,184.294,-0.006,5,5610.098,11644.225
152.020,184.292,-0.006,5,5610.061,11645.048
152.030,184.291,-0.006,5,5610.023,11645.872
152.040,184.290,0.034,5,5609.985,11646.696
152.050,184.297,-0.006,5,5610.216,11647.520
152.060,184.296,-0.006,5,5610.178,11648.344
152.070,184.295,-0.006,5,5610.141,11649.168
152.080,184.294,-0.006,5,5610.103,11649.992
152.090,184.292,-0.006,5,5610.065,11650.816
152.100,184.291,-0.006,5,5610.028,11651.639
152.110,184.290,0.034,5,5609.990,11652.463
152.120,184.298,-0.006,5,5610.221,11653.287
152.130,184.296,-0.006,5,5610.183,11654.111
152.140,184.295,-0.006,5,5610.145,11654.935
152.150,184.294,-0.006,5,5610.108,11655.759
152.160,184.293,-0.006,5,5610.070,11656.583
152.170,184.291,-0.006,5,5610.033,11657.406
152.180,184.290,0.034,5,5609.995,11658.230
152.190,184.298,-0.006,5,5610.226,11659.054
152.200,184.296,-0.006,5,5610.188,11659.878
152.210,184.295,-0.006,5,5610.150,11660.702
152.220,184.294,-0.006,5,5610.113,11661.526
152.230,184.293,-0.006,5,5610.075,11662.350
152.240,184.292,-0.006,5,5610.037,11663.174
152.250,184.290,0.034,5,5610.000,11663.997
152.260,184.298,-0.006,5,5610.230,11664.821
152.270,184.297,-0.006,5,5610.193,11665.645
152.280,184.295,-0.006,5,5610.155,11666.469
152.290,184.294,-0.006,5,5610.117,11667.293
152.300,184.293,-0.006,5,5610.080,11668.117
152.310,184.292,-0.006,5,5610.042,11668.941
152.320,184.290,-0.006,5,5610.005,11669.764
152.330,184.289,0.034,5,5609.967,11670.588
152.340,184.297,-0.006,5,5610.197,11671.412
152.350,184.296,-0.006,5,5610.160,11672.236
152.360,184.294,-0.006,5,5610.122,11673.060
152.370,184.293,-0.006,5,5610.085,11673.884
152.380,184.292,-0.006,5,5610.047,11674.708
152.390,184.291,-0.006,5,5610.009,11675.531
152.400,184.289,0.034,5,5609.972,11676.355
152.410,184.297,-0.006,5,5610.202,11677.179
152.420,184.296,-0.006,5,5610.165,11678.003
152.430,184.295,-0.006,5,5610.127,11678.827
152.440,184.293,-0.006,5,5610.089,11679.651
152.450,184.292,-0.006,5,5610.052,11680.475
152.460,184.291,-0.006,5,5610.014,11681.299
152.470,184.290,0.034,5,5609.977,11682.122
152.480,184.297,-0.006,5,5610.207,11682.946
152.490,184.296,-0.006,5,5610.170,11683.770
152.500,184.295,-0.006,5,5610.132,11684.594
152.510,184.293,-0.006,5,5610.094,11685.418
152.520,184.292,-0.006,5,5610.057,11686.242
152.530,184.291,-0.006,5,5610.019,11687.066
152.540,184.290,0.034,5,5609.982,11687.889
152.550,184.297,-0.006,5,5610.212,11688.713
152.560,184.296,-0.006,5,5610.174,11689.537
152.570,184.295,-0.006,5,5610.137,11690.361
152.580,184.294,-0.006,5,5610.099,11691.185
152.590,184.292,-0.006,5,5610.062,11692.009
152.600,184.291,-0.006,5,5610.024,11692.833
152.610,184.290,0.034,5,5609.986,11693.656
152.620,184.297,-0.006,5,5610.217,11694.480
152.630,184.296,-0.006,5,5610.179,11695.304
152.640,184.295,-0.006,5,5610.142,11696.128
152.650,184.294,-0.006,5,5610.104,11696.952
152.660,184.293,-0.006,5,5610.066,11697.776
152.670,184.291,-0.006,5,5610.029,11698.600
152.680,184.290,0.034,5,5609.991,11699.424
152.690,184.298,-0.006,5,5610.222,11700.247
152.700,184.296,-0.006,5,5610.184,11701.071
152.710,184.295,-0.006,5,5610.146,11701.895
152.720,184.294,-0.006,5,5610.109,11702.719
152.730,184.293,-0.006,5,5610.071,11703.543
152.740,184.291,-0.006,5,5610.034,11704.367
152.750,184.290,0.034,5,5609.996,11705.191
152.760,184.298,-0.006,5,5610.226,11706.014
152.770,184.297,-0.006,5,5610.189,11706.838
152.780,184.295,-0.006,5,5610.151,11707.662
152.790,184.294,-0.006,5,5610.114,11708.486
152.800,184.293,-0.006,5,5610.076,11709.310
152.810,184.292,-0.006,5,5610.038,11710.134
152.820,184.290,-0.006,5,5610.001,11710.958
152.830,184.289,0.034,5,5609.963,11711.781
152.840,184.297,-0.006,5,5610.194,11712.605
152.850,184.295,-0.006,5,5610.156,11713.429
152.860,184.294,-0.006,5,5610.118,11714.253
152.870,184.293,-0.006,5,5610.081,11715.077
152.880,184.292,-0.006,5,5610.043,11715.901
152.890,184.291,-0.006,5,5610.006,11716.725
152.900,184.289,0.034,5,5609.968,11717.549
152.910,184.297,-0.006,5,5610.199,11718.372
152.920,184.296,-0.006,5,5610.161,11719.196
152.930,184.294,-0.006,5,5610.123,11720.020
152.940,184.293,-0.006,5,5610.086,11720.844
152.950,184.292,-0.006,5,5610.048,11721.668
152.960,184.291,-0.006,5,5610.010,11722.492
152.970,184.289,0.034,5,5609.973,11723.316
152.980,184.297,-0.006,5,5610.203,11724.139
152.990,184.296,-0.006,5,5610.166,11724.963
153.000,184.295,-0.006,5,5610.128,11725.787
153.010,184.293,-0.006,5,5610.090,11726.611
153.020,184.292,-0.006,5,5610.053,11727.435
153.030,184.291,-0.006,5,5610.015,11728.259
153.040,184.290,0.034,5,5609.978,11729.083
153.050,184.297,-0.006,5,5610.208,11729.906
153.060,184.296,-0.006,5,5610.171,11730.730
153.070,184.295,-0.006,5,5610.133,11731.554
153.080,184.293,-0.006,5,5610.095,11732.378
153.090,184.292,-0.006,5,5610.058,11733.202
153.100,184.291,-0.006,5,5610.020,11734.026
153.110,184.290,0.034,5,5609.983,11734.850
153.120,184.297,-0.006,5,5610.213,11735.674
153.130,184.296,-0.006,5,5610.175,11736.497
153.140,184.295,-0.006,5,5610.138,11737.321
153.150,184.294,-0.006,5,5610.100,11738.145
153.160,184.292,-0.006,5,5610.063,11738.969
153.170,184.291,-0.006,5,5610.025,11739.793
153.180,184.290,0.034,5,5609.987,11740.617
153.190,184.297,-0.006,5,5610.218,11741.441
153.200,184.296,-0.006,5,5610.180,11742.264
153.210,184.295,-0.006,5,5610.143,11743.088
153.220,184.294,-0.006,5,5610.105,11743.912
153.230,184.293,-0.006,5,5610.067,11744.736
153.240,184.291,-0.006,5,5610.030,11745.560
153.250,184.290,0.034,5,5609.992,11746.384
153.260,184.298,-0.006,5,5610.223,11747.208
153.270,184.296,-0.006,5,5610.185,11748.032
153.280,184.295,-0.006,5,5610.147,11748.855
153.290,184.294,-0.006,5,5610.110,11749.679
153.300,184.293,-0.006,5,5610.072,11750.503
153.310,184.291,-0.006,5,5610.035,11751.327
153.320,184.290,0.034,5,5609.997,11752.151
153.330,184.298,-0.006,5,5610.227,11752.975
153.340,184.297,-0.006,5,5610.190,11753.799
153.350,184.295,-0.006,5,5610.152,11754.622
153.360,184.294,-0.006,5,5610.115,11755.446
153.370,184.293,-0.006,5,5610.077,11756.270
153.380,184.292,-0.006,5,5610.039,11757.094
153.390,184.290,-0.006,5,5610.002,11757.918
153.400,184.289,0.034,5,5609.964,11758.742
153.410,184.297,-0.006,5,5610.195,11759.566
153.420,184.295,-0.006,5,5610.157,11760.389
153.430,184.294,-0.006,5,5610.119,11761.213
153.440,184.293,-0.006,5,5610.082,11762.037
153.450,184.292,-0.006,5,5610.044,11762.861
153.460,184.291,-0.006,5,5610.007,11763.685
153.470,184.289,0.034,5,5609.969,11764.509
153.480,184.297,-0.006,5,5610.200,11765.333
153.490,184.296,-0.006,5,5610.162,11766.157
153.500,184.294,-0.006,5,5610.124,11766.980
153.510,184.293,-0.006,5,5610.087,11767.804
153.520,184.292,-0.006,5,5610.049,11768.628
153.530,184.291,-0.006,5,5610.011,11769.452
153.540,184.289,0.034,5,5609.974,11770.276
153.550,184.297,-0.006,5,5610.204,11771.100
153.560,184.296,-0.006,5,5610.167,11771.924
153.570,184.295,-0.006,5,5610.129,11772.747
153.580,184.293,-0.006,5,5610.091,11773.571
153.590,184.292,-0.006,5,5610.054,11774.395
153.600,184.291,-0.006,5,5610.016,11775.219
153.610,184.290,0.034,5,5609.979,11776.043
153.620,184.297,-0.006,5,5610.209,11776.867
153.630,184.296,-0.006,5,5610.172,11777.691
153.640,184.295,-0.006,5,5610.134,11778.514
153.650,184.293,-0.006,5,5610.096,11779.338
153.660,184.292,-0.006,5,5610.059,11780.162
153.670,184.291,-0.006,5,5610.021,11780.986
153.680,184.290,0.034,5,5609.984,11781.810
153.690,184.297,-0.006,5,5610.214,11782.634
153.700,184.296,-0.006,5,5610.176,11783.458
153.710,184.295,-0.006,5,5610.139,11784.282
153.720,184.294,-0.006,5,5610.101,11785.105
153.730,184.292,-0.006,5,5610.064,11785.929
153.740,184.291,-0.006,5,5610.026,11786.753
153.750,184.290,0.034,5,5609.988,11787.577
153.760,184.298,-0.006,5,5610.219,11788.401
153.770,184.296,-0.006,5,5610.181,11789.225
153.780,184.295,-0.006,5,5610.144,11790.049
153.790,184.294,-0.006,5,5610.106,11790.872
153.800,184.293,-0.006,5,5610.068,11791.696
153.810,184.291,-0.006,5,5610.031,11792.520
153.820,184.290,0.034,5,5609.993,11793.344
153.830,184.298,-0.006,5,5610.224,11794.168
153.840,184.296,-0.006,5,5610.186,11794.992
153.850,184.295,-0.006,5,5610.148,11795.816
153.860,184.294,-0.006,5,5610.111,11796.640
153.870,184.293,-0.006,5,5610.073,11797.463
153.880,184.291,-0.006,5,5610.036,11798.287
153.890,184.290,0.034,5,5609.998,11799.111
153.900,184.298,-0.006,5,5610.228,11799.935
153.910,184.297,-0.006,5,5610.191,11800.759
153.920,184.295,-0.006,5,5610.153,11801.583
153.930,184.294,-0.006,5,5610.115,11802.407
153.940,184.293,-0.006,5,5610.078,11803.230
153.950,184.292,-0.006,5,5610.040,11804.054
153.960,184.290,-0.006,5,5610.003,11804.878
153.970,184.289,0.034,5,5609.965,11805.702
153.980,184.297,-0.006,5,5610.196,11806.526
153.990,184.296,-0.006,5,5610.158,11807.350
154.000,184.294,-0.006,5,5610.120,11808.174
154.010,184.293,-0.006,5,5610.083,11808.997
154.020,184.292,-0.006,5,5610.045,11809.821
154.030,184.291,-0.006,5,5610.008,11810.645
154.040,184.289,0.034,5,5609.970,11811.469
154.050,184.297,-0.006,5,5610.200,11812.293
154.060,184.296,-0.006,5,5610.163,11813.117
154.070,184.294,-0.006,5,5610.125,11813.941
154.080,184.293,-0.006,5,5610.088,11814.765
154.090,184.292,-0.006,5,5610.050,11815.588
154.100,184.291,-0.006,5,5610.012,11816.412
154.110,184.290,0.034,5,5609.975,11817.236
154.120,184.297,-0.006,5,5610.205,11818.060
154.130,184.296,-0.006,5,5610.168,11818.884
154.140,184.295,-0.006,5,5610.130,11819.708
154.150,184.293,-0.006,5,5610.092,11820.532
154.160,184.292,-0.006,5,5610.055,11821.355
154.170,184.291,-0.006,5,5610.017,11822.179
154.180,184.290,0.034,5,5609.980,11823.003
154.190,184.297,-0.006,5,5610.210,11823.827
154.200,184.296,-0.006,5,5610.173,11824.651
154.210,184.295,-0.006,5,5610.135,11825.475
154.220,184.294,-0.006,5,5610.097,11826.299
154.230,184.292,-0.006,5,5610.060,11827.122
154.240,184.291,-0.006,5,5610.022,11827.946
154.250,184.290,0.034,5,5609.985,11828.770
154.260,184.297,-0.006,5,5610.215,11829.594
154.270,184.296,-0.006,5,5610.177,11830.418
154.280,184.295,-0.006,5,5610.140,11831.242
154.290,184.294,-0.006,5,5610.102,11832.066
154.300,184.292,-0.006,5,5610.064,11832.890
154.310,184.291,-0.006,5,5610.027,11833.713
154.320,184.290,0.034,5,5609.989,11834.537
154.330,184.298,-0.006,5,5610.220,11835.361
154.340,184.296,-0.006,5,5610.182,11836.185
154.350,184.295,-0.006,5,5610.145,11837.009
154.360,184.294,-0.006,5,5610.107,11837.833
154.370,184.293,-0.006,5,5610.069,11838.657
154.380,184.291,-0.006,5,5610.032,11839.480
154.390,184.290,0.034,5,5609.994,11840.304
154.400,184.298,-0.006,5,5610.225,11841.128
154.410,184.296,-0.006,5,5610.187,11841.952
154.420,184.295,-0.006,5,5610.149,11842.776
154.430,184.294,-0.006,5,5610.112,11843.600
154.440,184.293,-0.006,5,5610.074,11844.424
154.450,184.292,-0.006,5,5610.036,11845.248
154.460,184.290,0.034,5,5609.999,11846.071
154.470,184.298,-0.006,5,5610.229,11846.895
154.480,184.297,-0.006,5,5610.192,11847.719
154.490,184.295,-0.006,5,5610.154,11848.543
154.500,184.294,-0.006,5,5610.116,11849.367
154.510,184.293,-0.006,5,5610.079,11850.191
154.520,184.292,-0.006,5,5610.041,11851.015
154.530,184.290,-0.006,5,5610.004,11851.838
154.540,184.289,0.034,5,5609.966,11852.662
154.550,184.297,-0.006,5,5610.197,11853.486
154.560,184.296,-0.006,5,5610.159,11854.310
154.570,184.294,-0.006,5,5610.121,11855.134
154.580,184.293,-0.006,5,5610.084,11855.958
154.590,184.292,-0.006,5,5610.046,11856.782
154.600,184.291,-0.006,5,5610.009,11857.605
154.610,184.289,0.034,5,5609.971,11858.429
154.620,184.297,-0.006,5,5610.201,11859.253
154.630,184.296,-0.006,5,5610.164,11860.077
154.640,184.294,-0.006,5,5610.126,11860.901
154.650,184.293,-0.006,5,5610.089,11861.725
154.660,184.292,-0.006,5,5610.051,11862.549
154.670,184.291,-0.006,5,5610.013,11863.373
154.680,184.290,0.034,5,5609.976,11864.196
154.690,184.297,-0.006,5,5610.206,11865.020
154.700,184.296,-0.006,5,5610.169,11865.844
154.710,184.295,-0.006,5,5610.131,11866.668
154.720,184.293,-0.006,5,5610.093,11867.492
154.730,184.292,-0.006,5,5610.056,11868.316
154.740,184.291,-0.006,5,5610.018,11869.140
154.750,184.290,0.034,5,5609.981,11869.963
154.760,184.297,-0.006,5,5610.211,11870.787
154.770,184.296,-0.006,5,5610.173,11871.611
154.780,184.295,-0.006,5,5610.136,11872.435
154.790,184.294,-0.006,5,5610.098,11873.259
154.800,184.292,-0.006,5,5610.061,11874.083
154.810,184.291,-0.006,5,5610.023,11874.907
154.820,184.290,0.034,5,5609.985,11875.730
154.830,184.297,-0.006,5,5610.216,11876.554
154.840,184.296,-0.006,5,5610.178,11877.378
154.850,184.295,-0.006,5,5610.141,11878.202
154.860,184.294,-0.006,5,5610.103,11879.026
154.870,184.292,-0.006,5,5610.065,11879.850
154.880,184.291,-0.006,5,5610.028,11880.674
154.890,184.290,0.034,5,5609.990,11881.498
154.900,184.298,-0.006,5,5610.221,11882.321
154.910,184.296,-0.006,5,5610.183,11883.145
154.920,184.295,-0.006,5,5610.145,11883.969
154.930,184.294,-0.006,5,5610.108,11884.793
154.940,184.293,-0.006,5,5610.070,11885.617
154.950,184.291,-0.006,5,5610.033,11886.441
154.960,184.290,0.034,5,5609.995,11887.265
154.970,184.298,-0.006,5,5610.226,11888.088
154.980,184.296,-0.006,5,5610.188,11888.912
154.990,184.295,-0.006,5,5610.150,11889.736
155.000,184.294,-0.006,5,5610.113,11890.560
155.010,184.293,-0.006,5,5610.075,11891.384
155.020,184.292,-0.006,5,5610.037,11892.208
155.030,184.290,0.034,5,5610.000,11893.032
155.040,184.298,-0.006,5,5610.230,11893.856
155.050,184.297,-0.006,5,5610.193,11894.679
155.060,184.295,-0.006,5,5610.155,11895.503
155.070,184.294,-0.006,5,5610.117,11896.327
155.080,184.293,-0.006,5,5610.080,11897.151
155.090,184.292,-0.006,5,5610.042,11897.975
155.100,184.290,-0.006,5,5610.005,11898.799
155.110,184.289,0.034,5,5609.967,11899.623
155.120,184.297,-0.006,5,5610.197,11900.446
155.130,184.296,-0.006,5,5610.160,11901.270
155.140,184.294,-0.006,5,5610.122,11902.094
155.150,184.293,-0.006,5,5610.085,11902.918
155.160,184.292,-0.006,5,5610.047,11903.742
155.170,184.291,-0.006,5,5610.009,11904.566
155.180,184.289,0.034,5,5609.972,11905.390
155.190,184.297,-0.006,5,5610.202,11906.213
155.200,184.296,-0.006,5,5610.165,11907.037
155.210,184.295,-0.006,5,5610.127,11907.861
155.220,184.293,-0.006,5,5610.089,11908.685
155.230,184.292,-0.006,5,5610.052,11909.509
155.240,184.291,-0.006,5,5610.014,11910.333
155.250,184.290,0.034,5,5609.977,11911.157
155.260,184.297,-0.006,5,5610.207,11911.981
155.270,184.296,-0.006,5,5610.170,11912.804
155.280,184.295,-0.006,5,5610.132,11913.628
155.290,184.293,-0.006,5,5610.094,11914.452
155.300,184.292,-0.006,5,5610.057,11915.276
155.310,184.291,-0.006,5,5610.019,11916.100
155.320,184.290,0.034,5,5609.982,11916.924
155.330,184.297,-0.006,5,5610.212,11917.748
155.340,184.296,-0.006,5,5610.174,11918.571
155.350,184.295,-0.006,5,5610.137,11919.395
155.360,184.294,-0.006,5,5610.099,11920.219
155.370,184.292,-0.006,5,5610.062,11921.043
155.380,184.291,-0.006,5,5610.024,11921.867
155.390,184.290,0.034,5,5609.986,11922.691
155.400,184.297,-0.006,5,5610.217,11923.515
155.410,184.296,-0.006,5,5610.179,11924.338
155.420,184.295,-0.006,5,5610.142,11925.162
155.430,184.294,-0.006,5,5610.104,11925.986
155.440,184.293,-0.006,5,5610.066,11926.810
155.450,184.291,-0.006,5,5610.029,11927.634
155.460,184.290,0.034,5,5609.991,11928.458
155.470,184.298,-0.006,5,5610.222,11929.282
155.480,184.296,-0.006,5,5610.184,11930.106
155.490,184.295,-0.006,5,5610.146,11930.929
155.500,184.294,-0.006,5,5610.109,11931.753
155.510,184.293,-0.006,5,5610.071,11932.577
155.520,184.291,-0.006,5,5610.034,11933.401
155.530,184.290,0.034,5,5609.996,11934.225
155.540,184.298,-0.006,5,5610.226,11935.049
155.550,184.297,-0.006,5,5610.189,11935.873
155.560,184.295,-0.006,5,5610.151,11936.696
155.570,184.294,-0.006,5,5610.114,11937.520
155.580,184.293,-0.006,5,5610.076,11938.344
155.590,184.292,-0.006,5,5610.038,11939.168
155.600,184.290,-0.006,5,5610.001,11939.992
155.610,184.289,0.034,5,5609.963,11940.816
155.620,184.297,-0.006,5,5610.194,11941.640
155.630,184.295,-0.006,5,5610.156,11942.464
155.640,184.294,-0.006,5,5610.118,11943.287
155.650,184.293,-0.006,5,5610.081,11944.111
155.660,184.292,-0.006,5,5610.043,11944.935
155.670,184.291,-0.006,5,5610.006,11945.759
155.680,184.289,0.034,5,5609.968,11946.583
155.690,184.297,-0.006,5,5610.199,11947.407
155.700,184.296,-0.006,5,5610.161,11948.231
155.710,184.294,-0.006,5,5610.123,11949.054
155.720,184.293,-0.006,5,5610.086,11949.878
155.730,184.292,-0.006,5,5610.048,11950.702
155.740,184.291,-0.006,5,5610.010,11951.526
155.750,184.289,0.034,5,5609.973,11952.350
155.760,184.297,-0.006,5,5610.203,11953.174
155.770,184.296,-0.006,5,5610.166,11953.998
155.780,184.295,-0.006,5,5610.128,11954.821
155.790,184.293,-0.006,5,5610.090,11955.645
155.800,184.292,-0.006,5,5610.053,11956.469
155.810,184.291,-0.006,5,5610.015,11957.293
155.820,184.290,0.034,5,5609.978,11958.117
155.830,184.297,-0.006,5,5610.208,11958.941
155.840,184.296,-0.006,5,5610.171,11959.765
155.850,184.295,-0.006,5,5610.133,11960.589
155.860,184.293,-0.006,5,5610.095,11961.412
155.870,184.292,-0.006,5,5610.058,11962.236
155.880,184.291,-0.006,5,5610.020,11963.060
155.890,184.290,0.034,5,5609.983,11963.884
155.900,184.297,-0.006,5,5610.213,11964.708
155.910,184.296,-0.006,5,5610.175,11965.532
155.920,184.295,-0.006,5,5610.138,11966.356
155.930,184.294,-0.006,5,5610.100,11967.179
155.940,184.292,-0.006,5,5610.063,11968.003
155.950,184.291,-0.006,5,5610.025,11968.827
155.960,184.290,0.034,5,5609.987,11969.651
155.970,184.297,-0.006,5,5610.218,11970.475
155.980,184.296,-0.006,5,5610.180,11971.299
155.990,184.295,-0.006,5,5610.143,11972.123
156.000,184.294,-0.006,5,5610.105,11972.946
156.010,184.293,-0.006,5,5610.067,11973.770
156.020,184.291,-0.006,5,5610.030,11974.594
156.030,184.290,0.034,5,5609.992,11975.418
156.040,184.298,-0.006,5,5610.223,11976.242
156.050,184.296,-0.006,5,5610.185,11977.066
156.060,184.295,-0.006,5,5610.147,11977.890
156.070,184.294,-0.006,5,5610.110,11978.714
156.080,184.293,-0.006,5,5610.072,11979.537
156.090,184.291,-0.006,5,5610.035,11980.361
156.100,184.290,0.034,5,5609.997,11981.185
156.110,184.298,-0.006,5,5610.227,11982.009
156.120,184.297,-0.006,5,5610.190,11982.833
156.130,184.295,-0.006,5,5610.152,11983.657
156.140,184.294,-0.006,5,5610.115,11984.481
156.150,184.293,-0.006,5,5610.077,11985.304
156.160,184.292,-0.006,5,5610.039,11986.128
156.170,184.290,-0.006,5,5610.002,11986.952
156.180,184.289,0.034,5,5609.964,11987.776
156.190,184.297,-0.006,5,5610.195,11988.600
156.200,184.295,-0.006,5,5610.157,11989.424
156.210,184.294,-0.006,5,5610.119,11990.248
156.220,184.293,-0.006,5,5610.082,11991.072
156.230,184.292,-0.006,5,5610.044,11991.895
156.240,184.291,-0.006,5,5610.007,11992.719
156.250,184.289,0.034,5,5609.969,11993.543
156.260,184.297,-0.006,5,5610.200,11994.367
156.270,184.296,-0.006,5,5610.162,11995.191
156.280,184.294,-0.006,5,5610.124,11996.015
156.290,184.293,-0.006,5,5610.087,11996.839
156.300,184.292,-0.006,5,5610.049,11997.662
156.310,184.291,-0.006,5,5610.011,11998.486
156.320,184.289,0.034,5,5609.974,11999.310
156.330,184.297,-0.006,5,5610.204,12000.134
156.340,184.296,-0.006,5,5610.167,12000.958
156.350,184.295,-0.006,5,5610.129,12001.782
156.360,184.293,-0.006,5,5610.091,12002.606
156.370,184.292,-0.006,5,5610.054,12003.429
156.380,184.291,-0.006,5,5610.016,12004.253
156.390,184.290,0.034,5,5609.979,12005.077
156.400,184.297,-0.006,5,5610.209,12005.901
156.410,184.296,-0.006,5,5610.172,12006.725
156.420,184.295,-0.006,5,5610.134,12007.549
156.430,184.293,-0.006,5,5610.096,12008.373
156.440,184.292,-0.006,5,5610.059,12009.196
156.450,184.291,-0.006,5,5610.021,12010.020
156.460,184.290,0.034,5,5609.984,12010.844
156.470,184.297,-0.006,5,5610.214,12011.668
156.480,184.296,-0.006,5,5610.176,12012.492
156.490,184.295,-0.006,5,5610.139,12013.316
156.500,184.294,-0.006,5,5610.101,12014.140
156.510,184.292,-0.006,5,5610.064,12014.964
156.520,184.291,-0.006,5,5610.026,12015.787
156.530,184.290,0.034,5,5609.988,12016.611
156.540,184.298,-0.006,5,5610.219,12017.435
156.550,184.296,-0.006,5,5610.181,12018.259
156.560,184.295,-0.006,5,5610.144,12019.083
156.570,184.294,-0.006,5,5610.106,12019.907
156.580,184.293,-0.006,5,5610.068,12020.731
156.590,184.291,-0.006,5,5610.031,12021.554
156.600,184.290,0.034,5,5609.993,12022.378
156.610,184.298,-0.006,5,5610.224,12023.202
156.620,184.296,-0.006,5,5610.186,12024.026
156.630,184.295,-0.006,5,5610.148,12024.850
156.640,184.294,-0.006,5,5610.111,12025.674
156.650,184.293,-0.006,5,5610.073,12026.498
156.660,184.291,-0.006,5,5610.036,12027.322
156.670,184.290,0.034,5,5609.998,12028.145
156.680,184.298,-0.006,5,5610.228,12028.969
156.690,184.297,-0.006,5,5610.191,12029.793
156.700,184.295,-0.006,5,5610.153,12030.617
156.710,184.294,-0.006,5,5610.115,12031.441
156.720,184.293,-0.006,5,5610.078,12032.265
156.730,184.292,-0.006,5,5610.040,12033.089
156.740,184.290,-0.006,5,5610.003,12033.912
156.750,184.289,0.034,5,5609.965,12034.736
156.760,184.297,-0.006,5,5610.196,12035.560
156.770,184.296,-0.006,5,5610.158,12036.384
156.780,184.294,-0.006,5,5610.120,12037.208
156.790,184.293,-0.006,5,5610.083,12038.032
156.800,184.292,-0.006,5,5610.045,12038.856
156.810,184.291,-0.006,5,5610.008,12039.679
156.820,184.289,0.034,5,5609.970,12040.503
156.830,184.297,-0.006,5,5610.200,12041.327
156.840,184.296,-0.006,5,5610.163,12042.151
156.850,184.294,-0.006,5,5610.125,12042.975
156.860,184.293,-0.006,5,5610.088,12043.799
156.870,184.292,-0.006,5,5610.050,12044.623
156.880,184.291,-0.006,5,5610.012,12045.447
156.890,184.290,0.034,5,5609.975,12046.270
156.900,184.297,-0.006,5,5610.205,12047.094
156.910,184.296,-0.006,5,5610.168,12047.918
156.920,184.295,-0.006,5,5610.130,12048.742
156.930,184.293,-0.006,5,5610.092,12049.566
156.940,184.292,-0.006,5,5610.055,12050.390
156.950,184.291,-0.006,5,5610.017,12051.214
156.960,184.290,0.034,5,5609.980,12052.037
156.970,184.297,-0.006,5,5610.210,12052.861
156.980,184.296,-0.006,5,5610.173,12053.685
156.990,184.295,-0.006,5,5610.135,12054.509
157.000,184.294,-0.006,5,5610.097,12055.333
157.010,184.292,-0.006,5,5610.060,12056.157
157.020,184.291,-0.006,5,5610.022,12056.981
157.030,184.290,0.034,5,5609.985,12057.804
157.040,184.297,-0.006,5,5610.215,12058.628
157.050,184.296,-0.006,5,5610.177,12059.452
157.060,184.295,-0.006,5,5610.140,12060.276
157.070,184.294,-0.006,5,5610.102,12061.100
157.080,184.292,-0.006,5,5610.064,12061.924
157.090,184.291,-0.006,5,5610.027,12062.748
157.100,184.290,0.034,5,5609.989,12063.572
157.110,184.298,-0.006,5,5610.220,12064.395
157.120,184.296,-0.006,5,5610.182,12065.219
157.130,184.295,-0.006,5,5610.145,12066.043
157.140,184.294,-0.006,5,5610.107,12066.867
157.150,184.293,-0.006,5,5610.069,12067.691
157.160,184.291,-0.006,5,5610.032,12068.515
157.170,184.290,0.034,5,5609.994,12069.339
157.180,184.298,-0.006,5,5610.225,12070.162
157.190,184.296,-0.006,5,5610.187,12070.986
157.200,184.295,-0.006,5,5610.149,12071.810
157.210,184.294,-0.006,5,5610.112,12072.634
157.220,184.293,-0.006,5,5610.074,12073.458
157.230,184.292,-0.006,5,5610.036,12074.282
157.240,184.290,0.034,5,5609.999,12075.106
157.250,184.298,-0.006,5,5610.229,12075.930
157.260,184.297,-0.006,5,5610.192,12076.753
157.270,184.295,-0.006,5,5610.154,12077.577
157.280,184.294,-0.006,5,5610.116,12078.401
157.290,184.293,-0.006,5,5610.079,12079.225
157.300,184.292,-0.006,5,5610.041,12080.049
157.310,184.290,-0.006,5,5610.004,12080.873
157.320,184.289,0.034,5,5609.966,12081.697
157.330,184.297,-0.006,5,5610.197,12082.520
157.340,184.296,-0.006,5,5610.159,12083.344
157.350,184.294,-0.006,5,5610.121,12084.168
157.360,184.293,-0.006,5,5610.084,12084.992
157.370,184.292,-0.006,5,5610.046,12085.816
157.380,184.291,-0.006,5,5610.009,12086.640
157.390,184.289,0.034,5,5609.971,12087.464
157.400,184.297,-0.006,5,5610.201,12088.287
157.410,184.296,-0.006,5,5610.164,12089.111
157.420,184.294,-0.006,5,5610.126,12089.935
157.430,184.293,-0.006,5,5610.089,12090.759
157.440,184.292,-0.006,5,5610.051,12091.583
157.450,184.291,-0.006,5,5610.013,12092.407
157.460,184.290,0.034,5,5609.976,12093.231
157.470,184.297,-0.006,5,5610.206,12094.055
157.480,184.296,-0.006,5,5610.169,12094.878
157.490,184.295,-0.006,5,5610.131,12095.702
157.500,184.293,-0.006,5,5610.093,12096.526
157.510,184.292,-0.006,5,5610.056,12097.350
157.520,184.291,-0.006,5,5610.018,12098.174
157.530,184.290,0.034,5,5609.981,12098.998
157.540,184.297,-0.006,5,5610.211,12099.822
157.550,184.296,-0.006,5,5610.173,12100.645
157.560,184.295,-0.006,5,5610.136,12101.469
157.570,184.294,-0.006,5,5610.098,12102.293
157.580,184.292,-0.006,5,5610.061,12103.117
157.590,184.291,-0.006,5,5610.023,12103.941
157.600,184.290,0.034,5,5609.985,12104.765
157.610,184.297,-0.006,5,5610.216,12105.589
157.620,184.296,-0.006,5,5610.178,12106.412
157.630,184.295,-0.006,5,5610.141,12107.236
157.640,184.294,-0.006,5,5610.103,12108.060
157.650,184.292,-0.006,5,5610.065,12108.884
157.660,184.291,-0.006,5,5610.028,12109.708
157.670,184.290,0.034,5,5609.990,12110.532
157.680,184.298,-0.006,5,5610.221,12111.356
157.690,184.296,-0.006,5,5610.183,12112.180
157.700,184.295,-0.006,5,5610.145,12113.003
157.710,184.294,-0.006,5,5610.108,12113.827
157.720,184.293,-0.006,5,5610.070,12114.651
157.730,184.291,-0.006,5,5610.033,12115.475
157.740,184.290,0.034,5,5609.995,12116.299
157.750,184.298,-0.006,5,5610.226,12117.123
157.760,184.296,-0.006,5,5610.188,12117.947
157.770,184.295,-0.006,5,5610.150,12118.770
157.780,184.294,-0.006,5,5610.113,12119.594
157.790,184.293,-0.006,5,5610.075,12120.418
157.800,184.292,-0.006,5,5610.037,12121.242
157.810,184.290,0.034,5,5610.000,12122.066
157.820,184.298,-0.006,5,5610.230,12122.890
157.830,184.297,-0.006,5,5610.193,12123.714
157.840,184.295,-0.006,5,5610.155,12124.538
157.850,184.294,-0.006,5,5610.117,12125.361
157.860,184.293,-0.006,5,5610.080,12126.185
157.870,184.292,-0.006,5,5610.042,12127.009
157.880,184.290,-0.006,5,5610.005,12127.833
157.890,184.289,0.034,5,5609.967,12128.657
157.900,184.297,-0.006,5,5610.197,12129.481
157.910,184.296,-0.006,5,5610.160,12130.305
157.920,184.294,-0.006,5,5610.122,12131.128
157.930,184.293,-0.006,5,5610.085,12131.952
157.940,184.292,-0.006,5,5610.047,12132.776
157.950,184.291,-0.006,5,5610.009,12133.600
157.960,184.289,0.034,5,5609.972,12134.424
157.970,184.297,-0.006,5,5610.202,12135.248
157.980,184.296,-0.006,5,5610.165,12136.072
157.990,184.295,-0.006,5,5610.127,12136.895
158.000,184.293,-0.006,5,5610.089,12137.719
158.010,184.292,-0.006,5,5610.052,12138.543
158.020,184.291,-0.006,5,5610.014,12139.367
158.030,184.290,0.034,5,5609.977,12140.191
158.040,184.297,-0.006,5,5610.207,12141.015
158.050,184.296,-0.006,5,5610.170,12141.839
158.060,184.295,-0.006,5,5610.132,12142.663
158.070,184.293,-0.006,5,5610.094,12143.486
158.080,184.292,-0.006,5,5610.057,12144.310
158.090,184.291,-0.006,5,5610.019,12145.134
158.100,184.290,0.034,5,5609.982,12145.958
158.110,184.297,-0.006,5,5610.212,12146.782
158.120,184.296,-0.006,5,5610.174,12147.606
158.130,184.295,-0.006,5,5610.137,12148.430
158.140,184.294,-0.006,5,5610.099,12149.253
158.150,184.292,-0.006,5,5610.062,12150.077
158.160,184.291,-0.006,5,5610.024,12150.901
158.170,184.290,0.034,5,5609.986,12151.725
158.180,184.297,-0.006,5,5610.217,12152.549
158.190,184.296,-0.006,5,5610.179,12153.373
158.200,184.295,-0.006,5,5610.142,12154.197
158.210,184.294,-0.006,5,5610.104,12155.021
158.220,184.293,-0.006,5,5610.066,12155.844
158.230,184.291,-0.006,5,5610.029,12156.668
158.240,184.290,0.034,5,5609.991,12157.492
158.250,184.298,-0.006,5,5610.222,12158.316
158.260,184.296,-0.006,5,5610.184,12159.140
158.270,184.295,-0.006,5,5610.146,12159.964
158.280,184.294,-0.006,5,5610.109,12160.788
158.290,184.293,-0.006,5,5610.071,12161.611
158.300,184.291,-0.006,5,5610.034,12162.435
158.310,184.290,0.034,5,5609.996,12163.259
158.320,184.298,-0.006,5,5610.226,12164.083
158.330,184.297,-0.006,5,5610.189,12164.907
158.340,184.295,-0.006,5,5610.151,12165.731
158.350,184.294,-0.006,5,5610.114,12166.555
158.360,184.293,-0.006,5,5610.076,12167.378
158.370,184.292,-0.006,5,5610.038,12168.202
158.380,184.290,-0.006,5,5610.001,12169.026
158.390,184.289,0.034,5,5609.963,12169.850
158.400,184.297,-0.006,5,5610.194,12170.674
158.410,184.295,-0.006,5,5610.156,12171.498
158.420,184.294,-0.006,5,5610.118,12172.322
158.430,184.293,-0.006,5,5610.081,12173.146
158.440,184.292,-0.006,5,5610.043,12173.969
158.450,184.291,-0.006,5,5610.006,12174.793
158.460,184.289,0.034,5,5609.968,12175.617
158.470,184.297,-0.006,5,5610.199,12176.441
158.480,184.296,-0.006,5,5610.161,12177.265
158.490,184.294,-0.006,5,5610.123,12178.089
158.500,184.293,-0.006,5,5610.086,12178.913
158.510,184.292,-0.006,5,5610.048,12179.736
158.520,184.291,-0.006,5,5610.010,12180.560
158.530,184.289,0.034,5,5609.973,12181.384
158.540,184.297,-0.006,5,5610.203,12182.208
158.550,184.296,-0.006,5,5610.166,12183.032
158.560,184.295,-0.006,5,5610.128,12183.856
158.570,184.293,-0.006,5,5610.090,12184.680
158.580,184.292,-0.006,5,5610.053,12185.503
158.590,184.291,-0.006,5,5610.015,12186.327
158.600,184.290,0.034,5,5609.978,12187.151
158.610,184.297,-0.006,5,5610.208,12187.975
158.620,184.296,-0.006,5,5610.171,12188.799
158.630,184.295,-0.006,5,5610.133,12189.623
158.640,184.293,-0.006,5,5610.095,12190.447
158.650,184.292,-0.006,5,5610.058,12191.271
158.660,184.291,-0.006,5,5610.020,12192.094
158.670,184.290,0.034,5,5609.983,12192.918
158.680,184.297,-0.006,5,5610.213,12193.742
158.690,184.296,-0.006,5,5610.175,12194.566
158.700,184.295,-0.006,5,5610.138,12195.390
158.710,184.294,-0.006,5,5610.100,12196.214
158.720,184.292,-0.006,5,5610.063,12197.038
158.730,184.291,-0.006,5,5610.025,12197.861
158.740,184.290,0.034,5,5609.987,12198.685
158.750,184.297,-0.006,5,5610.218,12199.509
158.760,184.296,-0.006,5,5610.180,12200.333
158.770,184.295,-0.006,5,5610.143,12201.157
158.780,184.294,-0.006,5,5610.105,12201.981
158.790,184.293,-0.006,5,5610.067,12202.805
158.800,184.291,-0.006,5,5610.030,12203.628
158.810,184.290,0.034,5,5609.992,12204.452
158.820,184.298,-0.006,5,5610.223,12205.276
158.830,184.296,-0.006,5,5610.185,12206.100
158.840,184.295,-0.006,5,5610.147,12206.924
158.850,184.294,-0.006,5,5610.110,12207.748
158.860,184.293,-0.006,5,5610.072,12208.572
158.870,184.291,-0.006,5,5610.035,12209.396
158.880,184.290,0.034,5,5609.997,12210.219
158.890,184.298,-0.006,5,5610.227,12211.043
158.900,184.297,-0.006,5,5610.190,12211.867
158.910,184.295,-0.006,5,5610.152,12212.691
158.920,184.294,-0.006,5,5610.115,12213.515
158.930,184.293,-0.006,5,5610.077,12214.339
158.940,184.292,-0.006,5,5610.039,12215.163
158.950,184.290,-0.006,5,5610.002,12215.986
158.960,184.289,0.034,5,5609.964,12216.810
158.970,184.297,-0.006,5,5610.195,12217.634
158.980,184.295,-0.006,5,5610.157,12218.458
158.990,184.294,-0.006,5,5610.119,12219.282
159.000,184.293,-0.006,5,5610.082,12220.106
159.010,184.292,-0.006,5,5610.044,12220.930
159.020,184.291,-0.006,5,5610.007,12221.753
159.030,184.289,0.034,5,5609.969,12222.577
159.040,184.297,-0.006,5,5610.200,12223.401
159.050,184.296,-0.006,5,5610.162,12224.225
159.060,184.294,-0.006,5,5610.124,12225.049
159.070,184.293,-0.006,5,5610.087,12225.873
159.080,184.292,-0.006,5,5610.049,12226.697
159.090,184.291,-0.006,5,5610.011,12227.521
159.100,184.289,0.034,5,5609.974,12228.344
159.110,184.297,-0.006,5,5610.204,12229.168
159.120,184.296,-0.006,5,5610.167,12229.992
159.130,184.295,-0.006,5,5610.129,12230.816
159.140,184.293,-0.006,5,5610.091,12231.640
159.150,184.292,-0.006,5,5610.054,12232.464
159.160,184.291,-0.006,5,5610.016,12233.288
159.170,184.290,0.034,5,5609.979,12234.111
159.180,184.297,-0.006,5,5610.209,12234.935
159.190,184.296,-0.006,5,5610.172,12235.759
159.200,184.295,-0.006,5,5610.134,12236.583
159.210,184.293,-0.006,5,5610.096,12237.407
159.220,184.292,-0.006,5,5610.059,12238.231
159.230,184.291,-0.006,5,5610.021,12239.055
159.240,184.290,0.034,5,5609.984,12239.878
159.250,184.297,-0.006,5,5610.214,12240.702
159.260,184.296,-0.006,5,5610.176,12241.526
159.270,184.295,-0.006,5,5610.139,12242.350
159.280,184.294,-0.006,5,5610.101,12243.174
159.290,184.292,-0.006,5,5610.064,12243.998
159.300,184.291,-0.006,5,5610.026,12244.822
159.310,184.290,0.034,5,5609.988,12245.646
159.320,184.298,-0.006,5,5610.219,12246.469
159.330,184.296,-0.006,5,5610.181,12247.293
159.340,184.295,-0.006,5,5610.144,12248.117
159.350,184.294,-0.006,5,5610.106,12248.941
159.360,184.293,-0.006,5,5610.068,12249.765
159.370,184.291,-0.006,5,5610.031,12250.589
159.380,184.290,0.034,5,5609.993,12251.413
159.390,184.298,-0.006,5,5610.224,12252.236
159.400,184.296,-0.006,5,5610.186,12253.060
159.410,184.295,-0.006,5,5610.148,12253.884
159.420,184.294,-0.006,5,5610.111,12254.708
159.430,184.293,-0.006,5,5610.073,12255.532
159.440,184.291,-0.006,5,5610.036,12256.356
159.450,184.290,0.034,5,5609.998,12257.180
159.460,184.298,-0.006,5,5610.228,12258.004
159.470,184.297,-0.006,5,5610.191,12258.827
159.480,184.295,-0.006,5,5610.153,12259.651
159.490,184.294,-0.006,5,5610.115,12260.475
159.500,184.293,-0.006,5,5610.078,12261.299
159.510,184.292,-0.006,5,5610.040,12262.123
159.520,184.290,-0.006,5,5610.003,12262.947
159.530,184.289,0.034,5,5609.965,12263.771
159.540,184.297,-0.006,5,5610.196,12264.594
159.550,184.296,-0.006,5,5610.158,12265.418
159.560,184.294,-0.006,5,5610.120,12266.242
159.570,184.293,-0.006,5,5610.083,12267.066
159.580,184.292,-0.006,5,5610.045,12267.890
159.590,184.291,-0.006,5,5610.008,12268.714
159.600,184.289,0.034,5,5609.970,12269.538
159.610,184.297,-0.006,5,5610.200,12270.361
159.620,184.296,-0.006,5,5610.163,12271.185
159.630,184.294,-0.006,5,5610.125,12272.009
159.640,184.293,-0.006,5,5610.088,12272.833
159.650,184.292,-0.006,5,5610.050,12273.657
159.660,184.291,-0.006,5,5610.012,12274.481
159.670,184.290,0.034,5,5609.975,12275.305
159.680,184.297,-0.006,5,5610.205,12276.129
159.690,184.296,-0.006,5,5610.168,12276.952
159.700,184.295,-0.006,5,5610.130,12277.776
159.710,184.293,-0.006,5,5610.092,12278.600
159.720,184.292,-0.006,5,5610.055,12279.424
159.730,184.291,-0.006,5,5610.017,12280.248
159.740,184.290,0.034,5,5609.980,12281.072
159.750,184.297,-0.006,5,5610.210,12281.896
159.760,184.296,-0.006,5,5610.173,12282.719
159.770,184.295,-0.006,5,5610.135,12283.543
159.780,184.294,-0.006,5,5610.097,12284.367
159.790,184.292,-0.006,5,5610.060,12285.191
159.800,184.291,-0.006,5,5610.022,12286.015
159.810,184.290,0.034,5,5609.985,12286.839
159.820,184.297,-0.006,5,5610.215,12287.663
159.830,184.296,-0.006,5,5610.177,12288.486
159.840,184.295,-0.006,5,5610.140,12289.310
159.850,184.294,-0.006,5,5610.102,12290.134
159.860,184.292,-0.006,5,5610.064,12290.958
159.870,184.291,-0.006,5,5610.027,12291.782
159.880,184.290,0.034,5,5609.989,12292.606
159.890,184.298,-0.006,5,5610.220,12293.430
159.900,184.296,-0.006,5,5610.182,12294.254
159.910,184.295,-0.006,5,5610.145,12295.077
159.920,184.294,-0.006,5,5610.107,12295.901
159.930,184.293,-0.006,5,5610.069,12296.725
159.940,184.291,-0.006,5,5610.032,12297.549
159.950,184.290,0.034,5,5609.994,12298.373
159.960,184.298,-0.006,5,5610.225,12299.197
159.970,184.296,-0.006,5,5610.187,12300.021
159.980,184.295,-0.006,5,5610.149,12300.844
159.990,184.294,-0.006,5,5610.112,12301.668
160.000,184.293,-0.006,5,5610.074,12302.492
160.010,184.292,-0.006,5,5610.036,12303.316
160.020,184.290,0.034,5,5609.999,12304.140
160.030,184.298,-0.006,5,5610.229,12304.964
160.040,184.297,-0.006,5,5610.192,12305.788
160.050,184.295,-0.006,5,5610.154,12306.612
160.060,184.294,-0.006,5,5610.116,12307.435
160.070,184.293,-0.006,5,5610.079,12308.259
160.080,184.292,-0.006,5,5610.041,12309.083
160.090,184.290,-0.006,5,5610.004,12309.907
160.100,184.289,0.034,5,5609.966,12310.731
160.110,184.297,-0.006,5,5610.197,12311.555
160.120,184.296,-0.006,5,5610.159,12312.379
160.130,184.294,-0.006,5,5610.121,12313.202
160.140,184.293,-0.006,5,5610.084,12314.026
160.150,184.292,-0.006,5,5610.046,12314.850
160.160,184.291,-0.006,5,5610.009,12315.674
160.170,184.289,0.034,5,5609.971,12316.498
160.180,184.297,-0.006,5,5610.201,12317.322
160.190,184.296,-0.006,5,5610.164,12318.146
160.200,184.294,-0.006,5,5610.126,12318.969
160.210,184.293,-0.006,5,5610.089,12319.793
160.220,184.292,-0.006,5,5610.051,12320.617
160.230,184.291,-0.006,5,5610.013,12321.441
160.240,184.290,0.034,5,5609.976,12322.265
160.250,184.297,-0.006,5,5610.206,12323.089
160.260,184.296,-0.006,5,5610.169,12323.913
160.270,184.295,-0.006,5,5610.131,12324.737
160.280,184.293,-0.006,5,5610.093,12325.560
160.290,184.292,-0.006,5,5610.056,12326.384
160.300,184.291,-0.006,5,5610.018,12327.208
160.310,184.290,0.034,5,5609.981,12328.032
160.320,184.297,-0.006,5,5610.211,12328.856
160.330,184.296,-0.006,5,5610.173,12329.680
160.340,184.295,-0.006,5,5610.136,12330.504
160.350,184.294,-0.006,5,5610.098,12331.327
160.360,184.292,-0.006,5,5610.061,12332.151
160.370,184.291,-0.006,5,5610.023,12332.975
160.380,184.290,0.034,5,5609.985,12333.799
160.390,184.297,-0.006,5,5610.216,12334.623
160.400,184.296,-0.006,5,5610.178,12335.447
160.410,184.295,-0.006,5,5610.141,12336.271
160.420,184.294,-0.006,5,5610.103,12337.095
160.430,184.292,-0.006,5,5610.065,12337.918
160.440,184.291,-0.006,5,5610.028,12338.742
160.450,184.290,0.034,5,5609.990,12339.566
160.460,184.298,-0.006,5,5610.221,12340.390
160.470,184.296,-0.006,5,5610.183,12341.214
160.480,184.295,-0.006,5,5610.145,12342.038
160.490,184.294,-0.006,5,5610.108,12342.862
160.500,184.293,-0.006,5,5610.070,12343.685
160.510,184.291,-0.006,5,5610.033,12344.509
160.520,184.290,0.034,5,5609.995,12345.333
160.530,184.298,-0.006,5,5610.226,12346.157
160.540,184.296,-0.006,5,5610.188,12346.981
160.550,184.295,-0.006,5,5610.150,12347.805
160.560,184.294,-0.006,5,5610.113,12348.629
160.570,184.293,-0.006,5,5610.075,12349.452
160.580,184.292,-0.006,5,5610.037,12350.276
160.590,184.290,0.034,5,5610.000,12351.100
160.600,184.298,-0.006,5,5610.230,12351.924
160.610,184.297,-0.006,5,5610.193,12352.748
160.620,184.295,-0.006,5,5610.155,12353.572
160.630,184.294,-0.006,5,5610.117,12354.396
160.640,184.293,-0.006,5,5610.080,12355.220
160.650,184.292,-0.006,5,5610.042,12356.043
160.660,184.290,-0.006,5,5610.005,12356.867
160.670,184.289,0.034,5,5609.967,12357.691
160.680,184.297,-0.006,5,5610.197,12358.515
160.690,184.296,-0.006,5,5610.160,12359.339
160.700,184.294,-0.006,5,5610.122,12360.163
160.710,184.293,-0.006,5,5610.085,12360.987
160.720,184.292,-0.006,5,5610.047,12361.810
160.730,184.291,-0.006,5,5610.009,12362.634
160.740,184.289,0.034,5,5609.972,12363.458
160.750,184.297,-0.006,5,5610.202,12364.282
160.760,184.296,-0.006,5,5610.165,12365.106
160.770,184.295,-0.006,5,5610.127,12365.930
160.780,184.293,-0.006,5,5610.089,12366.754
160.790,184.292,-0.006,5,5610.052,12367.578
160.800,184.291,-0.006,5,5610.014,12368.401
160.810,184.290,0.034,5,5609.977,12369.225
160.820,184.297,-0.006,5,5610.207,12370.049
160.830,184.296,-0.006,5,5610.170,12370.873
160.840,184.295,-0.006,5,5610.132,12371.697
160.850,184.293,-0.006,5,5610.094,12372.521
160.860,184.292,-0.006,5,5610.057,12373.345
160.870,184.291,-0.006,5,5610.019,12374.168
160.880,184.290,0.034,5,5609.982,12374.992
160.890,184.297,-0.006,5,5610.212,12375.816
160.900,184.296,-0.006,5,5610.174,12376.640
160.910,184.295,-0.006,5,5610.137,12377.464
160.920,184.294,-0.006,5,5610.099,12378.288
160.930,184.292,-0.006,5,5610.062,12379.112
160.940,184.291,-0.006,5,5610.024,12379.935
160.950,184.290,0.034,5,5609.986,12380.759
160.960,184.297,-0.006,5,5610.217,12381.583
160.970,184.296,-0.006,5,5610.179,12382.407
160.980,184.295,-0.006,5,5610.142,12383.231
160.990,184.294,-0.006,5,5610.104,12384.055
161.000,184.293,-0.006,5,5610.066,12384.879
161.010,184.291,-0.006,5,5610.029,12385.703
161.020,184.290,0.034,5,5609.991,12386.526
161.030,184.298,-0.006,5,5610.222,12387.350
161.040,184.296,-0.006,5,5610.184,12388.174
161.050,184.295,-0.006,5,5610.146,12388.998
161.060,184.294,-0.006,5,5610.109,12389.822
161.070,184.293,-0.006,5,5610.071,12390.646
161.080,184.291,-0.006,5,5610.034,12391.470
161.090,184.290,0.034,5,5609.996,12392.293
161.100,184.298,-0.006,5,5610.226,12393.117
161.110,184.297,-0.006,5,5610.189,12393.941
161.120,184.295,-0.006,5,5610.151,12394.765
161.130,184.294,-0.006,5,5610.114,12395.589
161.140,184.293,-0.006,5,5610.076,12396.413
161.150,184.292,-0.006,5,5610.038,12397.237
161.160,184.290,-0.006,5,5610.001,12398.060
161.170,184.289,0.034,5,5609.963,12398.884
161.180,184.297,-0.006,5,5610.194,12399.708
161.190,184.295,-0.006,5,5610.156,12400.532
161.200,184.294,-0.006,5,5610.118,12401.356
161.210,184.293,-0.006,5,5610.081,12402.180
161.220,184.292,-0.006,5,5610.043,12403.004
161.230,184.291,-0.006,5,5610.006,12403.828
161.240,184.289,0.034,5,5609.968,12404.651
161.250,184.297,-0.006,5,5610.199,12405.475
161.260,184.296,-0.006,5,5610.161,12406.299
161.270,184.294,-0.006,5,5610.123,12407.123
161.280,184.293,-0.006,5,5610.086,12407.947
161.290,184.292,-0.006,5,5610.048,12408.771
161.300,184.291,-0.006,5,5610.010,12409.595
161.310,184.289,0.034,5,5609.973,12410.418
161.320,184.297,-0.006,5,5610.203,12411.242
161.330,184.296,-0.006,5,5610.166,12412.066
161.340,184.295,-0.006,5,5610.128,12412.890
161.350,184.293,-0.006,5,5610.090,12413.714
161.360,184.292,-0.006,5,5610.053,12414.538
161.370,184.291,-0.006,5,5610.015,12415.362
161.380,184.290,0.034,5,5609.978,12416.185
161.390,184.297,-0.006,5,5610.208,12417.009
161.400,184.296,-0.006,5,5610.171,12417.833
161.410,184.295,-0.006,5,5610.133,12418.657
161.420,184.293,-0.006,5,5610.095,12419.481
161.430,184.292,-0.006,5,5610.058,12420.305
161.440,184.291,-0.006,5,5610.020,12421.129
161.450,184.290,0.034,5,5609.983,12421.953
161.460,184.297,-0.006,5,5610.213,12422.776
161.470,184.296,-0.006,5,5610.175,12423.600
161.480,184.295,-0.006,5,5610.138,12424.424
161.490,184.294,-0.006,5,5610.100,12425.248
161.500,184.292,-0.006,5,5610.063,12426.072
161.510,184.291,-0.006,5,5610.025,12426.896
161.520,184.290,0.034,5,5609.987,12427.720
161.530,184.297,-0.006,5,5610.218,12428.543
161.540,184.296,-0.006,5,5610.180,12429.367
161.550,184.295,-0.006,5,5610.143,12430.191
161.560,184.294,-0.006,5,5610.105,12431.015
161.570,184.293,-0.006,5,5610.067,12431.839
161.580,184.291,-0.006,5,5610.030,12432.663
161.590,184.290,0.034,5,5609.992,12433.487
161.600,184.298,-0.006,5,5610.223,12434.310
161.610,184.296,-0.006,5,5610.185,12435.134
161.620,184.295,-0.006,5,5610.147,12435.958
161.630,184.294,-0.006,5,5610.110,12436.782
161.640,184.293,-0.006,5,5610.072,12437.606
161.650,184.291,-0.006,5,5610.035,12438.430
161.660,184.290,0.034,5,5609.997,12439.254
161.670,184.298,-0.006,5,5610.227,12440.078
161.680,184.297,-0.006,5,5610.190,12440.901
161.690,184.295,-0.006,5,5610.152,12441.725
161.700,184.294,-0.006,5,5610.115,12442.549
161.710,184.293,-0.006,5,5610.077,12443.373
161.720,184.292,-0.006,5,5610.039,12444.197
161.730,184.290,-0.006,5,5610.002,12445.021
161.740,184.289,0.034,5,5609.964,12445.845
161.750,184.297,-0.006,5,5610.195,12446.668
161.760,184.295,-0.006,5,5610.157,12447.492
161.770,184.294,-0.006,5,5610.119,12448.316
161.780,184.293,-0.006,5,5610.082,12449.140
161.790,184.292,-0.006,5,5610.044,12449.964
161.800,184.291,-0.006,5,5610.007,12450.788
161.810,184.289,0.034,5,5609.969,12451.612
161.820,184.297,-0.006,5,5610.200,12452.435
161.830,184.296,-0.006,5,5610.162,12453.259
161.840,184.294,-0.006,5,5610.124,12454.083
161.850,184.293,-0.006,5,5610.087,12454.907
161.860,184.292,-0.006,5,5610.049,12455.731
161.870,184.291,-0.006,5,5610.011,12456.555
161.880,184.289,0.034,5,5609.974,12457.379
161.890,184.297,-0.006,5,5610.204,12458.203
161.900,184.296,-0.006,5,5610.167,12459.026
161.910,184.295,-0.006,5,5610.129,12459.850
161.920,184.293,-0.006,5,5610.091,12460.674
161.930,184.292,-0.006,5,5610.054,12461.498
161.940,184.291,-0.006,5,5610.016,12462.322
161.950,184.290,0.034,5,5609.979,12463.146
161.960,184.297,-0.006,5,5610.209,12463.970
161.970,184.296,-0.006,5,5610.172,12464.793
161.980,184.295,-0.006,5,5610.134,12465.617
161.990,184.293,-0.006,5,5610.096,12466.441
162.000,184.292,-0.006,5,5610.059,12467.265
162.010,184.291,-0.006,5,5610.021,12468.089
162.020,184.290,0.034,5,5609.984,12468.913
162.030,184.297,-0.006,5,5610.214,12469.737
162.040,184.296,-0.006,5,5610.176,12470.561
162.050,184.295,-0.006,5,5610.139,12471.384
162.060,184.294,-0.006,5,5610.101,12472.208
162.070,184.292,-0.006,5,5610.064,12473.032
162.080,184.291,-0.006,5,5610.026,12473.856
162.090,184.290,0.034,5,5609.988,12474.680
162.100,184.298,-0.006,5,5610.219,12475.504
162.110,184.296,-0.006,5,5610.181,12476.328
162.120,184.295,-0.006,5,5610.144,12477.151
162.130,184.294,-0.006,5,5610.106,12477.975
162.140,184.293,-0.006,5,5610.068,12478.799
162.150,184.291,-0.006,5,5610.031,12479.623
162.160,184.290,0.034,5,5609.993,12480.447
162.170,184.298,-0.006,5,5610.224,12481.271
162.180,184.296,-0.006,5,5610.186,12482.095
162.190,184.295,-0.006,5,5610.148,12482.918
162.200,184.294,-0.006,5,5610.111,12483.742
162.210,184.293,-0.006,5,5610.073,12484.566
162.220,184.291,-0.006,5,5610.036,12485.390
162.230,184.290,0.034,5,5609.998,12486.214
162.240,184.298,-0.006,5,5610.228,12487.038
162.250,184.297,-0.006,5,5610.191,12487.862
162.260,184.295,-0.006,5,5610.153,12488.686
162.270,184.294,-0.006,5,5610.115,12489.509
162.280,184.293,-0.006,5,5610.078,12490.333
162.290,184.292,-0.006,5,5610.040,12491.157
162.300,184.290,-0.006,5,5610.003,12491.981
162.310,184.289,0.034,5,5609.965,12492.805
162.320,184.297,-0.006,5,5610.196,12493.629
162.330,184.296,-0.006,5,5610.158,12494.453
162.340,184.294,-0.006,5,5610.120,12495.276
162.350,184.293,-0.006,5,5610.083,12496.100
162.360,184.292,-0.006,5,5610.045,12496.924
162.370,184.291,-0.006,5,5610.008,12497.748
162.380,184.289,0.034,5,5609.970,12498.572
162.390,184.297,-0.006,5,5610.200,12499.396
162.400,184.296,-0.006,5,5610.163,12500.220
162.410,184.294,-0.006,5,5610.125,12501.044
162.420,184.293,-0.006,5,5610.088,12501.867
162.430,184.292,-0.006,5,5610.050,12502.691
162.440,184.291,-0.006,5,5610.012,12503.515
162.450,184.290,0.034,5,5609.975,12504.339
162.460,184.297,-0.006,5,5610.205,12505.163
162.470,184.296,-0.006,5,5610.168,12505.987
162.480,184.295,-0.006,5,5610.130,12506.811
162.490,184.293,-0.006,5,5610.092,12507.634
162.500,184.292,-0.006,5,5610.055,12508.458
162.510,184.291,-0.006,5,5610.017,12509.282
162.520,184.290,0.034,5,5609.980,12510.106
162.530,184.297,-0.006,5,5610.210,12510.930
162.540,184.296,-0.006,5,5610.173,12511.754
162.550,184.295,-0.006,5,5610.135,12512.578
162.560,184.294,-0.006,5,5610.097,12513.401
162.570,184.292,-0.006,5,5610.060,12514.225
162.580,184.291,-0.006,5,5610.022,12515.049
162.590,184.290,0.034,5,5609.985,12515.873
162.600,184.297,-0.006,5,5610.215,12516.697
162.610,184.296,-0.006,5,5610.177,12517.521
162.620,184.295,-0.006,5,5610.140,12518.345
162.630,184.294,-0.006,5,5610.102,12519.169
162.640,184.292,-0.006,5,5610.064,12519.992
162.650,184.291,-0.006,5,5610.027,12520.816
162.660,184.290,0.034,5,5609.989,12521.640
162.670,184.298,-0.006,5,5610.220,12522.464
162.680,184.296,-0.006,5,5610.182,12523.288
162.690,184.295,-0.006,5,5610.145,12524.112
162.700,184.294,-0.006,5,5610.107,12524.936
162.710,184.293,-0.006,5,5610.069,12525.759
162.720,184.291,-0.006,5,5610.032,12526.583
162.730,184.290,0.034,5,5609.994,12527.407
162.740,184.298,-0.006,5,5610.225,12528.231
162.750,184.296,-0.006,5,5610.187,12529.055
162.760,184.295,-0.006,5,5610.149,12529.879
162.770,184.294,-0.006,5,5610.112,12530.703
162.780,184.293,-0.006,5,5610.074,12531.527
162.790,184.292,-0.006,5,5610.036,12532.350
162.800,184.290,0.034,5,5609.999,12533.174
162.810,184.298,-0.006,5,5610.229,12533.998
162.820,184.297,-0.006,5,5610.192,12534.822
162.830,184.295,-0.006,5,5610.154,12535.646
162.840,184.294,-0.006,5,5610.116,12536.470
162.850,184.293,-0.006,5,5610.079,12537.294
162.860,184.292,-0.006,5,5610.041,12538.117
162.870,184.290,-0.006,5,5610.004,12538.941
162.880,184.289,0.034,5,5609.966,12539.765
162.890,184.297,-0.006,5,5610.197,12540.589
162.900,184.296,-0.006,5,5610.159,12541.413
162.910,184.294,-0.006,5,5610.121,12542.237
162.920,184.293,-0.006,5,5610.084,12543.061
162.930,184.292,-0.006,5,5610.046,12543.884
162.940,184.291,-0.006,5,5610.009,12544.708
162.950,184.289,0.034,5,5609.971,12545.532
162.960,184.297,-0.006,5,5610.201,12546.356
162.970,184.296,-0.006,5,5610.164,12547.180
162.980,184.294,-0.006,5,5610.126,12548.004
162.990,184.293,-0.006,5,5610.089,12548.828
163.000,184.292,-0.006,5,5610.051,12549.652
163.010,184.291,-0.006,5,5610.013,12550.475
163.020,184.290,0.034,5,5609.976,12551.299
163.030,184.297,-0.006,5,5610.206,12552.123
163.040,184.296,-0.006,5,5610.169,12552.947
163.050,184.295,-0.006,5,5610.131,12553.771
163.060,184.293,-0.006,5,5610.093,12554.595
163.070,184.292,-0.006,5,5610.056,12555.419
163.080,184.291,-0.006,5,5610.018,12556.242
163.090,184.290,0.034,5,5609.981,12557.066
163.100,184.297,-0.006,5,5610.211,12557.890
163.110,184.296,-0.006,5,5610.173,12558.714
163.120,184.295,-0.006,5,5610.136,12559.538
163.130,184.294,-0.006,5,5610.098,12560.362
163.140,184.292,-0.006,5,5610.061,12561.186
163.150,184.291,-0.006,5,5610.023,12562.009
163.160,184.290,0.034,5,5609.985,12562.833
163.170,184.297,-0.006,5,5610.216,12563.657
163.180,184.296,-0.006,5,5610.178,12564.481
163.190,184.295,-0.006,5,5610.141,12565.305
163.200,184.294,-0.006,5,5610.103,12566.129
163.210,184.292,-0.006,5,5610.065,12566.953
163.220,184.291,-0.006,5,5610.028,12567.777
163.230,184.290,0.034,5,5609.990,12568.600
163.240,184.298,-0.006,5,5610.221,12569.424
163.250,184.296,-0.006,5,5610.183,12570.248
163.260,184.295,-0.006,5,5610.145,12571.072
163.270,184.294,-0.006,5,5610.108,12571.896
163.280,184.293,-0.006,5,5610.070,12572.720
163.290,184.291,-0.006,5,5610.033,12573.544
163.300,184.290,0.034,5,5609.995,12574.367
163.310,184.298,-0.006,5,5610.226,12575.191
163.320,184.296,-0.006,5,5610.188,12576.015
163.330,184.295,-0.006,5,5610.150,12576.839
163.340,184.294,-0.006,5,5610.113,12577.663
163.350,184.293,-0.006,5,5610.075,12578.487
163.360,184.292,-0.006,5,5610.037,12579.311
163.370,184.290,0.034,5,5610.000,12580.134
163.380,184.298,-0.006,5,5610.230,12580.958
163.390,184.297,-0.006,5,5610.193,12581.782
163.400,184.295,-0.006,5,5610.155,12582.606
163.410,184.294,-0.006,5,5610.117,12583.430
163.420,184.293,-0.006,5,5610.080,12584.254
163.430,184.292,-0.006,5,5610.042,12585.078
163.440,184.290,-0.006,5,5610.005,12585.902
163.450,184.289,0.034,5,5609.967,12586.725
163.460,184.297,-0.006,5,5610.197,12587.549
163.470,184.296,-0.006,5,5610.160,12588.373
163.480,184.294,-0.006,5,5610.122,12589.197
163.490,184.293,-0.006,5,5610.085,12590.021
163.500,184.292,-0.006,5,5610.047,12590.845
163.510,184.291,-0.006,5,5610.009,12591.669
163.520,184.289,0.034,5,5609.972,12592.492
163.530,184.297,-0.006,5,5610.202,12593.316
163.540,184.296,-0.006,5,5610.165,12594.140
163.550,184.295,-0.006,5,5610.127,12594.964
163.560,184.293,-0.006,5,5610.089,12595.788
163.570,184.292,-0.006,5,5610.052,12596.612
163.580,184.291,-0.006,5,5610.014,12597.436
163.590,184.290,0.034,5,5609.977,12598.259
163.600,184.297,-0.006,5,5610.207,12599.083
163.610,184.296,-0.006,5,5610.170,12599.907
163.620,184.295,-0.006,5,5610.132,12600.731
163.630,184.293,-0.006,5,5610.094,12601.555
163.640,184.292,-0.006,5,5610.057,12602.379
163.650,184.291,-0.006,5,5610.019,12603.203
163.660,184.290,0.034,5,5609.982,12604.027
163.670,184.297,-0.006,5,5610.212,12604.850
163.680,184.296,-0.006,5,5610.174,12605.674
163.690,184.295,-0.006,5,5610.137,12606.498
163.700,184.294,-0.006,5,5610.099,12607.322
163.710,184.292,-0.006,5,5610.062,12608.146
163.720,184.291,-0.006,5,5610.024,12608.970
163.730,184.290,0.034,5,5609.986,12609.794
163.740,184.297,-0.006,5,5610.217,12610.617
163.750,184.296,-0.006,5,5610.179,12611.441
163.760,184.295,-0.006,5,5610.142,12612.265
163.770,184.294,-0.006,5,5610.104,12613.089
163.780,184.293,-0.006,5,5610.066,12613.913
163.790,184.291,-0.006,5,5610.029,12614.737
163.800,184.290,0.034,5,5609.991,12615.561
163.810,184.298,-0.006,5,5610.222,12616.385
163.820,184.296,-0.006,5,5610.184,12617.208
163.830,184.295,-0.006,5,5610.146,12618.032
163.840,184.294,-0.006,5,5610.109,12618.856
163.850,184.293,-0.006,5,5610.071,12619.680
163.860,184.291,-0.006,5,5610.034,12620.504
163.870,184.290,0.034,5,5609.996,12621.328
163.880,184.298,-0.006,5,5610.226,12622.152
163.890,184.297,-0.006,5,5610.189,12622.975
163.900,184.295,-0.006,5,5610.151,12623.799
163.910,184.294,-0.006,5,5610.114,12624.623
163.920,184.293,-0.006,5,5610.076,12625.447
163.930,184.292,-0.006,5,5610.038,12626.271
163.940,184.290,-0.006,5,5610.001,12627.095
163.950,184.289,0.034,5,5609.963,12627.919
163.960,184.297,-0.006,5,5610.194,12628.742
163.970,184.295,-0.006,5,5610.156,12629.566
163.980,184.294,-0.006,5,5610.118,12630.390
163.990,184.293,-0.006,5,5610.081,12631.214
164.000,184.292,-0.006,5,5610.043,12632.038
164.010,184.291,-0.006,5,5610.006,12632.862
164.020,184.289,0.034,5,5609.968,12633.686
164.030,184.297,-0.006,5,5610.199,12634.510
164.040,184.296,-0.006,5,5610.161,12635.333
164.050,184.294,-0.006,5,5610.123,12636.157
164.060,184.293,-0.006,5,5610.086,12636.981
164.070,184.292,-0.006,5,5610.048,12637.805
164.080,184.291,-0.006,5,5610.010,12638.629
164.090,184.289,0.034,5,5609.973,12639.453
164.100,184.297,-0.006,5,5610.203,12640.277
164.110,184.296,-0.006,5,5610.166,12641.100
164.120,184.295,-0.006,5,5610.128,12641.924
164.130,184.293,-0.006,5,5610.090,12642.748
164.140,184.292,-0.006,5,5610.053,12643.572
164.150,184.291,-0.006,5,5610.015,12644.396
164.160,184.290,0.034,5,5609.978,12645.220
164.170,184.297,-0.006,5,5610.208,12646.044
164.180,184.296,-0.006,5,5610.171,12646.867
164.190,184.295,-0.006,5,5610.133,12647.691
164.200,184.293,-0.006,5,5610.095,12648.515
164.210,184.292,-0.006,5,5610.058,12649.339
164.220,184.291,-0.006,5,5610.020,12650.163
164.230,184.290,0.034,5,5609.983,12650.987
164.240,184.297,-0.006,5,5610.213,12651.811
164.250,184.296,-0.006,5,5610.175,12652.635
164.260,184.295,-0.006,5,5610.138,12653.458
164.270,184.294,-0.006,5,5610.100,12654.282
164.280,184.292,-0.006,5,5610.063,12655.106
164.290,184.291,-0.006,5,5610.025,12655.930
164.300,184.290,0.034,5,5609.987,12656.754
164.310,184.297,-0.006,5,5610.218,12657.578
164.320,184.296,-0.006,5,5610.180,12658.402
164.330,184.295,-0.006,5,5610.143,12659.225
164.340,184.294,-0.006,5,5610.105,12660.049
164.350,184.293,-0.006,5,5610.067,12660.873
164.360,184.291,-0.006,5,5610.030,12661.697
164.370,184.290,0.034,5,5609.992,12662.521
164.380,184.298,-0.006,5,5610.223,12663.345
164.390,184.296,-0.006,5,5610.185,12664.169
164.400,184.295,-0.006,5,5610.147,12664.993
164.410,184.294,-0.006,5,5610.110,12665.816
164.420,184.293,-0.006,5,5610.072,12666.640
164.430,184.291,-0.006,5,5610.035,12667.464
164.440,184.290,0.034,5,5609.997,12668.288
164.450,184.298,-0.006,5,5610.227,12669.112
164.460,184.297,-0.006,5,5610.190,12669.936
164.470,184.295,-0.006,5,5610.152,12670.760
164.480,184.294,-0.006,5,5610.115,12671.583
164.490,184.293,-0.006,5,5610.077,12672.407
164.500,184.292,-0.006,5,5610.039,12673.231
164.510,184.290,-0.006,5,5610.002,12674.055
164.520,184.289,0.034,5,5609.964,12674.879
164.530,184.297,-0.006,5,5610.195,12675.703
164.540,184.295,-0.006,5,5610.157,12676.527
164.550,184.294,-0.006,5,5610.119,12677.350
164.560,184.293,-0.006,5,5610.082,12678.174
164.570,184.292,-0.006,5,5610.044,12678.998
164.580,184.291,-0.006,5,5610.007,12679.822
164.590,184.289,0.034,5,5609.969,12680.646
164.600,184.297,-0.006,5,5610.200,12681.470
164.610,184.296,-0.006,5,5610.162,12682.294
164.620,184.294,-0.006,5,5610.124,12683.118
164.630,184.293,-0.006,5,5610.087,12683.941
164.640,184.292,-0.006,5,5610.049,12684.765
164.650,184.291,-0.006,5,5610.011,12685.589
164.660,184.289,0.034,5,5609.974,12686.413
164.670,184.297,-0.006,5,5610.204,12687.237
164.680,184.296,-0.006,5,5610.167,12688.061
164.690,184.295,-0.006,5,5610.129,12688.885
164.700,184.293,-0.006,5,5610.091,12689.708
164.710,184.292,-0.006,5,5610.054,12690.532
164.720,184.291,-0.006,5,5610.016,12691.356
164.730,184.290,0.034,5,5609.979,12692.180
164.740,184.297,-0.006,5,5610.209,12693.004
164.750,184.296,-0.006,5,5610.172,12693.828
164.760,184.295,-0.006,5,5610.134,12694.652
164.770,184.293,-0.006,5,5610.096,12695.475
164.780,184.292,-0.006,5,5610.059,12696.299
164.790,184.291,-0.006,5,5610.021,12697.123
164.800,184.290,0.034,5,5609.984,12697.947
164.810,184.297,-0.006,5,5610.214,12698.771
164.820,184.296,-0.006,5,5610.176,12699.595
164.830,184.295,-0.006,5,5610.139,12700.419
164.840,184.294,-0.006,5,5610.101,12701.243
164.850,184.292,-0.006,5,5610.064,12702.066
164.860,184.291,-0.006,5,5610.026,12702.890
164.870,184.290,0.034,5,5609.988,12703.714
164.880,184.298,-0.006,5,5610.219,12704.538
164.890,184.296,-0.006,5,5610.181,12705.362
164.900,184.295,-0.006,5,5610.144,12706.186
164.910,184.294,-0.006,5,5610.106,12707.010
164.920,184.293,-0.006,5,5610.068,12707.833
164.930,184.291,-0.006,5,5610.031,12708.657
164.940,184.290,0.034,5,5609.993,12709.481
164.950,184.298,-0.006,5,5610.224,12710.305
164.960,184.296,-0.006,5,5610.186,12711.129
164.970,184.295,-0.006,5,5610.148,12711.953
164.980,184.294,-0.006,5,5610.111,12712.777
164.990,184.293,-0.006,5,5610.073,12713.601
165.000,184.291,-0.006,5,5610.036,12714.424
165.010,184.290,0.034,5,5609.998,12715.248
165.020,184.298,-0.006,5,5610.228,12716.072
165.030,184.297,-0.006,5,5610.191,12716.896
165.040,184.295,-0.006,5,5610.153,12717.720
165.050,184.294,-0.006,5,5610.115,12718.544
165.060,184.293,-0.006,5,5610.078,12719.368
165.070,184.292,-0.006,5,5610.040,12720.191
165.080,184.290,-0.006,5,5610.003,12721.015
165.090,184.289,0.034,5,5609.965,12721.839
165.100,184.297,-0.006,5,5610.196,12722.663
165.110,184.296,-0.006,5,5610.158,12723.487
165.120,184.294,-0.006,5,5610.120,12724.311
165.130,184.293,-0.006,5,5610.083,12725.135
165.140,184.292,-0.006,5,5610.045,12725.958
165.150,184.291,-0.006,5,5610.008,12726.782
165.160,184.289,0.034,5,5609.970,12727.606
165.170,184.297,-0.006,5,5610.200,12728.430
165.180,184.296,-0.006,5,5610.163,12729.254
165.190,184.294,-0.006,5,5610.125,12730.078
165.200,184.293,-0.006,5,5610.088,12730.902
165.210,184.292,-0.006,5,5610.050,12731.726
165.220,184.291,-0.006,5,5610.012,12732.549
165.230,184.290,0.034,5,5609.975,12733.373
165.240,184.297,-0.006,5,5610.205,12734.197
165.250,184.296,-0.006,5,5610.168,12735.021
165.260,184.295,-0.006,5,5610.130,12735.845
165.270,184.293,-0.006,5,5610.092,12736.669
165.280,184.292,-0.006,5,5610.055,12737.493
165.290,184.291,-0.006,5,5610.017,12738.316
165.300,184.290,0.034,5,5609.980,12739.140
165.310,184.297,-0.006,5,5610.210,12739.964
165.320,184.296,-0.006,5,5610.173,12740.788
165.330,184.295,-0.006,5,5610.135,12741.612
165.340,184.294,-0.006,5,5610.097,12742.436
165.350,184.292,-0.006,5,5610.060,12743.260
165.360,184.291,-0.006,5,5610.022,12744.083
165.370,184.290,0.034,5,5609.985,12744.907
165.380,184.297,-0.006,5,5610.215,12745.731
165.390,184.296,-0.006,5,5610.177,12746.555
165.400,184.295,-0.006,5,5610.140,12747.379
165.410,184.294,-0.006,5,5610.102,12748.203
165.420,184.292,-0.006,5,5610.064,12749.027
165.430,184.291,-0.006,5,5610.027,12749.851
165.440,184.290,0.034,5,5609.989,12750.674
165.450,184.298,-0.006,5,5610.220,12751.498
165.460,184.296,-0.006,5,5610.182,12752.322
165.470,184.295,-0.006,5,5610.145,12753.146
165.480,184.294,-0.006,5,5610.107,12753.970
165.490,184.293,-0.006,5,5610.069,12754.794
165.500,184.291,-0.006,5,5610.032,12755.618
165.510,184.290,0.034,5,5609.994,12756.441
165.520,184.298,-0.006,5,5610.225,12757.265
165.530,184.296,-0.006,5,5610.187,12758.089
165.540,184.295,-0.006,5,5610.149,12758.913
165.550,184.294,-0.006,5,5610.112,12759.737
165.560,184.293,-0.006,5,5610.074,12760.561
165.570,184.292,-0.006,5,5610.036,12761.385
165.580,184.290,0.034,5,5609.999,12762.208
165.590,184.298,-0.006,5,5610.229,12763.032
165.600,184.297,-0.006,5,5610.192,12763.856
165.610,184.295,-0.006,5,5610.154,12764.680
165.620,184.294,-0.006,5,5610.116,12765.504
165.630,184.293,-0.006,5,5610.079,12766.328
165.640,184.292,-0.006,5,5610.041,12767.152
165.650,184.290,-0.006,5,5610.004,12767.976
165.660,184.289,0.034,5,5609.966,12768.799
165.670,184.297,-0.006,5,5610.197,12769.623
165.680,184.296,-0.006,5,5610.159,12770.447
165.690,184.294,-0.006,5,5610.121,12771.271
165.700,184.293,-0.006,5,5610.084,12772.095
165.710,184.292,-0.006,5,5610.046,12772.919
165.720,184.291,-0.006,5,5610.009,12773.743
165.730,184.289,0.034,5,5609.971,12774.566
165.740,184.297,-0.006,5,5610.201,12775.390
165.750,184.296,-0.006,5,5610.164,12776.214
165.760,184.294,-0.006,5,5610.126,12777.038
165.770,184.293,-0.006,5,5610.089,12777.862
165.780,184.292,-0.006,5,5610.051,12778.686
165.790,184.291,-0.006,5,5610.013,12779.510
165.800,184.290,0.034,5,5609.976,12780.333
165.810,184.297,-0.006,5,5610.206,12781.157
165.820,184.296,-0.006,5,5610.169,12781.981
165.830,184.295,-0.006,5,5610.131,12782.805
165.840,184.293,-0.006,5,5610.093,12783.629
165.850,184.292,-0.006,5,5610.056,12784.453
165.860,184.291,-0.006,5,5610.018,12785.277
165.870,184.290,0.034,5,5609.981,12786.101
165.880,184.297,-0.006,5,5610.211,12786.924
165.890,184.296,-0.006,5,5610.173,12787.748
165.900,184.295,-0.006,5,5610.136,12788.572
165.910,184.294,-0.006,5,5610.098,12789.396
165.920,184.292,-0.006,5,5610.061,12790.220
165.930,184.291,-0.006,5,5610.023,12791.044
165.940,184.290,0.034,5,5609.985,12791.868
165.950,184.297,-0.006,5,5610.216,12792.691
165.960,184.296,-0.006,5,5610.178,12793.515
165.970,184.295,-0.006,5,5610.141,12794.339
165.980,184.294,-0.006,5,5610.103,12795.163
165.990,184.292,-0.006,5,5610.065,12795.987
166.000,184.291,-0.006,5,5610.028,12796.811
166.010,184.290,0.034,5,5609.990,12797.635
166.020,184.298,-0.006,5,5610.221,12798.459
166.030,184.296,-0.006,5,5610.183,12799.282
166.040,184.295,-0.006,5,5610.145,12800.106
166.050,184.294,-0.006,5,5610.108,12800.930
166.060,184.293,-0.006,5,5610.070,12801.754
166.070,184.291,-0.006,5,5610.033,12802.578
166.080,184.290,0.034,5,5609.995,12803.402
166.090,184.298,-0.006,5,5610.226,12804.226
166.100,184.296,-0.006,5,5610.188,12805.049
166.110,184.295,-0.006,5,5610.150,12805.873
166.120,184.294,-0.006,5,5610.113,12806.697
166.130,184.293,-0.006,5,5610.075,12807.521
166.140,184.292,-0.006,5,5610.037,12808.345
166.150,184.290,0.034,5,5610.000,12809.169
166.160,184.298,-0.006,5,5610.230,12809.993
166.170,184.297,-0.006,5,5610.193,12810.817
166.180,184.295,-0.006,5,5610.155,12811.640
166.190,184.294,-0.006,5,5610.117,12812.464
166.200,184.293,-0.006,5,5610.080,12813.288
166.210,184.292,-0.006,5,5610.042,12814.112
166.220,184.290,-0.006,5,5610.005,12814.936
166.230,184.289,0.034,5,5609.967,12815.760
166.240,184.297,-0.006,5,5610.197,12816.584
166.250,184.296,-0.006,5,5610.160,12817.407
166.260,184.294,-0.006,5,5610.122,12818.231
166.270,184.293,-0.006,5,5610.085,12819.055
166.280,184.292,-0.006,5,5610.047,12819.879
166.290,184.291,-0.006,5,5610.009,12820.703
166.300,184.289,0.034,5,5609.972,12821.527
166.310,184.297,-0.006,5,5610.202,12822.351
166.320,184.296,-0.006,5,5610.165,12823.174
166.330,184.295,-0.006,5,5610.127,12823.998
166.340,184.293,-0.006,5,5610.089,12824.822
166.350,184.292,-0.006,5,5610.052,12825.646
166.360,184.291,-0.006,5,5610.014,12826.470
166.370,184.290,0.034,5,5609.977,12827.294
166.380,184.297,-0.006,5,5610.207,12828.118
166.390,184.296,-0.006,5,5610.170,12828.942
166.400,184.295,-0.006,5,5610.132,12829.765
166.410,184.293,-0.006,5,5610.094,12830.589
166.420,184.292,-0.006,5,5610.057,12831.413
166.430,184.291,-0.006,5,5610.019,12832.237
166.440,184.290,0.034,5,5609.982,12833.061
166.450,184.297,-0.006,5,5610.212,12833.885
166.460,184.296,-0.006,5,5610.174,12834.709
166.470,184.295,-0.006,5,5610.137,12835.532
166.480,184.294,-0.006,5,5610.099,12836.356
166.490,184.292,-0.006,5,5610.062,12837.180
166.500,184.291,-0.006,5,5610.024,12838.004
166.510,184.290,0.034,5,5609.986,12838.828
166.520,184.297,-0.006,5,5610.217,12839.652
166.530,184.296,-0.006,5,5610.179,12840.476
166.540,184.295,-0.006,5,5610.142,12841.299
166.550,184.294,-0.006,5,5610.104,12842.123
166.560,184.293,-0.006,5,5610.066,12842.947
166.570,184.291,-0.006,5,5610.029,12843.771
166.580,184.290,0.034,5,5609.991,12844.595
166.590,184.298,-0.006,5,5610.222,12845.419
166.600,184.296,-0.006,5,5610.184,12846.243
166.610,184.295,-0.006,5,5610.146,12847.067
166.620,184.294,-0.006,5,5610.109,12847.890
166.630,184.293,-0.006,5,5610.071,12848.714
166.640,184.291,-0.006,5,5610.034,12849.538
166.650,184.290,0.034,5,5609.996,12850.362
166.660,184.298,-0.006,5,5610.226,12851.186
166.670,184.297,-0.006,5,5610.189,12852.010
166.680,184.295,-0.006,5,5610.151,12852.834
166.690,184.294,-0.006,5,5610.114,12853.657
166.700,184.293,-0.006,5,5610.076,12854.481
166.710,184.292,-0.006,5,5610.038,12855.305
166.720,184.290,-0.006,5,5610.001,12856.129
166.730,184.289,0.034,5,5609.963,12856.953
166.740,184.297,-0.006,5,5610.194,12857.777
166.750,184.295,-0.006,5,5610.156,12858.601
166.760,184.294,-0.006,5,5610.118,12859.425
166.770,184.293,-0.006,5,5610.081,12860.248
166.780,184.292,-0.006,5,5610.043,12861.072
166.790,184.291,-0.006,5,5610.006,12861.896
166.800,184.289,0.034,5,5609.968,12862.720
166.810,184.297,-0.006,5,5610.199,12863.544
166.820,184.296,-0.006,5,5610.161,12864.368
166.830,184.294,-0.006,5,5610.123,12865.192
166.840,184.293,-0.006,5,5610.086,12866.015
166.850,184.292,-0.006,5,5610.048,12866.839
166.860,184.291,-0.006,5,5610.010,12867.663
166.870,184.289,0.034,5,5609.973,12868.487
166.880,184.297,-0.006,5,5610.203,12869.311
166.890,184.296,-0.006,5,5610.166,12870.135
166.900,184.295,-0.006,5,5610.128,12870.959
166.910,184.293,-0.006,5,5610.090,12871.782
166.920,184.292,-0.006,5,5610.053,12872.606
166.930,184.291,-0.006,5,5610.015,12873.430
166.940,184.290,0.034,5,5609.978,12874.254
166.950,184.297,-0.006,5,5610.208,12875.078
166.960,184.296,-0.006,5,5610.171,12875.902
166.970,184.295,-0.006,5,5610.133,12876.726
166.980,184.293,-0.006,5,5610.095,12877.550
166.990,184.292,-0.006,5,5610.058,12878.373
167.000,184.291,-0.006,5,5610.020,12879.197
167.010,184.290,0.034,5,5609.983,12880.021
167.020,184.297,-0.006,5,5610.213,12880.845
167.030,184.296,-0.006,5,5610.175,12881.669
167.040,184.295,-0.006,5,5610.138,12882.493
167.050,184.294,-0.006,5,5610.100,12883.317
167.060,184.292,-0.006,5,5610.063,12884.140
167.070,184.291,-0.006,5,5610.025,12884.964
167.080,184.290,0.034,5,5609.987,12885.788
167.090,184.297,-0.006,5,5610.218,12886.612
167.100,184.296,-0.006,5,5610.180,12887.436
167.110,184.295,-0.006,5,5610.143,12888.260
167.120,184.294,-0.006,5,5610.105,12889.084
167.130,184.293,-0.006,5,5610.067,12889.907
167.140,184.291,-0.006,5,5610.030,12890.731
167.150,184.290,0.034,5,5609.992,12891.555
167.160,184.298,-0.006,5,5610.223,12892.379
167.170,184.296,-0.006,5,5610.185,12893.203
167.180,184.295,-0.006,5,5610.147,12894.027
167.190,184.294,-0.006,5,5610.110,12894.851
167.200,184.293,-0.006,5,5610.072,12895.675
167.210,184.291,-0.006,5,5610.035,12896.498
167.220,184.290,0.034,5,5609.997,12897.322
167.230,184.298,-0.006,5,5610.227,12898.146
167.240,184.297,-0.006,5,5610.190,12898.970
167.250,184.295,-0.006,5,5610.152,12899.794
167.260,184.294,-0.006,5,5610.115,12900.618
167.270,184.293,-0.006,5,5610.077,12901.442
167.280,184.292,-0.006,5,5610.039,12902.265
167.290,184.290,-0.006,5,5610.002,12903.089
167.300,184.289,0.034,5,5609.964,12903.913
167.310,184.297,-0.006,5,5610.195,12904.737
167.320,184.295,-0.006,5,5610.157,12905.561
167.330,184.294,-0.006,5,5610.119,12906.385
167.340,184.293,-0.006,5,5610.082,12907.209
167.350,184.292,-0.006,5,5610.044,12908.032
167.360,184.291,-0.006,5,5610.007,12908.856
167.370,184.289,0.034,5,5609.969,12909.680
167.380,184.297,-0.006,5,5610.200,12910.504
167.390,184.296,-0.006,5,5610.162,12911.328
167.400,184.294,-0.006,5,5610.124,12912.152
167.410,184.293,-0.006,5,5610.087,12912.976
167.420,184.292,-0.006,5,5610.049,12913.800
167.430,184.291,-0.006,5,5610.011,12914.623
167.440,184.289,0.034,5,5609.974,12915.447
167.450,184.297,-0.006,5,5610.204,12916.271
167.460,184.296,-0.006,5,5610.167,12917.095
167.470,184.295,-0.006,5,5610.129,12917.919
167.480,184.293,-0.006,5,5610.091,12918.743
167.490,184.292,-0.006,5,5610.054,12919.567
167.500,184.291,-0.006,5,5610.016,12920.390
167.510,184.290,0.034,5,5609.979,12921.214
167.520,184.297,-0.006,5,5610.209,12922.038
167.530,184.296,-0.006,5,5610.172,12922.862
167.540,184.295,-0.006,5,5610.134,12923.686
167.550,184.293,-0.006,5,5610.096,12924.510
167.560,184.292,-0.006,5,5610.059,12925.334
167.570,184.291,-0.006,5,5610.021,12926.157
167.580,184.290,0.034,5,5609.984,12926.981
167.590,184.297,-0.006,5,5610.214,12927.805
167.600,184.296,-0.006,5,5610.176,12928.629
167.610,184.295,-0.006,5,5610.139,12929.453
167.620,184.294,-0.006,5,5610.101,12930.277
167.630,184.292,-0.006,5,5610.064,12931.101
167.640,184.291,-0.006,5,5610.026,12931.925
167.650,184.290,0.034,5,5609.988,12932.748
167.660,184.298,-0.006,5,5610.219,12933.572
167.670,184.296,-0.006,5,5610.181,12934.396
167.680,184.295,-0.006,5,5610.144,12935.220
167.690,184.294,-0.006,5,5610.106,12936.044
167.700,184.293,-0.006,5,5610.068,12936.868
167.710,184.291,-0.006,5,5610.031,12937.692
167.720,184.290,0.034,5,5609.993,12938.515
167.730,184.298,-0.006,5,5610.224,12939.339
167.740,184.296,-0.006,5,5610.186,12940.163
167.750,184.295,-0.006,5,5610.148,12940.987
167.760,184.294,-0.006,5,5610.111,12941.811
167.770,184.293,-0.006,5,5610.073,12942.635
167.780,184.291,-0.006,5,5610.036,12943.459
167.790,184.290,0.034,5,5609.998,12944.283
167.800,184.298,-0.006,5,5610.228,12945.106
167.810,184.297,-0.006,5,5610.191,12945.930
167.820,184.295,-0.006,5,5610.153,12946.754
167.830,184.294,-0.006,5,5610.115,12947.578
167.840,184.293,-0.006,5,5610.078,12948.402
167.850,184.292,-0.006,5,5610.040,12949.226
167.860,184.290,-0.006,5,5610.003,12950.050
167.870,184.289,0.034,5,5609.965,12950.873
167.880,184.297,-0.006,5,5610.196,12951.697
167.890,184.296,-0.006,5,5610.158,12952.521
167.900,184.294,-0.006,5,5610.120,12953.345
167.910,184.293,-0.006,5,5610.083,12954.169
167.920,184.292,-0.006,5,5610.045,12954.993
167.930,184.291,-0.006,5,5610.008,12955.817
167.940,184.289,0.034,5,5609.970,12956.640
167.950,184.297,-0.006,5,5610.200,12957.464
167.960,184.296,-0.006,5,5610.163,12958.288
167.970,184.294,-0.006,5,5610.125,12959.112
167.980,184.293,-0.006,5,5610.088,12959.936
167.990,184.292,-0.006,5,5610.050,12960.760
168.000,184.291,-0.006,5,5610.012,12961.584
168.010,184.290,0.034,5,5609.975,12962.408
168.020,184.297,-0.006,5,5610.205,12963.231
168.030,184.296,-0.006,5,5610.168,12964.055
168.040,184.295,-0.006,5,5610.130,12964.879
168.050,184.293,-0.006,5,5610.092,12965.703
168.060,184.292,-0.006,5,5610.055,12966.527
168.070,184.291,-0.006,5,5610.017,12967.351
168.080,184.290,0.034,5,5609.980,12968.175
168.090,184.297,-0.006,5,5610.210,12968.998
168.100,184.296,-0.006,5,5610.173,12969.822
168.110,184.295,-0.006,5,5610.135,12970.646
168.120,184.294,-0.006,5,5610.097,12971.470
168.130,184.292,-0.006,5,5610.060,12972.294
168.140,184.291,-0.006,5,5610.022,12973.118
168.150,184.290,0.034,5,5609.985,12973.942
168.160,184.297,-0.006,5,5610.215,12974.765
168.170,184.296,-0.006,5,5610.177,12975.589
168.180,184.295,-0.006,5,5610.140,12976.413
168.190,184.294,-0.006,5,5610.102,12977.237
168.200,184.292,-0.006,5,5610.064,12978.061
168.210,184.291,-0.006,5,5610.027,12978.885
168.220,184.290,0.034,5,5609.989,12979.709
168.230,184.298,-0.006,5,5610.220,12980.533
168.240,184.296,-0.006,5,5610.182,12981.356
168.250,184.295,-0.006,5,5610.145,12982.180
168.260,184.294,-0.006,5,5610.107,12983.004
168.270,184.293,-0.006,5,5610.069,12983.828
168.280,184.291,-0.006,5,5610.032,12984.652
168.290,184.290,0.034,5,5609.994,12985.476
168.300,184.298,-0.006,5,5610.225,12986.300
168.310,184.296,-0.006,5,5610.187,12987.123
168.320,184.295,-0.006,5,5610.149,12987.947
168.330,184.294,-0.006,5,5610.112,12988.771
168.340,184.293,-0.006,5,5610.074,12989.595
168.350,184.292,-0.006,5,5610.036,12990.419
168.360,184.290,0.034,5,5609.999,12991.243
168.370,184.298,-0.006,5,5610.229,12992.067
168.380,184.297,-0.006,5,5610.192,12992.891
168.390,184.295,-0.006,5,5610.154,12993.714
168.400,184.294,-0.006,5,5610.116,12994.538
168.410,184.293,-0.006,5,5610.079,12995.362
168.420,184.292,-0.006,5,5610.041,12996.186
168.430,184.290,-0.006,5,5610.004,12997.010
168.440,184.289,0.034,5,5609.966,12997.834
168.450,184.297,-0.006,5,5610.197,12998.658
168.460,184.296,-0.006,5,5610.159,12999.481
168.470,184.294,-0.006,5,5610.121,13000.305
168.480,184.293,-0.006,5,5610.084,13001.129
168.490,184.292,-0.006,5,5610.046,13001.953
168.500,184.291,-0.006,5,5610.009,13002.777
168.510,184.289,0.034,5,5609.971,13003.601
168.520,184.297,-0.006,5,5610.201,13004.425
168.530,184.296,-0.006,5,5610.164,13005.248
168.540,184.294,-0.006,5,5610.126,13006.072
168.550,184.293,-0.006,5,5610.089,13006.896
168.560,184.292,-0.006,5,5610.051,13007.720
168.570,184.291,-0.006,5,5610.013,13008.544
168.580,184.290,0.034,5,5609.976,13009.368
168.590,184.297,-0.006,5,5610.206,13010.192
168.600,184.296,-0.006,5,5610.169,13011.016
168.610,184.295,-0.006,5,5610.131,13011.839
168.620,184.293,-0.006,5,5610.093,13012.663
168.630,184.292,-0.006,5,5610.056,13013.487
168.640,184.291,-0.006,5,5610.018,13014.311
168.650,184.290,0.034,5,5609.981,13015.135
168.660,184.297,-0.006,5,5610.211,13015.959
168.670,184.296,-0.006,5,5610.173,13016.783
168.680,184.295,-0.006,5,5610.136,13017.606
168.690,184.294,-0.006,5,5610.098,13018.430
168.700,184.292,-0.006,5,5610.061,13019.254
168.710,184.291,-0.006,5,5610.023,13020.078
168.720,184.290,0.034,5,5609.985,13020.902
168.730,184.297,-0.006,5,5610.216,13021.726
168.740,184.296,-0.006,5,5610.178,13022.550
168.750,184.295,-0.006,5,5610.141,13023.373
168.760,184.294,-0.006,5,5610.103,13024.197
168.770,184.292,-0.006,5,5610.065,13025.021
168.780,184.291,-0.006,5,5610.028,13025.845
168.790,184.290,0.034,5,5609.990,13026.669
168.800,184.298,-0.006,5,5610.221,13027.493
168.810,184.296,-0.006,5,5610.183,13028.317
168.820,184.295,-0.006,5,5610.145,13029.141
168.830,184.294,-0.006,5,5610.108,13029.964
168.840,184.293,-0.006,5,5610.070,13030.788
168.850,184.291,-0.006,5,5610.033,13031.612
168.860,184.290,0.034,5,5609.995,13032.436
168.870,184.298,-0.006,5,5610.226,13033.260
168.880,184.296,-0.006,5,5610.188,13034.084
168.890,184.295,-0.006,5,5610.150,13034.908
168.900,184.294,-0.006,5,5610.113,13035.731
168.910,184.293,-0.006,5,5610.075,13036.555
168.920,184.292,-0.006,5,5610.037,13037.379
168.930,184.290,0.034,5,5610.000,13038.203
168.940,184.298,-0.006,5,5610.230,13039.027
168.950,184.297,-0.006,5,5610.193,13039.851
168.960,184.295,-0.006,5,5610.155,13040.675
168.970,184.294,-0.006,5,5610.117,13041.499
168.980,184.293,-0.006,5,5610.080,13042.322
168.990,184.292,-0.006,5,5610.042,13043.146
169.000,184.290,-0.006,5,5610.005,13043.970
169.010,184.289,0.034,5,5609.967,13044.794
169.020,184.297,-0.006,5,5610.197,13045.618
169.030,184.296,-0.006,5,5610.160,13046.442
169.040,184.294,-0.006,5,5610.122,13047.266
169.050,184.293,-0.006,5,5610.085,13048.089
169.060,184.292,-0.006,5,5610.047,13048.913
169.070,184.291,-0.006,5,5610.009,13049.737
169.080,184.289,0.034,5,5609.972,13050.561
169.090,184.297,-0.006,5,5610.202,13051.385
169.100,184.296,-0.006,5,5610.165,13052.209
169.110,184.295,-0.006,5,5610.127,13053.033
169.120,184.293,-0.006,5,5610.089,13053.856
169.130,184.292,-0.006,5,5610.052,13054.680
169.140,184.291,-0.006,5,5610.014,13055.504
169.150,184.290,0.034,5,5609.977,13056.328
169.160,184.297,-0.006,5,5610.207,13057.152
169.170,184.296,-0.006,5,5610.170,13057.976
169.180,184.295,-0.006,5,5610.132,13058.800
169.190,184.293,-0.006,5,5610.094,13059.624
169.200,184.292,-0.006,5,5610.057,13060.447
169.210,184.291,-0.006,5,5610.019,13061.271
169.220,184.290,0.034,5,5609.982,13062.095
169.230,184.297,-0.006,5,5610.212,13062.919
169.240,184.296,-0.006,5,5610.174,13063.743
169.250,184.295,-0.006,5,5610.137,13064.567
169.260,184.294,-0.006,5,5610.099,13065.391
169.270,184.292,-0.006,5,5610.062,13066.214
169.280,184.291,-0.006,5,5610.024,13067.038
169.290,184.290,0.034,5,5609.986,13067.862
169.300,184.297,-0.006,5,5610.217,13068.686
169.310,184.296,-0.006,5,5610.179,13069.510
169.320,184.295,-0.006,5,5610.142,13070.334
169.330,184.294,-0.006,5,5610.104,13071.158
169.340,184.293,-0.006,5,5610.066,13071.982
169.350,184.291,-0.006,5,5610.029,13072.805
169.360,184.290,0.034,5,5609.991,13073.629
169.370,184.298,-0.006,5,5610.222,13074.453
169.380,184.296,-0.006,5,5610.184,13075.277
169.390,184.295,-0.006,5,5610.146,13076.101
169.400,184.294,-0.006,5,5610.109,13076.925
169.410,184.293,-0.006,5,5610.071,13077.749
169.420,184.291,-0.006,5,5610.034,13078.572
169.430,184.290,0.034,5,5609.996,13079.396
169.440,184.298,-0.006,5,5610.226,13080.220
169.450,184.297,-0.006,5,5610.189,13081.044
169.460,184.295,-0.006,5,5610.151,13081.868
169.470,184.294,-0.006,5,5610.114,13082.692
169.480,184.293,-0.006,5,5610.076,13083.516
169.490,184.292,-0.006,5,5610.038,13084.339
169.500,184.290,-0.006,5,5610.001,13085.163
169.510,184.289,0.034,5,5609.963,13085.987
169.520,184.297,-0.006,5,5610.194,13086.811
169.530,184.295,-0.006,5,5610.156,13087.635
169.540,184.294,-0.006,5,5610.118,13088.459
169.550,184.293,-0.006,5,5610.081,13089.283
169.560,184.292,-0.006,5,5610.043,13090.107
169.570,184.291,-0.006,5,5610.006,13090.930
169.580,184.289,0.034,5,5609.968,13091.754
169.590,184.297,-0.006,5,5610.199,13092.578
169.600,184.296,-0.006,5,5610.161,13093.402
169.610,184.294,-0.006,5,5610.123,13094.226
169.620,184.293,-0.006,5,5610.086,13095.050
169.630,184.292,-0.006,5,5610.048,13095.874
169.640,184.291,-0.006,5,5610.010,13096.697
169.650,184.289,0.034,5,5609.973,13097.521
169.660,184.297,-0.006,5,5610.203,13098.345
169.670,184.296,-0.006,5,5610.166,13099.169
169.680,184.295,-0.006,5,5610.128,13099.993
169.690,184.293,-0.006,5,5610.090,13100.817
169.700,184.292,-0.006,5,5610.053,13101.641
169.710,184.291,-0.006,5,5610.015,13102.464
169.720,184.290,0.034,5,5609.978,13103.288
169.730,184.297,-0.006,5,5610.208,13104.112
169.740,184.296,-0.006,5,5610.171,13104.936
169.750,184.295,-0.006,5,5610.133,13105.760
169.760,184.293,-0.006,5,5610.095,13106.584
169.770,184.292,-0.006,5,5610.058,13107.408
169.780,184.291,-0.006,5,5610.020,13108.232
169.790,184.290,0.034,5,5609.983,13109.055
169.800,184.297,-0.006,5,5610.213,13109.879
169.810,184.296,-0.006,5,5610.175,13110.703
169.820,184.295,-0.006,5,5610.138,13111.527
169.830,184.294,-0.006,5,5610.100,13112.351
169.840,184.292,-0.006,5,5610.063,13113.175
169.850,184.291,-0.006,5,5610.025,13113.999
169.860,184.290,0.034,5,5609.987,13114.822
169.870,184.297,-0.006,5,5610.218,13115.646
169.880,184.296,-0.006,5,5610.180,13116.470
169.890,184.295,-0.006,5,5610.143,13117.294
169.900,184.294,-0.006,5,5610.105,13118.118
169.910,184.293,-0.006,5,5610.067,13118.942
169.920,184.291,-0.006,5,5610.030,13119.766
169.930,184.290,0.034,5,5609.992,13120.589
169.940,184.298,-0.006,5,5610.223,13121.413
169.950,184.296,-0.006,5,5610.185,13122.237
169.960,184.295,-0.006,5,5610.147,13123.061
169.970,184.294,-0.006,5,5610.110,13123.885
169.980,184.293,-0.006,5,5610.072,13124.709
169.990,184.291,-0.006,5,5610.035,13125.533
170.000,184.290,0.034,5,5609.997,13126.357
170.010,184.298,-0.006,5,5610.227,13127.180
170.020,184.297,-0.006,5,5610.190,13128.004
170.030,184.295,-0.006,5,5610.152,13128.828
170.040,184.294,-0.006,5,5610.115,13129.652
170.050,184.293,-0.006,5,5610.077,13130.476
170.060,184.292,-0.006,5,5610.039,13131.300
170.070,184.290,-0.006,5,5610.002,13132.124
170.080,184.289,0.034,5,5609.964,13132.947
170.090,184.297,-0.006,5,5610.195,13133.771
170.100,184.295,-0.006,5,5610.157,13134.595
170.110,184.294,-0.006,5,5610.119,13135.419
170.120,184.293,-0.006,5,5610.082,13136.243
170.130,184.292,-0.006,5,5610.044,13137.067
170.140,184.291,-0.006,5,5610.007,13137.891
170.150,184.289,0.034,5,5609.969,13138.714
170.160,184.297,-0.006,5,5610.200,13139.538
170.170,184.296,-0.006,5,5610.162,13140.362
170.180,184.294,-0.006,5,5610.124,13141.186
170.190,184.293,-0.006,5,5610.087,13142.010
170.200,184.292,-0.006,5,5610.049,13142.834
170.210,184.291,-0.006,5,5610.011,13143.658
170.220,184.289,0.034,5,5609.974,13144.482
170.230,184.297,-0.006,5,5610.204,13145.305
170.240,184.296,-0.006,5,5610.167,13146.129
170.250,184.295,-0.006,5,5610.129,13146.953
170.260,184.293,-0.006,5,5610.091,13147.777
170.270,184.292,-0.006,5,5610.054,13148.601
170.280,184.291,-0.006,5,5610.016,13149.425
170.290,184.290,0.034,5,5609.979,13150.249
170.300,184.297,-0.006,5,5610.209,13151.072
170.310,184.296,-0.006,5,5610.172,13151.896
170.320,184.295,-0.006,5,5610.134,13152.720
170.330,184.293,-0.006,5,5610.096,13153.544
170.340,184.292,-0.006,5,5610.059,13154.368
170.350,184.291,-0.006,5,5610.021,13155.192
170.360,184.290,0.034,5,5609.984,13156.016
170.370,184.297,-0.006,5,5610.214,13156.839
170.380,184.296,-0.006,5,5610.176,13157.663
170.390,184.295,-0.006,5,5610.139,13158.487
170.400,184.294,-0.006,5,5610.101,13159.311
170.410,184.292,-0.006,5,5610.064,13160.135
170.420,184.291,-0.006,5,5610.026,13160.959
170.430,184.290,0.034,5,5609.988,13161.783
170.440,184.298,-0.006,5,5610.219,13162.607
170.450,184.296,-0.006,5,5610.181,13163.430
170.460,184.295,-0.006,5,5610.144,13164.254
170.470,184.294,-0.006,5,5610.106,13165.078
170.480,184.293,-0.006,5,5610.068,13165.902
170.490,184.291,-0.006,5,5610.031,13166.726
170.500,184.290,0.034,5,5609.993,13167.550
170.510,184.298,-0.006,5,5610.224,13168.374
170.520,184.296,-0.006,5,5610.186,13169.197
170.530,184.295,-0.006,5,5610.148,13170.021
170.540,184.294,-0.006,5,5610.111,13170.845
170.550,184.293,-0.006,5,5610.073,13171.669
170.560,184.291,-0.006,5,5610.036,13172.493
170.570,184.290,0.034,5,5609.998,13173.317
170.580,184.298,-0.006,5,5610.228,13174.141
170.590,184.297,-0.006,5,5610.191,13174.965
170.600,184.295,-0.006,5,5610.153,13175.788
170.610,184.294,-0.006,5,5610.115,13176.612
170.620,184.293,-0.006,5,5610.078,13177.436
170.630,184.292,-0.006,5,5610.040,13178.260
170.640,184.290,-0.006,5,5610.003,13179.084
170.650,184.289,0.034,5,5609.965,13179.908
170.660,184.297,-0.006,5,5610.196,13180.732
170.670,184.296,-0.006,5,5610.158,13181.555
170.680,184.294,-0.006,5,5610.120,13182.379
170.690,184.293,-0.006,5,5610.083,13183.203
170.700,184.292,-0.006,5,5610.045,13184.027
170.710,184.291,-0.006,5,5610.008,13184.851
170.720,184.289,0.034,5,5609.970,13185.675
170.730,184.297,-0.006,5,5610.200,13186.499
170.740,184.296,-0.006,5,5610.163,13187.322
170.750,184.294,-0.006,5,5610.125,13188.146
170.760,184.293,-0.006,5,5610.088,13188.970
170.770,184.292,-0.006,5,5610.050,13189.794
170.780,184.291,-0.006,5,5610.012,13190.618
170.790,184.290,0.034,5,5609.975,13191.442
170.800,184.297,-0.006,5,5610.205,13192.266
170.810,184.296,-0.006,5,5610.168,13193.090
170.820,184.295,-0.006,5,5610.130,13193.913
170.830,184.293,-0.006,5,5610.092,13194.737
170.840,184.292,-0.006,5,5610.055,13195.561
170.850,184.291,-0.006,5,5610.017,13196.385
170.860,184.290,0.034,5,5609.980,13197.209
170.870,184.297,-0.006,5,5610.210,13198.033
170.880,184.296,-0.006,5,5610.173,13198.857
170.890,184.295,-0.006,5,5610.135,13199.680
170.900,184.294,-0.006,5,5610.097,13200.504
170.910,184.292,-0.006,5,5610.060,13201.328
170.920,184.291,-0.006,5,5610.022,13202.152
170.930,184.290,0.034,5,5609.985,13202.976
170.940,184.297,-0.006,5,5610.215,13203.800
170.950,184.296,-0.006,5,5610.177,13204.624
170.960,184.295,-0.006,5,5610.140,13205.447
170.970,184.294,-0.006,5,5610.102,13206.271
170.980,184.292,-0.006,5,5610.064,13207.095
170.990,184.291,-0.006,5,5610.027,13207.919
171.000,184.290,0.034,5,5609.989,13208.743
171.010,184.298,-0.006,5,5610.220,13209.567
171.020,184.296,-0.006,5,5610.182,13210.391
171.030,184.295,-0.006,5,5610.145,13211.215
171.040,184.294,-0.006,5,5610.107,13212.038
171.050,184.293,-0.006,5,5610.069,13212.862
171.060,184.291,-0.006,5,5610.032,13213.686
171.070,184.290,0.034,5,5609.994,13214.510
171.080,184.298,-0.006,5,5610.225,13215.334
171.090,184.296,-0.006,5,5610.187,13216.158
171.100,184.295,-0.006,5,5610.149,13216.982
171.110,184.294,-0.006,5,5610.112,13217.805
171.120,184.293,-0.006,5,5610.074,13218.629
171.130,184.292,-0.006,5,5610.036,13219.453
171.140,184.290,0.034,5,5609.999,13220.277
171.150,184.298,-0.006,5,5610.229,13221.101
171.160,184.297,-0.006,5,5610.192,13221.925
171.170,184.295,-0.006,5,5610.154,13222.749
171.180,184.294,-0.006,5,5610.116,13223.573
171.190,184.293,-0.006,5,5610.079,13224.396
171.200,184.292,-0.006,5,5610.041,13225.220
171.210,184.290,-0.006,5,5610.004,13226.044
171.220,184.289,0.034,5,5609.966,13226.868
171.230,184.297,-0.006,5,5610.197,13227.692
171.240,184.296,-0.006,5,5610.159,13228.516
171.250,184.294,-0.006,5,5610.121,13229.340
171.260,184.293,-0.006,5,5610.084,13230.163
171.270,184.292,-0.006,5,5610.046,13230.987
171.280,184.291,-0.006,5,5610.009,13231.811
171.290,184.289,0.034,5,5609.971,13232.635
171.300,184.297,-0.006,5,5610.201,13233.459
171.310,184.296,-0.006,5,5610.164,13234.283
171.320,184.294,-0.006,5,5610.126,13235.107
171.330,184.293,-0.006,5,5610.089,13235.930
171.340,184.292,-0.006,5,5610.051,13236.754
171.350,184.291,-0.006,5,5610.013,13237.578
171.360,184.290,0.034,5,5609.976,13238.402
171.370,184.297,-0.006,5,5610.206,13239.226
171.380,184.296,-0.006,5,5610.169,13240.050
171.390,184.295,-0.006,5,5610.131,13240.874
171.400,184.293,-0.006,5,5610.093,13241.698
171.410,184.292,-0.006,5,5610.056,13242.521
171.420,184.291,-0.006,5,5610.018,13243.345
171.430,184.290,0.034,5,5609.981,13244.169
171.440,184.297,-0.006,5,5610.211,13244.993
171.450,184.296,-0.006,5,5610.173,13245.817
171.460,184.295,-0.006,5,5610.136,13246.641
171.470,184.294,-0.006,5,5610.098,13247.465
171.480,184.292,-0.006,5,5610.061,13248.288
171.490,184.291,-0.006,5,5610.023,13249.112
171.500,184.290,0.034,5,5609.985,13249.936
171.510,184.297,-0.006,5,5610.216,13250.760
171.520,184.296,-0.006,5,5610.178,13251.584
171.530,184.295,-0.006,5,5610.141,13252.408
171.540,184.294,-0.006,5,5610.103,13253.232
171.550,184.292,-0.006,5,5610.065,13254.056
171.560,184.291,-0.006,5,5610.028,13254.879
171.570,184.290,0.034,5,5609.990,13255.703
171.580,184.298,-0.006,5,5610.221,13256.527
171.590,184.296,-0.006,5,5610.183,13257.351
171.600,184.295,-0.006,5,5610.145,13258.175
171.610,184.294,-0.006,5,5610.108,13258.999
171.620,184.293,-0.006,5,5610.070,13259.823
171.630,184.291,-0.006,5,5610.033,13260.646
171.640,184.290,0.034,5,5609.995,13261.470
171.650,184.298,-0.006,5,5610.226,13262.294
171.660,184.296,-0.006,5,5610.188,13263.118
171.670,184.295,-0.006,5,5610.150,13263.942
171.680,184.294,-0.006,5,5610.113,13264.766
171.690,184.293,-0.006,5,5610.075,13265.590
171.700,184.292,-0.006,5,5610.037,13266.413
171.710,184.290,0.034,5,5610.000,13267.237
171.720,184.298,-0.006,5,5610.230,13268.061
171.730,184.297,-0.006,5,5610.193,13268.885
171.740,184.295,-0.006,5,5610.155,13269.709
171.750,184.294,-0.006,5,5610.117,13270.533
171.760,184.293,-0.006,5,5610.080,13271.357
171.770,184.292,-0.006,5,5610.042,13272.181
171.780,184.290,-0.006,5,5610.005,13273.004
171.790,184.289,0.034,5,5609.967,13273.828
171.800,184.297,-0.006,5,5610.197,13274.652
171.810,184.296,-0.006,5,5610.160,13275.476
171.820,184.294,-0.006,5,5610.122,13276.300
171.830,184.293,-0.006,5,5610.085,13277.124
171.840,184.292,-0.006,5,5610.047,13277.948
171.850,184.291,-0.006,5,5610.009,13278.771
171.860,184.289,0.034,5,5609.972,13279.595
171.870,184.297,-0.006,5,5610.202,13280.419
171.880,184.296,-0.006,5,5610.165,13281.243
171.890,184.295,-0.006,5,5610.127,13282.067
171.900,184.293,-0.006,5,5610.089,13282.891
171.910,184.292,-0.006,5,5610.052,13283.715
171.920,184.291,-0.006,5,5610.014,13284.538
171.930,184.290,0.034,5,5609.977,13285.362
171.940,184.297,-0.006,5,5610.207,13286.186
171.950,184.296,-0.006,5,5610.170,13287.010
171.960,184.295,-0.006,5,5610.132,13287.834
171.970,184.293,-0.006,5,5610.094,13288.658
171.980,184.292,-0.006,5,5610.057,13289.482
171.990,184.291,-0.006,5,5610.019,13290.306
172.000,184.290,0.034,5,5609.982,13291.129
172.010,184.297,-0.006,5,5610.212,13291.953
172.020,184.296,-0.006,5,5610.174,13292.777
172.030,184.295,-0.006,5,5610.137,13293.601
172.040,184.294,-0.006,5,5610.099,13294.425
172.050,184.292,-0.006,5,5610.062,13295.249
172.060,184.291,-0.006,5,5610.024,13296.073
172.070,184.290,0.034,5,5609.986,13296.896
172.080,184.297,-0.006,5,5610.217,13297.720
172.090,184.296,-0.006,5,5610.179,13298.544
172.100,184.295,-0.006,5,5610.142,13299.368
172.110,184.294,-0.006,5,5610.104,13300.192
172.120,184.293,-0.006,5,5610.066,13301.016
172.130,184.291,-0.006,5,5610.029,13301.840
172.140,184.290,0.034,5,5609.991,13302.663
172.150,184.298,-0.006,5,5610.222,13303.487
172.160,184.296,-0.006,5,5610.184,13304.311
172.170,184.295,-0.006,5,5610.146,13305.135
172.180,184.294,-0.006,5,5610.109,13305.959
172.190,184.293,-0.006,5,5610.071,13306.783
172.200,184.291,-0.006,5,5610.034,13307.607
172.210,184.290,0.034,5,5609.996,13308.431
172.220,184.298,-0.006,5,5610.226,13309.254
172.230,184.297,-0.006,5,5610.189,13310.078
172.240,184.295,-0.006,5,5610.151,13310.902
172.250,184.294,-0.006,5,5610.114,13311.726
172.260,184.293,-0.006,5,5610.076,13312.550
172.270,184.292,-0.006,5,5610.038,13313.374
172.280,184.290,-0.006,5,5610.001,13314.198
172.290,184.289,0.034,5,5609.963,13315.021
172.300,184.297,-0.006,5,5610.194,13315.845
172.310,184.295,-0.006,5,5610.156,13316.669
172.320,184.294,-0.006,5,5610.118,13317.493
172.330,184.293,-0.006,5,5610.081,13318.317
172.340,184.292,-0.006,5,5610.043,13319.141
172.350,184.291,-0.006,5,5610.006,13319.965
172.360,184.289,0.034,5,5609.968,13320.789
172.370,184.297,-0.006,5,5610.199,13321.612
172.380,184.296,-0.006,5,5610.161,13322.436
172.390,184.294,-0.006,5,5610.123,13323.260
172.400,184.293,-0.006,5,5610.086,13324.084
172.410,184.292,-0.006,5,5610.048,13324.908
172.420,184.291,-0.006,5,5610.010,13325.732
172.430,184.289,0.034,5,5609.973,13326.556
172.440,184.297,-0.006,5,5610.203,13327.379
172.450,184.296,-0.006,5,5610.166,13328.203
172.460,184.295,-0.006,5,5610.128,13329.027
172.470,184.293,-0.006,5,5610.090,13329.851
172.480,184.292,-0.006,5,5610.053,13330.675
172.490,184.291,-0.006,5,5610.015,13331.499
172.500,184.290,0.034,5,5609.978,13332.323
172.510,184.297,-0.006,5,5610.208,13333.146
172.520,184.296,-0.006,5,5610.171,13333.970
172.530,184.295,-0.006,5,5610.133,13334.794
172.540,184.293,-0.006,5,5610.095,13335.618
172.550,184.292,-0.006,5,5610.058,13336.442
172.560,184.291,-0.006,5,5610.020,13337.266
172.570,184.290,0.034,5,5609.983,13338.090
172.580,184.297,-0.006,5,5610.213,13338.914
172.590,184.296,-0.006,5,5610.175,13339.737
172.600,184.295,-0.006,5,5610.138,13340.561
172.610,184.294,-0.006,5,5610.100,13341.385
172.620,184.292,-0.006,5,5610.063,13342.209
172.630,184.291,-0.006,5,5610.025,13343.033
172.640,184.290,0.034,5,5609.987,13343.857
172.650,184.297,-0.006,5,5610.218,13344.681
172.660,184.296,-0.006,5,5610.180,13345.504
172.670,184.295,-0.006,5,5610.143,13346.328
172.680,184.294,-0.006,5,5610.105,13347.152
172.690,184.293,-0.006,5,5610.067,13347.976
172.700,184.291,-0.006,5,5610.030,13348.800
172.710,184.290,0.034,5,5609.992,13349.624
172.720,184.298,-0.006,5,5610.223,13350.448
172.730,184.296,-0.006,5,5610.185,13351.271
172.740,184.295,-0.006,5,5610.147,13352.095
172.750,184.294,-0.006,5,5610.110,13352.919
172.760,184.293,-0.006,5,5610.072,13353.743
172.770,184.291,-0.006,5,5610.035,13354.567
172.780,184.290,0.034,5,5609.997,13355.391
172.790,184.298,-0.006,5,5610.227,13356.215
172.800,184.297,-0.006,5,5610.190,13357.039
172.810,184.295,-0.006,5,5610.152,13357.862
172.820,184.294,-0.006,5,5610.115,13358.686
172.830,184.293,-0.006,5,5610.077,13359.510
172.840,184.292,-0.006,5,5610.039,13360.334
172.850,184.290,-0.006,5,5610.002,13361.158
172.860,184.289,0.034,5,5609.964,13361.982
172.870,184.297,-0.006,5,5610.195,13362.806
172.880,184.295,-0.006,5,5610.157,13363.629
172.890,184.294,-0.006,5,5610.119,13364.453
172.900,184.293,-0.006,5,5610.082,13365.277
172.910,184.292,-0.006,5,5610.044,13366.101
172.920,184.291,-0.006,5,5610.007,13366.925
172.930,184.289,0.034,5,5609.969,13367.749
172.940,184.297,-0.006,5,5610.200,13368.573
172.950,184.296,-0.006,5,5610.162,13369.397
172.960,184.294,-0.006,5,5610.124,13370.220
172.970,184.293,-0.006,5,5610.087,13371.044
172.980,184.292,-0.006,5,5610.049,13371.868
172.990,184.291,-0.006,5,5610.011,13372.692
173.000,184.289,0.034,5,5609.974,13373.516
173.010,184.297,-0.006,5,5610.204,13374.340
173.020,184.296,-0.006,5,5610.167,13375.164
173.030,184.295,-0.006,5,5610.129,13375.987
173.040,184.293,-0.006,5,5610.091,13376.811
173.050,184.292,-0.006,5,5610.054,13377.635
173.060,184.291,-0.006,5,5610.016,13378.459
173.070,184.290,0.034,5,5609.979,13379.283
173.080,184.297,-0.006,5,5610.209,13380.107
173.090,184.296,-0.006,5,5610.172,13380.931
173.100,184.295,-0.006,5,5610.134,13381.754
173.110,184.293,-0.006,5,5610.096,13382.578
173.120,184.292,-0.006,5,5610.059,13383.402
173.130,184.291,-0.006,5,5610.021,13384.226
173.140,184.290,0.034,5,5609.984,13385.050
173.150,184.297,-0.006,5,5610.214,13385.874
173.160,184.296,-0.006,5,5610.176,13386.698
173.170,184.295,-0.006,5,5610.139,13387.522
173.180,184.294,-0.006,5,5610.101,13388.345
173.190,184.292,-0.006,5,5610.064,13389.169
173.200,184.291,-0.006,5,5610.026,13389.993
173.210,184.290,0.034,5,5609.988,13390.817
173.220,184.298,-0.006,5,5610.219,13391.641
173.230,184.296,-0.006,5,5610.181,13392.465
173.240,184.295,-0.006,5,5610.144,13393.289
173.250,184.294,-0.006,5,5610.106,13394.112
173.260,184.293,-0.006,5,5610.068,13394.936
173.270,184.291,-0.006,5,5610.031,13395.760
173.280,184.290,0.034,5,5609.993,13396.584
173.290,184.298,-0.006,5,5610.224,13397.408
173.300,184.296,-0.006,5,5610.186,13398.232
173.310,184.295,-0.006,5,5610.148,13399.056
173.320,184.294,-0.006,5,5610.111,13399.880
173.330,184.293,-0.006,5,5610.073,13400.703
173.340,184.291,-0.006,5,5610.036,13401.527
173.350,184.290,0.034,5,5609.998,13402.351
173.360,184.298,-0.006,5,5610.228,13403.175
173.370,184.297,-0.006,5,5610.191,13403.999
173.380,184.295,-0.006,5,5610.153,13404.823
173.390,184.294,-0.006,5,5610.115,13405.647
173.400,184.293,-0.006,5,5610.078,13406.470
173.410,184.292,-0.006,5,5610.040,13407.294
173.420,184.290,-0.006,5,5610.003,13408.118
173.430,184.289,0.034,5,5609.965,13408.942
173.440,184.297,-0.006,5,5610.196,13409.766
173.450,184.296,-0.006,5,5610.158,13410.590
173.460,184.294,-0.006,5,5610.120,13411.414
173.470,184.293,-0.006,5,5610.083,13412.237
173.480,184.292,-0.006,5,5610.045,13413.061
173.490,184.291,-0.006,5,5610.008,13413.885
173.500,184.289,0.034,5,5609.970,13414.709
173.510,184.297,-0.006,5,5610.200,13415.533
173.520,184.296,-0.006,5,5610.163,13416.357
173.530,184.294,-0.006,5,5610.125,13417.181
173.540,184.293,-0.006,5,5610.088,13418.005
173.550,184.292,-0.006,5,5610.050,13418.828
173.560,184.291,-0.006,5,5610.012,13419.652
173.570,184.290,0.034,5,5609.975,13420.476
173.580,184.297,-0.006,5,5610.205,13421.300
173.590,184.296,-0.006,5,5610.168,13422.124
173.600,184.295,-0.006,5,5610.130,13422.948
173.610,184.293,-0.006,5,5610.092,13423.772
173.620,184.292,-0.006,5,5610.055,13424.595
173.630,184.291,-0.006,5,5610.017,13425.419
173.640,184.290,0.034,5,5609.980,13426.243
173.650,184.297,-0.006,5,5610.210,13427.067
173.660,184.296,-0.006,5,5610.173,13427.891
173.670,184.295,-0.006,5,5610.135,13428.715
173.680,184.294,-0.006,5,5610.097,13429.539
173.690,184.292,-0.006,5,5610.060,13430.362
173.700,184.291,-0.006,5,5610.022,13431.186
173.710,184.290,0.034,5,5609.985,13432.010
173.720,184.297,-0.006,5,5610.215,13432.834
173.730,184.296,-0.006,5,5610.177,13433.658
173.740,184.295,-0.006,5,5610.140,13434.482
173.750,184.294,-0.006,5,5610.102,13435.306
173.760,184.292,-0.006,5,5610.064,13436.130
173.770,184.291,-0.006,5,5610.027,13436.953
173.780,184.290,0.034,5,5609.989,13437.777
173.790,184.298,-0.006,5,5610.220,13438.601
173.800,184.296,-0.006,5,5610.182,13439.425
173.810,184.295,-0.006,5,5610.145,13440.249
173.820,184.294,-0.006,5,5610.107,13441.073
173.830,184.293,-0.006,5,5610.069,13441.897
173.840,184.291,-0.006,5,5610.032,13442.720
173.850,184.290,0.034,5,5609.994,13443.544
173.860,184.298,-0.006,5,5610.225,13444.368
173.870,184.296,-0.006,5,5610.187,13445.192
173.880,184.295,-0.006,5,5610.149,13446.016
173.890,184.294,-0.006,5,5610.112,13446.840
173.900,184.293,-0.006,5,5610.074,13447.664
173.910,184.292,-0.006,5,5610.036,13448.487
173.920,184.290,0.034,5,5609.999,13449.311
173.930,184.298,-0.006,5,5610.229,13450.135
173.940,184.297,-0.006,5,5610.192,13450.959
173.950,184.295,-0.006,5,5610.154,13451.783
173.960,184.294,-0.006,5,5610.116,13452.607
173.970,184.293,-0.006,5,5610.079,13453.431
173.980,184.292,-0.006,5,5610.041,13454.255
173.990,184.290,-0.006,5,5610.004,13455.078
174.000,184.289,0.034,5,5609.966,13455.902
174.010,184.297,-0.006,5,5610.197,13456.726
174.020,184.296,-0.006,5,5610.159,13457.550
174.030,184.294,-0.006,5,5610.121,13458.374
174.040,184.293,-0.006,5,5610.084,13459.198
174.050,184.292,-0.006,5,5610.046,13460.022
174.060,184.291,-0.006,5,5610.009,13460.845
174.070,184.289,0.034,5,5609.971,13461.669
174.080,184.297,-0.006,5,5610.201,13462.493
174.090,184.296,-0.006,5,5610.164,13463.317
174.100,184.294,-0.006,5,5610.126,13464.141
174.110,184.293,-0.006,5,5610.089,13464.965
174.120,184.292,-0.006,5,5610.051,13465.789
174.130,184.291,-0.006,5,5610.013,13466.612
174.140,184.290,0.034,5,5609.976,13467.436
174.150,184.297,-0.006,5,5610.206,13468.260
174.160,184.296,-0.006,5,5610.169,13469.084
174.170,184.295,-0.006,5,5610.131,13469.908
174.180,184.293,-0.006,5,5610.093,13470.732
174.190,184.292,-0.006,5,5610.056,13471.556
174.200,184.291,-0.006,5,5610.018,13472.380
174.210,184.290,0.034,5,5609.981,13473.203
174.220,184.297,-0.006,5,5610.211,13474.027
174.230,184.296,-0.006,5,5610.173,13474.851
174.240,184.295,-0.006,5,5610.136,13475.675
174.250,184.294,-0.006,5,5610.098,13476.499
174.260,184.292,-0.006,5,5610.061,13477.323
174.270,184.291,-0.006,5,5610.023,13478.147
174.280,184.290,0.034,5,5609.985,13478.970
174.290,184.297,-0.006,5,5610.216,13479.794
174.300,184.296,-0.006,5,5610.178,13480.618
174.310,184.295,-0.006,5,5610.141,13481.442
174.320,184.294,-0.006,5,5610.103,13482.266
174.330,184.292,-0.006,5,5610.065,13483.090
174.340,184.291,-0.006,5,5610.028,13483.914
174.350,184.290,0.034,5,5609.990,13484.737
174.360,184.298,-0.006,5,5610.221,13485.561
174.370,184.296,-0.006,5,5610.183,13486.385
174.380,184.295,-0.006,5,5610.145,13487.209
174.390,184.294,-0.006,5,5610.108,13488.033
174.400,184.293,-0.006,5,5610.070,13488.857
174.410,184.291,-0.006,5,5610.033,13489.681
174.420,184.290,0.034,5,5609.995,13490.505
174.430,184.298,-0.006,5,5610.226,13491.328
174.440,184.296,-0.006,5,5610.188,13492.152
174.450,184.295,-0.006,5,5610.150,13492.976
174.460,184.294,-0.006,5,5610.113,13493.800
174.470,184.293,-0.006,5,5610.075,13494.624
174.480,184.292,-0.006,5,5610.037,13495.448
174.490,184.290,0.034,5,5610.000,13496.272
174.500,184.298,-0.006,5,5610.230,13497.095
174.510,184.297,-0.006,5,5610.193,13497.919
174.520,184.295,-0.006,5,5610.155,13498.743
174.530,184.294,-0.006,5,5610.117,13499.567
174.540,184.293,-0.006,5,5610.080,13500.391
174.550,184.292,-0.006,5,5610.042,13501.215
174.560,184.290,-0.006,5,5610.005,13502.039
174.570,184.289,0.034,5,5609.967,13502.863
174.580,184.297,-0.006,5,5610.197,13503.686
174.590,184.296,-0.006,5,5610.160,13504.510
174.600,184.294,-0.006,5,5610.122,13505.334
174.610,184.293,-0.006,5,5610.085,13506.158
174.620,184.292,-0.006,5,5610.047,13506.982
174.630,184.291,-0.006,5,5610.009,13507.806
174.640,184.289,0.034,5,5609.972,13508.630
174.650,184.297,-0.006,5,5610.202,13509.453
174.660,184.296,-0.006,5,5610.165,13510.277
174.670,184.295,-0.006,5,5610.127,13511.101
174.680,184.293,-0.006,5,5610.089,13511.925
174.690,184.292,-0.006,5,5610.052,13512.749
174.700,184.291,-0.006,5,5610.014,13513.573
174.710,184.290,0.034,5,5609.977,13514.397
174.720,184.297,-0.006,5,5610.207,13515.220
174.730,184.296,-0.006,5,5610.170,13516.044
174.740,184.295,-0.006,5,5610.132,13516.868
174.750,184.293,-0.006,5,5610.094,13517.692
174.760,184.292,-0.006,5,5610.057,13518.516
174.770,184.291,-0.006,5,5610.019,13519.340
174.780,184.290,0.034,5,5609.982,13520.164
174.790,184.297,-0.006,5,5610.212,13520.988
174.800,184.296,-0.006,5,5610.174,13521.811
174.810,184.295,-0.006,5,5610.137,13522.635
174.820,184.294,-0.006,5,5610.099,13523.459
174.830,184.292,-0.006,5,5610.062,13524.283
174.840,184.291,-0.006,5,5610.024,13525.107
174.850,184.290,0.034,5,5609.986,13525.931
174.860,184.297,-0.006,5,5610.217,13526.755
174.870,184.296,-0.006,5,5610.179,13527.578
174.880,184.295,-0.006,5,5610.142,13528.402
174.890,184.294,-0.006,5,5610.104,13529.226
174.900,184.293,-0.006,5,5610.066,13530.050
174.910,184.291,-0.006,5,5610.029,13530.874
174.920,184.290,0.034,5,5609.991,13531.698
174.930,184.298,-0.006,5,5610.222,13532.522
174.940,184.296,-0.006,5,5610.184,13533.346
174.950,184.295,-0.006,5,5610.146,13534.169
174.960,184.294,-0.006,5,5610.109,13534.993
174.970,184.293,-0.006,5,5610.071,13535.817
174.980,184.291,-0.006,5,5610.034,13536.641
174.990,184.290,0.034,5,5609.996,13537.465
175.000,184.298,-0.006,5,5610.226,13538.289
175.010,184.297,-0.006,5,5610.189,13539.113
175.020,184.295,-0.006,5,5610.151,13539.936
175.030,184.294,-0.006,5,5610.114,13540.760
175.040,184.293,-0.006,5,5610.076,13541.584
175.050,184.292,-0.006,5,5610.038,13542.408
175.060,184.290,-0.006,5,5610.001,13543.232
175.070,184.289,0.034,5,5609.963,13544.056
175.080,184.297,-0.006,5,5610.194,13544.880
175.090,184.295,-0.006,5,5610.156,13545.703
175.100,184.294,-0.006,5,5610.118,13546.527
175.110,184.293,-0.006,5,5610.081,13547.351
175.120,184.292,-0.006,5,5610.043,13548.175
175.130,184.291,-0.006,5,5610.006,13548.999
175.140,184.289,0.034,5,5609.968,13549.823
175.150,184.297,-0.006,5,5610.199,13550.647
175.160,184.296,-0.006,5,5610.161,13551.471
175.170,184.294,-0.006,5,5610.123,13552.294
175.180,184.293,-0.006,5,5610.086,13553.118
175.190,184.292,-0.006,5,5610.048,13553.942
175.200,184.291,-0.006,5,5610.010,13554.766
175.210,184.289,0.034,5,5609.973,13555.590
175.220,184.297,-0.006,5,5610.203,13556.414
175.230,184.296,-0.006,5,5610.166,13557.238
175.240,184.295,-0.006,5,5610.128,13558.061
175.250,184.293,-0.006,5,5610.090,13558.885
175.260,184.292,-0.006,5,5610.053,13559.709
175.270,184.291,-0.006,5,5610.015,13560.533
175.280,184.290,0.034,5,5609.978,13561.357
175.290,184.297,-0.006,5,5610.208,13562.181
175.300,184.296,-0.006,5,5610.171,13563.005
175.310,184.295,-0.006,5,5610.133,13563.828
175.320,184.293,-0.006,5,5610.095,13564.652
175.330,184.292,-0.006,5,5610.058,13565.476
175.340,184.291,-0.006,5,5610.020,13566.300
175.350,184.290,0.034,5,5609.983,13567.124
175.360,184.297,-0.006,5,5610.213,13567.948
175.370,184.296,-0.006,5,5610.175,13568.772
175.380,184.295,-0.006,5,5610.138,13569.596
175.390,184.294,-0.006,5,5610.100,13570.419
175.400,184.292,-0.006,5,5610.063,13571.243
175.410,184.291,-0.006,5,5610.025,13572.067
175.420,184.290,0.034,5,5609.987,13572.891
175.430,184.297,-0.006,5,5610.218,13573.715
175.440,184.296,-0.006,5,5610.180,13574.539
175.450,184.295,-0.006,5,5610.143,13575.363
175.460,184.294,-0.006,5,5610.105,13576.186
175.470,184.293,-0.006,5,5610.067,13577.010
175.480,184.291,-0.006,5,5610.030,13577.834
175.490,184.290,0.034,5,5609.992,13578.658
175.500,184.298,-0.006,5,5610.223,13579.482
175.510,184.296,-0.006,5,5610.185,13580.306
175.520,184.295,-0.006,5,5610.147,13581.130
175.530,184.294,-0.006,5,5610.110,13581.954
175.540,184.293,-0.006,5,5610.072,13582.777
175.550,184.291,-0.006,5,5610.035,13583.601
175.560,184.290,0.034,5,5609.997,13584.425
175.570,184.298,-0.006,5,5610.227,13585.249
175.580,184.297,-0.006,5,5610.190,13586.073
175.590,184.295,-0.006,5,5610.152,13586.897
175.600,184.294,-0.006,5,5610.115,13587.721
175.610,184.293,-0.006,5,5610.077,13588.544
175.620,184.292,-0.006,5,5610.039,13589.368
175.630,184.290,-0.006,5,5610.002,13590.192
175.640,184.289,0.034,5,5609.964,13591.016
175.650,184.297,-0.006,5,5610.195,13591.840
175.660,184.295,-0.006,5,5610.157,13592.664
175.670,184.294,-0.006,5,5610.119,13593.488
175.680,184.293,-0.006,5,5610.082,13594.311
175.690,184.292,-0.006,5,5610.044,13595.135
175.700,184.291,-0.006,5,5610.007,13595.959
175.710,184.289,0.034,5,5609.969,13596.783
175.720,184.297,-0.006,5,5610.200,13597.607
175.730,184.296,-0.006,5,5610.162,13598.431
175.740,184.294,-0.006,5,5610.124,13599.255
175.750,184.293,-0.006,5,5610.087,13600.079
175.760,184.292,-0.006,5,5610.049,13600.902
175.770,184.291,-0.006,5,5610.011,13601.726
175.780,184.289,0.034,5,5609.974,13602.550
175.790,184.297,-0.006,5,5610.204,13603.374
175.800,184.296,-0.006,5,5610.167,13604.198
175.810,184.295,-0.006,5,5610.129,13605.022
175.820,184.293,-0.006,5,5610.091,13605.846
175.830,184.292,-0.006,5,5610.054,13606.669
175.840,184.291,-0.006,5,5610.016,13607.493
175.850,184.290,0.034,5,5609.979,13608.317
175.860,184.297,-0.006,5,5610.209,13609.141
175.870,184.296,-0.006,5,5610.172,13609.965
175.880,184.295,-0.006,5,5610.134,13610.789
175.890,184.293,-0.006,5,5610.096,13611.613
175.900,184.292,-0.006,5,5610.059,13612.436
175.910,184.291,-0.006,5,5610.021,13613.260
175.920,184.290,0.034,5,5609.984,13614.084
175.930,184.297,-0.006,5,5610.214,13614.908
175.940,184.296,-0.006,5,5610.176,13615.732
175.950,184.295,-0.006,5,5610.139,13616.556
175.960,184.294,-0.006,5,5610.101,13617.380
175.970,184.292,-0.006,5,5610.064,13618.204
175.980,184.291,-0.006,5,5610.026,13619.027
175.990,184.290,0.034,5,5609.988,13619.851
176.000,184.298,-0.006,5,5610.219,13620.675
176.010,184.296,-0.006,5,5610.181,13621.499
176.020,184.295,-0.006,5,5610.144,13622.323
176.030,184.294,-0.006,5,5610.106,13623.147
176.040,184.293,-0.006,5,5610.068,13623.971
176.050,184.291,-0.006,5,5610.031,13624.794
176.060,184.290,0.034,5,5609.993,13625.618
176.070,184.298,-0.006,5,5610.224,13626.442
176.080,184.296,-0.006,5,5610.186,13627.266
176.090,184.295,-0.006,5,5610.148,13628.090
176.100,184.294,-0.006,5,5610.111,13628.914
176.110,184.293,-0.006,5,5610.073,13629.738
176.120,184.291,-0.006,5,5610.036,13630.562
176.130,184.290,0.034,5,5609.998,13631.385
176.140,184.298,-0.006,5,5610.228,13632.209
176.150,184.297,-0.006,5,5610.191,13633.033
176.160,184.295,-0.006,5,5610.153,13633.857
176.170,184.294,-0.006,5,5610.115,13634.681
176.180,184.293,-0.006,5,5610.078,13635.505
176.190,184.292,-0.006,5,5610.040,13636.329
176.200,184.290,-0.006,5,5610.003,13637.152
176.210,184.289,0.034,5,5609.965,13637.976
176.220,184.297,-0.006,5,5610.196,13638.800
176.230,184.296,-0.006,5,5610.158,13639.624
176.240,184.294,-0.006,5,5610.120,13640.448
176.250,184.293,-0.006,5,5610.083,13641.272
176.260,184.292,-0.006,5,5610.045,13642.096
176.270,184.291,-0.006,5,5610.008,13642.919
176.280,184.289,0.034,5,5609.970,13643.743
176.290,184.297,-0.006,5,5610.200,13644.567
176.300,184.296,-0.006,5,5610.163,13645.391
176.310,184.294,-0.006,5,5610.125,13646.215
176.320,184.293,-0.006,5,5610.088,13647.039
176.330,184.292,-0.006,5,5610.050,13647.863
176.340,184.291,-0.006,5,5610.012,13648.687
176.350,184.290,0.034,5,5609.975,13649.510
176.360,184.297,-0.006,5,5610.205,13650.334
176.370,184.296,-0.006,5,5610.168,13651.158
176.380,184.295,-0.006,5,5610.130,13651.982
176.390,184.293,-0.006,5,5610.092,13652.806
176.400,184.292,-0.006,5,5610.055,13653.630
176.410,184.291,-0.006,5,5610.017,13654.454
176.420,184.290,0.034,5,5609.980,13655.277
176.430,184.297,-0.006,5,5610.210,13656.101
176.440,184.296,-0.006,5,5610.173,13656.925
176.450,184.295,-0.006,5,5610.135,13657.749
176.460,184.294,-0.006,5,5610.097,13658.573
176.470,184.292,-0.006,5,5610.060,13659.397
176.480,184.291,-0.006,5,5610.022,13660.221
176.490,184.290,0.034,5,5609.985,13661.044
176.500,184.297,-0.006,5,5610.215,13661.868
176.510,184.296,-0.006,5,5610.177,13662.692
176.520,184.295,-0.006,5,5610.140,13663.516
176.530,184.294,-0.006,5,5610.102,13664.340
176.540,184.292,-0.006,5,5610.064,13665.164
176.550,184.291,-0.006,5,5610.027,13665.988
176.560,184.290,0.034,5,5609.989,13666.812
176.570,184.298,-0.006,5,5610.220,13667.635
176.580,184.296,-0.006,5,5610.182,13668.459
176.590,184.295,-0.006,5,5610.145,13669.283
176.600,184.294,-0.006,5,5610.107,13670.107
176.610,184.293,-0.006,5,5610.069,13670.931
176.620,184.291,-0.006,5,5610.032,13671.755
176.630,184.290,0.034,5,5609.994,13672.579
176.640,184.298,-0.006,5,5610.225,13673.402
176.650,184.296,-0.006,5,5610.187,13674.226
176.660,184.295,-0.006,5,5610.149,13675.050
176.670,184.294,-0.006,5,5610.112,13675.874
176.680,184.293,-0.006,5,5610.074,13676.698
176.690,184.292,-0.006,5,5610.036,13677.522
176.700,184.290,0.034,5,5609.999,13678.346
176.710,184.298,-0.006,5,5610.229,13679.169
176.720,184.297,-0.006,5,5610.192,13679.993
176.730,184.295,-0.006,5,5610.154,13680.817
176.740,184.294,-0.006,5,5610.116,13681.641
176.750,184.293,-0.006,5,5610.079,13682.465
176.760,184.292,-0.006,5,5610.041,13683.289
176.770,184.290,-0.006,5,5610.004,13684.113
176.780,184.289,0.034,5,5609.966,13684.937
176.790,184.297,-0.006,5,5610.197,13685.760
176.800,184.296,-0.006,5,5610.159,13686.584
176.810,184.294,-0.006,5,5610.121,13687.408
176.820,184.293,-0.006,5,5610.084,13688.232
176.830,184.292,-0.006,5,5610.046,13689.056
176.840,184.291,-0.006,5,5610.009,13689.880
176.850,184.289,0.034,5,5609.971,13690.704
176.860,184.297,-0.006,5,5610.201,13691.527
176.870,184.296,-0.006,5,5610.164,13692.351
176.880,184.294,-0.006,5,5610.126,13693.175
176.890,184.293,-0.006,5,5610.089,13693.999
176.900,184.292,-0.006,5,5610.051,13694.823
176.910,184.291,-0.006,5,5610.013,13695.647
176.920,184.290,0.034,5,5609.976,13696.471
176.930,184.297,-0.006,5,5610.206,13697.294
176.940,184.296,-0.006,5,5610.169,13698.118
176.950,184.295,-0.006,5,5610.131,13698.942
176.960,184.293,-0.006,5,5610.093,13699.766
176.970,184.292,-0.006,5,5610.056,13700.590
176.980,184.291,-0.006,5,5610.018,13701.414
176.990,184.290,0.034,5,5609.981,13702.238
177.000,184.297,-0.006,5,5610.211,13703.062
177.010,184.296,-0.006,5,5610.173,13703.885
177.020,184.295,-0.006,5,5610.136,13704.709
177.030,184.294,-0.006,5,5610.098,13705.533
177.040,184.292,-0.006,5,5610.061,13706.357
177.050,184.291,-0.006,5,5610.023,13707.181
177.060,184.290,0.034,5,5609.985,13708.005
177.070,184.297,-0.006,5,5610.216,13708.829
177.080,184.296,-0.006,5,5610.178,13709.652
177.090,184.295,-0.006,5,5610.141,13710.476
177.100,184.294,-0.006,5,5610.103,13711.300
177.110,184.292,-0.006,5,5610.065,13712.124
177.120,184.291,-0.006,5,5610.028,13712.948
177.130,184.290,0.034,5,5609.990,13713.772
177.140,184.298,-0.006,5,5610.221,13714.596
177.150,184.296,-0.006,5,5610.183,13715.420
177.160,184.295,-0.006,5,5610.145,13716.243
177.170,184.294,-0.006,5,5610.108,13717.067
177.180,184.293,-0.006,5,5610.070,13717.891
177.190,184.291,-0.006,5,5610.033,13718.715
177.200,184.290,0.034,5,5609.995,13719.539
177.210,184.298,-0.006,5,5610.226,13720.363
177.220,184.296,-0.006,5,5610.188,13721.187
177.230,184.295,-0.006,5,5610.150,13722.010
177.240,184.294,-0.006,5,5610.113,13722.834
177.250,184.293,-0.006,5,5610.075,13723.658
177.260,184.292,-0.006,5,5610.037,13724.482
177.270,184.290,0.034,5,5610.000,13725.306
177.280,184.298,-0.006,5,5610.230,13726.130
177.290,184.297,-0.006,5,5610.193,13726.954
177.300,184.295,-0.006,5,5610.155,13727.778
177.310,184.294,-0.006,5,5610.117,13728.601
177.320,184.293,-0.006,5,5610.080,13729.425
177.330,184.292,-0.006,5,5610.042,13730.249
177.340,184.290,-0.006,5,5610.005,13731.073
177.350,184.289,0.034,5,5609.967,13731.897
177.360,184.297,-0.006,5,5610.197,13732.721
177.370,184.296,-0.006,5,5610.160,13733.545
177.380,184.294,-0.006,5,5610.122,13734.368
177.390,184.293,-0.006,5,5610.085,13735.192
177.400,184.292,-0.006,5,5610.047,13736.016
177.410,184.291,-0.006,5,5610.009,13736.840
177.420,184.289,0.034,5,5609.972,13737.664
177.430,184.297,-0.006,5,5610.202,13738.488
177.440,184.296,-0.006,5,5610.165,13739.312
177.450,184.295,-0.006,5,5610.127,13740.135
177.460,184.293,-0.006,5,5610.089,13740.959
177.470,184.292,-0.006,5,5610.052,13741.783
177.480,184.291,-0.006,5,5610.014,13742.607
177.490,184.290,0.034,5,5609.977,13743.431
177.500,184.297,-0.006,5,5610.207,13744.255
177.510,184.296,-0.006,5,5610.170,13745.079
177.520,184.295,-0.006,5,5610.132,13745.903
177.530,184.293,-0.006,5,5610.094,13746.726
177.540,184.292,-0.006,5,5610.057,13747.550
177.550,184.291,-0.006,5,5610.019,13748.374
177.560,184.290,0.034,5,5609.982,13749.198
177.570,184.297,-0.006,5,5610.212,13750.022
177.580,184.296,-0.006,5,5610.174,13750.846
177.590,184.295,-0.006,5,5610.137,13751.670
177.600,184.294,-0.006,5,5610.099,13752.493
177.610,184.292,-0.006,5,5610.062,13753.317
177.620,184.291,-0.006,5,5610.024,13754.141
177.630,184.290,0.034,5,5609.986,13754.965
177.640,184.297,-0.006,5,5610.217,13755.789
177.650,184.296,-0.006,5,5610.179,13756.613
177.660,184.295,-0.006,5,5610.142,13757.437
177.670,184.294,-0.006,5,5610.104,13758.260
177.680,184.293,-0.006,5,5610.066,13759.084
177.690,184.291,-0.006,5,5610.029,13759.908
177.700,184.290,0.034,5,5609.991,13760.732
177.710,184.298,-0.006,5,5610.222,13761.556
177.720,184.296,-0.006,5,5610.184,13762.380
177.730,184.295,-0.006,5,5610.146,13763.204
177.740,184.294,-0.006,5,5610.109,13764.028
177.750,184.293,-0.006,5,5610.071,13764.851
177.760,184.291,-0.006,5,5610.034,13765.675
177.770,184.290,0.034,5,5609.996,13766.499
177.780,184.298,-0.006,5,5610.226,13767.323
177.790,184.297,-0.006,5,5610.189,13768.147
177.800,184.295,-0.006,5,5610.151,13768.971
177.810,184.294,-0.006,5,5610.114,13769.795
177.820,184.293,-0.006,5,5610.076,13770.618
177.830,184.292,-0.006,5,5610.038,13771.442
177.840,184.290,-0.006,5,5610.001,13772.266
177.850,184.289,0.034,5,5609.963,13773.090
177.860,184.297,-0.006,5,5610.194,13773.914
177.870,184.295,-0.006,5,5610.156,13774.738
177.880,184.294,-0.006,5,5610.118,13775.562
177.890,184.293,-0.006,5,5610.081,13776.386
177.900,184.292,-0.006,5,5610.043,13777.209
177.910,184.291,-0.006,5,5610.006,13778.033
177.920,184.289,0.034,5,5609.968,13778.857
177.930,184.297,-0.006,5,5610.199,13779.681
177.940,184.296,-0.006,5,5610.161,13780.505
177.950,184.294,-0.006,5,5610.123,13781.329
177.960,184.293,-0.006,5,5610.086,13782.153
177.970,184.292,-0.006,5,5610.048,13782.976
177.980,184.291,-0.006,5,5610.010,13783.800
177.990,184.289,0.034,5,5609.973,13784.624
178.000,184.297,-0.006,5,5610.203,13785.448
178.010,184.296,-0.006,5,5610.166,13786.272
178.020,184.295,-0.006,5,5610.128,13787.096
178.030,184.293,-0.006,5,5610.090,13787.920
178.040,184.292,-0.006,5,5610.053,13788.743
178.050,184.291,-0.006,5,5610.015,13789.567
178.060,184.290,0.034,5,5609.978,13790.391
178.070,184.297,-0.006,5,5610.208,13791.215
178.080,184.296,-0.006,5,5610.171,13792.039
178.090,184.295,-0.006,5,5610.133,13792.863
178.100,184.293,-0.006,5,5610.095,13793.687
178.110,184.292,-0.006,5,5610.058,13794.510
178.120,184.291,-0.006,5,5610.020,13795.334
178.130,184.290,0.034,5,5609.983,13796.158
178.140,184.297,-0.006,5,5610.213,13796.982
178.150,184.296,-0.006,5,5610.175,13797.806
178.160,184.295,-0.006,5,5610.138,13798.630
178.170,184.294,-0.006,5,5610.100,13799.454
178.180,184.292,-0.006,5,5610.063,13800.278
178.190,184.291,-0.006,5,5610.025,13801.101
178.200,184.290,0.034,5,5609.987,13801.925
178.210,184.297,-0.006,5,5610.218,13802.749
178.220,184.296,-0.006,5,5610.180,13803.573
178.230,184.295,-0.006,5,5610.143,13804.397
178.240,184.294,-0.006,5,5610.105,13805.221
178.250,184.293,-0.006,5,5610.067,13806.045
178.260,184.291,-0.006,5,5610.030,13806.868
178.270,184.290,0.034,5,5609.992,13807.692
178.280,184.298,-0.006,5,5610.223,13808.516
178.290,184.296,-0.006,5,5610.185,13809.340
178.300,184.295,-0.006,5,5610.147,13810.164
178.310,184.294,-0.006,5,5610.110,13810.988
178.320,184.293,-0.006,5,5610.072,13811.812
178.330,184.291,-0.006,5,5610.035,13812.636
178.340,184.290,0.034,5,5609.997,13813.459
178.350,184.298,-0.006,5,5610.227,13814.283
178.360,184.297,-0.006,5,5610.190,13815.107
178.370,184.295,-0.006,5,5610.152,13815.931
178.380,184.294,-0.006,5,5610.115,13816.755
178.390,184.293,-0.006,5,5610.077,13817.579
178.400,184.292,-0.006,5,5610.039,13818.403
178.410,184.290,-0.006,5,5610.002,13819.226
178.420,184.289,0.034,5,5609.964,13820.050
178.430,184.297,-0.006,5,5610.195,13820.874
178.440,184.295,-0.006,5,5610.157,13821.698
178.450,184.294,-0.006,5,5610.119,13822.522
178.460,184.293,-0.006,5,5610.082,13823.346
178.470,184.292,-0.006,5,5610.044,13824.170
178.480,184.291,-0.006,5,5610.007,13824.993
178.490,184.289,0.034,5,5609.969,13825.817
178.500,184.297,-0.006,5,5610.200,13826.641
178.510,184.296,-0.006,5,5610.162,13827.465
178.520,184.294,-0.006,5,5610.124,13828.289
178.530,184.293,-0.006,5,5610.087,13829.113
178.540,184.292,-0.006,5,5610.049,13829.937
178.550,184.291,-0.006,5,5610.011,13830.761
178.560,184.289,0.034,5,5609.974,13831.584
178.570,184.297,-0.006,5,5610.204,13832.408
178.580,184.296,-0.006,5,5610.167,13833.232
178.590,184.295,-0.006,5,5610.129,13834.056
178.600,184.293,-0.006,5,5610.091,13834.880
178.610,184.292,-0.006,5,5610.054,13835.704
178.620,184.291,-0.006,5,5610.016,13836.528
178.630,184.290,0.034,5,5609.979,13837.351
178.640,184.297,-0.006,5,5610.209,13838.175
178.650,184.296,-0.006,5,5610.172,13838.999
178.660,184.295,-0.006,5,5610.134,13839.823
178.670,184.293,-0.006,5,5610.096,13840.647
178.680,184.292,-0.006,5,5610.059,13841.471
178.690,184.291,-0.006,5,5610.021,13842.295
178.700,184.290,0.034,5,5609.984,13843.118
178.710,184.297,-0.006,5,5610.214,13843.942
178.720,184.296,-0.006,5,5610.176,13844.766
178.730,184.295,-0.006,5,5610.139,13845.590
178.740,184.294,-0.006,5,5610.101,13846.414
178.750,184.292,-0.006,5,5610.064,13847.238
178.760,184.291,-0.006,5,5610.026,13848.062
178.770,184.290,0.034,5,5609.988,13848.886
178.780,184.298,-0.006,5,5610.219,13849.709
178.790,184.296,-0.006,5,5610.181,13850.533
178.800,184.295,-0.006,5,5610.144,13851.357
178.810,184.294,-0.006,5,5610.106,13852.181
178.820,184.293,-0.006,5,5610.068,13853.005
178.830,184.291,-0.006,5,5610.031,13853.829
178.840,184.290,0.034,5,5609.993,13854.653
178.850,184.298,-0.006,5,5610.224,13855.476
178.860,184.296,-0.006,5,5610.186,13856.300
178.870,184.295,-0.006,5,5610.148,13857.124
178.880,184.294,-0.006,5,5610.111,13857.948
178.890,184.293,-0.006,5,5610.073,13858.772
178.900,184.291,-0.006,5,5610.036,13859.596
178.910,184.290,0.034,5,5609.998,13860.420
178.920,184.298,-0.006,5,5610.228,13861.244
178.930,184.297,-0.006,5,5610.191,13862.067
178.940,184.295,-0.006,5,5610.153,13862.891
178.950,184.294,-0.006,5,5610.115,13863.715
178.960,184.293,-0.006,5,5610.078,13864.539
178.970,184.292,-0.006,5,5610.040,13865.363
178.980,184.290,-0.006,5,5610.003,13866.187
178.990,184.289,0.034,5,5609.965,13867.011
179.000,184.297,-0.006,5,5610.196,13867.834
179.010,184.296,-0.006,5,5610.158,13868.658
179.020,184.294,-0.006,5,5610.120,13869.482
179.030,184.293,-0.006,5,5610.083,13870.306
179.040,184.292,-0.006,5,5610.045,13871.130
179.050,184.291,-0.006,5,5610.008,13871.954
179.060,184.289,0.034,5,5609.970,13872.778
179.070,184.297,-0.006,5,5610.200,13873.601
179.080,184.296,-0.006,5,5610.163,13874.425
179.090,184.294,-0.006,5,5610.125,13875.249
179.100,184.293,-0.006,5,5610.088,13876.073
179.110,184.292,-0.006,5,5610.050,13876.897
179.120,184.291,-0.006,5,5610.012,13877.721
179.130,184.290,0.034,5,5609.975,13878.545
179.140,184.297,-0.006,5,5610.205,13879.368
179.150,184.296,-0.006,5,5610.168,13880.192
179.160,184.295,-0.006,5,5610.130,13881.016
179.170,184.293,-0.006,5,5610.092,13881.840
179.180,184.292,-0.006,5,5610.055,13882.664
179.190,184.291,-0.006,5,5610.017,13883.488
179.200,184.290,0.034,5,5609.980,13884.312
179.210,184.297,-0.006,5,5610.210,13885.136
179.220,184.296,-0.006,5,5610.173,13885.959
179.230,184.295,-0.006,5,5610.135,13886.783
179.240,184.294,-0.006,5,5610.097,13887.607
179.250,184.292,-0.006,5,5610.060,13888.431
179.260,184.291,-0.006,5,5610.022,13889.255
179.270,184.290,0.034,5,5609.985,13890.079
179.280,184.297,-0.006,5,5610.215,13890.903
179.290,184.296,-0.006,5,5610.177,13891.726
179.300,184.295,-0.006,5,5610.140,13892.550
179.310,184.294,-0.006,5,5610.102,13893.374
179.320,184.292,-0.006,5,5610.064,13894.198
179.330,184.291,-0.006,5,5610.027,13895.022
179.340,184.290,0.034,5,5609.989,13895.846
179.350,184.298,-0.006,5,5610.220,13896.670
179.360,184.296,-0.006,5,5610.182,13897.494
179.370,184.295,-0.006,5,5610.145,13898.317
179.380,184.294,-0.006,5,5610.107,13899.141
179.390,184.293,-0.006,5,5610.069,13899.965
179.400,184.291,-0.006,5,5610.032,13900.789
179.410,184.290,0.034,5,5609.994,13901.613
179.420,184.298,-0.006,5,5610.225,13902.437
179.430,184.296,-0.006,5,5610.187,13903.261
179.440,184.295,-0.006,5,5610.149,13904.084
179.450,184.294,-0.006,5,5610.112,13904.908
179.460,184.293,-0.006,5,5610.074,13905.732
179.470,184.292,-0.006,5,5610.036,13906.556
179.480,184.290,0.034,5,5609.999,13907.380
179.490,184.298,-0.006,5,5610.229,13908.204
179.500,184.297,-0.006,5,5610.192,13909.028
179.510,184.295,-0.006,5,5610.154,13909.852
179.520,184.294,-0.006,5,5610.116,13910.675
179.530,184.293,-0.006,5,5610.079,13911.499
179.540,184.292,-0.006,5,5610.041,13912.323
179.550,184.290,-0.006,5,5610.004,13913.147
179.560,184.289,0.034,5,5609.966,13913.971
179.570,184.297,-0.006,5,5610.197,13914.795
179.580,184.296,-0.006,5,5610.159,13915.619
179.590,184.294,-0.006,5,5610.121,13916.442
179.600,184.293,-0.006,5,5610.084,13917.266
179.610,184.292,-0.006,5,5610.046,13918.090
179.620,184.291,-0.006,5,5610.009,13918.914
179.630,184.289,0.034,5,5609.971,13919.738
179.640,184.297,-0.006,5,5610.201,13920.562
179.650,184.296,-0.006,5,5610.164,13921.386
179.660,184.294,-0.006,5,5610.126,13922.209
179.670,184.293,-0.006,5,5610.089,13923.033
179.680,184.292,-0.006,5,5610.051,13923.857
179.690,184.291,-0.006,5,5610.013,13924.681
179.700,184.290,0.034,5,5609.976,13925.505
179.710,184.297,-0.006,5,5610.206,13926.329
179.720,184.296,-0.006,5,5610.169,13927.153
179.730,184.295,-0.006,5,5610.131,13927.977
179.740,184.293,-0.006,5,5610.093,13928.800
179.750,184.292,-0.006,5,5610.056,13929.624
179.760,184.291,-0.006,5,5610.018,13930.448
179.770,184.290,0.034,5,5609.981,13931.272
179.780,184.297,-0.006,5,5610.211,13932.096
179.790,184.296,-0.006,5,5610.173,13932.920
179.800,184.295,-0.006,5,5610.136,13933.744
179.810,184.294,-0.006,5,5610.098,13934.567
179.820,184.292,-0.006,5,5610.061,13935.391
179.830,184.291,-0.006,5,5610.023,13936.215
179.840,184.290,0.034,5,5609.985,13937.039
179.850,184.297,-0.006,5,5610.216,13937.863
179.860,184.296,-0.006,5,5610.178,13938.687
179.870,184.295,-0.006,5,5610.141,13939.511
179.880,184.294,-0.006,5,5610.103,13940.334
179.890,184.292,-0.006,5,5610.065,13941.158
179.900,184.291,-0.006,5,5610.028,13941.982
179.910,184.290,0.034,5,5609.990,13942.806
179.920,184.298,-0.006,5,5610.221,13943.630
179.930,184.296,-0.006,5,5610.183,13944.454
179.940,184.295,-0.006,5,5610.145,13945.278
179.950,184.294,-0.006,5,5610.108,13946.102
179.960,184.293,-0.006,5,5610.070,13946.925
179.970,184.291,-0.006,5,5610.033,13947.749
179.980,184.290,0.034,5,5609.995,13948.573
179.990,184.298,-0.006,5,5610.226,13949.397
180.000,184.296,-0.006,5,5610.188,13950.221
