Time_s,Speed_mph,Acceleration_G,Gear,Engine_RPM,Distance_m
0.000,0.000,0.712,1,1000.000,0.000
0.010,0.156,0.712,1,1000.000,0.000
0.020,0.313,0.712,1,1000.000,0.001
0.030,0.469,0.712,1,1000.000,0.003
0.040,0.625,0.712,1,1000.000,0.006
0.050,0.782,0.712,1,1000.000,0.009
0.060,0.938,0.712,1,1000.000,0.013
0.070,1.094,0.712,1,1000.000,0.017
0.080,1.251,0.712,1,1000.000,0.022
0.090,1.407,0.712,1,1000.000,0.028
0.100,1.563,0.712,1,1000.000,0.035
0.110,1.720,0.712,1,1000.000,0.042
0.120,1.876,0.712,1,1000.000,0.050
0.130,2.032,0.712,1,1000.000,0.059
0.140,2.189,0.712,1,1000.000,0.068
0.150,2.345,0.712,1,1000.000,0.079
0.160,2.501,0.712,1,1000.000,0.089
0.170,2.657,0.712,1,1000.000,0.101
0.180,2.814,0.712,1,1000.000,0.113
0.190,2.970,0.712,1,1000.000,0.126
0.200,3.126,0.712,1,1000.000,0.140
0.210,3.283,0.712,1,1000.000,0.154
0.220,3.439,0.712,1,1000.000,0.169
0.230,3.595,0.712,1,1000.000,0.185
0.240,3.752,0.712,1,1000.000,0.201
0.250,3.908,0.712,1,1000.000,0.218
0.260,4.064,0.712,1,1000.000,0.236
0.270,4.221,0.712,1,1000.000,0.255
0.280,4.377,0.712,1,1000.000,0.274
0.290,4.533,0.712,1,1000.000,0.294
0.300,4.689,0.712,1,1000.000,0.314
0.310,4.846,0.712,1,1000.000,0.336
0.320,5.002,0.712,1,1000.000,0.358
0.330,5.158,0.712,1,1000.000,0.380
0.340,5.315,0.712,1,1000.000,0.404
0.350,5.471,0.712,1,1000.000,0.428
0.360,5.627,0.712,1,1011.626,0.453
0.370,5.783,0.712,1,1039.721,0.478
0.380,5.940,0.712,1,1067.815,0.505
0.390,6.096,0.712,1,1095.909,0.531
0.400,6.252,0.712,1,1124.002,0.559
0.410,6.408,0.712,1,1152.095,0.587
0.420,6.565,0.712,1,1180.188,0.616
0.430,6.721,0.712,1,1208.279,0.646
0.440,6.877,0.712,1,1236.371,0.676
0.450,7.034,0.712,1,1264.461,0.708
0.460,7.190,0.712,1,1292.551,0.739
0.470,7.346,0.712,1,1320.641,0.772
0.480,7.502,0.712,1,1348.729,0.805
0.490,7.659,0.712,1,1376.818,0.839
0.500,7.815,0.712,1,1404.905,0.873
0.510,7.971,0.712,1,1432.992,0.909
0.520,8.127,0.712,1,1461.078,0.945
0.530,8.283,0.712,1,1489.164,0.981
0.540,8.440,0.712,1,1517.249,1.019
0.550,8.596,0.712,1,1545.333,1.057
0.560,8.752,0.712,1,1573.416,1.096
0.570,8.908,0.712,1,1601.499,1.135
0.580,9.064,0.712,1,1629.581,1.175
0.590,9.221,0.712,1,1657.662,1.216
0.600,9.377,0.712,1,1685.742,1.258
0.610,9.533,0.712,1,1713.822,1.300
0.620,9.689,0.712,1,1741.900,1.343
0.630,9.845,0.712,1,1769.978,1.387
0.640,10.002,0.712,1,1798.055,1.431
0.650,10.158,0.712,1,1826.132,1.476
0.660,10.314,0.712,1,1854.207,1.522
0.670,10.470,0.712,1,1882.282,1.568
0.680,10.626,0.712,1,1910.355,1.615
0.690,10.782,0.712,1,1938.428,1.663
0.700,10.939,0.906,1,1966.500,1.712
0.710,11.137,0.905,1,2002.223,1.761
0.720,11.336,0.905,1,2037.945,1.811
0.730,11.535,0.905,1,2073.665,1.863
0.740,11.733,0.905,1,2109.385,1.915
0.750,11.932,0.905,1,2145.103,1.967
0.760,12.131,0.905,1,2180.820,2.021
0.770,12.329,0.905,1,2216.535,2.076
0.780,12.528,0.905,1,2252.249,2.131
0.790,12.727,0.905,1,2287.962,2.188
0.800,12.925,0.905,1,2323.674,2.245
0.810,13.124,0.905,1,2359.384,2.303
0.820,13.323,0.905,1,2395.093,2.363
0.830,13.521,0.905,1,2430.800,2.423
0.840,13.720,0.905,1,2466.506,2.483
0.850,13.918,0.905,1,2502.210,2.545
0.860,14.117,0.905,1,2537.913,2.608
0.870,14.316,0.905,1,2573.614,2.671
0.880,14.514,0.905,1,2609.314,2.736
0.890,14.713,0.905,1,2645.013,2.801
0.900,14.911,0.905,1,2680.709,2.867
0.910,15.110,0.905,1,2716.404,2.935
0.920,15.308,0.905,1,2752.098,3.003
0.930,15.507,0.905,1,2787.790,3.071
0.940,15.706,0.905,1,2823.480,3.141
0.950,15.904,0.905,1,2859.168,3.212
0.960,16.103,0.905,1,2894.855,3.283
0.970,16.301,0.953,1,2930.540,3.356
0.980,16.510,0.953,1,2968.136,3.429
0.990,16.719,0.953,1,3005.731,3.503
1.000,16.928,0.953,1,3043.323,3.579
1.010,17.137,0.953,1,3080.914,3.655
1.020,17.347,0.953,1,3118.503,3.732
1.030,17.556,0.953,1,3156.089,3.810
1.040,17.765,0.953,1,3193.674,3.889
1.050,17.974,0.953,1,3231.257,3.969
1.060,18.183,0.953,1,3268.838,4.050
1.070,18.392,0.952,1,3306.416,4.131
1.080,18.601,0.952,1,3343.993,4.214
1.090,18.810,0.952,1,3381.568,4.298
1.100,19.019,0.952,1,3419.140,4.382
1.110,19.228,0.952,1,3456.710,4.468
1.120,19.437,0.952,1,3494.278,4.554
1.130,19.646,0.952,1,3531.844,4.641
1.140,19.855,0.952,1,3569.408,4.730
1.150,20.064,0.952,1,3606.969,4.819
1.160,20.273,0.952,1,3644.528,4.909
1.170,20.481,0.952,1,3682.085,5.000
1.180,20.690,0.952,1,3719.639,5.092
1.190,20.899,0.952,1,3757.192,5.185
1.200,21.108,0.952,1,3794.741,5.279
1.210,21.317,0.952,1,3832.289,5.374
1.220,21.526,0.952,1,3869.834,5.470
1.230,21.735,0.952,1,3907.377,5.566
1.240,21.943,0.952,1,3944.917,5.664
1.250,22.152,0.951,1,3982.454,5.763
1.260,22.361,0.951,1,4019.989,5.862
1.270,22.570,0.951,1,4057.522,5.962
1.280,22.779,0.951,1,4095.052,6.064
1.290,22.987,0.951,1,4132.580,6.166
1.300,23.196,0.951,1,4170.105,6.269
1.310,23.405,0.951,1,4207.627,6.373
1.320,23.614,0.854,1,4245.147,6.479
1.330,23.801,0.854,1,4278.837,6.585
1.340,23.988,0.854,1,4312.526,6.691
1.350,24.176,0.854,1,4346.212,6.799
1.360,24.363,0.854,1,4379.896,6.908
1.370,24.550,0.854,1,4413.577,7.017
1.380,24.738,0.854,1,4447.256,7.127
1.390,24.925,0.854,1,4480.932,7.238
1.400,25.112,0.853,1,4514.605,7.350
1.410,25.300,0.853,1,4548.276,7.463
1.420,25.487,0.853,1,4581.945,7.576
1.430,25.674,0.853,1,4615.611,7.690
1.440,25.861,0.853,1,4649.274,7.806
1.450,26.049,0.853,1,4682.935,7.922
1.460,26.236,0.853,1,4716.593,8.039
1.470,26.423,0.853,1,4750.248,8.156
1.480,26.610,0.853,1,4783.901,8.275
1.490,26.797,0.853,1,4817.551,8.394
1.500,26.985,0.853,1,4851.198,8.514
1.510,27.172,0.853,1,4884.843,8.635
1.520,27.359,0.853,1,4918.485,8.757
1.530,27.546,0.853,1,4952.124,8.880
1.540,27.733,0.853,1,4985.760,9.004
1.550,27.920,0.852,1,5019.394,9.128
1.560,28.107,0.852,1,5053.024,9.253
1.570,28.294,0.852,1,5086.652,9.379
1.580,28.481,0.852,1,5120.277,9.506
1.590,28.668,0.852,1,5153.899,9.634
1.600,28.855,0.852,1,5187.518,9.763
1.610,29.042,0.852,1,5221.134,9.892
1.620,29.229,0.852,1,5254.747,10.022
1.630,29.416,0.852,1,5288.358,10.153
1.640,29.603,0.852,1,5321.965,10.285
1.650,29.790,0.852,1,5355.569,10.418
1.660,29.977,0.852,1,5389.171,10.552
1.670,30.164,0.852,1,5422.769,10.686
1.680,30.351,0.851,1,5456.364,10.821
1.690,30.538,0.851,1,5489.956,10.957
1.700,30.725,0.851,1,5523.545,11.094
1.710,30.911,0.706,1,5557.131,11.232
1.720,31.066,0.706,1,5584.975,11.371
1.730,31.221,0.706,1,5612.816,11.510
1.740,31.376,0.706,1,5640.654,11.650
1.750,31.531,0.706,1,5668.490,11.790
1.760,31.686,0.705,1,5696.323,11.932
1.770,31.840,0.705,1,5724.154,12.074
1.780,31.995,0.705,1,5751.982,12.216
1.790,32.150,0.705,1,5779.807,12.360
1.800,32.305,0.705,1,5807.629,12.504
1.810,32.460,0.705,1,5835.449,12.648
1.820,32.614,0.705,1,5863.266,12.794
1.830,32.769,0.705,1,5891.081,12.940
1.840,32.924,0.705,1,5918.892,13.087
1.850,33.078,0.705,1,5946.701,13.234
1.860,33.233,0.705,1,5974.507,13.383
1.870,33.388,0.705,1,6002.310,13.532
1.880,33.542,0.705,1,6030.111,13.681
1.890,33.697,0.705,1,6057.908,13.831
1.900,33.852,0.704,1,6085.703,13.982
1.910,34.006,0.704,1,6113.495,14.134
1.920,34.161,0.704,1,6141.284,14.286
1.930,34.315,0.704,1,6169.070,14.440
1.940,34.470,0.704,1,6196.854,14.593
1.950,34.624,0.704,1,6224.634,14.748
1.960,34.779,0.704,1,6252.412,14.903
1.970,34.933,0.704,1,6280.187,15.059
1.980,35.088,0.704,1,6307.958,15.215
1.990,35.242,0.704,1,6335.727,15.372
2.000,35.397,0.704,1,6363.493,15.530
2.010,35.551,0.704,1,6391.256,15.689
2.020,35.706,0.704,1,6419.016,15.848
2.030,35.860,0.704,1,6446.773,16.008
2.040,36.014,0.703,1,6474.527,16.169
2.050,36.169,-0.024,2,3901.366,16.330
2.060,36.163,-0.024,2,3900.798,16.492
2.070,36.158,-0.024,2,3900.230,16.653
2.080,36.153,-0.024,2,3899.661,16.815
2.090,36.148,-0.024,2,3899.093,16.977
2.100,36.142,-0.024,2,3898.525,17.138
2.110,36.137,-0.024,2,3897.957,17.300
2.120,36.132,-0.024,2,3897.389,17.461
2.130,36.127,-0.024,2,3896.821,17.623
2.140,36.121,-0.024,2,3896.253,17.784
2.150,36.116,-0.024,2,3895.685,17.946
2.160,36.111,-0.024,2,3895.117,18.107
2.170,36.106,-0.024,2,3894.549,18.269
2.180,36.100,-0.024,2,3893.982,18.430
2.190,36.095,-0.024,2,3893.414,18.591
2.200,36.090,-0.024,2,3892.847,18.753
2.210,36.084,-0.024,2,3892.279,18.914
2.220,36.079,-0.024,2,3891.712,19.075
2.230,36.074,-0.024,2,3891.144,19.237
2.240,36.069,-0.024,2,3890.577,19.398
2.250,36.063,0.558,2,3890.010,19.559
2.260,36.186,0.558,2,3903.216,19.721
2.270,36.308,0.558,2,3916.421,19.883
2.280,36.431,0.558,2,3929.625,20.045
2.290,36.553,0.558,2,3942.827,20.208
2.300,36.675,0.558,2,3956.028,20.372
2.310,36.798,0.558,2,3969.227,20.536
2.320,36.920,0.558,2,3982.425,20.701
2.330,37.043,0.557,2,3995.621,20.866
2.340,37.165,0.557,2,4008.816,21.032
2.350,37.287,0.557,2,4022.010,21.199
2.360,37.409,0.557,2,4035.201,21.366
2.370,37.532,0.557,2,4048.392,21.533
2.380,37.654,0.557,2,4061.581,21.701
2.390,37.776,0.557,2,4074.768,21.870
2.400,37.899,0.557,2,4087.954,22.039
2.410,38.021,0.557,2,4101.138,22.209
2.420,38.143,0.557,2,4114.321,22.379
2.430,38.265,0.557,2,4127.503,22.550
2.440,38.387,0.557,2,4140.682,22.721
2.450,38.510,0.557,2,4153.861,22.893
2.460,38.632,0.557,2,4167.038,23.065
2.470,38.754,0.557,2,4180.213,23.238
2.480,38.876,0.556,2,4193.387,23.412
2.490,38.998,0.556,2,4206.559,23.586
2.500,39.120,0.556,2,4219.729,23.760
2.510,39.242,0.498,2,4232.898,23.936
2.520,39.352,0.498,2,4244.688,24.111
2.530,39.461,0.498,2,4256.477,24.287
2.540,39.570,0.498,2,4268.264,24.464
2.550,39.679,0.498,2,4280.050,24.641
2.560,39.789,0.498,2,4291.835,24.819
2.570,39.898,0.498,2,4303.618,24.997
2.580,40.007,0.498,2,4315.400,25.176
2.590,40.116,0.498,2,4327.180,25.355
2.600,40.226,0.498,2,4338.959,25.534
2.610,40.335,0.497,2,4350.736,25.714
2.620,40.444,0.497,2,4362.512,25.895
2.630,40.553,0.497,2,4374.286,26.076
2.640,40.662,0.497,2,4386.059,26.257
2.650,40.771,0.497,2,4397.831,26.440
2.660,40.880,0.497,2,4409.601,26.622
2.670,40.990,0.497,2,4421.370,26.805
2.680,41.099,0.497,2,4433.137,26.989
2.690,41.208,0.497,2,4444.903,27.172
2.700,41.317,0.497,2,4456.667,27.357
2.710,41.426,0.497,2,4468.430,27.542
2.720,41.535,0.497,2,4480.191,27.727
2.730,41.644,0.497,2,4491.951,27.913
2.740,41.753,0.497,2,4503.710,28.100
2.750,41.862,0.497,2,4515.467,28.287
2.760,41.971,0.497,2,4527.222,28.474
2.770,42.080,0.497,2,4538.976,28.662
2.780,42.189,0.496,2,4550.729,28.850
2.790,42.298,0.496,2,4562.480,29.039
2.800,42.407,0.496,2,4574.229,29.228
2.810,42.516,0.496,2,4585.977,29.418
2.820,42.625,0.496,2,4597.724,29.608
2.830,42.733,0.496,2,4609.468,29.799
2.840,42.842,0.496,2,4621.212,29.991
2.850,42.951,0.496,2,4632.954,30.182
2.860,43.060,0.496,2,4644.694,30.375
2.870,43.169,0.496,2,4656.433,30.567
2.880,43.278,0.496,2,4668.170,30.760
2.890,43.386,0.496,2,4679.906,30.954
2.900,43.495,0.496,2,4691.640,31.148
2.910,43.604,0.496,2,4703.373,31.343
2.920,43.713,0.496,2,4715.104,31.538
2.930,43.821,0.495,2,4726.834,31.734
2.940,43.930,0.495,2,4738.562,31.930
2.950,44.039,0.495,2,4750.289,32.127
2.960,44.148,0.495,2,4762.014,32.324
2.970,44.256,0.495,2,4773.737,32.521
2.980,44.365,0.495,2,4785.459,32.719
2.990,44.474,0.495,2,4797.179,32.918
3.000,44.582,0.495,2,4808.898,33.117
3.010,44.691,0.495,2,4820.615,33.317
3.020,44.799,0.495,2,4832.330,33.517
3.030,44.908,0.495,2,4844.044,33.717
3.040,45.017,0.495,2,4855.757,33.918
3.050,45.125,0.495,2,4867.467,34.120
3.060,45.234,0.495,2,4879.177,34.322
3.070,45.342,0.495,2,4890.884,34.524
3.080,45.451,0.494,2,4902.590,34.727
3.090,45.559,0.494,2,4914.294,34.930
3.100,45.668,0.494,2,4925.997,35.134
3.110,45.776,0.494,2,4937.698,35.339
3.120,45.885,0.494,2,4949.398,35.544
3.130,45.993,0.494,2,4961.096,35.749
3.140,46.102,0.494,2,4972.792,35.955
3.150,46.210,0.494,2,4984.487,36.161
3.160,46.319,0.494,2,4996.180,36.368
3.170,46.427,0.494,2,5007.871,36.575
3.180,46.535,0.494,2,5019.561,36.783
3.190,46.644,0.494,2,5031.249,36.991
3.200,46.752,0.494,2,5042.935,37.200
3.210,46.860,0.494,2,5054.620,37.409
3.220,46.969,0.494,2,5066.303,37.619
3.230,47.077,0.493,2,5077.985,37.829
3.240,47.185,0.493,2,5089.664,38.040
3.250,47.293,0.493,2,5101.342,38.251
3.260,47.402,0.493,2,5113.019,38.463
3.270,47.510,0.493,2,5124.694,38.675
3.280,47.618,0.493,2,5136.367,38.888
3.290,47.726,0.493,2,5148.038,39.101
3.300,47.835,0.493,2,5159.708,39.314
3.310,47.943,0.493,2,5171.376,39.528
3.320,48.051,0.493,2,5183.043,39.743
3.330,48.159,0.493,2,5194.707,39.958
3.340,48.267,0.493,2,5206.370,40.174
3.350,48.375,0.493,2,5218.032,40.390
3.360,48.483,0.493,2,5229.691,40.606
3.370,48.591,0.492,2,5241.349,40.823
3.380,48.699,0.492,2,5253.005,41.041
3.390,48.808,0.492,2,5264.660,41.258
3.400,48.916,0.492,2,5276.312,41.477
3.410,49.024,0.492,2,5287.963,41.696
3.420,49.132,0.492,2,5299.613,41.915
3.430,49.240,0.492,2,5311.260,42.135
3.440,49.348,0.492,2,5322.906,42.355
3.450,49.455,0.492,2,5334.550,42.576
3.460,49.563,0.492,2,5346.193,42.798
3.470,49.671,0.492,2,5357.833,43.019
3.480,49.779,0.492,2,5369.472,43.242
3.490,49.887,0.492,2,5381.109,43.465
3.500,49.995,0.491,2,5392.745,43.688
3.510,50.103,0.491,2,5404.378,43.912
3.520,50.211,0.491,2,5416.010,44.136
3.530,50.318,0.491,2,5427.640,44.360
3.540,50.426,0.491,2,5439.268,44.586
3.550,50.534,0.491,2,5450.895,44.811
3.560,50.642,0.491,2,5462.520,45.037
3.570,50.750,0.491,2,5474.143,45.264
3.580,50.857,0.491,2,5485.764,45.491
3.590,50.965,0.491,2,5497.383,45.719
3.600,51.073,0.491,2,5509.001,45.947
3.610,51.180,0.491,2,5520.617,46.175
3.620,51.288,0.403,2,5532.231,46.404
3.630,51.377,0.403,2,5541.777,46.634
3.640,51.465,0.403,2,5551.322,46.864
3.650,51.554,0.403,2,5560.865,47.094
3.660,51.642,0.403,2,5570.407,47.325
3.670,51.730,0.403,2,5579.947,47.556
3.680,51.819,0.403,2,5589.486,47.787
3.690,51.907,0.403,2,5599.023,48.019
3.700,51.996,0.403,2,5608.559,48.251
3.710,52.084,0.403,2,5618.093,48.484
3.720,52.173,0.403,2,5627.626,48.717
3.730,52.261,0.403,2,5637.157,48.950
3.740,52.349,0.403,2,5646.687,49.184
3.750,52.438,0.402,2,5656.215,49.418
3.760,52.526,0.402,2,5665.742,49.653
3.770,52.614,0.402,2,5675.267,49.888
3.780,52.702,0.402,2,5684.791,50.123
3.790,52.791,0.402,2,5694.313,50.359
3.800,52.879,0.402,2,5703.834,50.595
3.810,52.967,0.402,2,5713.353,50.832
3.820,53.056,0.402,2,5722.870,51.069
3.830,53.144,0.402,2,5732.387,51.306
3.840,53.232,0.402,2,5741.901,51.544
3.850,53.320,0.402,2,5751.414,51.782
3.860,53.408,0.402,2,5760.926,52.021
3.870,53.496,0.402,2,5770.436,52.260
3.880,53.585,0.402,2,5779.944,52.499
3.890,53.673,0.402,2,5789.451,52.739
3.900,53.761,0.402,2,5798.956,52.979
3.910,53.849,0.401,2,5808.460,53.220
3.920,53.937,0.401,2,5817.963,53.461
3.930,54.025,0.401,2,5827.463,53.702
3.940,54.113,0.401,2,5836.962,53.944
3.950,54.201,0.401,2,5846.460,54.186
3.960,54.289,0.401,2,5855.956,54.428
3.970,54.377,0.401,2,5865.451,54.671
3.980,54.465,0.401,2,5874.944,54.914
3.990,54.553,0.401,2,5884.435,55.158
4.000,54.641,0.401,2,5893.925,55.402
4.010,54.729,0.401,2,5903.413,55.647
4.020,54.817,0.401,2,5912.900,55.891
4.030,54.905,0.401,2,5922.385,56.137
4.040,54.993,0.401,2,5931.868,56.382
4.050,55.081,0.401,2,5941.350,56.628
4.060,55.169,0.400,2,5950.831,56.875
4.070,55.257,0.400,2,5960.310,57.122
4.080,55.345,0.400,2,5969.787,57.369
4.090,55.432,0.400,2,5979.262,57.616
4.100,55.520,0.400,2,5988.736,57.864
4.110,55.608,0.400,2,5998.209,58.113
4.120,55.696,0.400,2,6007.680,58.362
4.130,55.784,0.400,2,6017.149,58.611
4.140,55.871,0.400,2,6026.617,58.860
4.150,55.959,0.400,2,6036.083,59.110
4.160,56.047,0.400,2,6045.547,59.361
4.170,56.135,0.400,2,6055.010,59.611
4.180,56.222,0.400,2,6064.471,59.863
4.190,56.310,0.400,2,6073.931,60.114
4.200,56.398,0.400,2,6083.389,60.366
4.210,56.485,0.399,2,6092.846,60.618
4.220,56.573,0.399,2,6102.300,60.871
4.230,56.661,0.399,2,6111.754,61.124
4.240,56.748,0.399,2,6121.205,61.378
4.250,56.836,0.399,2,6130.655,61.632
4.260,56.924,0.399,2,6140.104,61.886
4.270,57.011,0.399,2,6149.550,62.140
4.280,57.099,0.399,2,6158.995,62.396
4.290,57.186,0.399,2,6168.439,62.651
4.300,57.274,0.399,2,6177.881,62.907
4.310,57.361,0.399,2,6187.321,63.163
4.320,57.449,0.399,2,6196.759,63.420
4.330,57.536,0.399,2,6206.196,63.677
4.340,57.624,0.399,2,6215.632,63.934
4.350,57.711,0.398,2,6225.065,64.192
4.360,57.799,0.398,2,6234.497,64.450
4.370,57.886,0.398,2,6243.928,64.709
4.380,57.974,0.398,2,6253.356,64.968
4.390,58.061,0.398,2,6262.783,65.227
4.400,58.148,0.398,2,6272.209,65.487
4.410,58.236,0.398,2,6281.633,65.747
4.420,58.323,0.398,2,6291.055,66.007
4.430,58.410,0.398,2,6300.475,66.268
4.440,58.498,0.398,2,6309.894,66.530
4.450,58.585,0.398,2,6319.311,66.791
4.460,58.672,0.398,2,6328.726,67.053
4.470,58.760,0.398,2,6338.140,67.316
4.480,58.847,0.398,2,6347.552,67.579
4.490,58.934,0.397,2,6356.963,67.842
4.500,59.021,0.397,2,6366.371,68.106
4.510,59.108,0.397,2,6375.778,68.370
4.520,59.196,0.397,2,6385.184,68.634
4.530,59.283,0.397,2,6394.587,68.899
4.540,59.370,0.397,2,6403.989,69.164
4.550,59.457,0.397,2,6413.390,69.430
4.560,59.544,0.397,2,6422.788,69.696
4.570,59.631,0.397,2,6432.185,69.962
4.580,59.719,0.397,2,6441.581,70.229
4.590,59.806,0.397,2,6450.974,70.496
4.600,59.893,0.397,2,6460.366,70.764
4.610,59.980,0.397,2,6469.756,71.032
4.620,60.067,0.397,2,6479.145,71.300
4.630,60.154,0.396,2,6488.531,71.569
4.640,60.241,0.396,2,6497.916,71.838
4.650,60.328,-0.040,3,4338.200,72.107
4.660,60.319,-0.040,3,4337.567,72.377
4.670,60.310,-0.040,3,4336.935,72.647
4.680,60.301,-0.040,3,4336.303,72.916
4.690,60.293,-0.040,3,4335.671,73.186
4.700,60.284,-0.040,3,4335.039,73.455
4.710,60.275,-0.040,3,4334.407,73.725
4.720,60.266,-0.040,3,4333.775,73.994
4.730,60.257,-0.040,3,4333.144,74.264
4.740,60.249,-0.040,3,4332.512,74.533
4.750,60.240,-0.040,3,4331.881,74.802
4.760,60.231,-0.040,3,4331.249,75.071
4.770,60.222,-0.040,3,4330.618,75.341
4.780,60.214,-0.040,3,4329.987,75.610
4.790,60.205,-0.040,3,4329.356,75.879
4.800,60.196,-0.040,3,4328.725,76.148
4.810,60.187,-0.040,3,4328.095,76.417
4.820,60.178,-0.040,3,4327.464,76.686
4.830,60.170,-0.040,3,4326.833,76.955
4.840,60.161,-0.040,3,4326.203,77.224
4.850,60.152,0.309,3,4325.573,77.493
4.860,60.220,0.309,3,4330.452,77.762
4.870,60.288,0.309,3,4335.331,78.032
4.880,60.356,0.309,3,4340.208,78.301
4.890,60.424,0.309,3,4345.085,78.571
4.900,60.491,0.309,3,4349.961,78.841
4.910,60.559,0.309,3,4354.836,79.112
4.920,60.627,0.309,3,4359.710,79.383
4.930,60.695,0.309,3,4364.583,79.654
4.940,60.762,0.309,3,4369.455,79.926
4.950,60.830,0.309,3,4374.326,80.197
4.960,60.898,0.309,3,4379.197,80.469
4.970,60.966,0.309,3,4384.066,80.742
4.980,61.033,0.308,3,4388.935,81.015
4.990,61.101,0.308,3,4393.803,81.288
5.000,61.169,0.308,3,4398.669,81.561
5.010,61.236,0.308,3,4403.535,81.834
5.020,61.304,0.308,3,4408.400,82.108
5.030,61.372,0.308,3,4413.265,82.383
5.040,61.439,0.308,3,4418.128,82.657
5.050,61.507,0.308,3,4422.990,82.932
5.060,61.574,0.308,3,4427.851,83.207
5.070,61.642,0.308,3,4432.712,83.482
5.080,61.710,0.308,3,4437.572,83.758
5.090,61.777,0.308,3,4442.430,84.034
5.100,61.845,0.308,3,4447.288,84.310
5.110,61.912,0.308,3,4452.145,84.587
5.120,61.980,0.308,3,4457.001,84.864
5.130,62.047,0.308,3,4461.856,85.141
5.140,62.115,0.308,3,4466.710,85.419
5.150,62.182,0.307,3,4471.563,85.697
5.160,62.250,0.307,3,4476.416,85.975
5.170,62.317,0.307,3,4481.267,86.253
5.180,62.385,0.307,3,4486.118,86.532
5.190,62.452,0.307,3,4490.967,86.811
5.200,62.520,0.307,3,4495.816,87.090
5.210,62.587,0.307,3,4500.664,87.370
5.220,62.654,0.307,3,4505.511,87.650
5.230,62.722,0.307,3,4510.357,87.930
5.240,62.789,0.307,3,4515.202,88.211
5.250,62.857,0.307,3,4520.046,88.491
5.260,62.924,0.307,3,4524.889,88.773
5.270,62.991,0.307,3,4529.731,89.054
5.280,63.059,0.307,3,4534.572,89.336
5.290,63.126,0.307,3,4539.413,89.618
5.300,63.193,0.307,3,4544.252,89.900
5.310,63.260,0.307,3,4549.091,90.183
5.320,63.328,0.307,3,4553.929,90.466
5.330,63.395,0.306,3,4558.765,90.749
5.340,63.462,0.306,3,4563.601,91.033
5.350,63.529,0.306,3,4568.436,91.316
5.360,63.597,0.306,3,4573.270,91.601
5.370,63.664,0.306,3,4578.103,91.885
5.380,63.731,0.306,3,4582.935,92.170
5.390,63.798,0.306,3,4587.766,92.455
5.400,63.865,0.306,3,4592.596,92.740
5.410,63.933,0.306,3,4597.425,93.026
5.420,64.000,0.306,3,4602.254,93.312
5.430,64.067,0.306,3,4607.081,93.598
5.440,64.134,0.306,3,4611.908,93.885
5.450,64.201,0.306,3,4616.733,94.171
5.460,64.268,0.306,3,4621.558,94.459
5.470,64.335,0.306,3,4626.381,94.746
5.480,64.402,0.306,3,4631.204,95.034
5.490,64.469,0.305,3,4636.026,95.322
5.500,64.536,0.305,3,4640.847,95.610
5.510,64.603,0.305,3,4645.667,95.899
5.520,64.670,0.305,3,4650.486,96.188
5.530,64.737,0.305,3,4655.304,96.477
5.540,64.804,0.305,3,4660.121,96.767
5.550,64.871,0.305,3,4664.937,97.056
5.560,64.938,0.305,3,4669.752,97.347
5.570,65.005,0.305,3,4674.566,97.637
5.580,65.072,0.305,3,4679.380,97.928
5.590,65.139,0.305,3,4684.192,98.219
5.600,65.206,0.305,3,4689.003,98.510
5.610,65.273,0.305,3,4693.814,98.802
5.620,65.340,0.305,3,4698.623,99.094
5.630,65.407,0.305,3,4703.432,99.386
5.640,65.474,0.305,3,4708.240,99.679
5.650,65.540,0.305,3,4713.046,99.971
5.660,65.607,0.304,3,4717.852,100.265
5.670,65.674,0.304,3,4722.657,100.558
5.680,65.741,0.304,3,4727.460,100.852
5.690,65.808,0.304,3,4732.263,101.146
5.700,65.874,0.304,3,4737.065,101.440
5.710,65.941,0.304,3,4741.866,101.735
5.720,66.008,0.304,3,4746.666,102.030
5.730,66.075,0.304,3,4751.465,102.325
5.740,66.141,0.304,3,4756.263,102.620
5.750,66.208,0.304,3,4761.060,102.916
5.760,66.275,0.304,3,4765.856,103.212
5.770,66.342,0.304,3,4770.652,103.509
5.780,66.408,0.304,3,4775.446,103.806
5.790,66.475,0.304,3,4780.239,104.103
5.800,66.541,0.304,3,4785.031,104.400
5.810,66.608,0.304,3,4789.823,104.697
5.820,66.675,0.304,3,4794.613,104.995
5.830,66.741,0.303,3,4799.402,105.294
5.840,66.808,0.303,3,4804.191,105.592
5.850,66.875,0.303,3,4808.978,105.891
5.860,66.941,0.303,3,4813.765,106.190
5.870,67.008,0.303,3,4818.550,106.489
5.880,67.074,0.303,3,4823.335,106.789
5.890,67.141,0.303,3,4828.118,107.089
5.900,67.207,0.303,3,4832.901,107.389
5.910,67.274,0.303,3,4837.683,107.690
5.920,67.340,0.303,3,4842.463,107.991
5.930,67.407,0.303,3,4847.243,108.292
5.940,67.473,0.303,3,4852.022,108.594
5.950,67.540,0.303,3,4856.799,108.895
5.960,67.606,0.303,3,4861.576,109.197
5.970,67.672,0.303,3,4866.352,109.500
5.980,67.739,0.303,3,4871.127,109.802
5.990,67.805,0.302,3,4875.901,110.105
6.000,67.872,0.302,3,4880.674,110.409
6.010,67.938,0.302,3,4885.445,110.712
6.020,68.004,0.302,3,4890.216,111.016
6.030,68.071,0.302,3,4894.986,111.320
6.040,68.137,0.302,3,4899.755,111.625
6.050,68.203,0.302,3,4904.523,111.929
6.060,68.269,0.302,3,4909.290,112.235
6.070,68.336,0.302,3,4914.056,112.540
6.080,68.402,0.302,3,4918.821,112.845
6.090,68.468,0.302,3,4923.585,113.151
6.100,68.534,0.302,3,4928.348,113.458
6.110,68.601,0.302,3,4933.110,113.764
6.120,68.667,0.302,3,4937.871,114.071
6.130,68.733,0.302,3,4942.631,114.378
6.140,68.799,0.302,3,4947.391,114.686
6.150,68.865,0.301,3,4952.149,114.993
6.160,68.932,0.301,3,4956.906,115.301
6.170,68.998,0.301,3,4961.662,115.610
6.180,69.064,0.301,3,4966.417,115.918
6.190,69.130,0.301,3,4971.171,116.227
6.200,69.196,0.301,3,4975.924,116.536
6.210,69.262,0.301,3,4980.676,116.846
6.220,69.328,0.301,3,4985.428,117.155
6.230,69.394,0.301,3,4990.178,117.466
6.240,69.460,0.301,3,4994.927,117.776
6.250,69.526,0.301,3,4999.675,118.087
6.260,69.592,0.301,3,5004.422,118.398
6.270,69.658,0.301,3,5009.168,118.709
6.280,69.724,0.301,3,5013.914,119.020
6.290,69.790,0.301,3,5018.658,119.332
6.300,69.856,0.301,3,5023.401,119.644
6.310,69.922,0.300,3,5028.143,119.957
6.320,69.988,0.300,3,5032.884,120.269
6.330,70.054,0.300,3,5037.624,120.582
6.340,70.120,0.300,3,5042.363,120.896
6.350,70.186,0.300,3,5047.102,121.209
6.360,70.252,0.300,3,5051.839,121.523
6.370,70.318,0.300,3,5056.575,121.838
6.380,70.383,0.300,3,5061.310,122.152
6.390,70.449,0.300,3,5066.044,122.467
6.400,70.515,0.300,3,5070.777,122.782
6.410,70.581,0.300,3,5075.509,123.097
6.420,70.647,0.300,3,5080.240,123.413
6.430,70.713,0.300,3,5084.971,123.729
6.440,70.778,0.300,3,5089.700,124.045
6.450,70.844,0.300,3,5094.428,124.362
6.460,70.910,0.299,3,5099.155,124.679
6.470,70.975,0.299,3,5103.881,124.996
6.480,71.041,0.299,3,5108.606,125.313
6.490,71.107,0.299,3,5113.330,125.631
6.500,71.173,0.299,3,5118.053,125.949
6.510,71.238,0.299,3,5122.775,126.267
6.520,71.304,0.299,3,5127.496,126.586
6.530,71.370,0.299,3,5132.216,126.905
6.540,71.435,0.299,3,5136.935,127.224
6.550,71.501,0.299,3,5141.653,127.543
6.560,71.566,0.299,3,5146.369,127.863
6.570,71.632,0.299,3,5151.085,128.183
6.580,71.697,0.299,3,5155.800,128.504
6.590,71.763,0.299,3,5160.514,128.824
6.600,71.829,0.299,3,5165.227,129.145
6.610,71.894,0.299,3,5169.939,129.467
6.620,71.960,0.298,3,5174.649,129.788
6.630,72.025,0.298,3,5179.359,130.110
6.640,72.091,0.298,3,5184.068,130.432
6.650,72.156,0.298,3,5188.775,130.754
6.660,72.221,0.298,3,5193.482,131.077
6.670,72.287,0.298,3,5198.188,131.400
6.680,72.352,0.298,3,5202.892,131.723
6.690,72.418,0.298,3,5207.596,132.047
6.700,72.483,0.298,3,5212.298,132.371
6.710,72.549,0.298,3,5217.000,132.695
6.720,72.614,0.298,3,5221.700,133.020
6.730,72.679,0.298,3,5226.400,133.344
6.740,72.745,0.298,3,5231.098,133.669
6.750,72.810,0.298,3,5235.796,133.995
6.760,72.875,0.298,3,5240.492,134.320
6.770,72.941,0.297,3,5245.187,134.646
6.780,73.006,0.297,3,5249.881,134.972
6.790,73.071,0.297,3,5254.575,135.299
6.800,73.136,0.297,3,5259.267,135.626
6.810,73.202,0.297,3,5263.958,135.953
6.820,73.267,0.297,3,5268.648,136.280
6.830,73.332,0.297,3,5273.337,136.608
6.840,73.397,0.297,3,5278.025,136.936
6.850,73.462,0.297,3,5282.712,137.264
6.860,73.528,0.297,3,5287.398,137.593
6.870,73.593,0.297,3,5292.083,137.922
6.880,73.658,0.297,3,5296.767,138.251
6.890,73.723,0.297,3,5301.450,138.580
6.900,73.788,0.297,3,5306.132,138.910
6.910,73.853,0.297,3,5310.813,139.240
6.920,73.918,0.296,3,5315.492,139.570
6.930,73.983,0.296,3,5320.171,139.901
6.940,74.048,0.296,3,5324.849,140.232
6.950,74.113,0.296,3,5329.525,140.563
6.960,74.178,0.296,3,5334.201,140.894
6.970,74.243,0.296,3,5338.875,141.226
6.980,74.308,0.296,3,5343.548,141.558
6.990,74.373,0.296,3,5348.221,141.890
7.000,74.438,0.296,3,5352.892,142.223
7.010,74.503,0.296,3,5357.562,142.556
7.020,74.568,0.296,3,5362.232,142.889
7.030,74.633,0.296,3,5366.900,143.223
7.040,74.698,0.296,3,5371.567,143.556
7.050,74.763,0.296,3,5376.233,143.890
7.060,74.828,0.296,3,5380.898,144.225
7.070,74.893,0.295,3,5385.562,144.559
7.080,74.957,0.295,3,5390.225,144.894
7.090,75.022,0.295,3,5394.887,145.230
7.100,75.087,0.295,3,5399.547,145.565
7.110,75.152,0.295,3,5404.207,145.901
7.120,75.217,0.295,3,5408.866,146.237
7.130,75.281,0.295,3,5413.523,146.574
7.140,75.346,0.295,3,5418.180,146.910
7.150,75.411,0.295,3,5422.836,147.247
7.160,75.476,0.295,3,5427.490,147.584
7.170,75.540,0.295,3,5432.143,147.922
7.180,75.605,0.295,3,5436.796,148.260
7.190,75.670,0.295,3,5441.447,148.598
7.200,75.734,0.295,3,5446.097,148.936
7.210,75.799,0.295,3,5450.746,149.275
7.220,75.864,0.294,3,5455.394,149.614
7.230,75.928,0.294,3,5460.041,149.953
7.240,75.993,0.294,3,5464.687,150.293
7.250,76.058,0.294,3,5469.332,150.633
7.260,76.122,0.294,3,5473.976,150.973
7.270,76.187,0.294,3,5478.618,151.313
7.280,76.251,0.294,3,5483.260,151.654
7.290,76.316,0.294,3,5487.901,151.995
7.300,76.380,0.294,3,5492.540,152.336
7.310,76.445,0.294,3,5497.178,152.678
7.320,76.509,0.294,3,5501.816,153.020
7.330,76.574,0.294,3,5506.452,153.362
7.340,76.638,0.294,3,5511.087,153.705
7.350,76.703,0.294,3,5515.721,154.047
7.360,76.767,0.294,3,5520.355,154.390
7.370,76.831,0.293,3,5524.986,154.734
7.380,76.896,0.235,3,5529.617,155.077
7.390,76.947,0.235,3,5533.329,155.421
7.400,76.999,0.235,3,5537.040,155.765
7.410,77.051,0.235,3,5540.750,156.110
7.420,77.102,0.235,3,5544.459,156.454
7.430,77.154,0.235,3,5548.167,156.799
7.440,77.205,0.235,3,5551.874,157.144
7.450,77.257,0.235,3,5555.580,157.489
7.460,77.308,0.235,3,5559.286,157.835
7.470,77.360,0.235,3,5562.991,158.180
7.480,77.411,0.235,3,5566.694,158.526
7.490,77.463,0.235,3,5570.397,158.872
7.500,77.514,0.235,3,5574.099,159.219
7.510,77.566,0.234,3,5577.801,159.566
7.520,77.617,0.234,3,5581.501,159.912
7.530,77.669,0.234,3,5585.200,160.259
7.540,77.720,0.234,3,5588.899,160.607
7.550,77.772,0.234,3,5592.597,160.954
7.560,77.823,0.234,3,5596.293,161.302
7.570,77.874,0.234,3,5599.989,161.650
7.580,77.926,0.234,3,5603.685,161.998
7.590,77.977,0.234,3,5607.379,162.347
7.600,78.029,0.234,3,5611.072,162.696
7.610,78.080,0.234,3,5614.765,163.045
7.620,78.131,0.234,3,5618.456,163.394
7.630,78.183,0.234,3,5622.147,163.743
7.640,78.234,0.234,3,5625.837,164.093
7.650,78.285,0.234,3,5629.526,164.443
7.660,78.336,0.234,3,5633.214,164.793
7.670,78.388,0.234,3,5636.901,165.143
7.680,78.439,0.234,3,5640.588,165.493
7.690,78.490,0.233,3,5644.273,165.844
7.700,78.542,0.233,3,5647.958,166.195
7.710,78.593,0.233,3,5651.642,166.546
7.720,78.644,0.233,3,5655.325,166.898
7.730,78.695,0.233,3,5659.007,167.250
7.740,78.746,0.233,3,5662.688,167.602
7.750,78.798,0.233,3,5666.368,167.954
7.760,78.849,0.233,3,5670.047,168.306
7.770,78.900,0.233,3,5673.726,168.659
7.780,78.951,0.233,3,5677.404,169.011
7.790,79.002,0.233,3,5681.080,169.365
7.800,79.053,0.233,3,5684.756,169.718
7.810,79.104,0.233,3,5688.431,170.071
7.820,79.155,0.233,3,5692.105,170.425
7.830,79.207,0.233,3,5695.779,170.779
7.840,79.258,0.233,3,5699.451,171.133
7.850,79.309,0.233,3,5703.122,171.488
7.860,79.360,0.233,3,5706.793,171.842
7.870,79.411,0.232,3,5710.463,172.197
7.880,79.462,0.232,3,5714.132,172.552
7.890,79.513,0.232,3,5717.800,172.908
7.900,79.564,0.232,3,5721.467,173.263
7.910,79.615,0.232,3,5725.133,173.619
7.920,79.666,0.232,3,5728.798,173.975
7.930,79.717,0.232,3,5732.463,174.331
7.940,79.768,0.232,3,5736.126,174.688
7.950,79.819,0.232,3,5739.789,175.044
7.960,79.869,0.232,3,5743.451,175.401
7.970,79.920,0.232,3,5747.111,175.759
7.980,79.971,0.232,3,5750.771,176.116
7.990,80.022,0.232,3,5754.431,176.474
8.000,80.073,0.232,3,5758.089,176.831
8.010,80.124,0.232,3,5761.746,177.189
8.020,80.175,0.232,3,5765.403,177.548
8.030,80.226,0.232,3,5769.058,177.906
8.040,80.276,0.232,3,5772.713,178.265
8.050,80.327,0.231,3,5776.367,178.624
8.060,80.378,0.231,3,5780.020,178.983
8.070,80.429,0.231,3,5783.672,179.343
8.080,80.480,0.231,3,5787.323,179.702
8.090,80.530,0.231,3,5790.973,180.062
8.100,80.581,0.231,3,5794.622,180.422
8.110,80.632,0.231,3,5798.271,180.783
8.120,80.683,0.231,3,5801.919,181.143
8.130,80.733,0.231,3,5805.565,181.504
8.140,80.784,0.231,3,5809.211,181.865
8.150,80.835,0.231,3,5812.856,182.226
8.160,80.885,0.231,3,5816.500,182.588
8.170,80.936,0.231,3,5820.143,182.950
8.180,80.987,0.231,3,5823.785,183.311
8.190,81.037,0.231,3,5827.427,183.674
8.200,81.088,0.231,3,5831.067,184.036
8.210,81.138,0.231,3,5834.707,184.399
8.220,81.189,0.231,3,5838.345,184.761
8.230,81.240,0.230,3,5841.983,185.124
8.240,81.290,0.230,3,5845.620,185.488
8.250,81.341,0.230,3,5849.256,185.851
8.260,81.391,0.230,3,5852.891,186.215
8.270,81.442,0.230,3,5856.525,186.579
8.280,81.492,0.230,3,5860.159,186.943
8.290,81.543,0.230,3,5863.791,187.308
8.300,81.593,0.230,3,5867.423,187.672
8.310,81.644,0.230,3,5871.053,188.037
8.320,81.694,0.230,3,5874.683,188.402
8.330,81.745,0.230,3,5878.312,188.767
8.340,81.795,0.230,3,5881.940,189.133
8.350,81.846,0.230,3,5885.567,189.499
8.360,81.896,0.230,3,5889.193,189.865
8.370,81.947,0.230,3,5892.818,190.231
8.380,81.997,0.230,3,5896.443,190.597
8.390,82.047,0.230,3,5900.066,190.964
8.400,82.098,0.230,3,5903.689,191.331
8.410,82.148,0.229,3,5907.310,191.698
8.420,82.198,0.229,3,5910.931,192.066
8.430,82.249,0.229,3,5914.551,192.433
8.440,82.299,0.229,3,5918.170,192.801
8.450,82.349,0.229,3,5921.788,193.169
8.460,82.400,0.229,3,5925.405,193.537
8.470,82.450,0.229,3,5929.021,193.906
8.480,82.500,0.229,3,5932.637,194.274
8.490,82.551,0.229,3,5936.251,194.643
8.500,82.601,0.229,3,5939.865,195.012
8.510,82.651,0.229,3,5943.477,195.382
8.520,82.701,0.229,3,5947.089,195.751
8.530,82.751,0.229,3,5950.700,196.121
8.540,82.802,0.229,3,5954.310,196.491
8.550,82.852,0.229,3,5957.919,196.861
8.560,82.902,0.229,3,5961.527,197.232
8.570,82.952,0.229,3,5965.134,197.603
8.580,83.002,0.228,3,5968.740,197.974
8.590,83.053,0.228,3,5972.346,198.345
8.600,83.103,0.228,3,5975.950,198.716
8.610,83.153,0.228,3,5979.554,199.088
8.620,83.203,0.228,3,5983.157,199.460
8.630,83.253,0.228,3,5986.758,199.832
8.640,83.303,0.228,3,5990.359,200.204
8.650,83.353,0.228,3,5993.959,200.576
8.660,83.403,0.228,3,5997.558,200.949
8.670,83.453,0.228,3,6001.157,201.322
8.680,83.503,0.228,3,6004.754,201.695
8.690,83.553,0.228,3,6008.350,202.069
8.700,83.603,0.228,3,6011.946,202.442
8.710,83.653,0.228,3,6015.540,202.816
8.720,83.703,0.228,3,6019.134,203.190
8.730,83.753,0.228,3,6022.726,203.565
8.740,83.803,0.228,3,6026.318,203.939
8.750,83.853,0.227,3,6029.909,204.314
8.760,83.903,0.227,3,6033.499,204.689
8.770,83.953,0.227,3,6037.088,205.064
8.780,84.003,0.227,3,6040.676,205.439
8.790,84.053,0.227,3,6044.264,205.815
8.800,84.102,0.227,3,6047.850,206.191
8.810,84.152,0.227,3,6051.435,206.567
8.820,84.202,0.227,3,6055.020,206.943
8.830,84.252,0.227,3,6058.603,207.320
8.840,84.302,0.227,3,6062.186,207.697
8.850,84.352,0.227,3,6065.768,208.074
8.860,84.401,0.227,3,6069.349,208.451
8.870,84.451,0.227,3,6072.929,208.828
8.880,84.501,0.227,3,6076.508,209.206
8.890,84.551,0.227,3,6080.086,209.584
8.900,84.601,0.227,3,6083.663,209.962
8.910,84.650,0.227,3,6087.239,210.340
8.920,84.700,0.227,3,6090.815,210.719
8.930,84.750,0.226,3,6094.389,211.097
8.940,84.799,0.226,3,6097.963,211.476
8.950,84.849,0.226,3,6101.535,211.856
8.960,84.899,0.226,3,6105.107,212.235
8.970,84.948,0.226,3,6108.678,212.615
8.980,84.998,0.226,3,6112.248,212.994
8.990,85.048,0.226,3,6115.817,213.375
9.000,85.097,0.226,3,6119.385,213.755
9.010,85.147,0.226,3,6122.952,214.135
9.020,85.196,0.226,3,6126.518,214.516
9.030,85.246,0.226,3,6130.083,214.897
9.040,85.296,0.226,3,6133.648,215.278
9.050,85.345,0.226,3,6137.211,215.660
9.060,85.395,0.226,3,6140.774,216.041
9.070,85.444,0.226,3,6144.335,216.423
9.080,85.494,0.226,3,6147.896,216.805
9.090,85.543,0.226,3,6151.456,217.188
9.100,85.593,0.225,3,6155.015,217.570
9.110,85.642,0.225,3,6158.572,217.953
9.120,85.692,0.225,3,6162.130,218.336
9.130,85.741,0.225,3,6165.686,218.719
9.140,85.791,0.225,3,6169.241,219.102
9.150,85.840,0.225,3,6172.795,219.486
9.160,85.889,0.225,3,6176.348,219.870
9.170,85.939,0.225,3,6179.901,220.254
9.180,85.988,0.225,3,6183.452,220.638
9.190,86.038,0.225,3,6187.003,221.023
9.200,86.087,0.225,3,6190.552,221.408
9.210,86.136,0.225,3,6194.101,221.792
9.220,86.186,0.225,3,6197.649,222.178
9.230,86.235,0.225,3,6201.196,222.563
9.240,86.284,0.225,3,6204.742,222.949
9.250,86.334,0.225,3,6208.287,223.334
9.260,86.383,0.225,3,6211.831,223.721
9.270,86.432,0.224,3,6215.374,224.107
9.280,86.481,0.224,3,6218.916,224.493
9.290,86.531,0.224,3,6222.457,224.880
9.300,86.580,0.224,3,6225.998,225.267
9.310,86.629,0.224,3,6229.537,225.654
9.320,86.678,0.224,3,6233.076,226.041
9.330,86.727,0.224,3,6236.613,226.429
9.340,86.777,0.224,3,6240.150,226.817
9.350,86.826,0.224,3,6243.686,227.205
9.360,86.875,0.224,3,6247.220,227.593
9.370,86.924,0.224,3,6250.754,227.982
9.380,86.973,0.224,3,6254.287,228.370
9.390,87.022,0.224,3,6257.819,228.759
9.400,87.071,0.224,3,6261.350,229.148
9.410,87.121,0.224,3,6264.881,229.538
9.420,87.170,0.224,3,6268.410,229.927
9.430,87.219,0.224,3,6271.938,230.317
9.440,87.268,0.223,3,6275.465,230.707
9.450,87.317,0.223,3,6278.992,231.097
9.460,87.366,0.223,3,6282.517,231.488
9.470,87.415,0.223,3,6286.042,231.878
9.480,87.464,0.223,3,6289.566,232.269
9.490,87.513,0.223,3,6293.088,232.660
9.500,87.562,0.223,3,6296.610,233.052
9.510,87.611,0.223,3,6300.131,233.443
9.520,87.660,0.223,3,6303.651,233.835
9.530,87.709,0.223,3,6307.170,234.227
9.540,87.758,0.223,3,6310.688,234.619
9.550,87.806,0.223,3,6314.205,235.012
9.560,87.855,0.223,3,6317.721,235.404
9.570,87.904,0.223,3,6321.237,235.797
9.580,87.953,0.223,3,6324.751,236.190
9.590,88.002,0.223,3,6328.264,236.584
9.600,88.051,0.223,3,6331.777,236.977
9.610,88.100,0.222,3,6335.288,237.371
9.620,88.148,0.222,3,6338.799,237.765
9.630,88.197,0.222,3,6342.308,238.159
9.640,88.246,0.222,3,6345.817,238.553
9.650,88.295,0.222,3,6349.325,238.948
9.660,88.344,0.222,3,6352.832,239.343
9.670,88.392,0.222,3,6356.338,239.738
9.680,88.441,0.222,3,6359.843,240.133
9.690,88.490,0.222,3,6363.347,240.529
9.700,88.539,0.222,3,6366.850,240.924
9.710,88.587,0.222,3,6370.352,241.320
9.720,88.636,0.222,3,6373.853,241.716
9.730,88.685,0.222,3,6377.353,242.113
9.740,88.733,0.222,3,6380.853,242.509
9.750,88.782,0.222,3,6384.351,242.906
9.760,88.831,0.222,3,6387.848,243.303
9.770,88.879,0.222,3,6391.345,243.700
9.780,88.928,0.221,3,6394.841,244.098
9.790,88.976,0.221,3,6398.335,244.495
9.800,89.025,0.221,3,6401.829,244.893
9.810,89.074,0.221,3,6405.322,245.291
9.820,89.122,0.221,3,6408.813,245.690
9.830,89.171,0.221,3,6412.304,246.088
9.840,89.219,0.221,3,6415.794,246.487
9.850,89.268,0.221,3,6419.283,246.886
9.860,89.316,0.221,3,6422.771,247.285
9.870,89.365,0.221,3,6426.258,247.684
9.880,89.413,0.221,3,6429.745,248.084
9.890,89.462,0.221,3,6433.230,248.484
9.900,89.510,0.221,3,6436.714,248.884
9.910,89.559,0.221,3,6440.197,249.284
9.920,89.607,0.221,3,6443.680,249.684
9.930,89.655,0.221,3,6447.161,250.085
9.940,89.704,0.221,3,6450.642,250.486
9.950,89.752,0.220,3,6454.121,250.887
9.960,89.801,0.220,3,6457.600,251.289
9.970,89.849,0.220,3,6461.078,251.690
9.980,89.897,0.220,3,6464.554,252.092
9.990,89.946,0.220,3,6468.030,252.494
10.000,89.994,0.220,3,6471.505,252.896
10.010,90.042,0.220,3,6474.979,253.298
10.020,90.091,0.220,3,6478.452,253.701
10.030,90.139,0.220,3,6481.924,254.104
10.040,90.187,0.220,3,6485.395,254.507
10.050,90.235,0.220,3,6488.865,254.910
10.060,90.284,0.220,3,6492.334,255.314
10.070,90.332,0.220,3,6495.802,255.717
10.080,90.380,0.220,3,6499.270,256.121
10.090,90.428,-0.071,4,4644.811,256.526
10.100,90.413,-0.071,4,4644.007,256.930
10.110,90.397,-0.071,4,4643.203,257.334
10.120,90.381,-0.071,4,4642.400,257.738
10.130,90.366,-0.071,4,4641.596,258.142
10.140,90.350,-0.071,4,4640.793,258.546
10.150,90.334,-0.071,4,4639.990,258.950
10.160,90.319,-0.071,4,4639.187,259.354
10.170,90.303,-0.071,4,4638.384,259.757
10.180,90.287,-0.071,4,4637.582,260.161
10.190,90.272,-0.071,4,4636.779,260.565
10.200,90.256,-0.071,4,4635.977,260.968
10.210,90.241,-0.071,4,4635.176,261.371
10.220,90.225,-0.071,4,4634.374,261.775
10.230,90.209,-0.071,4,4633.573,262.178
10.240,90.194,-0.071,4,4632.772,262.581
10.250,90.178,-0.071,4,4631.971,262.985
10.260,90.163,-0.071,4,4631.170,263.388
10.270,90.147,-0.071,4,4630.370,263.791
10.280,90.131,-0.071,4,4629.569,264.194
10.290,90.116,0.178,4,4628.769,264.597
10.300,90.155,0.178,4,4630.781,264.999
10.310,90.194,0.178,4,4632.791,265.403
10.320,90.233,0.178,4,4634.801,265.806
10.330,90.272,0.178,4,4636.811,266.209
10.340,90.312,0.178,4,4638.820,266.613
10.350,90.351,0.178,4,4640.828,267.017
10.360,90.390,0.178,4,4642.836,267.421
10.370,90.429,0.178,4,4644.843,267.825
10.380,90.468,0.178,4,4646.850,268.229
10.390,90.507,0.178,4,4648.856,268.634
10.400,90.546,0.178,4,4650.862,269.039
10.410,90.585,0.178,4,4652.867,269.443
10.420,90.624,0.178,4,4654.872,269.848
10.430,90.663,0.178,4,4656.876,270.254
10.440,90.702,0.178,4,4658.879,270.659
10.450,90.741,0.178,4,4660.882,271.065
10.460,90.780,0.178,4,4662.884,271.470
10.470,90.819,0.178,4,4664.886,271.876
10.480,90.858,0.178,4,4666.887,272.282
10.490,90.897,0.177,4,4668.888,272.689
10.500,90.936,0.177,4,4670.888,273.095
10.510,90.975,0.177,4,4672.888,273.502
10.520,91.014,0.177,4,4674.887,273.908
10.530,91.053,0.177,4,4676.886,274.315
10.540,91.092,0.177,4,4678.884,274.722
10.550,91.130,0.177,4,4680.881,275.130
10.560,91.169,0.177,4,4682.878,275.537
10.570,91.208,0.177,4,4684.874,275.945
10.580,91.247,0.177,4,4686.870,276.353
10.590,91.286,0.177,4,4688.865,276.761
10.600,91.325,0.177,4,4690.860,277.169
10.610,91.364,0.177,4,4692.854,277.577
10.620,91.402,0.177,4,4694.848,277.986
10.630,91.441,0.177,4,4696.841,278.394
10.640,91.480,0.177,4,4698.833,278.803
10.650,91.519,0.177,4,4700.825,279.212
10.660,91.557,0.177,4,4702.816,279.622
10.670,91.596,0.177,4,4704.807,280.031
10.680,91.635,0.177,4,4706.797,280.440
10.690,91.674,0.176,4,4708.787,280.850
10.700,91.712,0.176,4,4710.776,281.260
10.710,91.751,0.176,4,4712.765,281.670
10.720,91.790,0.176,4,4714.753,282.080
10.730,91.829,0.176,4,4716.740,282.491
10.740,91.867,0.176,4,4718.727,282.901
10.750,91.906,0.176,4,4720.714,283.312
10.760,91.945,0.176,4,4722.700,283.723
10.770,91.983,0.176,4,4724.685,284.134
10.780,92.022,0.176,4,4726.670,284.546
10.790,92.061,0.176,4,4728.654,284.957
10.800,92.099,0.176,4,4730.637,285.369
10.810,92.138,0.176,4,4732.621,285.780
10.820,92.176,0.176,4,4734.603,286.192
10.830,92.215,0.176,4,4736.585,286.605
10.840,92.253,0.176,4,4738.566,287.017
10.850,92.292,0.176,4,4740.547,287.429
10.860,92.331,0.176,4,4742.528,287.842
10.870,92.369,0.176,4,4744.507,288.255
10.880,92.408,0.176,4,4746.487,288.668
10.890,92.446,0.175,4,4748.465,289.081
10.900,92.485,0.175,4,4750.443,289.494
10.910,92.523,0.175,4,4752.421,289.908
10.920,92.562,0.175,4,4754.398,290.322
10.930,92.600,0.175,4,4756.374,290.736
10.940,92.639,0.175,4,4758.350,291.150
10.950,92.677,0.175,4,4760.326,291.564
10.960,92.716,0.175,4,4762.300,291.978
10.970,92.754,0.175,4,4764.275,292.393
10.980,92.792,0.175,4,4766.248,292.808
10.990,92.831,0.175,4,4768.222,293.222
11.000,92.869,0.175,4,4770.194,293.638
11.010,92.908,0.175,4,4772.166,294.053
11.020,92.946,0.175,4,4774.138,294.468
11.030,92.984,0.175,4,4776.109,294.884
11.040,93.023,0.175,4,4778.079,295.300
11.050,93.061,0.175,4,4780.049,295.715
11.060,93.099,0.175,4,4782.018,296.132
11.070,93.138,0.175,4,4783.987,296.548
11.080,93.176,0.175,4,4785.955,296.964
11.090,93.214,0.175,4,4787.922,297.381
11.100,93.253,0.174,4,4789.889,297.798
11.110,93.291,0.174,4,4791.856,298.215
11.120,93.329,0.174,4,4793.822,298.632
11.130,93.367,0.174,4,4795.787,299.049
11.140,93.406,0.174,4,4797.752,299.467
11.150,93.444,0.174,4,4799.716,299.884
11.160,93.482,0.174,4,4801.680,300.302
11.170,93.520,0.174,4,4803.643,300.720
11.180,93.559,0.174,4,4805.606,301.138
11.190,93.597,0.174,4,4807.568,301.557
11.200,93.635,0.174,4,4809.529,301.975
11.210,93.673,0.174,4,4811.490,302.394
11.220,93.711,0.174,4,4813.451,302.813
11.230,93.750,0.174,4,4815.410,303.232
11.240,93.788,0.174,4,4817.370,303.651
11.250,93.826,0.174,4,4819.328,304.070
11.260,93.864,0.174,4,4821.286,304.490
11.270,93.902,0.174,4,4823.244,304.909
11.280,93.940,0.174,4,4825.201,305.329
11.290,93.978,0.174,4,4827.158,305.749
11.300,94.016,0.173,4,4829.114,306.169
11.310,94.054,0.173,4,4831.069,306.590
11.320,94.092,0.173,4,4833.024,307.010
11.330,94.130,0.173,4,4834.978,307.431
11.340,94.169,0.173,4,4836.932,307.852
11.350,94.207,0.173,4,4838.885,308.273
11.360,94.245,0.173,4,4840.837,308.694
11.370,94.283,0.173,4,4842.789,309.116
11.380,94.321,0.173,4,4844.741,309.537
11.390,94.359,0.173,4,4846.692,309.959
11.400,94.397,0.173,4,4848.642,310.381
11.410,94.434,0.173,4,4850.592,310.803
11.420,94.472,0.173,4,4852.541,311.225
11.430,94.510,0.173,4,4854.490,311.648
11.440,94.548,0.173,4,4856.438,312.070
11.450,94.586,0.173,4,4858.386,312.493
11.460,94.624,0.173,4,4860.333,312.916
11.470,94.662,0.173,4,4862.279,313.339
11.480,94.700,0.173,4,4864.225,313.762
11.490,94.738,0.173,4,4866.170,314.186
11.500,94.776,0.172,4,4868.115,314.609
11.510,94.813,0.172,4,4870.060,315.033
11.520,94.851,0.172,4,4872.003,315.457
11.530,94.889,0.172,4,4873.946,315.881
11.540,94.927,0.172,4,4875.889,316.305
11.550,94.965,0.172,4,4877.831,316.730
11.560,95.003,0.172,4,4879.772,317.154
11.570,95.040,0.172,4,4881.713,317.579
11.580,95.078,0.172,4,4883.654,318.004
11.590,95.116,0.172,4,4885.593,318.429
11.600,95.154,0.172,4,4887.533,318.854
11.610,95.191,0.172,4,4889.471,319.280
11.620,95.229,0.172,4,4891.409,319.706
11.630,95.267,0.172,4,4893.347,320.131
11.640,95.305,0.172,4,4895.284,320.557
11.650,95.342,0.172,4,4897.220,320.983
11.660,95.380,0.172,4,4899.156,321.410
11.670,95.418,0.172,4,4901.091,321.836
11.680,95.455,0.172,4,4903.026,322.263
11.690,95.493,0.172,4,4904.960,322.690
11.700,95.531,0.171,4,4906.894,323.117
11.710,95.568,0.171,4,4908.827,323.544
11.720,95.606,0.171,4,4910.760,323.971
11.730,95.643,0.171,4,4912.692,324.399
11.740,95.681,0.171,4,4914.623,324.826
11.750,95.719,0.171,4,4916.554,325.254
11.760,95.756,0.171,4,4918.484,325.682
11.770,95.794,0.171,4,4920.414,326.110
11.780,95.831,0.171,4,4922.343,326.538
11.790,95.869,0.171,4,4924.272,326.967
11.800,95.906,0.171,4,4926.200,327.396
11.810,95.944,0.171,4,4928.127,327.824
11.820,95.981,0.171,4,4930.054,328.253
11.830,96.019,0.171,4,4931.981,328.683
11.840,96.056,0.171,4,4933.906,329.112
11.850,96.094,0.171,4,4935.832,329.541
11.860,96.131,0.171,4,4937.756,329.971
11.870,96.169,0.171,4,4939.680,330.401
11.880,96.206,0.171,4,4941.604,330.831
11.890,96.244,0.171,4,4943.527,331.261
11.900,96.281,0.171,4,4945.449,331.691
11.910,96.319,0.170,4,4947.371,332.122
11.920,96.356,0.170,4,4949.293,332.553
11.930,96.393,0.170,4,4951.214,332.983
11.940,96.431,0.170,4,4953.134,333.414
11.950,96.468,0.170,4,4955.053,333.846
11.960,96.506,0.170,4,4956.972,334.277
11.970,96.543,0.170,4,4958.891,334.708
11.980,96.580,0.170,4,4960.809,335.140
11.990,96.618,0.170,4,4962.726,335.572
12.000,96.655,0.170,4,4964.643,336.004
12.010,96.692,0.170,4,4966.560,336.436
12.020,96.730,0.170,4,4968.475,336.868
12.030,96.767,0.170,4,4970.390,337.301
12.040,96.804,0.170,4,4972.305,337.734
12.050,96.841,0.170,4,4974.219,338.166
12.060,96.879,0.170,4,4976.133,338.599
12.070,96.916,0.170,4,4978.046,339.033
12.080,96.953,0.170,4,4979.958,339.466
12.090,96.990,0.170,4,4981.870,339.899
12.100,97.027,0.170,4,4983.781,340.333
12.110,97.065,0.169,4,4985.692,340.767
12.120,97.102,0.169,4,4987.602,341.201
12.130,97.139,0.169,4,4989.511,341.635
12.140,97.176,0.169,4,4991.420,342.069
12.150,97.213,0.169,4,4993.329,342.504
12.160,97.251,0.169,4,4995.237,342.939
12.170,97.288,0.169,4,4997.144,343.373
12.180,97.325,0.169,4,4999.051,343.808
12.190,97.362,0.169,4,5000.957,344.244
12.200,97.399,0.169,4,5002.863,344.679
12.210,97.436,0.169,4,5004.768,345.114
12.220,97.473,0.169,4,5006.672,345.550
12.230,97.510,0.169,4,5008.576,345.986
12.240,97.547,0.169,4,5010.480,346.422
12.250,97.584,0.169,4,5012.383,346.858
12.260,97.621,0.169,4,5014.285,347.294
12.270,97.658,0.169,4,5016.187,347.731
12.280,97.695,0.169,4,5018.088,348.168
12.290,97.732,0.169,4,5019.988,348.604
12.300,97.769,0.169,4,5021.888,349.041
12.310,97.806,0.168,4,5023.788,349.478
12.320,97.843,0.168,4,5025.687,349.916
12.330,97.880,0.168,4,5027.585,350.353
12.340,97.917,0.168,4,5029.483,350.791
12.350,97.954,0.168,4,5031.380,351.229
12.360,97.991,0.168,4,5033.277,351.667
12.370,98.028,0.168,4,5035.173,352.105
12.380,98.065,0.168,4,5037.068,352.543
12.390,98.102,0.168,4,5038.963,352.982
12.400,98.139,0.168,4,5040.858,353.420
12.410,98.176,0.168,4,5042.752,353.859
12.420,98.212,0.168,4,5044.645,354.298
12.430,98.249,0.168,4,5046.538,354.737
12.440,98.286,0.168,4,5048.430,355.176
12.450,98.323,0.168,4,5050.321,355.616
12.460,98.360,0.168,4,5052.212,356.056
12.470,98.397,0.168,4,5054.103,356.495
12.480,98.433,0.168,4,5055.993,356.935
12.490,98.470,0.168,4,5057.882,357.375
12.500,98.507,0.168,4,5059.771,357.816
12.510,98.544,0.167,4,5061.659,358.256
12.520,98.580,0.167,4,5063.547,358.697
12.530,98.617,0.167,4,5065.434,359.138
12.540,98.654,0.167,4,5067.320,359.578
12.550,98.691,0.167,4,5069.206,360.020
12.560,98.727,0.167,4,5071.092,360.461
12.570,98.764,0.167,4,5072.977,360.902
12.580,98.801,0.167,4,5074.861,361.344
12.590,98.837,0.167,4,5076.745,361.786
12.600,98.874,0.167,4,5078.628,362.228
12.610,98.911,0.167,4,5080.510,362.670
12.620,98.947,0.167,4,5082.392,363.112
12.630,98.984,0.167,4,5084.274,363.554
12.640,99.021,0.167,4,5086.155,363.997
12.650,99.057,0.167,4,5088.035,364.440
12.660,99.094,0.167,4,5089.915,364.883
12.670,99.130,0.167,4,5091.794,365.326
12.680,99.167,0.167,4,5093.673,365.769
12.690,99.203,0.167,4,5095.551,366.212
12.700,99.240,0.167,4,5097.428,366.656
12.710,99.277,0.166,4,5099.305,367.099
12.720,99.313,0.166,4,5101.182,367.543
12.730,99.350,0.166,4,5103.058,367.987
12.740,99.386,0.166,4,5104.933,368.432
12.750,99.423,0.166,4,5106.808,368.876
12.760,99.459,0.166,4,5108.682,369.321
12.770,99.496,0.166,4,5110.555,369.765
12.780,99.532,0.166,4,5112.428,370.210
12.790,99.569,0.166,4,5114.301,370.655
12.800,99.605,0.166,4,5116.173,371.100
12.810,99.641,0.166,4,5118.044,371.546
12.820,99.678,0.166,4,5119.915,371.991
12.830,99.714,0.166,4,5121.785,372.437
12.840,99.751,0.166,4,5123.655,372.883
12.850,99.787,0.166,4,5125.524,373.329
12.860,99.823,0.166,4,5127.392,373.775
12.870,99.860,0.166,4,5129.260,374.221
12.880,99.896,0.166,4,5131.128,374.668
12.890,99.932,0.166,4,5132.994,375.114
12.900,99.969,0.166,4,5134.861,375.561
12.910,100.005,0.165,4,5136.726,376.008
12.920,100.041,0.165,4,5138.592,376.455
12.930,100.078,0.165,4,5140.456,376.903
12.940,100.114,0.165,4,5142.320,377.350
12.950,100.150,0.165,4,5144.183,377.798
12.960,100.187,0.165,4,5146.046,378.246
12.970,100.223,0.165,4,5147.909,378.694
12.980,100.259,0.165,4,5149.770,379.142
12.990,100.295,0.165,4,5151.632,379.590
13.000,100.332,0.165,4,5153.492,380.038
13.010,100.368,0.165,4,5155.352,380.487
13.020,100.404,0.165,4,5157.212,380.936
13.030,100.440,0.165,4,5159.071,381.385
13.040,100.476,0.165,4,5160.929,381.834
13.050,100.512,0.165,4,5162.787,382.283
13.060,100.549,0.165,4,5164.644,382.732
13.070,100.585,0.165,4,5166.501,383.182
13.080,100.621,0.165,4,5168.357,383.632
13.090,100.657,0.165,4,5170.212,384.082
13.100,100.693,0.165,4,5172.067,384.532
13.110,100.729,0.164,4,5173.922,384.982
13.120,100.765,0.164,4,5175.775,385.432
13.130,100.801,0.164,4,5177.629,385.883
13.140,100.838,0.164,4,5179.481,386.333
13.150,100.874,0.164,4,5181.334,386.784
13.160,100.910,0.164,4,5183.185,387.235
13.170,100.946,0.164,4,5185.036,387.687
13.180,100.982,0.164,4,5186.887,388.138
13.190,101.018,0.164,4,5188.737,388.589
13.200,101.054,0.164,4,5190.586,389.041
13.210,101.090,0.164,4,5192.435,389.493
13.220,101.126,0.164,4,5194.283,389.945
13.230,101.162,0.164,4,5196.130,390.397
13.240,101.198,0.164,4,5197.977,390.849
13.250,101.234,0.164,4,5199.824,391.302
13.260,101.269,0.164,4,5201.670,391.754
13.270,101.305,0.164,4,5203.515,392.207
13.280,101.341,0.164,4,5205.360,392.660
13.290,101.377,0.164,4,5207.204,393.113
13.300,101.413,0.164,4,5209.048,393.567
13.310,101.449,0.163,4,5210.891,394.020
13.320,101.485,0.163,4,5212.734,394.474
13.330,101.521,0.163,4,5214.576,394.927
13.340,101.557,0.163,4,5216.417,395.381
13.350,101.592,0.163,4,5218.258,395.835
13.360,101.628,0.163,4,5220.098,396.290
13.370,101.664,0.163,4,5221.938,396.744
13.380,101.700,0.163,4,5223.777,397.199
13.390,101.736,0.163,4,5225.615,397.653
13.400,101.771,0.163,4,5227.453,398.108
13.410,101.807,0.163,4,5229.291,398.563
13.420,101.843,0.163,4,5231.128,399.018
13.430,101.879,0.163,4,5232.964,399.474
13.440,101.914,0.163,4,5234.800,399.929
13.450,101.950,0.163,4,5236.635,400.385
13.460,101.986,0.163,4,5238.470,400.841
13.470,102.022,0.163,4,5240.304,401.297
13.480,102.057,0.163,4,5242.137,401.753
13.490,102.093,0.163,4,5243.970,402.209
13.500,102.129,0.163,4,5245.802,402.666
13.510,102.164,0.162,4,5247.634,403.122
13.520,102.200,0.162,4,5249.465,403.579
13.530,102.236,0.162,4,5251.296,404.036
13.540,102.271,0.162,4,5253.126,404.493
13.550,102.307,0.162,4,5254.956,404.951
13.560,102.342,0.162,4,5256.785,405.408
13.570,102.378,0.162,4,5258.613,405.866
13.580,102.414,0.162,4,5260.441,406.323
13.590,102.449,0.162,4,5262.268,406.781
13.600,102.485,0.162,4,5264.095,407.239
13.610,102.520,0.162,4,5265.921,407.698
13.620,102.556,0.162,4,5267.747,408.156
13.630,102.591,0.162,4,5269.572,408.614
13.640,102.627,0.162,4,5271.396,409.073
13.650,102.662,0.162,4,5273.220,409.532
13.660,102.698,0.162,4,5275.043,409.991
13.670,102.733,0.162,4,5276.866,410.450
13.680,102.769,0.162,4,5278.688,410.910
13.690,102.804,0.162,4,5280.510,411.369
13.700,102.840,0.162,4,5282.331,411.829
13.710,102.875,0.161,4,5284.151,412.289
13.720,102.911,0.161,4,5285.971,412.748
13.730,102.946,0.161,4,5287.790,413.209
13.740,102.982,0.161,4,5289.609,413.669
13.750,103.017,0.161,4,5291.427,414.129
13.760,103.052,0.161,4,5293.245,414.590
13.770,103.088,0.161,4,5295.062,415.051
13.780,103.123,0.161,4,5296.879,415.512
13.790,103.158,0.161,4,5298.694,415.973
13.800,103.194,0.161,4,5300.510,416.434
13.810,103.229,0.161,4,5302.325,416.895
13.820,103.264,0.161,4,5304.139,417.357
13.830,103.300,0.161,4,5305.953,417.819
13.840,103.335,0.161,4,5307.766,418.280
13.850,103.370,0.161,4,5309.578,418.743
13.860,103.406,0.161,4,5311.390,419.205
13.870,103.441,0.161,4,5313.202,419.667
13.880,103.476,0.161,4,5315.012,420.130
13.890,103.511,0.161,4,5316.823,420.592
13.900,103.547,0.161,4,5318.632,421.055
13.910,103.582,0.160,4,5320.442,421.518
13.920,103.617,0.160,4,5322.250,421.981
13.930,103.652,0.160,4,5324.058,422.444
13.940,103.687,0.160,4,5325.866,422.908
13.950,103.723,0.160,4,5327.672,423.371
13.960,103.758,0.160,4,5329.479,423.835
13.970,103.793,0.160,4,5331.284,424.299
13.980,103.828,0.160,4,5333.090,424.763
13.990,103.863,0.160,4,5334.894,425.227
14.000,103.898,0.160,4,5336.698,425.692
14.010,103.933,0.160,4,5338.502,426.156
14.020,103.969,0.160,4,5340.305,426.621
14.030,104.004,0.160,4,5342.107,427.086
14.040,104.039,0.160,4,5343.909,427.551
14.050,104.074,0.160,4,5345.710,428.016
14.060,104.109,0.160,4,5347.511,428.481
14.070,104.144,0.160,4,5349.311,428.947
14.080,104.179,0.160,4,5351.110,429.413
14.090,104.214,0.160,4,5352.909,429.878
14.100,104.249,0.159,4,5354.707,430.344
14.110,104.284,0.159,4,5356.505,430.810
14.120,104.319,0.159,4,5358.303,431.277
14.130,104.354,0.159,4,5360.099,431.743
14.140,104.389,0.159,4,5361.895,432.210
14.150,104.424,0.159,4,5363.691,432.676
14.160,104.459,0.159,4,5365.486,433.143
14.170,104.494,0.159,4,5367.280,433.610
14.180,104.529,0.159,4,5369.074,434.078
14.190,104.564,0.159,4,5370.867,434.545
14.200,104.598,0.159,4,5372.660,435.012
14.210,104.633,0.159,4,5374.452,435.480
14.220,104.668,0.159,4,5376.244,435.948
14.230,104.703,0.159,4,5378.035,436.416
14.240,104.738,0.159,4,5379.825,436.884
14.250,104.773,0.159,4,5381.615,437.352
14.260,104.808,0.159,4,5383.404,437.821
14.270,104.842,0.159,4,5385.193,438.289
14.280,104.877,0.159,4,5386.981,438.758
14.290,104.912,0.159,4,5388.769,439.227
14.300,104.947,0.158,4,5390.556,439.696
14.310,104.982,0.158,4,5392.342,440.165
14.320,105.016,0.158,4,5394.128,440.635
14.330,105.051,0.158,4,5395.913,441.104
14.340,105.086,0.158,4,5397.698,441.574
14.350,105.121,0.158,4,5399.482,442.044
14.360,105.155,0.158,4,5401.266,442.514
14.370,105.190,0.158,4,5403.049,442.984
14.380,105.225,0.158,4,5404.832,443.454
14.390,105.259,0.158,4,5406.614,443.925
14.400,105.294,0.158,4,5408.395,444.396
14.410,105.329,0.158,4,5410.176,444.866
14.420,105.363,0.158,4,5411.956,445.337
14.430,105.398,0.158,4,5413.736,445.808
14.440,105.433,0.158,4,5415.515,446.280
14.450,105.467,0.158,4,5417.293,446.751
14.460,105.502,0.158,4,5419.071,447.223
14.470,105.537,0.158,4,5420.849,447.694
14.480,105.571,0.158,4,5422.625,448.166
14.490,105.606,0.158,4,5424.402,448.638
14.500,105.640,0.157,4,5426.177,449.110
14.510,105.675,0.157,4,5427.952,449.583
14.520,105.709,0.157,4,5429.727,450.055
14.530,105.744,0.157,4,5431.501,450.528
14.540,105.779,0.157,4,5433.274,451.001
14.550,105.813,0.157,4,5435.047,451.474
14.560,105.848,0.157,4,5436.819,451.947
14.570,105.882,0.157,4,5438.591,452.420
14.580,105.917,0.157,4,5440.362,452.893
14.590,105.951,0.157,4,5442.133,453.367
14.600,105.985,0.157,4,5443.903,453.841
14.610,106.020,0.157,4,5445.672,454.314
14.620,106.054,0.157,4,5447.441,454.788
14.630,106.089,0.157,4,5449.210,455.263
14.640,106.123,0.157,4,5450.977,455.737
14.650,106.158,0.157,4,5452.745,456.211
14.660,106.192,0.157,4,5454.511,456.686
14.670,106.226,0.157,4,5456.277,457.161
14.680,106.261,0.157,4,5458.043,457.636
14.690,106.295,0.157,4,5459.808,458.111
14.700,106.329,0.156,4,5461.572,458.586
14.710,106.364,0.156,4,5463.336,459.062
14.720,106.398,0.156,4,5465.099,459.537
14.730,106.432,0.156,4,5466.862,460.013
14.740,106.467,0.156,4,5468.624,460.489
14.750,106.501,0.156,4,5470.385,460.965
14.760,106.535,0.156,4,5472.146,461.441
14.770,106.570,0.156,4,5473.906,461.917
14.780,106.604,0.156,4,5475.666,462.394
14.790,106.638,0.156,4,5477.425,462.870
14.800,106.672,0.156,4,5479.184,463.347
14.810,106.707,0.156,4,5480.942,463.824
14.820,106.741,0.156,4,5482.700,464.301
14.830,106.775,0.156,4,5484.457,464.779
14.840,106.809,0.156,4,5486.213,465.256
14.850,106.843,0.156,4,5487.969,465.734
14.860,106.878,0.156,4,5489.724,466.211
14.870,106.912,0.156,4,5491.479,466.689
14.880,106.946,0.156,4,5493.233,467.167
14.890,106.980,0.156,4,5494.987,467.645
14.900,107.014,0.155,4,5496.740,468.124
14.910,107.048,0.155,4,5498.492,468.602
14.920,107.082,0.155,4,5500.244,469.081
14.930,107.116,0.155,4,5501.995,469.559
14.940,107.150,0.155,4,5503.746,470.038
14.950,107.185,0.155,4,5505.496,470.517
14.960,107.219,0.155,4,5507.246,470.997
14.970,107.253,0.155,4,5508.995,471.476
14.980,107.287,0.155,4,5510.743,471.956
14.990,107.321,0.155,4,5512.491,472.435
15.000,107.355,0.155,4,5514.238,472.915
15.010,107.389,0.155,4,5515.985,473.395
15.020,107.423,0.155,4,5517.731,473.875
15.030,107.457,0.155,4,5519.477,474.356
15.040,107.491,0.155,4,5521.222,474.836
15.050,107.525,0.155,4,5522.967,475.317
15.060,107.559,0.155,4,5524.710,475.797
15.070,107.593,0.113,4,5526.454,476.278
15.080,107.617,0.113,4,5527.728,476.759
15.090,107.642,0.113,4,5529.002,477.240
15.100,107.667,0.113,4,5530.275,477.722
15.110,107.692,0.113,4,5531.548,478.203
15.120,107.717,0.113,4,5532.821,478.685
15.130,107.741,0.113,4,5534.093,479.166
15.140,107.766,0.113,4,5535.365,479.648
15.150,107.791,0.113,4,5536.637,480.130
15.160,107.816,0.113,4,5537.908,480.612
15.170,107.840,0.113,4,5539.178,481.094
15.180,107.865,0.113,4,5540.448,481.576
15.190,107.890,0.113,4,5541.718,482.058
15.200,107.914,0.113,4,5542.987,482.540
15.210,107.939,0.113,4,5544.256,483.023
15.220,107.964,0.113,4,5545.525,483.505
15.230,107.989,0.112,4,5546.793,483.988
15.240,108.013,0.112,4,5548.060,484.471
15.250,108.038,0.112,4,5549.328,484.954
15.260,108.063,0.112,4,5550.595,485.437
15.270,108.087,0.112,4,5551.861,485.920
15.280,108.112,0.112,4,5553.127,486.403
15.290,108.137,0.112,4,5554.393,486.887
15.300,108.161,0.112,4,5555.658,487.370
15.310,108.186,0.112,4,5556.922,487.854
15.320,108.210,0.112,4,5558.187,488.337
15.330,108.235,0.112,4,5559.451,488.821
15.340,108.260,0.112,4,5560.714,489.305
15.350,108.284,0.112,4,5561.977,489.789
15.360,108.309,0.112,4,5563.240,490.273
15.370,108.333,0.112,4,5564.502,490.757
15.380,108.358,0.112,4,5565.764,491.242
15.390,108.382,0.112,4,5567.026,491.726
15.400,108.407,0.112,4,5568.287,492.211
15.410,108.432,0.112,4,5569.547,492.696
15.420,108.456,0.112,4,5570.808,493.180
15.430,108.481,0.112,4,5572.067,493.665
15.440,108.505,0.112,4,5573.327,494.150
15.450,108.530,0.112,4,5574.586,494.635
15.460,108.554,0.112,4,5575.844,495.121
15.470,108.579,0.112,4,5577.103,495.606
15.480,108.603,0.112,4,5578.360,496.091
15.490,108.628,0.112,4,5579.618,496.577
15.500,108.652,0.111,4,5580.874,497.063
15.510,108.677,0.111,4,5582.131,497.548
15.520,108.701,0.111,4,5583.387,498.034
15.530,108.725,0.111,4,5584.643,498.520
15.540,108.750,0.111,4,5585.898,499.006
15.550,108.774,0.111,4,5587.153,499.492
15.560,108.799,0.111,4,5588.407,499.979
15.570,108.823,0.111,4,5589.661,500.465
15.580,108.848,0.111,4,5590.915,500.952
15.590,108.872,0.111,4,5592.168,501.438
15.600,108.896,0.111,4,5593.421,501.925
15.610,108.921,0.111,4,5594.673,502.412
15.620,108.945,0.111,4,5595.925,502.899
15.630,108.969,0.111,4,5597.177,503.386
15.640,108.994,0.111,4,5598.428,503.873
15.650,109.018,0.111,4,5599.679,504.361
15.660,109.043,0.111,4,5600.929,504.848
15.670,109.067,0.111,4,5602.179,505.336
15.680,109.091,0.111,4,5603.428,505.823
15.690,109.115,0.111,4,5604.677,506.311
15.700,109.140,0.111,4,5605.926,506.799
15.710,109.164,0.111,4,5607.174,507.287
15.720,109.188,0.111,4,5608.422,507.775
15.730,109.213,0.111,4,5609.670,508.263
15.740,109.237,0.111,4,5610.917,508.751
15.750,109.261,0.111,4,5612.163,509.240
15.760,109.285,0.111,4,5613.409,509.728
15.770,109.310,0.110,4,5614.655,510.217
15.780,109.334,0.110,4,5615.901,510.705
15.790,109.358,0.110,4,5617.145,511.194
15.800,109.382,0.110,4,5618.390,511.683
15.810,109.407,0.110,4,5619.634,512.172
15.820,109.431,0.110,4,5620.878,512.661
15.830,109.455,0.110,4,5622.121,513.151
15.840,109.479,0.110,4,5623.364,513.640
15.850,109.503,0.110,4,5624.607,514.129
15.860,109.528,0.110,4,5625.849,514.619
15.870,109.552,0.110,4,5627.090,515.109
15.880,109.576,0.110,4,5628.332,515.598
15.890,109.600,0.110,4,5629.572,516.088
15.900,109.624,0.110,4,5630.813,516.578
15.910,109.648,0.110,4,5632.053,517.068
15.920,109.673,0.110,4,5633.292,517.559
15.930,109.697,0.110,4,5634.532,518.049
15.940,109.721,0.110,4,5635.770,518.539
15.950,109.745,0.110,4,5637.009,519.030
15.960,109.769,0.110,4,5638.247,519.521
15.970,109.793,0.110,4,5639.484,520.011
15.980,109.817,0.110,4,5640.721,520.502
15.990,109.841,0.110,4,5641.958,520.993
16.000,109.865,0.110,4,5643.195,521.484
16.010,109.889,0.110,4,5644.430,521.976
16.020,109.913,0.110,4,5645.666,522.467
16.030,109.938,0.110,4,5646.901,522.958
16.040,109.962,0.110,4,5648.136,523.450
16.050,109.986,0.109,4,5649.370,523.941
16.060,110.010,0.109,4,5650.604,524.433
16.070,110.034,0.109,4,5651.837,524.925
16.080,110.058,0.109,4,5653.070,525.417
16.090,110.082,0.109,4,5654.303,525.909
16.100,110.106,0.109,4,5655.535,526.401
16.110,110.130,0.109,4,5656.767,526.893
16.120,110.154,0.109,4,5657.998,527.386
16.130,110.178,0.109,4,5659.229,527.878
16.140,110.202,0.109,4,5660.460,528.371
16.150,110.225,0.109,4,5661.690,528.864
16.160,110.249,0.109,4,5662.920,529.356
16.170,110.273,0.109,4,5664.149,529.849
16.180,110.297,0.109,4,5665.378,530.342
16.190,110.321,0.109,4,5666.607,530.835
16.200,110.345,0.109,4,5667.835,531.329
16.210,110.369,0.109,4,5669.062,531.822
16.220,110.393,0.109,4,5670.290,532.315
16.230,110.417,0.109,4,5671.517,532.809
16.240,110.441,0.109,4,5672.743,533.303
16.250,110.465,0.109,4,5673.969,533.796
16.260,110.488,0.109,4,5675.195,534.290
16.270,110.512,0.109,4,5676.420,534.784
16.280,110.536,0.109,4,5677.645,535.278
16.290,110.560,0.109,4,5678.869,535.773
16.300,110.584,0.109,4,5680.093,536.267
16.310,110.608,0.109,4,5681.317,536.761
16.320,110.631,0.108,4,5682.540,537.256
16.330,110.655,0.108,4,5683.763,537.750
16.340,110.679,0.108,4,5684.985,538.245
16.350,110.703,0.108,4,5686.207,538.740
16.360,110.727,0.108,4,5687.429,539.235
16.370,110.750,0.108,4,5688.650,539.730
16.380,110.774,0.108,4,5689.871,540.225
16.390,110.798,0.108,4,5691.091,540.720
16.400,110.822,0.108,4,5692.311,541.216
16.410,110.845,0.108,4,5693.530,541.711
16.420,110.869,0.108,4,5694.750,542.207
16.430,110.893,0.108,4,5695.968,542.702
16.440,110.917,0.108,4,5697.187,543.198
16.450,110.940,0.108,4,5698.404,543.694
16.460,110.964,0.108,4,5699.622,544.190
16.470,110.988,0.108,4,5700.839,544.686
16.480,111.011,0.108,4,5702.056,545.182
16.490,111.035,0.108,4,5703.272,545.679
16.500,111.059,0.108,4,5704.488,546.175
16.510,111.082,0.108,4,5705.703,546.672
16.520,111.106,0.108,4,5706.918,547.168
16.530,111.130,0.108,4,5708.133,547.665
16.540,111.153,0.108,4,5709.347,548.162
16.550,111.177,0.108,4,5710.561,548.659
16.560,111.201,0.108,4,5711.774,549.156
16.570,111.224,0.108,4,5712.987,549.653
16.580,111.248,0.108,4,5714.200,550.150
16.590,111.271,0.108,4,5715.412,550.648
16.600,111.295,0.107,4,5716.624,551.145
16.610,111.319,0.107,4,5717.835,551.643
16.620,111.342,0.107,4,5719.046,552.141
16.630,111.366,0.107,4,5720.257,552.638
16.640,111.389,0.107,4,5721.467,553.136
16.650,111.413,0.107,4,5722.676,553.634
16.660,111.436,0.107,4,5723.886,554.132
16.670,111.460,0.107,4,5725.095,554.631
16.680,111.483,0.107,4,5726.303,555.129
16.690,111.507,0.107,4,5727.511,555.627
16.700,111.530,0.107,4,5728.719,556.126
16.710,111.554,0.107,4,5729.926,556.624
16.720,111.577,0.107,4,5731.133,557.123
16.730,111.601,0.107,4,5732.339,557.622
16.740,111.624,0.107,4,5733.546,558.121
16.750,111.648,0.107,4,5734.751,558.620
16.760,111.671,0.107,4,5735.956,559.119
16.770,111.695,0.107,4,5737.161,559.618
16.780,111.718,0.107,4,5738.366,560.118
16.790,111.742,0.107,4,5739.570,560.617
16.800,111.765,0.107,4,5740.773,561.117
16.810,111.789,0.107,4,5741.977,561.617
16.820,111.812,0.107,4,5743.179,562.116
16.830,111.835,0.107,4,5744.382,562.616
16.840,111.859,0.107,4,5745.584,563.116
16.850,111.882,0.107,4,5746.785,563.616
16.860,111.906,0.107,4,5747.986,564.117
16.870,111.929,0.106,4,5749.187,564.617
16.880,111.952,0.106,4,5750.388,565.117
16.890,111.976,0.106,4,5751.588,565.618
16.900,111.999,0.106,4,5752.787,566.118
16.910,112.022,0.106,4,5753.986,566.619
16.920,112.046,0.106,4,5755.185,567.120
16.930,112.069,0.106,4,5756.383,567.621
16.940,112.092,0.106,4,5757.581,568.122
16.950,112.116,0.106,4,5758.779,568.623
16.960,112.139,0.106,4,5759.976,569.124
16.970,112.162,0.106,4,5761.173,569.626
16.980,112.186,0.106,4,5762.369,570.127
16.990,112.209,0.106,4,5763.565,570.629
17.000,112.232,0.106,4,5764.760,571.130
17.010,112.255,0.106,4,5765.955,571.632
17.020,112.279,0.106,4,5767.150,572.134
17.030,112.302,0.106,4,5768.344,572.636
17.040,112.325,0.106,4,5769.538,573.138
17.050,112.348,0.106,4,5770.732,573.640
17.060,112.372,0.106,4,5771.925,574.143
17.070,112.395,0.106,4,5773.117,574.645
17.080,112.418,0.106,4,5774.310,575.148
17.090,112.441,0.106,4,5775.501,575.650
17.100,112.464,0.106,4,5776.693,576.153
17.110,112.488,0.106,4,5777.884,576.656
17.120,112.511,0.106,4,5779.074,577.159
17.130,112.534,0.106,4,5780.265,577.662
17.140,112.557,0.106,4,5781.454,578.165
17.150,112.580,0.105,4,5782.644,578.668
17.160,112.603,0.105,4,5783.833,579.171
17.170,112.627,0.105,4,5785.022,579.675
17.180,112.650,0.105,4,5786.210,580.178
17.190,112.673,0.105,4,5787.397,580.682
17.200,112.696,0.105,4,5788.585,581.186
17.210,112.719,0.105,4,5789.772,581.690
17.220,112.742,0.105,4,5790.958,582.193
17.230,112.765,0.105,4,5792.145,582.698
17.240,112.788,0.105,4,5793.330,583.202
17.250,112.811,0.105,4,5794.516,583.706
17.260,112.834,0.105,4,5795.701,584.210
17.270,112.858,0.105,4,5796.885,584.715
17.280,112.881,0.105,4,5798.069,585.219
17.290,112.904,0.105,4,5799.253,585.724
17.300,112.927,0.105,4,5800.436,586.229
17.310,112.950,0.105,4,5801.619,586.734
17.320,112.973,0.105,4,5802.802,587.239
17.330,112.996,0.105,4,5803.984,587.744
17.340,113.019,0.105,4,5805.166,588.249
17.350,113.042,0.105,4,5806.347,588.754
17.360,113.065,0.105,4,5807.528,589.260
17.370,113.088,0.105,4,5808.709,589.765
17.380,113.111,0.105,4,5809.889,590.271
17.390,113.134,0.105,4,5811.068,590.776
17.400,113.157,0.105,4,5812.248,591.282
17.410,113.180,0.105,4,5813.427,591.788
17.420,113.203,0.105,4,5814.605,592.294
17.430,113.225,0.104,4,5815.783,592.800
17.440,113.248,0.104,4,5816.961,593.306
17.450,113.271,0.104,4,5818.138,593.813
17.460,113.294,0.104,4,5819.315,594.319
17.470,113.317,0.104,4,5820.491,594.826
17.480,113.340,0.104,4,5821.668,595.332
17.490,113.363,0.104,4,5822.843,595.839
17.500,113.386,0.104,4,5824.018,596.346
17.510,113.409,0.104,4,5825.193,596.853
17.520,113.432,0.104,4,5826.368,597.360
17.530,113.454,0.104,4,5827.542,597.867
17.540,113.477,0.104,4,5828.716,598.374
17.550,113.500,0.104,4,5829.889,598.882
17.560,113.523,0.104,4,5831.062,599.389
17.570,113.546,0.104,4,5832.234,599.897
17.580,113.569,0.104,4,5833.406,600.404
17.590,113.591,0.104,4,5834.578,600.912
17.600,113.614,0.104,4,5835.749,601.420
17.610,113.637,0.104,4,5836.920,601.928
17.620,113.660,0.104,4,5838.090,602.436
17.630,113.683,0.104,4,5839.260,602.944
17.640,113.705,0.104,4,5840.430,603.452
17.650,113.728,0.104,4,5841.599,603.961
17.660,113.751,0.104,4,5842.768,604.469
17.670,113.774,0.104,4,5843.936,604.978
17.680,113.796,0.104,4,5845.104,605.486
17.690,113.819,0.104,4,5846.272,605.995
17.700,113.842,0.104,4,5847.439,606.504
17.710,113.864,0.103,4,5848.606,607.013
17.720,113.887,0.103,4,5849.773,607.522
17.730,113.910,0.103,4,5850.939,608.031
17.740,113.933,0.103,4,5852.104,608.540
17.750,113.955,0.103,4,5853.269,609.050
17.760,113.978,0.103,4,5854.434,609.559
17.770,114.001,0.103,4,5855.599,610.069
17.780,114.023,0.103,4,5856.763,610.578
17.790,114.046,0.103,4,5857.926,611.088
17.800,114.069,0.103,4,5859.089,611.598
17.810,114.091,0.103,4,5860.252,612.108
17.820,114.114,0.103,4,5861.415,612.618
17.830,114.136,0.103,4,5862.577,613.128
17.840,114.159,0.103,4,5863.738,613.639
17.850,114.182,0.103,4,5864.899,614.149
17.860,114.204,0.103,4,5866.060,614.660
17.870,114.227,0.103,4,5867.221,615.170
17.880,114.249,0.103,4,5868.381,615.681
17.890,114.272,0.103,4,5869.540,616.192
17.900,114.295,0.103,4,5870.699,616.702
17.910,114.317,0.103,4,5871.858,617.213
17.920,114.340,0.103,4,5873.017,617.725
17.930,114.362,0.103,4,5874.175,618.236
17.940,114.385,0.103,4,5875.332,618.747
17.950,114.407,0.103,4,5876.489,619.258
17.960,114.430,0.103,4,5877.646,619.770
17.970,114.452,0.103,4,5878.803,620.282
17.980,114.475,0.103,4,5879.959,620.793
17.990,114.497,0.102,4,5881.114,621.305
18.000,114.520,0.102,4,5882.269,621.817
18.010,114.542,0.102,4,5883.424,622.329
18.020,114.565,0.102,4,5884.579,622.841
18.030,114.587,0.102,4,5885.733,623.353
18.040,114.610,0.102,4,5886.886,623.866
18.050,114.632,0.102,4,5888.039,624.378
18.060,114.655,0.102,4,5889.192,624.890
18.070,114.677,0.102,4,5890.344,625.403
18.080,114.699,0.102,4,5891.496,625.916
18.090,114.722,0.102,4,5892.648,626.429
18.100,114.744,0.102,4,5893.799,626.941
18.110,114.767,0.102,4,5894.950,627.454
18.120,114.789,0.102,4,5896.100,627.968
18.130,114.811,0.102,4,5897.250,628.481
18.140,114.834,0.102,4,5898.400,628.994
18.150,114.856,0.102,4,5899.549,629.507
18.160,114.879,0.102,4,5900.698,630.021
18.170,114.901,0.102,4,5901.846,630.535
18.180,114.923,0.102,4,5902.994,631.048
18.190,114.946,0.102,4,5904.142,631.562
18.200,114.968,0.102,4,5905.289,632.076
18.210,114.990,0.102,4,5906.436,632.590
18.220,115.013,0.102,4,5907.582,633.104
18.230,115.035,0.102,4,5908.728,633.618
18.240,115.057,0.102,4,5909.874,634.133
18.250,115.080,0.102,4,5911.019,634.647
18.260,115.102,0.102,4,5912.164,635.161
18.270,115.124,0.101,4,5913.309,635.676
18.280,115.146,0.101,4,5914.453,636.191
18.290,115.169,0.101,4,5915.596,636.706
18.300,115.191,0.101,4,5916.739,637.220
18.310,115.213,0.101,4,5917.882,637.735
18.320,115.235,0.101,4,5919.025,638.251
18.330,115.258,0.101,4,5920.167,638.766
18.340,115.280,0.101,4,5921.308,639.281
18.350,115.302,0.101,4,5922.449,639.796
18.360,115.324,0.101,4,5923.590,640.312
18.370,115.347,0.101,4,5924.731,640.828
18.380,115.369,0.101,4,5925.871,641.343
18.390,115.391,0.101,4,5927.010,641.859
18.400,115.413,0.101,4,5928.150,642.375
18.410,115.435,0.101,4,5929.288,642.891
18.420,115.457,0.101,4,5930.427,643.407
18.430,115.480,0.101,4,5931.565,643.923
18.440,115.502,0.101,4,5932.703,644.439
18.450,115.524,0.101,4,5933.840,644.956
18.460,115.546,0.101,4,5934.977,645.472
18.470,115.568,0.101,4,5936.113,645.989
18.480,115.590,0.101,4,5937.249,646.506
18.490,115.612,0.101,4,5938.385,647.022
18.500,115.634,0.101,4,5939.520,647.539
18.510,115.657,0.101,4,5940.655,648.056
18.520,115.679,0.101,4,5941.789,648.573
18.530,115.701,0.101,4,5942.924,649.091
18.540,115.723,0.101,4,5944.057,649.608
18.550,115.745,0.101,4,5945.191,650.125
18.560,115.767,0.100,4,5946.323,650.643
18.570,115.789,0.100,4,5947.456,651.160
18.580,115.811,0.100,4,5948.588,651.678
18.590,115.833,0.100,4,5949.720,652.196
18.600,115.855,0.100,4,5950.851,652.714
18.610,115.877,0.100,4,5951.982,653.231
18.620,115.899,0.100,4,5953.112,653.750
18.630,115.921,0.100,4,5954.242,654.268
18.640,115.943,0.100,4,5955.372,654.786
18.650,115.965,0.100,4,5956.502,655.304
18.660,115.987,0.100,4,5957.630,655.823
18.670,116.009,0.100,4,5958.759,656.341
18.680,116.031,0.100,4,5959.887,656.860
18.690,116.053,0.100,4,5961.015,657.379
18.700,116.075,0.100,4,5962.142,657.898
18.710,116.097,0.100,4,5963.269,658.417
18.720,116.119,0.100,4,5964.396,658.936
18.730,116.141,0.100,4,5965.522,659.455
18.740,116.163,0.100,4,5966.648,659.974
18.750,116.184,0.100,4,5967.773,660.493
18.760,116.206,0.100,4,5968.898,661.013
18.770,116.228,0.100,4,5970.022,661.532
18.780,116.250,0.100,4,5971.147,662.052
18.790,116.272,0.100,4,5972.270,662.572
18.800,116.294,0.100,4,5973.394,663.092
18.810,116.316,0.100,4,5974.517,663.611
18.820,116.338,0.100,4,5975.639,664.131
18.830,116.359,0.100,4,5976.762,664.652
18.840,116.381,0.099,4,5977.883,665.172
18.850,116.403,0.099,4,5979.005,665.692
18.860,116.425,0.099,4,5980.126,666.213
18.870,116.447,0.099,4,5981.246,666.733
18.880,116.469,0.099,4,5982.367,667.254
18.890,116.490,0.099,4,5983.486,667.774
18.900,116.512,0.099,4,5984.606,668.295
18.910,116.534,0.099,4,5985.725,668.816
18.920,116.556,0.099,4,5986.844,669.337
18.930,116.578,0.099,4,5987.962,669.858
18.940,116.599,0.099,4,5989.080,670.379
18.950,116.621,0.099,4,5990.197,670.901
18.960,116.643,0.099,4,5991.314,671.422
18.970,116.665,0.099,4,5992.431,671.944
18.980,116.686,0.099,4,5993.547,672.465
18.990,116.708,0.099,4,5994.663,672.987
19.000,116.730,0.099,4,5995.779,673.509
19.010,116.751,0.099,4,5996.894,674.030
19.020,116.773,0.099,4,5998.008,674.552
19.030,116.795,0.099,4,5999.123,675.075
19.040,116.817,0.099,4,6000.237,675.597
19.050,116.838,0.099,4,6001.350,676.119
19.060,116.860,0.099,4,6002.463,676.641
19.070,116.882,0.099,4,6003.576,677.164
19.080,116.903,0.099,4,6004.688,677.686
19.090,116.925,0.099,4,6005.800,678.209
19.100,116.946,0.099,4,6006.912,678.732
19.110,116.968,0.099,4,6008.023,679.255
19.120,116.990,0.099,4,6009.134,679.778
19.130,117.011,0.098,4,6010.244,680.301
19.140,117.033,0.098,4,6011.354,680.824
19.150,117.055,0.098,4,6012.464,681.347
19.160,117.076,0.098,4,6013.573,681.870
19.170,117.098,0.098,4,6014.682,682.394
19.180,117.119,0.098,4,6015.790,682.917
19.190,117.141,0.098,4,6016.898,683.441
19.200,117.162,0.098,4,6018.006,683.965
19.210,117.184,0.098,4,6019.113,684.488
19.220,117.206,0.098,4,6020.220,685.012
19.230,117.227,0.098,4,6021.326,685.536
19.240,117.249,0.098,4,6022.432,686.060
19.250,117.270,0.098,4,6023.538,686.585
19.260,117.292,0.098,4,6024.643,687.109
19.270,117.313,0.098,4,6025.748,687.633
19.280,117.335,0.098,4,6026.853,688.158
19.290,117.356,0.098,4,6027.957,688.682
19.300,117.378,0.098,4,6029.061,689.207
19.310,117.399,0.098,4,6030.164,689.732
19.320,117.421,0.098,4,6031.267,690.257
19.330,117.442,0.098,4,6032.369,690.782
19.340,117.464,0.098,4,6033.472,691.307
19.350,117.485,0.098,4,6034.573,691.832
19.360,117.506,0.098,4,6035.675,692.357
19.370,117.528,0.098,4,6036.776,692.882
19.380,117.549,0.098,4,6037.876,693.408
19.390,117.571,0.098,4,6038.976,693.933
19.400,117.592,0.098,4,6040.076,694.459
19.410,117.614,0.098,4,6041.176,694.985
19.420,117.635,0.097,4,6042.275,695.511
19.430,117.656,0.097,4,6043.373,696.036
19.440,117.678,0.097,4,6044.471,696.563
19.450,117.699,0.097,4,6045.569,697.089
19.460,117.720,0.097,4,6046.667,697.615
19.470,117.742,0.097,4,6047.764,698.141
19.480,117.763,0.097,4,6048.860,698.668
19.490,117.784,0.097,4,6049.957,699.194
19.500,117.806,0.097,4,6051.053,699.721
19.510,117.827,0.097,4,6052.148,700.247
19.520,117.848,0.097,4,6053.243,700.774
19.530,117.870,0.097,4,6054.338,701.301
19.540,117.891,0.097,4,6055.432,701.828
19.550,117.912,0.097,4,6056.526,702.355
19.560,117.934,0.097,4,6057.620,702.882
19.570,117.955,0.097,4,6058.713,703.409
19.580,117.976,0.097,4,6059.806,703.937
19.590,117.997,0.097,4,6060.898,704.464
19.600,118.019,0.097,4,6061.990,704.992
19.610,118.040,0.097,4,6063.082,705.519
19.620,118.061,0.097,4,6064.173,706.047
19.630,118.082,0.097,4,6065.264,706.575
19.640,118.104,0.097,4,6066.354,707.103
19.650,118.125,0.097,4,6067.444,707.631
19.660,118.146,0.097,4,6068.534,708.159
19.670,118.167,0.097,4,6069.623,708.687
19.680,118.189,0.097,4,6070.712,709.216
19.690,118.210,0.097,4,6071.800,709.744
19.700,118.231,0.096,4,6072.889,710.272
19.710,118.252,0.096,4,6073.976,710.801
19.720,118.273,0.096,4,6075.064,711.330
19.730,118.294,0.096,4,6076.151,711.858
19.740,118.316,0.096,4,6077.237,712.387
19.750,118.337,0.096,4,6078.323,712.916
19.760,118.358,0.096,4,6079.409,713.445
19.770,118.379,0.096,4,6080.494,713.974
19.780,118.400,0.096,4,6081.579,714.504
19.790,118.421,0.096,4,6082.664,715.033
19.800,118.442,0.096,4,6083.748,715.563
19.810,118.463,0.096,4,6084.832,716.092
19.820,118.485,0.096,4,6085.915,716.622
19.830,118.506,0.096,4,6086.998,717.151
19.840,118.527,0.096,4,6088.081,717.681
19.850,118.548,0.096,4,6089.163,718.211
19.860,118.569,0.096,4,6090.245,718.741
19.870,118.590,0.096,4,6091.327,719.271
19.880,118.611,0.096,4,6092.408,719.801
19.890,118.632,0.096,4,6093.489,720.332
19.900,118.653,0.096,4,6094.569,720.862
19.910,118.674,0.096,4,6095.649,721.393
19.920,118.695,0.096,4,6096.728,721.923
19.930,118.716,0.096,4,6097.807,722.454
19.940,118.737,0.096,4,6098.886,722.985
19.950,118.758,0.096,4,6099.965,723.515
19.960,118.779,0.096,4,6101.043,724.046
19.970,118.800,0.096,4,6102.120,724.577
19.980,118.821,0.096,4,6103.198,725.108
19.990,118.842,0.096,4,6104.274,725.640
20.000,118.863,0.095,4,6105.351,726.171
20.010,118.884,0.095,4,6106.427,726.702
20.020,118.905,0.095,4,6107.503,727.234
20.030,118.926,0.095,4,6108.578,727.766
20.040,118.947,0.095,4,6109.653,728.297
20.050,118.968,0.095,4,6110.727,728.829
20.060,118.989,0.095,4,6111.801,729.361
20.070,119.009,0.095,4,6112.875,729.893
20.080,119.030,0.095,4,6113.949,730.425
20.090,119.051,0.095,4,6115.021,730.957
20.100,119.072,0.095,4,6116.094,731.489
20.110,119.093,0.095,4,6117.166,732.022
20.120,119.114,0.095,4,6118.238,732.554
20.130,119.135,0.095,4,6119.310,733.087
20.140,119.156,0.095,4,6120.381,733.619
20.150,119.176,0.095,4,6121.451,734.152
20.160,119.197,0.095,4,6122.521,734.685
20.170,119.218,0.095,4,6123.591,735.218
20.180,119.239,0.095,4,6124.661,735.751
20.190,119.260,0.095,4,6125.730,736.284
20.200,119.280,0.095,4,6126.799,736.817
20.210,119.301,0.095,4,6127.867,737.350
20.220,119.322,0.095,4,6128.935,737.884
20.230,119.343,0.095,4,6130.003,738.417
20.240,119.364,0.095,4,6131.070,738.951
20.250,119.384,0.095,4,6132.137,739.484
20.260,119.405,0.095,4,6133.203,740.018
20.270,119.426,0.095,4,6134.269,740.552
20.280,119.447,0.095,4,6135.335,741.086
20.290,119.467,0.094,4,6136.400,741.620
20.300,119.488,0.094,4,6137.465,742.154
20.310,119.509,0.094,4,6138.529,742.688
20.320,119.530,0.094,4,6139.593,743.222
20.330,119.550,0.094,4,6140.657,743.757
20.340,119.571,0.094,4,6141.720,744.291
20.350,119.592,0.094,4,6142.783,744.826
20.360,119.612,0.094,4,6143.846,745.361
20.370,119.633,0.094,4,6144.908,745.895
20.380,119.654,0.094,4,6145.970,746.430
20.390,119.674,0.094,4,6147.031,746.965
20.400,119.695,0.094,4,6148.092,747.500
20.410,119.716,0.094,4,6149.153,748.035
20.420,119.736,0.094,4,6150.213,748.571
20.430,119.757,0.094,4,6151.273,749.106
20.440,119.778,0.094,4,6152.333,749.641
20.450,119.798,0.094,4,6153.392,750.177
20.460,119.819,0.094,4,6154.451,750.712
20.470,119.839,0.094,4,6155.509,751.248
20.480,119.860,0.094,4,6156.567,751.784
20.490,119.881,0.094,4,6157.624,752.320
20.500,119.901,0.094,4,6158.682,752.856
20.510,119.922,0.094,4,6159.738,753.392
20.520,119.942,0.094,4,6160.795,753.928
20.530,119.963,0.094,4,6161.851,754.464
20.540,119.983,0.094,4,6162.907,755.000
20.550,120.004,0.094,4,6163.962,755.537
20.560,120.025,0.094,4,6165.017,756.073
20.570,120.045,0.094,4,6166.071,756.610
20.580,120.066,0.093,4,6167.125,757.147
20.590,120.086,0.093,4,6168.179,757.683
20.600,120.107,0.093,4,6169.233,758.220
20.610,120.127,0.093,4,6170.286,758.757
20.620,120.148,0.093,4,6171.338,759.294
20.630,120.168,0.093,4,6172.390,759.831
20.640,120.189,0.093,4,6173.442,760.369
20.650,120.209,0.093,4,6174.494,760.906
20.660,120.230,0.093,4,6175.545,761.443
20.670,120.250,0.093,4,6176.595,761.981
20.680,120.270,0.093,4,6177.646,762.519
20.690,120.291,0.093,4,6178.696,763.056
20.700,120.311,0.093,4,6179.745,763.594
20.710,120.332,0.093,4,6180.794,764.132
20.720,120.352,0.093,4,6181.843,764.670
20.730,120.373,0.093,4,6182.892,765.208
20.740,120.393,0.093,4,6183.940,765.746
20.750,120.413,0.093,4,6184.987,766.284
20.760,120.434,0.093,4,6186.034,766.823
20.770,120.454,0.093,4,6187.081,767.361
20.780,120.474,0.093,4,6188.128,767.900
20.790,120.495,0.093,4,6189.174,768.438
20.800,120.515,0.093,4,6190.220,768.977
20.810,120.536,0.093,4,6191.265,769.516
20.820,120.556,0.093,4,6192.310,770.055
20.830,120.576,0.093,4,6193.355,770.594
20.840,120.597,0.093,4,6194.399,771.133
20.850,120.617,0.093,4,6195.443,771.672
20.860,120.637,0.093,4,6196.486,772.211
20.870,120.658,0.093,4,6197.529,772.751
20.880,120.678,0.092,4,6198.572,773.290
20.890,120.698,0.092,4,6199.614,773.829
20.900,120.718,0.092,4,6200.656,774.369
20.910,120.739,0.092,4,6201.698,774.909
20.920,120.759,0.092,4,6202.739,775.449
20.930,120.779,0.092,4,6203.779,775.988
20.940,120.799,0.092,4,6204.820,776.528
20.950,120.820,0.092,4,6205.860,777.068
20.960,120.840,0.092,4,6206.900,777.609
20.970,120.860,0.092,4,6207.939,778.149
20.980,120.880,0.092,4,6208.978,778.689
20.990,120.901,0.092,4,6210.016,779.230
21.000,120.921,0.092,4,6211.054,779.770
21.010,120.941,0.092,4,6212.092,780.311
21.020,120.961,0.092,4,6213.129,780.851
21.030,120.981,0.092,4,6214.166,781.392
21.040,121.002,0.092,4,6215.203,781.933
21.050,121.022,0.092,4,6216.239,782.474
21.060,121.042,0.092,4,6217.275,783.015
21.070,121.062,0.092,4,6218.311,783.556
21.080,121.082,0.092,4,6219.346,784.098
21.090,121.102,0.092,4,6220.380,784.639
21.100,121.123,0.092,4,6221.415,785.180
21.110,121.143,0.092,4,6222.449,785.722
21.120,121.163,0.092,4,6223.482,786.263
21.130,121.183,0.092,4,6224.515,786.805
21.140,121.203,0.092,4,6225.548,787.347
21.150,121.223,0.092,4,6226.581,787.889
21.160,121.243,0.092,4,6227.613,788.431
21.170,121.263,0.091,4,6228.644,788.973
21.180,121.283,0.091,4,6229.676,789.515
21.190,121.303,0.091,4,6230.707,790.057
21.200,121.324,0.091,4,6231.737,790.599
21.210,121.344,0.091,4,6232.767,791.142
21.220,121.364,0.091,4,6233.797,791.684
21.230,121.384,0.091,4,6234.826,792.227
21.240,121.404,0.091,4,6235.855,792.770
21.250,121.424,0.091,4,6236.884,793.312
21.260,121.444,0.091,4,6237.912,793.855
21.270,121.464,0.091,4,6238.940,794.398
21.280,121.484,0.091,4,6239.968,794.941
21.290,121.504,0.091,4,6240.995,795.484
21.300,121.524,0.091,4,6242.022,796.028
21.310,121.544,0.091,4,6243.048,796.571
21.320,121.564,0.091,4,6244.074,797.114
21.330,121.584,0.091,4,6245.100,797.658
21.340,121.604,0.091,4,6246.125,798.201
21.350,121.624,0.091,4,6247.150,798.745
21.360,121.644,0.091,4,6248.174,799.289
21.370,121.663,0.091,4,6249.199,799.833
21.380,121.683,0.091,4,6250.222,800.377
21.390,121.703,0.091,4,6251.246,800.921
21.400,121.723,0.091,4,6252.269,801.465
21.410,121.743,0.091,4,6253.291,802.009
21.420,121.763,0.091,4,6254.314,802.553
21.430,121.783,0.091,4,6255.335,803.097
21.440,121.803,0.091,4,6256.357,803.642
21.450,121.823,0.091,4,6257.378,804.187
21.460,121.843,0.091,4,6258.399,804.731
21.470,121.862,0.090,4,6259.419,805.276
21.480,121.882,0.090,4,6260.439,805.821
21.490,121.902,0.090,4,6261.459,806.366
21.500,121.922,0.090,4,6262.478,806.911
21.510,121.942,0.090,4,6263.497,807.456
21.520,121.962,0.090,4,6264.515,808.001
21.530,121.981,0.090,4,6265.533,808.546
21.540,122.001,0.090,4,6266.551,809.091
21.550,122.021,0.090,4,6267.568,809.637
21.560,122.041,0.090,4,6268.585,810.182
21.570,122.061,0.090,4,6269.602,810.728
21.580,122.080,0.090,4,6270.618,811.274
21.590,122.100,0.090,4,6271.634,811.820
21.600,122.120,0.090,4,6272.650,812.365
21.610,122.140,0.090,4,6273.665,812.911
21.620,122.160,0.090,4,6274.679,813.457
21.630,122.179,0.090,4,6275.694,814.004
21.640,122.199,0.090,4,6276.708,814.550
21.650,122.219,0.090,4,6277.721,815.096
21.660,122.238,0.090,4,6278.735,815.643
21.670,122.258,0.090,4,6279.748,816.189
21.680,122.278,0.090,4,6280.760,816.736
21.690,122.298,0.090,4,6281.772,817.282
21.700,122.317,0.090,4,6282.784,817.829
21.710,122.337,0.090,4,6283.795,818.376
21.720,122.357,0.090,4,6284.806,818.923
21.730,122.376,0.090,4,6285.817,819.470
21.740,122.396,0.090,4,6286.827,820.017
21.750,122.416,0.090,4,6287.837,820.564
21.760,122.435,0.090,4,6288.846,821.111
21.770,122.455,0.089,4,6289.855,821.659
21.780,122.475,0.089,4,6290.864,822.206
21.790,122.494,0.089,4,6291.873,822.754
21.800,122.514,0.089,4,6292.881,823.302
21.810,122.534,0.089,4,6293.888,823.849
21.820,122.553,0.089,4,6294.895,824.397
21.830,122.573,0.089,4,6295.902,824.945
21.840,122.592,0.089,4,6296.909,825.493
21.850,122.612,0.089,4,6297.915,826.041
21.860,122.631,0.089,4,6298.921,826.589
21.870,122.651,0.089,4,6299.926,827.137
21.880,122.671,0.089,4,6300.931,827.686
21.890,122.690,0.089,4,6301.936,828.234
21.900,122.710,0.089,4,6302.940,828.783
21.910,122.729,0.089,4,6303.944,829.331
21.920,122.749,0.089,4,6304.947,829.880
21.930,122.768,0.089,4,6305.951,830.429
21.940,122.788,0.089,4,6306.953,830.978
21.950,122.807,0.089,4,6307.956,831.527
21.960,122.827,0.089,4,6308.958,832.076
21.970,122.846,0.089,4,6309.959,832.625
21.980,122.866,0.089,4,6310.961,833.174
21.990,122.885,0.089,4,6311.962,833.723
22.000,122.905,0.089,4,6312.962,834.273
22.010,122.924,0.089,4,6313.962,834.822
22.020,122.944,0.089,4,6314.962,835.372
22.030,122.963,0.089,4,6315.962,835.921
22.040,122.983,0.089,4,6316.961,836.471
22.050,123.002,0.089,4,6317.959,837.021
22.060,123.022,0.089,4,6318.958,837.571
22.070,123.041,0.089,4,6319.956,838.121
22.080,123.060,0.088,4,6320.953,838.671
22.090,123.080,0.088,4,6321.950,839.221
22.100,123.099,0.088,4,6322.947,839.771
22.110,123.119,0.088,4,6323.944,840.322
22.120,123.138,0.088,4,6324.940,840.872
22.130,123.157,0.088,4,6325.935,841.423
22.140,123.177,0.088,4,6326.931,841.973
22.150,123.196,0.088,4,6327.926,842.524
22.160,123.216,0.088,4,6328.920,843.075
22.170,123.235,0.088,4,6329.915,843.626
22.180,123.254,0.088,4,6330.908,844.177
22.190,123.274,0.088,4,6331.902,844.728
22.200,123.293,0.088,4,6332.895,845.279
22.210,123.312,0.088,4,6333.888,845.830
22.220,123.332,0.088,4,6334.880,846.381
22.230,123.351,0.088,4,6335.872,846.933
22.240,123.370,0.088,4,6336.864,847.484
22.250,123.389,0.088,4,6337.855,848.036
22.260,123.409,0.088,4,6338.846,848.587
22.270,123.428,0.088,4,6339.836,849.139
22.280,123.447,0.088,4,6340.827,849.691
22.290,123.467,0.088,4,6341.816,850.243
22.300,123.486,0.088,4,6342.806,850.795
22.310,123.505,0.088,4,6343.795,851.347
22.320,123.524,0.088,4,6344.784,851.899
22.330,123.544,0.088,4,6345.772,852.451
22.340,123.563,0.088,4,6346.760,853.004
22.350,123.582,0.088,4,6347.747,853.556
22.360,123.601,0.088,4,6348.735,854.108
22.370,123.620,0.088,4,6349.721,854.661
22.380,123.640,0.087,4,6350.708,855.214
22.390,123.659,0.087,4,6351.694,855.767
22.400,123.678,0.087,4,6352.680,856.319
22.410,123.697,0.087,4,6353.665,856.872
22.420,123.716,0.087,4,6354.650,857.425
22.430,123.736,0.087,4,6355.635,857.978
22.440,123.755,0.087,4,6356.619,858.532
22.450,123.774,0.087,4,6357.603,859.085
22.460,123.793,0.087,4,6358.586,859.638
22.470,123.812,0.087,4,6359.570,860.192
22.480,123.831,0.087,4,6360.552,860.745
22.490,123.850,0.087,4,6361.535,861.299
22.500,123.870,0.087,4,6362.517,861.853
22.510,123.889,0.087,4,6363.498,862.406
22.520,123.908,0.087,4,6364.480,862.960
22.530,123.927,0.087,4,6365.461,863.514
22.540,123.946,0.087,4,6366.441,864.068
22.550,123.965,0.087,4,6367.422,864.622
22.560,123.984,0.087,4,6368.401,865.177
22.570,124.003,0.087,4,6369.381,865.731
22.580,124.022,0.087,4,6370.360,866.285
22.590,124.041,0.087,4,6371.339,866.840
22.600,124.060,0.087,4,6372.317,867.394
22.610,124.079,0.087,4,6373.295,867.949
22.620,124.098,0.087,4,6374.273,868.504
22.630,124.118,0.087,4,6375.250,869.058
22.640,124.137,0.087,4,6376.227,869.613
22.650,124.156,0.087,4,6377.203,870.168
22.660,124.175,0.087,4,6378.180,870.723
22.670,124.194,0.087,4,6379.155,871.279
22.680,124.213,0.087,4,6380.131,871.834
22.690,124.232,0.086,4,6381.106,872.389
22.700,124.250,0.086,4,6382.081,872.945
22.710,124.269,0.086,4,6383.055,873.500
22.720,124.288,0.086,4,6384.029,874.056
22.730,124.307,0.086,4,6385.002,874.611
22.740,124.326,0.086,4,6385.976,875.167
22.750,124.345,0.086,4,6386.949,875.723
22.760,124.364,0.086,4,6387.921,876.279
22.770,124.383,0.086,4,6388.893,876.835
22.780,124.402,0.086,4,6389.865,877.391
22.790,124.421,0.086,4,6390.836,877.947
22.800,124.440,0.086,4,6391.807,878.503
22.810,124.459,0.086,4,6392.778,879.060
22.820,124.478,0.086,4,6393.748,879.616
22.830,124.497,0.086,4,6394.718,880.172
22.840,124.515,0.086,4,6395.688,880.729
22.850,124.534,0.086,4,6396.657,881.286
22.860,124.553,0.086,4,6397.626,881.843
22.870,124.572,0.086,4,6398.595,882.399
22.880,124.591,0.086,4,6399.563,882.956
22.890,124.610,0.086,4,6400.530,883.513
22.900,124.629,0.086,4,6401.498,884.070
22.910,124.647,0.086,4,6402.465,884.628
22.920,124.666,0.086,4,6403.432,885.185
22.930,124.685,0.086,4,6404.398,885.742
22.940,124.704,0.086,4,6405.364,886.300
22.950,124.723,0.086,4,6406.329,886.857
22.960,124.741,0.086,4,6407.295,887.415
22.970,124.760,0.086,4,6408.259,887.972
22.980,124.779,0.086,4,6409.224,888.530
22.990,124.798,0.086,4,6410.188,889.088
23.000,124.816,0.085,4,6411.152,889.646
23.010,124.835,0.085,4,6412.115,890.204
23.020,124.854,0.085,4,6413.078,890.762
23.030,124.873,0.085,4,6414.041,891.320
23.040,124.891,0.085,4,6415.003,891.879
23.050,124.910,0.085,4,6415.965,892.437
23.060,124.929,0.085,4,6416.927,892.995
23.070,124.948,0.085,4,6417.888,893.554
23.080,124.966,0.085,4,6418.849,894.112
23.090,124.985,0.085,4,6419.809,894.671
23.100,125.004,0.085,4,6420.769,895.230
23.110,125.022,0.085,4,6421.729,895.789
23.120,125.041,0.085,4,6422.688,896.348
23.130,125.060,0.085,4,6423.648,896.907
23.140,125.078,0.085,4,6424.606,897.466
23.150,125.097,0.085,4,6425.564,898.025
23.160,125.116,0.085,4,6426.522,898.584
23.170,125.134,0.085,4,6427.480,899.144
23.180,125.153,0.085,4,6428.437,899.703
23.190,125.172,0.085,4,6429.394,900.263
23.200,125.190,0.085,4,6430.351,900.822
23.210,125.209,0.085,4,6431.307,901.382
23.220,125.227,0.085,4,6432.262,901.942
23.230,125.246,0.085,4,6433.218,902.502
23.240,125.265,0.085,4,6434.173,903.062
23.250,125.283,0.085,4,6435.128,903.622
23.260,125.302,0.085,4,6436.082,904.182
23.270,125.320,0.085,4,6437.036,904.742
23.280,125.339,0.085,4,6437.989,905.302
23.290,125.358,0.085,4,6438.943,905.862
23.300,125.376,0.085,4,6439.896,906.423
23.310,125.395,0.084,4,6440.848,906.983
23.320,125.413,0.084,4,6441.800,907.544
23.330,125.432,0.084,4,6442.752,908.105
23.340,125.450,0.084,4,6443.704,908.666
23.350,125.469,0.084,4,6444.655,909.226
23.360,125.487,0.084,4,6445.605,909.787
23.370,125.506,0.084,4,6446.556,910.348
23.380,125.524,0.084,4,6447.506,910.909
23.390,125.543,0.084,4,6448.455,911.471
23.400,125.561,0.084,4,6449.405,912.032
23.410,125.580,0.084,4,6450.353,912.593
23.420,125.598,0.084,4,6451.302,913.155
23.430,125.617,0.084,4,6452.250,913.716
23.440,125.635,0.084,4,6453.198,914.278
23.450,125.653,0.084,4,6454.145,914.839
23.460,125.672,0.084,4,6455.093,915.401
23.470,125.690,0.084,4,6456.039,915.963
23.480,125.709,0.084,4,6456.986,916.525
23.490,125.727,0.084,4,6457.932,917.087
23.500,125.746,0.084,4,6458.877,917.649
23.510,125.764,0.084,4,6459.823,918.211
23.520,125.782,0.084,4,6460.768,918.774
23.530,125.801,0.084,4,6461.712,919.336
23.540,125.819,0.084,4,6462.656,919.898
23.550,125.838,0.084,4,6463.600,920.461
23.560,125.856,0.084,4,6464.544,921.023
23.570,125.874,0.084,4,6465.487,921.586
23.580,125.893,0.084,4,6466.430,922.149
23.590,125.911,0.084,4,6467.372,922.712
23.600,125.929,0.084,4,6468.314,923.275
23.610,125.948,0.084,4,6469.256,923.838
23.620,125.966,0.083,4,6470.197,924.401
23.630,125.984,0.083,4,6471.138,924.964
23.640,126.003,0.083,4,6472.079,925.527
23.650,126.021,0.083,4,6473.019,926.090
23.660,126.039,0.083,4,6473.959,926.654
23.670,126.058,0.083,4,6474.899,927.217
23.680,126.076,0.083,4,6475.838,927.781
23.690,126.094,0.083,4,6476.777,928.344
23.700,126.112,0.083,4,6477.715,928.908
23.710,126.131,0.083,4,6478.653,929.472
23.720,126.149,0.083,4,6479.591,930.036
23.730,126.167,0.083,4,6480.529,930.600
23.740,126.185,0.083,4,6481.466,931.164
23.750,126.204,0.083,4,6482.402,931.728
23.760,126.222,0.083,4,6483.339,932.292
23.770,126.240,0.083,4,6484.275,932.857
23.780,126.258,0.083,4,6485.210,933.421
23.790,126.276,0.083,4,6486.146,933.985
23.800,126.295,0.083,4,6487.081,934.550
23.810,126.313,0.083,4,6488.015,935.115
23.820,126.331,0.083,4,6488.949,935.679
23.830,126.349,0.083,4,6489.883,936.244
23.840,126.367,0.083,4,6490.817,936.809
23.850,126.386,0.083,4,6491.750,937.374
23.860,126.404,0.083,4,6492.683,937.939
23.870,126.422,0.083,4,6493.615,938.504
23.880,126.440,0.083,4,6494.547,939.069
23.890,126.458,0.083,4,6495.479,939.635
23.900,126.476,0.083,4,6496.410,940.200
23.910,126.494,0.083,4,6497.341,940.765
23.920,126.513,0.083,4,6498.272,941.331
23.930,126.531,0.083,4,6499.202,941.896
23.940,126.549,-0.125,5,4225.086,942.462
23.950,126.521,-0.125,5,4224.167,943.028
23.960,126.494,-0.125,5,4223.249,943.593
23.970,126.466,-0.125,5,4222.332,944.159
23.980,126.439,-0.125,5,4221.414,944.724
23.990,126.411,-0.125,5,4220.497,945.289
24.000,126.384,-0.125,5,4219.581,945.854
24.010,126.356,-0.125,5,4218.664,946.419
24.020,126.329,-0.125,5,4217.749,946.984
24.030,126.302,-0.125,5,4216.833,947.549
24.040,126.274,-0.125,5,4215.918,948.113
24.050,126.247,-0.125,5,4215.003,948.678
24.060,126.219,-0.125,5,4214.088,949.242
24.070,126.192,-0.125,5,4213.174,949.806
24.080,126.165,-0.125,5,4212.260,950.370
24.090,126.137,-0.125,5,4211.347,950.934
24.100,126.110,-0.125,5,4210.434,951.498
24.110,126.083,-0.125,5,4209.521,952.062
24.120,126.055,-0.124,5,4208.608,952.625
24.130,126.028,-0.124,5,4207.696,953.189
24.140,126.001,0.056,5,4206.785,953.752
24.150,126.013,0.056,5,4207.193,954.315
24.160,126.025,0.056,5,4207.601,954.879
24.170,126.037,0.056,5,4208.009,955.442
24.180,126.050,0.056,5,4208.416,956.006
24.190,126.062,0.056,5,4208.824,956.569
24.200,126.074,0.056,5,4209.231,957.133
24.210,126.086,0.056,5,4209.639,957.696
24.220,126.098,0.056,5,4210.046,958.260
24.230,126.111,0.056,5,4210.453,958.824
24.240,126.123,0.056,5,4210.860,959.387
24.250,126.135,0.055,5,4211.266,959.951
24.260,126.147,0.055,5,4211.673,960.515
24.270,126.159,0.055,5,4212.079,961.079
24.280,126.171,0.055,5,4212.485,961.643
24.290,126.184,0.055,5,4212.891,962.207
24.300,126.196,0.055,5,4213.297,962.771
24.310,126.208,0.055,5,4213.703,963.336
24.320,126.220,0.055,5,4214.108,963.900
24.330,126.232,0.055,5,4214.514,964.464
24.340,126.244,0.055,5,4214.919,965.028
24.350,126.256,0.055,5,4215.324,965.593
24.360,126.269,0.055,5,4215.729,966.157
24.370,126.281,0.055,5,4216.134,966.722
24.380,126.293,0.055,5,4216.538,967.286
24.390,126.305,0.055,5,4216.943,967.851
24.400,126.317,0.055,5,4217.347,968.416
24.410,126.329,0.055,5,4217.751,968.980
24.420,126.341,0.055,5,4218.155,969.545
24.430,126.353,0.055,5,4218.559,970.110
24.440,126.365,0.055,5,4218.963,970.675
24.450,126.377,0.055,5,4219.367,971.240
24.460,126.390,0.055,5,4219.770,971.805
24.470,126.402,0.055,5,4220.173,972.370
24.480,126.414,0.055,5,4220.576,972.935
24.490,126.426,0.055,5,4220.979,973.500
24.500,126.438,0.055,5,4221.382,974.065
24.510,126.450,0.055,5,4221.785,974.630
24.520,126.462,0.055,5,4222.187,975.196
24.530,126.474,0.055,5,4222.589,975.761
24.540,126.486,0.055,5,4222.992,976.326
24.550,126.498,0.055,5,4223.394,976.892
24.560,126.510,0.055,5,4223.795,977.457
24.570,126.522,0.055,5,4224.197,978.023
24.580,126.534,0.055,5,4224.599,978.589
24.590,126.546,0.037,5,4225.000,979.154
24.600,126.554,0.037,5,4225.269,979.720
24.610,126.562,0.037,5,4225.539,980.286
24.620,126.570,0.037,5,4225.808,980.852
24.630,126.578,0.037,5,4226.077,981.417
24.640,126.587,0.037,5,4226.345,981.983
24.650,126.595,0.037,5,4226.614,982.549
24.660,126.603,0.037,5,4226.883,983.115
24.670,126.611,0.037,5,4227.151,983.681
24.680,126.619,0.037,5,4227.420,984.247
24.690,126.627,0.037,5,4227.688,984.813
24.700,126.635,0.037,5,4227.956,985.379
24.710,126.643,0.037,5,4228.225,985.945
24.720,126.651,0.037,5,4228.493,986.512
24.730,126.659,0.037,5,4228.761,987.078
24.740,126.667,0.037,5,4229.028,987.644
24.750,126.675,0.037,5,4229.296,988.210
24.760,126.683,0.037,5,4229.564,988.777
24.770,126.691,0.037,5,4229.831,989.343
24.780,126.699,0.036,5,4230.099,989.909
24.790,126.707,0.036,5,4230.366,990.476
24.800,126.715,0.036,5,4230.633,991.042
24.810,126.723,0.036,5,4230.900,991.609
24.820,126.731,0.036,5,4231.167,992.175
24.830,126.739,0.036,5,4231.434,992.742
24.840,126.747,0.036,5,4231.701,993.308
24.850,126.755,0.036,5,4231.968,993.875
24.860,126.763,0.036,5,4232.235,994.442
24.870,126.771,0.036,5,4232.501,995.008
24.880,126.779,0.036,5,4232.767,995.575
24.890,126.787,0.036,5,4233.034,996.142
24.900,126.795,0.036,5,4233.300,996.709
24.910,126.803,0.036,5,4233.566,997.275
24.920,126.811,0.036,5,4233.832,997.842
24.930,126.819,0.036,5,4234.098,998.409
24.940,126.827,0.036,5,4234.364,998.976
24.950,126.835,0.036,5,4234.629,999.543
24.960,126.843,0.036,5,4234.895,1000.110
24.970,126.851,0.036,5,4235.161,1000.677
24.980,126.858,0.036,5,4235.426,1001.244
24.990,126.866,0.036,5,4235.691,1001.811
25.000,126.874,0.036,5,4235.956,1002.379
25.010,126.882,0.036,5,4236.221,1002.946
25.020,126.890,0.036,5,4236.486,1003.513
25.030,126.898,0.036,5,4236.751,1004.080
25.040,126.906,0.036,5,4237.016,1004.648
25.050,126.914,0.036,5,4237.281,1005.215
25.060,126.922,0.036,5,4237.545,1005.782
25.070,126.930,0.036,5,4237.810,1006.350
25.080,126.938,0.036,5,4238.074,1006.917
25.090,126.946,0.036,5,4238.338,1007.485
25.100,126.954,0.036,5,4238.603,1008.052
25.110,126.962,0.036,5,4238.867,1008.620
25.120,126.969,0.036,5,4239.131,1009.187
25.130,126.977,0.036,5,4239.395,1009.755
25.140,126.985,0.036,5,4239.658,1010.323
25.150,126.993,0.036,5,4239.922,1010.890
25.160,127.001,0.036,5,4240.185,1011.458
25.170,127.009,0.036,5,4240.449,1012.026
25.180,127.017,0.036,5,4240.712,1012.594
25.190,127.025,0.036,5,4240.976,1013.161
25.200,127.033,0.036,5,4241.239,1013.729
25.210,127.040,0.036,5,4241.502,1014.297
25.220,127.048,0.036,5,4241.765,1014.865
25.230,127.056,0.036,5,4242.028,1015.433
25.240,127.064,0.036,5,4242.290,1016.001
25.250,127.072,0.036,5,4242.553,1016.569
25.260,127.080,0.036,5,4242.816,1017.137
25.270,127.088,0.036,5,4243.078,1017.705
25.280,127.096,0.036,5,4243.340,1018.273
25.290,127.103,0.036,5,4243.603,1018.842
25.300,127.111,0.036,5,4243.865,1019.410
25.310,127.119,0.036,5,4244.127,1019.978
25.320,127.127,0.036,5,4244.389,1020.546
25.330,127.135,0.036,5,4244.651,1021.115
25.340,127.143,0.036,5,4244.912,1021.683
25.350,127.150,0.036,5,4245.174,1022.252
25.360,127.158,0.036,5,4245.435,1022.820
25.370,127.166,0.036,5,4245.697,1023.388
25.380,127.174,0.036,5,4245.958,1023.957
25.390,127.182,0.036,5,4246.219,1024.525
25.400,127.190,0.036,5,4246.481,1025.094
25.410,127.197,0.036,5,4246.742,1025.663
25.420,127.205,0.036,5,4247.003,1026.231
25.430,127.213,0.036,5,4247.263,1026.800
25.440,127.221,0.036,5,4247.524,1027.369
25.450,127.229,0.036,5,4247.785,1027.937
25.460,127.236,0.036,5,4248.045,1028.506
25.470,127.244,0.036,5,4248.306,1029.075
25.480,127.252,0.036,5,4248.566,1029.644
25.490,127.260,0.036,5,4248.826,1030.213
25.500,127.268,0.035,5,4249.086,1030.782
25.510,127.275,0.035,5,4249.347,1031.351
25.520,127.283,0.035,5,4249.606,1031.920
25.530,127.291,0.035,5,4249.866,1032.489
25.540,127.299,0.035,5,4250.126,1033.058
25.550,127.307,0.035,5,4250.386,1033.627
25.560,127.314,0.035,5,4250.645,1034.196
25.570,127.322,0.035,5,4250.905,1034.765
25.580,127.330,0.035,5,4251.164,1035.334
25.590,127.338,0.035,5,4251.423,1035.903
25.600,127.345,0.035,5,4251.682,1036.473
25.610,127.353,0.035,5,4251.941,1037.042
25.620,127.361,0.035,5,4252.200,1037.611
25.630,127.369,0.035,5,4252.459,1038.181
25.640,127.376,0.035,5,4252.718,1038.750
25.650,127.384,0.035,5,4252.977,1039.320
25.660,127.392,0.035,5,4253.235,1039.889
25.670,127.400,0.035,5,4253.494,1040.459
25.680,127.407,0.035,5,4253.752,1041.028
25.690,127.415,0.035,5,4254.010,1041.598
25.700,127.423,0.035,5,4254.268,1042.167
25.710,127.431,0.035,5,4254.526,1042.737
25.720,127.438,0.035,5,4254.784,1043.307
25.730,127.446,0.035,5,4255.042,1043.876
25.740,127.454,0.035,5,4255.300,1044.446
25.750,127.461,0.035,5,4255.557,1045.016
25.760,127.469,0.035,5,4255.815,1045.586
25.770,127.477,0.035,5,4256.072,1046.156
25.780,127.485,0.035,5,4256.330,1046.725
25.790,127.492,0.035,5,4256.587,1047.295
25.800,127.500,0.035,5,4256.844,1047.865
25.810,127.508,0.035,5,4257.101,1048.435
25.820,127.515,0.035,5,4257.358,1049.005
25.830,127.523,0.035,5,4257.615,1049.575
25.840,127.531,0.035,5,4257.872,1050.146
25.850,127.538,0.035,5,4258.128,1050.716
25.860,127.546,0.035,5,4258.385,1051.286
25.870,127.554,0.035,5,4258.641,1051.856
25.880,127.562,0.035,5,4258.898,1052.426
25.890,127.569,0.035,5,4259.154,1052.997
25.900,127.577,0.035,5,4259.410,1053.567
25.910,127.585,0.035,5,4259.666,1054.137
25.920,127.592,0.035,5,4259.922,1054.708
25.930,127.600,0.035,5,4260.178,1055.278
25.940,127.608,0.035,5,4260.434,1055.848
25.950,127.615,0.035,5,4260.689,1056.419
25.960,127.623,0.035,5,4260.945,1056.989
25.970,127.630,0.035,5,4261.201,1057.560
25.980,127.638,0.035,5,4261.456,1058.130
25.990,127.646,0.035,5,4261.711,1058.701
26.000,127.653,0.035,5,4261.966,1059.272
26.010,127.661,0.035,5,4262.221,1059.842
26.020,127.669,0.035,5,4262.476,1060.413
26.030,127.676,0.035,5,4262.731,1060.984
26.040,127.684,0.035,5,4262.986,1061.555
26.050,127.692,0.035,5,4263.241,1062.125
26.060,127.699,0.035,5,4263.495,1062.696
26.070,127.707,0.035,5,4263.750,1063.267
26.080,127.714,0.035,5,4264.004,1063.838
26.090,127.722,0.035,5,4264.258,1064.409
26.100,127.730,0.035,5,4264.513,1064.980
26.110,127.737,0.035,5,4264.767,1065.551
26.120,127.745,0.035,5,4265.021,1066.122
26.130,127.753,0.035,5,4265.275,1066.693
26.140,127.760,0.035,5,4265.528,1067.264
26.150,127.768,0.035,5,4265.782,1067.835
26.160,127.775,0.035,5,4266.036,1068.407
26.170,127.783,0.035,5,4266.289,1068.978
26.180,127.790,0.035,5,4266.543,1069.549
26.190,127.798,0.035,5,4266.796,1070.120
26.200,127.806,0.035,5,4267.049,1070.692
26.210,127.813,0.035,5,4267.302,1071.263
26.220,127.821,0.035,5,4267.555,1071.834
26.230,127.828,0.035,5,4267.808,1072.406
26.240,127.836,0.034,5,4268.061,1072.977
26.250,127.844,0.034,5,4268.314,1073.549
26.260,127.851,0.034,5,4268.566,1074.120
26.270,127.859,0.034,5,4268.819,1074.692
26.280,127.866,0.034,5,4269.071,1075.264
26.290,127.874,0.034,5,4269.324,1075.835
26.300,127.881,0.034,5,4269.576,1076.407
26.310,127.889,0.034,5,4269.828,1076.979
26.320,127.896,0.034,5,4270.080,1077.550
26.330,127.904,0.034,5,4270.332,1078.122
26.340,127.912,0.034,5,4270.584,1078.694
26.350,127.919,0.034,5,4270.835,1079.266
26.360,127.927,0.034,5,4271.087,1079.838
26.370,127.934,0.034,5,4271.339,1080.409
26.380,127.942,0.034,5,4271.590,1080.981
26.390,127.949,0.034,5,4271.841,1081.553
26.400,127.957,0.034,5,4272.093,1082.125
26.410,127.964,0.034,5,4272.344,1082.697
26.420,127.972,0.034,5,4272.595,1083.269
26.430,127.979,0.034,5,4272.846,1083.842
26.440,127.987,0.034,5,4273.097,1084.414
26.450,127.994,0.034,5,4273.347,1084.986
26.460,128.002,0.034,5,4273.598,1085.558
26.470,128.009,0.034,5,4273.849,1086.130
26.480,128.017,0.034,5,4274.099,1086.703
26.490,128.024,0.034,5,4274.350,1087.275
26.500,128.032,0.034,5,4274.600,1087.847
26.510,128.039,0.034,5,4274.850,1088.420
26.520,128.047,0.034,5,4275.100,1088.992
26.530,128.054,0.034,5,4275.350,1089.564
26.540,128.062,0.034,5,4275.600,1090.137
26.550,128.069,0.034,5,4275.850,1090.709
26.560,128.077,0.034,5,4276.100,1091.282
26.570,128.084,0.034,5,4276.349,1091.854
26.580,128.092,0.034,5,4276.599,1092.427
26.590,128.099,0.034,5,4276.848,1093.000
26.600,128.107,0.034,5,4277.097,1093.572
26.610,128.114,0.034,5,4277.347,1094.145
26.620,128.122,0.034,5,4277.596,1094.718
26.630,128.129,0.034,5,4277.845,1095.291
26.640,128.136,0.034,5,4278.094,1095.863
26.650,128.144,0.034,5,4278.343,1096.436
26.660,128.151,0.034,5,4278.591,1097.009
26.670,128.159,0.034,5,4278.840,1097.582
26.680,128.166,0.034,5,4279.088,1098.155
26.690,128.174,0.034,5,4279.337,1098.728
26.700,128.181,0.034,5,4279.585,1099.301
26.710,128.189,0.034,5,4279.834,1099.874
26.720,128.196,0.034,5,4280.082,1100.447
26.730,128.203,0.034,5,4280.330,1101.020
26.740,128.211,0.034,5,4280.578,1101.593
26.750,128.218,0.034,5,4280.826,1102.166
26.760,128.226,0.034,5,4281.073,1102.740
26.770,128.233,0.034,5,4281.321,1103.313
26.780,128.241,0.034,5,4281.569,1103.886
26.790,128.248,0.034,5,4281.816,1104.459
26.800,128.255,0.034,5,4282.063,1105.033
26.810,128.263,0.034,5,4282.311,1105.606
26.820,128.270,0.034,5,4282.558,1106.180
26.830,128.278,0.034,5,4282.805,1106.753
26.840,128.285,0.034,5,4283.052,1107.326
26.850,128.292,0.034,5,4283.299,1107.900
26.860,128.300,0.034,5,4283.546,1108.473
26.870,128.307,0.034,5,4283.793,1109.047
26.880,128.315,0.034,5,4284.039,1109.621
26.890,128.322,0.034,5,4284.286,1110.194
26.900,128.329,0.034,5,4284.532,1110.768
26.910,128.337,0.034,5,4284.778,1111.342
26.920,128.344,0.034,5,4285.025,1111.915
26.930,128.351,0.034,5,4285.271,1112.489
26.940,128.359,0.034,5,4285.517,1113.063
26.950,128.366,0.034,5,4285.763,1113.637
26.960,128.374,0.034,5,4286.009,1114.211
26.970,128.381,0.034,5,4286.254,1114.785
26.980,128.388,0.034,5,4286.500,1115.358
26.990,128.396,0.034,5,4286.746,1115.932
27.000,128.403,0.033,5,4286.991,1116.506
27.010,128.410,0.033,5,4287.237,1117.080
27.020,128.418,0.033,5,4287.482,1117.655
27.030,128.425,0.033,5,4287.727,1118.229
27.040,128.432,0.033,5,4287.972,1118.803
27.050,128.440,0.033,5,4288.217,1119.377
27.060,128.447,0.033,5,4288.462,1119.951
27.070,128.454,0.033,5,4288.707,1120.525
27.080,128.462,0.033,5,4288.952,1121.100
27.090,128.469,0.033,5,4289.196,1121.674
27.100,128.476,0.033,5,4289.441,1122.248
27.110,128.484,0.033,5,4289.685,1122.823
27.120,128.491,0.033,5,4289.929,1123.397
27.130,128.498,0.033,5,4290.174,1123.971
27.140,128.506,0.033,5,4290.418,1124.546
27.150,128.513,0.033,5,4290.662,1125.120
27.160,128.520,0.033,5,4290.906,1125.695
27.170,128.528,0.033,5,4291.150,1126.269
27.180,128.535,0.033,5,4291.393,1126.844
27.190,128.542,0.033,5,4291.637,1127.419
27.200,128.549,0.033,5,4291.881,1127.993
27.210,128.557,0.033,5,4292.124,1128.568
27.220,128.564,0.033,5,4292.368,1129.143
27.230,128.571,0.033,5,4292.611,1129.717
27.240,128.579,0.033,5,4292.854,1130.292
27.250,128.586,0.033,5,4293.097,1130.867
27.260,128.593,0.033,5,4293.340,1131.442
27.270,128.600,0.033,5,4293.583,1132.017
27.280,128.608,0.033,5,4293.826,1132.592
27.290,128.615,0.033,5,4294.069,1133.167
27.300,128.622,0.033,5,4294.311,1133.742
27.310,128.629,0.033,5,4294.554,1134.317
27.320,128.637,0.033,5,4294.796,1134.892
27.330,128.644,0.033,5,4295.039,1135.467
27.340,128.651,0.033,5,4295.281,1136.042
27.350,128.659,0.033,5,4295.523,1136.617
27.360,128.666,0.033,5,4295.765,1137.192
27.370,128.673,0.033,5,4296.007,1137.767
27.380,128.680,0.033,5,4296.249,1138.342
27.390,128.687,0.033,5,4296.491,1138.918
27.400,128.695,0.033,5,4296.732,1139.493
27.410,128.702,0.033,5,4296.974,1140.068
27.420,128.709,0.033,5,4297.216,1140.644
27.430,128.716,0.033,5,4297.457,1141.219
27.440,128.724,0.033,5,4297.698,1141.795
27.450,128.731,0.033,5,4297.939,1142.370
27.460,128.738,0.033,5,4298.181,1142.946
27.470,128.745,0.033,5,4298.422,1143.521
27.480,128.753,0.033,5,4298.663,1144.097
27.490,128.760,0.033,5,4298.903,1144.672
27.500,128.767,0.033,5,4299.144,1145.248
27.510,128.774,0.033,5,4299.385,1145.823
27.520,128.781,0.033,5,4299.625,1146.399
27.530,128.789,0.033,5,4299.866,1146.975
27.540,128.796,0.033,5,4300.106,1147.551
27.550,128.803,0.033,5,4300.347,1148.126
27.560,128.810,0.033,5,4300.587,1148.702
27.570,128.817,0.033,5,4300.827,1149.278
27.580,128.825,0.033,5,4301.067,1149.854
27.590,128.832,0.033,5,4301.307,1150.430
27.600,128.839,0.033,5,4301.547,1151.006
27.610,128.846,0.033,5,4301.786,1151.582
27.620,128.853,0.033,5,4302.026,1152.158
27.630,128.860,0.033,5,4302.265,1152.734
27.640,128.868,0.033,5,4302.505,1153.310
27.650,128.875,0.033,5,4302.744,1153.886
27.660,128.882,0.033,5,4302.983,1154.462
27.670,128.889,0.033,5,4303.223,1155.038
27.680,128.896,0.033,5,4303.462,1155.615
27.690,128.903,0.033,5,4303.701,1156.191
27.700,128.911,0.033,5,4303.940,1156.767
27.710,128.918,0.033,5,4304.178,1157.343
27.720,128.925,0.033,5,4304.417,1157.920
27.730,128.932,0.033,5,4304.656,1158.496
27.740,128.939,0.033,5,4304.894,1159.072
27.750,128.946,0.033,5,4305.133,1159.649
27.760,128.953,0.033,5,4305.371,1160.225
27.770,128.961,0.033,5,4305.609,1160.802
27.780,128.968,0.032,5,4305.847,1161.378
27.790,128.975,0.032,5,4306.085,1161.955
27.800,128.982,0.032,5,4306.323,1162.531
27.810,128.989,0.032,5,4306.561,1163.108
27.820,128.996,0.032,5,4306.799,1163.685
27.830,129.003,0.032,5,4307.037,1164.261
27.840,129.010,0.032,5,4307.274,1164.838
27.850,129.018,0.032,5,4307.512,1165.415
27.860,129.025,0.032,5,4307.749,1165.992
27.870,129.032,0.032,5,4307.986,1166.568
27.880,129.039,0.032,5,4308.223,1167.145
27.890,129.046,0.032,5,4308.461,1167.722
27.900,129.053,0.032,5,4308.698,1168.299
27.910,129.060,0.032,5,4308.935,1168.876
27.920,129.067,0.032,5,4309.171,1169.453
27.930,129.074,0.032,5,4309.408,1170.030
27.940,129.081,0.032,5,4309.645,1170.607
27.950,129.089,0.032,5,4309.881,1171.184
27.960,129.096,0.032,5,4310.118,1171.761
27.970,129.103,0.032,5,4310.354,1172.338
27.980,129.110,0.032,5,4310.590,1172.915
27.990,129.117,0.032,5,4310.827,1173.493
28.000,129.124,0.032,5,4311.063,1174.070
28.010,129.131,0.032,5,4311.299,1174.647
28.020,129.138,0.032,5,4311.535,1175.224
28.030,129.145,0.032,5,4311.771,1175.802
28.040,129.152,0.032,5,4312.006,1176.379
28.050,129.159,0.032,5,4312.242,1176.956
28.060,129.166,0.032,5,4312.477,1177.534
28.070,129.173,0.032,5,4312.713,1178.111
28.080,129.180,0.032,5,4312.948,1178.689
28.090,129.187,0.032,5,4313.184,1179.266
28.100,129.195,0.032,5,4313.419,1179.844
28.110,129.202,0.032,5,4313.654,1180.421
28.120,129.209,0.032,5,4313.889,1180.999
28.130,129.216,0.032,5,4314.124,1181.577
28.140,129.223,0.032,5,4314.359,1182.154
28.150,129.230,0.032,5,4314.593,1182.732
28.160,129.237,0.032,5,4314.828,1183.310
28.170,129.244,0.032,5,4315.062,1183.887
28.180,129.251,0.032,5,4315.297,1184.465
28.190,129.258,0.032,5,4315.531,1185.043
28.200,129.265,0.032,5,4315.765,1185.621
28.210,129.272,0.032,5,4316.000,1186.199
28.220,129.279,0.032,5,4316.234,1186.777
28.230,129.286,0.032,5,4316.468,1187.355
28.240,129.293,0.032,5,4316.702,1187.932
28.250,129.300,0.032,5,4316.935,1188.511
28.260,129.307,0.032,5,4317.169,1189.089
28.270,129.314,0.032,5,4317.403,1189.667
28.280,129.321,0.032,5,4317.636,1190.245
28.290,129.328,0.032,5,4317.870,1190.823
28.300,129.335,0.032,5,4318.103,1191.401
28.310,129.342,0.032,5,4318.336,1191.979
28.320,129.349,0.032,5,4318.569,1192.557
28.330,129.356,0.032,5,4318.803,1193.136
28.340,129.363,0.032,5,4319.036,1193.714
28.350,129.370,0.032,5,4319.268,1194.292
28.360,129.377,0.032,5,4319.501,1194.871
28.370,129.384,0.032,5,4319.734,1195.449
28.380,129.391,0.032,5,4319.967,1196.027
28.390,129.398,0.032,5,4320.199,1196.606
28.400,129.405,0.032,5,4320.432,1197.184
28.410,129.412,0.032,5,4320.664,1197.763
28.420,129.418,0.032,5,4320.896,1198.341
28.430,129.425,0.032,5,4321.128,1198.920
28.440,129.432,0.032,5,4321.360,1199.499
28.450,129.439,0.032,5,4321.592,1200.077
28.460,129.446,0.032,5,4321.824,1200.656
28.470,129.453,0.032,5,4322.056,1201.235
28.480,129.460,0.032,5,4322.288,1201.813
28.490,129.467,0.032,5,4322.519,1202.392
28.500,129.474,0.032,5,4322.751,1202.971
28.510,129.481,0.032,5,4322.982,1203.550
28.520,129.488,0.032,5,4323.214,1204.128
28.530,129.495,0.032,5,4323.445,1204.707
28.540,129.502,0.032,5,4323.676,1205.286
28.550,129.509,0.032,5,4323.907,1205.865
28.560,129.516,0.032,5,4324.138,1206.444
28.570,129.522,0.032,5,4324.369,1207.023
28.580,129.529,0.031,5,4324.600,1207.602
28.590,129.536,0.031,5,4324.831,1208.181
28.600,129.543,0.031,5,4325.061,1208.760
28.610,129.550,0.031,5,4325.292,1209.339
28.620,129.557,0.031,5,4325.522,1209.919
28.630,129.564,0.031,5,4325.753,1210.498
28.640,129.571,0.031,5,4325.983,1211.077
28.650,129.578,0.031,5,4326.213,1211.656
28.660,129.585,0.031,5,4326.443,1212.236
28.670,129.592,0.031,5,4326.673,1212.815
28.680,129.598,0.031,5,4326.903,1213.394
28.690,129.605,0.031,5,4327.133,1213.974
28.700,129.612,0.031,5,4327.362,1214.553
28.710,129.619,0.031,5,4327.592,1215.132
28.720,129.626,0.031,5,4327.822,1215.712
28.730,129.633,0.031,5,4328.051,1216.291
28.740,129.640,0.031,5,4328.280,1216.871
28.750,129.647,0.031,5,4328.510,1217.450
28.760,129.653,0.031,5,4328.739,1218.030
28.770,129.660,0.031,5,4328.968,1218.610
28.780,129.667,0.031,5,4329.197,1219.189
28.790,129.674,0.031,5,4329.426,1219.769
28.800,129.681,0.031,5,4329.655,1220.349
28.810,129.688,0.031,5,4329.883,1220.928
28.820,129.695,0.031,5,4330.112,1221.508
28.830,129.701,0.031,5,4330.341,1222.088
28.840,129.708,0.031,5,4330.569,1222.668
28.850,129.715,0.031,5,4330.798,1223.248
28.860,129.722,0.031,5,4331.026,1223.828
28.870,129.729,0.031,5,4331.254,1224.407
28.880,129.736,0.031,5,4331.482,1224.987
28.890,129.742,0.031,5,4331.710,1225.567
28.900,129.749,0.031,5,4331.938,1226.147
28.910,129.756,0.031,5,4332.166,1226.727
28.920,129.763,0.031,5,4332.394,1227.308
28.930,129.770,0.031,5,4332.621,1227.888
28.940,129.776,0.031,5,4332.849,1228.468
28.950,129.783,0.031,5,4333.076,1229.048
28.960,129.790,0.031,5,4333.304,1229.628
28.970,129.797,0.031,5,4333.531,1230.208
28.980,129.804,0.031,5,4333.758,1230.789
28.990,129.811,0.031,5,4333.985,1231.369
29.000,129.817,0.031,5,4334.212,1231.949
29.010,129.824,0.031,5,4334.439,1232.530
29.020,129.831,0.031,5,4334.666,1233.110
29.030,129.838,0.031,5,4334.893,1233.690
29.040,129.844,0.031,5,4335.120,1234.271
29.050,129.851,0.031,5,4335.346,1234.851
29.060,129.858,0.031,5,4335.573,1235.432
29.070,129.865,0.031,5,4335.799,1236.012
29.080,129.872,0.031,5,4336.025,1236.593
29.090,129.878,0.031,5,4336.252,1237.173
29.100,129.885,0.031,5,4336.478,1237.754
29.110,129.892,0.031,5,4336.704,1238.335
29.120,129.899,0.031,5,4336.930,1238.915
29.130,129.905,0.031,5,4337.156,1239.496
29.140,129.912,0.031,5,4337.382,1240.077
29.150,129.919,0.031,5,4337.607,1240.658
29.160,129.926,0.031,5,4337.833,1241.238
29.170,129.933,0.031,5,4338.058,1241.819
29.180,129.939,0.031,5,4338.284,1242.400
29.190,129.946,0.031,5,4338.509,1242.981
29.200,129.953,0.031,5,4338.734,1243.562
29.210,129.960,0.031,5,4338.960,1244.143
29.220,129.966,0.031,5,4339.185,1244.724
29.230,129.973,0.031,5,4339.410,1245.305
29.240,129.980,0.031,5,4339.635,1245.886
29.250,129.986,0.031,5,4339.859,1246.467
29.260,129.993,0.031,5,4340.084,1247.048
29.270,130.000,0.031,5,4340.309,1247.629
29.280,130.007,0.031,5,4340.533,1248.210
29.290,130.013,0.031,5,4340.758,1248.792
29.300,130.020,0.031,5,4340.982,1249.373
29.310,130.027,0.031,5,4341.206,1249.954
29.320,130.034,0.031,5,4341.431,1250.535
29.330,130.040,0.031,5,4341.655,1251.117
29.340,130.047,0.031,5,4341.879,1251.698
29.350,130.054,0.031,5,4342.103,1252.279
29.360,130.060,0.031,5,4342.326,1252.861
29.370,130.067,0.031,5,4342.550,1253.442
29.380,130.074,0.031,5,4342.774,1254.024
29.390,130.080,0.031,5,4342.997,1254.605
29.400,130.087,0.030,5,4343.221,1255.187
29.410,130.094,0.030,5,4343.444,1255.768
29.420,130.101,0.030,5,4343.668,1256.350
29.430,130.107,0.030,5,4343.891,1256.932
29.440,130.114,0.030,5,4344.114,1257.513
29.450,130.121,0.030,5,4344.337,1258.095
29.460,130.127,0.030,5,4344.560,1258.677
29.470,130.134,0.030,5,4344.783,1259.258
29.480,130.141,0.030,5,4345.006,1259.840
29.490,130.147,0.030,5,4345.228,1260.422
29.500,130.154,0.030,5,4345.451,1261.004
29.510,130.161,0.030,5,4345.674,1261.586
29.520,130.167,0.030,5,4345.896,1262.167
29.530,130.174,0.030,5,4346.118,1262.749
29.540,130.181,0.030,5,4346.341,1263.331
29.550,130.187,0.030,5,4346.563,1263.913
29.560,130.194,0.030,5,4346.785,1264.495
29.570,130.201,0.030,5,4347.007,1265.077
29.580,130.207,0.030,5,4347.229,1265.659
29.590,130.214,0.030,5,4347.451,1266.241
29.600,130.220,0.030,5,4347.672,1266.824
29.610,130.227,0.030,5,4347.894,1267.406
29.620,130.234,0.030,5,4348.116,1267.988
29.630,130.240,0.030,5,4348.337,1268.570
29.640,130.247,0.030,5,4348.558,1269.152
29.650,130.254,0.030,5,4348.780,1269.735
29.660,130.260,0.030,5,4349.001,1270.317
29.670,130.267,0.030,5,4349.222,1270.899
29.680,130.274,0.030,5,4349.443,1271.482
29.690,130.280,0.030,5,4349.664,1272.064
29.700,130.287,0.030,5,4349.885,1272.646
29.710,130.293,0.030,5,4350.106,1273.229
29.720,130.300,0.030,5,4350.326,1273.811
29.730,130.307,0.030,5,4350.547,1274.394
29.740,130.313,0.030,5,4350.768,1274.976
29.750,130.320,0.030,5,4350.988,1275.559
29.760,130.326,0.030,5,4351.208,1276.142
29.770,130.333,0.030,5,4351.429,1276.724
29.780,130.340,0.030,5,4351.649,1277.307
29.790,130.346,0.030,5,4351.869,1277.890
29.800,130.353,0.030,5,4352.089,1278.472
29.810,130.359,0.030,5,4352.309,1279.055
29.820,130.366,0.030,5,4352.529,1279.638
29.830,130.373,0.030,5,4352.748,1280.221
29.840,130.379,0.030,5,4352.968,1280.803
29.850,130.386,0.030,5,4353.188,1281.386
29.860,130.392,0.030,5,4353.407,1281.969
29.870,130.399,0.030,5,4353.626,1282.552
29.880,130.405,0.030,5,4353.846,1283.135
29.890,130.412,0.030,5,4354.065,1283.718
29.900,130.419,0.030,5,4354.284,1284.301
29.910,130.425,0.030,5,4354.503,1284.884
29.920,130.432,0.030,5,4354.722,1285.467
29.930,130.438,0.030,5,4354.941,1286.050
29.940,130.445,0.030,5,4355.160,1286.633
29.950,130.451,0.030,5,4355.378,1287.216
29.960,130.458,0.030,5,4355.597,1287.800
29.970,130.464,0.030,5,4355.816,1288.383
29.980,130.471,0.030,5,4356.034,1288.966
29.990,130.477,0.030,5,4356.252,1289.549
30.000,130.484,0.030,5,4356.471,1290.133
30.010,130.491,0.030,5,4356.689,1290.716
30.020,130.497,0.030,5,4356.907,1291.299
30.030,130.504,0.030,5,4357.125,1291.883
30.040,130.510,0.030,5,4357.343,1292.466
30.050,130.517,0.030,5,4357.561,1293.050
30.060,130.523,0.030,5,4357.778,1293.633
30.070,130.530,0.030,5,4357.996,1294.217
30.080,130.536,0.030,5,4358.214,1294.800
30.090,130.543,0.030,5,4358.431,1295.384
30.100,130.549,0.030,5,4358.649,1295.967
30.110,130.556,0.030,5,4358.866,1296.551
30.120,130.562,0.030,5,4359.083,1297.135
30.130,130.569,0.030,5,4359.300,1297.718
30.140,130.575,0.030,5,4359.517,1298.302
30.150,130.582,0.030,5,4359.734,1298.886
30.160,130.588,0.030,5,4359.951,1299.469
30.170,130.595,0.030,5,4360.168,1300.053
30.180,130.601,0.030,5,4360.385,1300.637
30.190,130.608,0.030,5,4360.601,1301.221
30.200,130.614,0.030,5,4360.818,1301.805
30.210,130.621,0.030,5,4361.034,1302.389
30.220,130.627,0.030,5,4361.251,1302.973
30.230,130.634,0.030,5,4361.467,1303.557
30.240,130.640,0.029,5,4361.683,1304.141
30.250,130.647,0.029,5,4361.900,1304.725
30.260,130.653,0.029,5,4362.116,1305.309
30.270,130.660,0.029,5,4362.331,1305.893
30.280,130.666,0.029,5,4362.547,1306.477
30.290,130.672,0.029,5,4362.763,1307.061
30.300,130.679,0.029,5,4362.979,1307.645
30.310,130.685,0.029,5,4363.194,1308.229
30.320,130.692,0.029,5,4363.410,1308.814
30.330,130.698,0.029,5,4363.625,1309.398
30.340,130.705,0.029,5,4363.841,1309.982
30.350,130.711,0.029,5,4364.056,1310.567
30.360,130.718,0.029,5,4364.271,1311.151
30.370,130.724,0.029,5,4364.486,1311.735
30.380,130.731,0.029,5,4364.701,1312.320
30.390,130.737,0.029,5,4364.916,1312.904
30.400,130.743,0.029,5,4365.131,1313.489
30.410,130.750,0.029,5,4365.346,1314.073
30.420,130.756,0.029,5,4365.561,1314.658
30.430,130.763,0.029,5,4365.775,1315.242
30.440,130.769,0.029,5,4365.990,1315.827
30.450,130.776,0.029,5,4366.204,1316.411
30.460,130.782,0.029,5,4366.418,1316.996
30.470,130.788,0.029,5,4366.633,1317.581
30.480,130.795,0.029,5,4366.847,1318.165
30.490,130.801,0.029,5,4367.061,1318.750
30.500,130.808,0.029,5,4367.275,1319.335
30.510,130.814,0.029,5,4367.489,1319.919
30.520,130.820,0.029,5,4367.703,1320.504
30.530,130.827,0.029,5,4367.916,1321.089
30.540,130.833,0.029,5,4368.130,1321.674
30.550,130.840,0.029,5,4368.344,1322.259
30.560,130.846,0.029,5,4368.557,1322.844
30.570,130.852,0.029,5,4368.771,1323.429
30.580,130.859,0.029,5,4368.984,1324.014
30.590,130.865,0.029,5,4369.197,1324.599
30.600,130.872,0.029,5,4369.410,1325.184
30.610,130.878,0.029,5,4369.623,1325.769
30.620,130.884,0.029,5,4369.836,1326.354
30.630,130.891,0.029,5,4370.049,1326.939
30.640,130.897,0.029,5,4370.262,1327.524
30.650,130.903,0.029,5,4370.475,1328.109
30.660,130.910,0.029,5,4370.687,1328.695
30.670,130.916,0.029,5,4370.900,1329.280
30.680,130.923,0.029,5,4371.113,1329.865
30.690,130.929,0.029,5,4371.325,1330.450
30.700,130.935,0.029,5,4371.537,1331.036
30.710,130.942,0.029,5,4371.749,1331.621
30.720,130.948,0.029,5,4371.962,1332.206
30.730,130.954,0.029,5,4372.174,1332.792
30.740,130.961,0.029,5,4372.386,1333.377
30.750,130.967,0.029,5,4372.598,1333.963
30.760,130.973,0.029,5,4372.809,1334.548
30.770,130.980,0.029,5,4373.021,1335.134
30.780,130.986,0.029,5,4373.233,1335.719
30.790,130.992,0.029,5,4373.444,1336.305
30.800,130.999,0.029,5,4373.656,1336.890
30.810,131.005,0.029,5,4373.867,1337.476
30.820,131.011,0.029,5,4374.078,1338.062
30.830,131.018,0.029,5,4374.290,1338.647
30.840,131.024,0.029,5,4374.501,1339.233
30.850,131.030,0.029,5,4374.712,1339.819
30.860,131.037,0.029,5,4374.923,1340.405
30.870,131.043,0.029,5,4375.134,1340.990
30.880,131.049,0.029,5,4375.344,1341.576
30.890,131.056,0.029,5,4375.555,1342.162
30.900,131.062,0.029,5,4375.766,1342.748
30.910,131.068,0.029,5,4375.976,1343.334
30.920,131.075,0.029,5,4376.187,1343.920
30.930,131.081,0.029,5,4376.397,1344.506
30.940,131.087,0.029,5,4376.608,1345.092
30.950,131.093,0.029,5,4376.818,1345.678
30.960,131.100,0.029,5,4377.028,1346.264
30.970,131.106,0.029,5,4377.238,1346.850
30.980,131.112,0.029,5,4377.448,1347.436
30.990,131.119,0.029,5,4377.658,1348.022
31.000,131.125,0.029,5,4377.868,1348.608
31.010,131.131,0.029,5,4378.077,1349.195
31.020,131.137,0.029,5,4378.287,1349.781
31.030,131.144,0.029,5,4378.497,1350.367
31.040,131.150,0.029,5,4378.706,1350.953
31.050,131.156,0.029,5,4378.915,1351.540
31.060,131.163,0.029,5,4379.125,1352.126
31.070,131.169,0.029,5,4379.334,1352.712
31.080,131.175,0.029,5,4379.543,1353.299
31.090,131.181,0.029,5,4379.752,1353.885
31.100,131.188,0.029,5,4379.961,1354.472
31.110,131.194,0.028,5,4380.170,1355.058
31.120,131.200,0.028,5,4380.379,1355.645
31.130,131.206,0.028,5,4380.587,1356.231
31.140,131.213,0.028,5,4380.796,1356.818
31.150,131.219,0.028,5,4381.005,1357.404
31.160,131.225,0.028,5,4381.213,1357.991
31.170,131.231,0.028,5,4381.422,1358.577
31.180,131.238,0.028,5,4381.630,1359.164
31.190,131.244,0.028,5,4381.838,1359.751
31.200,131.250,0.028,5,4382.046,1360.338
31.210,131.256,0.028,5,4382.254,1360.924
31.220,131.262,0.028,5,4382.462,1361.511
31.230,131.269,0.028,5,4382.670,1362.098
31.240,131.275,0.028,5,4382.878,1362.685
31.250,131.281,0.028,5,4383.086,1363.272
31.260,131.287,0.028,5,4383.293,1363.858
31.270,131.294,0.028,5,4383.501,1364.445
31.280,131.300,0.028,5,4383.708,1365.032
31.290,131.306,0.028,5,4383.916,1365.619
31.300,131.312,0.028,5,4384.123,1366.206
31.310,131.318,0.028,5,4384.330,1366.793
31.320,131.325,0.028,5,4384.538,1367.380
31.330,131.331,0.028,5,4384.745,1367.968
31.340,131.337,0.028,5,4384.952,1368.555
31.350,131.343,0.028,5,4385.158,1369.142
31.360,131.349,0.028,5,4385.365,1369.729
31.370,131.356,0.028,5,4385.572,1370.316
31.380,131.362,0.028,5,4385.779,1370.903
31.390,131.368,0.028,5,4385.985,1371.491
31.400,131.374,0.028,5,4386.192,1372.078
31.410,131.380,0.028,5,4386.398,1372.665
31.420,131.387,0.028,5,4386.605,1373.253
31.430,131.393,0.028,5,4386.811,1373.840
31.440,131.399,0.028,5,4387.017,1374.427
31.450,131.405,0.028,5,4387.223,1375.015
31.460,131.411,0.028,5,4387.429,1375.602
31.470,131.417,0.028,5,4387.635,1376.190
31.480,131.424,0.028,5,4387.841,1376.777
31.490,131.430,0.028,5,4388.047,1377.365
31.500,131.436,0.028,5,4388.252,1377.952
31.510,131.442,0.028,5,4388.458,1378.540
31.520,131.448,0.028,5,4388.663,1379.127
31.530,131.454,0.028,5,4388.869,1379.715
31.540,131.461,0.028,5,4389.074,1380.303
31.550,131.467,0.028,5,4389.279,1380.890
31.560,131.473,0.028,5,4389.485,1381.478
31.570,131.479,0.028,5,4389.690,1382.066
31.580,131.485,0.028,5,4389.895,1382.654
31.590,131.491,0.028,5,4390.100,1383.241
31.600,131.497,0.028,5,4390.305,1383.829
31.610,131.504,0.028,5,4390.509,1384.417
31.620,131.510,0.028,5,4390.714,1385.005
31.630,131.516,0.028,5,4390.919,1385.593
31.640,131.522,0.028,5,4391.123,1386.181
31.650,131.528,0.028,5,4391.328,1386.769
31.660,131.534,0.028,5,4391.532,1387.357
31.670,131.540,0.028,5,4391.736,1387.945
31.680,131.546,0.028,5,4391.941,1388.533
31.690,131.552,0.028,5,4392.145,1389.121
31.700,131.559,0.028,5,4392.349,1389.709
31.710,131.565,0.028,5,4392.553,1390.297
31.720,131.571,0.028,5,4392.757,1390.885
31.730,131.577,0.028,5,4392.960,1391.474
31.740,131.583,0.028,5,4393.164,1392.062
31.750,131.589,0.028,5,4393.368,1392.650
31.760,131.595,0.028,5,4393.571,1393.238
31.770,131.601,0.028,5,4393.775,1393.827
31.780,131.607,0.028,5,4393.978,1394.415
31.790,131.614,0.028,5,4394.181,1395.003
31.800,131.620,0.028,5,4394.385,1395.592
31.810,131.626,0.028,5,4394.588,1396.180
31.820,131.632,0.028,5,4394.791,1396.768
31.830,131.638,0.028,5,4394.994,1397.357
31.840,131.644,0.028,5,4395.197,1397.945
31.850,131.650,0.028,5,4395.400,1398.534
31.860,131.656,0.028,5,4395.602,1399.122
31.870,131.662,0.028,5,4395.805,1399.711
31.880,131.668,0.028,5,4396.008,1400.300
31.890,131.674,0.028,5,4396.210,1400.888
31.900,131.680,0.028,5,4396.413,1401.477
31.910,131.686,0.028,5,4396.615,1402.066
31.920,131.692,0.028,5,4396.817,1402.654
31.930,131.699,0.028,5,4397.019,1403.243
31.940,131.705,0.028,5,4397.222,1403.832
31.950,131.711,0.028,5,4397.424,1404.421
31.960,131.717,0.028,5,4397.626,1405.009
31.970,131.723,0.028,5,4397.827,1405.598
31.980,131.729,0.028,5,4398.029,1406.187
31.990,131.735,0.028,5,4398.231,1406.776
32.000,131.741,0.028,5,4398.433,1407.365
32.010,131.747,0.027,5,4398.634,1407.954
32.020,131.753,0.027,5,4398.836,1408.543
32.030,131.759,0.027,5,4399.037,1409.132
32.040,131.765,0.027,5,4399.238,1409.721
32.050,131.771,0.027,5,4399.439,1410.310
32.060,131.777,0.027,5,4399.641,1410.899
32.070,131.783,0.027,5,4399.842,1411.488
32.080,131.789,0.027,5,4400.043,1412.077
32.090,131.795,0.027,5,4400.244,1412.666
32.100,131.801,0.027,5,4400.444,1413.256
32.110,131.807,0.027,5,4400.645,1413.845
32.120,131.813,0.027,5,4400.846,1414.434
32.130,131.819,0.027,5,4401.046,1415.023
32.140,131.825,0.027,5,4401.247,1415.613
32.150,131.831,0.027,5,4401.447,1416.202
32.160,131.837,0.027,5,4401.648,1416.791
32.170,131.843,0.027,5,4401.848,1417.381
32.180,131.849,0.027,5,4402.048,1417.970
32.190,131.855,0.027,5,4402.248,1418.559
32.200,131.861,0.027,5,4402.448,1419.149
32.210,131.867,0.027,5,4402.648,1419.738
32.220,131.873,0.027,5,4402.848,1420.328
32.230,131.879,0.027,5,4403.048,1420.917
32.240,131.885,0.027,5,4403.248,1421.507
32.250,131.891,0.027,5,4403.447,1422.097
32.260,131.897,0.027,5,4403.647,1422.686
32.270,131.903,0.027,5,4403.846,1423.276
32.280,131.909,0.027,5,4404.046,1423.866
32.290,131.915,0.027,5,4404.245,1424.455
32.300,131.921,0.027,5,4404.444,1425.045
32.310,131.927,0.027,5,4404.643,1425.635
32.320,131.933,0.027,5,4404.842,1426.225
32.330,131.939,0.027,5,4405.041,1426.814
32.340,131.945,0.027,5,4405.240,1427.404
32.350,131.951,0.027,5,4405.439,1427.994
32.360,131.957,0.027,5,4405.638,1428.584
32.370,131.963,0.027,5,4405.836,1429.174
32.380,131.969,0.027,5,4406.035,1429.764
32.390,131.974,0.027,5,4406.234,1430.354
32.400,131.980,0.027,5,4406.432,1430.944
32.410,131.986,0.027,5,4406.630,1431.534
32.420,131.992,0.027,5,4406.829,1432.124
32.430,131.998,0.027,5,4407.027,1432.714
32.440,132.004,0.027,5,4407.225,1433.304
32.450,132.010,0.027,5,4407.423,1433.894
32.460,132.016,0.027,5,4407.621,1434.484
32.470,132.022,0.027,5,4407.819,1435.074
32.480,132.028,0.027,5,4408.017,1435.665
32.490,132.034,0.027,5,4408.214,1436.255
32.500,132.040,0.027,5,4408.412,1436.845
32.510,132.046,0.027,5,4408.610,1437.435
32.520,132.052,0.027,5,4408.807,1438.026
32.530,132.057,0.027,5,4409.004,1438.616
32.540,132.063,0.027,5,4409.202,1439.206
32.550,132.069,0.027,5,4409.399,1439.797
32.560,132.075,0.027,5,4409.596,1440.387
32.570,132.081,0.027,5,4409.793,1440.978
32.580,132.087,0.027,5,4409.990,1441.568
32.590,132.093,0.027,5,4410.187,1442.159
32.600,132.099,0.027,5,4410.384,1442.749
32.610,132.105,0.027,5,4410.581,1443.340
32.620,132.111,0.027,5,4410.778,1443.930
32.630,132.116,0.027,5,4410.974,1444.521
32.640,132.122,0.027,5,4411.171,1445.111
32.650,132.128,0.027,5,4411.367,1445.702
32.660,132.134,0.027,5,4411.564,1446.293
32.670,132.140,0.027,5,4411.760,1446.883
32.680,132.146,0.027,5,4411.956,1447.474
32.690,132.152,0.027,5,4412.152,1448.065
32.700,132.158,0.027,5,4412.348,1448.656
32.710,132.164,0.027,5,4412.544,1449.247
32.720,132.169,0.027,5,4412.740,1449.837
32.730,132.175,0.027,5,4412.936,1450.428
32.740,132.181,0.027,5,4413.132,1451.019
32.750,132.187,0.027,5,4413.328,1451.610
32.760,132.193,0.027,5,4413.523,1452.201
32.770,132.199,0.027,5,4413.719,1452.792
32.780,132.205,0.027,5,4413.914,1453.383
32.790,132.210,0.027,5,4414.109,1453.974
32.800,132.216,0.027,5,4414.305,1454.565
32.810,132.222,0.027,5,4414.500,1455.156
32.820,132.228,0.027,5,4414.695,1455.747
32.830,132.234,0.027,5,4414.890,1456.338
32.840,132.240,0.027,5,4415.085,1456.929
32.850,132.245,0.027,5,4415.280,1457.521
32.860,132.251,0.027,5,4415.475,1458.112
32.870,132.257,0.027,5,4415.670,1458.703
32.880,132.263,0.027,5,4415.864,1459.294
32.890,132.269,0.027,5,4416.059,1459.886
32.900,132.275,0.027,5,4416.253,1460.477
32.910,132.280,0.027,5,4416.448,1461.068
32.920,132.286,0.027,5,4416.642,1461.660
32.930,132.292,0.027,5,4416.836,1462.251
32.940,132.298,0.026,5,4417.031,1462.842
32.950,132.304,0.026,5,4417.225,1463.434
32.960,132.310,0.026,5,4417.419,1464.025
32.970,132.315,0.026,5,4417.613,1464.617
32.980,132.321,0.026,5,4417.807,1465.208
32.990,132.327,0.026,5,4418.000,1465.800
33.000,132.333,0.026,5,4418.194,1466.391
33.010,132.339,0.026,5,4418.388,1466.983
33.020,132.344,0.026,5,4418.581,1467.575
33.030,132.350,0.026,5,4418.775,1468.166
33.040,132.356,0.026,5,4418.968,1468.758
33.050,132.362,0.026,5,4419.162,1469.350
33.060,132.367,0.026,5,4419.355,1469.941
33.070,132.373,0.026,5,4419.548,1470.533
33.080,132.379,0.026,5,4419.741,1471.125
33.090,132.385,0.026,5,4419.934,1471.717
33.100,132.391,0.026,5,4420.127,1472.308
33.110,132.396,0.026,5,4420.320,1472.900
33.120,132.402,0.026,5,4420.513,1473.492
33.130,132.408,0.026,5,4420.706,1474.084
33.140,132.414,0.026,5,4420.898,1474.676
33.150,132.419,0.026,5,4421.091,1475.268
33.160,132.425,0.026,5,4421.283,1475.860
33.170,132.431,0.026,5,4421.476,1476.452
33.180,132.437,0.026,5,4421.668,1477.044
33.190,132.443,0.026,5,4421.860,1477.636
33.200,132.448,0.026,5,4422.053,1478.228
33.210,132.454,0.026,5,4422.245,1478.820
33.220,132.460,0.026,5,4422.437,1479.412
33.230,132.466,0.026,5,4422.629,1480.005
33.240,132.471,0.026,5,4422.821,1480.597
33.250,132.477,0.026,5,4423.012,1481.189
33.260,132.483,0.026,5,4423.204,1481.781
33.270,132.489,0.026,5,4423.396,1482.373
33.280,132.494,0.026,5,4423.587,1482.966
33.290,132.500,0.026,5,4423.779,1483.558
33.300,132.506,0.026,5,4423.970,1484.150
33.310,132.511,0.026,5,4424.162,1484.743
33.320,132.517,0.026,5,4424.353,1485.335
33.330,132.523,0.026,5,4424.544,1485.928
33.340,132.529,0.026,5,4424.735,1486.520
33.350,132.534,0.026,5,4424.926,1487.112
33.360,132.540,0.026,5,4425.117,1487.705
33.370,132.546,0.026,5,4425.308,1488.298
33.380,132.552,0.026,5,4425.499,1488.890
33.390,132.557,0.026,5,4425.689,1489.483
33.400,132.563,0.026,5,4425.880,1490.075
33.410,132.569,0.026,5,4426.071,1490.668
33.420,132.574,0.026,5,4426.261,1491.260
33.430,132.580,0.026,5,4426.452,1491.853
33.440,132.586,0.026,5,4426.642,1492.446
33.450,132.591,0.026,5,4426.832,1493.039
33.460,132.597,0.026,5,4427.022,1493.631
33.470,132.603,0.026,5,4427.213,1494.224
33.480,132.609,0.026,5,4427.403,1494.817
33.490,132.614,0.026,5,4427.593,1495.410
33.500,132.620,0.026,5,4427.782,1496.003
33.510,132.626,0.026,5,4427.972,1496.595
33.520,132.631,0.026,5,4428.162,1497.188
33.530,132.637,0.026,5,4428.352,1497.781
33.540,132.643,0.026,5,4428.541,1498.374
33.550,132.648,0.026,5,4428.731,1498.967
33.560,132.654,0.026,5,4428.920,1499.560
33.570,132.660,0.026,5,4429.110,1500.153
33.580,132.665,0.026,5,4429.299,1500.746
33.590,132.671,0.026,5,4429.488,1501.339
33.600,132.677,0.026,5,4429.677,1501.932
33.610,132.682,0.026,5,4429.866,1502.526
33.620,132.688,0.026,5,4430.055,1503.119
33.630,132.694,0.026,5,4430.244,1503.712
33.640,132.699,0.026,5,4430.433,1504.305
33.650,132.705,0.026,5,4430.622,1504.898
33.660,132.711,0.026,5,4430.810,1505.492
33.670,132.716,0.026,5,4430.999,1506.085
33.680,132.722,0.026,5,4431.187,1506.678
33.690,132.728,0.026,5,4431.376,1507.272
33.700,132.733,0.026,5,4431.564,1507.865
33.710,132.739,0.026,5,4431.753,1508.458
33.720,132.744,0.026,5,4431.941,1509.052
33.730,132.750,0.026,5,4432.129,1509.645
33.740,132.756,0.026,5,4432.317,1510.239
33.750,132.761,0.026,5,4432.505,1510.832
33.760,132.767,0.026,5,4432.693,1511.426
33.770,132.773,0.026,5,4432.881,1512.019
33.780,132.778,0.026,5,4433.069,1512.613
33.790,132.784,0.026,5,4433.256,1513.206
33.800,132.789,0.026,5,4433.444,1513.800
33.810,132.795,0.026,5,4433.631,1514.393
33.820,132.801,0.026,5,4433.819,1514.987
33.830,132.806,0.026,5,4434.006,1515.581
33.840,132.812,0.026,5,4434.194,1516.175
33.850,132.818,0.026,5,4434.381,1516.768
33.860,132.823,0.026,5,4434.568,1517.362
33.870,132.829,0.026,5,4434.755,1517.956
33.880,132.834,0.026,5,4434.942,1518.550
33.890,132.840,0.026,5,4435.129,1519.143
33.900,132.846,0.025,5,4435.316,1519.737
33.910,132.851,0.025,5,4435.503,1520.331
33.920,132.857,0.025,5,4435.689,1520.925
33.930,132.862,0.025,5,4435.876,1521.519
33.940,132.868,0.025,5,4436.063,1522.113
33.950,132.874,0.025,5,4436.249,1522.707
33.960,132.879,0.025,5,4436.435,1523.301
33.970,132.885,0.025,5,4436.622,1523.895
33.980,132.890,0.025,5,4436.808,1524.489
33.990,132.896,0.025,5,4436.994,1525.083
34.000,132.901,0.025,5,4437.180,1525.677
34.010,132.907,0.025,5,4437.366,1526.271
34.020,132.913,0.025,5,4437.552,1526.866
34.030,132.918,0.025,5,4437.738,1527.460
34.040,132.924,0.025,5,4437.924,1528.054
34.050,132.929,0.025,5,4438.110,1528.648
34.060,132.935,0.025,5,4438.295,1529.242
34.070,132.940,0.025,5,4438.481,1529.837
34.080,132.946,0.025,5,4438.667,1530.431
34.090,132.951,0.025,5,4438.852,1531.025
34.100,132.957,0.025,5,4439.037,1531.620
34.110,132.963,0.025,5,4439.223,1532.214
34.120,132.968,0.025,5,4439.408,1532.809
34.130,132.974,0.025,5,4439.593,1533.403
34.140,132.979,0.025,5,4439.778,1533.997
34.150,132.985,0.025,5,4439.963,1534.592
34.160,132.990,0.025,5,4440.148,1535.186
34.170,132.996,0.025,5,4440.333,1535.781
34.180,133.001,0.025,5,4440.518,1536.376
34.190,133.007,0.025,5,4440.702,1536.970
34.200,133.012,0.025,5,4440.887,1537.565
34.210,133.018,0.025,5,4441.072,1538.159
34.220,133.023,0.025,5,4441.256,1538.754
34.230,133.029,0.025,5,4441.440,1539.349
34.240,133.035,0.025,5,4441.625,1539.943
34.250,133.040,0.025,5,4441.809,1540.538
34.260,133.046,0.025,5,4441.993,1541.133
34.270,133.051,0.025,5,4442.177,1541.728
34.280,133.057,0.025,5,4442.361,1542.322
34.290,133.062,0.025,5,4442.545,1542.917
34.300,133.068,0.025,5,4442.729,1543.512
34.310,133.073,0.025,5,4442.913,1544.107
34.320,133.079,0.025,5,4443.097,1544.702
34.330,133.084,0.025,5,4443.280,1545.297
34.340,133.090,0.025,5,4443.464,1545.892
34.350,133.095,0.025,5,4443.647,1546.487
34.360,133.101,0.025,5,4443.831,1547.082
34.370,133.106,0.025,5,4444.014,1547.677
34.380,133.112,0.025,5,4444.198,1548.272
34.390,133.117,0.025,5,4444.381,1548.867
34.400,133.123,0.025,5,4444.564,1549.462
34.410,133.128,0.025,5,4444.747,1550.057
34.420,133.134,0.025,5,4444.930,1550.652
34.430,133.139,0.025,5,4445.113,1551.247
34.440,133.144,0.025,5,4445.296,1551.843
34.450,133.150,0.025,5,4445.479,1552.438
34.460,133.155,0.025,5,4445.661,1553.033
34.470,133.161,0.025,5,4445.844,1553.628
34.480,133.166,0.025,5,4446.026,1554.224
34.490,133.172,0.025,5,4446.209,1554.819
34.500,133.177,0.025,5,4446.391,1555.414
34.510,133.183,0.025,5,4446.574,1556.010
34.520,133.188,0.025,5,4446.756,1556.605
34.530,133.194,0.025,5,4446.938,1557.200
34.540,133.199,0.025,5,4447.120,1557.796
34.550,133.205,0.025,5,4447.302,1558.391
34.560,133.210,0.025,5,4447.484,1558.987
34.570,133.215,0.025,5,4447.666,1559.582
34.580,133.221,0.025,5,4447.848,1560.178
34.590,133.226,0.025,5,4448.030,1560.773
34.600,133.232,0.025,5,4448.211,1561.369
34.610,133.237,0.025,5,4448.393,1561.965
34.620,133.243,0.025,5,4448.574,1562.560
34.630,133.248,0.025,5,4448.756,1563.156
34.640,133.254,0.025,5,4448.937,1563.752
34.650,133.259,0.025,5,4449.119,1564.347
34.660,133.264,0.025,5,4449.300,1564.943
34.670,133.270,0.025,5,4449.481,1565.539
34.680,133.275,0.025,5,4449.662,1566.135
34.690,133.281,0.025,5,4449.843,1566.730
34.700,133.286,0.025,5,4450.024,1567.326
34.710,133.292,0.025,5,4450.205,1567.922
34.720,133.297,0.025,5,4450.386,1568.518
34.730,133.302,0.025,5,4450.566,1569.114
34.740,133.308,0.025,5,4450.747,1569.710
34.750,133.313,0.025,5,4450.928,1570.306
34.760,133.319,0.025,5,4451.108,1570.902
34.770,133.324,0.025,5,4451.289,1571.498
34.780,133.329,0.025,5,4451.469,1572.094
34.790,133.335,0.025,5,4451.649,1572.690
34.800,133.340,0.025,5,4451.829,1573.286
34.810,133.346,0.025,5,4452.010,1573.882
34.820,133.351,0.025,5,4452.190,1574.478
34.830,133.356,0.025,5,4452.370,1575.074
34.840,133.362,0.025,5,4452.550,1575.670
34.850,133.367,0.025,5,4452.729,1576.267
34.860,133.373,0.025,5,4452.909,1576.863
34.870,133.378,0.025,5,4453.089,1577.459
34.880,133.383,0.025,5,4453.269,1578.055
34.890,133.389,0.024,5,4453.448,1578.652
34.900,133.394,0.024,5,4453.628,1579.248
34.910,133.399,0.024,5,4453.807,1579.844
34.920,133.405,0.024,5,4453.986,1580.441
34.930,133.410,0.024,5,4454.166,1581.037
34.940,133.416,0.024,5,4454.345,1581.633
34.950,133.421,0.024,5,4454.524,1582.230
34.960,133.426,0.024,5,4454.703,1582.826
34.970,133.432,0.024,5,4454.882,1583.423
34.980,133.437,0.024,5,4455.061,1584.019
34.990,133.442,0.024,5,4455.240,1584.616
35.000,133.448,0.024,5,4455.419,1585.212
35.010,133.453,0.024,5,4455.597,1585.809
35.020,133.458,0.024,5,4455.776,1586.406
35.030,133.464,0.024,5,4455.954,1587.002
35.040,133.469,0.024,5,4456.133,1587.599
35.050,133.474,0.024,5,4456.311,1588.195
35.060,133.480,0.024,5,4456.490,1588.792
35.070,133.485,0.024,5,4456.668,1589.389
35.080,133.490,0.024,5,4456.846,1589.986
35.090,133.496,0.024,5,4457.024,1590.582
35.100,133.501,0.024,5,4457.202,1591.179
35.110,133.506,0.024,5,4457.380,1591.776
35.120,133.512,0.024,5,4457.558,1592.373
35.130,133.517,0.024,5,4457.736,1592.970
35.140,133.522,0.024,5,4457.914,1593.567
35.150,133.528,0.024,5,4458.091,1594.163
35.160,133.533,0.024,5,4458.269,1594.760
35.170,133.538,0.024,5,4458.447,1595.357
35.180,133.544,0.024,5,4458.624,1595.954
35.190,133.549,0.024,5,4458.801,1596.551
35.200,133.554,0.024,5,4458.979,1597.148
35.210,133.560,0.024,5,4459.156,1597.745
35.220,133.565,0.024,5,4459.333,1598.343
35.230,133.570,0.024,5,4459.510,1598.940
35.240,133.576,0.024,5,4459.687,1599.537
35.250,133.581,0.024,5,4459.864,1600.134
35.260,133.586,0.024,5,4460.041,1600.731
35.270,133.591,0.024,5,4460.218,1601.328
35.280,133.597,0.024,5,4460.395,1601.925
35.290,133.602,0.024,5,4460.572,1602.523
35.300,133.607,0.024,5,4460.748,1603.120
35.310,133.613,0.024,5,4460.925,1603.717
35.320,133.618,0.024,5,4461.101,1604.315
35.330,133.623,0.024,5,4461.278,1604.912
35.340,133.628,0.024,5,4461.454,1605.509
35.350,133.634,0.024,5,4461.630,1606.107
35.360,133.639,0.024,5,4461.806,1606.704
35.370,133.644,0.024,5,4461.982,1607.302
35.380,133.650,0.024,5,4462.158,1607.899
35.390,133.655,0.024,5,4462.334,1608.496
35.400,133.660,0.024,5,4462.510,1609.094
35.410,133.665,0.024,5,4462.686,1609.691
35.420,133.671,0.024,5,4462.862,1610.289
35.430,133.676,0.024,5,4463.038,1610.887
35.440,133.681,0.024,5,4463.213,1611.484
35.450,133.686,0.024,5,4463.389,1612.082
35.460,133.692,0.024,5,4463.564,1612.679
35.470,133.697,0.024,5,4463.740,1613.277
35.480,133.702,0.024,5,4463.915,1613.875
35.490,133.707,0.024,5,4464.090,1614.473
35.500,133.713,0.024,5,4464.265,1615.070
35.510,133.718,0.024,5,4464.441,1615.668
35.520,133.723,0.024,5,4464.616,1616.266
35.530,133.728,0.024,5,4464.791,1616.864
35.540,133.734,0.024,5,4464.966,1617.461
35.550,133.739,0.024,5,4465.140,1618.059
35.560,133.744,0.024,5,4465.315,1618.657
35.570,133.749,0.024,5,4465.490,1619.255
35.580,133.755,0.024,5,4465.664,1619.853
35.590,133.760,0.024,5,4465.839,1620.451
35.600,133.765,0.024,5,4466.013,1621.049
35.610,133.770,0.024,5,4466.188,1621.647
35.620,133.775,0.024,5,4466.362,1622.245
35.630,133.781,0.024,5,4466.536,1622.843
35.640,133.786,0.024,5,4466.711,1623.441
35.650,133.791,0.024,5,4466.885,1624.039
35.660,133.796,0.024,5,4467.059,1624.637
35.670,133.802,0.024,5,4467.233,1625.235
35.680,133.807,0.024,5,4467.407,1625.833
35.690,133.812,0.024,5,4467.581,1626.432
35.700,133.817,0.024,5,4467.754,1627.030
35.710,133.822,0.024,5,4467.928,1627.628
35.720,133.828,0.024,5,4468.102,1628.226
35.730,133.833,0.024,5,4468.275,1628.825
35.740,133.838,0.024,5,4468.449,1629.423
35.750,133.843,0.024,5,4468.622,1630.021
35.760,133.848,0.024,5,4468.796,1630.620
35.770,133.854,0.024,5,4468.969,1631.218
35.780,133.859,0.024,5,4469.142,1631.816
35.790,133.864,0.024,5,4469.315,1632.415
35.800,133.869,0.024,5,4469.488,1633.013
35.810,133.874,0.024,5,4469.661,1633.612
35.820,133.879,0.024,5,4469.834,1634.210
35.830,133.885,0.024,5,4470.007,1634.809
35.840,133.890,0.024,5,4470.180,1635.407
35.850,133.895,0.024,5,4470.353,1636.006
35.860,133.900,0.024,5,4470.525,1636.604
35.870,133.905,0.024,5,4470.698,1637.203
35.880,133.910,0.024,5,4470.870,1637.802
35.890,133.916,0.024,5,4471.043,1638.400
35.900,133.921,0.024,5,4471.215,1638.999
35.910,133.926,0.024,5,4471.388,1639.598
35.920,133.931,0.023,5,4471.560,1640.196
35.930,133.936,0.023,5,4471.732,1640.795
35.940,133.941,0.023,5,4471.904,1641.394
35.950,133.947,0.023,5,4472.076,1641.993
35.960,133.952,0.023,5,4472.248,1642.591
35.970,133.957,0.023,5,4472.420,1643.190
35.980,133.962,0.023,5,4472.592,1643.789
35.990,133.967,0.023,5,4472.764,1644.388
36.000,133.972,0.023,5,4472.935,1644.987
36.010,133.977,0.023,5,4473.107,1645.586
36.020,133.983,0.023,5,4473.278,1646.185
36.030,133.988,0.023,5,4473.450,1646.784
36.040,133.993,0.023,5,4473.621,1647.383
36.050,133.998,0.023,5,4473.793,1647.982
36.060,134.003,0.023,5,4473.964,1648.581
36.070,134.008,0.023,5,4474.135,1649.180
36.080,134.013,0.023,5,4474.306,1649.779
36.090,134.019,0.023,5,4474.477,1650.378
36.100,134.024,0.023,5,4474.648,1650.977
36.110,134.029,0.023,5,4474.819,1651.576
36.120,134.034,0.023,5,4474.990,1652.175
36.130,134.039,0.023,5,4475.161,1652.775
36.140,134.044,0.023,5,4475.331,1653.374
36.150,134.049,0.023,5,4475.502,1653.973
36.160,134.054,0.023,5,4475.673,1654.572
36.170,134.059,0.023,5,4475.843,1655.172
36.180,134.065,0.023,5,4476.014,1655.771
36.190,134.070,0.023,5,4476.184,1656.370
36.200,134.075,0.023,5,4476.354,1656.970
36.210,134.080,0.023,5,4476.525,1657.569
36.220,134.085,0.023,5,4476.695,1658.168
36.230,134.090,0.023,5,4476.865,1658.768
36.240,134.095,0.023,5,4477.035,1659.367
36.250,134.100,0.023,5,4477.205,1659.967
36.260,134.105,0.023,5,4477.375,1660.566
36.270,134.110,0.023,5,4477.544,1661.166
36.280,134.115,0.023,5,4477.714,1661.765
36.290,134.121,0.023,5,4477.884,1662.365
36.300,134.126,0.023,5,4478.053,1662.964
36.310,134.131,0.023,5,4478.223,1663.564
36.320,134.136,0.023,5,4478.392,1664.164
36.330,134.141,0.023,5,4478.562,1664.763
36.340,134.146,0.023,5,4478.731,1665.363
36.350,134.151,0.023,5,4478.900,1665.963
36.360,134.156,0.023,5,4479.070,1666.562
36.370,134.161,0.023,5,4479.239,1667.162
36.380,134.166,0.023,5,4479.408,1667.762
36.390,134.171,0.023,5,4479.577,1668.362
36.400,134.176,0.023,5,4479.746,1668.961
36.410,134.181,0.023,5,4479.915,1669.561
36.420,134.186,0.023,5,4480.083,1670.161
36.430,134.191,0.023,5,4480.252,1670.761
36.440,134.197,0.023,5,4480.421,1671.361
36.450,134.202,0.023,5,4480.589,1671.961
36.460,134.207,0.023,5,4480.758,1672.561
36.470,134.212,0.023,5,4480.926,1673.161
36.480,134.217,0.023,5,4481.095,1673.761
36.490,134.222,0.023,5,4481.263,1674.361
36.500,134.227,0.023,5,4481.431,1674.961
36.510,134.232,0.023,5,4481.599,1675.561
36.520,134.237,0.023,5,4481.767,1676.161
36.530,134.242,0.023,5,4481.935,1676.761
36.540,134.247,0.023,5,4482.103,1677.361
36.550,134.252,0.023,5,4482.271,1677.961
36.560,134.257,0.023,5,4482.439,1678.561
36.570,134.262,0.023,5,4482.607,1679.162
36.580,134.267,0.023,5,4482.775,1679.762
36.590,134.272,0.023,5,4482.942,1680.362
36.600,134.277,0.023,5,4483.110,1680.962
36.610,134.282,0.023,5,4483.277,1681.563
36.620,134.287,0.023,5,4483.445,1682.163
36.630,134.292,0.023,5,4483.612,1682.763
36.640,134.297,0.023,5,4483.779,1683.364
36.650,134.302,0.023,5,4483.946,1683.964
36.660,134.307,0.023,5,4484.114,1684.564
36.670,134.312,0.023,5,4484.281,1685.165
36.680,134.317,0.023,5,4484.448,1685.765
36.690,134.322,0.023,5,4484.615,1686.366
36.700,134.327,0.023,5,4484.781,1686.966
36.710,134.332,0.023,5,4484.948,1687.567
36.720,134.337,0.023,5,4485.115,1688.167
36.730,134.342,0.023,5,4485.282,1688.768
36.740,134.347,0.023,5,4485.448,1689.368
36.750,134.352,0.023,5,4485.615,1689.969
36.760,134.357,0.023,5,4485.781,1690.570
36.770,134.362,0.023,5,4485.948,1691.170
36.780,134.367,0.023,5,4486.114,1691.771
36.790,134.372,0.023,5,4486.280,1692.372
36.800,134.377,0.023,5,4486.447,1692.972
36.810,134.382,0.023,5,4486.613,1693.573
36.820,134.387,0.023,5,4486.779,1694.174
36.830,134.392,0.023,5,4486.945,1694.774
36.840,134.397,0.023,5,4487.111,1695.375
36.850,134.402,0.023,5,4487.276,1695.976
36.860,134.407,0.023,5,4487.442,1696.577
36.870,134.412,0.023,5,4487.608,1697.178
36.880,134.417,0.023,5,4487.774,1697.779
36.890,134.422,0.023,5,4487.939,1698.380
36.900,134.427,0.023,5,4488.105,1698.981
36.910,134.432,0.023,5,4488.270,1699.581
36.920,134.437,0.023,5,4488.436,1700.182
36.930,134.442,0.023,5,4488.601,1700.783
36.940,134.446,0.023,5,4488.766,1701.384
36.950,134.451,0.023,5,4488.931,1701.985
36.960,134.456,0.023,5,4489.096,1702.587
36.970,134.461,0.023,5,4489.262,1703.188
36.980,134.466,0.023,5,4489.427,1703.789
36.990,134.471,0.023,5,4489.591,1704.390
37.000,134.476,0.022,5,4489.756,1704.991
37.010,134.481,0.022,5,4489.921,1705.592
37.020,134.486,0.022,5,4490.086,1706.193
37.030,134.491,0.022,5,4490.250,1706.795
37.040,134.496,0.022,5,4490.415,1707.396
37.050,134.501,0.022,5,4490.580,1707.997
37.060,134.506,0.022,5,4490.744,1708.598
37.070,134.511,0.022,5,4490.908,1709.200
37.080,134.516,0.022,5,4491.073,1709.801
37.090,134.520,0.022,5,4491.237,1710.402
37.100,134.525,0.022,5,4491.401,1711.004
37.110,134.530,0.022,5,4491.565,1711.605
37.120,134.535,0.022,5,4491.729,1712.207
37.130,134.540,0.022,5,4491.893,1712.808
37.140,134.545,0.022,5,4492.057,1713.409
37.150,134.550,0.022,5,4492.221,1714.011
37.160,134.555,0.022,5,4492.385,1714.612
37.170,134.560,0.022,5,4492.549,1715.214
37.180,134.565,0.022,5,4492.712,1715.815
37.190,134.570,0.022,5,4492.876,1716.417
37.200,134.574,0.022,5,4493.039,1717.019
37.210,134.579,0.022,5,4493.203,1717.620
37.220,134.584,0.022,5,4493.366,1718.222
37.230,134.589,0.022,5,4493.529,1718.824
37.240,134.594,0.022,5,4493.693,1719.425
37.250,134.599,0.022,5,4493.856,1720.027
37.260,134.604,0.022,5,4494.019,1720.629
37.270,134.609,0.022,5,4494.182,1721.230
37.280,134.614,0.022,5,4494.345,1721.832
37.290,134.618,0.022,5,4494.508,1722.434
37.300,134.623,0.022,5,4494.671,1723.036
37.310,134.628,0.022,5,4494.834,1723.638
37.320,134.633,0.022,5,4494.996,1724.239
37.330,134.638,0.022,5,4495.159,1724.841
37.340,134.643,0.022,5,4495.321,1725.443
37.350,134.648,0.022,5,4495.484,1726.045
37.360,134.653,0.022,5,4495.646,1726.647
37.370,134.657,0.022,5,4495.809,1727.249
37.380,134.662,0.022,5,4495.971,1727.851
37.390,134.667,0.022,5,4496.133,1728.453
37.400,134.672,0.022,5,4496.296,1729.055
37.410,134.677,0.022,5,4496.458,1729.657
37.420,134.682,0.022,5,4496.620,1730.259
37.430,134.687,0.022,5,4496.782,1730.861
37.440,134.691,0.022,5,4496.944,1731.463
37.450,134.696,0.022,5,4497.106,1732.065
37.460,134.701,0.022,5,4497.267,1732.668
37.470,134.706,0.022,5,4497.429,1733.270
37.480,134.711,0.022,5,4497.591,1733.872
37.490,134.716,0.022,5,4497.752,1734.474
37.500,134.720,0.022,5,4497.914,1735.076
37.510,134.725,0.022,5,4498.075,1735.679
37.520,134.730,0.022,5,4498.237,1736.281
37.530,134.735,0.022,5,4498.398,1736.883
37.540,134.740,0.022,5,4498.559,1737.486
37.550,134.745,0.022,5,4498.721,1738.088
37.560,134.749,0.022,5,4498.882,1738.690
37.570,134.754,0.022,5,4499.043,1739.293
37.580,134.759,0.022,5,4499.204,1739.895
37.590,134.764,0.022,5,4499.365,1740.498
37.600,134.769,0.022,5,4499.526,1741.100
37.610,134.774,0.022,5,4499.686,1741.703
37.620,134.778,0.022,5,4499.847,1742.305
37.630,134.783,0.022,5,4500.008,1742.908
37.640,134.788,0.022,5,4500.168,1743.510
37.650,134.793,0.022,5,4500.329,1744.113
37.660,134.798,0.022,5,4500.489,1744.715
37.670,134.802,0.022,5,4500.650,1745.318
37.680,134.807,0.022,5,4500.810,1745.921
37.690,134.812,0.022,5,4500.970,1746.523
37.700,134.817,0.022,5,4501.131,1747.126
37.710,134.822,0.022,5,4501.291,1747.729
37.720,134.826,0.022,5,4501.451,1748.331
37.730,134.831,0.022,5,4501.611,1748.934
37.740,134.836,0.022,5,4501.771,1749.537
37.750,134.841,0.022,5,4501.931,1750.140
37.760,134.846,0.022,5,4502.091,1750.742
37.770,134.850,0.022,5,4502.250,1751.345
37.780,134.855,0.022,5,4502.410,1751.948
37.790,134.860,0.022,5,4502.570,1752.551
37.800,134.865,0.022,5,4502.729,1753.154
37.810,134.869,0.022,5,4502.889,1753.757
37.820,134.874,0.022,5,4503.048,1754.360
37.830,134.879,0.022,5,4503.208,1754.963
37.840,134.884,0.022,5,4503.367,1755.566
37.850,134.889,0.022,5,4503.526,1756.169
37.860,134.893,0.022,5,4503.685,1756.772
37.870,134.898,0.022,5,4503.844,1757.375
37.880,134.903,0.022,5,4504.003,1757.978
37.890,134.908,0.022,5,4504.162,1758.581
37.900,134.912,0.022,5,4504.321,1759.184
37.910,134.917,0.022,5,4504.480,1759.787
37.920,134.922,0.022,5,4504.639,1760.390
37.930,134.927,0.022,5,4504.798,1760.993
37.940,134.931,0.022,5,4504.956,1761.596
37.950,134.936,0.022,5,4505.115,1762.200
37.960,134.941,0.022,5,4505.273,1762.803
37.970,134.946,0.022,5,4505.432,1763.406
37.980,134.950,0.022,5,4505.590,1764.009
37.990,134.955,0.022,5,4505.749,1764.613
38.000,134.960,0.022,5,4505.907,1765.216
38.010,134.965,0.022,5,4506.065,1765.819
38.020,134.969,0.022,5,4506.223,1766.423
38.030,134.974,0.022,5,4506.381,1767.026
38.040,134.979,0.022,5,4506.539,1767.629
38.050,134.984,0.022,5,4506.697,1768.233
38.060,134.988,0.022,5,4506.855,1768.836
38.070,134.993,0.022,5,4507.013,1769.440
38.080,134.998,0.022,5,4507.171,1770.043
38.090,135.002,0.022,5,4507.328,1770.647
38.100,135.007,0.022,5,4507.486,1771.250
38.110,135.012,0.021,5,4507.644,1771.854
38.120,135.017,0.021,5,4507.801,1772.457
38.130,135.021,0.021,5,4507.958,1773.061
38.140,135.026,0.021,5,4508.116,1773.665
38.150,135.031,0.021,5,4508.273,1774.268
38.160,135.035,0.021,5,4508.430,1774.872
38.170,135.040,0.021,5,4508.588,1775.476
38.180,135.045,0.021,5,4508.745,1776.079
38.190,135.050,0.021,5,4508.902,1776.683
38.200,135.054,0.021,5,4509.059,1777.287
38.210,135.059,0.021,5,4509.216,1777.890
38.220,135.064,0.021,5,4509.372,1778.494
38.230,135.068,0.021,5,4509.529,1779.098
38.240,135.073,0.021,5,4509.686,1779.702
38.250,135.078,0.021,5,4509.843,1780.306
38.260,135.082,0.021,5,4509.999,1780.910
38.270,135.087,0.021,5,4510.156,1781.513
38.280,135.092,0.021,5,4510.312,1782.117
38.290,135.097,0.021,5,4510.469,1782.721
38.300,135.101,0.021,5,4510.625,1783.325
38.310,135.106,0.021,5,4510.781,1783.929
38.320,135.111,0.021,5,4510.937,1784.533
38.330,135.115,0.021,5,4511.094,1785.137
38.340,135.120,0.021,5,4511.250,1785.741
38.350,135.125,0.021,5,4511.406,1786.345
38.360,135.129,0.021,5,4511.562,1786.949
38.370,135.134,0.021,5,4511.718,1787.553
38.380,135.139,0.021,5,4511.873,1788.158
38.390,135.143,0.021,5,4512.029,1788.762
38.400,135.148,0.021,5,4512.185,1789.366
38.410,135.153,0.021,5,4512.341,1789.970
38.420,135.157,0.021,5,4512.496,1790.574
38.430,135.162,0.021,5,4512.652,1791.178
38.440,135.167,0.021,5,4512.807,1791.783
38.450,135.171,0.021,5,4512.962,1792.387
38.460,135.176,0.021,5,4513.118,1792.991
38.470,135.181,0.021,5,4513.273,1793.595
38.480,135.185,0.021,5,4513.428,1794.200
38.490,135.190,0.021,5,4513.583,1794.804
38.500,135.194,0.021,5,4513.738,1795.408
38.510,135.199,0.021,5,4513.893,1796.013
38.520,135.204,0.021,5,4514.048,1796.617
38.530,135.208,0.021,5,4514.203,1797.222
38.540,135.213,0.021,5,4514.358,1797.826
38.550,135.218,0.021,5,4514.513,1798.431
38.560,135.222,0.021,5,4514.667,1799.035
38.570,135.227,0.021,5,4514.822,1799.640
38.580,135.232,0.021,5,4514.977,1800.244
38.590,135.236,0.021,5,4515.131,1800.849
38.600,135.241,0.021,5,4515.286,1801.453
38.610,135.245,0.021,5,4515.440,1802.058
38.620,135.250,0.021,5,4515.594,1802.662
38.630,135.255,0.021,5,4515.749,1803.267
38.640,135.259,0.021,5,4515.903,1803.872
38.650,135.264,0.021,5,4516.057,1804.476
38.660,135.268,0.021,5,4516.211,1805.081
38.670,135.273,0.021,5,4516.365,1805.686
38.680,135.278,0.021,5,4516.519,1806.291
38.690,135.282,0.021,5,4516.673,1806.895
38.700,135.287,0.021,5,4516.826,1807.500
38.710,135.292,0.021,5,4516.980,1808.105
38.720,135.296,0.021,5,4517.134,1808.710
38.730,135.301,0.021,5,4517.288,1809.315
38.740,135.305,0.021,5,4517.441,1809.919
38.750,135.310,0.021,5,4517.595,1810.524
38.760,135.315,0.021,5,4517.748,1811.129
38.770,135.319,0.021,5,4517.901,1811.734
38.780,135.324,0.021,5,4518.055,1812.339
38.790,135.328,0.021,5,4518.208,1812.944
38.800,135.333,0.021,5,4518.361,1813.549
38.810,135.337,0.021,5,4518.514,1814.154
38.820,135.342,0.021,5,4518.667,1814.759
38.830,135.347,0.021,5,4518.820,1815.364
38.840,135.351,0.021,5,4518.973,1815.969
38.850,135.356,0.021,5,4519.126,1816.574
38.860,135.360,0.021,5,4519.279,1817.179
38.870,135.365,0.021,5,4519.432,1817.784
38.880,135.370,0.021,5,4519.584,1818.390
38.890,135.374,0.021,5,4519.737,1818.995
38.900,135.379,0.021,5,4519.889,1819.600
38.910,135.383,0.021,5,4520.042,1820.205
38.920,135.388,0.021,5,4520.194,1820.810
38.930,135.392,0.021,5,4520.347,1821.416
38.940,135.397,0.021,5,4520.499,1822.021
38.950,135.401,0.021,5,4520.651,1822.626
38.960,135.406,0.021,5,4520.803,1823.231
38.970,135.411,0.021,5,4520.955,1823.837
38.980,135.415,0.021,5,4521.108,1824.442
38.990,135.420,0.021,5,4521.260,1825.047
39.000,135.424,0.021,5,4521.411,1825.653
39.010,135.429,0.021,5,4521.563,1826.258
39.020,135.433,0.021,5,4521.715,1826.864
39.030,135.438,0.021,5,4521.867,1827.469
39.040,135.442,0.021,5,4522.019,1828.075
39.050,135.447,0.021,5,4522.170,1828.680
39.060,135.452,0.021,5,4522.322,1829.286
39.070,135.456,0.021,5,4522.473,1829.891
39.080,135.461,0.021,5,4522.625,1830.497
39.090,135.465,0.021,5,4522.776,1831.102
39.100,135.470,0.021,5,4522.927,1831.708
39.110,135.474,0.021,5,4523.079,1832.313
39.120,135.479,0.021,5,4523.230,1832.919
39.130,135.483,0.021,5,4523.381,1833.525
39.140,135.488,0.021,5,4523.532,1834.130
39.150,135.492,0.021,5,4523.683,1834.736
39.160,135.497,0.021,5,4523.834,1835.342
39.170,135.501,0.021,5,4523.985,1835.948
39.180,135.506,0.021,5,4524.136,1836.553
39.190,135.510,0.021,5,4524.286,1837.159
39.200,135.515,0.021,5,4524.437,1837.765
39.210,135.519,0.021,5,4524.588,1838.371
39.220,135.524,0.021,5,4524.738,1838.977
39.230,135.528,0.021,5,4524.889,1839.582
39.240,135.533,0.021,5,4525.039,1840.188
39.250,135.537,0.021,5,4525.189,1840.794
39.260,135.542,0.021,5,4525.340,1841.400
39.270,135.546,0.020,5,4525.490,1842.006
39.280,135.551,0.020,5,4525.640,1842.612
39.290,135.555,0.020,5,4525.790,1843.218
39.300,135.560,0.020,5,4525.940,1843.824
39.310,135.564,0.020,5,4526.090,1844.430
39.320,135.569,0.020,5,4526.240,1845.036
39.330,135.573,0.020,5,4526.390,1845.642
39.340,135.578,0.020,5,4526.540,1846.248
39.350,135.582,0.020,5,4526.690,1846.854
39.360,135.587,0.020,5,4526.840,1847.460
39.370,135.591,0.020,5,4526.989,1848.067
39.380,135.596,0.020,5,4527.139,1848.673
39.390,135.600,0.020,5,4527.288,1849.279
39.400,135.605,0.020,5,4527.438,1849.885
39.410,135.609,0.020,5,4527.587,1850.491
39.420,135.614,0.020,5,4527.736,1851.097
39.430,135.618,0.020,5,4527.886,1851.704
39.440,135.623,0.020,5,4528.035,1852.310
39.450,135.627,0.020,5,4528.184,1852.916
39.460,135.632,0.020,5,4528.333,1853.523
39.470,135.636,0.020,5,4528.482,1854.129
39.480,135.641,0.020,5,4528.631,1854.735
39.490,135.645,0.020,5,4528.780,1855.342
39.500,135.649,0.020,5,4528.929,1855.948
39.510,135.654,0.020,5,4529.078,1856.555
39.520,135.658,0.020,5,4529.226,1857.161
39.530,135.663,0.020,5,4529.375,1857.767
39.540,135.667,0.020,5,4529.524,1858.374
39.550,135.672,0.020,5,4529.672,1858.980
39.560,135.676,0.020,5,4529.821,1859.587
39.570,135.681,0.020,5,4529.969,1860.193
39.580,135.685,0.020,5,4530.118,1860.800
39.590,135.689,0.020,5,4530.266,1861.407
39.600,135.694,0.020,5,4530.414,1862.013
39.610,135.698,0.020,5,4530.562,1862.620
39.620,135.703,0.020,5,4530.710,1863.226
39.630,135.707,0.020,5,4530.858,1863.833
39.640,135.712,0.020,5,4531.006,1864.440
39.650,135.716,0.020,5,4531.154,1865.046
39.660,135.721,0.020,5,4531.302,1865.653
39.670,135.725,0.020,5,4531.450,1866.260
39.680,135.729,0.020,5,4531.598,1866.867
39.690,135.734,0.020,5,4531.745,1867.473
39.700,135.738,0.020,5,4531.893,1868.080
39.710,135.743,0.020,5,4532.041,1868.687
39.720,135.747,0.020,5,4532.188,1869.294
39.730,135.751,0.020,5,4532.336,1869.901
39.740,135.756,0.020,5,4532.483,1870.508
39.750,135.760,0.020,5,4532.630,1871.114
39.760,135.765,0.020,5,4532.778,1871.721
39.770,135.769,0.020,5,4532.925,1872.328
39.780,135.774,0.020,5,4533.072,1872.935
39.790,135.778,0.020,5,4533.219,1873.542
39.800,135.782,0.020,5,4533.366,1874.149
39.810,135.787,0.020,5,4533.513,1874.756
39.820,135.791,0.020,5,4533.660,1875.363
39.830,135.796,0.020,5,4533.807,1875.970
39.840,135.800,0.020,5,4533.953,1876.577
39.850,135.804,0.020,5,4534.100,1877.184
39.860,135.809,0.020,5,4534.247,1877.792
39.870,135.813,0.020,5,4534.393,1878.399
39.880,135.817,0.020,5,4534.540,1879.006
39.890,135.822,0.020,5,4534.686,1879.613
39.900,135.826,0.020,5,4534.833,1880.220
39.910,135.831,0.020,5,4534.979,1880.827
39.920,135.835,0.020,5,4535.126,1881.435
39.930,135.839,0.020,5,4535.272,1882.042
39.940,135.844,0.020,5,4535.418,1882.649
39.950,135.848,0.020,5,4535.564,1883.256
39.960,135.853,0.020,5,4535.710,1883.864
39.970,135.857,0.020,5,4535.856,1884.471
39.980,135.861,0.020,5,4536.002,1885.078
39.990,135.866,0.020,5,4536.148,1885.686
40.000,135.870,0.020,5,4536.294,1886.293
40.010,135.874,0.020,5,4536.440,1886.901
40.020,135.879,0.020,5,4536.585,1887.508
40.030,135.883,0.020,5,4536.731,1888.115
40.040,135.887,0.020,5,4536.876,1888.723
40.050,135.892,0.020,5,4537.022,1889.330
40.060,135.896,0.020,5,4537.167,1889.938
40.070,135.901,0.020,5,4537.313,1890.545
40.080,135.905,0.020,5,4537.458,1891.153
40.090,135.909,0.020,5,4537.603,1891.760
40.100,135.914,0.020,5,4537.749,1892.368
40.110,135.918,0.020,5,4537.894,1892.976
40.120,135.922,0.020,5,4538.039,1893.583
40.130,135.927,0.020,5,4538.184,1894.191
40.140,135.931,0.020,5,4538.329,1894.799
40.150,135.935,0.020,5,4538.474,1895.406
40.160,135.940,0.020,5,4538.619,1896.014
40.170,135.944,0.020,5,4538.764,1896.622
40.180,135.948,0.020,5,4538.908,1897.229
40.190,135.953,0.020,5,4539.053,1897.837
40.200,135.957,0.020,5,4539.198,1898.445
40.210,135.961,0.020,5,4539.342,1899.053
40.220,135.966,0.020,5,4539.487,1899.660
40.230,135.970,0.020,5,4539.631,1900.268
40.240,135.974,0.020,5,4539.776,1900.876
40.250,135.979,0.020,5,4539.920,1901.484
40.260,135.983,0.020,5,4540.064,1902.092
40.270,135.987,0.020,5,4540.208,1902.700
40.280,135.992,0.020,5,4540.352,1903.308
40.290,135.996,0.020,5,4540.497,1903.916
40.300,136.000,0.020,5,4540.641,1904.524
40.310,136.005,0.020,5,4540.785,1905.132
40.320,136.009,0.020,5,4540.928,1905.740
40.330,136.013,0.020,5,4541.072,1906.348
40.340,136.017,0.020,5,4541.216,1906.956
40.350,136.022,0.020,5,4541.360,1907.564
40.360,136.026,0.020,5,4541.504,1908.172
40.370,136.030,0.020,5,4541.647,1908.780
40.380,136.035,0.020,5,4541.791,1909.388
40.390,136.039,0.020,5,4541.934,1909.996
40.400,136.043,0.020,5,4542.078,1910.604
40.410,136.048,0.020,5,4542.221,1911.213
40.420,136.052,0.020,5,4542.364,1911.821
40.430,136.056,0.020,5,4542.508,1912.429
40.440,136.060,0.020,5,4542.651,1913.037
40.450,136.065,0.020,5,4542.794,1913.645
40.460,136.069,0.020,5,4542.937,1914.254
40.470,136.073,0.020,5,4543.080,1914.862
40.480,136.078,0.020,5,4543.223,1915.470
40.490,136.082,0.019,5,4543.366,1916.079
40.500,136.086,0.019,5,4543.509,1916.687
40.510,136.090,0.019,5,4543.652,1917.295
40.520,136.095,0.019,5,4543.794,1917.904
40.530,136.099,0.019,5,4543.937,1918.512
40.540,136.103,0.019,5,4544.080,1919.121
40.550,136.107,0.019,5,4544.222,1919.729
40.560,136.112,0.019,5,4544.365,1920.337
40.570,136.116,0.019,5,4544.507,1920.946
40.580,136.120,0.019,5,4544.650,1921.554
40.590,136.125,0.019,5,4544.792,1922.163
40.600,136.129,0.019,5,4544.934,1922.772
40.610,136.133,0.019,5,4545.076,1923.380
40.620,136.137,0.019,5,4545.218,1923.989
40.630,136.142,0.019,5,4545.361,1924.597
40.640,136.146,0.019,5,4545.503,1925.206
40.650,136.150,0.019,5,4545.645,1925.815
40.660,136.154,0.019,5,4545.786,1926.423
40.670,136.159,0.019,5,4545.928,1927.032
40.680,136.163,0.019,5,4546.070,1927.641
40.690,136.167,0.019,5,4546.212,1928.249
40.700,136.171,0.019,5,4546.354,1928.858
40.710,136.176,0.019,5,4546.495,1929.467
40.720,136.180,0.019,5,4546.637,1930.075
40.730,136.184,0.019,5,4546.778,1930.684
40.740,136.188,0.019,5,4546.920,1931.293
40.750,136.193,0.019,5,4547.061,1931.902
40.760,136.197,0.019,5,4547.202,1932.511
40.770,136.201,0.019,5,4547.344,1933.120
40.780,136.205,0.019,5,4547.485,1933.728
40.790,136.209,0.019,5,4547.626,1934.337
40.800,136.214,0.019,5,4547.767,1934.946
40.810,136.218,0.019,5,4547.908,1935.555
40.820,136.222,0.019,5,4548.049,1936.164
40.830,136.226,0.019,5,4548.190,1936.773
40.840,136.231,0.019,5,4548.331,1937.382
40.850,136.235,0.019,5,4548.472,1937.991
40.860,136.239,0.019,5,4548.612,1938.600
40.870,136.243,0.019,5,4548.753,1939.209
40.880,136.247,0.019,5,4548.894,1939.818
40.890,136.252,0.019,5,4549.034,1940.427
40.900,136.256,0.019,5,4549.175,1941.037
40.910,136.260,0.019,5,4549.315,1941.646
40.920,136.264,0.019,5,4549.456,1942.255
40.930,136.268,0.019,5,4549.596,1942.864
40.940,136.273,0.019,5,4549.736,1943.473
40.950,136.277,0.019,5,4549.877,1944.082
40.960,136.281,0.019,5,4550.017,1944.692
40.970,136.285,0.019,5,4550.157,1945.301
40.980,136.289,0.019,5,4550.297,1945.910
40.990,136.294,0.019,5,4550.437,1946.519
41.000,136.298,0.019,5,4550.577,1947.129
41.010,136.302,0.019,5,4550.717,1947.738
41.020,136.306,0.019,5,4550.857,1948.347
41.030,136.310,0.019,5,4550.996,1948.957
41.040,136.315,0.019,5,4551.136,1949.566
41.050,136.319,0.019,5,4551.276,1950.175
41.060,136.323,0.019,5,4551.415,1950.785
41.070,136.327,0.019,5,4551.555,1951.394
41.080,136.331,0.019,5,4551.694,1952.004
41.090,136.335,0.019,5,4551.834,1952.613
41.100,136.340,0.019,5,4551.973,1953.223
41.110,136.344,0.019,5,4552.112,1953.832
41.120,136.348,0.019,5,4552.252,1954.442
41.130,136.352,0.019,5,4552.391,1955.051
41.140,136.356,0.019,5,4552.530,1955.661
41.150,136.360,0.019,5,4552.669,1956.270
41.160,136.365,0.019,5,4552.808,1956.880
41.170,136.369,0.019,5,4552.947,1957.490
41.180,136.373,0.019,5,4553.086,1958.099
41.190,136.377,0.019,5,4553.225,1958.709
41.200,136.381,0.019,5,4553.364,1959.318
41.210,136.385,0.019,5,4553.502,1959.928
41.220,136.390,0.019,5,4553.641,1960.538
41.230,136.394,0.019,5,4553.780,1961.148
41.240,136.398,0.019,5,4553.918,1961.757
41.250,136.402,0.019,5,4554.057,1962.367
41.260,136.406,0.019,5,4554.195,1962.977
41.270,136.410,0.019,5,4554.334,1963.587
41.280,136.414,0.019,5,4554.472,1964.197
41.290,136.419,0.019,5,4554.610,1964.806
41.300,136.423,0.019,5,4554.748,1965.416
41.310,136.427,0.019,5,4554.886,1966.026
41.320,136.431,0.019,5,4555.025,1966.636
41.330,136.435,0.019,5,4555.163,1967.246
41.340,136.439,0.019,5,4555.301,1967.856
41.350,136.443,0.019,5,4555.439,1968.466
41.360,136.448,0.019,5,4555.576,1969.076
41.370,136.452,0.019,5,4555.714,1969.686
41.380,136.456,0.019,5,4555.852,1970.296
41.390,136.460,0.019,5,4555.990,1970.906
41.400,136.464,0.019,5,4556.127,1971.516
41.410,136.468,0.019,5,4556.265,1972.126
41.420,136.472,0.019,5,4556.403,1972.736
41.430,136.476,0.019,5,4556.540,1973.346
41.440,136.481,0.019,5,4556.677,1973.956
41.450,136.485,0.019,5,4556.815,1974.566
41.460,136.489,0.019,5,4556.952,1975.176
41.470,136.493,0.019,5,4557.089,1975.787
41.480,136.497,0.019,5,4557.227,1976.397
41.490,136.501,0.019,5,4557.364,1977.007
41.500,136.505,0.019,5,4557.501,1977.617
41.510,136.509,0.019,5,4557.638,1978.227
41.520,136.513,0.019,5,4557.775,1978.838
41.530,136.518,0.019,5,4557.912,1979.448
41.540,136.522,0.019,5,4558.049,1980.058
41.550,136.526,0.019,5,4558.185,1980.669
41.560,136.530,0.019,5,4558.322,1981.279
41.570,136.534,0.019,5,4558.459,1981.889
41.580,136.538,0.019,5,4558.595,1982.500
41.590,136.542,0.019,5,4558.732,1983.110
41.600,136.546,0.019,5,4558.868,1983.720
41.610,136.550,0.019,5,4559.005,1984.331
41.620,136.554,0.019,5,4559.141,1984.941
41.630,136.558,0.019,5,4559.278,1985.552
41.640,136.563,0.019,5,4559.414,1986.162
41.650,136.567,0.019,5,4559.550,1986.773
41.660,136.571,0.019,5,4559.686,1987.383
41.670,136.575,0.019,5,4559.822,1987.994
41.680,136.579,0.019,5,4559.959,1988.604
41.690,136.583,0.019,5,4560.095,1989.215
41.700,136.587,0.019,5,4560.231,1989.825
41.710,136.591,0.019,5,4560.366,1990.436
41.720,136.595,0.019,5,4560.502,1991.047
41.730,136.599,0.019,5,4560.638,1991.657
41.740,136.603,0.019,5,4560.774,1992.268
41.750,136.607,0.019,5,4560.909,1992.879
41.760,136.611,0.019,5,4561.045,1993.489
41.770,136.615,0.018,5,4561.181,1994.100
41.780,136.619,0.018,5,4561.316,1994.711
41.790,136.624,0.018,5,4561.452,1995.322
41.800,136.628,0.018,5,4561.587,1995.932
41.810,136.632,0.018,5,4561.722,1996.543
41.820,136.636,0.018,5,4561.858,1997.154
41.830,136.640,0.018,5,4561.993,1997.765
41.840,136.644,0.018,5,4562.128,1998.376
41.850,136.648,0.018,5,4562.263,1998.986
41.860,136.652,0.018,5,4562.398,1999.597
41.870,136.656,0.018,5,4562.533,2000.208
41.880,136.660,0.018,5,4562.668,2000.819
41.890,136.664,0.018,5,4562.803,2001.430
41.900,136.668,0.018,5,4562.938,2002.041
41.910,136.672,0.018,5,4563.073,2002.652
41.920,136.676,0.018,5,4563.207,2003.263
41.930,136.680,0.018,5,4563.342,2003.874
41.940,136.684,0.018,5,4563.477,2004.485
41.950,136.688,0.018,5,4563.611,2005.096
41.960,136.692,0.018,5,4563.746,2005.707
41.970,136.696,0.018,5,4563.880,2006.318
41.980,136.700,0.018,5,4564.015,2006.929
41.990,136.704,0.018,5,4564.149,2007.540
42.000,136.708,0.018,5,4564.283,2008.152
42.010,136.712,0.018,5,4564.417,2008.763
42.020,136.716,0.018,5,4564.552,2009.374
42.030,136.720,0.018,5,4564.686,2009.985
42.040,136.724,0.018,5,4564.820,2010.596
42.050,136.728,0.018,5,4564.954,2011.207
42.060,136.732,0.018,5,4565.088,2011.819
42.070,136.736,0.018,5,4565.222,2012.430
42.080,136.740,0.018,5,4565.355,2013.041
42.090,136.744,0.018,5,4565.489,2013.653
42.100,136.748,0.018,5,4565.623,2014.264
42.110,136.752,0.018,5,4565.757,2014.875
42.120,136.756,0.018,5,4565.890,2015.486
42.130,136.760,0.018,5,4566.024,2016.098
42.140,136.764,0.018,5,4566.157,2016.709
42.150,136.768,0.018,5,4566.291,2017.321
42.160,136.772,0.018,5,4566.424,2017.932
42.170,136.776,0.018,5,4566.557,2018.543
42.180,136.780,0.018,5,4566.691,2019.155
42.190,136.784,0.018,5,4566.824,2019.766
42.200,136.788,0.018,5,4566.957,2020.378
42.210,136.792,0.018,5,4567.090,2020.989
42.220,136.796,0.018,5,4567.223,2021.601
42.230,136.800,0.018,5,4567.356,2022.212
42.240,136.804,0.018,5,4567.489,2022.824
42.250,136.808,0.018,5,4567.622,2023.436
42.260,136.812,0.018,5,4567.755,2024.047
42.270,136.816,0.018,5,4567.888,2024.659
42.280,136.820,0.018,5,4568.020,2025.270
42.290,136.824,0.018,5,4568.153,2025.882
42.300,136.828,0.018,5,4568.286,2026.494
42.310,136.832,0.018,5,4568.418,2027.105
42.320,136.836,0.018,5,4568.551,2027.717
42.330,136.840,0.018,5,4568.683,2028.329
42.340,136.844,0.018,5,4568.816,2028.941
42.350,136.848,0.018,5,4568.948,2029.552
42.360,136.852,0.018,5,4569.080,2030.164
42.370,136.856,0.018,5,4569.213,2030.776
42.380,136.860,0.018,5,4569.345,2031.388
42.390,136.864,0.018,5,4569.477,2032.000
42.400,136.868,0.018,5,4569.609,2032.611
42.410,136.872,0.018,5,4569.741,2033.223
42.420,136.876,0.018,5,4569.873,2033.835
42.430,136.880,0.018,5,4570.005,2034.447
42.440,136.884,0.018,5,4570.137,2035.059
42.450,136.888,0.018,5,4570.269,2035.671
42.460,136.892,0.018,5,4570.400,2036.283
42.470,136.896,0.018,5,4570.532,2036.895
42.480,136.899,0.018,5,4570.664,2037.507
42.490,136.903,0.018,5,4570.795,2038.119
42.500,136.907,0.018,5,4570.927,2038.731
42.510,136.911,0.018,5,4571.058,2039.343
42.520,136.915,0.018,5,4571.190,2039.955
42.530,136.919,0.018,5,4571.321,2040.567
42.540,136.923,0.018,5,4571.452,2041.179
42.550,136.927,0.018,5,4571.584,2041.791
42.560,136.931,0.018,5,4571.715,2042.403
42.570,136.935,0.018,5,4571.846,2043.015
42.580,136.939,0.018,5,4571.977,2043.628
42.590,136.943,0.018,5,4572.108,2044.240
42.600,136.947,0.018,5,4572.239,2044.852
42.610,136.951,0.018,5,4572.370,2045.464
42.620,136.954,0.018,5,4572.501,2046.076
42.630,136.958,0.018,5,4572.632,2046.689
42.640,136.962,0.018,5,4572.762,2047.301
42.650,136.966,0.018,5,4572.893,2047.913
42.660,136.970,0.018,5,4573.024,2048.526
42.670,136.974,0.018,5,4573.154,2049.138
42.680,136.978,0.018,5,4573.285,2049.750
42.690,136.982,0.018,5,4573.415,2050.363
42.700,136.986,0.018,5,4573.546,2050.975
42.710,136.990,0.018,5,4573.676,2051.587
42.720,136.994,0.018,5,4573.807,2052.200
42.730,136.997,0.018,5,4573.937,2052.812
42.740,137.001,0.018,5,4574.067,2053.425
42.750,137.005,0.018,5,4574.197,2054.037
42.760,137.009,0.018,5,4574.327,2054.650
42.770,137.013,0.018,5,4574.457,2055.262
42.780,137.017,0.018,5,4574.588,2055.875
42.790,137.021,0.018,5,4574.717,2056.487
42.800,137.025,0.018,5,4574.847,2057.100
42.810,137.029,0.018,5,4574.977,2057.712
42.820,137.033,0.018,5,4575.107,2058.325
42.830,137.036,0.018,5,4575.237,2058.937
42.840,137.040,0.018,5,4575.366,2059.550
42.850,137.044,0.018,5,4575.496,2060.163
42.860,137.048,0.018,5,4575.626,2060.775
42.870,137.052,0.018,5,4575.755,2061.388
42.880,137.056,0.018,5,4575.885,2062.001
42.890,137.060,0.018,5,4576.014,2062.613
42.900,137.064,0.018,5,4576.143,2063.226
42.910,137.067,0.018,5,4576.273,2063.839
42.920,137.071,0.018,5,4576.402,2064.452
42.930,137.075,0.018,5,4576.531,2065.064
42.940,137.079,0.018,5,4576.660,2065.677
42.950,137.083,0.018,5,4576.789,2066.290
42.960,137.087,0.018,5,4576.919,2066.903
42.970,137.091,0.018,5,4577.048,2067.516
42.980,137.095,0.018,5,4577.176,2068.128
42.990,137.098,0.018,5,4577.305,2068.741
43.000,137.102,0.018,5,4577.434,2069.354
43.010,137.106,0.018,5,4577.563,2069.967
43.020,137.110,0.018,5,4577.692,2070.580
43.030,137.114,0.018,5,4577.820,2071.193
43.040,137.118,0.018,5,4577.949,2071.806
43.050,137.122,0.018,5,4578.078,2072.419
43.060,137.125,0.018,5,4578.206,2073.032
43.070,137.129,0.018,5,4578.335,2073.645
43.080,137.133,0.018,5,4578.463,2074.258
43.090,137.137,0.018,5,4578.591,2074.871
43.100,137.141,0.018,5,4578.720,2075.484
43.110,137.145,0.017,5,4578.848,2076.097
43.120,137.148,0.017,5,4578.976,2076.710
43.130,137.152,0.017,5,4579.104,2077.323
43.140,137.156,0.017,5,4579.232,2077.936
43.150,137.160,0.017,5,4579.360,2078.550
43.160,137.164,0.017,5,4579.488,2079.163
43.170,137.168,0.017,5,4579.616,2079.776
43.180,137.171,0.017,5,4579.744,2080.389
43.190,137.175,0.017,5,4579.872,2081.002
43.200,137.179,0.017,5,4580.000,2081.616
43.210,137.183,0.017,5,4580.127,2082.229
43.220,137.187,0.017,5,4580.255,2082.842
43.230,137.191,0.017,5,4580.383,2083.455
43.240,137.194,0.017,5,4580.510,2084.069
43.250,137.198,0.017,5,4580.638,2084.682
43.260,137.202,0.017,5,4580.765,2085.295
43.270,137.206,0.017,5,4580.893,2085.909
43.280,137.210,0.017,5,4581.020,2086.522
43.290,137.213,0.017,5,4581.147,2087.136
43.300,137.217,0.017,5,4581.274,2087.749
43.310,137.221,0.017,5,4581.402,2088.362
43.320,137.225,0.017,5,4581.529,2088.976
43.330,137.229,0.017,5,4581.656,2089.589
43.340,137.232,0.017,5,4581.783,2090.203
43.350,137.236,0.017,5,4581.910,2090.816
43.360,137.240,0.017,5,4582.037,2091.430
43.370,137.244,0.017,5,4582.164,2092.043
43.380,137.248,0.017,5,4582.290,2092.657
43.390,137.251,0.017,5,4582.417,2093.270
43.400,137.255,0.017,5,4582.544,2093.884
43.410,137.259,0.017,5,4582.671,2094.498
43.420,137.263,0.017,5,4582.797,2095.111
43.430,137.267,0.017,5,4582.924,2095.725
43.440,137.270,0.017,5,4583.050,2096.338
43.450,137.274,0.017,5,4583.177,2096.952
43.460,137.278,0.017,5,4583.303,2097.566
43.470,137.282,0.017,5,4583.429,2098.179
43.480,137.286,0.017,5,4583.556,2098.793
43.490,137.289,0.017,5,4583.682,2099.407
43.500,137.293,0.017,5,4583.808,2100.021
43.510,137.297,0.017,5,4583.934,2100.634
43.520,137.301,0.017,5,4584.060,2101.248
43.530,137.304,0.017,5,4584.186,2101.862
43.540,137.308,0.017,5,4584.312,2102.476
43.550,137.312,0.017,5,4584.438,2103.090
43.560,137.316,0.017,5,4584.564,2103.703
43.570,137.320,0.017,5,4584.690,2104.317
43.580,137.323,0.017,5,4584.816,2104.931
43.590,137.327,0.017,5,4584.941,2105.545
43.600,137.331,0.017,5,4585.067,2106.159
43.610,137.335,0.017,5,4585.193,2106.773
43.620,137.338,0.017,5,4585.318,2107.387
43.630,137.342,0.017,5,4585.444,2108.001
43.640,137.346,0.017,5,4585.569,2108.615
43.650,137.350,0.017,5,4585.695,2109.229
43.660,137.353,0.017,5,4585.820,2109.843
43.670,137.357,0.017,5,4585.945,2110.457
43.680,137.361,0.017,5,4586.070,2111.071
43.690,137.365,0.017,5,4586.196,2111.685
43.700,137.368,0.017,5,4586.321,2112.299
43.710,137.372,0.017,5,4586.446,2112.913
43.720,137.376,0.017,5,4586.571,2113.527
43.730,137.380,0.017,5,4586.696,2114.141
43.740,137.383,0.017,5,4586.821,2114.756
43.750,137.387,0.017,5,4586.946,2115.370
43.760,137.391,0.017,5,4587.071,2115.984
43.770,137.395,0.017,5,4587.195,2116.598
43.780,137.398,0.017,5,4587.320,2117.212
43.790,137.402,0.017,5,4587.445,2117.827
43.800,137.406,0.017,5,4587.569,2118.441
43.810,137.410,0.017,5,4587.694,2119.055
43.820,137.413,0.017,5,4587.818,2119.669
43.830,137.417,0.017,5,4587.943,2120.284
43.840,137.421,0.017,5,4588.067,2120.898
43.850,137.424,0.017,5,4588.192,2121.512
43.860,137.428,0.017,5,4588.316,2122.127
43.870,137.432,0.017,5,4588.440,2122.741
43.880,137.436,0.017,5,4588.565,2123.355
43.890,137.439,0.017,5,4588.689,2123.970
43.900,137.443,0.017,5,4588.813,2124.584
43.910,137.447,0.017,5,4588.937,2125.199
43.920,137.450,0.017,5,4589.061,2125.813
43.930,137.454,0.017,5,4589.185,2126.428
43.940,137.458,0.017,5,4589.309,2127.042
43.950,137.462,0.017,5,4589.433,2127.657
43.960,137.465,0.017,5,4589.556,2128.271
43.970,137.469,0.017,5,4589.680,2128.886
43.980,137.473,0.017,5,4589.804,2129.500
43.990,137.476,0.017,5,4589.927,2130.115
44.000,137.480,0.017,5,4590.051,2130.729
44.010,137.484,0.017,5,4590.175,2131.344
44.020,137.488,0.017,5,4590.298,2131.959
44.030,137.491,0.017,5,4590.421,2132.573
44.040,137.495,0.017,5,4590.545,2133.188
44.050,137.499,0.017,5,4590.668,2133.802
44.060,137.502,0.017,5,4590.791,2134.417
44.070,137.506,0.017,5,4590.915,2135.032
44.080,137.510,0.017,5,4591.038,2135.647
44.090,137.513,0.017,5,4591.161,2136.261
44.100,137.517,0.017,5,4591.284,2136.876
44.110,137.521,0.017,5,4591.407,2137.491
44.120,137.524,0.017,5,4591.530,2138.106
44.130,137.528,0.017,5,4591.653,2138.720
44.140,137.532,0.017,5,4591.776,2139.335
44.150,137.535,0.017,5,4591.899,2139.950
44.160,137.539,0.017,5,4592.021,2140.565
44.170,137.543,0.017,5,4592.144,2141.180
44.180,137.547,0.017,5,4592.267,2141.795
44.190,137.550,0.017,5,4592.390,2142.410
44.200,137.554,0.017,5,4592.512,2143.024
44.210,137.558,0.017,5,4592.635,2143.639
44.220,137.561,0.017,5,4592.757,2144.254
44.230,137.565,0.017,5,4592.879,2144.869
44.240,137.569,0.017,5,4593.002,2145.484
44.250,137.572,0.017,5,4593.124,2146.099
44.260,137.576,0.017,5,4593.246,2146.714
44.270,137.580,0.017,5,4593.369,2147.329
44.280,137.583,0.017,5,4593.491,2147.944
44.290,137.587,0.017,5,4593.613,2148.559
44.300,137.590,0.017,5,4593.735,2149.174
44.310,137.594,0.017,5,4593.857,2149.790
44.320,137.598,0.017,5,4593.979,2150.405
44.330,137.601,0.017,5,4594.101,2151.020
44.340,137.605,0.017,5,4594.223,2151.635
44.350,137.609,0.017,5,4594.344,2152.250
44.360,137.612,0.017,5,4594.466,2152.865
44.370,137.616,0.017,5,4594.588,2153.480
44.380,137.620,0.017,5,4594.710,2154.096
44.390,137.623,0.017,5,4594.831,2154.711
44.400,137.627,0.017,5,4594.953,2155.326
44.410,137.631,0.017,5,4595.074,2155.941
44.420,137.634,0.017,5,4595.196,2156.557
44.430,137.638,0.017,5,4595.317,2157.172
44.440,137.642,0.017,5,4595.438,2157.787
44.450,137.645,0.017,5,4595.560,2158.403
44.460,137.649,0.017,5,4595.681,2159.018
44.470,137.652,0.017,5,4595.802,2159.633
44.480,137.656,0.017,5,4595.923,2160.249
44.490,137.660,0.017,5,4596.044,2160.864
44.500,137.663,0.017,5,4596.165,2161.479
44.510,137.667,0.017,5,4596.286,2162.095
44.520,137.671,0.017,5,4596.407,2162.710
44.530,137.674,0.016,5,4596.528,2163.326
44.540,137.678,0.016,5,4596.649,2163.941
44.550,137.681,0.016,5,4596.770,2164.557
44.560,137.685,0.016,5,4596.891,2165.172
44.570,137.689,0.016,5,4597.011,2165.788
44.580,137.692,0.016,5,4597.132,2166.403
44.590,137.696,0.016,5,4597.253,2167.019
44.600,137.699,0.016,5,4597.373,2167.634
44.610,137.703,0.016,5,4597.494,2168.250
44.620,137.707,0.016,5,4597.614,2168.865
44.630,137.710,0.016,5,4597.734,2169.481
44.640,137.714,0.016,5,4597.855,2170.097
44.650,137.717,0.016,5,4597.975,2170.712
44.660,137.721,0.016,5,4598.095,2171.328
44.670,137.725,0.016,5,4598.216,2171.944
44.680,137.728,0.016,5,4598.336,2172.559
44.690,137.732,0.016,5,4598.456,2173.175
44.700,137.735,0.016,5,4598.576,2173.791
44.710,137.739,0.016,5,4598.696,2174.407
44.720,137.743,0.016,5,4598.816,2175.022
44.730,137.746,0.016,5,4598.936,2175.638
44.740,137.750,0.016,5,4599.056,2176.254
44.750,137.753,0.016,5,4599.175,2176.870
44.760,137.757,0.016,5,4599.295,2177.485
44.770,137.761,0.016,5,4599.415,2178.101
44.780,137.764,0.016,5,4599.534,2178.717
44.790,137.768,0.016,5,4599.654,2179.333
44.800,137.771,0.016,5,4599.774,2179.949
44.810,137.775,0.016,5,4599.893,2180.565
44.820,137.779,0.016,5,4600.012,2181.181
44.830,137.782,0.016,5,4600.132,2181.797
44.840,137.786,0.016,5,4600.251,2182.413
44.850,137.789,0.016,5,4600.370,2183.029
44.860,137.793,0.016,5,4600.490,2183.645
44.870,137.796,0.016,5,4600.609,2184.261
44.880,137.800,0.016,5,4600.728,2184.877
44.890,137.804,0.016,5,4600.847,2185.493
44.900,137.807,0.016,5,4600.966,2186.109
44.910,137.811,0.016,5,4601.085,2186.725
44.920,137.814,0.016,5,4601.204,2187.341
44.930,137.818,0.016,5,4601.323,2187.957
44.940,137.821,0.016,5,4601.442,2188.573
44.950,137.825,0.016,5,4601.561,2189.189
44.960,137.828,0.016,5,4601.679,2189.805
44.970,137.832,0.016,5,4601.798,2190.421
44.980,137.836,0.016,5,4601.917,2191.038
44.990,137.839,0.016,5,4602.035,2191.654
45.000,137.843,0.016,5,4602.154,2192.270
45.010,137.846,0.016,5,4602.272,2192.886
45.020,137.850,0.016,5,4602.391,2193.502
45.030,137.853,0.016,5,4602.509,2194.119
45.040,137.857,0.016,5,4602.628,2194.735
45.050,137.860,0.016,5,4602.746,2195.351
45.060,137.864,0.016,5,4602.864,2195.967
45.070,137.867,0.016,5,4602.982,2196.584
45.080,137.871,0.016,5,4603.101,2197.200
45.090,137.875,0.016,5,4603.219,2197.816
45.100,137.878,0.016,5,4603.337,2198.433
45.110,137.882,0.016,5,4603.455,2199.049
45.120,137.885,0.016,5,4603.573,2199.666
45.130,137.889,0.016,5,4603.691,2200.282
45.140,137.892,0.016,5,4603.808,2200.898
45.150,137.896,0.016,5,4603.926,2201.515
45.160,137.899,0.016,5,4604.044,2202.131
45.170,137.903,0.016,5,4604.162,2202.748
45.180,137.906,0.016,5,4604.279,2203.364
45.190,137.910,0.016,5,4604.397,2203.981
45.200,137.913,0.016,5,4604.515,2204.597
45.210,137.917,0.016,5,4604.632,2205.214
45.220,137.920,0.016,5,4604.750,2205.830
45.230,137.924,0.016,5,4604.867,2206.447
45.240,137.927,0.016,5,4604.984,2207.064
45.250,137.931,0.016,5,4605.102,2207.680
45.260,137.934,0.016,5,4605.219,2208.297
45.270,137.938,0.016,5,4605.336,2208.913
45.280,137.941,0.016,5,4605.453,2209.530
45.290,137.945,0.016,5,4605.570,2210.147
45.300,137.948,0.016,5,4605.688,2210.763
45.310,137.952,0.016,5,4605.805,2211.380
45.320,137.955,0.016,5,4605.922,2211.997
45.330,137.959,0.016,5,4606.039,2212.613
45.340,137.962,0.016,5,4606.155,2213.230
45.350,137.966,0.016,5,4606.272,2213.847
45.360,137.969,0.016,5,4606.389,2214.464
45.370,137.973,0.016,5,4606.506,2215.081
45.380,137.976,0.016,5,4606.622,2215.697
45.390,137.980,0.016,5,4606.739,2216.314
45.400,137.983,0.016,5,4606.856,2216.931
45.410,137.987,0.016,5,4606.972,2217.548
45.420,137.990,0.016,5,4607.089,2218.165
45.430,137.994,0.016,5,4607.205,2218.782
45.440,137.997,0.016,5,4607.322,2219.398
45.450,138.001,0.016,5,4607.438,2220.015
45.460,138.004,0.016,5,4607.554,2220.632
45.470,138.008,0.016,5,4607.670,2221.249
45.480,138.011,0.016,5,4607.787,2221.866
45.490,138.015,0.016,5,4607.903,2222.483
45.500,138.018,0.016,5,4608.019,2223.100
45.510,138.022,0.016,5,4608.135,2223.717
45.520,138.025,0.016,5,4608.251,2224.334
45.530,138.029,0.016,5,4608.367,2224.951
45.540,138.032,0.016,5,4608.483,2225.568
45.550,138.036,0.016,5,4608.599,2226.185
45.560,138.039,0.016,5,4608.714,2226.802
45.570,138.043,0.016,5,4608.830,2227.420
45.580,138.046,0.016,5,4608.946,2228.037
45.590,138.050,0.016,5,4609.062,2228.654
45.600,138.053,0.016,5,4609.177,2229.271
45.610,138.056,0.016,5,4609.293,2229.888
45.620,138.060,0.016,5,4609.408,2230.505
45.630,138.063,0.016,5,4609.524,2231.122
45.640,138.067,0.016,5,4609.639,2231.740
45.650,138.070,0.016,5,4609.755,2232.357
45.660,138.074,0.016,5,4609.870,2232.974
45.670,138.077,0.016,5,4609.985,2233.591
45.680,138.081,0.016,5,4610.100,2234.209
45.690,138.084,0.016,5,4610.216,2234.826
45.700,138.088,0.016,5,4610.331,2235.443
45.710,138.091,0.016,5,4610.446,2236.060
45.720,138.094,0.016,5,4610.561,2236.678
45.730,138.098,0.016,5,4610.676,2237.295
45.740,138.101,0.016,5,4610.791,2237.913
45.750,138.105,0.016,5,4610.906,2238.530
45.760,138.108,0.016,5,4611.021,2239.147
45.770,138.112,0.016,5,4611.135,2239.765
45.780,138.115,0.016,5,4611.250,2240.382
45.790,138.119,0.016,5,4611.365,2241.000
45.800,138.122,0.016,5,4611.480,2241.617
45.810,138.125,0.016,5,4611.594,2242.234
45.820,138.129,0.016,5,4611.709,2242.852
45.830,138.132,0.016,5,4611.823,2243.469
45.840,138.136,0.016,5,4611.938,2244.087
45.850,138.139,0.016,5,4612.052,2244.704
45.860,138.143,0.016,5,4612.166,2245.322
45.870,138.146,0.016,5,4612.281,2245.940
45.880,138.149,0.016,5,4612.395,2246.557
45.890,138.153,0.016,5,4612.509,2247.175
45.900,138.156,0.016,5,4612.623,2247.792
45.910,138.160,0.016,5,4612.738,2248.410
45.920,138.163,0.016,5,4612.852,2249.028
45.930,138.166,0.016,5,4612.966,2249.645
45.940,138.170,0.016,5,4613.080,2250.263
45.950,138.173,0.016,5,4613.194,2250.881
45.960,138.177,0.016,5,4613.308,2251.498
45.970,138.180,0.016,5,4613.421,2252.116
45.980,138.184,0.016,5,4613.535,2252.734
45.990,138.187,0.016,5,4613.649,2253.351
46.000,138.190,0.016,5,4613.763,2253.969
46.010,138.194,0.016,5,4613.876,2254.587
46.020,138.197,0.015,5,4613.990,2255.205
46.030,138.201,0.015,5,4614.103,2255.823
46.040,138.204,0.015,5,4614.217,2256.440
46.050,138.207,0.015,5,4614.330,2257.058
46.060,138.211,0.015,5,4614.444,2257.676
46.070,138.214,0.015,5,4614.557,2258.294
46.080,138.218,0.015,5,4614.671,2258.912
46.090,138.221,0.015,5,4614.784,2259.530
46.100,138.224,0.015,5,4614.897,2260.148
46.110,138.228,0.015,5,4615.010,2260.766
46.120,138.231,0.015,5,4615.123,2261.384
46.130,138.234,0.015,5,4615.236,2262.001
46.140,138.238,0.015,5,4615.350,2262.619
46.150,138.241,0.015,5,4615.462,2263.237
46.160,138.245,0.015,5,4615.575,2263.855
46.170,138.248,0.015,5,4615.688,2264.473
46.180,138.251,0.015,5,4615.801,2265.091
46.190,138.255,0.015,5,4615.914,2265.710
46.200,138.258,0.015,5,4616.027,2266.328
46.210,138.262,0.015,5,4616.139,2266.946
46.220,138.265,0.015,5,4616.252,2267.564
46.230,138.268,0.015,5,4616.365,2268.182
46.240,138.272,0.015,5,4616.477,2268.800
46.250,138.275,0.015,5,4616.590,2269.418
46.260,138.278,0.015,5,4616.702,2270.036
46.270,138.282,0.015,5,4616.815,2270.654
46.280,138.285,0.015,5,4616.927,2271.273
46.290,138.288,0.015,5,4617.039,2271.891
46.300,138.292,0.015,5,4617.152,2272.509
46.310,138.295,0.015,5,4617.264,2273.127
46.320,138.299,0.015,5,4617.376,2273.745
46.330,138.302,0.015,5,4617.488,2274.364
46.340,138.305,0.015,5,4617.600,2274.982
46.350,138.309,0.015,5,4617.712,2275.600
46.360,138.312,0.015,5,4617.824,2276.219
46.370,138.315,0.015,5,4617.936,2276.837
46.380,138.319,0.015,5,4618.048,2277.455
46.390,138.322,0.015,5,4618.160,2278.074
46.400,138.325,0.015,5,4618.272,2278.692
46.410,138.329,0.015,5,4618.384,2279.310
46.420,138.332,0.015,5,4618.496,2279.929
46.430,138.335,0.015,5,4618.607,2280.547
46.440,138.339,0.015,5,4618.719,2281.166
46.450,138.342,0.015,5,4618.830,2281.784
46.460,138.345,0.015,5,4618.942,2282.402
46.470,138.349,0.015,5,4619.053,2283.021
46.480,138.352,0.015,5,4619.165,2283.639
46.490,138.355,0.015,5,4619.276,2284.258
46.500,138.359,0.015,5,4619.388,2284.876
46.510,138.362,0.015,5,4619.499,2285.495
46.520,138.365,0.015,5,4619.610,2286.113
46.530,138.369,0.015,5,4619.721,2286.732
46.540,138.372,0.015,5,4619.833,2287.351
46.550,138.375,0.015,5,4619.944,2287.969
46.560,138.379,0.015,5,4620.055,2288.588
46.570,138.382,0.015,5,4620.166,2289.206
46.580,138.385,0.015,5,4620.277,2289.825
46.590,138.389,0.015,5,4620.388,2290.444
46.600,138.392,0.015,5,4620.499,2291.062
46.610,138.395,0.015,5,4620.609,2291.681
46.620,138.399,0.015,5,4620.720,2292.300
46.630,138.402,0.015,5,4620.831,2292.918
46.640,138.405,0.015,5,4620.942,2293.537
46.650,138.409,0.015,5,4621.052,2294.156
46.660,138.412,0.015,5,4621.163,2294.775
46.670,138.415,0.015,5,4621.273,2295.393
46.680,138.419,0.015,5,4621.384,2296.012
46.690,138.422,0.015,5,4621.494,2296.631
46.700,138.425,0.015,5,4621.605,2297.250
46.710,138.429,0.015,5,4621.715,2297.869
46.720,138.432,0.015,5,4621.826,2298.487
46.730,138.435,0.015,5,4621.936,2299.106
46.740,138.438,0.015,5,4622.046,2299.725
46.750,138.442,0.015,5,4622.156,2300.344
46.760,138.445,0.015,5,4622.266,2300.963
46.770,138.448,0.015,5,4622.377,2301.582
46.780,138.452,0.015,5,4622.487,2302.201
46.790,138.455,0.015,5,4622.597,2302.820
46.800,138.458,0.015,5,4622.707,2303.439
46.810,138.462,0.015,5,4622.816,2304.058
46.820,138.465,0.015,5,4622.926,2304.677
46.830,138.468,0.015,5,4623.036,2305.296
46.840,138.471,0.015,5,4623.146,2305.915
46.850,138.475,0.015,5,4623.256,2306.534
46.860,138.478,0.015,5,4623.365,2307.153
46.870,138.481,0.015,5,4623.475,2307.772
46.880,138.485,0.015,5,4623.585,2308.391
46.890,138.488,0.015,5,4623.694,2309.010
46.900,138.491,0.015,5,4623.804,2309.629
46.910,138.494,0.015,5,4623.913,2310.248
46.920,138.498,0.015,5,4624.022,2310.867
46.930,138.501,0.015,5,4624.132,2311.486
46.940,138.504,0.015,5,4624.241,2312.106
46.950,138.507,0.015,5,4624.350,2312.725
46.960,138.511,0.015,5,4624.460,2313.344
46.970,138.514,0.015,5,4624.569,2313.963
46.980,138.517,0.015,5,4624.678,2314.582
46.990,138.521,0.015,5,4624.787,2315.202
47.000,138.524,0.015,5,4624.896,2315.821
47.010,138.527,0.015,5,4625.005,2316.440
47.020,138.530,0.015,5,4625.114,2317.059
47.030,138.534,0.015,5,4625.223,2317.679
47.040,138.537,0.015,5,4625.332,2318.298
47.050,138.540,0.015,5,4625.441,2318.917
47.060,138.543,0.015,5,4625.549,2319.537
47.070,138.547,0.015,5,4625.658,2320.156
47.080,138.550,0.015,5,4625.767,2320.775
47.090,138.553,0.015,5,4625.875,2321.395
47.100,138.556,0.015,5,4625.984,2322.014
47.110,138.560,0.015,5,4626.093,2322.634
47.120,138.563,0.015,5,4626.201,2323.253
47.130,138.566,0.015,5,4626.310,2323.872
47.140,138.569,0.015,5,4626.418,2324.492
47.150,138.573,0.015,5,4626.526,2325.111
47.160,138.576,0.015,5,4626.635,2325.731
47.170,138.579,0.015,5,4626.743,2326.350
47.180,138.582,0.015,5,4626.851,2326.970
47.190,138.586,0.015,5,4626.959,2327.589
47.200,138.589,0.015,5,4627.067,2328.209
47.210,138.592,0.015,5,4627.175,2328.828
47.220,138.595,0.015,5,4627.284,2329.448
47.230,138.599,0.015,5,4627.392,2330.068
47.240,138.602,0.015,5,4627.499,2330.687
47.250,138.605,0.015,5,4627.607,2331.307
47.260,138.608,0.015,5,4627.715,2331.926
47.270,138.611,0.015,5,4627.823,2332.546
47.280,138.615,0.015,5,4627.931,2333.166
47.290,138.618,0.015,5,4628.039,2333.785
47.300,138.621,0.015,5,4628.146,2334.405
47.310,138.624,0.015,5,4628.254,2335.025
47.320,138.628,0.015,5,4628.361,2335.644
47.330,138.631,0.015,5,4628.469,2336.264
47.340,138.634,0.015,5,4628.577,2336.884
47.350,138.637,0.015,5,4628.684,2337.504
47.360,138.640,0.015,5,4628.791,2338.123
47.370,138.644,0.015,5,4628.899,2338.743
47.380,138.647,0.015,5,4629.006,2339.363
47.390,138.650,0.015,5,4629.113,2339.983
47.400,138.653,0.015,5,4629.221,2340.603
47.410,138.657,0.015,5,4629.328,2341.223
47.420,138.660,0.015,5,4629.435,2341.842
47.430,138.663,0.015,5,4629.542,2342.462
47.440,138.666,0.015,5,4629.649,2343.082
47.450,138.669,0.015,5,4629.756,2343.702
47.460,138.673,0.015,5,4629.863,2344.322
47.470,138.676,0.015,5,4629.970,2344.942
47.480,138.679,0.015,5,4630.077,2345.562
47.490,138.682,0.015,5,4630.184,2346.182
47.500,138.685,0.015,5,4630.290,2346.802
47.510,138.689,0.015,5,4630.397,2347.422
47.520,138.692,0.015,5,4630.504,2348.042
47.530,138.695,0.015,5,4630.610,2348.662
47.540,138.698,0.015,5,4630.717,2349.282
47.550,138.701,0.015,5,4630.824,2349.902
47.560,138.705,0.015,5,4630.930,2350.522
47.570,138.708,0.015,5,4631.037,2351.142
47.580,138.711,0.015,5,4631.143,2351.762
47.590,138.714,0.015,5,4631.249,2352.382
47.600,138.717,0.015,5,4631.356,2353.002
47.610,138.720,0.015,5,4631.462,2353.622
47.620,138.724,0.014,5,4631.568,2354.242
47.630,138.727,0.014,5,4631.674,2354.863
47.640,138.730,0.014,5,4631.781,2355.483
47.650,138.733,0.014,5,4631.887,2356.103
47.660,138.736,0.014,5,4631.993,2356.723
47.670,138.740,0.014,5,4632.099,2357.343
47.680,138.743,0.014,5,4632.205,2357.964
47.690,138.746,0.014,5,4632.311,2358.584
47.700,138.749,0.014,5,4632.417,2359.204
47.710,138.752,0.014,5,4632.522,2359.824
47.720,138.755,0.014,5,4632.628,2360.445
47.730,138.759,0.014,5,4632.734,2361.065
47.740,138.762,0.014,5,4632.840,2361.685
47.750,138.765,0.014,5,4632.945,2362.306
47.760,138.768,0.014,5,4633.051,2362.926
47.770,138.771,0.014,5,4633.157,2363.546
47.780,138.774,0.014,5,4633.262,2364.167
47.790,138.778,0.014,5,4633.368,2364.787
47.800,138.781,0.014,5,4633.473,2365.407
47.810,138.784,0.014,5,4633.578,2366.028
47.820,138.787,0.014,5,4633.684,2366.648
47.830,138.790,0.014,5,4633.789,2367.269
47.840,138.793,0.014,5,4633.894,2367.889
47.850,138.796,0.014,5,4634.000,2368.510
47.860,138.800,0.014,5,4634.105,2369.130
47.870,138.803,0.014,5,4634.210,2369.751
47.880,138.806,0.014,5,4634.315,2370.371
47.890,138.809,0.014,5,4634.420,2370.992
47.900,138.812,0.014,5,4634.525,2371.612
47.910,138.815,0.014,5,4634.630,2372.233
47.920,138.819,0.014,5,4634.735,2372.853
47.930,138.822,0.014,5,4634.840,2373.474
47.940,138.825,0.014,5,4634.945,2374.095
47.950,138.828,0.014,5,4635.049,2374.715
47.960,138.831,0.014,5,4635.154,2375.336
47.970,138.834,0.014,5,4635.259,2375.956
47.980,138.837,0.014,5,4635.364,2376.577
47.990,138.840,0.014,5,4635.468,2377.198
48.000,138.844,0.014,5,4635.573,2377.818
48.010,138.847,0.014,5,4635.677,2378.439
48.020,138.850,0.014,5,4635.782,2379.060
48.030,138.853,0.014,5,4635.886,2379.680
48.040,138.856,0.014,5,4635.991,2380.301
48.050,138.859,0.014,5,4636.095,2380.922
48.060,138.862,0.014,5,4636.199,2381.543
48.070,138.865,0.014,5,4636.303,2382.164
48.080,138.869,0.014,5,4636.408,2382.784
48.090,138.872,0.014,5,4636.512,2383.405
48.100,138.875,0.014,5,4636.616,2384.026
48.110,138.878,0.014,5,4636.720,2384.647
48.120,138.881,0.014,5,4636.824,2385.268
48.130,138.884,0.014,5,4636.928,2385.888
48.140,138.887,0.014,5,4637.032,2386.509
48.150,138.890,0.014,5,4637.136,2387.130
48.160,138.894,0.014,5,4637.240,2387.751
48.170,138.897,0.014,5,4637.344,2388.372
48.180,138.900,0.014,5,4637.447,2388.993
48.190,138.903,0.014,5,4637.551,2389.614
48.200,138.906,0.014,5,4637.655,2390.235
48.210,138.909,0.014,5,4637.758,2390.856
48.220,138.912,0.014,5,4637.862,2391.477
48.230,138.915,0.014,5,4637.966,2392.098
48.240,138.918,0.014,5,4638.069,2392.719
48.250,138.921,0.014,5,4638.173,2393.340
48.260,138.925,0.014,5,4638.276,2393.961
48.270,138.928,0.014,5,4638.379,2394.582
48.280,138.931,0.014,5,4638.483,2395.203
48.290,138.934,0.014,5,4638.586,2395.824
48.300,138.937,0.014,5,4638.689,2396.445
48.310,138.940,0.014,5,4638.792,2397.066
48.320,138.943,0.014,5,4638.896,2397.687
48.330,138.946,0.014,5,4638.999,2398.309
48.340,138.949,0.014,5,4639.102,2398.930
48.350,138.952,0.014,5,4639.205,2399.551
48.360,138.955,0.014,5,4639.308,2400.172
48.370,138.959,0.014,5,4639.411,2400.793
48.380,138.962,0.014,5,4639.514,2401.414
48.390,138.965,0.014,5,4639.617,2402.036
48.400,138.968,0.014,5,4639.719,2402.657
48.410,138.971,0.014,5,4639.822,2403.278
48.420,138.974,0.014,5,4639.925,2403.899
48.430,138.977,0.014,5,4640.028,2404.521
48.440,138.980,0.014,5,4640.130,2405.142
48.450,138.983,0.014,5,4640.233,2405.763
48.460,138.986,0.014,5,4640.335,2406.385
48.470,138.989,0.014,5,4640.438,2407.006
48.480,138.992,0.014,5,4640.540,2407.627
48.490,138.995,0.014,5,4640.643,2408.249
48.500,138.999,0.014,5,4640.745,2408.870
48.510,139.002,0.014,5,4640.848,2409.491
48.520,139.005,0.014,5,4640.950,2410.113
48.530,139.008,0.014,5,4641.052,2410.734
48.540,139.011,0.014,5,4641.154,2411.356
48.550,139.014,0.014,5,4641.257,2411.977
48.560,139.017,0.014,5,4641.359,2412.599
48.570,139.020,0.014,5,4641.461,2413.220
48.580,139.023,0.014,5,4641.563,2413.841
48.590,139.026,0.014,5,4641.665,2414.463
48.600,139.029,0.014,5,4641.767,2415.084
48.610,139.032,0.014,5,4641.869,2415.706
48.620,139.035,0.014,5,4641.971,2416.328
48.630,139.038,0.014,5,4642.072,2416.949
48.640,139.041,0.014,5,4642.174,2417.571
48.650,139.044,0.014,5,4642.276,2418.192
48.660,139.047,0.014,5,4642.378,2418.814
48.670,139.050,0.014,5,4642.479,2419.435
48.680,139.054,0.014,5,4642.581,2420.057
48.690,139.057,0.014,5,4642.683,2420.679
48.700,139.060,0.014,5,4642.784,2421.300
48.710,139.063,0.014,5,4642.886,2421.922
48.720,139.066,0.014,5,4642.987,2422.544
48.730,139.069,0.014,5,4643.088,2423.165
48.740,139.072,0.014,5,4643.190,2423.787
48.750,139.075,0.014,5,4643.291,2424.409
48.760,139.078,0.014,5,4643.392,2425.030
48.770,139.081,0.014,5,4643.494,2425.652
48.780,139.084,0.014,5,4643.595,2426.274
48.790,139.087,0.014,5,4643.696,2426.896
48.800,139.090,0.014,5,4643.797,2427.518
48.810,139.093,0.014,5,4643.898,2428.139
48.820,139.096,0.014,5,4643.999,2428.761
48.830,139.099,0.014,5,4644.100,2429.383
48.840,139.102,0.014,5,4644.201,2430.005
48.850,139.105,0.014,5,4644.302,2430.627
48.860,139.108,0.014,5,4644.403,2431.248
48.870,139.111,0.014,5,4644.504,2431.870
48.880,139.114,0.014,5,4644.604,2432.492
48.890,139.117,0.014,5,4644.705,2433.114
48.900,139.120,0.014,5,4644.806,2433.736
48.910,139.123,0.014,5,4644.906,2434.358
48.920,139.126,0.014,5,4645.007,2434.980
48.930,139.129,0.014,5,4645.108,2435.602
48.940,139.132,0.014,5,4645.208,2436.224
48.950,139.135,0.014,5,4645.309,2436.846
48.960,139.138,0.014,5,4645.409,2437.468
48.970,139.141,0.014,5,4645.509,2438.090
48.980,139.144,0.014,5,4645.610,2438.712
48.990,139.147,0.014,5,4645.710,2439.334
49.000,139.150,0.014,5,4645.810,2439.956
49.010,139.153,0.014,5,4645.910,2440.578
49.020,139.156,0.014,5,4646.011,2441.200
49.030,139.159,0.014,5,4646.111,2441.822
49.040,139.162,0.014,5,4646.211,2442.444
49.050,139.165,0.014,5,4646.311,2443.066
49.060,139.168,0.014,5,4646.411,2443.689
49.070,139.171,0.014,5,4646.511,2444.311
49.080,139.174,0.014,5,4646.611,2444.933
49.090,139.177,0.014,5,4646.711,2445.555
49.100,139.180,0.014,5,4646.811,2446.177
49.110,139.183,0.014,5,4646.910,2446.799
49.120,139.186,0.014,5,4647.010,2447.422
49.130,139.189,0.014,5,4647.110,2448.044
49.140,139.192,0.014,5,4647.209,2448.666
49.150,139.195,0.014,5,4647.309,2449.288
49.160,139.198,0.014,5,4647.409,2449.911
49.170,139.201,0.014,5,4647.508,2450.533
49.180,139.204,0.014,5,4647.608,2451.155
49.190,139.207,0.014,5,4647.707,2451.777
49.200,139.210,0.014,5,4647.807,2452.400
49.210,139.213,0.014,5,4647.906,2453.022
49.220,139.216,0.014,5,4648.005,2453.644
49.230,139.219,0.014,5,4648.105,2454.267
49.240,139.222,0.014,5,4648.204,2454.889
49.250,139.225,0.014,5,4648.303,2455.512
49.260,139.228,0.014,5,4648.402,2456.134
49.270,139.231,0.014,5,4648.501,2456.756
49.280,139.234,0.014,5,4648.600,2457.379
49.290,139.237,0.014,5,4648.699,2458.001
49.300,139.240,0.014,5,4648.798,2458.624
49.310,139.243,0.014,5,4648.897,2459.246
49.320,139.246,0.013,5,4648.996,2459.869
49.330,139.249,0.013,5,4649.095,2460.491
49.340,139.252,0.013,5,4649.194,2461.114
49.350,139.255,0.013,5,4649.293,2461.736
49.360,139.257,0.013,5,4649.392,2462.359
49.370,139.260,0.013,5,4649.490,2462.981
49.380,139.263,0.013,5,4649.589,2463.604
49.390,139.266,0.013,5,4649.688,2464.226
49.400,139.269,0.013,5,4649.786,2464.849
49.410,139.272,0.013,5,4649.885,2465.471
49.420,139.275,0.013,5,4649.983,2466.094
49.430,139.278,0.013,5,4650.082,2466.717
49.440,139.281,0.013,5,4650.180,2467.339
49.450,139.284,0.013,5,4650.278,2467.962
49.460,139.287,0.013,5,4650.377,2468.585
49.470,139.290,0.013,5,4650.475,2469.207
49.480,139.293,0.013,5,4650.573,2469.830
49.490,139.296,0.013,5,4650.672,2470.453
49.500,139.299,0.013,5,4650.770,2471.075
49.510,139.302,0.013,5,4650.868,2471.698
49.520,139.305,0.013,5,4650.966,2472.321
49.530,139.308,0.013,5,4651.064,2472.944
49.540,139.311,0.013,5,4651.162,2473.566
49.550,139.313,0.013,5,4651.260,2474.189
49.560,139.316,0.013,5,4651.358,2474.812
49.570,139.319,0.013,5,4651.456,2475.435
49.580,139.322,0.013,5,4651.554,2476.058
49.590,139.325,0.013,5,4651.651,2476.680
49.600,139.328,0.013,5,4651.749,2477.303
49.610,139.331,0.013,5,4651.847,2477.926
49.620,139.334,0.013,5,4651.945,2478.549
49.630,139.337,0.013,5,4652.042,2479.172
49.640,139.340,0.013,5,4652.140,2479.795
49.650,139.343,0.013,5,4652.237,2480.418
49.660,139.346,0.013,5,4652.335,2481.041
49.670,139.349,0.013,5,4652.432,2481.664
49.680,139.351,0.013,5,4652.530,2482.286
49.690,139.354,0.013,5,4652.627,2482.909
49.700,139.357,0.013,5,4652.724,2483.532
49.710,139.360,0.013,5,4652.822,2484.155
49.720,139.363,0.013,5,4652.919,2484.778
49.730,139.366,0.013,5,4653.016,2485.401
49.740,139.369,0.013,5,4653.113,2486.024
49.750,139.372,0.013,5,4653.211,2486.648
49.760,139.375,0.013,5,4653.308,2487.271
49.770,139.378,0.013,5,4653.405,2487.894
49.780,139.381,0.013,5,4653.502,2488.517
49.790,139.384,0.013,5,4653.599,2489.140
49.800,139.386,0.013,5,4653.696,2489.763
49.810,139.389,0.013,5,4653.793,2490.386
49.820,139.392,0.013,5,4653.889,2491.009
49.830,139.395,0.013,5,4653.986,2491.632
49.840,139.398,0.013,5,4654.083,2492.255
49.850,139.401,0.013,5,4654.180,2492.879
49.860,139.404,0.013,5,4654.276,2493.502
49.870,139.407,0.013,5,4654.373,2494.125
49.880,139.410,0.013,5,4654.470,2494.748
49.890,139.412,0.013,5,4654.566,2495.371
49.900,139.415,0.013,5,4654.663,2495.995
49.910,139.418,0.013,5,4654.759,2496.618
49.920,139.421,0.013,5,4654.856,2497.241
49.930,139.424,0.013,5,4654.952,2497.864
49.940,139.427,0.013,5,4655.048,2498.488
49.950,139.430,0.013,5,4655.145,2499.111
49.960,139.433,0.013,5,4655.241,2499.734
49.970,139.436,0.013,5,4655.337,2500.358
49.980,139.438,0.013,5,4655.434,2500.981
49.990,139.441,0.013,5,4655.530,2501.604
50.000,139.444,0.013,5,4655.626,2502.228
50.010,139.447,0.013,5,4655.722,2502.851
50.020,139.450,0.013,5,4655.818,2503.474
50.030,139.453,0.013,5,4655.914,2504.098
50.040,139.456,0.013,5,4656.010,2504.721
50.050,139.459,0.013,5,4656.106,2505.345
50.060,139.461,0.013,5,4656.202,2505.968
50.070,139.464,0.013,5,4656.298,2506.592
50.080,139.467,0.013,5,4656.393,2507.215
50.090,139.470,0.013,5,4656.489,2507.839
50.100,139.473,0.013,5,4656.585,2508.462
50.110,139.476,0.013,5,4656.680,2509.086
50.120,139.479,0.013,5,4656.776,2509.709
50.130,139.482,0.013,5,4656.872,2510.333
50.140,139.484,0.013,5,4656.967,2510.956
50.150,139.487,0.013,5,4657.063,2511.580
50.160,139.490,0.013,5,4657.158,2512.203
50.170,139.493,0.013,5,4657.254,2512.827
50.180,139.496,0.013,5,4657.349,2513.450
50.190,139.499,0.013,5,4657.444,2514.074
50.200,139.502,0.013,5,4657.540,2514.698
50.210,139.504,0.013,5,4657.635,2515.321
50.220,139.507,0.013,5,4657.730,2515.945
50.230,139.510,0.013,5,4657.825,2516.569
50.240,139.513,0.013,5,4657.921,2517.192
50.250,139.516,0.013,5,4658.016,2517.816
50.260,139.519,0.013,5,4658.111,2518.440
50.270,139.521,0.013,5,4658.206,2519.063
50.280,139.524,0.013,5,4658.301,2519.687
50.290,139.527,0.013,5,4658.396,2520.311
50.300,139.530,0.013,5,4658.491,2520.935
50.310,139.533,0.013,5,4658.586,2521.558
50.320,139.536,0.013,5,4658.680,2522.182
50.330,139.539,0.013,5,4658.775,2522.806
50.340,139.541,0.013,5,4658.870,2523.430
50.350,139.544,0.013,5,4658.965,2524.054
50.360,139.547,0.013,5,4659.059,2524.677
50.370,139.550,0.013,5,4659.154,2525.301
50.380,139.553,0.013,5,4659.249,2525.925
50.390,139.556,0.013,5,4659.343,2526.549
50.400,139.558,0.013,5,4659.438,2527.173
50.410,139.561,0.013,5,4659.532,2527.797
50.420,139.564,0.013,5,4659.627,2528.421
50.430,139.567,0.013,5,4659.721,2529.044
50.440,139.570,0.013,5,4659.815,2529.668
50.450,139.573,0.013,5,4659.910,2530.292
50.460,139.575,0.013,5,4660.004,2530.916
50.470,139.578,0.013,5,4660.098,2531.540
50.480,139.581,0.013,5,4660.192,2532.164
50.490,139.584,0.013,5,4660.286,2532.788
50.500,139.587,0.013,5,4660.381,2533.412
50.510,139.589,0.013,5,4660.475,2534.036
50.520,139.592,0.013,5,4660.569,2534.660
50.530,139.595,0.013,5,4660.663,2535.284
50.540,139.598,0.013,5,4660.757,2535.908
50.550,139.601,0.013,5,4660.851,2536.532
50.560,139.604,0.013,5,4660.944,2537.156
50.570,139.606,0.013,5,4661.038,2537.781
50.580,139.609,0.013,5,4661.132,2538.405
50.590,139.612,0.013,5,4661.226,2539.029
50.600,139.615,0.013,5,4661.320,2539.653
50.610,139.618,0.013,5,4661.413,2540.277
50.620,139.620,0.013,5,4661.507,2540.901
50.630,139.623,0.013,5,4661.600,2541.525
50.640,139.626,0.013,5,4661.694,2542.150
50.650,139.629,0.013,5,4661.788,2542.774
50.660,139.632,0.013,5,4661.881,2543.398
50.670,139.634,0.013,5,4661.974,2544.022
50.680,139.637,0.013,5,4662.068,2544.646
50.690,139.640,0.013,5,4662.161,2545.271
50.700,139.643,0.013,5,4662.255,2545.895
50.710,139.646,0.013,5,4662.348,2546.519
50.720,139.648,0.013,5,4662.441,2547.143
50.730,139.651,0.013,5,4662.534,2547.768
50.740,139.654,0.013,5,4662.627,2548.392
50.750,139.657,0.013,5,4662.721,2549.016
50.760,139.660,0.013,5,4662.814,2549.641
50.770,139.662,0.013,5,4662.907,2550.265
50.780,139.665,0.013,5,4663.000,2550.889
50.790,139.668,0.013,5,4663.093,2551.514
50.800,139.671,0.013,5,4663.186,2552.138
50.810,139.673,0.013,5,4663.278,2552.762
50.820,139.676,0.013,5,4663.371,2553.387
50.830,139.679,0.013,5,4663.464,2554.011
50.840,139.682,0.013,5,4663.557,2554.636
50.850,139.685,0.013,5,4663.650,2555.260
50.860,139.687,0.013,5,4663.742,2555.885
50.870,139.690,0.013,5,4663.835,2556.509
50.880,139.693,0.013,5,4663.928,2557.134
50.890,139.696,0.013,5,4664.020,2557.758
50.900,139.698,0.013,5,4664.113,2558.383
50.910,139.701,0.013,5,4664.205,2559.007
50.920,139.704,0.013,5,4664.298,2559.632
50.930,139.707,0.013,5,4664.390,2560.256
50.940,139.709,0.013,5,4664.483,2560.881
50.950,139.712,0.013,5,4664.575,2561.505
50.960,139.715,0.013,5,4664.667,2562.130
50.970,139.718,0.013,5,4664.759,2562.754
50.980,139.721,0.013,5,4664.852,2563.379
50.990,139.723,0.013,5,4664.944,2564.004
51.000,139.726,0.013,5,4665.036,2564.628
51.010,139.729,0.013,5,4665.128,2565.253
51.020,139.732,0.013,5,4665.220,2565.877
51.030,139.734,0.013,5,4665.312,2566.502
51.040,139.737,0.013,5,4665.404,2567.127
51.050,139.740,0.013,5,4665.496,2567.752
51.060,139.743,0.013,5,4665.588,2568.376
51.070,139.745,0.013,5,4665.680,2569.001
51.080,139.748,0.013,5,4665.772,2569.626
51.090,139.751,0.013,5,4665.864,2570.250
51.100,139.754,0.013,5,4665.955,2570.875
51.110,139.756,0.013,5,4666.047,2571.500
51.120,139.759,0.013,5,4666.139,2572.125
51.130,139.762,0.013,5,4666.230,2572.749
51.140,139.765,0.012,5,4666.322,2573.374
51.150,139.767,0.012,5,4666.414,2573.999
51.160,139.770,0.012,5,4666.505,2574.624
51.170,139.773,0.012,5,4666.597,2575.249
51.180,139.776,0.012,5,4666.688,2575.874
51.190,139.778,0.012,5,4666.779,2576.498
51.200,139.781,0.012,5,4666.871,2577.123
51.210,139.784,0.012,5,4666.962,2577.748
51.220,139.786,0.012,5,4667.053,2578.373
51.230,139.789,0.012,5,4667.145,2578.998
51.240,139.792,0.012,5,4667.236,2579.623
51.250,139.795,0.012,5,4667.327,2580.248
51.260,139.797,0.012,5,4667.418,2580.873
51.270,139.800,0.012,5,4667.509,2581.498
51.280,139.803,0.012,5,4667.600,2582.123
51.290,139.806,0.012,5,4667.691,2582.748
51.300,139.808,0.012,5,4667.782,2583.373
51.310,139.811,0.012,5,4667.873,2583.998
51.320,139.814,0.012,5,4667.964,2584.623
51.330,139.817,0.012,5,4668.055,2585.248
51.340,139.819,0.012,5,4668.146,2585.873
51.350,139.822,0.012,5,4668.237,2586.498
51.360,139.825,0.012,5,4668.327,2587.123
51.370,139.827,0.012,5,4668.418,2587.748
51.380,139.830,0.012,5,4668.509,2588.373
51.390,139.833,0.012,5,4668.600,2588.998
51.400,139.836,0.012,5,4668.690,2589.623
51.410,139.838,0.012,5,4668.781,2590.248
51.420,139.841,0.012,5,4668.871,2590.874
51.430,139.844,0.012,5,4668.962,2591.499
51.440,139.846,0.012,5,4669.052,2592.124
51.450,139.849,0.012,5,4669.143,2592.749
51.460,139.852,0.012,5,4669.233,2593.374
51.470,139.854,0.012,5,4669.323,2593.999
51.480,139.857,0.012,5,4669.414,2594.625
51.490,139.860,0.012,5,4669.504,2595.250
51.500,139.863,0.012,5,4669.594,2595.875
51.510,139.865,0.012,5,4669.684,2596.500
51.520,139.868,0.012,5,4669.774,2597.126
51.530,139.871,0.012,5,4669.864,2597.751
51.540,139.873,0.012,5,4669.955,2598.376
51.550,139.876,0.012,5,4670.045,2599.001
51.560,139.879,0.012,5,4670.135,2599.627
51.570,139.881,0.012,5,4670.225,2600.252
51.580,139.884,0.012,5,4670.314,2600.877
51.590,139.887,0.012,5,4670.404,2601.503
51.600,139.890,0.012,5,4670.494,2602.128
51.610,139.892,0.012,5,4670.584,2602.753
51.620,139.895,0.012,5,4670.674,2603.379
51.630,139.898,0.012,5,4670.763,2604.004
51.640,139.900,0.012,5,4670.853,2604.630
51.650,139.903,0.012,5,4670.943,2605.255
51.660,139.906,0.012,5,4671.032,2605.880
51.670,139.908,0.012,5,4671.122,2606.506
51.680,139.911,0.012,5,4671.212,2607.131
51.690,139.914,0.012,5,4671.301,2607.757
51.700,139.916,0.012,5,4671.390,2608.382
51.710,139.919,0.012,5,4671.480,2609.008
51.720,139.922,0.012,5,4671.569,2609.633
51.730,139.924,0.012,5,4671.659,2610.259
51.740,139.927,0.012,5,4671.748,2610.884
51.750,139.930,0.012,5,4671.837,2611.510
51.760,139.932,0.012,5,4671.926,2612.135
51.770,139.935,0.012,5,4672.016,2612.761
51.780,139.938,0.012,5,4672.105,2613.386
51.790,139.940,0.012,5,4672.194,2614.012
51.800,139.943,0.012,5,4672.283,2614.638
51.810,139.946,0.012,5,4672.372,2615.263
51.820,139.948,0.012,5,4672.461,2615.889
51.830,139.951,0.012,5,4672.550,2616.515
51.840,139.954,0.012,5,4672.639,2617.140
51.850,139.956,0.012,5,4672.728,2617.766
51.860,139.959,0.012,5,4672.817,2618.391
51.870,139.962,0.012,5,4672.906,2619.017
51.880,139.964,0.012,5,4672.994,2619.643
51.890,139.967,0.012,5,4673.083,2620.269
51.900,139.970,0.012,5,4673.172,2620.894
51.910,139.972,0.012,5,4673.260,2621.520
51.920,139.975,0.012,5,4673.349,2622.146
51.930,139.978,0.012,5,4673.438,2622.771
51.940,139.980,0.012,5,4673.526,2623.397
51.950,139.983,0.012,5,4673.615,2624.023
51.960,139.986,0.012,5,4673.703,2624.649
51.970,139.988,0.012,5,4673.792,2625.275
51.980,139.991,0.012,5,4673.880,2625.900
51.990,139.994,0.012,5,4673.968,2626.526
52.000,139.996,0.012,5,4674.057,2627.152
52.010,139.999,0.012,5,4674.145,2627.778
52.020,140.002,0.012,5,4674.233,2628.404
52.030,140.004,0.012,5,4674.321,2629.030
52.040,140.007,0.012,5,4674.410,2629.656
52.050,140.009,0.012,5,4674.498,2630.281
52.060,140.012,0.012,5,4674.586,2630.907
52.070,140.015,0.012,5,4674.674,2631.533
52.080,140.017,0.012,5,4674.762,2632.159
52.090,140.020,0.012,5,4674.850,2632.785
52.100,140.023,0.012,5,4674.938,2633.411
52.110,140.025,0.012,5,4675.026,2634.037
52.120,140.028,0.012,5,4675.114,2634.663
52.130,140.031,0.012,5,4675.202,2635.289
52.140,140.033,0.012,5,4675.289,2635.915
52.150,140.036,0.012,5,4675.377,2636.541
52.160,140.038,0.012,5,4675.465,2637.167
52.170,140.041,0.012,5,4675.553,2637.793
52.180,140.044,0.012,5,4675.640,2638.419
52.190,140.046,0.012,5,4675.728,2639.045
52.200,140.049,0.012,5,4675.816,2639.671
52.210,140.052,0.012,5,4675.903,2640.297
52.220,140.054,0.012,5,4675.991,2640.923
52.230,140.057,0.012,5,4676.078,2641.549
52.240,140.059,0.012,5,4676.165,2642.176
52.250,140.062,0.012,5,4676.253,2642.802
52.260,140.065,0.012,5,4676.340,2643.428
52.270,140.067,0.012,5,4676.428,2644.054
52.280,140.070,0.012,5,4676.515,2644.680
52.290,140.073,0.012,5,4676.602,2645.306
52.300,140.075,0.012,5,4676.689,2645.933
52.310,140.078,0.012,5,4676.777,2646.559
52.320,140.080,0.012,5,4676.864,2647.185
52.330,140.083,0.012,5,4676.951,2647.811
52.340,140.086,0.012,5,4677.038,2648.437
52.350,140.088,0.012,5,4677.125,2649.064
52.360,140.091,0.012,5,4677.212,2649.690
52.370,140.093,0.012,5,4677.299,2650.316
52.380,140.096,0.012,5,4677.386,2650.942
52.390,140.099,0.012,5,4677.473,2651.569
52.400,140.101,0.012,5,4677.559,2652.195
52.410,140.104,0.012,5,4677.646,2652.821
52.420,140.106,0.012,5,4677.733,2653.448
52.430,140.109,0.012,5,4677.820,2654.074
52.440,140.112,0.012,5,4677.906,2654.700
52.450,140.114,0.012,5,4677.993,2655.327
52.460,140.117,0.012,5,4678.080,2655.953
52.470,140.119,0.012,5,4678.166,2656.579
52.480,140.122,0.012,5,4678.253,2657.206
52.490,140.125,0.012,5,4678.339,2657.832
52.500,140.127,0.012,5,4678.426,2658.459
52.510,140.130,0.012,5,4678.512,2659.085
52.520,140.132,0.012,5,4678.599,2659.712
52.530,140.135,0.012,5,4678.685,2660.338
52.540,140.137,0.012,5,4678.771,2660.964
52.550,140.140,0.012,5,4678.858,2661.591
52.560,140.143,0.012,5,4678.944,2662.217
52.570,140.145,0.012,5,4679.030,2662.844
52.580,140.148,0.012,5,4679.116,2663.470
52.590,140.150,0.012,5,4679.203,2664.097
52.600,140.153,0.012,5,4679.289,2664.723
52.610,140.156,0.012,5,4679.375,2665.350
52.620,140.158,0.012,5,4679.461,2665.977
52.630,140.161,0.012,5,4679.547,2666.603
52.640,140.163,0.012,5,4679.633,2667.230
52.650,140.166,0.012,5,4679.719,2667.856
52.660,140.168,0.012,5,4679.805,2668.483
52.670,140.171,0.012,5,4679.890,2669.110
52.680,140.174,0.012,5,4679.976,2669.736
52.690,140.176,0.012,5,4680.062,2670.363
52.700,140.179,0.012,5,4680.148,2670.989
52.710,140.181,0.012,5,4680.234,2671.616
52.720,140.184,0.012,5,4680.319,2672.243
52.730,140.186,0.012,5,4680.405,2672.869
52.740,140.189,0.012,5,4680.490,2673.496
52.750,140.192,0.012,5,4680.576,2674.123
52.760,140.194,0.012,5,4680.662,2674.750
52.770,140.197,0.012,5,4680.747,2675.376
52.780,140.199,0.012,5,4680.833,2676.003
52.790,140.202,0.012,5,4680.918,2676.630
52.800,140.204,0.012,5,4681.003,2677.257
52.810,140.207,0.012,5,4681.089,2677.883
52.820,140.209,0.012,5,4681.174,2678.510
52.830,140.212,0.012,5,4681.259,2679.137
52.840,140.215,0.012,5,4681.345,2679.764
52.850,140.217,0.012,5,4681.430,2680.391
52.860,140.220,0.012,5,4681.515,2681.017
52.870,140.222,0.012,5,4681.600,2681.644
52.880,140.225,0.012,5,4681.685,2682.271
52.890,140.227,0.012,5,4681.770,2682.898
52.900,140.230,0.012,5,4681.855,2683.525
52.910,140.232,0.012,5,4681.940,2684.152
52.920,140.235,0.012,5,4682.025,2684.779
52.930,140.237,0.012,5,4682.110,2685.405
52.940,140.240,0.012,5,4682.195,2686.032
52.950,140.243,0.012,5,4682.280,2686.659
52.960,140.245,0.012,5,4682.365,2687.286
52.970,140.248,0.012,5,4682.449,2687.913
52.980,140.250,0.012,5,4682.534,2688.540
52.990,140.253,0.012,5,4682.619,2689.167
53.000,140.255,0.012,5,4682.703,2689.794
53.010,140.258,0.012,5,4682.788,2690.421
53.020,140.260,0.012,5,4682.873,2691.048
53.030,140.263,0.012,5,4682.957,2691.675
53.040,140.265,0.012,5,4683.042,2692.302
53.050,140.268,0.012,5,4683.126,2692.929
53.060,140.270,0.012,5,4683.211,2693.556
53.070,140.273,0.012,5,4683.295,2694.183
53.080,140.275,0.012,5,4683.379,2694.811
53.090,140.278,0.012,5,4683.464,2695.438
53.100,140.281,0.012,5,4683.548,2696.065
53.110,140.283,0.011,5,4683.632,2696.692
53.120,140.286,0.011,5,4683.717,2697.319
53.130,140.288,0.011,5,4683.801,2697.946
53.140,140.291,0.011,5,4683.885,2698.573
53.150,140.293,0.011,5,4683.969,2699.200
53.160,140.296,0.011,5,4684.053,2699.828
53.170,140.298,0.011,5,4684.137,2700.455
53.180,140.301,0.011,5,4684.221,2701.082
53.190,140.303,0.011,5,4684.305,2701.709
53.200,140.306,0.011,5,4684.389,2702.336
53.210,140.308,0.011,5,4684.473,2702.964
53.220,140.311,0.011,5,4684.557,2703.591
53.230,140.313,0.011,5,4684.641,2704.218
53.240,140.316,0.011,5,4684.725,2704.845
53.250,140.318,0.011,5,4684.808,2705.473
53.260,140.321,0.011,5,4684.892,2706.100
53.270,140.323,0.011,5,4684.976,2706.727
53.280,140.326,0.011,5,4685.060,2707.355
53.290,140.328,0.011,5,4685.143,2707.982
53.300,140.331,0.011,5,4685.227,2708.609
53.310,140.333,0.011,5,4685.310,2709.236
53.320,140.336,0.011,5,4685.394,2709.864
53.330,140.338,0.011,5,4685.477,2710.491
53.340,140.341,0.011,5,4685.561,2711.119
53.350,140.343,0.011,5,4685.644,2711.746
53.360,140.346,0.011,5,4685.728,2712.373
53.370,140.348,0.011,5,4685.811,2713.001
53.380,140.351,0.011,5,4685.894,2713.628
53.390,140.353,0.011,5,4685.978,2714.256
53.400,140.356,0.011,5,4686.061,2714.883
53.410,140.358,0.011,5,4686.144,2715.511
53.420,140.361,0.011,5,4686.227,2716.138
53.430,140.363,0.011,5,4686.310,2716.765
53.440,140.366,0.011,5,4686.393,2717.393
53.450,140.368,0.011,5,4686.476,2718.020
53.460,140.371,0.011,5,4686.559,2718.648
53.470,140.373,0.011,5,4686.642,2719.275
53.480,140.376,0.011,5,4686.725,2719.903
53.490,140.378,0.011,5,4686.808,2720.531
53.500,140.381,0.011,5,4686.891,2721.158
53.510,140.383,0.011,5,4686.974,2721.786
53.520,140.386,0.011,5,4687.057,2722.413
53.530,140.388,0.011,5,4687.140,2723.041
53.540,140.391,0.011,5,4687.222,2723.668
53.550,140.393,0.011,5,4687.305,2724.296
53.560,140.396,0.011,5,4687.388,2724.924
53.570,140.398,0.011,5,4687.470,2725.551
53.580,140.401,0.011,5,4687.553,2726.179
53.590,140.403,0.011,5,4687.636,2726.807
53.600,140.405,0.011,5,4687.718,2727.434
53.610,140.408,0.011,5,4687.801,2728.062
53.620,140.410,0.011,5,4687.883,2728.690
53.630,140.413,0.011,5,4687.966,2729.317
53.640,140.415,0.011,5,4688.048,2729.945
53.650,140.418,0.011,5,4688.130,2730.573
53.660,140.420,0.011,5,4688.213,2731.200
53.670,140.423,0.011,5,4688.295,2731.828
53.680,140.425,0.011,5,4688.377,2732.456
53.690,140.428,0.011,5,4688.459,2733.084
53.700,140.430,0.011,5,4688.542,2733.711
53.710,140.433,0.011,5,4688.624,2734.339
53.720,140.435,0.011,5,4688.706,2734.967
53.730,140.437,0.011,5,4688.788,2735.595
53.740,140.440,0.011,5,4688.870,2736.223
53.750,140.442,0.011,5,4688.952,2736.850
53.760,140.445,0.011,5,4689.034,2737.478
53.770,140.447,0.011,5,4689.116,2738.106
53.780,140.450,0.011,5,4689.198,2738.734
53.790,140.452,0.011,5,4689.280,2739.362
53.800,140.455,0.011,5,4689.362,2739.990
53.810,140.457,0.011,5,4689.443,2740.618
53.820,140.460,0.011,5,4689.525,2741.246
53.830,140.462,0.011,5,4689.607,2741.873
53.840,140.464,0.011,5,4689.689,2742.501
53.850,140.467,0.011,5,4689.770,2743.129
53.860,140.469,0.011,5,4689.852,2743.757
53.870,140.472,0.011,5,4689.933,2744.385
53.880,140.474,0.011,5,4690.015,2745.013
53.890,140.477,0.011,5,4690.097,2745.641
53.900,140.479,0.011,5,4690.178,2746.269
53.910,140.482,0.011,5,4690.259,2746.897
53.920,140.484,0.011,5,4690.341,2747.525
53.930,140.486,0.011,5,4690.422,2748.153
53.940,140.489,0.011,5,4690.504,2748.781
53.950,140.491,0.011,5,4690.585,2749.409
53.960,140.494,0.011,5,4690.666,2750.037
53.970,140.496,0.011,5,4690.748,2750.665
53.980,140.499,0.011,5,4690.829,2751.293
53.990,140.501,0.011,5,4690.910,2751.922
54.000,140.503,0.011,5,4690.991,2752.550
54.010,140.506,0.011,5,4691.072,2753.178
54.020,140.508,0.011,5,4691.153,2753.806
54.030,140.511,0.011,5,4691.234,2754.434
54.040,140.513,0.011,5,4691.315,2755.062
54.050,140.516,0.011,5,4691.396,2755.690
54.060,140.518,0.011,5,4691.477,2756.318
54.070,140.520,0.011,5,4691.558,2756.947
54.080,140.523,0.011,5,4691.639,2757.575
54.090,140.525,0.011,5,4691.720,2758.203
54.100,140.528,0.011,5,4691.801,2758.831
54.110,140.530,0.011,5,4691.881,2759.459
54.120,140.533,0.011,5,4691.962,2760.088
54.130,140.535,0.011,5,4692.043,2760.716
54.140,140.537,0.011,5,4692.123,2761.344
54.150,140.540,0.011,5,4692.204,2761.972
54.160,140.542,0.011,5,4692.285,2762.601
54.170,140.545,0.011,5,4692.365,2763.229
54.180,140.547,0.011,5,4692.446,2763.857
54.190,140.549,0.011,5,4692.526,2764.486
54.200,140.552,0.011,5,4692.607,2765.114
54.210,140.554,0.011,5,4692.687,2765.742
54.220,140.557,0.011,5,4692.768,2766.371
54.230,140.559,0.011,5,4692.848,2766.999
54.240,140.561,0.011,5,4692.928,2767.627
54.250,140.564,0.011,5,4693.009,2768.256
54.260,140.566,0.011,5,4693.089,2768.884
54.270,140.569,0.011,5,4693.169,2769.512
54.280,140.571,0.011,5,4693.249,2770.141
54.290,140.574,0.011,5,4693.329,2770.769
54.300,140.576,0.011,5,4693.409,2771.398
54.310,140.578,0.011,5,4693.490,2772.026
54.320,140.581,0.011,5,4693.570,2772.655
54.330,140.583,0.011,5,4693.650,2773.283
54.340,140.585,0.011,5,4693.730,2773.912
54.350,140.588,0.011,5,4693.810,2774.540
54.360,140.590,0.011,5,4693.889,2775.168
54.370,140.593,0.011,5,4693.969,2775.797
54.380,140.595,0.011,5,4694.049,2776.425
54.390,140.597,0.011,5,4694.129,2777.054
54.400,140.600,0.011,5,4694.209,2777.683
54.410,140.602,0.011,5,4694.288,2778.311
54.420,140.605,0.011,5,4694.368,2778.940
54.430,140.607,0.011,5,4694.448,2779.568
54.440,140.609,0.011,5,4694.528,2780.197
54.450,140.612,0.011,5,4694.607,2780.825
54.460,140.614,0.011,5,4694.687,2781.454
54.470,140.617,0.011,5,4694.766,2782.083
54.480,140.619,0.011,5,4694.846,2782.711
54.490,140.621,0.011,5,4694.925,2783.340
54.500,140.624,0.011,5,4695.005,2783.968
54.510,140.626,0.011,5,4695.084,2784.597
54.520,140.628,0.011,5,4695.163,2785.226
54.530,140.631,0.011,5,4695.243,2785.854
54.540,140.633,0.011,5,4695.322,2786.483
54.550,140.636,0.011,5,4695.401,2787.112
54.560,140.638,0.011,5,4695.481,2787.740
54.570,140.640,0.011,5,4695.560,2788.369
54.580,140.643,0.011,5,4695.639,2788.998
54.590,140.645,0.011,5,4695.718,2789.627
54.600,140.647,0.011,5,4695.797,2790.255
54.610,140.650,0.011,5,4695.876,2790.884
54.620,140.652,0.011,5,4695.955,2791.513
54.630,140.655,0.011,5,4696.034,2792.142
54.640,140.657,0.011,5,4696.113,2792.770
54.650,140.659,0.011,5,4696.192,2793.399
54.660,140.662,0.011,5,4696.271,2794.028
54.670,140.664,0.011,5,4696.350,2794.657
54.680,140.666,0.011,5,4696.429,2795.286
54.690,140.669,0.011,5,4696.508,2795.915
54.700,140.671,0.011,5,4696.586,2796.543
54.710,140.673,0.011,5,4696.665,2797.172
54.720,140.676,0.011,5,4696.744,2797.801
54.730,140.678,0.011,5,4696.822,2798.430
54.740,140.680,0.011,5,4696.901,2799.059
54.750,140.683,0.011,5,4696.980,2799.688
54.760,140.685,0.011,5,4697.058,2800.317
54.770,140.688,0.011,5,4697.137,2800.946
54.780,140.690,0.011,5,4697.215,2801.575
54.790,140.692,0.011,5,4697.294,2802.204
54.800,140.695,0.011,5,4697.372,2802.832
54.810,140.697,0.011,5,4697.451,2803.461
54.820,140.699,0.011,5,4697.529,2804.090
54.830,140.702,0.011,5,4697.607,2804.719
54.840,140.704,0.011,5,4697.686,2805.348
54.850,140.706,0.011,5,4697.764,2805.977
54.860,140.709,0.011,5,4697.842,2806.606
54.870,140.711,0.011,5,4697.920,2807.235
54.880,140.713,0.011,5,4697.998,2807.865
54.890,140.716,0.011,5,4698.077,2808.494
54.900,140.718,0.011,5,4698.155,2809.123
54.910,140.720,0.011,5,4698.233,2809.752
54.920,140.723,0.011,5,4698.311,2810.381
54.930,140.725,0.011,5,4698.389,2811.010
54.940,140.727,0.011,5,4698.467,2811.639
54.950,140.730,0.011,5,4698.545,2812.268
54.960,140.732,0.011,5,4698.623,2812.897
54.970,140.734,0.011,5,4698.700,2813.526
54.980,140.737,0.011,5,4698.778,2814.155
54.990,140.739,0.011,5,4698.856,2814.785
55.000,140.741,0.011,5,4698.934,2815.414
55.010,140.744,0.011,5,4699.012,2816.043
55.020,140.746,0.011,5,4699.089,2816.672
55.030,140.748,0.011,5,4699.167,2817.301
55.040,140.751,0.011,5,4699.245,2817.931
55.050,140.753,0.011,5,4699.322,2818.560
55.060,140.755,0.011,5,4699.400,2819.189
55.070,140.758,0.011,5,4699.477,2819.818
55.080,140.760,0.011,5,4699.555,2820.447
55.090,140.762,0.011,5,4699.632,2821.077
55.100,140.765,0.011,5,4699.710,2821.706
55.110,140.767,0.011,5,4699.787,2822.335
55.120,140.769,0.011,5,4699.864,2822.965
55.130,140.772,0.011,5,4699.942,2823.594
55.140,140.774,0.011,5,4700.019,2824.223
55.150,140.776,0.011,5,4700.096,2824.852
55.160,140.779,0.011,5,4700.174,2825.482
55.170,140.781,0.011,5,4700.251,2826.111
55.180,140.783,0.011,5,4700.328,2826.741
55.190,140.785,0.011,5,4700.405,2827.370
55.200,140.788,0.011,5,4700.482,2827.999
55.210,140.790,0.011,5,4700.559,2828.629
55.220,140.792,0.011,5,4700.636,2829.258
55.230,140.795,0.011,5,4700.713,2829.887
55.240,140.797,0.011,5,4700.790,2830.517
55.250,140.799,0.010,5,4700.867,2831.146
55.260,140.802,0.010,5,4700.944,2831.776
55.270,140.804,0.010,5,4701.021,2832.405
55.280,140.806,0.010,5,4701.098,2833.035
55.290,140.808,0.010,5,4701.175,2833.664
55.300,140.811,0.010,5,4701.251,2834.294
55.310,140.813,0.010,5,4701.328,2834.923
55.320,140.815,0.010,5,4701.405,2835.553
55.330,140.818,0.010,5,4701.482,2836.182
55.340,140.820,0.010,5,4701.558,2836.812
55.350,140.822,0.010,5,4701.635,2837.441
55.360,140.825,0.010,5,4701.711,2838.071
55.370,140.827,0.010,5,4701.788,2838.700
55.380,140.829,0.010,5,4701.865,2839.330
55.390,140.831,0.010,5,4701.941,2839.959
55.400,140.834,0.010,5,4702.017,2840.589
55.410,140.836,0.010,5,4702.094,2841.218
55.420,140.838,0.010,5,4702.170,2841.848
55.430,140.841,0.010,5,4702.247,2842.478
55.440,140.843,0.010,5,4702.323,2843.107
55.450,140.845,0.010,5,4702.399,2843.737
55.460,140.847,0.010,5,4702.475,2844.367
55.470,140.850,0.010,5,4702.552,2844.996
55.480,140.852,0.010,5,4702.628,2845.626
55.490,140.854,0.010,5,4702.704,2846.255
55.500,140.857,0.010,5,4702.780,2846.885
55.510,140.859,0.010,5,4702.856,2847.515
55.520,140.861,0.010,5,4702.932,2848.145
55.530,140.863,0.010,5,4703.008,2848.774
55.540,140.866,0.010,5,4703.084,2849.404
55.550,140.868,0.010,5,4703.160,2850.034
55.560,140.870,0.010,5,4703.236,2850.663
55.570,140.873,0.010,5,4703.312,2851.293
55.580,140.875,0.010,5,4703.388,2851.923
55.590,140.877,0.010,5,4703.464,2852.553
55.600,140.879,0.010,5,4703.540,2853.183
55.610,140.882,0.010,5,4703.615,2853.812
55.620,140.884,0.010,5,4703.691,2854.442
55.630,140.886,0.010,5,4703.767,2855.072
55.640,140.888,0.010,5,4703.843,2855.702
55.650,140.891,0.010,5,4703.918,2856.332
55.660,140.893,0.010,5,4703.994,2856.961
55.670,140.895,0.010,5,4704.069,2857.591
55.680,140.897,0.010,5,4704.145,2858.221
55.690,140.900,0.010,5,4704.220,2858.851
55.700,140.902,0.010,5,4704.296,2859.481
55.710,140.904,0.010,5,4704.371,2860.111
55.720,140.906,0.010,5,4704.447,2860.741
55.730,140.909,0.010,5,4704.522,2861.371
55.740,140.911,0.010,5,4704.598,2862.001
55.750,140.913,0.010,5,4704.673,2862.630
55.760,140.916,0.010,5,4704.748,2863.260
55.770,140.918,0.010,5,4704.823,2863.890
55.780,140.920,0.010,5,4704.899,2864.520
55.790,140.922,0.010,5,4704.974,2865.150
55.800,140.925,0.010,5,4705.049,2865.780
55.810,140.927,0.010,5,4705.124,2866.410
55.820,140.929,0.010,5,4705.199,2867.040
55.830,140.931,0.010,5,4705.274,2867.670
55.840,140.934,0.010,5,4705.349,2868.300
55.850,140.936,0.010,5,4705.424,2868.930
55.860,140.938,0.010,5,4705.499,2869.560
55.870,140.940,0.010,5,4705.574,2870.190
55.880,140.943,0.010,5,4705.649,2870.820
55.890,140.945,0.010,5,4705.724,2871.451
55.900,140.947,0.010,5,4705.799,2872.081
55.910,140.949,0.010,5,4705.874,2872.711
55.920,140.951,0.010,5,4705.948,2873.341
55.930,140.954,0.010,5,4706.023,2873.971
55.940,140.956,0.010,5,4706.098,2874.601
55.950,140.958,0.010,5,4706.173,2875.231
55.960,140.960,0.010,5,4706.247,2875.861
55.970,140.963,0.010,5,4706.322,2876.492
55.980,140.965,0.010,5,4706.396,2877.122
55.990,140.967,0.010,5,4706.471,2877.752
56.000,140.969,0.010,5,4706.546,2878.382
56.010,140.972,0.010,5,4706.620,2879.012
56.020,140.974,0.010,5,4706.694,2879.642
56.030,140.976,0.010,5,4706.769,2880.273
56.040,140.978,0.010,5,4706.843,2880.903
56.050,140.981,0.010,5,4706.918,2881.533
56.060,140.983,0.010,5,4706.992,2882.163
56.070,140.985,0.010,5,4707.066,2882.794
56.080,140.987,0.010,5,4707.141,2883.424
56.090,140.989,0.010,5,4707.215,2884.054
56.100,140.992,0.010,5,4707.289,2884.684
56.110,140.994,0.010,5,4707.363,2885.315
56.120,140.996,0.010,5,4707.437,2885.945
56.130,140.998,0.010,5,4707.511,2886.575
56.140,141.001,0.010,5,4707.585,2887.206
56.150,141.003,0.010,5,4707.660,2887.836
56.160,141.005,0.010,5,4707.734,2888.466
56.170,141.007,0.010,5,4707.808,2889.097
56.180,141.009,0.010,5,4707.881,2889.727
56.190,141.012,0.010,5,4707.955,2890.357
56.200,141.014,0.010,5,4708.029,2890.988
56.210,141.016,0.010,5,4708.103,2891.618
56.220,141.018,0.010,5,4708.177,2892.249
56.230,141.020,0.010,5,4708.251,2892.879
56.240,141.023,0.010,5,4708.325,2893.509
56.250,141.025,0.010,5,4708.398,2894.140
56.260,141.027,0.010,5,4708.472,2894.770
56.270,141.029,0.010,5,4708.546,2895.401
56.280,141.031,0.010,5,4708.619,2896.031
56.290,141.034,0.010,5,4708.693,2896.662
56.300,141.036,0.010,5,4708.766,2897.292
56.310,141.038,0.010,5,4708.840,2897.923
56.320,141.040,0.010,5,4708.914,2898.553
56.330,141.042,0.010,5,4708.987,2899.184
56.340,141.045,0.010,5,4709.060,2899.814
56.350,141.047,0.010,5,4709.134,2900.445
56.360,141.049,0.010,5,4709.207,2901.075
56.370,141.051,0.010,5,4709.281,2901.706
56.380,141.053,0.010,5,4709.354,2902.336
56.390,141.056,0.010,5,4709.427,2902.967
56.400,141.058,0.010,5,4709.500,2903.598
56.410,141.060,0.010,5,4709.574,2904.228
56.420,141.062,0.010,5,4709.647,2904.859
56.430,141.064,0.010,5,4709.720,2905.489
56.440,141.067,0.010,5,4709.793,2906.120
56.450,141.069,0.010,5,4709.866,2906.751
56.460,141.071,0.010,5,4709.939,2907.381
56.470,141.073,0.010,5,4710.012,2908.012
56.480,141.075,0.010,5,4710.085,2908.642
56.490,141.078,0.010,5,4710.158,2909.273
56.500,141.080,0.010,5,4710.231,2909.904
56.510,141.082,0.010,5,4710.304,2910.535
56.520,141.084,0.010,5,4710.377,2911.165
56.530,141.086,0.010,5,4710.450,2911.796
56.540,141.088,0.010,5,4710.523,2912.427
56.550,141.091,0.010,5,4710.596,2913.057
56.560,141.093,0.010,5,4710.668,2913.688
56.570,141.095,0.010,5,4710.741,2914.319
56.580,141.097,0.010,5,4710.814,2914.950
56.590,141.099,0.010,5,4710.887,2915.580
56.600,141.102,0.010,5,4710.959,2916.211
56.610,141.104,0.010,5,4711.032,2916.842
56.620,141.106,0.010,5,4711.104,2917.473
56.630,141.108,0.010,5,4711.177,2918.104
56.640,141.110,0.010,5,4711.249,2918.734
56.650,141.112,0.010,5,4711.322,2919.365
56.660,141.115,0.010,5,4711.394,2919.996
56.670,141.117,0.010,5,4711.467,2920.627
56.680,141.119,0.010,5,4711.539,2921.258
56.690,141.121,0.010,5,4711.612,2921.889
56.700,141.123,0.010,5,4711.684,2922.519
56.710,141.125,0.010,5,4711.756,2923.150
56.720,141.128,0.010,5,4711.828,2923.781
56.730,141.130,0.010,5,4711.901,2924.412
56.740,141.132,0.010,5,4711.973,2925.043
56.750,141.134,0.010,5,4712.045,2925.674
56.760,141.136,0.010,5,4712.117,2926.305
56.770,141.138,0.010,5,4712.189,2926.936
56.780,141.141,0.010,5,4712.261,2927.567
56.790,141.143,0.010,5,4712.333,2928.198
56.800,141.145,0.010,5,4712.405,2928.829
56.810,141.147,0.010,5,4712.477,2929.460
56.820,141.149,0.010,5,4712.549,2930.091
56.830,141.151,0.010,5,4712.621,2930.722
56.840,141.153,0.010,5,4712.693,2931.353
56.850,141.156,0.010,5,4712.765,2931.984
56.860,141.158,0.010,5,4712.837,2932.615
56.870,141.160,0.010,5,4712.909,2933.246
56.880,141.162,0.010,5,4712.981,2933.877
56.890,141.164,0.010,5,4713.052,2934.508
56.900,141.166,0.010,5,4713.124,2935.139
56.910,141.169,0.010,5,4713.196,2935.770
56.920,141.171,0.010,5,4713.267,2936.401
56.930,141.173,0.010,5,4713.339,2937.032
56.940,141.175,0.010,5,4713.411,2937.663
56.950,141.177,0.010,5,4713.482,2938.294
56.960,141.179,0.010,5,4713.554,2938.925
56.970,141.181,0.010,5,4713.625,2939.557
56.980,141.184,0.010,5,4713.697,2940.188
56.990,141.186,0.010,5,4713.768,2940.819
57.000,141.188,0.010,5,4713.839,2941.450
57.010,141.190,0.010,5,4713.911,2942.081
57.020,141.192,0.010,5,4713.982,2942.712
57.030,141.194,0.010,5,4714.054,2943.344
57.040,141.196,0.010,5,4714.125,2943.975
57.050,141.199,0.010,5,4714.196,2944.606
57.060,141.201,0.010,5,4714.267,2945.237
57.070,141.203,0.010,5,4714.338,2945.868
57.080,141.205,0.010,5,4714.410,2946.500
57.090,141.207,0.010,5,4714.481,2947.131
57.100,141.209,0.010,5,4714.552,2947.762
57.110,141.211,0.010,5,4714.623,2948.393
57.120,141.213,0.010,5,4714.694,2949.025
57.130,141.216,0.010,5,4714.765,2949.656
57.140,141.218,0.010,5,4714.836,2950.287
57.150,141.220,0.010,5,4714.907,2950.919
57.160,141.222,0.010,5,4714.978,2951.550
57.170,141.224,0.010,5,4715.049,2952.181
57.180,141.226,0.010,5,4715.120,2952.813
57.190,141.228,0.010,5,4715.190,2953.444
57.200,141.230,0.010,5,4715.261,2954.075
57.210,141.233,0.010,5,4715.332,2954.707
57.220,141.235,0.010,5,4715.403,2955.338
57.230,141.237,0.010,5,4715.474,2955.969
57.240,141.239,0.010,5,4715.544,2956.601
57.250,141.241,0.010,5,4715.615,2957.232
57.260,141.243,0.010,5,4715.685,2957.864
57.270,141.245,0.010,5,4715.756,2958.495
57.280,141.247,0.010,5,4715.827,2959.126
57.290,141.249,0.010,5,4715.897,2959.758
57.300,141.252,0.010,5,4715.968,2960.389
57.310,141.254,0.010,5,4716.038,2961.021
57.320,141.256,0.010,5,4716.109,2961.652
57.330,141.258,0.010,5,4716.179,2962.284
57.340,141.260,0.010,5,4716.249,2962.915
57.350,141.262,0.010,5,4716.320,2963.547
57.360,141.264,0.010,5,4716.390,2964.178
57.370,141.266,0.010,5,4716.460,2964.810
57.380,141.268,0.010,5,4716.531,2965.441
57.390,141.271,0.010,5,4716.601,2966.073
57.400,141.273,0.010,5,4716.671,2966.704
57.410,141.275,0.010,5,4716.741,2967.336
57.420,141.277,0.010,5,4716.811,2967.967
57.430,141.279,0.010,5,4716.881,2968.599
57.440,141.281,0.010,5,4716.951,2969.231
57.450,141.283,0.010,5,4717.022,2969.862
57.460,141.285,0.010,5,4717.092,2970.494
57.470,141.287,0.010,5,4717.162,2971.125
57.480,141.289,0.010,5,4717.231,2971.757
57.490,141.292,0.010,5,4717.301,2972.389
57.500,141.294,0.010,5,4717.371,2973.020
57.510,141.296,0.010,5,4717.441,2973.652
57.520,141.298,0.010,5,4717.511,2974.283
57.530,141.300,0.010,5,4717.581,2974.915
57.540,141.302,0.010,5,4717.651,2975.547
57.550,141.304,0.010,5,4717.720,2976.178
57.560,141.306,0.010,5,4717.790,2976.810
57.570,141.308,0.010,5,4717.860,2977.442
57.580,141.310,0.010,5,4717.929,2978.074
57.590,141.312,0.009,5,4717.999,2978.705
57.600,141.314,0.009,5,4718.069,2979.337
57.610,141.317,0.009,5,4718.138,2979.969
57.620,141.319,0.009,5,4718.208,2980.600
57.630,141.321,0.009,5,4718.277,2981.232
57.640,141.323,0.009,5,4718.347,2981.864
57.650,141.325,0.009,5,4718.416,2982.496
57.660,141.327,0.009,5,4718.486,2983.128
57.670,141.329,0.009,5,4718.555,2983.759
57.680,141.331,0.009,5,4718.624,2984.391
57.690,141.333,0.009,5,4718.694,2985.023
57.700,141.335,0.009,5,4718.763,2985.655
57.710,141.337,0.009,5,4718.832,2986.287
57.720,141.339,0.009,5,4718.902,2986.918
57.730,141.342,0.009,5,4718.971,2987.550
57.740,141.344,0.009,5,4719.040,2988.182
57.750,141.346,0.009,5,4719.109,2988.814
57.760,141.348,0.009,5,4719.178,2989.446
57.770,141.350,0.009,5,4719.247,2990.078
57.780,141.352,0.009,5,4719.316,2990.710
57.790,141.354,0.009,5,4719.385,2991.342
57.800,141.356,0.009,5,4719.454,2991.973
57.810,141.358,0.009,5,4719.523,2992.605
57.820,141.360,0.009,5,4719.592,2993.237
57.830,141.362,0.009,5,4719.661,2993.869
57.840,141.364,0.009,5,4719.730,2994.501
57.850,141.366,0.009,5,4719.799,2995.133
57.860,141.368,0.009,5,4719.868,2995.765
57.870,141.370,0.009,5,4719.937,2996.397
57.880,141.373,0.009,5,4720.006,2997.029
57.890,141.375,0.009,5,4720.074,2997.661
57.900,141.377,0.009,5,4720.143,2998.293
57.910,141.379,0.009,5,4720.212,2998.925
57.920,141.381,0.009,5,4720.280,2999.557
57.930,141.383,0.009,5,4720.349,3000.189
57.940,141.385,0.009,5,4720.418,3000.821
57.950,141.387,0.009,5,4720.486,3001.453
57.960,141.389,0.009,5,4720.555,3002.085
57.970,141.391,0.009,5,4720.623,3002.717
57.980,141.393,0.009,5,4720.692,3003.349
57.990,141.395,0.009,5,4720.760,3003.982
58.000,141.397,0.009,5,4720.829,3004.614
58.010,141.399,0.009,5,4720.897,3005.246
58.020,141.401,0.009,5,4720.965,3005.878
58.030,141.403,0.009,5,4721.034,3006.510
58.040,141.405,0.009,5,4721.102,3007.142
58.050,141.407,0.009,5,4721.170,3007.774
58.060,141.409,0.009,5,4721.238,3008.406
58.070,141.411,0.009,5,4721.307,3009.039
58.080,141.414,0.009,5,4721.375,3009.671
58.090,141.416,0.009,5,4721.443,3010.303
58.100,141.418,0.009,5,4721.511,3010.935
58.110,141.420,0.009,5,4721.579,3011.567
58.120,141.422,0.009,5,4721.647,3012.200
58.130,141.424,0.009,5,4721.715,3012.832
58.140,141.426,0.009,5,4721.783,3013.464
58.150,141.428,0.009,5,4721.851,3014.096
58.160,141.430,0.009,5,4721.919,3014.728
58.170,141.432,0.009,5,4721.987,3015.361
58.180,141.434,0.009,5,4722.055,3015.993
58.190,141.436,0.009,5,4722.123,3016.625
58.200,141.438,0.009,5,4722.191,3017.258
58.210,141.440,0.009,5,4722.259,3017.890
58.220,141.442,0.009,5,4722.326,3018.522
58.230,141.444,0.009,5,4722.394,3019.154
58.240,141.446,0.009,5,4722.462,3019.787
58.250,141.448,0.009,5,4722.530,3020.419
58.260,141.450,0.009,5,4722.597,3021.051
58.270,141.452,0.009,5,4722.665,3021.684
58.280,141.454,0.009,5,4722.732,3022.316
58.290,141.456,0.009,5,4722.800,3022.948
58.300,141.458,0.009,5,4722.868,3023.581
58.310,141.460,0.009,5,4722.935,3024.213
58.320,141.462,0.009,5,4723.003,3024.846
58.330,141.464,0.009,5,4723.070,3025.478
58.340,141.466,0.009,5,4723.138,3026.110
58.350,141.468,0.009,5,4723.205,3026.743
58.360,141.470,0.009,5,4723.272,3027.375
58.370,141.472,0.009,5,4723.340,3028.008
58.380,141.474,0.009,5,4723.407,3028.640
58.390,141.476,0.009,5,4723.474,3029.273
58.400,141.478,0.009,5,4723.542,3029.905
58.410,141.480,0.009,5,4723.609,3030.537
58.420,141.482,0.009,5,4723.676,3031.170
58.430,141.484,0.009,5,4723.743,3031.802
58.440,141.486,0.009,5,4723.810,3032.435
58.450,141.488,0.009,5,4723.877,3033.067
58.460,141.490,0.009,5,4723.944,3033.700
58.470,141.492,0.009,5,4724.012,3034.332
58.480,141.495,0.009,5,4724.079,3034.965
58.490,141.497,0.009,5,4724.146,3035.598
58.500,141.499,0.009,5,4724.213,3036.230
58.510,141.501,0.009,5,4724.279,3036.863
58.520,141.503,0.009,5,4724.346,3037.495
58.530,141.505,0.009,5,4724.413,3038.128
58.540,141.507,0.009,5,4724.480,3038.760
58.550,141.509,0.009,5,4724.547,3039.393
58.560,141.511,0.009,5,4724.614,3040.026
58.570,141.513,0.009,5,4724.681,3040.658
58.580,141.515,0.009,5,4724.747,3041.291
58.590,141.517,0.009,5,4724.814,3041.923
58.600,141.519,0.009,5,4724.881,3042.556
58.610,141.521,0.009,5,4724.947,3043.189
58.620,141.523,0.009,5,4725.014,3043.821
58.630,141.525,0.009,5,4725.081,3044.454
58.640,141.527,0.009,5,4725.147,3045.087
58.650,141.529,0.009,5,4725.214,3045.719
58.660,141.530,0.009,5,4725.280,3046.352
58.670,141.532,0.009,5,4725.347,3046.985
58.680,141.534,0.009,5,4725.413,3047.617
58.690,141.536,0.009,5,4725.480,3048.250
58.700,141.538,0.009,5,4725.546,3048.883
58.710,141.540,0.009,5,4725.612,3049.516
58.720,141.542,0.009,5,4725.679,3050.148
58.730,141.544,0.009,5,4725.745,3050.781
58.740,141.546,0.009,5,4725.811,3051.414
58.750,141.548,0.009,5,4725.878,3052.047
58.760,141.550,0.009,5,4725.944,3052.680
58.770,141.552,0.009,5,4726.010,3053.312
58.780,141.554,0.009,5,4726.076,3053.945
58.790,141.556,0.009,5,4726.142,3054.578
58.800,141.558,0.009,5,4726.208,3055.211
58.810,141.560,0.009,5,4726.275,3055.844
58.820,141.562,0.009,5,4726.341,3056.476
58.830,141.564,0.009,5,4726.407,3057.109
58.840,141.566,0.009,5,4726.473,3057.742
58.850,141.568,0.009,5,4726.539,3058.375
58.860,141.570,0.009,5,4726.605,3059.008
58.870,141.572,0.009,5,4726.671,3059.641
58.880,141.574,0.009,5,4726.736,3060.274
58.890,141.576,0.009,5,4726.802,3060.906
58.900,141.578,0.009,5,4726.868,3061.539
58.910,141.580,0.009,5,4726.934,3062.172
58.920,141.582,0.009,5,4727.000,3062.805
58.930,141.584,0.009,5,4727.065,3063.438
58.940,141.586,0.009,5,4727.131,3064.071
58.950,141.588,0.009,5,4727.197,3064.704
58.960,141.590,0.009,5,4727.263,3065.337
58.970,141.592,0.009,5,4727.328,3065.970
58.980,141.594,0.009,5,4727.394,3066.603
58.990,141.596,0.009,5,4727.459,3067.236
59.000,141.598,0.009,5,4727.525,3067.869
59.010,141.600,0.009,5,4727.590,3068.502
59.020,141.602,0.009,5,4727.656,3069.135
59.030,141.604,0.009,5,4727.721,3069.768
59.040,141.606,0.009,5,4727.787,3070.401
59.050,141.608,0.009,5,4727.852,3071.034
59.060,141.609,0.009,5,4727.918,3071.667
59.070,141.611,0.009,5,4727.983,3072.300
59.080,141.613,0.009,5,4728.048,3072.933
59.090,141.615,0.009,5,4728.114,3073.566
59.100,141.617,0.009,5,4728.179,3074.199
59.110,141.619,0.009,5,4728.244,3074.832
59.120,141.621,0.009,5,4728.309,3075.466
59.130,141.623,0.009,5,4728.375,3076.099
59.140,141.625,0.009,5,4728.440,3076.732
59.150,141.627,0.009,5,4728.505,3077.365
59.160,141.629,0.009,5,4728.570,3077.998
59.170,141.631,0.009,5,4728.635,3078.631
59.180,141.633,0.009,5,4728.700,3079.264
59.190,141.635,0.009,5,4728.765,3079.897
59.200,141.637,0.009,5,4728.830,3080.531
59.210,141.639,0.009,5,4728.895,3081.164
59.220,141.641,0.009,5,4728.960,3081.797
59.230,141.643,0.009,5,4729.025,3082.430
59.240,141.645,0.009,5,4729.090,3083.063
59.250,141.647,0.009,5,4729.155,3083.697
59.260,141.648,0.009,5,4729.220,3084.330
59.270,141.650,0.009,5,4729.284,3084.963
59.280,141.652,0.009,5,4729.349,3085.596
59.290,141.654,0.009,5,4729.414,3086.230
59.300,141.656,0.009,5,4729.479,3086.863
59.310,141.658,0.009,5,4729.543,3087.496
59.320,141.660,0.009,5,4729.608,3088.129
59.330,141.662,0.009,5,4729.673,3088.763
59.340,141.664,0.009,5,4729.737,3089.396
59.350,141.666,0.009,5,4729.802,3090.029
59.360,141.668,0.009,5,4729.866,3090.662
59.370,141.670,0.009,5,4729.931,3091.296
59.380,141.672,0.009,5,4729.995,3091.929
59.390,141.674,0.009,5,4730.060,3092.562
59.400,141.676,0.009,5,4730.124,3093.196
59.410,141.678,0.009,5,4730.189,3093.829
59.420,141.679,0.009,5,4730.253,3094.462
59.430,141.681,0.009,5,4730.317,3095.096
59.440,141.683,0.009,5,4730.382,3095.729
59.450,141.685,0.009,5,4730.446,3096.363
59.460,141.687,0.009,5,4730.510,3096.996
59.470,141.689,0.009,5,4730.575,3097.629
59.480,141.691,0.009,5,4730.639,3098.263
59.490,141.693,0.009,5,4730.703,3098.896
59.500,141.695,0.009,5,4730.767,3099.530
59.510,141.697,0.009,5,4730.831,3100.163
59.520,141.699,0.009,5,4730.895,3100.797
59.530,141.701,0.009,5,4730.959,3101.430
59.540,141.703,0.009,5,4731.024,3102.063
59.550,141.704,0.009,5,4731.088,3102.697
59.560,141.706,0.009,5,4731.152,3103.330
59.570,141.708,0.009,5,4731.216,3103.964
59.580,141.710,0.009,5,4731.279,3104.597
59.590,141.712,0.009,5,4731.343,3105.231
59.600,141.714,0.009,5,4731.407,3105.864
59.610,141.716,0.009,5,4731.471,3106.498
59.620,141.718,0.009,5,4731.535,3107.131
59.630,141.720,0.009,5,4731.599,3107.765
59.640,141.722,0.009,5,4731.663,3108.399
59.650,141.724,0.009,5,4731.726,3109.032
59.660,141.725,0.009,5,4731.790,3109.666
59.670,141.727,0.009,5,4731.854,3110.299
59.680,141.729,0.009,5,4731.917,3110.933
59.690,141.731,0.009,5,4731.981,3111.566
59.700,141.733,0.009,5,4732.045,3112.200
59.710,141.735,0.009,5,4732.108,3112.834
59.720,141.737,0.009,5,4732.172,3113.467
59.730,141.739,0.009,5,4732.235,3114.101
59.740,141.741,0.009,5,4732.299,3114.734
59.750,141.743,0.009,5,4732.362,3115.368
59.760,141.745,0.009,5,4732.426,3116.002
59.770,141.746,0.009,5,4732.489,3116.635
59.780,141.748,0.009,5,4732.553,3117.269
59.790,141.750,0.009,5,4732.616,3117.903
59.800,141.752,0.009,5,4732.679,3118.536
59.810,141.754,0.009,5,4732.743,3119.170
59.820,141.756,0.009,5,4732.806,3119.804
59.830,141.758,0.009,5,4732.869,3120.438
59.840,141.760,0.009,5,4732.932,3121.071
59.850,141.762,0.009,5,4732.996,3121.705
59.860,141.763,0.009,5,4733.059,3122.339
59.870,141.765,0.009,5,4733.122,3122.972
59.880,141.767,0.009,5,4733.185,3123.606
59.890,141.769,0.009,5,4733.248,3124.240
59.900,141.771,0.009,5,4733.311,3124.874
59.910,141.773,0.009,5,4733.374,3125.508
59.920,141.775,0.009,5,4733.437,3126.141
59.930,141.777,0.009,5,4733.500,3126.775
59.940,141.779,0.009,5,4733.563,3127.409
59.950,141.780,0.009,5,4733.626,3128.043
59.960,141.782,0.009,5,4733.689,3128.677
59.970,141.784,0.009,5,4733.752,3129.310
59.980,141.786,0.009,5,4733.815,3129.944
59.990,141.788,0.009,5,4733.878,3130.578
60.000,141.790,0.009,5,4733.941,3131.212
60.010,141.792,0.009,5,4734.003,3131.846
60.020,141.794,0.009,5,4734.066,3132.480
60.030,141.796,0.009,5,4734.129,3133.114
60.040,141.797,0.009,5,4734.192,3133.747
60.050,141.799,0.009,5,4734.254,3134.381
60.060,141.801,0.009,5,4734.317,3135.015
60.070,141.803,0.009,5,4734.379,3135.649
60.080,141.805,0.009,5,4734.442,3136.283
60.090,141.807,0.009,5,4734.505,3136.917
60.100,141.809,0.009,5,4734.567,3137.551
60.110,141.811,0.009,5,4734.630,3138.185
60.120,141.812,0.009,5,4734.692,3138.819
60.130,141.814,0.009,5,4734.755,3139.453
60.140,141.816,0.009,5,4734.817,3140.087
60.150,141.818,0.009,5,4734.879,3140.721
60.160,141.820,0.009,5,4734.942,3141.355
60.170,141.822,0.009,5,4735.004,3141.989
60.180,141.824,0.009,5,4735.066,3142.623
60.190,141.825,0.008,5,4735.129,3143.257
60.200,141.827,0.008,5,4735.191,3143.891
60.210,141.829,0.008,5,4735.253,3144.525
60.220,141.831,0.008,5,4735.315,3145.159
60.230,141.833,0.008,5,4735.378,3145.793
60.240,141.835,0.008,5,4735.440,3146.427
60.250,141.837,0.008,5,4735.502,3147.061
60.260,141.839,0.008,5,4735.564,3147.695
60.270,141.840,0.008,5,4735.626,3148.329
60.280,141.842,0.008,5,4735.688,3148.963
60.290,141.844,0.008,5,4735.750,3149.597
60.300,141.846,0.008,5,4735.812,3150.231
60.310,141.848,0.008,5,4735.874,3150.865
60.320,141.850,0.008,5,4735.936,3151.500
60.330,141.852,0.008,5,4735.998,3152.134
60.340,141.853,0.008,5,4736.060,3152.768
60.350,141.855,0.008,5,4736.122,3153.402
60.360,141.857,0.008,5,4736.184,3154.036
60.370,141.859,0.008,5,4736.246,3154.670
60.380,141.861,0.008,5,4736.307,3155.304
60.390,141.863,0.008,5,4736.369,3155.939
60.400,141.864,0.008,5,4736.431,3156.573
60.410,141.866,0.008,5,4736.493,3157.207
60.420,141.868,0.008,5,4736.554,3157.841
60.430,141.870,0.008,5,4736.616,3158.475
60.440,141.872,0.008,5,4736.677,3159.110
60.450,141.874,0.008,5,4736.739,3159.744
60.460,141.876,0.008,5,4736.801,3160.378
60.470,141.877,0.008,5,4736.862,3161.012
60.480,141.879,0.008,5,4736.924,3161.647
60.490,141.881,0.008,5,4736.985,3162.281
60.500,141.883,0.008,5,4737.047,3162.915
60.510,141.885,0.008,5,4737.108,3163.549
60.520,141.887,0.008,5,4737.170,3164.184
60.530,141.888,0.008,5,4737.231,3164.818
60.540,141.890,0.008,5,4737.292,3165.452
60.550,141.892,0.008,5,4737.354,3166.087
60.560,141.894,0.008,5,4737.415,3166.721
60.570,141.896,0.008,5,4737.476,3167.355
60.580,141.898,0.008,5,4737.538,3167.990
60.590,141.899,0.008,5,4737.599,3168.624
60.600,141.901,0.008,5,4737.660,3169.258
60.610,141.903,0.008,5,4737.721,3169.893
60.620,141.905,0.008,5,4737.782,3170.527
60.630,141.907,0.008,5,4737.843,3171.161
60.640,141.909,0.008,5,4737.905,3171.796
60.650,141.910,0.008,5,4737.966,3172.430
60.660,141.912,0.008,5,4738.027,3173.065
60.670,141.914,0.008,5,4738.088,3173.699
60.680,141.916,0.008,5,4738.149,3174.333
60.690,141.918,0.008,5,4738.210,3174.968
60.700,141.920,0.008,5,4738.271,3175.602
60.710,141.921,0.008,5,4738.332,3176.237
60.720,141.923,0.008,5,4738.392,3176.871
60.730,141.925,0.008,5,4738.453,3177.506
60.740,141.927,0.008,5,4738.514,3178.140
60.750,141.929,0.008,5,4738.575,3178.775
60.760,141.931,0.008,5,4738.636,3179.409
60.770,141.932,0.008,5,4738.697,3180.044
60.780,141.934,0.008,5,4738.757,3180.678
60.790,141.936,0.008,5,4738.818,3181.313
60.800,141.938,0.008,5,4738.879,3181.947
60.810,141.940,0.008,5,4738.939,3182.582
60.820,141.941,0.008,5,4739.000,3183.216
60.830,141.943,0.008,5,4739.061,3183.851
60.840,141.945,0.008,5,4739.121,3184.485
60.850,141.947,0.008,5,4739.182,3185.120
60.860,141.949,0.008,5,4739.242,3185.754
60.870,141.950,0.008,5,4739.303,3186.389
60.880,141.952,0.008,5,4739.363,3187.023
60.890,141.954,0.008,5,4739.424,3187.658
60.900,141.956,0.008,5,4739.484,3188.293
60.910,141.958,0.008,5,4739.544,3188.927
60.920,141.960,0.008,5,4739.605,3189.562
60.930,141.961,0.008,5,4739.665,3190.196
60.940,141.963,0.008,5,4739.726,3190.831
60.950,141.965,0.008,5,4739.786,3191.466
60.960,141.967,0.008,5,4739.846,3192.100
60.970,141.969,0.008,5,4739.906,3192.735
60.980,141.970,0.008,5,4739.967,3193.370
60.990,141.972,0.008,5,4740.027,3194.004
61.000,141.974,0.008,5,4740.087,3194.639
61.010,141.976,0.008,5,4740.147,3195.274
61.020,141.978,0.008,5,4740.207,3195.908
61.030,141.979,0.008,5,4740.267,3196.543
61.040,141.981,0.008,5,4740.327,3197.178
61.050,141.983,0.008,5,4740.387,3197.812
61.060,141.985,0.008,5,4740.447,3198.447
61.070,141.987,0.008,5,4740.507,3199.082
61.080,141.988,0.008,5,4740.567,3199.717
61.090,141.990,0.008,5,4740.627,3200.351
61.100,141.992,0.008,5,4740.687,3200.986
61.110,141.994,0.008,5,4740.747,3201.621
61.120,141.996,0.008,5,4740.807,3202.256
61.130,141.997,0.008,5,4740.867,3202.891
61.140,141.999,0.008,5,4740.927,3203.525
61.150,142.001,0.008,5,4740.986,3204.160
61.160,142.003,0.008,5,4741.046,3204.795
61.170,142.004,0.008,5,4741.106,3205.430
61.180,142.006,0.008,5,4741.165,3206.065
61.190,142.008,0.008,5,4741.225,3206.699
61.200,142.010,0.008,5,4741.285,3207.334
61.210,142.012,0.008,5,4741.344,3207.969
61.220,142.013,0.008,5,4741.404,3208.604
61.230,142.015,0.008,5,4741.464,3209.239
61.240,142.017,0.008,5,4741.523,3209.874
61.250,142.019,0.008,5,4741.583,3210.508
61.260,142.021,0.008,5,4741.642,3211.143
61.270,142.022,0.008,5,4741.702,3211.778
61.280,142.024,0.008,5,4741.761,3212.413
61.290,142.026,0.008,5,4741.821,3213.048
61.300,142.028,0.008,5,4741.880,3213.683
61.310,142.029,0.008,5,4741.939,3214.318
61.320,142.031,0.008,5,4741.999,3214.953
61.330,142.033,0.008,5,4742.058,3215.588
61.340,142.035,0.008,5,4742.117,3216.223
61.350,142.037,0.008,5,4742.177,3216.858
61.360,142.038,0.008,5,4742.236,3217.493
61.370,142.040,0.008,5,4742.295,3218.128
61.380,142.042,0.008,5,4742.354,3218.763
61.390,142.044,0.008,5,4742.413,3219.398
61.400,142.045,0.008,5,4742.472,3220.033
61.410,142.047,0.008,5,4742.532,3220.668
61.420,142.049,0.008,5,4742.591,3221.303
61.430,142.051,0.008,5,4742.650,3221.938
61.440,142.053,0.008,5,4742.709,3222.573
61.450,142.054,0.008,5,4742.768,3223.208
61.460,142.056,0.008,5,4742.827,3223.843
61.470,142.058,0.008,5,4742.886,3224.478
61.480,142.060,0.008,5,4742.945,3225.113
61.490,142.061,0.008,5,4743.004,3225.748
61.500,142.063,0.008,5,4743.063,3226.383
61.510,142.065,0.008,5,4743.121,3227.018
61.520,142.067,0.008,5,4743.180,3227.653
61.530,142.068,0.008,5,4743.239,3228.288
61.540,142.070,0.008,5,4743.298,3228.923
61.550,142.072,0.008,5,4743.357,3229.558
61.560,142.074,0.008,5,4743.415,3230.194
61.570,142.075,0.008,5,4743.474,3230.829
61.580,142.077,0.008,5,4743.533,3231.464
61.590,142.079,0.008,5,4743.591,3232.099
61.600,142.081,0.008,5,4743.650,3232.734
61.610,142.082,0.008,5,4743.709,3233.369
61.620,142.084,0.008,5,4743.767,3234.004
61.630,142.086,0.008,5,4743.826,3234.640
61.640,142.088,0.008,5,4743.884,3235.275
61.650,142.089,0.008,5,4743.943,3235.910
61.660,142.091,0.008,5,4744.001,3236.545
61.670,142.093,0.008,5,4744.060,3237.180
61.680,142.095,0.008,5,4744.118,3237.816
61.690,142.096,0.008,5,4744.177,3238.451
61.700,142.098,0.008,5,4744.235,3239.086
61.710,142.100,0.008,5,4744.293,3239.721
61.720,142.102,0.008,5,4744.352,3240.357
61.730,142.103,0.008,5,4744.410,3240.992
61.740,142.105,0.008,5,4744.468,3241.627
61.750,142.107,0.008,5,4744.527,3242.262
61.760,142.109,0.008,5,4744.585,3242.898
61.770,142.110,0.008,5,4744.643,3243.533
61.780,142.112,0.008,5,4744.701,3244.168
61.790,142.114,0.008,5,4744.759,3244.804
61.800,142.116,0.008,5,4744.817,3245.439
61.810,142.117,0.008,5,4744.876,3246.074
61.820,142.119,0.008,5,4744.934,3246.709
61.830,142.121,0.008,5,4744.992,3247.345
61.840,142.123,0.008,5,4745.050,3247.980
61.850,142.124,0.008,5,4745.108,3248.615
61.860,142.126,0.008,5,4745.166,3249.251
61.870,142.128,0.008,5,4745.224,3249.886
61.880,142.130,0.008,5,4745.282,3250.522
61.890,142.131,0.008,5,4745.340,3251.157
61.900,142.133,0.008,5,4745.397,3251.792
61.910,142.135,0.008,5,4745.455,3252.428
61.920,142.137,0.008,5,4745.513,3253.063
61.930,142.138,0.008,5,4745.571,3253.699
61.940,142.140,0.008,5,4745.629,3254.334
61.950,142.142,0.008,5,4745.686,3254.969
61.960,142.143,0.008,5,4745.744,3255.605
61.970,142.145,0.008,5,4745.802,3256.240
61.980,142.147,0.008,5,4745.860,3256.876
61.990,142.149,0.008,5,4745.917,3257.511
62.000,142.150,0.008,5,4745.975,3258.147
62.010,142.152,0.008,5,4746.032,3258.782
62.020,142.154,0.008,5,4746.090,3259.418
62.030,142.156,0.008,5,4746.148,3260.053
62.040,142.157,0.008,5,4746.205,3260.689
62.050,142.159,0.008,5,4746.263,3261.324
62.060,142.161,0.008,5,4746.320,3261.960
62.070,142.162,0.008,5,4746.378,3262.595
62.080,142.164,0.008,5,4746.435,3263.231
62.090,142.166,0.008,5,4746.492,3263.866
62.100,142.168,0.008,5,4746.550,3264.502
62.110,142.169,0.008,5,4746.607,3265.137
62.120,142.171,0.008,5,4746.665,3265.773
62.130,142.173,0.008,5,4746.722,3266.408
62.140,142.174,0.008,5,4746.779,3267.044
62.150,142.176,0.008,5,4746.836,3267.680
62.160,142.178,0.008,5,4746.894,3268.315
62.170,142.180,0.008,5,4746.951,3268.951
62.180,142.181,0.008,5,4747.008,3269.586
62.190,142.183,0.008,5,4747.065,3270.222
62.200,142.185,0.008,5,4747.122,3270.858
62.210,142.186,0.008,5,4747.180,3271.493
62.220,142.188,0.008,5,4747.237,3272.129
62.230,142.190,0.008,5,4747.294,3272.764
62.240,142.192,0.008,5,4747.351,3273.400
62.250,142.193,0.008,5,4747.408,3274.036
62.260,142.195,0.008,5,4747.465,3274.671
62.270,142.197,0.008,5,4747.522,3275.307
62.280,142.198,0.008,5,4747.579,3275.943
62.290,142.200,0.008,5,4747.636,3276.578
62.300,142.202,0.008,5,4747.692,3277.214
62.310,142.203,0.008,5,4747.749,3277.850
62.320,142.205,0.008,5,4747.806,3278.486
62.330,142.207,0.008,5,4747.863,3279.121
62.340,142.209,0.008,5,4747.920,3279.757
62.350,142.210,0.008,5,4747.977,3280.393
62.360,142.212,0.008,5,4748.033,3281.028
62.370,142.214,0.008,5,4748.090,3281.664
62.380,142.215,0.008,5,4748.147,3282.300
62.390,142.217,0.008,5,4748.203,3282.936
62.400,142.219,0.008,5,4748.260,3283.571
62.410,142.220,0.008,5,4748.317,3284.207
62.420,142.222,0.008,5,4748.373,3284.843
62.430,142.224,0.008,5,4748.430,3285.479
62.440,142.226,0.008,5,4748.486,3286.115
62.450,142.227,0.008,5,4748.543,3286.750
62.460,142.229,0.008,5,4748.599,3287.386
62.470,142.231,0.008,5,4748.656,3288.022
62.480,142.232,0.008,5,4748.712,3288.658
62.490,142.234,0.008,5,4748.769,3289.294
62.500,142.236,0.008,5,4748.825,3289.930
62.510,142.237,0.008,5,4748.882,3290.565
62.520,142.239,0.008,5,4748.938,3291.201
62.530,142.241,0.008,5,4748.994,3291.837
62.540,142.242,0.008,5,4749.051,3292.473
62.550,142.244,0.008,5,4749.107,3293.109
62.560,142.246,0.008,5,4749.163,3293.745
62.570,142.248,0.008,5,4749.219,3294.381
62.580,142.249,0.008,5,4749.276,3295.017
62.590,142.251,0.008,5,4749.332,3295.653
62.600,142.253,0.008,5,4749.388,3296.288
62.610,142.254,0.008,5,4749.444,3296.924
62.620,142.256,0.008,5,4749.500,3297.560
62.630,142.258,0.008,5,4749.556,3298.196
62.640,142.259,0.008,5,4749.612,3298.832
62.650,142.261,0.008,5,4749.669,3299.468
62.660,142.263,0.008,5,4749.725,3300.104
62.670,142.264,0.008,5,4749.781,3300.740
62.680,142.266,0.008,5,4749.837,3301.376
62.690,142.268,0.008,5,4749.892,3302.012
62.700,142.269,0.008,5,4749.948,3302.648
62.710,142.271,0.008,5,4750.004,3303.284
62.720,142.273,0.008,5,4750.060,3303.920
62.730,142.274,0.008,5,4750.116,3304.556
62.740,142.276,0.008,5,4750.172,3305.192
62.750,142.278,0.008,5,4750.228,3305.828
62.760,142.279,0.008,5,4750.283,3306.464
62.770,142.281,0.008,5,4750.339,3307.100
62.780,142.283,0.008,5,4750.395,3307.736
62.790,142.284,0.008,5,4750.451,3308.372
62.800,142.286,0.008,5,4750.506,3309.008
62.810,142.288,0.008,5,4750.562,3309.645
62.820,142.289,0.008,5,4750.618,3310.281
62.830,142.291,0.008,5,4750.673,3310.917
62.840,142.293,0.008,5,4750.729,3311.553
62.850,142.294,0.008,5,4750.784,3312.189
62.860,142.296,0.008,5,4750.840,3312.825
62.870,142.298,0.008,5,4750.895,3313.461
62.880,142.299,0.008,5,4750.951,3314.097
62.890,142.301,0.008,5,4751.006,3314.733
62.900,142.303,0.008,5,4751.062,3315.370
62.910,142.304,0.008,5,4751.117,3316.006
62.920,142.306,0.008,5,4751.173,3316.642
62.930,142.308,0.008,5,4751.228,3317.278
62.940,142.309,0.008,5,4751.283,3317.914
62.950,142.311,0.008,5,4751.339,3318.550
62.960,142.313,0.008,5,4751.394,3319.187
62.970,142.314,0.008,5,4751.449,3319.823
62.980,142.316,0.008,5,4751.505,3320.459
62.990,142.318,0.008,5,4751.560,3321.095
63.000,142.319,0.008,5,4751.615,3321.731
63.010,142.321,0.008,5,4751.670,3322.368
63.020,142.323,0.008,5,4751.725,3323.004
63.030,142.324,0.008,5,4751.781,3323.640
63.040,142.326,0.008,5,4751.836,3324.276
63.050,142.328,0.008,5,4751.891,3324.913
63.060,142.329,0.008,5,4751.946,3325.549
63.070,142.331,0.008,5,4752.001,3326.185
63.080,142.332,0.008,5,4752.056,3326.821
63.090,142.334,0.008,5,4752.111,3327.458
63.100,142.336,0.007,5,4752.166,3328.094
63.110,142.337,0.007,5,4752.221,3328.730
63.120,142.339,0.007,5,4752.276,3329.367
63.130,142.341,0.007,5,4752.331,3330.003
63.140,142.342,0.007,5,4752.385,3330.639
63.150,142.344,0.007,5,4752.440,3331.276
63.160,142.346,0.007,5,4752.495,3331.912
63.170,142.347,0.007,5,4752.550,3332.548
63.180,142.349,0.007,5,4752.605,3333.185
63.190,142.351,0.007,5,4752.659,3333.821
63.200,142.352,0.007,5,4752.714,3334.457
63.210,142.354,0.007,5,4752.769,3335.094
63.220,142.355,0.007,5,4752.824,3335.730
63.230,142.357,0.007,5,4752.878,3336.367
63.240,142.359,0.007,5,4752.933,3337.003
63.250,142.360,0.007,5,4752.988,3337.639
63.260,142.362,0.007,5,4753.042,3338.276
63.270,142.364,0.007,5,4753.097,3338.912
63.280,142.365,0.007,5,4753.151,3339.549
63.290,142.367,0.007,5,4753.206,3340.185
63.300,142.369,0.007,5,4753.260,3340.821
63.310,142.370,0.007,5,4753.315,3341.458
63.320,142.372,0.007,5,4753.369,3342.094
63.330,142.373,0.007,5,4753.424,3342.731
63.340,142.375,0.007,5,4753.478,3343.367
63.350,142.377,0.007,5,4753.532,3344.004
63.360,142.378,0.007,5,4753.587,3344.640
63.370,142.380,0.007,5,4753.641,3345.277
63.380,142.382,0.007,5,4753.695,3345.913
63.390,142.383,0.007,5,4753.750,3346.550
63.400,142.385,0.007,5,4753.804,3347.186
63.410,142.386,0.007,5,4753.858,3347.823
63.420,142.388,0.007,5,4753.912,3348.459
63.430,142.390,0.007,5,4753.967,3349.096
63.440,142.391,0.007,5,4754.021,3349.732
63.450,142.393,0.007,5,4754.075,3350.369
63.460,142.395,0.007,5,4754.129,3351.005
63.470,142.396,0.007,5,4754.183,3351.642
63.480,142.398,0.007,5,4754.237,3352.279
63.490,142.399,0.007,5,4754.291,3352.915
63.500,142.401,0.007,5,4754.345,3353.552
63.510,142.403,0.007,5,4754.399,3354.188
63.520,142.404,0.007,5,4754.453,3354.825
63.530,142.406,0.007,5,4754.507,3355.462
63.540,142.408,0.007,5,4754.561,3356.098
63.550,142.409,0.007,5,4754.615,3356.735
63.560,142.411,0.007,5,4754.669,3357.371
63.570,142.412,0.007,5,4754.723,3358.008
63.580,142.414,0.007,5,4754.777,3358.645
63.590,142.416,0.007,5,4754.831,3359.281
63.600,142.417,0.007,5,4754.884,3359.918
63.610,142.419,0.007,5,4754.938,3360.555
63.620,142.420,0.007,5,4754.992,3361.191
63.630,142.422,0.007,5,4755.046,3361.828
63.640,142.424,0.007,5,4755.099,3362.465
63.650,142.425,0.007,5,4755.153,3363.101
63.660,142.427,0.007,5,4755.207,3363.738
63.670,142.428,0.007,5,4755.260,3364.375
63.680,142.430,0.007,5,4755.314,3365.012
63.690,142.432,0.007,5,4755.368,3365.648
63.700,142.433,0.007,5,4755.421,3366.285
63.710,142.435,0.007,5,4755.475,3366.922
63.720,142.436,0.007,5,4755.528,3367.558
63.730,142.438,0.007,5,4755.582,3368.195
63.740,142.440,0.007,5,4755.635,3368.832
63.750,142.441,0.007,5,4755.689,3369.469
63.760,142.443,0.007,5,4755.742,3370.106
63.770,142.444,0.007,5,4755.795,3370.742
63.780,142.446,0.007,5,4755.849,3371.379
63.790,142.448,0.007,5,4755.902,3372.016
63.800,142.449,0.007,5,4755.956,3372.653
63.810,142.451,0.007,5,4756.009,3373.289
63.820,142.452,0.007,5,4756.062,3373.926
63.830,142.454,0.007,5,4756.115,3374.563
63.840,142.456,0.007,5,4756.169,3375.200
63.850,142.457,0.007,5,4756.222,3375.837
63.860,142.459,0.007,5,4756.275,3376.474
63.870,142.460,0.007,5,4756.328,3377.110
63.880,142.462,0.007,5,4756.381,3377.747
63.890,142.464,0.007,5,4756.435,3378.384
63.900,142.465,0.007,5,4756.488,3379.021
63.910,142.467,0.007,5,4756.541,3379.658
63.920,142.468,0.007,5,4756.594,3380.295
63.930,142.470,0.007,5,4756.647,3380.932
63.940,142.472,0.007,5,4756.700,3381.569
63.950,142.473,0.007,5,4756.753,3382.206
63.960,142.475,0.007,5,4756.806,3382.842
63.970,142.476,0.007,5,4756.859,3383.479
63.980,142.478,0.007,5,4756.912,3384.116
63.990,142.480,0.007,5,4756.965,3384.753
64.000,142.481,0.007,5,4757.018,3385.390
64.010,142.483,0.007,5,4757.070,3386.027
64.020,142.484,0.007,5,4757.123,3386.664
64.030,142.486,0.007,5,4757.176,3387.301
64.040,142.487,0.007,5,4757.229,3387.938
64.050,142.489,0.007,5,4757.282,3388.575
64.060,142.491,0.007,5,4757.334,3389.212
64.070,142.492,0.007,5,4757.387,3389.849
64.080,142.494,0.007,5,4757.440,3390.486
64.090,142.495,0.007,5,4757.492,3391.123
64.100,142.497,0.007,5,4757.545,3391.760
64.110,142.498,0.007,5,4757.598,3392.397
64.120,142.500,0.007,5,4757.650,3393.034
64.130,142.502,0.007,5,4757.703,3393.671
64.140,142.503,0.007,5,4757.755,3394.308
64.150,142.505,0.007,5,4757.808,3394.945
64.160,142.506,0.007,5,4757.861,3395.582
64.170,142.508,0.007,5,4757.913,3396.219
64.180,142.509,0.007,5,4757.966,3396.856
64.190,142.511,0.007,5,4758.018,3397.493
64.200,142.513,0.007,5,4758.070,3398.131
64.210,142.514,0.007,5,4758.123,3398.768
64.220,142.516,0.007,5,4758.175,3399.405
64.230,142.517,0.007,5,4758.228,3400.042
64.240,142.519,0.007,5,4758.280,3400.679
64.250,142.520,0.007,5,4758.332,3401.316
64.260,142.522,0.007,5,4758.384,3401.953
64.270,142.524,0.007,5,4758.437,3402.590
64.280,142.525,0.007,5,4758.489,3403.227
64.290,142.527,0.007,5,4758.541,3403.865
64.300,142.528,0.007,5,4758.593,3404.502
64.310,142.530,0.007,5,4758.646,3405.139
64.320,142.531,0.007,5,4758.698,3405.776
64.330,142.533,0.007,5,4758.750,3406.413
64.340,142.535,0.007,5,4758.802,3407.050
64.350,142.536,0.007,5,4758.854,3407.688
64.360,142.538,0.007,5,4758.906,3408.325
64.370,142.539,0.007,5,4758.958,3408.962
64.380,142.541,0.007,5,4759.010,3409.599
64.390,142.542,0.007,5,4759.062,3410.236
64.400,142.544,0.007,5,4759.114,3410.874
64.410,142.545,0.007,5,4759.166,3411.511
64.420,142.547,0.007,5,4759.218,3412.148
64.430,142.549,0.007,5,4759.270,3412.785
64.440,142.550,0.007,5,4759.322,3413.423
64.450,142.552,0.007,5,4759.374,3414.060
64.460,142.553,0.007,5,4759.426,3414.697
64.470,142.555,0.007,5,4759.477,3415.334
64.480,142.556,0.007,5,4759.529,3415.972
64.490,142.558,0.007,5,4759.581,3416.609
64.500,142.559,0.007,5,4759.633,3417.246
64.510,142.561,0.007,5,4759.684,3417.884
64.520,142.563,0.007,5,4759.736,3418.521
64.530,142.564,0.007,5,4759.788,3419.158
64.540,142.566,0.007,5,4759.840,3419.796
64.550,142.567,0.007,5,4759.891,3420.433
64.560,142.569,0.007,5,4759.943,3421.070
64.570,142.570,0.007,5,4759.994,3421.708
64.580,142.572,0.007,5,4760.046,3422.345
64.590,142.573,0.007,5,4760.098,3422.982
64.600,142.575,0.007,5,4760.149,3423.620
64.610,142.576,0.007,5,4760.201,3424.257
64.620,142.578,0.007,5,4760.252,3424.894
64.630,142.580,0.007,5,4760.304,3425.532
64.640,142.581,0.007,5,4760.355,3426.169
64.650,142.583,0.007,5,4760.406,3426.807
64.660,142.584,0.007,5,4760.458,3427.444
64.670,142.586,0.007,5,4760.509,3428.081
64.680,142.587,0.007,5,4760.560,3428.719
64.690,142.589,0.007,5,4760.612,3429.356
64.700,142.590,0.007,5,4760.663,3429.994
64.710,142.592,0.007,5,4760.714,3430.631
64.720,142.593,0.007,5,4760.766,3431.268
64.730,142.595,0.007,5,4760.817,3431.906
64.740,142.596,0.007,5,4760.868,3432.543
64.750,142.598,0.007,5,4760.919,3433.181
64.760,142.599,0.007,5,4760.971,3433.818
64.770,142.601,0.007,5,4761.022,3434.456
64.780,142.603,0.007,5,4761.073,3435.093
64.790,142.604,0.007,5,4761.124,3435.731
64.800,142.606,0.007,5,4761.175,3436.368
64.810,142.607,0.007,5,4761.226,3437.006
64.820,142.609,0.007,5,4761.277,3437.643
64.830,142.610,0.007,5,4761.328,3438.281
64.840,142.612,0.007,5,4761.379,3438.918
64.850,142.613,0.007,5,4761.430,3439.556
64.860,142.615,0.007,5,4761.481,3440.193
64.870,142.616,0.007,5,4761.532,3440.831
64.880,142.618,0.007,5,4761.583,3441.469
64.890,142.619,0.007,5,4761.634,3442.106
64.900,142.621,0.007,5,4761.685,3442.744
64.910,142.622,0.007,5,4761.736,3443.381
64.920,142.624,0.007,5,4761.786,3444.019
64.930,142.625,0.007,5,4761.837,3444.656
64.940,142.627,0.007,5,4761.888,3445.294
64.950,142.628,0.007,5,4761.939,3445.932
64.960,142.630,0.007,5,4761.989,3446.569
64.970,142.632,0.007,5,4762.040,3447.207
64.980,142.633,0.007,5,4762.091,3447.844
64.990,142.635,0.007,5,4762.142,3448.482
65.000,142.636,0.007,5,4762.192,3449.120
65.010,142.638,0.007,5,4762.243,3449.757
65.020,142.639,0.007,5,4762.293,3450.395
65.030,142.641,0.007,5,4762.344,3451.033
65.040,142.642,0.007,5,4762.395,3451.670
65.050,142.644,0.007,5,4762.445,3452.308
65.060,142.645,0.007,5,4762.496,3452.946
65.070,142.647,0.007,5,4762.546,3453.583
65.080,142.648,0.007,5,4762.597,3454.221
65.090,142.650,0.007,5,4762.647,3454.859
65.100,142.651,0.007,5,4762.697,3455.496
65.110,142.653,0.007,5,4762.748,3456.134
65.120,142.654,0.007,5,4762.798,3456.772
65.130,142.656,0.007,5,4762.849,3457.410
65.140,142.657,0.007,5,4762.899,3458.047
65.150,142.659,0.007,5,4762.949,3458.685
65.160,142.660,0.007,5,4763.000,3459.323
65.170,142.662,0.007,5,4763.050,3459.961
65.180,142.663,0.007,5,4763.100,3460.598
65.190,142.665,0.007,5,4763.150,3461.236
65.200,142.666,0.007,5,4763.201,3461.874
65.210,142.668,0.007,5,4763.251,3462.512
65.220,142.669,0.007,5,4763.301,3463.149
65.230,142.671,0.007,5,4763.351,3463.787
65.240,142.672,0.007,5,4763.401,3464.425
65.250,142.674,0.007,5,4763.451,3465.063
65.260,142.675,0.007,5,4763.501,3465.701
65.270,142.677,0.007,5,4763.551,3466.338
65.280,142.678,0.007,5,4763.601,3466.976
65.290,142.680,0.007,5,4763.652,3467.614
65.300,142.681,0.007,5,4763.702,3468.252
65.310,142.683,0.007,5,4763.751,3468.890
65.320,142.684,0.007,5,4763.801,3469.528
65.330,142.686,0.007,5,4763.851,3470.165
65.340,142.687,0.007,5,4763.901,3470.803
65.350,142.689,0.007,5,4763.951,3471.441
65.360,142.690,0.007,5,4764.001,3472.079
65.370,142.692,0.007,5,4764.051,3472.717
65.380,142.693,0.007,5,4764.101,3473.355
65.390,142.695,0.007,5,4764.151,3473.993
65.400,142.696,0.007,5,4764.200,3474.631
65.410,142.698,0.007,5,4764.250,3475.269
65.420,142.699,0.007,5,4764.300,3475.907
65.430,142.701,0.007,5,4764.350,3476.544
65.440,142.702,0.007,5,4764.399,3477.182
65.450,142.704,0.007,5,4764.449,3477.820
65.460,142.705,0.007,5,4764.499,3478.458
65.470,142.707,0.007,5,4764.548,3479.096
65.480,142.708,0.007,5,4764.598,3479.734
65.490,142.710,0.007,5,4764.647,3480.372
65.500,142.711,0.007,5,4764.697,3481.010
65.510,142.713,0.007,5,4764.746,3481.648
65.520,142.714,0.007,5,4764.796,3482.286
65.530,142.716,0.007,5,4764.846,3482.924
65.540,142.717,0.007,5,4764.895,3483.562
65.550,142.719,0.007,5,4764.944,3484.200
65.560,142.720,0.007,5,4764.994,3484.838
65.570,142.721,0.007,5,4765.043,3485.476
65.580,142.723,0.007,5,4765.093,3486.114
65.590,142.724,0.007,5,4765.142,3486.752
65.600,142.726,0.007,5,4765.191,3487.390
65.610,142.727,0.007,5,4765.241,3488.028
65.620,142.729,0.007,5,4765.290,3488.666
65.630,142.730,0.007,5,4765.339,3489.304
65.640,142.732,0.007,5,4765.389,3489.942
65.650,142.733,0.007,5,4765.438,3490.580
65.660,142.735,0.007,5,4765.487,3491.219
65.670,142.736,0.007,5,4765.536,3491.857
65.680,142.738,0.007,5,4765.586,3492.495
65.690,142.739,0.007,5,4765.635,3493.133
65.700,142.741,0.007,5,4765.684,3493.771
65.710,142.742,0.007,5,4765.733,3494.409
65.720,142.744,0.007,5,4765.782,3495.047
65.730,142.745,0.007,5,4765.831,3495.685
65.740,142.747,0.007,5,4765.880,3496.323
65.750,142.748,0.007,5,4765.929,3496.962
65.760,142.749,0.007,5,4765.978,3497.600
65.770,142.751,0.007,5,4766.027,3498.238
65.780,142.752,0.007,5,4766.076,3498.876
65.790,142.754,0.007,5,4766.125,3499.514
65.800,142.755,0.007,5,4766.174,3500.152
65.810,142.757,0.007,5,4766.223,3500.790
65.820,142.758,0.007,5,4766.272,3501.429
65.830,142.760,0.007,5,4766.321,3502.067
65.840,142.761,0.007,5,4766.370,3502.705
65.850,142.763,0.007,5,4766.418,3503.343
65.860,142.764,0.007,5,4766.467,3503.981
65.870,142.766,0.007,5,4766.516,3504.620
65.880,142.767,0.007,5,4766.565,3505.258
65.890,142.769,0.007,5,4766.614,3505.896
65.900,142.770,0.007,5,4766.662,3506.534
65.910,142.771,0.007,5,4766.711,3507.173
65.920,142.773,0.007,5,4766.760,3507.811
65.930,142.774,0.007,5,4766.808,3508.449
65.940,142.776,0.007,5,4766.857,3509.087
65.950,142.777,0.007,5,4766.906,3509.726
65.960,142.779,0.007,5,4766.954,3510.364
65.970,142.780,0.007,5,4767.003,3511.002
65.980,142.782,0.007,5,4767.051,3511.640
65.990,142.783,0.007,5,4767.100,3512.279
66.000,142.785,0.007,5,4767.148,3512.917
66.010,142.786,0.007,5,4767.197,3513.555
66.020,142.787,0.007,5,4767.245,3514.194
66.030,142.789,0.007,5,4767.294,3514.832
66.040,142.790,0.007,5,4767.342,3515.470
66.050,142.792,0.007,5,4767.390,3516.109
66.060,142.793,0.007,5,4767.439,3516.747
66.070,142.795,0.007,5,4767.487,3517.385
66.080,142.796,0.007,5,4767.536,3518.024
66.090,142.798,0.007,5,4767.584,3518.662
66.100,142.799,0.007,5,4767.632,3519.300
66.110,142.800,0.007,5,4767.680,3519.939
66.120,142.802,0.007,5,4767.729,3520.577
66.130,142.803,0.007,5,4767.777,3521.216
66.140,142.805,0.007,5,4767.825,3521.854
66.150,142.806,0.007,5,4767.873,3522.492
66.160,142.808,0.007,5,4767.922,3523.131
66.170,142.809,0.007,5,4767.970,3523.769
66.180,142.811,0.007,5,4768.018,3524.408
66.190,142.812,0.007,5,4768.066,3525.046
66.200,142.813,0.007,5,4768.114,3525.684
66.210,142.815,0.007,5,4768.162,3526.323
66.220,142.816,0.007,5,4768.210,3526.961
66.230,142.818,0.007,5,4768.258,3527.600
66.240,142.819,0.007,5,4768.306,3528.238
66.250,142.821,0.007,5,4768.354,3528.877
66.260,142.822,0.007,5,4768.402,3529.515
66.270,142.824,0.007,5,4768.450,3530.154
66.280,142.825,0.007,5,4768.498,3530.792
66.290,142.826,0.007,5,4768.546,3531.431
66.300,142.828,0.007,5,4768.594,3532.069
66.310,142.829,0.007,5,4768.642,3532.708
66.320,142.831,0.007,5,4768.690,3533.346
66.330,142.832,0.007,5,4768.737,3533.985
66.340,142.834,0.007,5,4768.785,3534.623
66.350,142.835,0.007,5,4768.833,3535.262
66.360,142.836,0.007,5,4768.881,3535.900
66.370,142.838,0.007,5,4768.928,3536.539
66.380,142.839,0.007,5,4768.976,3537.177
66.390,142.841,0.007,5,4769.024,3537.816
66.400,142.842,0.007,5,4769.072,3538.454
66.410,142.844,0.007,5,4769.119,3539.093
66.420,142.845,0.006,5,4769.167,3539.731
66.430,142.846,0.006,5,4769.214,3540.370
66.440,142.848,0.006,5,4769.262,3541.009
66.450,142.849,0.006,5,4769.310,3541.647
66.460,142.851,0.006,5,4769.357,3542.286
66.470,142.852,0.006,5,4769.405,3542.924
66.480,142.854,0.006,5,4769.452,3543.563
66.490,142.855,0.006,5,4769.500,3544.202
66.500,142.856,0.006,5,4769.547,3544.840
66.510,142.858,0.006,5,4769.595,3545.479
66.520,142.859,0.006,5,4769.642,3546.118
66.530,142.861,0.006,5,4769.690,3546.756
66.540,142.862,0.006,5,4769.737,3547.395
66.550,142.863,0.006,5,4769.784,3548.033
66.560,142.865,0.006,5,4769.832,3548.672
66.570,142.866,0.006,5,4769.879,3549.311
66.580,142.868,0.006,5,4769.926,3549.949
66.590,142.869,0.006,5,4769.974,3550.588
66.600,142.871,0.006,5,4770.021,3551.227
66.610,142.872,0.006,5,4770.068,3551.866
66.620,142.873,0.006,5,4770.115,3552.504
66.630,142.875,0.006,5,4770.162,3553.143
66.640,142.876,0.006,5,4770.210,3553.782
66.650,142.878,0.006,5,4770.257,3554.420
66.660,142.879,0.006,5,4770.304,3555.059
66.670,142.880,0.006,5,4770.351,3555.698
66.680,142.882,0.006,5,4770.398,3556.337
66.690,142.883,0.006,5,4770.445,3556.975
66.700,142.885,0.006,5,4770.492,3557.614
66.710,142.886,0.006,5,4770.539,3558.253
66.720,142.887,0.006,5,4770.586,3558.892
66.730,142.889,0.006,5,4770.633,3559.530
66.740,142.890,0.006,5,4770.680,3560.169
66.750,142.892,0.006,5,4770.727,3560.808
66.760,142.893,0.006,5,4770.774,3561.447
66.770,142.895,0.006,5,4770.821,3562.085
66.780,142.896,0.006,5,4770.868,3562.724
66.790,142.897,0.006,5,4770.915,3563.363
66.800,142.899,0.006,5,4770.962,3564.002
66.810,142.900,0.006,5,4771.009,3564.641
66.820,142.902,0.006,5,4771.056,3565.279
66.830,142.903,0.006,5,4771.102,3565.918
66.840,142.904,0.006,5,4771.149,3566.557
66.850,142.906,0.006,5,4771.196,3567.196
66.860,142.907,0.006,5,4771.243,3567.835
66.870,142.909,0.006,5,4771.289,3568.474
66.880,142.910,0.006,5,4771.336,3569.113
66.890,142.911,0.006,5,4771.383,3569.751
66.900,142.913,0.006,5,4771.429,3570.390
66.910,142.914,0.006,5,4771.476,3571.029
66.920,142.916,0.006,5,4771.523,3571.668
66.930,142.917,0.006,5,4771.569,3572.307
66.940,142.918,0.006,5,4771.616,3572.946
66.950,142.920,0.006,5,4771.662,3573.585
66.960,142.921,0.006,5,4771.709,3574.224
66.970,142.923,0.006,5,4771.755,3574.863
66.980,142.924,0.006,5,4771.802,3575.501
66.990,142.925,0.006,5,4771.848,3576.140
67.000,142.927,0.006,5,4771.895,3576.779
67.010,142.928,0.006,5,4771.941,3577.418
67.020,142.929,0.006,5,4771.988,3578.057
67.030,142.931,0.006,5,4772.034,3578.696
67.040,142.932,0.006,5,4772.081,3579.335
67.050,142.934,0.006,5,4772.127,3579.974
67.060,142.935,0.006,5,4772.173,3580.613
67.070,142.936,0.006,5,4772.220,3581.252
67.080,142.938,0.006,5,4772.266,3581.891
67.090,142.939,0.006,5,4772.312,3582.530
67.100,142.941,0.006,5,4772.358,3583.169
67.110,142.942,0.006,5,4772.405,3583.808
67.120,142.943,0.006,5,4772.451,3584.447
67.130,142.945,0.006,5,4772.497,3585.086
67.140,142.946,0.006,5,4772.543,3585.725
67.150,142.947,0.006,5,4772.589,3586.364
67.160,142.949,0.006,5,4772.635,3587.003
67.170,142.950,0.006,5,4772.682,3587.642
67.180,142.952,0.006,5,4772.728,3588.281
67.190,142.953,0.006,5,4772.774,3588.920
67.200,142.954,0.006,5,4772.820,3589.559
67.210,142.956,0.006,5,4772.866,3590.198
67.220,142.957,0.006,5,4772.912,3590.837
67.230,142.959,0.006,5,4772.958,3591.477
67.240,142.960,0.006,5,4773.004,3592.116
67.250,142.961,0.006,5,4773.050,3592.755
67.260,142.963,0.006,5,4773.096,3593.394
67.270,142.964,0.006,5,4773.142,3594.033
67.280,142.965,0.006,5,4773.188,3594.672
67.290,142.967,0.006,5,4773.233,3595.311
67.300,142.968,0.006,5,4773.279,3595.950
67.310,142.970,0.006,5,4773.325,3596.589
67.320,142.971,0.006,5,4773.371,3597.229
67.330,142.972,0.006,5,4773.417,3597.868
67.340,142.974,0.006,5,4773.463,3598.507
67.350,142.975,0.006,5,4773.508,3599.146
67.360,142.976,0.006,5,4773.554,3599.785
67.370,142.978,0.006,5,4773.600,3600.424
67.380,142.979,0.006,5,4773.645,3601.063
67.390,142.980,0.006,5,4773.691,3601.703
67.400,142.982,0.006,5,4773.737,3602.342
67.410,142.983,0.006,5,4773.782,3602.981
67.420,142.985,0.006,5,4773.828,3603.620
67.430,142.986,0.006,5,4773.874,3604.259
67.440,142.987,0.006,5,4773.919,3604.899
67.450,142.989,0.006,5,4773.965,3605.538
67.460,142.990,0.006,5,4774.010,3606.177
67.470,142.991,0.006,5,4774.056,3606.816
67.480,142.993,0.006,5,4774.101,3607.456
67.490,142.994,0.006,5,4774.147,3608.095
67.500,142.996,0.006,5,4774.192,3608.734
67.510,142.997,0.006,5,4774.238,3609.373
67.520,142.998,0.006,5,4774.283,3610.012
67.530,143.000,0.006,5,4774.329,3610.652
67.540,143.001,0.006,5,4774.374,3611.291
67.550,143.002,0.006,5,4774.419,3611.930
67.560,143.004,0.006,5,4774.465,3612.570
67.570,143.005,0.006,5,4774.510,3613.209
67.580,143.006,0.006,5,4774.555,3613.848
67.590,143.008,0.006,5,4774.601,3614.487
67.600,143.009,0.006,5,4774.646,3615.127
67.610,143.010,0.006,5,4774.691,3615.766
67.620,143.012,0.006,5,4774.736,3616.405
67.630,143.013,0.006,5,4774.782,3617.045
67.640,143.015,0.006,5,4774.827,3617.684
67.650,143.016,0.006,5,4774.872,3618.323
67.660,143.017,0.006,5,4774.917,3618.963
67.670,143.019,0.006,5,4774.962,3619.602
67.680,143.020,0.006,5,4775.007,3620.241
67.690,143.021,0.006,5,4775.052,3620.881
67.700,143.023,0.006,5,4775.098,3621.520
67.710,143.024,0.006,5,4775.143,3622.159
67.720,143.025,0.006,5,4775.188,3622.799
67.730,143.027,0.006,5,4775.233,3623.438
67.740,143.028,0.006,5,4775.278,3624.078
67.750,143.029,0.006,5,4775.323,3624.717
67.760,143.031,0.006,5,4775.368,3625.356
67.770,143.032,0.006,5,4775.412,3625.996
67.780,143.033,0.006,5,4775.457,3626.635
67.790,143.035,0.006,5,4775.502,3627.275
67.800,143.036,0.006,5,4775.547,3627.914
67.810,143.037,0.006,5,4775.592,3628.554
67.820,143.039,0.006,5,4775.637,3629.193
67.830,143.040,0.006,5,4775.682,3629.832
67.840,143.041,0.006,5,4775.726,3630.472
67.850,143.043,0.006,5,4775.771,3631.111
67.860,143.044,0.006,5,4775.816,3631.751
67.870,143.045,0.006,5,4775.861,3632.390
67.880,143.047,0.006,5,4775.905,3633.030
67.890,143.048,0.006,5,4775.950,3633.669
67.900,143.049,0.006,5,4775.995,3634.309
67.910,143.051,0.006,5,4776.040,3634.948
67.920,143.052,0.006,5,4776.084,3635.588
67.930,143.054,0.006,5,4776.129,3636.227
67.940,143.055,0.006,5,4776.173,3636.867
67.950,143.056,0.006,5,4776.218,3637.506
67.960,143.058,0.006,5,4776.263,3638.146
67.970,143.059,0.006,5,4776.307,3638.785
67.980,143.060,0.006,5,4776.352,3639.425
67.990,143.062,0.006,5,4776.396,3640.064
68.000,143.063,0.006,5,4776.441,3640.704
68.010,143.064,0.006,5,4776.485,3641.343
68.020,143.066,0.006,5,4776.530,3641.983
68.030,143.067,0.006,5,4776.574,3642.623
68.040,143.068,0.006,5,4776.618,3643.262
68.050,143.069,0.006,5,4776.663,3643.902
68.060,143.071,0.006,5,4776.707,3644.541
68.070,143.072,0.006,5,4776.752,3645.181
68.080,143.073,0.006,5,4776.796,3645.820
68.090,143.075,0.006,5,4776.840,3646.460
68.100,143.076,0.006,5,4776.885,3647.100
68.110,143.077,0.006,5,4776.929,3647.739
68.120,143.079,0.006,5,4776.973,3648.379
68.130,143.080,0.006,5,4777.017,3649.018
68.140,143.081,0.006,5,4777.062,3649.658
68.150,143.083,0.006,5,4777.106,3650.298
68.160,143.084,0.006,5,4777.150,3650.937
68.170,143.085,0.006,5,4777.194,3651.577
68.180,143.087,0.006,5,4777.238,3652.217
68.190,143.088,0.006,5,4777.282,3652.856
68.200,143.089,0.006,5,4777.326,3653.496
68.210,143.091,0.006,5,4777.371,3654.136
68.220,143.092,0.006,5,4777.415,3654.775
68.230,143.093,0.006,5,4777.459,3655.415
68.240,143.095,0.006,5,4777.503,3656.055
68.250,143.096,0.006,5,4777.547,3656.694
68.260,143.097,0.006,5,4777.591,3657.334
68.270,143.099,0.006,5,4777.635,3657.974
68.280,143.100,0.006,5,4777.679,3658.613
68.290,143.101,0.006,5,4777.723,3659.253
68.300,143.103,0.006,5,4777.766,3659.893
68.310,143.104,0.006,5,4777.810,3660.533
68.320,143.105,0.006,5,4777.854,3661.172
68.330,143.106,0.006,5,4777.898,3661.812
68.340,143.108,0.006,5,4777.942,3662.452
68.350,143.109,0.006,5,4777.986,3663.092
68.360,143.110,0.006,5,4778.030,3663.731
68.370,143.112,0.006,5,4778.073,3664.371
68.380,143.113,0.006,5,4778.117,3665.011
68.390,143.114,0.006,5,4778.161,3665.651
68.400,143.116,0.006,5,4778.205,3666.290
68.410,143.117,0.006,5,4778.248,3666.930
68.420,143.118,0.006,5,4778.292,3667.570
68.430,143.120,0.006,5,4778.336,3668.210
68.440,143.121,0.006,5,4778.379,3668.850
68.450,143.122,0.006,5,4778.423,3669.489
68.460,143.124,0.006,5,4778.467,3670.129
68.470,143.125,0.006,5,4778.510,3670.769
68.480,143.126,0.006,5,4778.554,3671.409
68.490,143.127,0.006,5,4778.597,3672.049
68.500,143.129,0.006,5,4778.641,3672.689
68.510,143.130,0.006,5,4778.684,3673.328
68.520,143.131,0.006,5,4778.728,3673.968
68.530,143.133,0.006,5,4778.771,3674.608
68.540,143.134,0.006,5,4778.815,3675.248
68.550,143.135,0.006,5,4778.858,3675.888
68.560,143.137,0.006,5,4778.902,3676.528
68.570,143.138,0.006,5,4778.945,3677.168
68.580,143.139,0.006,5,4778.988,3677.808
68.590,143.140,0.006,5,4779.032,3678.447
68.600,143.142,0.006,5,4779.075,3679.087
68.610,143.143,0.006,5,4779.119,3679.727
68.620,143.144,0.006,5,4779.162,3680.367
68.630,143.146,0.006,5,4779.205,3681.007
68.640,143.147,0.006,5,4779.248,3681.647
68.650,143.148,0.006,5,4779.292,3682.287
68.660,143.150,0.006,5,4779.335,3682.927
68.670,143.151,0.006,5,4779.378,3683.567
68.680,143.152,0.006,5,4779.421,3684.207
68.690,143.153,0.006,5,4779.465,3684.847
68.700,143.155,0.006,5,4779.508,3685.487
68.710,143.156,0.006,5,4779.551,3686.127
68.720,143.157,0.006,5,4779.594,3686.767
68.730,143.159,0.006,5,4779.637,3687.406
68.740,143.160,0.006,5,4779.680,3688.046
68.750,143.161,0.006,5,4779.723,3688.686
68.760,143.162,0.006,5,4779.766,3689.326
68.770,143.164,0.006,5,4779.809,3689.966
68.780,143.165,0.006,5,4779.852,3690.606
68.790,143.166,0.006,5,4779.895,3691.246
68.800,143.168,0.006,5,4779.938,3691.886
68.810,143.169,0.006,5,4779.981,3692.526
68.820,143.170,0.006,5,4780.024,3693.166
68.830,143.171,0.006,5,4780.067,3693.807
68.840,143.173,0.006,5,4780.110,3694.447
68.850,143.174,0.006,5,4780.153,3695.087
68.860,143.175,0.006,5,4780.196,3695.727
68.870,143.177,0.006,5,4780.239,3696.367
68.880,143.178,0.006,5,4780.281,3697.007
68.890,143.179,0.006,5,4780.324,3697.647
68.900,143.180,0.006,5,4780.367,3698.287
68.910,143.182,0.006,5,4780.410,3698.927
68.920,143.183,0.006,5,4780.453,3699.567
68.930,143.184,0.006,5,4780.495,3700.207
68.940,143.186,0.006,5,4780.538,3700.847
68.950,143.187,0.006,5,4780.581,3701.487
68.960,143.188,0.006,5,4780.623,3702.127
68.970,143.189,0.006,5,4780.666,3702.768
68.980,143.191,0.006,5,4780.709,3703.408
68.990,143.192,0.006,5,4780.751,3704.048
69.000,143.193,0.006,5,4780.794,3704.688
69.010,143.195,0.006,5,4780.837,3705.328
69.020,143.196,0.006,5,4780.879,3705.968
69.030,143.197,0.006,5,4780.922,3706.608
69.040,143.198,0.006,5,4780.964,3707.248
69.050,143.200,0.006,5,4781.007,3707.889
69.060,143.201,0.006,5,4781.049,3708.529
69.070,143.202,0.006,5,4781.092,3709.169
69.080,143.203,0.006,5,4781.134,3709.809
69.090,143.205,0.006,5,4781.177,3710.449
69.100,143.206,0.006,5,4781.219,3711.089
69.110,143.207,0.006,5,4781.261,3711.730
69.120,143.208,0.006,5,4781.304,3712.370
69.130,143.210,0.006,5,4781.346,3713.010
69.140,143.211,0.006,5,4781.388,3713.650
69.150,143.212,0.006,5,4781.431,3714.290
69.160,143.214,0.006,5,4781.473,3714.931
69.170,143.215,0.006,5,4781.515,3715.571
69.180,143.216,0.006,5,4781.558,3716.211
69.190,143.217,0.006,5,4781.600,3716.851
69.200,143.219,0.006,5,4781.642,3717.492
69.210,143.220,0.006,5,4781.684,3718.132
69.220,143.221,0.006,5,4781.727,3718.772
69.230,143.222,0.006,5,4781.769,3719.412
69.240,143.224,0.006,5,4781.811,3720.053
69.250,143.225,0.006,5,4781.853,3720.693
69.260,143.226,0.006,5,4781.895,3721.333
69.270,143.227,0.006,5,4781.937,3721.973
69.280,143.229,0.006,5,4781.979,3722.614
69.290,143.230,0.006,5,4782.022,3723.254
69.300,143.231,0.006,5,4782.064,3723.894
69.310,143.233,0.006,5,4782.106,3724.535
69.320,143.234,0.006,5,4782.148,3725.175
69.330,143.235,0.006,5,4782.190,3725.815
69.340,143.236,0.006,5,4782.232,3726.456
69.350,143.238,0.006,5,4782.274,3727.096
69.360,143.239,0.006,5,4782.316,3727.736
69.370,143.240,0.006,5,4782.357,3728.377
69.380,143.241,0.006,5,4782.399,3729.017
69.390,143.243,0.006,5,4782.441,3729.657
69.400,143.244,0.006,5,4782.483,3730.298
69.410,143.245,0.006,5,4782.525,3730.938
69.420,143.246,0.006,5,4782.567,3731.578
69.430,143.248,0.006,5,4782.609,3732.219
69.440,143.249,0.006,5,4782.650,3732.859
69.450,143.250,0.006,5,4782.692,3733.499
69.460,143.251,0.006,5,4782.734,3734.140
69.470,143.253,0.006,5,4782.776,3734.780
69.480,143.254,0.006,5,4782.817,3735.421
69.490,143.255,0.006,5,4782.859,3736.061
69.500,143.256,0.006,5,4782.901,3736.701
69.510,143.258,0.006,5,4782.943,3737.342
69.520,143.259,0.006,5,4782.984,3737.982
69.530,143.260,0.006,5,4783.026,3738.623
69.540,143.261,0.006,5,4783.067,3739.263
69.550,143.263,0.006,5,4783.109,3739.904
69.560,143.264,0.006,5,4783.151,3740.544
69.570,143.265,0.006,5,4783.192,3741.184
69.580,143.266,0.006,5,4783.234,3741.825
69.590,143.268,0.006,5,4783.275,3742.465
69.600,143.269,0.006,5,4783.317,3743.106
69.610,143.270,0.006,5,4783.358,3743.746
69.620,143.271,0.006,5,4783.400,3744.387
69.630,143.273,0.006,5,4783.441,3745.027
69.640,143.274,0.006,5,4783.483,3745.668
69.650,143.275,0.006,5,4783.524,3746.308
69.660,143.276,0.006,5,4783.566,3746.949
69.670,143.277,0.006,5,4783.607,3747.589
69.680,143.279,0.006,5,4783.648,3748.230
69.690,143.280,0.006,5,4783.690,3748.870
69.700,143.281,0.006,5,4783.731,3749.511
69.710,143.282,0.006,5,4783.772,3750.151
69.720,143.284,0.006,5,4783.814,3750.792
69.730,143.285,0.006,5,4783.855,3751.432
69.740,143.286,0.006,5,4783.896,3752.073
69.750,143.287,0.006,5,4783.937,3752.714
69.760,143.289,0.006,5,4783.979,3753.354
69.770,143.290,0.006,5,4784.020,3753.995
69.780,143.291,0.006,5,4784.061,3754.635
69.790,143.292,0.006,5,4784.102,3755.276
69.800,143.294,0.006,5,4784.143,3755.916
69.810,143.295,0.006,5,4784.184,3756.557
69.820,143.296,0.006,5,4784.226,3757.198
69.830,143.297,0.006,5,4784.267,3757.838
69.840,143.298,0.006,5,4784.308,3758.479
69.850,143.300,0.006,5,4784.349,3759.119
69.860,143.301,0.006,5,4784.390,3759.760
69.870,143.302,0.006,5,4784.431,3760.401
69.880,143.303,0.006,5,4784.472,3761.041
69.890,143.305,0.006,5,4784.513,3761.682
69.900,143.306,0.006,5,4784.554,3762.322
69.910,143.307,0.006,5,4784.595,3762.963
69.920,143.308,0.006,5,4784.636,3763.604
69.930,143.310,0.006,5,4784.677,3764.244
69.940,143.311,0.006,5,4784.718,3764.885
69.950,143.312,0.006,5,4784.758,3765.526
69.960,143.313,0.006,5,4784.799,3766.166
69.970,143.314,0.006,5,4784.840,3766.807
69.980,143.316,0.006,5,4784.881,3767.448
69.990,143.317,0.006,5,4784.922,3768.088
70.000,143.318,0.006,5,4784.963,3768.729
70.010,143.319,0.006,5,4785.003,3769.370
70.020,143.321,0.006,5,4785.044,3770.010
70.030,143.322,0.006,5,4785.085,3770.651
70.040,143.323,0.006,5,4785.126,3771.292
70.050,143.324,0.006,5,4785.166,3771.933
70.060,143.325,0.006,5,4785.207,3772.573
70.070,143.327,0.006,5,4785.248,3773.214
70.080,143.328,0.006,5,4785.288,3773.855
70.090,143.329,0.006,5,4785.329,3774.495
70.100,143.330,0.006,5,4785.370,3775.136
70.110,143.331,0.006,5,4785.410,3775.777
70.120,143.333,0.006,5,4785.451,3776.418
70.130,143.334,0.006,5,4785.491,3777.058
70.140,143.335,0.006,5,4785.532,3777.699
70.150,143.336,0.006,5,4785.573,3778.340
70.160,143.338,0.006,5,4785.613,3778.981
70.170,143.339,0.006,5,4785.654,3779.621
70.180,143.340,0.006,5,4785.694,3780.262
70.190,143.341,0.006,5,4785.734,3780.903
70.200,143.342,0.006,5,4785.775,3781.544
70.210,143.344,0.006,5,4785.815,3782.185
70.220,143.345,0.006,5,4785.856,3782.825
70.230,143.346,0.006,5,4785.896,3783.466
70.240,143.347,0.006,5,4785.937,3784.107
70.250,143.348,0.006,5,4785.977,3784.748
70.260,143.350,0.006,5,4786.017,3785.389
70.270,143.351,0.006,5,4786.058,3786.030
70.280,143.352,0.005,5,4786.098,3786.670
70.290,143.353,0.005,5,4786.138,3787.311
70.300,143.355,0.005,5,4786.178,3787.952
70.310,143.356,0.005,5,4786.219,3788.593
70.320,143.357,0.005,5,4786.259,3789.234
70.330,143.358,0.005,5,4786.299,3789.875
70.340,143.359,0.005,5,4786.339,3790.516
70.350,143.361,0.005,5,4786.380,3791.156
70.360,143.362,0.005,5,4786.420,3791.797
70.370,143.363,0.005,5,4786.460,3792.438
70.380,143.364,0.005,5,4786.500,3793.079
70.390,143.365,0.005,5,4786.540,3793.720
70.400,143.367,0.005,5,4786.580,3794.361
70.410,143.368,0.005,5,4786.620,3795.002
70.420,143.369,0.005,5,4786.660,3795.643
70.430,143.370,0.005,5,4786.700,3796.284
70.440,143.371,0.005,5,4786.740,3796.925
70.450,143.373,0.005,5,4786.780,3797.565
70.460,143.374,0.005,5,4786.820,3798.206
70.470,143.375,0.005,5,4786.860,3798.847
70.480,143.376,0.005,5,4786.900,3799.488
70.490,143.377,0.005,5,4786.940,3800.129
70.500,143.379,0.005,5,4786.980,3800.770
70.510,143.380,0.005,5,4787.020,3801.411
70.520,143.381,0.005,5,4787.060,3802.052
70.530,143.382,0.005,5,4787.100,3802.693
70.540,143.383,0.005,5,4787.140,3803.334
70.550,143.384,0.005,5,4787.180,3803.975
70.560,143.386,0.005,5,4787.219,3804.616
70.570,143.387,0.005,5,4787.259,3805.257
70.580,143.388,0.005,5,4787.299,3805.898
70.590,143.389,0.005,5,4787.339,3806.539
70.600,143.390,0.005,5,4787.379,3807.180
70.610,143.392,0.005,5,4787.418,3807.821
70.620,143.393,0.005,5,4787.458,3808.462
70.630,143.394,0.005,5,4787.498,3809.103
70.640,143.395,0.005,5,4787.537,3809.744
70.650,143.396,0.005,5,4787.577,3810.385
70.660,143.398,0.005,5,4787.617,3811.026
70.670,143.399,0.005,5,4787.656,3811.667
70.680,143.400,0.005,5,4787.696,3812.308
70.690,143.401,0.005,5,4787.736,3812.949
70.700,143.402,0.005,5,4787.775,3813.590
70.710,143.404,0.005,5,4787.815,3814.231
70.720,143.405,0.005,5,4787.854,3814.873
70.730,143.406,0.005,5,4787.894,3815.514
70.740,143.407,0.005,5,4787.933,3816.155
70.750,143.408,0.005,5,4787.973,3816.796
70.760,143.409,0.005,5,4788.012,3817.437
70.770,143.411,0.005,5,4788.052,3818.078
70.780,143.412,0.005,5,4788.091,3818.719
70.790,143.413,0.005,5,4788.131,3819.360
70.800,143.414,0.005,5,4788.170,3820.001
70.810,143.415,0.005,5,4788.209,3820.642
70.820,143.417,0.005,5,4788.249,3821.284
70.830,143.418,0.005,5,4788.288,3821.925
70.840,143.419,0.005,5,4788.327,3822.566
70.850,143.420,0.005,5,4788.367,3823.207
70.860,143.421,0.005,5,4788.406,3823.848
70.870,143.422,0.005,5,4788.445,3824.489
70.880,143.424,0.005,5,4788.485,3825.130
70.890,143.425,0.005,5,4788.524,3825.772
70.900,143.426,0.005,5,4788.563,3826.413
70.910,143.427,0.005,5,4788.602,3827.054
70.920,143.428,0.005,5,4788.642,3827.695
70.930,143.429,0.005,5,4788.681,3828.336
70.940,143.431,0.005,5,4788.720,3828.977
70.950,143.432,0.005,5,4788.759,3829.619
70.960,143.433,0.005,5,4788.798,3830.260
70.970,143.434,0.005,5,4788.837,3830.901
70.980,143.435,0.005,5,4788.876,3831.542
70.990,143.436,0.005,5,4788.915,3832.184
71.000,143.438,0.005,5,4788.955,3832.825
71.010,143.439,0.005,5,4788.994,3833.466
71.020,143.440,0.005,5,4789.033,3834.107
71.030,143.441,0.005,5,4789.072,3834.748
71.040,143.442,0.005,5,4789.111,3835.390
71.050,143.443,0.005,5,4789.150,3836.031
71.060,143.445,0.005,5,4789.189,3836.672
71.070,143.446,0.005,5,4789.228,3837.313
71.080,143.447,0.005,5,4789.266,3837.955
71.090,143.448,0.005,5,4789.305,3838.596
71.100,143.449,0.005,5,4789.344,3839.237
71.110,143.450,0.005,5,4789.383,3839.878
71.120,143.452,0.005,5,4789.422,3840.520
71.130,143.453,0.005,5,4789.461,3841.161
71.140,143.454,0.005,5,4789.500,3841.802
71.150,143.455,0.005,5,4789.539,3842.444
71.160,143.456,0.005,5,4789.577,3843.085
71.170,143.457,0.005,5,4789.616,3843.726
71.180,143.459,0.005,5,4789.655,3844.368
71.190,143.460,0.005,5,4789.694,3845.009
71.200,143.461,0.005,5,4789.732,3845.650
71.210,143.462,0.005,5,4789.771,3846.292
71.220,143.463,0.005,5,4789.810,3846.933
71.230,143.464,0.005,5,4789.848,3847.574
71.240,143.466,0.005,5,4789.887,3848.216
71.250,143.467,0.005,5,4789.926,3848.857
71.260,143.468,0.005,5,4789.964,3849.498
71.270,143.469,0.005,5,4790.003,3850.140
71.280,143.470,0.005,5,4790.042,3850.781
71.290,143.471,0.005,5,4790.080,3851.422
71.300,143.473,0.005,5,4790.119,3852.064
71.310,143.474,0.005,5,4790.157,3852.705
71.320,143.475,0.005,5,4790.196,3853.347
71.330,143.476,0.005,5,4790.234,3853.988
71.340,143.477,0.005,5,4790.273,3854.629
71.350,143.478,0.005,5,4790.311,3855.271
71.360,143.479,0.005,5,4790.350,3855.912
71.370,143.481,0.005,5,4790.388,3856.554
71.380,143.482,0.005,5,4790.427,3857.195
71.390,143.483,0.005,5,4790.465,3857.836
71.400,143.484,0.005,5,4790.503,3858.478
71.410,143.485,0.005,5,4790.542,3859.119
71.420,143.486,0.005,5,4790.580,3859.761
71.430,143.487,0.005,5,4790.619,3860.402
71.440,143.489,0.005,5,4790.657,3861.044
71.450,143.490,0.005,5,4790.695,3861.685
71.460,143.491,0.005,5,4790.733,3862.326
71.470,143.492,0.005,5,4790.772,3862.968
71.480,143.493,0.005,5,4790.810,3863.609
71.490,143.494,0.005,5,4790.848,3864.251
71.500,143.496,0.005,5,4790.886,3864.892
71.510,143.497,0.005,5,4790.925,3865.534
71.520,143.498,0.005,5,4790.963,3866.175
71.530,143.499,0.005,5,4791.001,3866.817
71.540,143.500,0.005,5,4791.039,3867.458
71.550,143.501,0.005,5,4791.077,3868.100
71.560,143.502,0.005,5,4791.115,3868.741
71.570,143.504,0.005,5,4791.154,3869.383
71.580,143.505,0.005,5,4791.192,3870.024
71.590,143.506,0.005,5,4791.230,3870.666
71.600,143.507,0.005,5,4791.268,3871.307
71.610,143.508,0.005,5,4791.306,3871.949
71.620,143.509,0.005,5,4791.344,3872.591
71.630,143.510,0.005,5,4791.382,3873.232
71.640,143.511,0.005,5,4791.420,3873.874
71.650,143.513,0.005,5,4791.458,3874.515
71.660,143.514,0.005,5,4791.496,3875.157
71.670,143.515,0.005,5,4791.534,3875.798
71.680,143.516,0.005,5,4791.572,3876.440
71.690,143.517,0.005,5,4791.610,3877.081
71.700,143.518,0.005,5,4791.648,3877.723
71.710,143.519,0.005,5,4791.685,3878.365
71.720,143.521,0.005,5,4791.723,3879.006
71.730,143.522,0.005,5,4791.761,3879.648
71.740,143.523,0.005,5,4791.799,3880.289
71.750,143.524,0.005,5,4791.837,3880.931
71.760,143.525,0.005,5,4791.875,3881.573
71.770,143.526,0.005,5,4791.912,3882.214
71.780,143.527,0.005,5,4791.950,3882.856
71.790,143.529,0.005,5,4791.988,3883.497
71.800,143.530,0.005,5,4792.026,3884.139
71.810,143.531,0.005,5,4792.063,3884.781
71.820,143.532,0.005,5,4792.101,3885.422
71.830,143.533,0.005,5,4792.139,3886.064
71.840,143.534,0.005,5,4792.176,3886.706
71.850,143.535,0.005,5,4792.214,3887.347
71.860,143.536,0.005,5,4792.252,3887.989
71.870,143.538,0.005,5,4792.289,3888.631
71.880,143.539,0.005,5,4792.327,3889.272
71.890,143.540,0.005,5,4792.365,3889.914
71.900,143.541,0.005,5,4792.402,3890.556
71.910,143.542,0.005,5,4792.440,3891.197
71.920,143.543,0.005,5,4792.477,3891.839
71.930,143.544,0.005,5,4792.515,3892.481
71.940,143.545,0.005,5,4792.552,3893.122
71.950,143.547,0.005,5,4792.590,3893.764
71.960,143.548,0.005,5,4792.627,3894.406
71.970,143.549,0.005,5,4792.665,3895.048
71.980,143.550,0.005,5,4792.702,3895.689
71.990,143.551,0.005,5,4792.739,3896.331
72.000,143.552,0.005,5,4792.777,3896.973
72.010,143.553,0.005,5,4792.814,3897.615
72.020,143.554,0.005,5,4792.852,3898.256
72.030,143.555,0.005,5,4792.889,3898.898
72.040,143.557,0.005,5,4792.926,3899.540
