Time_s,Speed_mph,Acceleration_G,Gear,Engine_RPM,Distance_m
0.000,0.000,0.800,1,1000.000,0.000
0.010,0.176,0.800,1,1000.000,0.000
0.020,0.351,0.800,1,1000.000,0.002
0.030,0.527,0.800,1,1000.000,0.004
0.040,0.702,0.800,1,1000.000,0.006
0.050,0.878,0.800,1,1000.000,0.010
0.060,1.053,0.800,1,1000.000,0.014
0.070,1.229,0.800,1,1000.000,0.019
0.080,1.404,0.800,1,1000.000,0.025
0.090,1.580,0.800,1,1000.000,0.032
0.100,1.755,0.800,1,1000.000,0.039
0.110,1.931,0.800,1,1000.000,0.047
0.120,2.106,0.800,1,1000.000,0.056
0.130,2.282,0.800,1,1000.000,0.066
0.140,2.457,0.800,1,1000.000,0.077
0.150,2.633,0.800,1,1000.000,0.088
0.160,2.808,0.800,1,1000.000,0.100
0.170,2.984,0.800,1,1000.000,0.113
0.180,3.160,0.800,1,1000.000,0.127
0.190,3.335,0.800,1,1000.000,0.142
0.200,3.511,0.800,1,1000.000,0.157
0.210,3.686,0.800,1,1000.000,0.173
0.220,3.862,0.800,1,1000.000,0.190
0.230,4.037,0.800,1,1000.000,0.208
0.240,4.213,0.800,1,1000.000,0.226
0.250,4.388,0.800,1,1000.000,0.245
0.260,4.564,0.800,1,1000.000,0.265
0.270,4.739,0.800,1,1000.000,0.286
0.280,4.915,0.800,1,1000.000,0.308
0.290,5.090,0.800,1,1000.000,0.330
0.300,5.266,0.800,1,1000.000,0.353
0.310,5.441,0.800,1,1000.000,0.377
0.320,5.617,0.800,1,1000.000,0.402
0.330,5.792,0.800,1,1000.000,0.427
0.340,5.968,0.800,1,1000.000,0.454
0.350,6.143,0.800,1,1000.000,0.481
0.360,6.319,0.800,1,1000.000,0.508
0.370,6.494,0.800,1,1005.322,0.537
0.380,6.670,0.800,1,1032.487,0.567
0.390,6.845,0.800,1,1059.652,0.597
0.400,7.020,0.800,1,1086.816,0.628
0.410,7.196,0.800,1,1113.979,0.659
0.420,7.371,0.800,1,1141.142,0.692
0.430,7.547,0.800,1,1168.305,0.725
0.440,7.722,0.800,1,1195.467,0.760
0.450,7.898,0.800,1,1222.628,0.794
0.460,8.073,0.800,1,1249.789,0.830
0.470,8.249,0.799,1,1276.949,0.867
0.480,8.424,0.799,1,1304.109,0.904
0.490,8.600,0.799,1,1331.268,0.942
0.500,8.775,0.799,1,1358.427,0.981
0.510,8.950,0.799,1,1385.585,1.020
0.520,9.126,0.799,1,1412.742,1.061
0.530,9.301,0.799,1,1439.898,1.102
0.540,9.477,0.799,1,1467.054,1.144
0.550,9.652,0.799,1,1494.209,1.187
0.560,9.827,0.799,1,1521.364,1.230
0.570,10.003,0.799,1,1548.518,1.275
0.580,10.178,0.799,1,1575.671,1.320
0.590,10.354,0.799,1,1602.823,1.366
0.600,10.529,0.799,1,1629.975,1.412
0.610,10.704,0.799,1,1657.126,1.460
0.620,10.880,0.799,1,1684.276,1.508
0.630,11.055,0.799,1,1711.425,1.557
0.640,11.231,0.799,1,1738.574,1.607
0.650,11.406,0.799,1,1765.722,1.657
0.660,11.581,0.799,1,1792.869,1.709
0.670,11.757,0.799,1,1820.015,1.761
0.680,11.932,0.799,1,1847.160,1.814
0.690,12.107,0.934,1,1874.305,1.868
0.700,12.312,0.934,1,1906.038,1.922
0.710,12.517,0.934,1,1937.770,1.978
0.720,12.722,0.934,1,1969.501,2.034
0.730,12.927,0.934,1,2001.232,2.091
0.740,13.132,0.934,1,2032.961,2.150
0.750,13.337,0.934,1,2064.689,2.209
0.760,13.542,0.934,1,2096.416,2.269
0.770,13.747,0.934,1,2128.141,2.330
0.780,13.952,0.934,1,2159.866,2.392
0.790,14.157,0.934,1,2191.589,2.455
0.800,14.362,0.934,1,2223.312,2.518
0.810,14.567,0.934,1,2255.033,2.583
0.820,14.772,0.934,1,2286.752,2.649
0.830,14.976,0.934,1,2318.471,2.715
0.840,15.181,0.934,1,2350.188,2.783
0.850,15.386,0.934,1,2381.905,2.851
0.860,15.591,0.934,1,2413.619,2.920
0.870,15.796,0.933,1,2445.333,2.990
0.880,16.001,0.933,1,2477.045,3.061
0.890,16.206,0.933,1,2508.756,3.133
0.900,16.411,0.933,1,2540.465,3.206
0.910,16.615,0.933,1,2572.174,3.280
0.920,16.820,0.933,1,2603.880,3.355
0.930,17.025,0.933,1,2635.586,3.430
0.940,17.230,0.933,1,2667.290,3.507
0.950,17.435,0.933,1,2698.992,3.585
0.960,17.639,0.933,1,2730.693,3.663
0.970,17.844,0.933,1,2762.393,3.742
0.980,18.049,0.933,1,2794.091,3.822
0.990,18.254,0.933,1,2825.787,3.904
1.000,18.458,0.933,1,2857.482,3.986
1.010,18.663,0.933,1,2889.176,4.069
1.020,18.868,0.933,1,2920.868,4.153
1.030,19.072,0.933,1,2952.558,4.237
1.040,19.277,0.933,1,2984.247,4.323
1.050,19.482,0.933,1,3015.934,4.410
1.060,19.687,0.933,1,3047.619,4.497
1.070,19.891,0.933,1,3079.303,4.586
1.080,20.096,0.933,1,3110.986,4.675
1.090,20.301,0.933,1,3142.666,4.765
1.100,20.505,0.932,1,3174.345,4.857
1.110,20.710,0.932,1,3206.022,4.949
1.120,20.914,0.932,1,3237.697,5.042
1.130,21.119,0.932,1,3269.371,5.136
1.140,21.324,0.932,1,3301.043,5.231
1.150,21.528,0.932,1,3332.713,5.326
1.160,21.733,0.932,1,3364.381,5.423
1.170,21.937,0.932,1,3396.048,5.521
1.180,22.142,0.932,1,3427.713,5.619
1.190,22.346,0.932,1,3459.375,5.719
1.200,22.551,0.932,1,3491.036,5.819
1.210,22.755,0.932,1,3522.695,5.920
1.220,22.960,0.932,1,3554.353,6.022
1.230,23.164,0.932,1,3586.008,6.126
1.240,23.369,0.932,1,3617.661,6.230
1.250,23.573,0.932,1,3649.312,6.334
1.260,23.778,0.932,1,3680.962,6.440
1.270,23.982,0.932,1,3712.609,6.547
1.280,24.187,0.931,1,3744.255,6.655
1.290,24.391,0.931,1,3775.898,6.763
1.300,24.595,0.931,1,3807.539,6.873
1.310,24.800,0.931,1,3839.179,6.983
1.320,25.004,0.931,1,3870.816,7.095
1.330,25.208,0.931,1,3902.451,7.207
1.340,25.413,0.931,1,3934.084,7.320
1.350,25.617,0.931,1,3965.715,7.434
1.360,25.821,0.931,1,3997.344,7.549
1.370,26.026,0.931,1,4028.970,7.665
1.380,26.230,0.931,1,4060.595,7.782
1.390,26.434,0.931,1,4092.217,7.899
1.400,26.639,0.931,1,4123.837,8.018
1.410,26.843,0.931,1,4155.455,8.137
1.420,27.047,0.931,1,4187.071,8.258
1.430,27.251,0.931,1,4218.684,8.379
1.440,27.455,0.930,1,4250.295,8.502
1.450,27.660,0.930,1,4281.904,8.625
1.460,27.864,0.930,1,4313.510,8.749
1.470,28.068,0.930,1,4345.114,8.874
1.480,28.272,0.930,1,4376.716,9.000
1.490,28.476,0.930,1,4408.316,9.127
1.500,28.680,0.930,1,4439.913,9.254
1.510,28.884,0.930,1,4471.507,9.383
1.520,29.088,0.930,1,4503.100,9.513
1.530,29.292,0.930,1,4534.690,9.643
1.540,29.497,0.930,1,4566.277,9.775
1.550,29.701,0.930,1,4597.862,9.907
1.560,29.905,0.930,1,4629.444,10.040
1.570,30.109,0.930,1,4661.024,10.174
1.580,30.313,0.929,1,4692.602,10.309
1.590,30.516,0.929,1,4724.177,10.445
1.600,30.720,0.929,1,4755.749,10.582
1.610,30.924,0.929,1,4787.319,10.720
1.620,31.128,0.929,1,4818.886,10.859
1.630,31.332,0.929,1,4850.451,10.998
1.640,31.536,0.929,1,4882.013,11.139
1.650,31.740,0.929,1,4913.572,11.280
1.660,31.944,0.929,1,4945.129,11.423
1.670,32.148,0.929,1,4976.683,11.566
1.680,32.351,0.929,1,5008.234,11.710
1.690,32.555,0.929,1,5039.783,11.855
1.700,32.759,0.929,1,5071.329,12.001
1.710,32.963,0.928,1,5102.872,12.148
1.720,33.166,0.928,1,5134.413,12.296
1.730,33.370,0.928,1,5165.951,12.445
1.740,33.574,0.928,1,5197.486,12.594
1.750,33.778,0.928,1,5229.018,12.745
1.760,33.981,0.928,1,5260.547,12.896
1.770,34.185,0.793,1,5292.074,13.049
1.780,34.359,0.793,1,5319.008,13.202
1.790,34.533,0.793,1,5345.939,13.356
1.800,34.707,0.793,1,5372.869,13.510
1.810,34.881,0.793,1,5399.795,13.666
1.820,35.055,0.792,1,5426.719,13.822
1.830,35.229,0.792,1,5453.641,13.979
1.840,35.402,0.792,1,5480.560,14.137
1.850,35.576,0.792,1,5507.477,14.296
1.860,35.750,0.792,1,5534.391,14.455
1.870,35.924,0.792,1,5561.302,14.616
1.880,36.098,0.792,1,5588.211,14.777
1.890,36.272,0.792,1,5615.118,14.938
1.900,36.445,0.792,1,5642.022,15.101
1.910,36.619,0.792,1,5668.923,15.264
1.920,36.793,0.792,1,5695.821,15.428
1.930,36.967,0.792,1,5722.718,15.593
1.940,37.140,0.792,1,5749.611,15.759
1.950,37.314,0.791,1,5776.502,15.925
1.960,37.488,0.791,1,5803.390,16.092
1.970,37.662,0.791,1,5830.275,16.260
1.980,37.835,0.791,1,5857.158,16.429
1.990,38.009,0.791,1,5884.038,16.599
2.000,38.182,0.791,1,5910.915,16.769
2.010,38.356,0.791,1,5937.790,16.940
2.020,38.530,0.791,1,5964.662,17.112
2.030,38.703,0.791,1,5991.531,17.285
2.040,38.877,0.791,1,6018.398,17.458
2.050,39.050,0.791,1,6045.261,17.632
2.060,39.224,0.791,1,6072.122,17.807
2.070,39.397,0.791,1,6098.981,17.983
2.080,39.571,0.790,1,6125.836,18.159
2.090,39.744,0.790,1,6152.688,18.337
2.100,39.918,0.790,1,6179.538,18.515
2.110,40.091,-0.025,2,3723.831,18.693
2.120,40.086,-0.025,2,3723.327,18.873
2.130,40.080,-0.025,2,3722.824,19.052
2.140,40.075,-0.025,2,3722.321,19.231
2.150,40.069,-0.025,2,3721.817,19.410
2.160,40.064,-0.025,2,3721.314,19.589
2.170,40.059,-0.025,2,3720.811,19.768
2.180,40.053,-0.025,2,3720.308,19.947
2.190,40.048,-0.025,2,3719.804,20.126
2.200,40.042,-0.025,2,3719.301,20.305
2.210,40.037,-0.025,2,3718.798,20.484
2.220,40.031,-0.025,2,3718.295,20.663
2.230,40.026,-0.025,2,3717.792,20.842
2.240,40.021,-0.025,2,3717.290,21.021
2.250,40.015,-0.025,2,3716.787,21.200
2.260,40.010,-0.025,2,3716.284,21.379
2.270,40.004,-0.025,2,3715.781,21.558
2.280,39.999,-0.025,2,3715.279,21.737
2.290,39.994,-0.025,2,3714.776,21.916
2.300,39.988,-0.025,2,3714.273,22.094
2.310,39.983,0.627,2,3713.771,22.273
2.320,40.120,0.627,2,3726.556,22.452
2.330,40.258,0.627,2,3739.341,22.632
2.340,40.396,0.627,2,3752.123,22.812
2.350,40.533,0.627,2,3764.905,22.993
2.360,40.671,0.627,2,3777.685,23.174
2.370,40.808,0.627,2,3790.463,23.357
2.380,40.946,0.627,2,3803.241,23.539
2.390,41.084,0.627,2,3816.017,23.723
2.400,41.221,0.627,2,3828.791,23.907
2.410,41.359,0.627,2,3841.564,24.091
2.420,41.496,0.627,2,3854.336,24.276
2.430,41.634,0.626,2,3867.106,24.462
2.440,41.771,0.626,2,3879.875,24.649
2.450,41.908,0.626,2,3892.643,24.836
2.460,42.046,0.626,2,3905.409,25.023
2.470,42.183,0.626,2,3918.174,25.212
2.480,42.321,0.626,2,3930.937,25.401
2.490,42.458,0.626,2,3943.699,25.590
2.500,42.596,0.626,2,3956.459,25.780
2.510,42.733,0.626,2,3969.218,25.971
2.520,42.870,0.626,2,3981.976,26.162
2.530,43.008,0.626,2,3994.732,26.354
2.540,43.145,0.626,2,4007.486,26.547
2.550,43.282,0.626,2,4020.239,26.740
2.560,43.419,0.560,2,4032.991,26.934
2.570,43.542,0.560,2,4044.412,27.128
2.580,43.665,0.560,2,4055.833,27.323
2.590,43.788,0.560,2,4067.251,27.518
2.600,43.911,0.560,2,4078.669,27.714
2.610,44.034,0.560,2,4090.085,27.911
2.620,44.157,0.560,2,4101.500,28.108
2.630,44.280,0.560,2,4112.913,28.306
2.640,44.403,0.560,2,4124.326,28.504
2.650,44.526,0.560,2,4135.736,28.703
2.660,44.648,0.560,2,4147.146,28.902
2.670,44.771,0.560,2,4158.554,29.102
2.680,44.894,0.560,2,4169.961,29.302
2.690,45.017,0.559,2,4181.366,29.503
2.700,45.140,0.559,2,4192.770,29.705
2.710,45.262,0.559,2,4204.173,29.907
2.720,45.385,0.559,2,4215.574,30.110
2.730,45.508,0.559,2,4226.974,30.313
2.740,45.631,0.559,2,4238.373,30.517
2.750,45.753,0.559,2,4249.770,30.721
2.760,45.876,0.559,2,4261.166,30.926
2.770,45.999,0.559,2,4272.560,31.131
2.780,46.121,0.559,2,4283.953,31.337
2.790,46.244,0.559,2,4295.345,31.543
2.800,46.367,0.559,2,4306.735,31.750
2.810,46.489,0.559,2,4318.124,31.958
2.820,46.612,0.559,2,4329.512,32.166
2.830,46.734,0.559,2,4340.898,32.375
2.840,46.857,0.558,2,4352.282,32.584
2.850,46.980,0.558,2,4363.666,32.794
2.860,47.102,0.558,2,4375.047,33.004
2.870,47.225,0.558,2,4386.428,33.215
2.880,47.347,0.558,2,4397.807,33.426
2.890,47.470,0.558,2,4409.184,33.638
2.900,47.592,0.558,2,4420.561,33.850
2.910,47.715,0.558,2,4431.935,34.064
2.920,47.837,0.558,2,4443.309,34.277
2.930,47.959,0.558,2,4454.680,34.491
2.940,48.082,0.558,2,4466.051,34.706
2.950,48.204,0.558,2,4477.420,34.921
2.960,48.327,0.558,2,4488.787,35.137
2.970,48.449,0.558,2,4500.153,35.353
2.980,48.571,0.557,2,4511.518,35.570
2.990,48.694,0.557,2,4522.881,35.787
3.000,48.816,0.557,2,4534.243,36.005
3.010,48.938,0.557,2,4545.603,36.224
3.020,49.061,0.557,2,4556.962,36.443
3.030,49.183,0.557,2,4568.319,36.663
3.040,49.305,0.557,2,4579.675,36.883
3.050,49.427,0.557,2,4591.029,37.103
3.060,49.550,0.557,2,4602.382,37.325
3.070,49.672,0.557,2,4613.733,37.546
3.080,49.794,0.557,2,4625.083,37.769
3.090,49.916,0.557,2,4636.431,37.992
3.100,50.038,0.557,2,4647.778,38.215
3.110,50.160,0.557,2,4659.123,38.439
3.120,50.283,0.556,2,4670.467,38.663
3.130,50.405,0.556,2,4681.809,38.889
3.140,50.527,0.556,2,4693.150,39.114
3.150,50.649,0.556,2,4704.489,39.340
3.160,50.771,0.556,2,4715.827,39.567
3.170,50.893,0.556,2,4727.163,39.794
3.180,51.015,0.556,2,4738.498,40.022
3.190,51.137,0.556,2,4749.831,40.250
3.200,51.259,0.556,2,4761.163,40.479
3.210,51.381,0.556,2,4772.493,40.709
3.220,51.503,0.556,2,4783.822,40.939
3.230,51.625,0.556,2,4795.149,41.169
3.240,51.747,0.556,2,4806.474,41.400
3.250,51.869,0.555,2,4817.798,41.632
3.260,51.991,0.555,2,4829.120,41.864
3.270,52.113,0.555,2,4840.441,42.097
3.280,52.234,0.555,2,4851.761,42.330
3.290,52.356,0.555,2,4863.078,42.564
3.300,52.478,0.555,2,4874.394,42.798
3.310,52.600,0.555,2,4885.709,43.033
3.320,52.722,0.555,2,4897.022,43.268
3.330,52.843,0.555,2,4908.333,43.504
3.340,52.965,0.555,2,4919.643,43.741
3.350,53.087,0.555,2,4930.951,43.978
3.360,53.209,0.555,2,4942.258,44.215
3.370,53.330,0.555,2,4953.563,44.453
3.380,53.452,0.554,2,4964.866,44.692
3.390,53.574,0.554,2,4976.168,44.931
3.400,53.695,0.554,2,4987.469,45.171
3.410,53.817,0.554,2,4998.767,45.411
3.420,53.939,0.554,2,5010.064,45.652
3.430,54.060,0.554,2,5021.360,45.894
3.440,54.182,0.554,2,5032.653,46.136
3.450,54.303,0.554,2,5043.946,46.378
3.460,54.425,0.554,2,5055.236,46.621
3.470,54.547,0.554,2,5066.525,46.865
3.480,54.668,0.554,2,5077.813,47.109
3.490,54.790,0.554,2,5089.098,47.353
3.500,54.911,0.554,2,5100.382,47.599
3.510,55.033,0.553,2,5111.665,47.844
3.520,55.154,0.553,2,5122.945,48.091
3.530,55.275,0.553,2,5134.224,48.338
3.540,55.397,0.553,2,5145.502,48.585
3.550,55.518,0.553,2,5156.778,48.833
3.560,55.640,0.553,2,5168.052,49.081
3.570,55.761,0.553,2,5179.324,49.330
3.580,55.882,0.553,2,5190.595,49.580
3.590,56.004,0.553,2,5201.864,49.830
3.600,56.125,0.553,2,5213.132,50.081
3.610,56.246,0.553,2,5224.398,50.332
3.620,56.368,0.553,2,5235.662,50.583
3.630,56.489,0.552,2,5246.924,50.836
3.640,56.610,0.552,2,5258.185,51.089
3.650,56.731,0.552,2,5269.444,51.342
3.660,56.852,0.454,2,5280.702,51.596
3.670,56.952,0.454,2,5289.964,51.850
3.680,57.052,0.454,2,5299.225,52.105
3.690,57.152,0.454,2,5308.485,52.360
3.700,57.251,0.454,2,5317.743,52.616
3.710,57.351,0.454,2,5327.000,52.872
3.720,57.451,0.454,2,5336.256,53.129
3.730,57.550,0.454,2,5345.510,53.386
3.740,57.650,0.454,2,5354.762,53.643
3.750,57.749,0.454,2,5364.014,53.901
3.760,57.849,0.454,2,5373.264,54.160
3.770,57.949,0.454,2,5382.512,54.418
3.780,58.048,0.454,2,5391.759,54.678
3.790,58.148,0.454,2,5401.005,54.937
3.800,58.247,0.453,2,5410.249,55.198
3.810,58.347,0.453,2,5419.492,55.458
3.820,58.446,0.453,2,5428.733,55.719
3.830,58.546,0.453,2,5437.973,55.981
3.840,58.645,0.453,2,5447.211,56.243
3.850,58.745,0.453,2,5456.448,56.505
3.860,58.844,0.453,2,5465.684,56.768
3.870,58.943,0.453,2,5474.918,57.031
3.880,59.043,0.453,2,5484.151,57.295
3.890,59.142,0.453,2,5493.382,57.559
3.900,59.242,0.453,2,5502.612,57.824
3.910,59.341,0.453,2,5511.840,58.089
3.920,59.440,0.453,2,5521.067,58.354
3.930,59.540,0.453,2,5530.293,58.620
3.940,59.639,0.452,2,5539.517,58.887
3.950,59.738,0.452,2,5548.739,59.153
3.960,59.837,0.452,2,5557.961,59.421
3.970,59.937,0.452,2,5567.180,59.688
3.980,60.036,0.452,2,5576.398,59.957
3.990,60.135,0.452,2,5585.615,60.225
4.000,60.234,0.452,2,5594.830,60.494
4.010,60.334,0.452,2,5604.044,60.764
4.020,60.433,0.452,2,5613.256,61.034
4.030,60.532,0.452,2,5622.467,61.304
4.040,60.631,0.452,2,5631.677,61.575
4.050,60.730,0.452,2,5640.885,61.846
4.060,60.829,0.452,2,5650.091,62.118
4.070,60.928,0.452,2,5659.296,62.390
4.080,61.027,0.451,2,5668.499,62.663
4.090,61.127,0.451,2,5677.701,62.936
4.100,61.226,0.451,2,5686.902,63.209
4.110,61.325,0.451,2,5696.101,63.483
4.120,61.424,0.451,2,5705.298,63.757
4.130,61.523,0.451,2,5714.494,64.032
4.140,61.622,0.451,2,5723.689,64.307
4.150,61.721,0.451,2,5732.882,64.583
4.160,61.820,0.451,2,5742.073,64.859
4.170,61.919,0.451,2,5751.263,65.136
4.180,62.017,0.451,2,5760.452,65.413
4.190,62.116,0.451,2,5769.639,65.690
4.200,62.215,0.451,2,5778.824,65.968
4.210,62.314,0.450,2,5788.008,66.247
4.220,62.413,0.450,2,5797.190,66.525
4.230,62.512,0.450,2,5806.371,66.805
4.240,62.611,0.450,2,5815.551,67.084
4.250,62.709,0.450,2,5824.729,67.364
4.260,62.808,0.450,2,5833.905,67.645
4.270,62.907,0.450,2,5843.080,67.926
4.280,63.006,0.450,2,5852.253,68.207
4.290,63.105,0.450,2,5861.425,68.489
4.300,63.203,0.450,2,5870.595,68.772
4.310,63.302,0.450,2,5879.764,69.054
4.320,63.401,0.450,2,5888.931,69.338
4.330,63.499,0.450,2,5898.097,69.621
4.340,63.598,0.450,2,5907.261,69.905
4.350,63.697,0.449,2,5916.423,70.190
4.360,63.795,0.449,2,5925.584,70.475
4.370,63.894,0.449,2,5934.744,70.760
4.380,63.992,0.449,2,5943.902,71.046
4.390,64.091,0.449,2,5953.058,71.332
4.400,64.190,0.449,2,5962.213,71.619
4.410,64.288,0.449,2,5971.366,71.906
4.420,64.387,0.449,2,5980.518,72.194
4.430,64.485,0.449,2,5989.668,72.482
4.440,64.584,0.449,2,5998.816,72.770
4.450,64.682,0.449,2,6007.963,73.059
4.460,64.781,0.449,2,6017.109,73.349
4.470,64.879,0.449,2,6026.253,73.638
4.480,64.978,0.448,2,6035.395,73.929
4.490,65.076,0.448,2,6044.536,74.219
4.500,65.174,0.448,2,6053.675,74.511
4.510,65.273,0.448,2,6062.812,74.802
4.520,65.371,0.448,2,6071.948,75.094
4.530,65.469,0.448,2,6081.083,75.387
4.540,65.568,0.448,2,6090.215,75.680
4.550,65.666,0.448,2,6099.347,75.973
4.560,65.764,0.448,2,6108.476,76.267
4.570,65.863,0.448,2,6117.604,76.561
4.580,65.961,0.448,2,6126.731,76.855
4.590,66.059,0.448,2,6135.856,77.151
4.600,66.157,0.448,2,6144.979,77.446
4.610,66.255,0.447,2,6154.101,77.742
4.620,66.354,0.447,2,6163.221,78.038
4.630,66.452,0.447,2,6172.339,78.335
4.640,66.550,0.447,2,6181.456,78.633
4.650,66.648,0.447,2,6190.571,78.930
4.660,66.746,0.447,2,6199.685,79.228
4.670,66.844,-0.042,3,4139.198,79.527
4.680,66.835,-0.042,3,4138.628,79.826
4.690,66.826,-0.042,3,4138.057,80.125
4.700,66.817,-0.042,3,4137.487,80.423
4.710,66.808,-0.042,3,4136.917,80.722
4.720,66.798,-0.042,3,4136.347,81.021
4.730,66.789,-0.042,3,4135.778,81.319
4.740,66.780,-0.042,3,4135.208,81.618
4.750,66.771,-0.042,3,4134.638,81.916
4.760,66.762,-0.042,3,4134.069,82.215
4.770,66.752,-0.042,3,4133.499,82.513
4.780,66.743,-0.042,3,4132.930,82.812
4.790,66.734,-0.042,3,4132.361,83.110
4.800,66.725,-0.042,3,4131.791,83.408
4.810,66.716,-0.042,3,4131.222,83.707
4.820,66.706,-0.042,3,4130.653,84.005
4.830,66.697,-0.042,3,4130.085,84.303
4.840,66.688,-0.042,3,4129.516,84.601
4.850,66.679,-0.042,3,4128.947,84.899
4.860,66.670,-0.042,3,4128.379,85.197
4.870,66.660,0.349,3,4127.810,85.495
4.880,66.737,0.349,3,4132.557,85.793
4.890,66.814,0.349,3,4137.303,86.092
4.900,66.890,0.349,3,4142.048,86.391
4.910,66.967,0.349,3,4146.793,86.690
4.920,67.044,0.349,3,4151.536,86.990
4.930,67.120,0.349,3,4156.279,87.289
4.940,67.197,0.349,3,4161.021,87.590
4.950,67.273,0.349,3,4165.761,87.890
4.960,67.350,0.349,3,4170.502,88.191
4.970,67.426,0.349,3,4175.241,88.492
4.980,67.503,0.349,3,4179.979,88.794
4.990,67.579,0.349,3,4184.717,89.096
5.000,67.656,0.349,3,4189.454,89.398
5.010,67.732,0.348,3,4194.189,89.701
5.020,67.809,0.348,3,4198.924,90.004
5.030,67.885,0.348,3,4203.659,90.307
5.040,67.962,0.348,3,4208.392,90.611
5.050,68.038,0.348,3,4213.124,90.915
5.060,68.115,0.348,3,4217.856,91.219
5.070,68.191,0.348,3,4222.587,91.524
5.080,68.267,0.348,3,4227.317,91.829
5.090,68.344,0.348,3,4232.046,92.134
5.100,68.420,0.348,3,4236.774,92.440
5.110,68.496,0.348,3,4241.501,92.746
5.120,68.573,0.348,3,4246.228,93.052
5.130,68.649,0.348,3,4250.953,93.359
5.140,68.725,0.348,3,4255.678,93.666
5.150,68.802,0.348,3,4260.402,93.973
5.160,68.878,0.348,3,4265.125,94.281
5.170,68.954,0.347,3,4269.847,94.589
5.180,69.030,0.347,3,4274.569,94.898
5.190,69.107,0.347,3,4279.289,95.206
5.200,69.183,0.347,3,4284.009,95.515
5.210,69.259,0.347,3,4288.728,95.825
5.220,69.335,0.347,3,4293.445,96.135
5.230,69.411,0.347,3,4298.162,96.445
5.240,69.488,0.347,3,4302.879,96.755
5.250,69.564,0.347,3,4307.594,97.066
5.260,69.640,0.347,3,4312.308,97.377
5.270,69.716,0.347,3,4317.022,97.689
5.280,69.792,0.347,3,4321.734,98.001
5.290,69.868,0.347,3,4326.446,98.313
5.300,69.944,0.347,3,4331.157,98.625
5.310,70.020,0.347,3,4335.867,98.938
5.320,70.096,0.346,3,4340.576,99.251
5.330,70.172,0.346,3,4345.285,99.565
5.340,70.248,0.346,3,4349.992,99.879
5.350,70.325,0.346,3,4354.699,100.193
5.360,70.400,0.346,3,4359.404,100.507
5.370,70.476,0.346,3,4364.109,100.822
5.380,70.552,0.346,3,4368.813,101.138
5.390,70.628,0.346,3,4373.516,101.453
5.400,70.704,0.346,3,4378.218,101.769
5.410,70.780,0.346,3,4382.919,102.085
5.420,70.856,0.346,3,4387.620,102.402
5.430,70.932,0.346,3,4392.319,102.719
5.440,71.008,0.346,3,4397.018,103.036
5.450,71.084,0.346,3,4401.716,103.354
5.460,71.160,0.346,3,4406.413,103.672
5.470,71.235,0.346,3,4411.109,103.990
5.480,71.311,0.345,3,4415.804,104.308
5.490,71.387,0.345,3,4420.498,104.627
5.500,71.463,0.345,3,4425.191,104.947
5.510,71.539,0.345,3,4429.884,105.266
5.520,71.614,0.345,3,4434.575,105.586
5.530,71.690,0.345,3,4439.266,105.907
5.540,71.766,0.345,3,4443.956,106.227
5.550,71.842,0.345,3,4448.644,106.548
5.560,71.917,0.345,3,4453.332,106.870
5.570,71.993,0.345,3,4458.020,107.191
5.580,72.069,0.345,3,4462.706,107.513
5.590,72.144,0.345,3,4467.391,107.836
5.600,72.220,0.345,3,4472.075,108.158
5.610,72.296,0.345,3,4476.759,108.481
5.620,72.371,0.345,3,4481.442,108.805
5.630,72.447,0.344,3,4486.123,109.128
5.640,72.522,0.344,3,4490.804,109.452
5.650,72.598,0.344,3,4495.484,109.777
5.660,72.674,0.344,3,4500.163,110.102
5.670,72.749,0.344,3,4504.841,110.427
5.680,72.825,0.344,3,4509.518,110.752
5.690,72.900,0.344,3,4514.195,111.078
5.700,72.976,0.344,3,4518.870,111.404
5.710,73.051,0.344,3,4523.545,111.730
5.720,73.127,0.344,3,4528.218,112.057
5.730,73.202,0.344,3,4532.891,112.384
5.740,73.278,0.344,3,4537.563,112.711
5.750,73.353,0.344,3,4542.234,113.039
5.760,73.428,0.344,3,4546.904,113.367
5.770,73.504,0.344,3,4551.573,113.696
5.780,73.579,0.343,3,4556.241,114.024
5.790,73.655,0.343,3,4560.908,114.353
5.800,73.730,0.343,3,4565.574,114.683
5.810,73.805,0.343,3,4570.240,115.013
5.820,73.881,0.343,3,4574.904,115.343
5.830,73.956,0.343,3,4579.568,115.673
5.840,74.031,0.343,3,4584.231,116.004
5.850,74.107,0.343,3,4588.892,116.335
5.860,74.182,0.343,3,4593.553,116.667
5.870,74.257,0.343,3,4598.213,116.998
5.880,74.332,0.343,3,4602.872,117.331
5.890,74.408,0.343,3,4607.530,117.663
5.900,74.483,0.343,3,4612.188,117.996
5.910,74.558,0.343,3,4616.844,118.329
5.920,74.633,0.343,3,4621.499,118.662
5.930,74.708,0.342,3,4626.154,118.996
5.940,74.783,0.342,3,4630.807,119.330
5.950,74.859,0.342,3,4635.460,119.665
5.960,74.934,0.342,3,4640.111,120.000
5.970,75.009,0.342,3,4644.762,120.335
5.980,75.084,0.342,3,4649.412,120.670
5.990,75.159,0.342,3,4654.061,121.006
6.000,75.234,0.342,3,4658.709,121.342
6.010,75.309,0.342,3,4663.356,121.679
6.020,75.384,0.342,3,4668.002,122.016
6.030,75.459,0.342,3,4672.647,122.353
6.040,75.534,0.342,3,4677.291,122.690
6.050,75.609,0.342,3,4681.935,123.028
6.060,75.684,0.342,3,4686.577,123.366
6.070,75.759,0.342,3,4691.219,123.705
6.080,75.834,0.341,3,4695.859,124.044
6.090,75.909,0.341,3,4700.499,124.383
6.100,75.984,0.341,3,4705.138,124.722
6.110,76.059,0.341,3,4709.775,125.062
6.120,76.134,0.341,3,4714.412,125.402
6.130,76.208,0.341,3,4719.048,125.743
6.140,76.283,0.341,3,4723.683,126.084
6.150,76.358,0.341,3,4728.317,126.425
6.160,76.433,0.341,3,4732.950,126.766
6.170,76.508,0.341,3,4737.582,127.108
6.180,76.583,0.341,3,4742.213,127.450
6.190,76.657,0.341,3,4746.844,127.793
6.200,76.732,0.341,3,4751.473,128.136
6.210,76.807,0.341,3,4756.101,128.479
6.220,76.882,0.340,3,4760.729,128.822
6.230,76.956,0.340,3,4765.355,129.166
6.240,77.031,0.340,3,4769.981,129.511
6.250,77.106,0.340,3,4774.605,129.855
6.260,77.180,0.340,3,4779.229,130.200
6.270,77.255,0.340,3,4783.852,130.545
6.280,77.330,0.340,3,4788.474,130.891
6.290,77.404,0.340,3,4793.094,131.236
6.300,77.479,0.340,3,4797.714,131.583
6.310,77.553,0.340,3,4802.333,131.929
6.320,77.628,0.340,3,4806.951,132.276
6.330,77.703,0.340,3,4811.568,132.623
6.340,77.777,0.340,3,4816.184,132.971
6.350,77.852,0.340,3,4820.799,133.319
6.360,77.926,0.339,3,4825.414,133.667
6.370,78.001,0.339,3,4830.027,134.015
6.380,78.075,0.339,3,4834.639,134.364
6.390,78.150,0.339,3,4839.250,134.713
6.400,78.224,0.339,3,4843.861,135.063
6.410,78.298,0.339,3,4848.470,135.413
6.420,78.373,0.339,3,4853.079,135.763
6.430,78.447,0.339,3,4857.686,136.114
6.440,78.522,0.339,3,4862.293,136.464
6.450,78.596,0.339,3,4866.898,136.816
6.460,78.670,0.339,3,4871.503,137.167
6.470,78.745,0.339,3,4876.107,137.519
6.480,78.819,0.339,3,4880.709,137.871
6.490,78.893,0.339,3,4885.311,138.224
6.500,78.968,0.339,3,4889.912,138.577
6.510,79.042,0.338,3,4894.512,138.930
6.520,79.116,0.338,3,4899.111,139.283
6.530,79.191,0.338,3,4903.708,139.637
6.540,79.265,0.338,3,4908.305,139.991
6.550,79.339,0.338,3,4912.901,140.346
6.560,79.413,0.338,3,4917.496,140.701
6.570,79.487,0.338,3,4922.090,141.056
6.580,79.562,0.338,3,4926.683,141.411
6.590,79.636,0.338,3,4931.276,141.767
6.600,79.710,0.338,3,4935.867,142.123
6.610,79.784,0.338,3,4940.457,142.480
6.620,79.858,0.338,3,4945.046,142.837
6.630,79.932,0.338,3,4949.634,143.194
6.640,80.006,0.338,3,4954.222,143.551
6.650,80.080,0.337,3,4958.808,143.909
6.660,80.154,0.337,3,4963.393,144.267
6.670,80.228,0.337,3,4967.977,144.626
6.680,80.302,0.337,3,4972.561,144.985
6.690,80.376,0.337,3,4977.143,145.344
6.700,80.450,0.337,3,4981.725,145.703
6.710,80.524,0.337,3,4986.305,146.063
6.720,80.598,0.337,3,4990.885,146.423
6.730,80.672,0.337,3,4995.463,146.784
6.740,80.746,0.337,3,5000.041,147.144
6.750,80.820,0.337,3,5004.617,147.506
6.760,80.894,0.337,3,5009.193,147.867
6.770,80.968,0.337,3,5013.767,148.229
6.780,81.042,0.337,3,5018.341,148.591
6.790,81.116,0.336,3,5022.913,148.953
6.800,81.189,0.336,3,5027.485,149.316
6.810,81.263,0.336,3,5032.056,149.679
6.820,81.337,0.336,3,5036.625,150.043
6.830,81.411,0.336,3,5041.194,150.406
6.840,81.485,0.336,3,5045.762,150.771
6.850,81.558,0.336,3,5050.328,151.135
6.860,81.632,0.336,3,5054.894,151.500
6.870,81.706,0.336,3,5059.459,151.865
6.880,81.779,0.336,3,5064.022,152.230
6.890,81.853,0.336,3,5068.585,152.596
6.900,81.927,0.336,3,5073.147,152.962
6.910,82.000,0.336,3,5077.708,153.329
6.920,82.074,0.335,3,5082.268,153.695
6.930,82.148,0.335,3,5086.826,154.062
6.940,82.221,0.335,3,5091.384,154.430
6.950,82.295,0.335,3,5095.941,154.797
6.960,82.368,0.335,3,5100.497,155.166
6.970,82.442,0.335,3,5105.052,155.534
6.980,82.516,0.335,3,5109.605,155.903
6.990,82.589,0.335,3,5114.158,156.272
7.000,82.663,0.335,3,5118.710,156.641
7.010,82.736,0.335,3,5123.261,157.011
7.020,82.810,0.335,3,5127.811,157.381
7.030,82.883,0.335,3,5132.360,157.751
7.040,82.956,0.335,3,5136.907,158.122
7.050,83.030,0.335,3,5141.454,158.493
7.060,83.103,0.334,3,5146.000,158.864
7.070,83.177,0.334,3,5150.545,159.236
7.080,83.250,0.334,3,5155.089,159.608
7.090,83.323,0.334,3,5159.632,159.980
7.100,83.397,0.334,3,5164.173,160.353
7.110,83.470,0.334,3,5168.714,160.726
7.120,83.543,0.334,3,5173.254,161.099
7.130,83.617,0.334,3,5177.793,161.473
7.140,83.690,0.334,3,5182.331,161.847
7.150,83.763,0.334,3,5186.868,162.221
7.160,83.837,0.334,3,5191.403,162.596
7.170,83.910,0.334,3,5195.938,162.971
7.180,83.983,0.334,3,5200.472,163.346
7.190,84.056,0.333,3,5205.005,163.721
7.200,84.129,0.333,3,5209.537,164.097
7.210,84.203,0.333,3,5214.067,164.474
7.220,84.276,0.333,3,5218.597,164.850
7.230,84.349,0.333,3,5223.126,165.227
7.240,84.422,0.333,3,5227.654,165.604
7.250,84.495,0.333,3,5232.180,165.982
7.260,84.568,0.333,3,5236.706,166.360
7.270,84.641,0.333,3,5241.231,166.738
7.280,84.714,0.333,3,5245.754,167.117
7.290,84.787,0.333,3,5250.277,167.495
7.300,84.860,0.333,3,5254.799,167.875
7.310,84.933,0.333,3,5259.319,168.254
7.320,85.006,0.333,3,5263.839,168.634
7.330,85.079,0.332,3,5268.358,169.014
7.340,85.152,0.267,3,5272.875,169.395
7.350,85.211,0.267,3,5276.506,169.775
7.360,85.269,0.267,3,5280.136,170.156
7.370,85.328,0.267,3,5283.765,170.538
7.380,85.387,0.267,3,5287.393,170.919
7.390,85.445,0.267,3,5291.020,171.301
7.400,85.504,0.267,3,5294.647,171.683
7.410,85.562,0.267,3,5298.273,172.066
7.420,85.621,0.267,3,5301.898,172.448
7.430,85.679,0.267,3,5305.522,172.831
7.440,85.738,0.267,3,5309.145,173.214
7.450,85.796,0.267,3,5312.768,173.598
7.460,85.855,0.266,3,5316.389,173.981
7.470,85.913,0.266,3,5320.010,174.365
7.480,85.972,0.266,3,5323.630,174.750
7.490,86.030,0.266,3,5327.249,175.134
7.500,86.089,0.266,3,5330.868,175.519
7.510,86.147,0.266,3,5334.485,175.904
7.520,86.206,0.266,3,5338.102,176.289
7.530,86.264,0.266,3,5341.718,176.674
7.540,86.322,0.266,3,5345.333,177.060
7.550,86.381,0.266,3,5348.947,177.446
7.560,86.439,0.266,3,5352.561,177.833
7.570,86.497,0.266,3,5356.173,178.219
7.580,86.556,0.266,3,5359.785,178.606
7.590,86.614,0.266,3,5363.396,178.993
7.600,86.672,0.266,3,5367.006,179.380
7.610,86.731,0.266,3,5370.615,179.768
7.620,86.789,0.265,3,5374.224,180.156
7.630,86.847,0.265,3,5377.831,180.544
7.640,86.905,0.265,3,5381.438,180.932
7.650,86.964,0.265,3,5385.044,181.321
7.660,87.022,0.265,3,5388.649,181.710
7.670,87.080,0.265,3,5392.254,182.099
7.680,87.138,0.265,3,5395.857,182.488
7.690,87.196,0.265,3,5399.460,182.878
7.700,87.255,0.265,3,5403.062,183.268
7.710,87.313,0.265,3,5406.662,183.658
7.720,87.371,0.265,3,5410.263,184.049
7.730,87.429,0.265,3,5413.862,184.439
7.740,87.487,0.265,3,5417.460,184.830
7.750,87.545,0.265,3,5421.058,185.221
7.760,87.603,0.265,3,5424.655,185.613
7.770,87.661,0.265,3,5428.251,186.005
7.780,87.719,0.265,3,5431.846,186.397
7.790,87.778,0.264,3,5435.440,186.789
7.800,87.836,0.264,3,5439.034,187.182
7.810,87.894,0.264,3,5442.626,187.574
7.820,87.952,0.264,3,5446.218,187.967
7.830,88.010,0.264,3,5449.809,188.361
7.840,88.068,0.264,3,5453.399,188.754
7.850,88.126,0.264,3,5456.988,189.148
7.860,88.183,0.264,3,5460.577,189.542
7.870,88.241,0.264,3,5464.164,189.937
7.880,88.299,0.264,3,5467.751,190.331
7.890,88.357,0.264,3,5471.337,190.726
7.900,88.415,0.264,3,5474.922,191.121
7.910,88.473,0.264,3,5478.507,191.516
7.920,88.531,0.264,3,5482.090,191.912
7.930,88.589,0.264,3,5485.672,192.308
7.940,88.647,0.264,3,5489.254,192.704
7.950,88.704,0.263,3,5492.835,193.101
7.960,88.762,0.263,3,5496.415,193.497
7.970,88.820,0.263,3,5499.994,193.894
7.980,88.878,0.263,3,5503.573,194.291
7.990,88.936,0.263,3,5507.150,194.689
8.000,88.993,0.263,3,5510.727,195.087
8.010,89.051,0.263,3,5514.303,195.485
8.020,89.109,0.263,3,5517.878,195.883
8.030,89.167,0.263,3,5521.452,196.281
8.040,89.224,0.263,3,5525.025,196.680
8.050,89.282,0.263,3,5528.598,197.079
8.060,89.340,0.263,3,5532.169,197.478
8.070,89.397,0.263,3,5535.740,197.878
8.080,89.455,0.263,3,5539.310,198.277
8.090,89.513,0.263,3,5542.879,198.678
8.100,89.570,0.263,3,5546.447,199.078
8.110,89.628,0.262,3,5550.015,199.478
8.120,89.685,0.262,3,5553.581,199.879
8.130,89.743,0.262,3,5557.147,200.280
8.140,89.801,0.262,3,5560.712,200.682
8.150,89.858,0.262,3,5564.276,201.083
8.160,89.916,0.262,3,5567.839,201.485
8.170,89.973,0.262,3,5571.401,201.887
8.180,90.031,0.262,3,5574.963,202.289
8.190,90.088,0.262,3,5578.523,202.692
8.200,90.146,0.262,3,5582.083,203.095
8.210,90.203,0.262,3,5585.642,203.498
8.220,90.261,0.262,3,5589.200,203.901
8.230,90.318,0.262,3,5592.757,204.305
8.240,90.375,0.262,3,5596.313,204.709
8.250,90.433,0.262,3,5599.869,205.113
8.260,90.490,0.262,3,5603.424,205.517
8.270,90.548,0.261,3,5606.977,205.922
8.280,90.605,0.261,3,5610.530,206.327
8.290,90.662,0.261,3,5614.082,206.732
8.300,90.720,0.261,3,5617.634,207.137
8.310,90.777,0.261,3,5621.184,207.543
8.320,90.834,0.261,3,5624.733,207.949
8.330,90.892,0.261,3,5628.282,208.355
8.340,90.949,0.261,3,5631.830,208.762
8.350,91.006,0.261,3,5635.377,209.168
8.360,91.064,0.261,3,5638.923,209.575
8.370,91.121,0.261,3,5642.468,209.983
8.380,91.178,0.261,3,5646.013,210.390
8.390,91.235,0.261,3,5649.556,210.798
8.400,91.293,0.261,3,5653.099,211.206
8.410,91.350,0.261,3,5656.641,211.614
8.420,91.407,0.261,3,5660.182,212.023
8.430,91.464,0.260,3,5663.722,212.431
8.440,91.521,0.260,3,5667.261,212.840
8.450,91.578,0.260,3,5670.800,213.250
8.460,91.635,0.260,3,5674.337,213.659
8.470,91.693,0.260,3,5677.874,214.069
8.480,91.750,0.260,3,5681.410,214.479
8.490,91.807,0.260,3,5684.945,214.889
8.500,91.864,0.260,3,5688.479,215.300
8.510,91.921,0.260,3,5692.012,215.711
8.520,91.978,0.260,3,5695.544,216.122
8.530,92.035,0.260,3,5699.076,216.533
8.540,92.092,0.260,3,5702.606,216.944
8.550,92.149,0.260,3,5706.136,217.356
8.560,92.206,0.260,3,5709.665,217.768
8.570,92.263,0.260,3,5713.193,218.181
8.580,92.320,0.260,3,5716.721,218.593
8.590,92.377,0.259,3,5720.247,219.006
8.600,92.434,0.259,3,5723.772,219.419
8.610,92.491,0.259,3,5727.297,219.833
8.620,92.548,0.259,3,5730.821,220.246
8.630,92.605,0.259,3,5734.344,220.660
8.640,92.661,0.259,3,5737.866,221.074
8.650,92.718,0.259,3,5741.387,221.488
8.660,92.775,0.259,3,5744.907,221.903
8.670,92.832,0.259,3,5748.427,222.318
8.680,92.889,0.259,3,5751.945,222.733
8.690,92.946,0.259,3,5755.463,223.148
8.700,93.002,0.259,3,5758.980,223.564
8.710,93.059,0.259,3,5762.496,223.980
8.720,93.116,0.259,3,5766.011,224.396
8.730,93.173,0.259,3,5769.525,224.812
8.740,93.229,0.258,3,5773.038,225.229
8.750,93.286,0.258,3,5776.551,225.646
8.760,93.343,0.258,3,5780.063,226.063
8.770,93.400,0.258,3,5783.573,226.481
8.780,93.456,0.258,3,5787.083,226.898
8.790,93.513,0.258,3,5790.592,227.316
8.800,93.570,0.258,3,5794.101,227.734
8.810,93.626,0.258,3,5797.608,228.153
8.820,93.683,0.258,3,5801.114,228.571
8.830,93.739,0.258,3,5804.620,228.990
8.840,93.796,0.258,3,5808.125,229.409
8.850,93.853,0.258,3,5811.628,229.829
8.860,93.909,0.258,3,5815.131,230.249
8.870,93.966,0.258,3,5818.633,230.669
8.880,94.022,0.258,3,5822.135,231.089
8.890,94.079,0.258,3,5825.635,231.509
8.900,94.135,0.257,3,5829.134,231.930
8.910,94.192,0.257,3,5832.633,232.351
8.920,94.248,0.257,3,5836.131,232.772
8.930,94.305,0.257,3,5839.628,233.193
8.940,94.361,0.257,3,5843.123,233.615
8.950,94.418,0.257,3,5846.619,234.037
8.960,94.474,0.257,3,5850.113,234.459
8.970,94.531,0.257,3,5853.606,234.882
8.980,94.587,0.257,3,5857.099,235.305
8.990,94.643,0.257,3,5860.590,235.727
9.000,94.700,0.257,3,5864.081,236.151
9.010,94.756,0.257,3,5867.571,236.574
9.020,94.812,0.257,3,5871.060,236.998
9.030,94.869,0.257,3,5874.548,237.422
9.040,94.925,0.257,3,5878.035,237.846
9.050,94.981,0.256,3,5881.521,238.271
9.060,95.038,0.256,3,5885.007,238.695
9.070,95.094,0.256,3,5888.491,239.120
9.080,95.150,0.256,3,5891.975,239.546
9.090,95.206,0.256,3,5895.458,239.971
9.100,95.263,0.256,3,5898.940,240.397
9.110,95.319,0.256,3,5902.421,240.823
9.120,95.375,0.256,3,5905.901,241.249
9.130,95.431,0.256,3,5909.381,241.675
9.140,95.487,0.256,3,5912.859,242.102
9.150,95.544,0.256,3,5916.337,242.529
9.160,95.600,0.256,3,5919.813,242.956
9.170,95.656,0.256,3,5923.289,243.384
9.180,95.712,0.256,3,5926.764,243.812
9.190,95.768,0.256,3,5930.238,244.240
9.200,95.824,0.256,3,5933.711,244.668
9.210,95.880,0.255,3,5937.183,245.096
9.220,95.936,0.255,3,5940.655,245.525
9.230,95.992,0.255,3,5944.125,245.954
9.240,96.048,0.255,3,5947.595,246.383
9.250,96.104,0.255,3,5951.064,246.813
9.260,96.160,0.255,3,5954.532,247.243
9.270,96.216,0.255,3,5957.999,247.673
9.280,96.272,0.255,3,5961.465,248.103
9.290,96.328,0.255,3,5964.930,248.533
9.300,96.384,0.255,3,5968.394,248.964
9.310,96.440,0.255,3,5971.858,249.395
9.320,96.496,0.255,3,5975.320,249.826
9.330,96.552,0.255,3,5978.782,250.258
9.340,96.608,0.255,3,5982.243,250.690
9.350,96.664,0.255,3,5985.703,251.122
9.360,96.720,0.254,3,5989.162,251.554
9.370,96.775,0.254,3,5992.620,251.986
9.380,96.831,0.254,3,5996.077,252.419
9.390,96.887,0.254,3,5999.533,252.852
9.400,96.943,0.254,3,6002.989,253.285
9.410,96.999,0.254,3,6006.443,253.719
9.420,97.054,0.254,3,6009.897,254.153
9.430,97.110,0.254,3,6013.350,254.587
9.440,97.166,0.254,3,6016.802,255.021
9.450,97.222,0.254,3,6020.253,255.455
9.460,97.277,0.254,3,6023.703,255.890
9.470,97.333,0.254,3,6027.152,256.325
9.480,97.389,0.254,3,6030.601,256.760
9.490,97.445,0.254,3,6034.048,257.196
9.500,97.500,0.254,3,6037.495,257.632
9.510,97.556,0.254,3,6040.940,258.068
9.520,97.611,0.253,3,6044.385,258.504
9.530,97.667,0.253,3,6047.829,258.940
9.540,97.723,0.253,3,6051.272,259.377
9.550,97.778,0.253,3,6054.714,259.814
9.560,97.834,0.253,3,6058.155,260.251
9.570,97.889,0.253,3,6061.596,260.689
9.580,97.945,0.253,3,6065.035,261.126
9.590,98.000,0.253,3,6068.474,261.564
9.600,98.056,0.253,3,6071.911,262.003
9.610,98.111,0.253,3,6075.348,262.441
9.620,98.167,0.253,3,6078.784,262.880
9.630,98.222,0.253,3,6082.219,263.319
9.640,98.278,0.253,3,6085.653,263.758
9.650,98.333,0.253,3,6089.086,264.198
9.660,98.389,0.253,3,6092.519,264.637
9.670,98.444,0.252,3,6095.950,265.077
9.680,98.500,0.252,3,6099.381,265.517
9.690,98.555,0.252,3,6102.810,265.958
9.700,98.610,0.252,3,6106.239,266.399
9.710,98.666,0.252,3,6109.667,266.839
9.720,98.721,0.252,3,6113.094,267.281
9.730,98.776,0.252,3,6116.520,267.722
9.740,98.832,0.252,3,6119.945,268.164
9.750,98.887,0.252,3,6123.369,268.606
9.760,98.942,0.252,3,6126.793,269.048
9.770,98.998,0.252,3,6130.215,269.490
9.780,99.053,0.252,3,6133.637,269.933
9.790,99.108,0.252,3,6137.057,270.376
9.800,99.163,0.252,3,6140.477,270.819
9.810,99.218,0.252,3,6143.896,271.263
9.820,99.274,0.251,3,6147.314,271.706
9.830,99.329,0.251,3,6150.731,272.150
9.840,99.384,0.251,3,6154.147,272.594
9.850,99.439,0.251,3,6157.562,273.039
9.860,99.494,0.251,3,6160.977,273.483
9.870,99.549,0.251,3,6164.390,273.928
9.880,99.605,0.251,3,6167.803,274.373
9.890,99.660,0.251,3,6171.215,274.819
9.900,99.715,0.251,3,6174.625,275.264
9.910,99.770,0.251,3,6178.035,275.710
9.920,99.825,0.251,3,6181.444,276.157
9.930,99.880,0.251,3,6184.852,276.603
9.940,99.935,0.251,3,6188.259,277.050
9.950,99.990,0.251,3,6191.666,277.496
9.960,100.045,0.251,3,6195.071,277.944
9.970,100.100,0.250,3,6198.475,278.391
9.980,100.155,-0.076,4,4429.914,278.838
9.990,100.138,-0.076,4,4429.180,279.286
10.000,100.122,-0.076,4,4428.447,279.734
10.010,100.105,-0.075,4,4427.714,280.181
10.020,100.089,-0.075,4,4426.981,280.629
10.030,100.072,-0.075,4,4426.249,281.076
10.040,100.055,-0.075,4,4425.517,281.524
10.050,100.039,-0.075,4,4424.784,281.971
10.060,100.022,-0.075,4,4424.052,282.418
10.070,100.006,-0.075,4,4423.321,282.865
10.080,99.989,-0.075,4,4422.589,283.312
10.090,99.973,-0.075,4,4421.858,283.759
10.100,99.956,-0.075,4,4421.126,284.206
10.110,99.940,-0.075,4,4420.395,284.653
10.120,99.923,-0.075,4,4419.665,285.099
10.130,99.907,-0.075,4,4418.934,285.546
10.140,99.890,-0.075,4,4418.204,285.993
10.150,99.874,-0.075,4,4417.473,286.439
10.160,99.857,-0.075,4,4416.743,286.886
10.170,99.841,-0.075,4,4416.014,287.332
10.180,99.824,0.204,4,4415.284,287.778
10.190,99.869,0.204,4,4417.266,288.225
10.200,99.914,0.204,4,4419.248,288.671
10.210,99.958,0.204,4,4421.229,289.118
10.220,100.003,0.204,4,4423.210,289.565
10.230,100.048,0.204,4,4425.191,290.012
10.240,100.093,0.204,4,4427.170,290.459
10.250,100.138,0.204,4,4429.149,290.907
10.260,100.182,0.204,4,4431.128,291.355
10.270,100.227,0.204,4,4433.106,291.803
10.280,100.272,0.204,4,4435.084,292.251
10.290,100.316,0.204,4,4437.061,292.699
10.300,100.361,0.204,4,4439.038,293.148
10.310,100.406,0.204,4,4441.014,293.597
10.320,100.450,0.203,4,4442.989,294.045
10.330,100.495,0.203,4,4444.964,294.495
10.340,100.540,0.203,4,4446.939,294.944
10.350,100.584,0.203,4,4448.913,295.394
10.360,100.629,0.203,4,4450.886,295.843
10.370,100.674,0.203,4,4452.859,296.293
10.380,100.718,0.203,4,4454.832,296.743
10.390,100.763,0.203,4,4456.803,297.194
10.400,100.807,0.203,4,4458.775,297.644
10.410,100.852,0.203,4,4460.746,298.095
10.420,100.896,0.203,4,4462.716,298.546
10.430,100.941,0.203,4,4464.686,298.997
10.440,100.986,0.203,4,4466.655,299.448
10.450,101.030,0.203,4,4468.624,299.900
10.460,101.075,0.203,4,4470.592,300.352
10.470,101.119,0.203,4,4472.559,300.804
10.480,101.163,0.203,4,4474.527,301.256
10.490,101.208,0.203,4,4476.493,301.708
10.500,101.252,0.203,4,4478.459,302.161
10.510,101.297,0.202,4,4480.425,302.613
10.520,101.341,0.202,4,4482.390,303.066
10.530,101.386,0.202,4,4484.354,303.520
10.540,101.430,0.202,4,4486.318,303.973
10.550,101.474,0.202,4,4488.282,304.426
10.560,101.519,0.202,4,4490.245,304.880
10.570,101.563,0.202,4,4492.207,305.334
10.580,101.608,0.202,4,4494.169,305.788
10.590,101.652,0.202,4,4496.130,306.242
10.600,101.696,0.202,4,4498.091,306.697
10.610,101.741,0.202,4,4500.051,307.152
10.620,101.785,0.202,4,4502.011,307.607
10.630,101.829,0.202,4,4503.970,308.062
10.640,101.873,0.202,4,4505.929,308.517
10.650,101.918,0.202,4,4507.887,308.973
10.660,101.962,0.202,4,4509.845,309.428
10.670,102.006,0.202,4,4511.802,309.884
10.680,102.050,0.202,4,4513.758,310.340
10.690,102.095,0.201,4,4515.714,310.797
10.700,102.139,0.201,4,4517.670,311.253
10.710,102.183,0.201,4,4519.625,311.710
10.720,102.227,0.201,4,4521.579,312.167
10.730,102.271,0.201,4,4523.533,312.624
10.740,102.316,0.201,4,4525.487,313.081
10.750,102.360,0.201,4,4527.439,313.539
10.760,102.404,0.201,4,4529.392,313.996
10.770,102.448,0.201,4,4531.344,314.454
10.780,102.492,0.201,4,4533.295,314.912
10.790,102.536,0.201,4,4535.246,315.371
10.800,102.580,0.201,4,4537.196,315.829
10.810,102.624,0.201,4,4539.145,316.288
10.820,102.668,0.201,4,4541.095,316.747
10.830,102.713,0.201,4,4543.043,317.206
10.840,102.757,0.201,4,4544.991,317.665
10.850,102.801,0.201,4,4546.939,318.124
10.860,102.845,0.201,4,4548.886,318.584
10.870,102.889,0.200,4,4550.832,319.044
10.880,102.933,0.200,4,4552.778,319.504
10.890,102.977,0.200,4,4554.724,319.964
10.900,103.021,0.200,4,4556.669,320.425
10.910,103.065,0.200,4,4558.613,320.885
10.920,103.109,0.200,4,4560.557,321.346
10.930,103.152,0.200,4,4562.500,321.807
10.940,103.196,0.200,4,4564.443,322.268
10.950,103.240,0.200,4,4566.385,322.730
10.960,103.284,0.200,4,4568.327,323.191
10.970,103.328,0.200,4,4570.268,323.653
10.980,103.372,0.200,4,4572.209,324.115
10.990,103.416,0.200,4,4574.149,324.577
11.000,103.460,0.200,4,4576.089,325.040
11.010,103.504,0.200,4,4578.028,325.502
11.020,103.547,0.200,4,4579.966,325.965
11.030,103.591,0.200,4,4581.904,326.428
11.040,103.635,0.200,4,4583.842,326.891
11.050,103.679,0.200,4,4585.779,327.355
11.060,103.723,0.199,4,4587.715,327.818
11.070,103.766,0.199,4,4589.651,328.282
11.080,103.810,0.199,4,4591.586,328.746
11.090,103.854,0.199,4,4593.521,329.210
11.100,103.898,0.199,4,4595.455,329.675
11.110,103.941,0.199,4,4597.389,330.139
11.120,103.985,0.199,4,4599.322,330.604
11.130,104.029,0.199,4,4601.255,331.069
11.140,104.072,0.199,4,4603.187,331.534
11.150,104.116,0.199,4,4605.119,331.999
11.160,104.160,0.199,4,4607.050,332.465
11.170,104.203,0.199,4,4608.981,332.931
11.180,104.247,0.199,4,4610.911,333.397
11.190,104.291,0.199,4,4612.840,333.863
11.200,104.334,0.199,4,4614.769,334.329
11.210,104.378,0.199,4,4616.697,334.796
11.220,104.421,0.199,4,4618.625,335.262
11.230,104.465,0.199,4,4620.553,335.729
11.240,104.508,0.198,4,4622.479,336.196
11.250,104.552,0.198,4,4624.406,336.664
11.260,104.596,0.198,4,4626.332,337.131
11.270,104.639,0.198,4,4628.257,337.599
11.280,104.683,0.198,4,4630.181,338.067
11.290,104.726,0.198,4,4632.106,338.535
11.300,104.770,0.198,4,4634.029,339.003
11.310,104.813,0.198,4,4635.952,339.471
11.320,104.857,0.198,4,4637.875,339.940
11.330,104.900,0.198,4,4639.797,340.409
11.340,104.943,0.198,4,4641.718,340.878
11.350,104.987,0.198,4,4643.639,341.347
11.360,105.030,0.198,4,4645.560,341.817
11.370,105.074,0.198,4,4647.480,342.286
11.380,105.117,0.198,4,4649.399,342.756
11.390,105.160,0.198,4,4651.318,343.226
11.400,105.204,0.198,4,4653.236,343.696
11.410,105.247,0.198,4,4655.154,344.167
11.420,105.291,0.197,4,4657.071,344.637
11.430,105.334,0.197,4,4658.988,345.108
11.440,105.377,0.197,4,4660.904,345.579
11.450,105.421,0.197,4,4662.819,346.050
11.460,105.464,0.197,4,4664.734,346.522
11.470,105.507,0.197,4,4666.649,346.993
11.480,105.550,0.197,4,4668.563,347.465
11.490,105.594,0.197,4,4670.476,347.937
11.500,105.637,0.197,4,4672.389,348.409
11.510,105.680,0.197,4,4674.302,348.881
11.520,105.723,0.197,4,4676.214,349.354
11.530,105.767,0.197,4,4678.125,349.827
11.540,105.810,0.197,4,4680.036,350.299
11.550,105.853,0.197,4,4681.946,350.773
11.560,105.896,0.197,4,4683.856,351.246
11.570,105.939,0.197,4,4685.765,351.719
11.580,105.982,0.197,4,4687.674,352.193
11.590,106.026,0.197,4,4689.582,352.667
11.600,106.069,0.196,4,4691.489,353.141
11.610,106.112,0.196,4,4693.396,353.615
11.620,106.155,0.196,4,4695.303,354.090
11.630,106.198,0.196,4,4697.209,354.564
11.640,106.241,0.196,4,4699.114,355.039
11.650,106.284,0.196,4,4701.019,355.514
11.660,106.327,0.196,4,4702.923,355.990
11.670,106.370,0.196,4,4704.827,356.465
11.680,106.413,0.196,4,4706.731,356.941
11.690,106.456,0.196,4,4708.633,357.416
11.700,106.499,0.196,4,4710.536,357.892
11.710,106.542,0.196,4,4712.437,358.369
11.720,106.585,0.196,4,4714.338,358.845
11.730,106.628,0.196,4,4716.239,359.321
11.740,106.671,0.196,4,4718.139,359.798
11.750,106.714,0.196,4,4720.039,360.275
11.760,106.757,0.196,4,4721.938,360.752
11.770,106.800,0.196,4,4723.836,361.230
11.780,106.843,0.195,4,4725.734,361.707
11.790,106.886,0.195,4,4727.631,362.185
11.800,106.929,0.195,4,4729.528,362.663
11.810,106.972,0.195,4,4731.424,363.141
11.820,107.014,0.195,4,4733.320,363.619
11.830,107.057,0.195,4,4735.215,364.098
11.840,107.100,0.195,4,4737.110,364.576
11.850,107.143,0.195,4,4739.004,365.055
11.860,107.186,0.195,4,4740.898,365.534
11.870,107.229,0.195,4,4742.791,366.014
11.880,107.271,0.195,4,4744.684,366.493
11.890,107.314,0.195,4,4746.576,366.973
11.900,107.357,0.195,4,4748.467,367.453
11.910,107.400,0.195,4,4750.358,367.933
11.920,107.442,0.195,4,4752.248,368.413
11.930,107.485,0.195,4,4754.138,368.893
11.940,107.528,0.195,4,4756.027,369.374
11.950,107.571,0.195,4,4757.916,369.855
11.960,107.613,0.194,4,4759.805,370.336
11.970,107.656,0.194,4,4761.692,370.817
11.980,107.699,0.194,4,4763.579,371.298
11.990,107.741,0.194,4,4765.466,371.780
12.000,107.784,0.194,4,4767.352,372.261
12.010,107.827,0.194,4,4769.238,372.743
12.020,107.869,0.194,4,4771.123,373.225
12.030,107.912,0.194,4,4773.007,373.708
12.040,107.954,0.194,4,4774.891,374.190
12.050,107.997,0.194,4,4776.774,374.673
12.060,108.039,0.194,4,4778.657,375.156
12.070,108.082,0.194,4,4780.540,375.639
12.080,108.125,0.194,4,4782.421,376.122
12.090,108.167,0.194,4,4784.303,376.606
12.100,108.210,0.194,4,4786.183,377.089
12.110,108.252,0.194,4,4788.063,377.573
12.120,108.295,0.194,4,4789.943,378.057
12.130,108.337,0.194,4,4791.822,378.541
12.140,108.380,0.193,4,4793.701,379.026
12.150,108.422,0.193,4,4795.579,379.510
12.160,108.465,0.193,4,4797.456,379.995
12.170,108.507,0.193,4,4799.333,380.480
12.180,108.549,0.193,4,4801.209,380.965
12.190,108.592,0.193,4,4803.085,381.451
12.200,108.634,0.193,4,4804.961,381.936
12.210,108.677,0.193,4,4806.835,382.422
12.220,108.719,0.193,4,4808.710,382.908
12.230,108.761,0.193,4,4810.583,383.394
12.240,108.804,0.193,4,4812.456,383.880
12.250,108.846,0.193,4,4814.329,384.367
12.260,108.888,0.193,4,4816.201,384.853
12.270,108.931,0.193,4,4818.073,385.340
12.280,108.973,0.193,4,4819.944,385.827
12.290,109.015,0.193,4,4821.814,386.315
12.300,109.057,0.193,4,4823.684,386.802
12.310,109.100,0.193,4,4825.553,387.290
12.320,109.142,0.192,4,4827.422,387.777
12.330,109.184,0.192,4,4829.290,388.265
12.340,109.226,0.192,4,4831.158,388.754
12.350,109.269,0.192,4,4833.025,389.242
12.360,109.311,0.192,4,4834.892,389.731
12.370,109.353,0.192,4,4836.758,390.219
12.380,109.395,0.192,4,4838.624,390.708
12.390,109.437,0.192,4,4840.489,391.197
12.400,109.480,0.192,4,4842.353,391.687
12.410,109.522,0.192,4,4844.217,392.176
12.420,109.564,0.192,4,4846.081,392.666
12.430,109.606,0.192,4,4847.944,393.156
12.440,109.648,0.192,4,4849.806,393.646
12.450,109.690,0.192,4,4851.668,394.136
12.460,109.732,0.192,4,4853.529,394.627
12.470,109.774,0.192,4,4855.390,395.117
12.480,109.816,0.192,4,4857.250,395.608
12.490,109.858,0.192,4,4859.110,396.099
12.500,109.900,0.191,4,4860.969,396.590
12.510,109.942,0.191,4,4862.827,397.082
12.520,109.984,0.191,4,4864.685,397.573
12.530,110.026,0.191,4,4866.543,398.065
12.540,110.068,0.191,4,4868.400,398.557
12.550,110.110,0.191,4,4870.256,399.049
12.560,110.152,0.191,4,4872.112,399.542
12.570,110.194,0.191,4,4873.967,400.034
12.580,110.236,0.191,4,4875.822,400.527
12.590,110.278,0.191,4,4877.676,401.020
12.600,110.320,0.191,4,4879.530,401.513
12.610,110.362,0.191,4,4881.383,402.006
12.620,110.404,0.191,4,4883.236,402.499
12.630,110.446,0.191,4,4885.088,402.993
12.640,110.488,0.191,4,4886.939,403.487
12.650,110.529,0.191,4,4888.790,403.981
12.660,110.571,0.191,4,4890.640,404.475
12.670,110.613,0.191,4,4892.490,404.970
12.680,110.655,0.190,4,4894.340,405.464
12.690,110.697,0.190,4,4896.189,405.959
12.700,110.739,0.190,4,4898.037,406.454
12.710,110.780,0.190,4,4899.884,406.949
12.720,110.822,0.190,4,4901.732,407.444
12.730,110.864,0.190,4,4903.578,407.940
12.740,110.906,0.190,4,4905.424,408.435
12.750,110.947,0.190,4,4907.270,408.931
12.760,110.989,0.190,4,4909.115,409.427
12.770,111.031,0.190,4,4910.959,409.924
12.780,111.072,0.190,4,4912.803,410.420
12.790,111.114,0.190,4,4914.647,410.917
12.800,111.156,0.190,4,4916.490,411.414
12.810,111.197,0.190,4,4918.332,411.911
12.820,111.239,0.190,4,4920.174,412.408
12.830,111.281,0.190,4,4922.015,412.905
12.840,111.322,0.190,4,4923.855,413.403
12.850,111.364,0.190,4,4925.696,413.900
12.860,111.405,0.189,4,4927.535,414.398
12.870,111.447,0.189,4,4929.374,414.897
12.880,111.489,0.189,4,4931.213,415.395
12.890,111.530,0.189,4,4933.051,415.893
12.900,111.572,0.189,4,4934.888,416.392
12.910,111.613,0.189,4,4936.725,416.891
12.920,111.655,0.189,4,4938.561,417.390
12.930,111.696,0.189,4,4940.397,417.889
12.940,111.738,0.189,4,4942.232,418.389
12.950,111.779,0.189,4,4944.067,418.888
12.960,111.821,0.189,4,4945.901,419.388
12.970,111.862,0.189,4,4947.735,419.888
12.980,111.904,0.189,4,4949.568,420.388
12.990,111.945,0.189,4,4951.400,420.888
13.000,111.986,0.189,4,4953.232,421.389
13.010,112.028,0.189,4,4955.064,421.890
13.020,112.069,0.189,4,4956.895,422.391
13.030,112.111,0.189,4,4958.725,422.892
13.040,112.152,0.188,4,4960.555,423.393
13.050,112.193,0.188,4,4962.384,423.894
13.060,112.235,0.188,4,4964.213,424.396
13.070,112.276,0.188,4,4966.041,424.898
13.080,112.317,0.188,4,4967.869,425.400
13.090,112.359,0.188,4,4969.696,425.902
13.100,112.400,0.188,4,4971.522,426.404
13.110,112.441,0.188,4,4973.348,426.907
13.120,112.482,0.188,4,4975.174,427.410
13.130,112.524,0.188,4,4976.998,427.913
13.140,112.565,0.188,4,4978.823,428.416
13.150,112.606,0.188,4,4980.647,428.919
13.160,112.647,0.188,4,4982.470,429.423
13.170,112.689,0.188,4,4984.293,429.926
13.180,112.730,0.188,4,4986.115,430.430
13.190,112.771,0.188,4,4987.937,430.934
13.200,112.812,0.188,4,4989.758,431.438
13.210,112.853,0.188,4,4991.578,431.943
13.220,112.895,0.187,4,4993.398,432.447
13.230,112.936,0.187,4,4995.218,432.952
13.240,112.977,0.187,4,4997.037,433.457
13.250,113.018,0.187,4,4998.855,433.962
13.260,113.059,0.187,4,5000.673,434.468
13.270,113.100,0.187,4,5002.490,434.973
13.280,113.141,0.187,4,5004.307,435.479
13.290,113.182,0.187,4,5006.123,435.985
13.300,113.223,0.187,4,5007.939,436.491
13.310,113.264,0.187,4,5009.754,436.997
13.320,113.305,0.187,4,5011.568,437.503
13.330,113.346,0.187,4,5013.382,438.010
13.340,113.387,0.187,4,5015.196,438.517
13.350,113.428,0.187,4,5017.009,439.024
13.360,113.469,0.187,4,5018.821,439.531
13.370,113.510,0.187,4,5020.633,440.038
13.380,113.551,0.187,4,5022.444,440.546
13.390,113.592,0.187,4,5024.255,441.054
13.400,113.633,0.186,4,5026.065,441.561
13.410,113.674,0.186,4,5027.875,442.069
13.420,113.715,0.186,4,5029.684,442.578
13.430,113.756,0.186,4,5031.493,443.086
13.440,113.797,0.186,4,5033.301,443.595
13.450,113.838,0.186,4,5035.108,444.104
13.460,113.878,0.186,4,5036.915,444.613
13.470,113.919,0.186,4,5038.721,445.122
13.480,113.960,0.186,4,5040.527,445.631
13.490,114.001,0.186,4,5042.333,446.141
13.500,114.042,0.186,4,5044.137,446.650
13.510,114.082,0.186,4,5045.942,447.160
13.520,114.123,0.186,4,5047.745,447.670
13.530,114.164,0.186,4,5049.548,448.181
13.540,114.205,0.186,4,5051.351,448.691
13.550,114.245,0.186,4,5053.153,449.202
13.560,114.286,0.186,4,5054.955,449.713
13.570,114.327,0.185,4,5056.755,450.224
13.580,114.368,0.185,4,5058.556,450.735
13.590,114.408,0.185,4,5060.356,451.246
13.600,114.449,0.185,4,5062.155,451.758
13.610,114.490,0.185,4,5063.954,452.269
13.620,114.530,0.185,4,5065.752,452.781
13.630,114.571,0.185,4,5067.550,453.293
13.640,114.612,0.185,4,5069.347,453.806
13.650,114.652,0.185,4,5071.143,454.318
13.660,114.693,0.185,4,5072.939,454.831
13.670,114.733,0.185,4,5074.735,455.343
13.680,114.774,0.185,4,5076.530,455.856
13.690,114.815,0.185,4,5078.324,456.370
13.700,114.855,0.185,4,5080.118,456.883
13.710,114.896,0.185,4,5081.911,457.397
13.720,114.936,0.185,4,5083.704,457.910
13.730,114.977,0.185,4,5085.496,458.424
13.740,115.017,0.185,4,5087.288,458.938
13.750,115.058,0.184,4,5089.079,459.453
13.760,115.098,0.184,4,5090.870,459.967
13.770,115.139,0.184,4,5092.660,460.482
13.780,115.179,0.184,4,5094.449,460.996
13.790,115.220,0.184,4,5096.238,461.511
13.800,115.260,0.184,4,5098.027,462.027
13.810,115.300,0.184,4,5099.814,462.542
13.820,115.341,0.184,4,5101.602,463.057
13.830,115.381,0.184,4,5103.388,463.573
13.840,115.422,0.184,4,5105.175,464.089
13.850,115.462,0.184,4,5106.960,464.605
13.860,115.502,0.184,4,5108.745,465.121
13.870,115.543,0.184,4,5110.530,465.638
13.880,115.583,0.184,4,5112.314,466.154
13.890,115.623,0.184,4,5114.097,466.671
13.900,115.664,0.184,4,5115.880,467.188
13.910,115.704,0.184,4,5117.663,467.705
13.920,115.744,0.184,4,5119.445,468.223
13.930,115.785,0.183,4,5121.226,468.740
13.940,115.825,0.183,4,5123.007,469.258
13.950,115.865,0.183,4,5124.787,469.776
13.960,115.905,0.183,4,5126.567,470.294
13.970,115.946,0.183,4,5128.346,470.812
13.980,115.986,0.183,4,5130.124,471.330
13.990,116.026,0.183,4,5131.902,471.849
14.000,116.066,0.183,4,5133.680,472.368
14.010,116.106,0.183,4,5135.457,472.887
14.020,116.146,0.183,4,5137.233,473.406
14.030,116.187,0.183,4,5139.009,473.925
14.040,116.227,0.183,4,5140.784,474.445
14.050,116.267,0.183,4,5142.559,474.964
14.060,116.307,0.183,4,5144.333,475.484
14.070,116.347,0.183,4,5146.107,476.004
14.080,116.387,0.183,4,5147.880,476.524
14.090,116.427,0.183,4,5149.652,477.045
14.100,116.467,0.183,4,5151.424,477.565
14.110,116.507,0.182,4,5153.196,478.086
14.120,116.547,0.182,4,5154.967,478.607
14.130,116.587,0.182,4,5156.737,479.128
14.140,116.627,0.182,4,5158.507,479.649
14.150,116.667,0.182,4,5160.276,480.171
14.160,116.707,0.182,4,5162.045,480.692
14.170,116.747,0.182,4,5163.813,481.214
14.180,116.787,0.182,4,5165.581,481.736
14.190,116.827,0.182,4,5167.348,482.258
14.200,116.867,0.182,4,5169.114,482.781
14.210,116.907,0.182,4,5170.880,483.303
14.220,116.947,0.182,4,5172.646,483.826
14.230,116.987,0.182,4,5174.411,484.349
14.240,117.027,0.182,4,5176.175,484.872
14.250,117.067,0.182,4,5177.939,485.395
14.260,117.107,0.182,4,5179.702,485.919
14.270,117.146,0.182,4,5181.465,486.442
14.280,117.186,0.181,4,5183.227,486.966
14.290,117.226,0.181,4,5184.988,487.490
14.300,117.266,0.181,4,5186.749,488.014
14.310,117.306,0.181,4,5188.510,488.538
14.320,117.346,0.181,4,5190.270,489.063
14.330,117.385,0.181,4,5192.029,489.588
14.340,117.425,0.181,4,5193.788,490.112
14.350,117.465,0.181,4,5195.547,490.638
14.360,117.505,0.181,4,5197.304,491.163
14.370,117.544,0.181,4,5199.062,491.688
14.380,117.584,0.181,4,5200.818,492.214
14.390,117.624,0.181,4,5202.574,492.739
14.400,117.663,0.181,4,5204.330,493.265
14.410,117.703,0.181,4,5206.085,493.791
14.420,117.743,0.181,4,5207.840,494.318
14.430,117.782,0.181,4,5209.593,494.844
14.440,117.822,0.181,4,5211.347,495.371
14.450,117.862,0.181,4,5213.100,495.898
14.460,117.901,0.180,4,5214.852,496.425
14.470,117.941,0.180,4,5216.604,496.952
14.480,117.981,0.180,4,5218.355,497.479
14.490,118.020,0.180,4,5220.106,498.007
14.500,118.060,0.180,4,5221.856,498.534
14.510,118.099,0.180,4,5223.605,499.062
14.520,118.139,0.180,4,5225.354,499.590
14.530,118.178,0.180,4,5227.103,500.118
14.540,118.218,0.180,4,5228.851,500.647
14.550,118.257,0.180,4,5230.598,501.175
14.560,118.297,0.180,4,5232.345,501.704
14.570,118.336,0.180,4,5234.091,502.233
14.580,118.376,0.180,4,5235.837,502.762
14.590,118.415,0.180,4,5237.582,503.291
14.600,118.455,0.180,4,5239.327,503.821
14.610,118.494,0.180,4,5241.071,504.350
14.620,118.534,0.180,4,5242.815,504.880
14.630,118.573,0.180,4,5244.558,505.410
14.640,118.612,0.179,4,5246.300,505.940
14.650,118.652,0.179,4,5248.042,506.471
14.660,118.691,0.179,4,5249.783,507.001
14.670,118.730,0.179,4,5251.524,507.532
14.680,118.770,0.179,4,5253.264,508.063
14.690,118.809,0.179,4,5255.004,508.594
14.700,118.848,0.179,4,5256.743,509.125
14.710,118.888,0.179,4,5258.482,509.656
14.720,118.927,0.179,4,5260.220,510.188
14.730,118.966,0.179,4,5261.957,510.720
14.740,119.006,0.179,4,5263.694,511.252
14.750,119.045,0.179,4,5265.431,511.784
14.760,119.084,0.179,4,5267.167,512.316
14.770,119.123,0.179,4,5268.902,512.848
14.780,119.163,0.132,4,5270.637,513.381
14.790,119.192,0.132,4,5271.919,513.914
14.800,119.221,0.132,4,5273.201,514.447
14.810,119.249,0.132,4,5274.482,514.980
14.820,119.278,0.132,4,5275.764,515.513
14.830,119.307,0.132,4,5277.044,516.046
14.840,119.336,0.132,4,5278.324,516.580
14.850,119.365,0.132,4,5279.604,517.113
14.860,119.394,0.132,4,5280.884,517.647
14.870,119.423,0.132,4,5282.163,518.181
14.880,119.452,0.132,4,5283.441,518.714
14.890,119.481,0.132,4,5284.720,519.249
14.900,119.510,0.132,4,5285.997,519.783
14.910,119.539,0.132,4,5287.275,520.317
14.920,119.568,0.132,4,5288.552,520.851
14.930,119.596,0.131,4,5289.828,521.386
14.940,119.625,0.131,4,5291.105,521.921
14.950,119.654,0.131,4,5292.380,522.456
14.960,119.683,0.131,4,5293.656,522.991
14.970,119.712,0.131,4,5294.931,523.526
14.980,119.741,0.131,4,5296.205,524.061
14.990,119.769,0.131,4,5297.480,524.596
15.000,119.798,0.131,4,5298.753,525.132
15.010,119.827,0.131,4,5300.027,525.667
15.020,119.856,0.131,4,5301.300,526.203
15.030,119.885,0.131,4,5302.572,526.739
15.040,119.913,0.131,4,5303.844,527.275
15.050,119.942,0.131,4,5305.116,527.811
15.060,119.971,0.131,4,5306.388,528.347
15.070,120.000,0.131,4,5307.659,528.884
15.080,120.028,0.131,4,5308.929,529.420
15.090,120.057,0.131,4,5310.199,529.957
15.100,120.086,0.131,4,5311.469,530.494
15.110,120.114,0.131,4,5312.738,531.030
15.120,120.143,0.131,4,5314.007,531.568
15.130,120.172,0.131,4,5315.276,532.105
15.140,120.200,0.131,4,5316.544,532.642
15.150,120.229,0.131,4,5317.812,533.179
15.160,120.258,0.131,4,5319.079,533.717
15.170,120.286,0.130,4,5320.346,534.255
15.180,120.315,0.130,4,5321.612,534.792
15.190,120.344,0.130,4,5322.878,535.330
15.200,120.372,0.130,4,5324.144,535.868
15.210,120.401,0.130,4,5325.409,536.406
15.220,120.429,0.130,4,5326.674,536.945
15.230,120.458,0.130,4,5327.939,537.483
15.240,120.487,0.130,4,5329.203,538.022
15.250,120.515,0.130,4,5330.466,538.560
15.260,120.544,0.130,4,5331.730,539.099
15.270,120.572,0.130,4,5332.993,539.638
15.280,120.601,0.130,4,5334.255,540.177
15.290,120.629,0.130,4,5335.517,540.716
15.300,120.658,0.130,4,5336.779,541.256
15.310,120.686,0.130,4,5338.040,541.795
15.320,120.715,0.130,4,5339.301,542.335
15.330,120.743,0.130,4,5340.561,542.875
15.340,120.772,0.130,4,5341.821,543.414
15.350,120.800,0.130,4,5343.081,543.954
15.360,120.829,0.130,4,5344.340,544.494
15.370,120.857,0.130,4,5345.599,545.035
15.380,120.886,0.130,4,5346.858,545.575
15.390,120.914,0.130,4,5348.116,546.115
15.400,120.943,0.130,4,5349.373,546.656
15.410,120.971,0.129,4,5350.631,547.197
15.420,121.000,0.129,4,5351.887,547.738
15.430,121.028,0.129,4,5353.144,548.279
15.440,121.056,0.129,4,5354.400,548.820
15.450,121.085,0.129,4,5355.655,549.361
15.460,121.113,0.129,4,5356.911,549.902
15.470,121.141,0.129,4,5358.165,550.444
15.480,121.170,0.129,4,5359.420,550.985
15.490,121.198,0.129,4,5360.674,551.527
15.500,121.226,0.129,4,5361.927,552.069
15.510,121.255,0.129,4,5363.181,552.611
15.520,121.283,0.129,4,5364.433,553.153
15.530,121.311,0.129,4,5365.686,553.695
15.540,121.340,0.129,4,5366.938,554.238
15.550,121.368,0.129,4,5368.189,554.780
15.560,121.396,0.129,4,5369.441,555.323
15.570,121.425,0.129,4,5370.691,555.866
15.580,121.453,0.129,4,5371.942,556.409
15.590,121.481,0.129,4,5373.192,556.952
15.600,121.509,0.129,4,5374.441,557.495
15.610,121.538,0.129,4,5375.691,558.038
15.620,121.566,0.129,4,5376.939,558.581
15.630,121.594,0.129,4,5378.188,559.125
15.640,121.622,0.129,4,5379.436,559.668
15.650,121.651,0.128,4,5380.683,560.212
15.660,121.679,0.128,4,5381.930,560.756
15.670,121.707,0.128,4,5383.177,561.300
15.680,121.735,0.128,4,5384.424,561.844
15.690,121.763,0.128,4,5385.669,562.389
15.700,121.791,0.128,4,5386.915,562.933
15.710,121.820,0.128,4,5388.160,563.477
15.720,121.848,0.128,4,5389.405,564.022
15.730,121.876,0.128,4,5390.649,564.567
15.740,121.904,0.128,4,5391.893,565.112
15.750,121.932,0.128,4,5393.137,565.657
15.760,121.960,0.128,4,5394.380,566.202
15.770,121.988,0.128,4,5395.623,566.747
15.780,122.016,0.128,4,5396.865,567.293
15.790,122.044,0.128,4,5398.107,567.838
15.800,122.073,0.128,4,5399.349,568.384
15.810,122.101,0.128,4,5400.590,568.930
15.820,122.129,0.128,4,5401.830,569.475
15.830,122.157,0.128,4,5403.071,570.021
15.840,122.185,0.128,4,5404.311,570.568
15.850,122.213,0.128,4,5405.550,571.114
15.860,122.241,0.128,4,5406.789,571.660
15.870,122.269,0.128,4,5408.028,572.207
15.880,122.297,0.128,4,5409.266,572.753
15.890,122.325,0.127,4,5410.504,573.300
15.900,122.353,0.127,4,5411.742,573.847
15.910,122.381,0.127,4,5412.979,574.394
15.920,122.409,0.127,4,5414.216,574.941
15.930,122.437,0.127,4,5415.452,575.489
15.940,122.465,0.127,4,5416.688,576.036
15.950,122.492,0.127,4,5417.924,576.584
15.960,122.520,0.127,4,5419.159,577.131
15.970,122.548,0.127,4,5420.393,577.679
15.980,122.576,0.127,4,5421.628,578.227
15.990,122.604,0.127,4,5422.862,578.775
16.000,122.632,0.127,4,5424.095,579.323
16.010,122.660,0.127,4,5425.328,579.871
16.020,122.688,0.127,4,5426.561,580.420
16.030,122.716,0.127,4,5427.793,580.968
16.040,122.743,0.127,4,5429.025,581.517
16.050,122.771,0.127,4,5430.257,582.066
16.060,122.799,0.127,4,5431.488,582.615
16.070,122.827,0.127,4,5432.719,583.164
16.080,122.855,0.127,4,5433.949,583.713
16.090,122.883,0.127,4,5435.179,584.262
16.100,122.910,0.127,4,5436.408,584.811
16.110,122.938,0.127,4,5437.637,585.361
16.120,122.966,0.127,4,5438.866,585.911
16.130,122.994,0.127,4,5440.094,586.460
16.140,123.022,0.126,4,5441.322,587.010
16.150,123.049,0.126,4,5442.550,587.560
16.160,123.077,0.126,4,5443.777,588.110
16.170,123.105,0.126,4,5445.004,588.661
16.180,123.132,0.126,4,5446.230,589.211
16.190,123.160,0.126,4,5447.456,589.762
16.200,123.188,0.126,4,5448.681,590.312
16.210,123.216,0.126,4,5449.907,590.863
16.220,123.243,0.126,4,5451.131,591.414
16.230,123.271,0.126,4,5452.356,591.965
16.240,123.299,0.126,4,5453.579,592.516
16.250,123.326,0.126,4,5454.803,593.067
16.260,123.354,0.126,4,5456.026,593.619
16.270,123.382,0.126,4,5457.249,594.170
16.280,123.409,0.126,4,5458.471,594.722
16.290,123.437,0.126,4,5459.693,595.273
16.300,123.464,0.126,4,5460.915,595.825
16.310,123.492,0.126,4,5462.136,596.377
16.320,123.520,0.126,4,5463.356,596.929
16.330,123.547,0.126,4,5464.577,597.482
16.340,123.575,0.126,4,5465.797,598.034
16.350,123.602,0.126,4,5467.016,598.587
16.360,123.630,0.126,4,5468.235,599.139
16.370,123.658,0.126,4,5469.454,599.692
16.380,123.685,0.125,4,5470.672,600.245
16.390,123.713,0.125,4,5471.890,600.798
16.400,123.740,0.125,4,5473.108,601.351
16.410,123.768,0.125,4,5474.325,601.904
16.420,123.795,0.125,4,5475.542,602.457
16.430,123.823,0.125,4,5476.758,603.011
16.440,123.850,0.125,4,5477.974,603.565
16.450,123.878,0.125,4,5479.189,604.118
16.460,123.905,0.125,4,5480.404,604.672
16.470,123.933,0.125,4,5481.619,605.226
16.480,123.960,0.125,4,5482.834,605.780
16.490,123.987,0.125,4,5484.047,606.334
16.500,124.015,0.125,4,5485.261,606.889
16.510,124.042,0.125,4,5486.474,607.443
16.520,124.070,0.125,4,5487.687,607.998
16.530,124.097,0.125,4,5488.899,608.552
16.540,124.125,0.125,4,5490.111,609.107
16.550,124.152,0.125,4,5491.323,609.662
16.560,124.179,0.125,4,5492.534,610.217
16.570,124.207,0.125,4,5493.745,610.772
16.580,124.234,0.125,4,5494.955,611.328
16.590,124.261,0.125,4,5496.165,611.883
16.600,124.289,0.125,4,5497.374,612.439
16.610,124.316,0.125,4,5498.584,612.994
16.620,124.343,0.124,4,5499.792,613.550
16.630,124.371,0.124,4,5501.001,614.106
16.640,124.398,0.124,4,5502.209,614.662
16.650,124.425,0.124,4,5503.416,615.218
16.660,124.453,0.124,4,5504.623,615.775
16.670,124.480,0.124,4,5505.830,616.331
16.680,124.507,0.124,4,5507.036,616.888
16.690,124.534,0.124,4,5508.242,617.444
16.700,124.562,0.124,4,5509.448,618.001
16.710,124.589,0.124,4,5510.653,618.558
16.720,124.616,0.124,4,5511.858,619.115
16.730,124.643,0.124,4,5513.062,619.672
16.740,124.671,0.124,4,5514.266,620.229
16.750,124.698,0.124,4,5515.470,620.787
16.760,124.725,0.124,4,5516.673,621.344
16.770,124.752,0.124,4,5517.876,621.902
16.780,124.779,0.124,4,5519.078,622.460
16.790,124.807,0.124,4,5520.280,623.018
16.800,124.834,0.124,4,5521.482,623.576
16.810,124.861,0.124,4,5522.683,624.134
16.820,124.888,0.124,4,5523.884,624.692
16.830,124.915,0.124,4,5525.084,625.250
16.840,124.942,0.124,4,5526.284,625.809
16.850,124.970,0.124,4,5527.484,626.367
16.860,124.997,0.124,4,5528.683,626.926
16.870,125.024,0.123,4,5529.882,627.485
16.880,125.051,0.123,4,5531.080,628.044
16.890,125.078,0.123,4,5532.278,628.603
16.900,125.105,0.123,4,5533.476,629.162
16.910,125.132,0.123,4,5534.673,629.721
16.920,125.159,0.123,4,5535.870,630.281
16.930,125.186,0.123,4,5537.066,630.841
16.940,125.213,0.123,4,5538.262,631.400
16.950,125.240,0.123,4,5539.458,631.960
16.960,125.267,0.123,4,5540.653,632.520
16.970,125.294,0.123,4,5541.848,633.080
16.980,125.321,0.123,4,5543.043,633.640
16.990,125.348,0.123,4,5544.237,634.200
17.000,125.375,0.123,4,5545.430,634.761
17.010,125.402,0.123,4,5546.623,635.321
17.020,125.429,0.123,4,5547.816,635.882
17.030,125.456,0.123,4,5549.009,636.443
17.040,125.483,0.123,4,5550.201,637.004
17.050,125.510,0.123,4,5551.393,637.565
17.060,125.537,0.123,4,5552.584,638.126
17.070,125.564,0.123,4,5553.775,638.687
17.080,125.591,0.123,4,5554.965,639.249
17.090,125.618,0.123,4,5556.155,639.810
17.100,125.645,0.123,4,5557.345,640.372
17.110,125.672,0.122,4,5558.534,640.933
17.120,125.698,0.122,4,5559.723,641.495
17.130,125.725,0.122,4,5560.912,642.057
17.140,125.752,0.122,4,5562.100,642.619
17.150,125.779,0.122,4,5563.287,643.182
17.160,125.806,0.122,4,5564.475,643.744
17.170,125.833,0.122,4,5565.662,644.306
17.180,125.860,0.122,4,5566.848,644.869
17.190,125.886,0.122,4,5568.034,645.432
17.200,125.913,0.122,4,5569.220,645.994
17.210,125.940,0.122,4,5570.405,646.557
17.220,125.967,0.122,4,5571.590,647.120
17.230,125.993,0.122,4,5572.775,647.684
17.240,126.020,0.122,4,5573.959,648.247
17.250,126.047,0.122,4,5575.143,648.810
17.260,126.074,0.122,4,5576.326,649.374
17.270,126.101,0.122,4,5577.509,649.938
17.280,126.127,0.122,4,5578.692,650.501
17.290,126.154,0.122,4,5579.874,651.065
17.300,126.181,0.122,4,5581.056,651.629
17.310,126.207,0.122,4,5582.237,652.193
17.320,126.234,0.122,4,5583.418,652.758
17.330,126.261,0.122,4,5584.599,653.322
17.340,126.287,0.122,4,5585.779,653.887
17.350,126.314,0.122,4,5586.959,654.451
17.360,126.341,0.121,4,5588.138,655.016
17.370,126.367,0.121,4,5589.317,655.581
17.380,126.394,0.121,4,5590.496,656.146
17.390,126.421,0.121,4,5591.674,656.711
17.400,126.447,0.121,4,5592.852,657.276
17.410,126.474,0.121,4,5594.029,657.841
17.420,126.501,0.121,4,5595.206,658.407
17.430,126.527,0.121,4,5596.383,658.972
17.440,126.554,0.121,4,5597.559,659.538
17.450,126.580,0.121,4,5598.735,660.104
17.460,126.607,0.121,4,5599.910,660.670
17.470,126.634,0.121,4,5601.086,661.236
17.480,126.660,0.121,4,5602.260,661.802
17.490,126.687,0.121,4,5603.434,662.368
17.500,126.713,0.121,4,5604.608,662.935
17.510,126.740,0.121,4,5605.782,663.501
17.520,126.766,0.121,4,5606.955,664.068
17.530,126.793,0.121,4,5608.128,664.635
17.540,126.819,0.121,4,5609.300,665.201
17.550,126.846,0.121,4,5610.472,665.768
17.560,126.872,0.121,4,5611.643,666.336
17.570,126.899,0.121,4,5612.815,666.903
17.580,126.925,0.121,4,5613.985,667.470
17.590,126.952,0.121,4,5615.156,668.038
17.600,126.978,0.120,4,5616.326,668.605
17.610,127.005,0.120,4,5617.495,669.173
17.620,127.031,0.120,4,5618.664,669.741
17.630,127.057,0.120,4,5619.833,670.309
17.640,127.084,0.120,4,5621.001,670.877
17.650,127.110,0.120,4,5622.169,671.445
17.660,127.137,0.120,4,5623.337,672.013
17.670,127.163,0.120,4,5624.504,672.582
17.680,127.189,0.120,4,5625.671,673.150
17.690,127.216,0.120,4,5626.837,673.719
17.700,127.242,0.120,4,5628.003,674.287
17.710,127.268,0.120,4,5629.169,674.856
17.720,127.295,0.120,4,5630.334,675.425
17.730,127.321,0.120,4,5631.499,675.994
17.740,127.348,0.120,4,5632.664,676.564
17.750,127.374,0.120,4,5633.828,677.133
17.760,127.400,0.120,4,5634.991,677.703
17.770,127.426,0.120,4,5636.155,678.272
17.780,127.453,0.120,4,5637.317,678.842
17.790,127.479,0.120,4,5638.480,679.412
17.800,127.505,0.120,4,5639.642,679.982
17.810,127.532,0.120,4,5640.804,680.552
17.820,127.558,0.120,4,5641.965,681.122
17.830,127.584,0.120,4,5643.126,681.692
17.840,127.610,0.120,4,5644.286,682.263
17.850,127.637,0.119,4,5645.447,682.833
17.860,127.663,0.119,4,5646.606,683.404
17.870,127.689,0.119,4,5647.766,683.974
17.880,127.715,0.119,4,5648.925,684.545
17.890,127.741,0.119,4,5650.083,685.116
17.900,127.768,0.119,4,5651.241,685.687
17.910,127.794,0.119,4,5652.399,686.259
17.920,127.820,0.119,4,5653.556,686.830
17.930,127.846,0.119,4,5654.713,687.401
17.940,127.872,0.119,4,5655.870,687.973
17.950,127.898,0.119,4,5657.026,688.545
17.960,127.924,0.119,4,5658.182,689.117
17.970,127.951,0.119,4,5659.337,689.689
17.980,127.977,0.119,4,5660.493,690.261
17.990,128.003,0.119,4,5661.647,690.833
18.000,128.029,0.119,4,5662.801,691.405
18.010,128.055,0.119,4,5663.955,691.977
18.020,128.081,0.119,4,5665.109,692.550
18.030,128.107,0.119,4,5666.262,693.123
18.040,128.133,0.119,4,5667.414,693.695
18.050,128.159,0.119,4,5668.567,694.268
18.060,128.185,0.119,4,5669.719,694.841
18.070,128.211,0.119,4,5670.870,695.414
18.080,128.237,0.119,4,5672.021,695.987
18.090,128.263,0.119,4,5673.172,696.561
18.100,128.289,0.118,4,5674.322,697.134
18.110,128.315,0.118,4,5675.472,697.708
18.120,128.341,0.118,4,5676.622,698.281
18.130,128.367,0.118,4,5677.771,698.855
18.140,128.393,0.118,4,5678.920,699.429
18.150,128.419,0.118,4,5680.068,700.003
18.160,128.445,0.118,4,5681.216,700.577
18.170,128.471,0.118,4,5682.364,701.152
18.180,128.497,0.118,4,5683.511,701.726
18.190,128.523,0.118,4,5684.658,702.300
18.200,128.549,0.118,4,5685.804,702.875
18.210,128.575,0.118,4,5686.950,703.450
18.220,128.601,0.118,4,5688.096,704.025
18.230,128.627,0.118,4,5689.241,704.600
18.240,128.653,0.118,4,5690.386,705.175
18.250,128.678,0.118,4,5691.531,705.750
18.260,128.704,0.118,4,5692.675,706.325
18.270,128.730,0.118,4,5693.818,706.901
18.280,128.756,0.118,4,5694.962,707.476
18.290,128.782,0.118,4,5696.105,708.052
18.300,128.808,0.118,4,5697.247,708.627
18.310,128.833,0.118,4,5698.389,709.203
18.320,128.859,0.118,4,5699.531,709.779
18.330,128.885,0.118,4,5700.672,710.355
18.340,128.911,0.118,4,5701.813,710.932
18.350,128.937,0.117,4,5702.954,711.508
18.360,128.962,0.117,4,5704.094,712.084
18.370,128.988,0.117,4,5705.234,712.661
18.380,129.014,0.117,4,5706.373,713.238
18.390,129.040,0.117,4,5707.512,713.815
18.400,129.065,0.117,4,5708.651,714.391
18.410,129.091,0.117,4,5709.789,714.969
18.420,129.117,0.117,4,5710.927,715.546
18.430,129.143,0.117,4,5712.064,716.123
18.440,129.168,0.117,4,5713.202,716.700
18.450,129.194,0.117,4,5714.338,717.278
18.460,129.220,0.117,4,5715.475,717.855
18.470,129.245,0.117,4,5716.610,718.433
18.480,129.271,0.117,4,5717.746,719.011
18.490,129.297,0.117,4,5718.881,719.589
18.500,129.322,0.117,4,5720.016,720.167
18.510,129.348,0.117,4,5721.150,720.745
18.520,129.374,0.117,4,5722.284,721.323
18.530,129.399,0.117,4,5723.418,721.902
18.540,129.425,0.117,4,5724.551,722.480
18.550,129.451,0.117,4,5725.684,723.059
18.560,129.476,0.117,4,5726.816,723.638
18.570,129.502,0.117,4,5727.948,724.217
18.580,129.527,0.117,4,5729.080,724.796
18.590,129.553,0.117,4,5730.211,725.375
18.600,129.578,0.116,4,5731.342,725.954
18.610,129.604,0.116,4,5732.472,726.533
18.620,129.630,0.116,4,5733.602,727.113
18.630,129.655,0.116,4,5734.732,727.692
18.640,129.681,0.116,4,5735.861,728.272
18.650,129.706,0.116,4,5736.990,728.852
18.660,129.732,0.116,4,5738.119,729.432
18.670,129.757,0.116,4,5739.247,730.012
18.680,129.783,0.116,4,5740.375,730.592
18.690,129.808,0.116,4,5741.502,731.172
18.700,129.834,0.116,4,5742.629,731.752
18.710,129.859,0.116,4,5743.756,732.333
18.720,129.885,0.116,4,5744.882,732.913
18.730,129.910,0.116,4,5746.008,733.494
18.740,129.936,0.116,4,5747.133,734.075
18.750,129.961,0.116,4,5748.258,734.656
18.760,129.986,0.116,4,5749.383,735.237
18.770,130.012,0.116,4,5750.507,735.818
18.780,130.037,0.116,4,5751.631,736.399
18.790,130.063,0.116,4,5752.754,736.981
18.800,130.088,0.116,4,5753.877,737.562
18.810,130.113,0.116,4,5755.000,738.144
18.820,130.139,0.116,4,5756.123,738.725
18.830,130.164,0.116,4,5757.244,739.307
18.840,130.189,0.116,4,5758.366,739.889
18.850,130.215,0.115,4,5759.487,740.471
18.860,130.240,0.115,4,5760.608,741.053
18.870,130.265,0.115,4,5761.728,741.636
18.880,130.291,0.115,4,5762.848,742.218
18.890,130.316,0.115,4,5763.968,742.801
18.900,130.341,0.115,4,5765.087,743.383
18.910,130.367,0.115,4,5766.206,743.966
18.920,130.392,0.115,4,5767.325,744.549
18.930,130.417,0.115,4,5768.443,745.132
18.940,130.443,0.115,4,5769.560,745.715
18.950,130.468,0.115,4,5770.678,746.298
18.960,130.493,0.115,4,5771.795,746.881
18.970,130.518,0.115,4,5772.911,747.465
18.980,130.544,0.115,4,5774.027,748.048
18.990,130.569,0.115,4,5775.143,748.632
19.000,130.594,0.115,4,5776.258,749.216
19.010,130.619,0.115,4,5777.373,749.799
19.020,130.644,0.115,4,5778.488,750.383
19.030,130.670,0.115,4,5779.602,750.967
19.040,130.695,0.115,4,5780.716,751.552
19.050,130.720,0.115,4,5781.829,752.136
19.060,130.745,0.115,4,5782.942,752.720
19.070,130.770,0.115,4,5784.055,753.305
19.080,130.795,0.115,4,5785.167,753.890
19.090,130.821,0.115,4,5786.279,754.474
19.100,130.846,0.114,4,5787.391,755.059
19.110,130.871,0.114,4,5788.502,755.644
19.120,130.896,0.114,4,5789.613,756.229
19.130,130.921,0.114,4,5790.723,756.815
19.140,130.946,0.114,4,5791.833,757.400
19.150,130.971,0.114,4,5792.943,757.985
19.160,130.996,0.114,4,5794.052,758.571
19.170,131.021,0.114,4,5795.161,759.157
19.180,131.046,0.114,4,5796.269,759.742
19.190,131.071,0.114,4,5797.377,760.328
19.200,131.097,0.114,4,5798.485,760.914
19.210,131.122,0.114,4,5799.592,761.500
19.220,131.147,0.114,4,5800.699,762.087
19.230,131.172,0.114,4,5801.806,762.673
19.240,131.197,0.114,4,5802.912,763.259
19.250,131.222,0.114,4,5804.017,763.846
19.260,131.247,0.114,4,5805.123,764.433
19.270,131.272,0.114,4,5806.228,765.019
19.280,131.297,0.114,4,5807.332,765.606
19.290,131.322,0.114,4,5808.437,766.193
19.300,131.346,0.114,4,5809.540,766.780
19.310,131.371,0.114,4,5810.644,767.368
19.320,131.396,0.114,4,5811.747,767.955
19.330,131.421,0.114,4,5812.850,768.542
19.340,131.446,0.114,4,5813.952,769.130
19.350,131.471,0.113,4,5815.054,769.718
19.360,131.496,0.113,4,5816.155,770.305
19.370,131.521,0.113,4,5817.256,770.893
19.380,131.546,0.113,4,5818.357,771.481
19.390,131.571,0.113,4,5819.457,772.069
19.400,131.596,0.113,4,5820.557,772.658
19.410,131.620,0.113,4,5821.657,773.246
19.420,131.645,0.113,4,5822.756,773.834
19.430,131.670,0.113,4,5823.855,774.423
19.440,131.695,0.113,4,5824.954,775.012
19.450,131.720,0.113,4,5826.052,775.600
19.460,131.745,0.113,4,5827.149,776.189
19.470,131.769,0.113,4,5828.247,776.778
19.480,131.794,0.113,4,5829.344,777.367
19.490,131.819,0.113,4,5830.440,777.957
19.500,131.844,0.113,4,5831.536,778.546
19.510,131.869,0.113,4,5832.632,779.135
19.520,131.893,0.113,4,5833.727,779.725
19.530,131.918,0.113,4,5834.822,780.315
19.540,131.943,0.113,4,5835.917,780.904
19.550,131.968,0.113,4,5837.011,781.494
19.560,131.992,0.113,4,5838.105,782.084
19.570,132.017,0.113,4,5839.199,782.674
19.580,132.042,0.113,4,5840.292,783.265
19.590,132.066,0.113,4,5841.384,783.855
19.600,132.091,0.113,4,5842.477,784.445
19.610,132.116,0.112,4,5843.569,785.036
19.620,132.140,0.112,4,5844.660,785.627
19.630,132.165,0.112,4,5845.751,786.217
19.640,132.190,0.112,4,5846.842,786.808
19.650,132.214,0.112,4,5847.933,787.399
19.660,132.239,0.112,4,5849.023,787.990
19.670,132.264,0.112,4,5850.112,788.582
19.680,132.288,0.112,4,5851.202,789.173
19.690,132.313,0.112,4,5852.290,789.764
19.700,132.338,0.112,4,5853.379,790.356
19.710,132.362,0.112,4,5854.467,790.948
19.720,132.387,0.112,4,5855.555,791.539
19.730,132.411,0.112,4,5856.642,792.131
19.740,132.436,0.112,4,5857.729,792.723
19.750,132.461,0.112,4,5858.816,793.315
19.760,132.485,0.112,4,5859.902,793.908
19.770,132.510,0.112,4,5860.988,794.500
19.780,132.534,0.112,4,5862.073,795.092
19.790,132.559,0.112,4,5863.158,795.685
19.800,132.583,0.112,4,5864.243,796.277
19.810,132.608,0.112,4,5865.327,796.870
19.820,132.632,0.112,4,5866.411,797.463
19.830,132.657,0.112,4,5867.495,798.056
19.840,132.681,0.112,4,5868.578,798.649
19.850,132.706,0.112,4,5869.661,799.242
19.860,132.730,0.111,4,5870.743,799.836
19.870,132.755,0.111,4,5871.825,800.429
19.880,132.779,0.111,4,5872.907,801.023
19.890,132.804,0.111,4,5873.988,801.616
19.900,132.828,0.111,4,5875.069,802.210
19.910,132.852,0.111,4,5876.150,802.804
19.920,132.877,0.111,4,5877.230,803.398
19.930,132.901,0.111,4,5878.309,803.992
19.940,132.926,0.111,4,5879.389,804.586
19.950,132.950,0.111,4,5880.468,805.180
19.960,132.974,0.111,4,5881.546,805.775
19.970,132.999,0.111,4,5882.625,806.369
19.980,133.023,0.111,4,5883.702,806.964
19.990,133.048,0.111,4,5884.780,807.558
20.000,133.072,0.111,4,5885.857,808.153
20.010,133.096,0.111,4,5886.934,808.748
20.020,133.121,0.111,4,5888.010,809.343
20.030,133.145,0.111,4,5889.086,809.938
20.040,133.169,0.111,4,5890.162,810.534
20.050,133.194,0.111,4,5891.237,811.129
20.060,133.218,0.111,4,5892.312,811.725
20.070,133.242,0.111,4,5893.386,812.320
20.080,133.266,0.111,4,5894.460,812.916
20.090,133.291,0.111,4,5895.534,813.512
20.100,133.315,0.111,4,5896.607,814.108
20.110,133.339,0.111,4,5897.680,814.704
20.120,133.363,0.110,4,5898.752,815.300
20.130,133.388,0.110,4,5899.825,815.896
20.140,133.412,0.110,4,5900.896,816.492
20.150,133.436,0.110,4,5901.968,817.089
20.160,133.460,0.110,4,5903.039,817.685
20.170,133.485,0.110,4,5904.109,818.282
20.180,133.509,0.110,4,5905.180,818.879
20.190,133.533,0.110,4,5906.250,819.476
20.200,133.557,0.110,4,5907.319,820.073
20.210,133.581,0.110,4,5908.388,820.670
20.220,133.605,0.110,4,5909.457,821.267
20.230,133.630,0.110,4,5910.525,821.864
20.240,133.654,0.110,4,5911.593,822.462
20.250,133.678,0.110,4,5912.661,823.059
20.260,133.702,0.110,4,5913.728,823.657
20.270,133.726,0.110,4,5914.795,824.255
20.280,133.750,0.110,4,5915.861,824.853
20.290,133.774,0.110,4,5916.928,825.451
20.300,133.798,0.110,4,5917.993,826.049
20.310,133.823,0.110,4,5919.059,826.647
20.320,133.847,0.110,4,5920.124,827.245
20.330,133.871,0.110,4,5921.188,827.843
20.340,133.895,0.110,4,5922.252,828.442
20.350,133.919,0.110,4,5923.316,829.041
20.360,133.943,0.110,4,5924.380,829.639
20.370,133.967,0.109,4,5925.443,830.238
20.380,133.991,0.109,4,5926.505,830.837
20.390,134.015,0.109,4,5927.568,831.436
20.400,134.039,0.109,4,5928.630,832.035
20.410,134.063,0.109,4,5929.691,832.635
20.420,134.087,0.109,4,5930.753,833.234
20.430,134.111,0.109,4,5931.813,833.833
20.440,134.135,0.109,4,5932.874,834.433
20.450,134.159,0.109,4,5933.934,835.033
20.460,134.183,0.109,4,5934.994,835.632
20.470,134.207,0.109,4,5936.053,836.232
20.480,134.231,0.109,4,5937.112,836.832
20.490,134.255,0.109,4,5938.170,837.433
20.500,134.279,0.109,4,5939.229,838.033
20.510,134.302,0.109,4,5940.286,838.633
20.520,134.326,0.109,4,5941.344,839.234
20.530,134.350,0.109,4,5942.401,839.834
20.540,134.374,0.109,4,5943.457,840.435
20.550,134.398,0.109,4,5944.514,841.035
20.560,134.422,0.109,4,5945.570,841.636
20.570,134.446,0.109,4,5946.625,842.237
20.580,134.470,0.109,4,5947.680,842.838
20.590,134.493,0.109,4,5948.735,843.440
20.600,134.517,0.109,4,5949.790,844.041
20.610,134.541,0.109,4,5950.844,844.642
20.620,134.565,0.109,4,5951.897,845.244
20.630,134.589,0.108,4,5952.951,845.845
20.640,134.613,0.108,4,5954.004,846.447
20.650,134.636,0.108,4,5955.056,847.049
20.660,134.660,0.108,4,5956.108,847.651
20.670,134.684,0.108,4,5957.160,848.253
20.680,134.708,0.108,4,5958.211,848.855
20.690,134.731,0.108,4,5959.263,849.457
20.700,134.755,0.108,4,5960.313,850.060
20.710,134.779,0.108,4,5961.363,850.662
20.720,134.803,0.108,4,5962.413,851.265
20.730,134.826,0.108,4,5963.463,851.867
20.740,134.850,0.108,4,5964.512,852.470
20.750,134.874,0.108,4,5965.561,853.073
20.760,134.898,0.108,4,5966.609,853.676
20.770,134.921,0.108,4,5967.657,854.279
20.780,134.945,0.108,4,5968.705,854.882
20.790,134.969,0.108,4,5969.752,855.486
20.800,134.992,0.108,4,5970.799,856.089
20.810,135.016,0.108,4,5971.846,856.693
20.820,135.040,0.108,4,5972.892,857.296
20.830,135.063,0.108,4,5973.938,857.900
20.840,135.087,0.108,4,5974.983,858.504
20.850,135.111,0.108,4,5976.028,859.108
20.860,135.134,0.108,4,5977.073,859.712
20.870,135.158,0.108,4,5978.117,860.316
20.880,135.181,0.108,4,5979.161,860.920
20.890,135.205,0.107,4,5980.205,861.525
20.900,135.229,0.107,4,5981.248,862.129
20.910,135.252,0.107,4,5982.291,862.734
20.920,135.276,0.107,4,5983.333,863.338
20.930,135.299,0.107,4,5984.375,863.943
20.940,135.323,0.107,4,5985.417,864.548
20.950,135.346,0.107,4,5986.458,865.153
20.960,135.370,0.107,4,5987.499,865.758
20.970,135.393,0.107,4,5988.540,866.363
20.980,135.417,0.107,4,5989.580,866.969
20.990,135.440,0.107,4,5990.620,867.574
21.000,135.464,0.107,4,5991.659,868.179
21.010,135.487,0.107,4,5992.698,868.785
21.020,135.511,0.107,4,5993.737,869.391
21.030,135.534,0.107,4,5994.775,869.997
21.040,135.558,0.107,4,5995.813,870.603
21.050,135.581,0.107,4,5996.851,871.209
21.060,135.605,0.107,4,5997.888,871.815
21.070,135.628,0.107,4,5998.925,872.421
21.080,135.652,0.107,4,5999.961,873.027
21.090,135.675,0.107,4,6000.997,873.634
21.100,135.698,0.107,4,6002.033,874.241
21.110,135.722,0.107,4,6003.068,874.847
21.120,135.745,0.107,4,6004.103,875.454
21.130,135.769,0.107,4,6005.138,876.061
21.140,135.792,0.107,4,6006.172,876.668
21.150,135.815,0.106,4,6007.206,877.275
21.160,135.839,0.106,4,6008.239,877.882
21.170,135.862,0.106,4,6009.273,878.489
21.180,135.886,0.106,4,6010.305,879.097
21.190,135.909,0.106,4,6011.338,879.704
21.200,135.932,0.106,4,6012.370,880.312
21.210,135.956,0.106,4,6013.401,880.920
21.220,135.979,0.106,4,6014.433,881.528
21.230,136.002,0.106,4,6015.463,882.135
21.240,136.025,0.106,4,6016.494,882.744
21.250,136.049,0.106,4,6017.524,883.352
21.260,136.072,0.106,4,6018.554,883.960
21.270,136.095,0.106,4,6019.583,884.568
21.280,136.119,0.106,4,6020.612,885.177
21.290,136.142,0.106,4,6021.641,885.785
21.300,136.165,0.106,4,6022.669,886.394
21.310,136.188,0.106,4,6023.697,887.003
21.320,136.212,0.106,4,6024.725,887.612
21.330,136.235,0.106,4,6025.752,888.221
21.340,136.258,0.106,4,6026.779,888.830
21.350,136.281,0.106,4,6027.805,889.439
21.360,136.304,0.106,4,6028.831,890.048
21.370,136.328,0.106,4,6029.857,890.657
21.380,136.351,0.106,4,6030.882,891.267
21.390,136.374,0.106,4,6031.907,891.877
21.400,136.397,0.106,4,6032.932,892.486
21.410,136.420,0.105,4,6033.956,893.096
21.420,136.443,0.105,4,6034.980,893.706
21.430,136.467,0.105,4,6036.003,894.316
21.440,136.490,0.105,4,6037.026,894.926
21.450,136.513,0.105,4,6038.049,895.536
21.460,136.536,0.105,4,6039.071,896.147
21.470,136.559,0.105,4,6040.093,896.757
21.480,136.582,0.105,4,6041.115,897.368
21.490,136.605,0.105,4,6042.136,897.978
21.500,136.628,0.105,4,6043.157,898.589
21.510,136.651,0.105,4,6044.178,899.200
21.520,136.674,0.105,4,6045.198,899.811
21.530,136.697,0.105,4,6046.217,900.422
21.540,136.720,0.105,4,6047.237,901.033
21.550,136.744,0.105,4,6048.256,901.644
21.560,136.767,0.105,4,6049.275,902.255
21.570,136.790,0.105,4,6050.293,902.867
21.580,136.813,0.105,4,6051.311,903.478
21.590,136.836,0.105,4,6052.328,904.090
21.600,136.859,0.105,4,6053.346,904.702
21.610,136.882,0.105,4,6054.362,905.314
21.620,136.905,0.105,4,6055.379,905.926
21.630,136.928,0.105,4,6056.395,906.538
21.640,136.951,0.105,4,6057.411,907.150
21.650,136.973,0.105,4,6058.426,907.762
21.660,136.996,0.105,4,6059.441,908.375
21.670,137.019,0.104,4,6060.455,908.987
21.680,137.042,0.104,4,6061.470,909.600
21.690,137.065,0.104,4,6062.484,910.212
21.700,137.088,0.104,4,6063.497,910.825
21.710,137.111,0.104,4,6064.510,911.438
21.720,137.134,0.104,4,6065.523,912.051
21.730,137.157,0.104,4,6066.535,912.664
21.740,137.180,0.104,4,6067.547,913.277
21.750,137.203,0.104,4,6068.559,913.891
21.760,137.225,0.104,4,6069.570,914.504
21.770,137.248,0.104,4,6070.581,915.117
21.780,137.271,0.104,4,6071.592,915.731
21.790,137.294,0.104,4,6072.602,916.345
21.800,137.317,0.104,4,6073.612,916.959
21.810,137.340,0.104,4,6074.621,917.572
21.820,137.362,0.104,4,6075.630,918.186
21.830,137.385,0.104,4,6076.639,918.801
21.840,137.408,0.104,4,6077.647,919.415
21.850,137.431,0.104,4,6078.655,920.029
21.860,137.454,0.104,4,6079.663,920.644
21.870,137.476,0.104,4,6080.670,921.258
21.880,137.499,0.104,4,6081.677,921.873
21.890,137.522,0.104,4,6082.684,922.487
21.900,137.545,0.104,4,6083.690,923.102
21.910,137.567,0.104,4,6084.696,923.717
21.920,137.590,0.104,4,6085.701,924.332
21.930,137.613,0.104,4,6086.706,924.947
21.940,137.636,0.103,4,6087.711,925.563
21.950,137.658,0.103,4,6088.715,926.178
21.960,137.681,0.103,4,6089.719,926.793
21.970,137.704,0.103,4,6090.723,927.409
21.980,137.726,0.103,4,6091.726,928.025
21.990,137.749,0.103,4,6092.729,928.640
22.000,137.772,0.103,4,6093.731,929.256
22.010,137.794,0.103,4,6094.733,929.872
22.020,137.817,0.103,4,6095.735,930.488
22.030,137.840,0.103,4,6096.737,931.104
22.040,137.862,0.103,4,6097.738,931.721
22.050,137.885,0.103,4,6098.738,932.337
22.060,137.907,0.103,4,6099.739,932.953
22.070,137.930,0.103,4,6100.738,933.570
22.080,137.953,0.103,4,6101.738,934.187
22.090,137.975,0.103,4,6102.737,934.803
22.100,137.998,0.103,4,6103.736,935.420
22.110,138.020,0.103,4,6104.735,936.037
22.120,138.043,0.103,4,6105.733,936.654
22.130,138.066,0.103,4,6106.730,937.271
22.140,138.088,0.103,4,6107.728,937.889
22.150,138.111,0.103,4,6108.725,938.506
22.160,138.133,0.103,4,6109.721,939.123
22.170,138.156,0.103,4,6110.718,939.741
22.180,138.178,0.103,4,6111.714,940.359
22.190,138.201,0.103,4,6112.709,940.976
22.200,138.223,0.102,4,6113.704,941.594
22.210,138.246,0.102,4,6114.699,942.212
22.220,138.268,0.102,4,6115.694,942.830
22.230,138.291,0.102,4,6116.688,943.448
22.240,138.313,0.102,4,6117.681,944.067
22.250,138.336,0.102,4,6118.675,944.685
22.260,138.358,0.102,4,6119.668,945.303
22.270,138.381,0.102,4,6120.660,945.922
22.280,138.403,0.102,4,6121.653,946.541
22.290,138.425,0.102,4,6122.645,947.159
22.300,138.448,0.102,4,6123.636,947.778
22.310,138.470,0.102,4,6124.627,948.397
22.320,138.493,0.102,4,6125.618,949.016
22.330,138.515,0.102,4,6126.609,949.636
22.340,138.537,0.102,4,6127.599,950.255
22.350,138.560,0.102,4,6128.588,950.874
22.360,138.582,0.102,4,6129.578,951.494
22.370,138.604,0.102,4,6130.567,952.113
22.380,138.627,0.102,4,6131.555,952.733
22.390,138.649,0.102,4,6132.544,953.353
22.400,138.672,0.102,4,6133.532,953.973
22.410,138.694,0.102,4,6134.519,954.592
22.420,138.716,0.102,4,6135.506,955.213
22.430,138.738,0.102,4,6136.493,955.833
22.440,138.761,0.102,4,6137.480,956.453
22.450,138.783,0.102,4,6138.466,957.073
22.460,138.805,0.102,4,6139.452,957.694
22.470,138.828,0.101,4,6140.437,958.314
22.480,138.850,0.101,4,6141.422,958.935
22.490,138.872,0.101,4,6142.407,959.556
22.500,138.894,0.101,4,6143.391,960.177
22.510,138.917,0.101,4,6144.375,960.798
22.520,138.939,0.101,4,6145.358,961.419
22.530,138.961,0.101,4,6146.342,962.040
22.540,138.983,0.101,4,6147.324,962.661
22.550,139.006,0.101,4,6148.307,963.282
22.560,139.028,0.101,4,6149.289,963.904
22.570,139.050,0.101,4,6150.271,964.525
22.580,139.072,0.101,4,6151.252,965.147
22.590,139.094,0.101,4,6152.233,965.769
22.600,139.116,0.101,4,6153.214,966.391
22.610,139.139,0.101,4,6154.194,967.013
22.620,139.161,0.101,4,6155.174,967.635
22.630,139.183,0.101,4,6156.154,968.257
22.640,139.205,0.101,4,6157.133,968.879
22.650,139.227,0.101,4,6158.112,969.502
22.660,139.249,0.101,4,6159.090,970.124
22.670,139.271,0.101,4,6160.068,970.747
22.680,139.294,0.101,4,6161.046,971.369
22.690,139.316,0.101,4,6162.024,971.992
22.700,139.338,0.101,4,6163.001,972.615
22.710,139.360,0.101,4,6163.977,973.238
22.720,139.382,0.101,4,6164.954,973.861
22.730,139.404,0.101,4,6165.930,974.484
22.740,139.426,0.100,4,6166.905,975.107
22.750,139.448,0.100,4,6167.880,975.730
22.760,139.470,0.100,4,6168.855,976.354
22.770,139.492,0.100,4,6169.830,976.977
22.780,139.514,0.100,4,6170.804,977.601
22.790,139.536,0.100,4,6171.778,978.225
22.800,139.558,0.100,4,6172.751,978.849
22.810,139.580,0.100,4,6173.724,979.473
22.820,139.602,0.100,4,6174.697,980.097
22.830,139.624,0.100,4,6175.670,980.721
22.840,139.646,0.100,4,6176.642,981.345
22.850,139.668,0.100,4,6177.613,981.969
22.860,139.690,0.100,4,6178.585,982.594
22.870,139.712,0.100,4,6179.555,983.218
22.880,139.734,0.100,4,6180.526,983.843
22.890,139.756,0.100,4,6181.496,984.468
22.900,139.778,0.100,4,6182.466,985.092
22.910,139.800,0.100,4,6183.436,985.717
22.920,139.822,0.100,4,6184.405,986.342
22.930,139.844,0.100,4,6185.374,986.967
22.940,139.865,0.100,4,6186.342,987.593
22.950,139.887,0.100,4,6187.310,988.218
22.960,139.909,0.100,4,6188.278,988.843
22.970,139.931,0.100,4,6189.245,989.469
22.980,139.953,0.100,4,6190.212,990.094
22.990,139.975,0.100,4,6191.179,990.720
23.000,139.997,0.100,4,6192.145,991.346
23.010,140.019,0.099,4,6193.111,991.972
23.020,140.040,0.099,4,6194.076,992.598
23.030,140.062,0.099,4,6195.042,993.224
23.040,140.084,0.099,4,6196.006,993.850
23.050,140.106,0.099,4,6196.971,994.476
23.060,140.128,0.099,4,6197.935,995.103
23.070,140.149,0.099,4,6198.899,995.729
23.080,140.171,0.099,4,6199.862,996.356
23.090,140.193,-0.134,5,4030.536,996.982
23.100,140.164,-0.134,5,4029.693,997.609
23.110,140.134,-0.134,5,4028.850,998.236
23.120,140.105,-0.133,5,4028.008,998.862
23.130,140.076,-0.133,5,4027.166,999.488
23.140,140.046,-0.133,5,4026.324,1000.114
23.150,140.017,-0.133,5,4025.482,1000.740
23.160,139.988,-0.133,5,4024.641,1001.366
23.170,139.959,-0.133,5,4023.800,1001.992
23.180,139.929,-0.133,5,4022.959,1002.618
23.190,139.900,-0.133,5,4022.119,1003.243
23.200,139.871,-0.133,5,4021.279,1003.868
23.210,139.842,-0.133,5,4020.439,1004.494
23.220,139.813,-0.133,5,4019.600,1005.119
23.230,139.783,-0.133,5,4018.761,1005.744
23.240,139.754,-0.133,5,4017.922,1006.368
23.250,139.725,-0.133,5,4017.083,1006.993
23.260,139.696,-0.133,5,4016.245,1007.618
23.270,139.667,-0.133,5,4015.407,1008.242
23.280,139.638,-0.133,5,4014.570,1008.866
23.290,139.608,0.069,5,4013.733,1009.491
23.300,139.624,0.069,5,4014.169,1010.115
23.310,139.639,0.069,5,4014.605,1010.739
23.320,139.654,0.069,5,4015.040,1011.363
23.330,139.669,0.069,5,4015.476,1011.988
23.340,139.684,0.069,5,4015.912,1012.612
23.350,139.699,0.069,5,4016.347,1013.236
23.360,139.715,0.069,5,4016.782,1013.861
23.370,139.730,0.069,5,4017.217,1014.486
23.380,139.745,0.069,5,4017.652,1015.110
23.390,139.760,0.069,5,4018.087,1015.735
23.400,139.775,0.069,5,4018.521,1016.360
23.410,139.790,0.069,5,4018.955,1016.985
23.420,139.805,0.069,5,4019.390,1017.610
23.430,139.820,0.069,5,4019.824,1018.235
23.440,139.835,0.069,5,4020.258,1018.860
23.450,139.850,0.069,5,4020.691,1019.485
23.460,139.866,0.069,5,4021.125,1020.110
23.470,139.881,0.069,5,4021.558,1020.735
23.480,139.896,0.069,5,4021.991,1021.361
23.490,139.911,0.069,5,4022.424,1021.986
23.500,139.926,0.069,5,4022.857,1022.612
23.510,139.941,0.069,5,4023.290,1023.237
23.520,139.956,0.069,5,4023.723,1023.863
23.530,139.971,0.069,5,4024.155,1024.489
23.540,139.986,0.068,5,4024.587,1025.114
23.550,140.001,0.068,5,4025.019,1025.740
23.560,140.016,0.068,5,4025.451,1026.366
23.570,140.031,0.068,5,4025.883,1026.992
23.580,140.046,0.068,5,4026.315,1027.618
23.590,140.061,0.068,5,4026.746,1028.244
23.600,140.076,0.068,5,4027.178,1028.870
23.610,140.091,0.068,5,4027.609,1029.496
23.620,140.106,0.068,5,4028.040,1030.123
23.630,140.121,0.068,5,4028.471,1030.749
23.640,140.136,0.068,5,4028.901,1031.376
23.650,140.151,0.068,5,4029.332,1032.002
23.660,140.166,0.068,5,4029.762,1032.629
23.670,140.181,0.048,5,4030.192,1033.255
23.680,140.191,0.048,5,4030.495,1033.882
23.690,140.202,0.048,5,4030.798,1034.509
23.700,140.213,0.048,5,4031.100,1035.135
23.710,140.223,0.048,5,4031.402,1035.762
23.720,140.234,0.048,5,4031.705,1036.389
23.730,140.244,0.048,5,4032.007,1037.016
23.740,140.255,0.048,5,4032.309,1037.643
23.750,140.265,0.048,5,4032.611,1038.270
23.760,140.276,0.048,5,4032.913,1038.897
23.770,140.286,0.048,5,4033.214,1039.524
23.780,140.297,0.048,5,4033.516,1040.151
23.790,140.307,0.048,5,4033.817,1040.779
23.800,140.318,0.048,5,4034.119,1041.406
23.810,140.328,0.048,5,4034.420,1042.033
23.820,140.338,0.048,5,4034.721,1042.661
23.830,140.349,0.048,5,4035.022,1043.288
23.840,140.359,0.048,5,4035.323,1043.915
23.850,140.370,0.048,5,4035.624,1044.543
23.860,140.380,0.048,5,4035.925,1045.170
23.870,140.391,0.048,5,4036.225,1045.798
23.880,140.401,0.048,5,4036.526,1046.426
23.890,140.412,0.048,5,4036.826,1047.053
23.900,140.422,0.048,5,4037.126,1047.681
23.910,140.433,0.048,5,4037.426,1048.309
23.920,140.443,0.048,5,4037.726,1048.937
23.930,140.453,0.048,5,4038.026,1049.564
23.940,140.464,0.048,5,4038.326,1050.192
23.950,140.474,0.047,5,4038.626,1050.820
23.960,140.485,0.047,5,4038.925,1051.448
23.970,140.495,0.047,5,4039.225,1052.076
23.980,140.506,0.047,5,4039.524,1052.704
23.990,140.516,0.047,5,4039.824,1053.333
24.000,140.526,0.047,5,4040.123,1053.961
24.010,140.537,0.047,5,4040.422,1054.589
24.020,140.547,0.047,5,4040.721,1055.217
24.030,140.558,0.047,5,4041.019,1055.846
24.040,140.568,0.047,5,4041.318,1056.474
24.050,140.578,0.047,5,4041.617,1057.102
24.060,140.589,0.047,5,4041.915,1057.731
24.070,140.599,0.047,5,4042.214,1058.359
24.080,140.609,0.047,5,4042.512,1058.988
24.090,140.620,0.047,5,4042.810,1059.616
24.100,140.630,0.047,5,4043.108,1060.245
24.110,140.641,0.047,5,4043.406,1060.874
24.120,140.651,0.047,5,4043.704,1061.503
24.130,140.661,0.047,5,4044.001,1062.131
24.140,140.672,0.047,5,4044.299,1062.760
24.150,140.682,0.047,5,4044.596,1063.389
24.160,140.692,0.047,5,4044.894,1064.018
24.170,140.703,0.047,5,4045.191,1064.647
24.180,140.713,0.047,5,4045.488,1065.276
24.190,140.723,0.047,5,4045.785,1065.905
24.200,140.734,0.047,5,4046.082,1066.534
24.210,140.744,0.047,5,4046.379,1067.163
24.220,140.754,0.047,5,4046.676,1067.793
24.230,140.765,0.047,5,4046.972,1068.422
24.240,140.775,0.047,5,4047.269,1069.051
24.250,140.785,0.047,5,4047.565,1069.680
24.260,140.796,0.047,5,4047.861,1070.310
24.270,140.806,0.047,5,4048.157,1070.939
24.280,140.816,0.047,5,4048.453,1071.569
24.290,140.826,0.047,5,4048.749,1072.198
24.300,140.837,0.047,5,4049.045,1072.828
24.310,140.847,0.047,5,4049.341,1073.457
24.320,140.857,0.047,5,4049.636,1074.087
24.330,140.868,0.047,5,4049.932,1074.717
24.340,140.878,0.047,5,4050.227,1075.347
24.350,140.888,0.047,5,4050.523,1075.976
24.360,140.898,0.047,5,4050.818,1076.606
24.370,140.909,0.047,5,4051.113,1077.236
24.380,140.919,0.047,5,4051.408,1077.866
24.390,140.929,0.047,5,4051.702,1078.496
24.400,140.939,0.047,5,4051.997,1079.126
24.410,140.950,0.047,5,4052.292,1079.756
24.420,140.960,0.047,5,4052.586,1080.386
24.430,140.970,0.047,5,4052.881,1081.016
24.440,140.980,0.047,5,4053.175,1081.647
24.450,140.991,0.047,5,4053.469,1082.277
24.460,141.001,0.047,5,4053.763,1082.907
24.470,141.011,0.047,5,4054.057,1083.538
24.480,141.021,0.047,5,4054.351,1084.168
24.490,141.031,0.047,5,4054.645,1084.798
24.500,141.042,0.047,5,4054.938,1085.429
24.510,141.052,0.047,5,4055.232,1086.059
24.520,141.062,0.046,5,4055.525,1086.690
24.530,141.072,0.046,5,4055.818,1087.321
24.540,141.083,0.046,5,4056.112,1087.951
24.550,141.093,0.046,5,4056.405,1088.582
24.560,141.103,0.046,5,4056.698,1089.213
24.570,141.113,0.046,5,4056.990,1089.844
24.580,141.123,0.046,5,4057.283,1090.474
24.590,141.133,0.046,5,4057.576,1091.105
24.600,141.144,0.046,5,4057.868,1091.736
24.610,141.154,0.046,5,4058.161,1092.367
24.620,141.164,0.046,5,4058.453,1092.998
24.630,141.174,0.046,5,4058.745,1093.629
24.640,141.184,0.046,5,4059.037,1094.261
24.650,141.194,0.046,5,4059.329,1094.892
24.660,141.205,0.046,5,4059.621,1095.523
24.670,141.215,0.046,5,4059.913,1096.154
24.680,141.225,0.046,5,4060.204,1096.785
24.690,141.235,0.046,5,4060.496,1097.417
24.700,141.245,0.046,5,4060.787,1098.048
24.710,141.255,0.046,5,4061.079,1098.680
24.720,141.265,0.046,5,4061.370,1099.311
24.730,141.276,0.046,5,4061.661,1099.943
24.740,141.286,0.046,5,4061.952,1100.574
24.750,141.296,0.046,5,4062.243,1101.206
24.760,141.306,0.046,5,4062.534,1101.838
24.770,141.316,0.046,5,4062.824,1102.469
24.780,141.326,0.046,5,4063.115,1103.101
24.790,141.336,0.046,5,4063.405,1103.733
24.800,141.346,0.046,5,4063.696,1104.365
24.810,141.356,0.046,5,4063.986,1104.997
24.820,141.366,0.046,5,4064.276,1105.629
24.830,141.377,0.046,5,4064.566,1106.261
24.840,141.387,0.046,5,4064.856,1106.893
24.850,141.397,0.046,5,4065.146,1107.525
24.860,141.407,0.046,5,4065.435,1108.157
24.870,141.417,0.046,5,4065.725,1108.789
24.880,141.427,0.046,5,4066.014,1109.421
24.890,141.437,0.046,5,4066.304,1110.053
24.900,141.447,0.046,5,4066.593,1110.686
24.910,141.457,0.046,5,4066.882,1111.318
24.920,141.467,0.046,5,4067.171,1111.950
24.930,141.477,0.046,5,4067.460,1112.583
24.940,141.487,0.046,5,4067.749,1113.215
24.950,141.497,0.046,5,4068.038,1113.848
24.960,141.507,0.046,5,4068.326,1114.480
24.970,141.517,0.046,5,4068.615,1115.113
24.980,141.527,0.046,5,4068.903,1115.746
24.990,141.537,0.046,5,4069.191,1116.378
25.000,141.547,0.046,5,4069.479,1117.011
25.010,141.557,0.046,5,4069.768,1117.644
25.020,141.568,0.046,5,4070.055,1118.277
25.030,141.578,0.046,5,4070.343,1118.910
25.040,141.588,0.046,5,4070.631,1119.543
25.050,141.598,0.046,5,4070.919,1120.176
25.060,141.608,0.046,5,4071.206,1120.809
25.070,141.618,0.046,5,4071.494,1121.442
25.080,141.628,0.046,5,4071.781,1122.075
25.090,141.638,0.046,5,4072.068,1122.708
25.100,141.647,0.045,5,4072.355,1123.341
25.110,141.657,0.045,5,4072.642,1123.974
25.120,141.667,0.045,5,4072.929,1124.608
25.130,141.677,0.045,5,4073.216,1125.241
25.140,141.687,0.045,5,4073.502,1125.874
25.150,141.697,0.045,5,4073.789,1126.508
25.160,141.707,0.045,5,4074.075,1127.141
25.170,141.717,0.045,5,4074.362,1127.775
25.180,141.727,0.045,5,4074.648,1128.408
25.190,141.737,0.045,5,4074.934,1129.042
25.200,141.747,0.045,5,4075.220,1129.676
25.210,141.757,0.045,5,4075.506,1130.309
25.220,141.767,0.045,5,4075.792,1130.943
25.230,141.777,0.045,5,4076.077,1131.577
25.240,141.787,0.045,5,4076.363,1132.211
25.250,141.797,0.045,5,4076.648,1132.844
25.260,141.807,0.045,5,4076.934,1133.478
25.270,141.817,0.045,5,4077.219,1134.112
25.280,141.827,0.045,5,4077.504,1134.746
25.290,141.837,0.045,5,4077.789,1135.380
25.300,141.846,0.045,5,4078.074,1136.014
25.310,141.856,0.045,5,4078.359,1136.649
25.320,141.866,0.045,5,4078.644,1137.283
25.330,141.876,0.045,5,4078.928,1137.917
25.340,141.886,0.045,5,4079.213,1138.551
25.350,141.896,0.045,5,4079.497,1139.186
25.360,141.906,0.045,5,4079.782,1139.820
25.370,141.916,0.045,5,4080.066,1140.454
25.380,141.926,0.045,5,4080.350,1141.089
25.390,141.935,0.045,5,4080.634,1141.723
25.400,141.945,0.045,5,4080.918,1142.358
25.410,141.955,0.045,5,4081.201,1142.992
25.420,141.965,0.045,5,4081.485,1143.627
25.430,141.975,0.045,5,4081.769,1144.262
25.440,141.985,0.045,5,4082.052,1144.896
25.450,141.995,0.045,5,4082.335,1145.531
25.460,142.004,0.045,5,4082.619,1146.166
25.470,142.014,0.045,5,4082.902,1146.801
25.480,142.024,0.045,5,4083.185,1147.436
25.490,142.034,0.045,5,4083.468,1148.070
25.500,142.044,0.045,5,4083.751,1148.705
25.510,142.054,0.045,5,4084.033,1149.340
25.520,142.064,0.045,5,4084.316,1149.976
25.530,142.073,0.045,5,4084.598,1150.611
25.540,142.083,0.045,5,4084.881,1151.246
25.550,142.093,0.045,5,4085.163,1151.881
25.560,142.103,0.045,5,4085.445,1152.516
25.570,142.113,0.045,5,4085.727,1153.151
25.580,142.122,0.045,5,4086.009,1153.787
25.590,142.132,0.045,5,4086.291,1154.422
25.600,142.142,0.045,5,4086.573,1155.058
25.610,142.152,0.045,5,4086.854,1155.693
25.620,142.162,0.045,5,4087.136,1156.329
25.630,142.171,0.045,5,4087.417,1156.964
25.640,142.181,0.045,5,4087.699,1157.600
25.650,142.191,0.045,5,4087.980,1158.235
25.660,142.201,0.045,5,4088.261,1158.871
25.670,142.211,0.045,5,4088.542,1159.507
25.680,142.220,0.045,5,4088.823,1160.142
25.690,142.230,0.044,5,4089.104,1160.778
25.700,142.240,0.044,5,4089.384,1161.414
25.710,142.250,0.044,5,4089.665,1162.050
25.720,142.259,0.044,5,4089.945,1162.686
25.730,142.269,0.044,5,4090.226,1163.322
25.740,142.279,0.044,5,4090.506,1163.958
25.750,142.289,0.044,5,4090.786,1164.594
25.760,142.298,0.044,5,4091.066,1165.230
25.770,142.308,0.044,5,4091.346,1165.866
25.780,142.318,0.044,5,4091.626,1166.502
25.790,142.328,0.044,5,4091.906,1167.139
25.800,142.337,0.044,5,4092.185,1167.775
25.810,142.347,0.044,5,4092.465,1168.411
25.820,142.357,0.044,5,4092.744,1169.048
25.830,142.366,0.044,5,4093.023,1169.684
25.840,142.376,0.044,5,4093.303,1170.320
25.850,142.386,0.044,5,4093.582,1170.957
25.860,142.396,0.044,5,4093.861,1171.594
25.870,142.405,0.044,5,4094.140,1172.230
25.880,142.415,0.044,5,4094.418,1172.867
25.890,142.425,0.044,5,4094.697,1173.503
25.900,142.434,0.044,5,4094.976,1174.140
25.910,142.444,0.044,5,4095.254,1174.777
25.920,142.454,0.044,5,4095.532,1175.414
25.930,142.463,0.044,5,4095.811,1176.051
25.940,142.473,0.044,5,4096.089,1176.687
25.950,142.483,0.044,5,4096.367,1177.324
25.960,142.492,0.044,5,4096.645,1177.961
25.970,142.502,0.044,5,4096.923,1178.598
25.980,142.512,0.044,5,4097.200,1179.235
25.990,142.521,0.044,5,4097.478,1179.873
26.000,142.531,0.044,5,4097.756,1180.510
26.010,142.541,0.044,5,4098.033,1181.147
26.020,142.550,0.044,5,4098.310,1181.784
26.030,142.560,0.044,5,4098.587,1182.421
26.040,142.570,0.044,5,4098.865,1183.059
26.050,142.579,0.044,5,4099.142,1183.696
26.060,142.589,0.044,5,4099.418,1184.333
26.070,142.598,0.044,5,4099.695,1184.971
26.080,142.608,0.044,5,4099.972,1185.608
26.090,142.618,0.044,5,4100.249,1186.246
26.100,142.627,0.044,5,4100.525,1186.884
26.110,142.637,0.044,5,4100.801,1187.521
26.120,142.647,0.044,5,4101.078,1188.159
26.130,142.656,0.044,5,4101.354,1188.797
26.140,142.666,0.044,5,4101.630,1189.434
26.150,142.675,0.044,5,4101.906,1190.072
26.160,142.685,0.044,5,4102.182,1190.710
26.170,142.695,0.044,5,4102.457,1191.348
26.180,142.704,0.044,5,4102.733,1191.986
26.190,142.714,0.044,5,4103.009,1192.624
26.200,142.723,0.044,5,4103.284,1193.262
26.210,142.733,0.044,5,4103.559,1193.900
26.220,142.742,0.044,5,4103.835,1194.538
26.230,142.752,0.044,5,4104.110,1195.176
26.240,142.762,0.044,5,4104.385,1195.814
26.250,142.771,0.044,5,4104.660,1196.452
26.260,142.781,0.044,5,4104.934,1197.091
26.270,142.790,0.044,5,4105.209,1197.729
26.280,142.800,0.044,5,4105.484,1198.367
26.290,142.809,0.043,5,4105.758,1199.006
26.300,142.819,0.043,5,4106.033,1199.644
26.310,142.828,0.043,5,4106.307,1200.283
26.320,142.838,0.043,5,4106.581,1200.921
26.330,142.848,0.043,5,4106.855,1201.560
26.340,142.857,0.043,5,4107.129,1202.198
26.350,142.867,0.043,5,4107.403,1202.837
26.360,142.876,0.043,5,4107.677,1203.476
26.370,142.886,0.043,5,4107.950,1204.114
26.380,142.895,0.043,5,4108.224,1204.753
26.390,142.905,0.043,5,4108.497,1205.392
26.400,142.914,0.043,5,4108.771,1206.031
26.410,142.924,0.043,5,4109.044,1206.670
26.420,142.933,0.043,5,4109.317,1207.309
26.430,142.943,0.043,5,4109.590,1207.948
26.440,142.952,0.043,5,4109.863,1208.587
26.450,142.962,0.043,5,4110.136,1209.226
26.460,142.971,0.043,5,4110.409,1209.865
26.470,142.981,0.043,5,4110.681,1210.504
26.480,142.990,0.043,5,4110.954,1211.143
26.490,143.000,0.043,5,4111.226,1211.782
26.500,143.009,0.043,5,4111.499,1212.422
26.510,143.018,0.043,5,4111.771,1213.061
26.520,143.028,0.043,5,4112.043,1213.700
26.530,143.037,0.043,5,4112.315,1214.340
26.540,143.047,0.043,5,4112.587,1214.979
26.550,143.056,0.043,5,4112.859,1215.619
26.560,143.066,0.043,5,4113.130,1216.258
26.570,143.075,0.043,5,4113.402,1216.898
26.580,143.085,0.043,5,4113.673,1217.538
26.590,143.094,0.043,5,4113.945,1218.177
26.600,143.104,0.043,5,4114.216,1218.817
26.610,143.113,0.043,5,4114.487,1219.457
26.620,143.122,0.043,5,4114.758,1220.096
26.630,143.132,0.043,5,4115.029,1220.736
26.640,143.141,0.043,5,4115.300,1221.376
26.650,143.151,0.043,5,4115.571,1222.016
26.660,143.160,0.043,5,4115.842,1222.656
26.670,143.169,0.043,5,4116.112,1223.296
26.680,143.179,0.043,5,4116.383,1223.936
26.690,143.188,0.043,5,4116.653,1224.576
26.700,143.198,0.043,5,4116.923,1225.216
26.710,143.207,0.043,5,4117.193,1225.856
26.720,143.216,0.043,5,4117.464,1226.497
26.730,143.226,0.043,5,4117.734,1227.137
26.740,143.235,0.043,5,4118.003,1227.777
26.750,143.245,0.043,5,4118.273,1228.418
26.760,143.254,0.043,5,4118.543,1229.058
26.770,143.263,0.043,5,4118.812,1229.698
26.780,143.273,0.043,5,4119.082,1230.339
26.790,143.282,0.043,5,4119.351,1230.979
26.800,143.292,0.043,5,4119.620,1231.620
26.810,143.301,0.043,5,4119.889,1232.260
26.820,143.310,0.043,5,4120.158,1232.901
26.830,143.320,0.043,5,4120.427,1233.542
26.840,143.329,0.043,5,4120.696,1234.183
26.850,143.338,0.043,5,4120.965,1234.823
26.860,143.348,0.043,5,4121.234,1235.464
26.870,143.357,0.043,5,4121.502,1236.105
26.880,143.366,0.043,5,4121.771,1236.746
26.890,143.376,0.043,5,4122.039,1237.387
26.900,143.385,0.042,5,4122.307,1238.028
26.910,143.394,0.042,5,4122.575,1238.669
26.920,143.404,0.042,5,4122.843,1239.310
26.930,143.413,0.042,5,4123.111,1239.951
26.940,143.422,0.042,5,4123.379,1240.592
26.950,143.432,0.042,5,4123.647,1241.233
26.960,143.441,0.042,5,4123.914,1241.874
26.970,143.450,0.042,5,4124.182,1242.516
26.980,143.459,0.042,5,4124.449,1243.157
26.990,143.469,0.042,5,4124.716,1243.798
27.000,143.478,0.042,5,4124.984,1244.440
27.010,143.487,0.042,5,4125.251,1245.081
27.020,143.497,0.042,5,4125.518,1245.723
27.030,143.506,0.042,5,4125.785,1246.364
27.040,143.515,0.042,5,4126.051,1247.006
27.050,143.524,0.042,5,4126.318,1247.647
27.060,143.534,0.042,5,4126.585,1248.289
27.070,143.543,0.042,5,4126.851,1248.930
27.080,143.552,0.042,5,4127.118,1249.572
27.090,143.562,0.042,5,4127.384,1250.214
27.100,143.571,0.042,5,4127.650,1250.856
27.110,143.580,0.042,5,4127.916,1251.498
27.120,143.589,0.042,5,4128.182,1252.139
27.130,143.599,0.042,5,4128.448,1252.781
27.140,143.608,0.042,5,4128.714,1253.423
27.150,143.617,0.042,5,4128.979,1254.065
27.160,143.626,0.042,5,4129.245,1254.707
27.170,143.636,0.042,5,4129.511,1255.349
27.180,143.645,0.042,5,4129.776,1255.992
27.190,143.654,0.042,5,4130.041,1256.634
27.200,143.663,0.042,5,4130.306,1257.276
27.210,143.672,0.042,5,4130.571,1257.918
27.220,143.682,0.042,5,4130.836,1258.561
27.230,143.691,0.042,5,4131.101,1259.203
27.240,143.700,0.042,5,4131.366,1259.845
27.250,143.709,0.042,5,4131.631,1260.488
27.260,143.718,0.042,5,4131.895,1261.130
27.270,143.728,0.042,5,4132.160,1261.773
27.280,143.737,0.042,5,4132.424,1262.415
27.290,143.746,0.042,5,4132.688,1263.058
27.300,143.755,0.042,5,4132.953,1263.700
27.310,143.764,0.042,5,4133.217,1264.343
27.320,143.774,0.042,5,4133.481,1264.986
27.330,143.783,0.042,5,4133.744,1265.628
27.340,143.792,0.042,5,4134.008,1266.271
27.350,143.801,0.042,5,4134.272,1266.914
27.360,143.810,0.042,5,4134.535,1267.557
27.370,143.819,0.042,5,4134.799,1268.200
27.380,143.829,0.042,5,4135.062,1268.843
27.390,143.838,0.042,5,4135.326,1269.486
27.400,143.847,0.042,5,4135.589,1270.129
27.410,143.856,0.042,5,4135.852,1270.772
27.420,143.865,0.042,5,4136.115,1271.415
27.430,143.874,0.042,5,4136.378,1272.058
27.440,143.884,0.042,5,4136.640,1272.701
27.450,143.893,0.042,5,4136.903,1273.345
27.460,143.902,0.042,5,4137.166,1273.988
27.470,143.911,0.042,5,4137.428,1274.631
27.480,143.920,0.042,5,4137.690,1275.275
27.490,143.929,0.042,5,4137.953,1275.918
27.500,143.938,0.042,5,4138.215,1276.561
27.510,143.947,0.042,5,4138.477,1277.205
27.520,143.957,0.042,5,4138.739,1277.848
27.530,143.966,0.041,5,4139.001,1278.492
27.540,143.975,0.041,5,4139.262,1279.136
27.550,143.984,0.041,5,4139.524,1279.779
27.560,143.993,0.041,5,4139.786,1280.423
27.570,144.002,0.041,5,4140.047,1281.067
27.580,144.011,0.041,5,4140.309,1281.710
27.590,144.020,0.041,5,4140.570,1282.354
27.600,144.029,0.041,5,4140.831,1282.998
27.610,144.038,0.041,5,4141.092,1283.642
27.620,144.047,0.041,5,4141.353,1284.286
27.630,144.057,0.041,5,4141.614,1284.930
27.640,144.066,0.041,5,4141.875,1285.574
27.650,144.075,0.041,5,4142.135,1286.218
27.660,144.084,0.041,5,4142.396,1286.862
27.670,144.093,0.041,5,4142.656,1287.506
27.680,144.102,0.041,5,4142.917,1288.150
27.690,144.111,0.041,5,4143.177,1288.794
27.700,144.120,0.041,5,4143.437,1289.439
27.710,144.129,0.041,5,4143.697,1290.083
27.720,144.138,0.041,5,4143.957,1290.727
27.730,144.147,0.041,5,4144.217,1291.372
27.740,144.156,0.041,5,4144.477,1292.016
27.750,144.165,0.041,5,4144.736,1292.661
27.760,144.174,0.041,5,4144.996,1293.305
27.770,144.183,0.041,5,4145.255,1293.950
27.780,144.192,0.041,5,4145.515,1294.594
27.790,144.201,0.041,5,4145.774,1295.239
27.800,144.210,0.041,5,4146.033,1295.883
27.810,144.219,0.041,5,4146.292,1296.528
27.820,144.228,0.041,5,4146.551,1297.173
27.830,144.237,0.041,5,4146.810,1297.818
27.840,144.246,0.041,5,4147.069,1298.463
27.850,144.255,0.041,5,4147.328,1299.107
27.860,144.264,0.041,5,4147.586,1299.752
27.870,144.273,0.041,5,4147.845,1300.397
27.880,144.282,0.041,5,4148.103,1301.042
27.890,144.291,0.041,5,4148.361,1301.687
27.900,144.300,0.041,5,4148.620,1302.332
27.910,144.309,0.041,5,4148.878,1302.977
27.920,144.318,0.041,5,4149.136,1303.623
27.930,144.327,0.041,5,4149.394,1304.268
27.940,144.336,0.041,5,4149.651,1304.913
27.950,144.345,0.041,5,4149.909,1305.558
27.960,144.354,0.041,5,4150.167,1306.203
27.970,144.363,0.041,5,4150.424,1306.849
27.980,144.372,0.041,5,4150.682,1307.494
27.990,144.381,0.041,5,4150.939,1308.140
28.000,144.390,0.041,5,4151.196,1308.785
28.010,144.399,0.041,5,4151.453,1309.431
28.020,144.408,0.041,5,4151.710,1310.076
28.030,144.417,0.041,5,4151.967,1310.722
28.040,144.426,0.041,5,4152.224,1311.367
28.050,144.434,0.041,5,4152.481,1312.013
28.060,144.443,0.041,5,4152.737,1312.659
28.070,144.452,0.041,5,4152.994,1313.304
28.080,144.461,0.041,5,4153.250,1313.950
28.090,144.470,0.041,5,4153.506,1314.596
28.100,144.479,0.041,5,4153.763,1315.242
28.110,144.488,0.041,5,4154.019,1315.888
28.120,144.497,0.041,5,4154.275,1316.534
28.130,144.506,0.041,5,4154.531,1317.180
28.140,144.515,0.041,5,4154.787,1317.826
28.150,144.524,0.041,5,4155.042,1318.472
28.160,144.532,0.041,5,4155.298,1319.118
28.170,144.541,0.040,5,4155.553,1319.764
28.180,144.550,0.040,5,4155.809,1320.410
28.190,144.559,0.040,5,4156.064,1321.056
28.200,144.568,0.040,5,4156.319,1321.703
28.210,144.577,0.040,5,4156.575,1322.349
28.220,144.586,0.040,5,4156.830,1322.995
28.230,144.595,0.040,5,4157.085,1323.642
28.240,144.603,0.040,5,4157.339,1324.288
28.250,144.612,0.040,5,4157.594,1324.934
28.260,144.621,0.040,5,4157.849,1325.581
28.270,144.630,0.040,5,4158.103,1326.228
28.280,144.639,0.040,5,4158.358,1326.874
28.290,144.648,0.040,5,4158.612,1327.521
28.300,144.657,0.040,5,4158.867,1328.167
28.310,144.665,0.040,5,4159.121,1328.814
28.320,144.674,0.040,5,4159.375,1329.461
28.330,144.683,0.040,5,4159.629,1330.108
28.340,144.692,0.040,5,4159.883,1330.754
28.350,144.701,0.040,5,4160.136,1331.401
28.360,144.710,0.040,5,4160.390,1332.048
28.370,144.718,0.040,5,4160.644,1332.695
28.380,144.727,0.040,5,4160.897,1333.342
28.390,144.736,0.040,5,4161.150,1333.989
28.400,144.745,0.040,5,4161.404,1334.636
28.410,144.754,0.040,5,4161.657,1335.283
28.420,144.762,0.040,5,4161.910,1335.930
28.430,144.771,0.040,5,4162.163,1336.577
28.440,144.780,0.040,5,4162.416,1337.225
28.450,144.789,0.040,5,4162.669,1337.872
28.460,144.798,0.040,5,4162.921,1338.519
28.470,144.806,0.040,5,4163.174,1339.166
28.480,144.815,0.040,5,4163.427,1339.814
28.490,144.824,0.040,5,4163.679,1340.461
28.500,144.833,0.040,5,4163.931,1341.109
28.510,144.842,0.040,5,4164.184,1341.756
28.520,144.850,0.040,5,4164.436,1342.404
28.530,144.859,0.040,5,4164.688,1343.051
28.540,144.868,0.040,5,4164.940,1343.699
28.550,144.877,0.040,5,4165.192,1344.346
28.560,144.885,0.040,5,4165.443,1344.994
28.570,144.894,0.040,5,4165.695,1345.642
28.580,144.903,0.040,5,4165.946,1346.290
28.590,144.912,0.040,5,4166.198,1346.937
28.600,144.920,0.040,5,4166.449,1347.585
28.610,144.929,0.040,5,4166.700,1348.233
28.620,144.938,0.040,5,4166.952,1348.881
28.630,144.947,0.040,5,4167.203,1349.529
28.640,144.955,0.040,5,4167.454,1350.177
28.650,144.964,0.040,5,4167.705,1350.825
28.660,144.973,0.040,5,4167.955,1351.473
28.670,144.981,0.040,5,4168.206,1352.121
28.680,144.990,0.040,5,4168.457,1352.769
28.690,144.999,0.040,5,4168.707,1353.417
28.700,145.008,0.040,5,4168.957,1354.066
28.710,145.016,0.040,5,4169.208,1354.714
28.720,145.025,0.040,5,4169.458,1355.362
28.730,145.034,0.040,5,4169.708,1356.011
28.740,145.042,0.040,5,4169.958,1356.659
28.750,145.051,0.040,5,4170.208,1357.307
28.760,145.060,0.040,5,4170.458,1357.956
28.770,145.068,0.040,5,4170.708,1358.604
28.780,145.077,0.040,5,4170.957,1359.253
28.790,145.086,0.040,5,4171.207,1359.901
28.800,145.094,0.040,5,4171.456,1360.550
28.810,145.103,0.040,5,4171.705,1361.199
28.820,145.112,0.039,5,4171.955,1361.847
28.830,145.121,0.039,5,4172.204,1362.496
28.840,145.129,0.039,5,4172.453,1363.145
28.850,145.138,0.039,5,4172.702,1363.794
28.860,145.146,0.039,5,4172.951,1364.443
28.870,145.155,0.039,5,4173.199,1365.091
28.880,145.164,0.039,5,4173.448,1365.740
28.890,145.172,0.039,5,4173.697,1366.389
28.900,145.181,0.039,5,4173.945,1367.038
28.910,145.190,0.039,5,4174.193,1367.687
28.920,145.198,0.039,5,4174.442,1368.336
28.930,145.207,0.039,5,4174.690,1368.985
28.940,145.216,0.039,5,4174.938,1369.635
28.950,145.224,0.039,5,4175.186,1370.284
28.960,145.233,0.039,5,4175.434,1370.933
28.970,145.241,0.039,5,4175.682,1371.582
28.980,145.250,0.039,5,4175.929,1372.232
28.990,145.259,0.039,5,4176.177,1372.881
29.000,145.267,0.039,5,4176.425,1373.530
29.010,145.276,0.039,5,4176.672,1374.180
29.020,145.285,0.039,5,4176.919,1374.829
29.030,145.293,0.039,5,4177.167,1375.479
29.040,145.302,0.039,5,4177.414,1376.128
29.050,145.310,0.039,5,4177.661,1376.778
29.060,145.319,0.039,5,4177.908,1377.427
29.070,145.327,0.039,5,4178.155,1378.077
29.080,145.336,0.039,5,4178.401,1378.727
29.090,145.345,0.039,5,4178.648,1379.377
29.100,145.353,0.039,5,4178.895,1380.026
29.110,145.362,0.039,5,4179.141,1380.676
29.120,145.370,0.039,5,4179.387,1381.326
29.130,145.379,0.039,5,4179.634,1381.976
29.140,145.387,0.039,5,4179.880,1382.626
29.150,145.396,0.039,5,4180.126,1383.276
29.160,145.405,0.039,5,4180.372,1383.926
29.170,145.413,0.039,5,4180.618,1384.576
29.180,145.422,0.039,5,4180.864,1385.226
29.190,145.430,0.039,5,4181.109,1385.876
29.200,145.439,0.039,5,4181.355,1386.526
29.210,145.447,0.039,5,4181.600,1387.176
29.220,145.456,0.039,5,4181.846,1387.826
29.230,145.464,0.039,5,4182.091,1388.477
29.240,145.473,0.039,5,4182.336,1389.127
29.250,145.481,0.039,5,4182.582,1389.777
29.260,145.490,0.039,5,4182.827,1390.428
29.270,145.499,0.039,5,4183.072,1391.078
29.280,145.507,0.039,5,4183.317,1391.729
29.290,145.516,0.039,5,4183.561,1392.379
29.300,145.524,0.039,5,4183.806,1393.030
29.310,145.533,0.039,5,4184.051,1393.680
29.320,145.541,0.039,5,4184.295,1394.331
29.330,145.550,0.039,5,4184.539,1394.981
29.340,145.558,0.039,5,4184.784,1395.632
29.350,145.567,0.039,5,4185.028,1396.283
29.360,145.575,0.039,5,4185.272,1396.934
29.370,145.584,0.039,5,4185.516,1397.584
29.380,145.592,0.039,5,4185.760,1398.235
29.390,145.601,0.039,5,4186.004,1398.886
29.400,145.609,0.039,5,4186.248,1399.537
29.410,145.617,0.039,5,4186.491,1400.188
29.420,145.626,0.039,5,4186.735,1400.839
29.430,145.634,0.039,5,4186.978,1401.490
29.440,145.643,0.039,5,4187.221,1402.141
29.450,145.651,0.039,5,4187.465,1402.792
29.460,145.660,0.039,5,4187.708,1403.443
29.470,145.668,0.039,5,4187.951,1404.094
29.480,145.677,0.038,5,4188.194,1404.746
29.490,145.685,0.038,5,4188.437,1405.397
29.500,145.694,0.038,5,4188.680,1406.048
29.510,145.702,0.038,5,4188.922,1406.700
29.520,145.710,0.038,5,4189.165,1407.351
29.530,145.719,0.038,5,4189.407,1408.002
29.540,145.727,0.038,5,4189.650,1408.654
29.550,145.736,0.038,5,4189.892,1409.305
29.560,145.744,0.038,5,4190.134,1409.957
29.570,145.753,0.038,5,4190.377,1410.608
29.580,145.761,0.038,5,4190.619,1411.260
29.590,145.769,0.038,5,4190.861,1411.912
29.600,145.778,0.038,5,4191.102,1412.563
29.610,145.786,0.038,5,4191.344,1413.215
29.620,145.795,0.038,5,4191.586,1413.867
29.630,145.803,0.038,5,4191.827,1414.518
29.640,145.811,0.038,5,4192.069,1415.170
29.650,145.820,0.038,5,4192.310,1415.822
29.660,145.828,0.038,5,4192.552,1416.474
29.670,145.837,0.038,5,4192.793,1417.126
29.680,145.845,0.038,5,4193.034,1417.778
29.690,145.853,0.038,5,4193.275,1418.430
29.700,145.862,0.038,5,4193.516,1419.082
29.710,145.870,0.038,5,4193.757,1419.734
29.720,145.879,0.038,5,4193.997,1420.386
29.730,145.887,0.038,5,4194.238,1421.038
29.740,145.895,0.038,5,4194.479,1421.690
29.750,145.904,0.038,5,4194.719,1422.343
29.760,145.912,0.038,5,4194.959,1422.995
29.770,145.920,0.038,5,4195.200,1423.647
29.780,145.929,0.038,5,4195.440,1424.300
29.790,145.937,0.038,5,4195.680,1424.952
29.800,145.945,0.038,5,4195.920,1425.604
29.810,145.954,0.038,5,4196.160,1426.257
29.820,145.962,0.038,5,4196.400,1426.909
29.830,145.970,0.038,5,4196.639,1427.562
29.840,145.979,0.038,5,4196.879,1428.214
29.850,145.987,0.038,5,4197.119,1428.867
29.860,145.995,0.038,5,4197.358,1429.520
29.870,146.004,0.038,5,4197.597,1430.172
29.880,146.012,0.038,5,4197.837,1430.825
29.890,146.020,0.038,5,4198.076,1431.478
29.900,146.029,0.038,5,4198.315,1432.131
29.910,146.037,0.038,5,4198.554,1432.783
29.920,146.045,0.038,5,4198.793,1433.436
29.930,146.054,0.038,5,4199.031,1434.089
29.940,146.062,0.038,5,4199.270,1434.742
29.950,146.070,0.038,5,4199.509,1435.395
29.960,146.079,0.038,5,4199.747,1436.048
29.970,146.087,0.038,5,4199.986,1436.701
29.980,146.095,0.038,5,4200.224,1437.354
29.990,146.103,0.038,5,4200.462,1438.007
30.000,146.112,0.038,5,4200.700,1438.661
30.010,146.120,0.038,5,4200.938,1439.314
30.020,146.128,0.038,5,4201.176,1439.967
30.030,146.137,0.038,5,4201.414,1440.620
30.040,146.145,0.038,5,4201.652,1441.274
30.050,146.153,0.038,5,4201.890,1441.927
30.060,146.161,0.038,5,4202.127,1442.580
30.070,146.170,0.038,5,4202.365,1443.234
30.080,146.178,0.038,5,4202.602,1443.887
30.090,146.186,0.038,5,4202.840,1444.541
30.100,146.194,0.038,5,4203.077,1445.194
30.110,146.203,0.038,5,4203.314,1445.848
30.120,146.211,0.038,5,4203.551,1446.501
30.130,146.219,0.038,5,4203.788,1447.155
30.140,146.227,0.038,5,4204.025,1447.809
30.150,146.236,0.038,5,4204.262,1448.462
30.160,146.244,0.037,5,4204.498,1449.116
30.170,146.252,0.037,5,4204.735,1449.770
30.180,146.260,0.037,5,4204.971,1450.424
30.190,146.268,0.037,5,4205.208,1451.078
30.200,146.277,0.037,5,4205.444,1451.731
30.210,146.285,0.037,5,4205.680,1452.385
30.220,146.293,0.037,5,4205.916,1453.039
30.230,146.301,0.037,5,4206.152,1453.693
30.240,146.310,0.037,5,4206.388,1454.347
30.250,146.318,0.037,5,4206.624,1455.001
30.260,146.326,0.037,5,4206.860,1455.656
30.270,146.334,0.037,5,4207.096,1456.310
30.280,146.342,0.037,5,4207.331,1456.964
30.290,146.351,0.037,5,4207.567,1457.618
30.300,146.359,0.037,5,4207.802,1458.272
30.310,146.367,0.037,5,4208.037,1458.927
30.320,146.375,0.037,5,4208.273,1459.581
30.330,146.383,0.037,5,4208.508,1460.235
30.340,146.391,0.037,5,4208.743,1460.890
30.350,146.400,0.037,5,4208.978,1461.544
30.360,146.408,0.037,5,4209.212,1462.199
30.370,146.416,0.037,5,4209.447,1462.853
30.380,146.424,0.037,5,4209.682,1463.508
30.390,146.432,0.037,5,4209.916,1464.162
30.400,146.440,0.037,5,4210.151,1464.817
30.410,146.449,0.037,5,4210.385,1465.472
30.420,146.457,0.037,5,4210.620,1466.126
30.430,146.465,0.037,5,4210.854,1466.781
30.440,146.473,0.037,5,4211.088,1467.436
30.450,146.481,0.037,5,4211.322,1468.091
30.460,146.489,0.037,5,4211.556,1468.746
30.470,146.497,0.037,5,4211.790,1469.400
30.480,146.506,0.037,5,4212.024,1470.055
30.490,146.514,0.037,5,4212.257,1470.710
30.500,146.522,0.037,5,4212.491,1471.365
30.510,146.530,0.037,5,4212.724,1472.020
30.520,146.538,0.037,5,4212.958,1472.675
30.530,146.546,0.037,5,4213.191,1473.331
30.540,146.554,0.037,5,4213.424,1473.986
30.550,146.562,0.037,5,4213.657,1474.641
30.560,146.570,0.037,5,4213.890,1475.296
30.570,146.579,0.037,5,4214.123,1475.951
30.580,146.587,0.037,5,4214.356,1476.607
30.590,146.595,0.037,5,4214.589,1477.262
30.600,146.603,0.037,5,4214.821,1477.917
30.610,146.611,0.037,5,4215.054,1478.573
30.620,146.619,0.037,5,4215.287,1479.228
30.630,146.627,0.037,5,4215.519,1479.884
30.640,146.635,0.037,5,4215.751,1480.539
30.650,146.643,0.037,5,4215.983,1481.195
30.660,146.651,0.037,5,4216.216,1481.850
30.670,146.659,0.037,5,4216.448,1482.506
30.680,146.667,0.037,5,4216.680,1483.161
30.690,146.676,0.037,5,4216.911,1483.817
30.700,146.684,0.037,5,4217.143,1484.473
30.710,146.692,0.037,5,4217.375,1485.129
30.720,146.700,0.037,5,4217.606,1485.784
30.730,146.708,0.037,5,4217.838,1486.440
30.740,146.716,0.037,5,4218.069,1487.096
30.750,146.724,0.037,5,4218.301,1487.752
30.760,146.732,0.037,5,4218.532,1488.408
30.770,146.740,0.037,5,4218.763,1489.064
30.780,146.748,0.037,5,4218.994,1489.720
30.790,146.756,0.037,5,4219.225,1490.376
30.800,146.764,0.037,5,4219.456,1491.032
30.810,146.772,0.037,5,4219.687,1491.688
30.820,146.780,0.037,5,4219.917,1492.344
30.830,146.788,0.037,5,4220.148,1493.000
30.840,146.796,0.037,5,4220.378,1493.657
30.850,146.804,0.037,5,4220.609,1494.313
30.860,146.812,0.036,5,4220.839,1494.969
30.870,146.820,0.036,5,4221.069,1495.625
30.880,146.828,0.036,5,4221.300,1496.282
30.890,146.836,0.036,5,4221.530,1496.938
30.900,146.844,0.036,5,4221.760,1497.595
30.910,146.852,0.036,5,4221.990,1498.251
30.920,146.860,0.036,5,4222.219,1498.908
30.930,146.868,0.036,5,4222.449,1499.564
30.940,146.876,0.036,5,4222.679,1500.221
30.950,146.884,0.036,5,4222.908,1500.877
30.960,146.892,0.036,5,4223.138,1501.534
30.970,146.900,0.036,5,4223.367,1502.191
30.980,146.908,0.036,5,4223.596,1502.847
30.990,146.916,0.036,5,4223.825,1503.504
31.000,146.924,0.036,5,4224.054,1504.161
31.010,146.932,0.036,5,4224.283,1504.818
31.020,146.940,0.036,5,4224.512,1505.475
31.030,146.948,0.036,5,4224.741,1506.131
31.040,146.956,0.036,5,4224.970,1506.788
31.050,146.964,0.036,5,4225.198,1507.445
31.060,146.972,0.036,5,4225.427,1508.102
31.070,146.980,0.036,5,4225.655,1508.759
31.080,146.988,0.036,5,4225.884,1509.417
31.090,146.996,0.036,5,4226.112,1510.074
31.100,147.004,0.036,5,4226.340,1510.731
31.110,147.011,0.036,5,4226.568,1511.388
31.120,147.019,0.036,5,4226.796,1512.045
31.130,147.027,0.036,5,4227.024,1512.702
31.140,147.035,0.036,5,4227.252,1513.360
31.150,147.043,0.036,5,4227.480,1514.017
31.160,147.051,0.036,5,4227.708,1514.674
31.170,147.059,0.036,5,4227.935,1515.332
31.180,147.067,0.036,5,4228.163,1515.989
31.190,147.075,0.036,5,4228.390,1516.647
31.200,147.083,0.036,5,4228.617,1517.304
31.210,147.091,0.036,5,4228.844,1517.962
31.220,147.099,0.036,5,4229.072,1518.619
31.230,147.106,0.036,5,4229.299,1519.277
31.240,147.114,0.036,5,4229.526,1519.935
31.250,147.122,0.036,5,4229.752,1520.592
31.260,147.130,0.036,5,4229.979,1521.250
31.270,147.138,0.036,5,4230.206,1521.908
31.280,147.146,0.036,5,4230.432,1522.565
31.290,147.154,0.036,5,4230.659,1523.223
31.300,147.162,0.036,5,4230.885,1523.881
31.310,147.169,0.036,5,4231.112,1524.539
31.320,147.177,0.036,5,4231.338,1525.197
31.330,147.185,0.036,5,4231.564,1525.855
31.340,147.193,0.036,5,4231.790,1526.513
31.350,147.201,0.036,5,4232.016,1527.171
31.360,147.209,0.036,5,4232.242,1527.829
31.370,147.217,0.036,5,4232.468,1528.487
31.380,147.224,0.036,5,4232.693,1529.145
31.390,147.232,0.036,5,4232.919,1529.803
31.400,147.240,0.036,5,4233.145,1530.462
31.410,147.248,0.036,5,4233.370,1531.120
31.420,147.256,0.036,5,4233.595,1531.778
31.430,147.264,0.036,5,4233.821,1532.436
31.440,147.272,0.036,5,4234.046,1533.095
31.450,147.279,0.036,5,4234.271,1533.753
31.460,147.287,0.036,5,4234.496,1534.412
31.470,147.295,0.036,5,4234.721,1535.070
31.480,147.303,0.036,5,4234.946,1535.728
31.490,147.311,0.036,5,4235.170,1536.387
31.500,147.318,0.036,5,4235.395,1537.046
31.510,147.326,0.036,5,4235.620,1537.704
31.520,147.334,0.036,5,4235.844,1538.363
31.530,147.342,0.036,5,4236.069,1539.021
31.540,147.350,0.036,5,4236.293,1539.680
31.550,147.357,0.036,5,4236.517,1540.339
31.560,147.365,0.036,5,4236.741,1540.998
31.570,147.373,0.035,5,4236.965,1541.656
31.580,147.381,0.035,5,4237.189,1542.315
31.590,147.389,0.035,5,4237.413,1542.974
31.600,147.396,0.035,5,4237.637,1543.633
31.610,147.404,0.035,5,4237.861,1544.292
31.620,147.412,0.035,5,4238.084,1544.951
31.630,147.420,0.035,5,4238.308,1545.610
31.640,147.428,0.035,5,4238.531,1546.269
31.650,147.435,0.035,5,4238.754,1546.928
31.660,147.443,0.035,5,4238.978,1547.587
31.670,147.451,0.035,5,4239.201,1548.246
31.680,147.459,0.035,5,4239.424,1548.905
31.690,147.466,0.035,5,4239.647,1549.565
31.700,147.474,0.035,5,4239.870,1550.224
31.710,147.482,0.035,5,4240.093,1550.883
31.720,147.490,0.035,5,4240.315,1551.543
31.730,147.497,0.035,5,4240.538,1552.202
31.740,147.505,0.035,5,4240.761,1552.861
31.750,147.513,0.035,5,4240.983,1553.521
31.760,147.521,0.035,5,4241.205,1554.180
31.770,147.528,0.035,5,4241.428,1554.840
31.780,147.536,0.035,5,4241.650,1555.499
31.790,147.544,0.035,5,4241.872,1556.159
31.800,147.551,0.035,5,4242.094,1556.818
31.810,147.559,0.035,5,4242.316,1557.478
31.820,147.567,0.035,5,4242.538,1558.138
31.830,147.575,0.035,5,4242.760,1558.797
31.840,147.582,0.035,5,4242.981,1559.457
31.850,147.590,0.035,5,4243.203,1560.117
31.860,147.598,0.035,5,4243.424,1560.777
31.870,147.605,0.035,5,4243.646,1561.436
31.880,147.613,0.035,5,4243.867,1562.096
31.890,147.621,0.035,5,4244.089,1562.756
31.900,147.629,0.035,5,4244.310,1563.416
31.910,147.636,0.035,5,4244.531,1564.076
31.920,147.644,0.035,5,4244.752,1564.736
31.930,147.652,0.035,5,4244.973,1565.396
31.940,147.659,0.035,5,4245.194,1566.056
31.950,147.667,0.035,5,4245.414,1566.716
31.960,147.675,0.035,5,4245.635,1567.377
31.970,147.682,0.035,5,4245.855,1568.037
31.980,147.690,0.035,5,4246.076,1568.697
31.990,147.698,0.035,5,4246.296,1569.357
32.000,147.705,0.035,5,4246.517,1570.017
32.010,147.713,0.035,5,4246.737,1570.678
32.020,147.721,0.035,5,4246.957,1571.338
32.030,147.728,0.035,5,4247.177,1571.999
32.040,147.736,0.035,5,4247.397,1572.659
32.050,147.744,0.035,5,4247.617,1573.319
32.060,147.751,0.035,5,4247.837,1573.980
32.070,147.759,0.035,5,4248.056,1574.640
32.080,147.767,0.035,5,4248.276,1575.301
32.090,147.774,0.035,5,4248.496,1575.962
32.100,147.782,0.035,5,4248.715,1576.622
32.110,147.789,0.035,5,4248.934,1577.283
32.120,147.797,0.035,5,4249.154,1577.944
32.130,147.805,0.035,5,4249.373,1578.604
32.140,147.812,0.035,5,4249.592,1579.265
32.150,147.820,0.035,5,4249.811,1579.926
32.160,147.828,0.035,5,4250.030,1580.587
32.170,147.835,0.035,5,4250.249,1581.248
32.180,147.843,0.035,5,4250.467,1581.908
32.190,147.850,0.035,5,4250.686,1582.569
32.200,147.858,0.035,5,4250.905,1583.230
32.210,147.866,0.035,5,4251.123,1583.891
32.220,147.873,0.035,5,4251.342,1584.552
32.230,147.881,0.035,5,4251.560,1585.213
32.240,147.888,0.035,5,4251.778,1585.875
32.250,147.896,0.035,5,4251.996,1586.536
32.260,147.903,0.035,5,4252.214,1587.197
32.270,147.911,0.035,5,4252.432,1587.858
32.280,147.919,0.035,5,4252.650,1588.519
32.290,147.926,0.035,5,4252.868,1589.181
32.300,147.934,0.034,5,4253.086,1589.842
32.310,147.941,0.034,5,4253.304,1590.503
32.320,147.949,0.034,5,4253.521,1591.165
32.330,147.957,0.034,5,4253.739,1591.826
32.340,147.964,0.034,5,4253.956,1592.487
32.350,147.972,0.034,5,4254.173,1593.149
32.360,147.979,0.034,5,4254.390,1593.810
32.370,147.987,0.034,5,4254.608,1594.472
32.380,147.994,0.034,5,4254.825,1595.134
32.390,148.002,0.034,5,4255.042,1595.795
32.400,148.009,0.034,5,4255.258,1596.457
32.410,148.017,0.034,5,4255.475,1597.118
32.420,148.024,0.034,5,4255.692,1597.780
32.430,148.032,0.034,5,4255.909,1598.442
32.440,148.040,0.034,5,4256.125,1599.104
32.450,148.047,0.034,5,4256.342,1599.765
32.460,148.055,0.034,5,4256.558,1600.427
32.470,148.062,0.034,5,4256.774,1601.089
32.480,148.070,0.034,5,4256.990,1601.751
32.490,148.077,0.034,5,4257.207,1602.413
32.500,148.085,0.034,5,4257.423,1603.075
32.510,148.092,0.034,5,4257.639,1603.737
32.520,148.100,0.034,5,4257.854,1604.399
32.530,148.107,0.034,5,4258.070,1605.061
32.540,148.115,0.034,5,4258.286,1605.723
32.550,148.122,0.034,5,4258.502,1606.385
32.560,148.130,0.034,5,4258.717,1607.048
32.570,148.137,0.034,5,4258.932,1607.710
32.580,148.145,0.034,5,4259.148,1608.372
32.590,148.152,0.034,5,4259.363,1609.034
32.600,148.160,0.034,5,4259.578,1609.697
32.610,148.167,0.034,5,4259.793,1610.359
32.620,148.175,0.034,5,4260.008,1611.021
32.630,148.182,0.034,5,4260.223,1611.684
32.640,148.190,0.034,5,4260.438,1612.346
32.650,148.197,0.034,5,4260.653,1613.009
32.660,148.204,0.034,5,4260.868,1613.671
32.670,148.212,0.034,5,4261.082,1614.334
32.680,148.219,0.034,5,4261.297,1614.996
32.690,148.227,0.034,5,4261.511,1615.659
32.700,148.234,0.034,5,4261.725,1616.322
32.710,148.242,0.034,5,4261.940,1616.984
32.720,148.249,0.034,5,4262.154,1617.647
32.730,148.257,0.034,5,4262.368,1618.310
32.740,148.264,0.034,5,4262.582,1618.973
32.750,148.272,0.034,5,4262.796,1619.635
32.760,148.279,0.034,5,4263.010,1620.298
32.770,148.286,0.034,5,4263.224,1620.961
32.780,148.294,0.034,5,4263.437,1621.624
32.790,148.301,0.034,5,4263.651,1622.287
32.800,148.309,0.034,5,4263.864,1622.950
32.810,148.316,0.034,5,4264.078,1623.613
32.820,148.324,0.034,5,4264.291,1624.276
32.830,148.331,0.034,5,4264.504,1624.939
32.840,148.338,0.034,5,4264.717,1625.602
32.850,148.346,0.034,5,4264.931,1626.265
32.860,148.353,0.034,5,4265.144,1626.929
32.870,148.361,0.034,5,4265.356,1627.592
32.880,148.368,0.034,5,4265.569,1628.255
32.890,148.375,0.034,5,4265.782,1628.918
32.900,148.383,0.034,5,4265.995,1629.582
32.910,148.390,0.034,5,4266.207,1630.245
32.920,148.398,0.034,5,4266.420,1630.908
32.930,148.405,0.034,5,4266.632,1631.572
32.940,148.412,0.034,5,4266.845,1632.235
32.950,148.420,0.034,5,4267.057,1632.899
32.960,148.427,0.034,5,4267.269,1633.562
32.970,148.435,0.034,5,4267.481,1634.226
32.980,148.442,0.034,5,4267.693,1634.889
32.990,148.449,0.034,5,4267.905,1635.553
33.000,148.457,0.034,5,4268.117,1636.217
33.010,148.464,0.034,5,4268.328,1636.880
33.020,148.471,0.034,5,4268.540,1637.544
33.030,148.479,0.034,5,4268.752,1638.208
33.040,148.486,0.034,5,4268.963,1638.871
33.050,148.493,0.033,5,4269.175,1639.535
33.060,148.501,0.033,5,4269.386,1640.199
33.070,148.508,0.033,5,4269.597,1640.863
33.080,148.515,0.033,5,4269.808,1641.527
33.090,148.523,0.033,5,4270.019,1642.191
33.100,148.530,0.033,5,4270.230,1642.855
33.110,148.537,0.033,5,4270.441,1643.519
33.120,148.545,0.033,5,4270.652,1644.183
33.130,148.552,0.033,5,4270.863,1644.847
33.140,148.559,0.033,5,4271.074,1645.511
33.150,148.567,0.033,5,4271.284,1646.175
33.160,148.574,0.033,5,4271.495,1646.839
33.170,148.581,0.033,5,4271.705,1647.504
33.180,148.589,0.033,5,4271.915,1648.168
33.190,148.596,0.033,5,4272.126,1648.832
33.200,148.603,0.033,5,4272.336,1649.496
33.210,148.611,0.033,5,4272.546,1650.161
33.220,148.618,0.033,5,4272.756,1650.825
33.230,148.625,0.033,5,4272.966,1651.489
33.240,148.633,0.033,5,4273.176,1652.154
33.250,148.640,0.033,5,4273.385,1652.818
33.260,148.647,0.033,5,4273.595,1653.483
33.270,148.654,0.033,5,4273.805,1654.147
33.280,148.662,0.033,5,4274.014,1654.812
33.290,148.669,0.033,5,4274.224,1655.476
33.300,148.676,0.033,5,4274.433,1656.141
33.310,148.684,0.033,5,4274.642,1656.806
33.320,148.691,0.033,5,4274.851,1657.470
33.330,148.698,0.033,5,4275.061,1658.135
33.340,148.705,0.033,5,4275.270,1658.800
33.350,148.713,0.033,5,4275.478,1659.465
33.360,148.720,0.033,5,4275.687,1660.130
33.370,148.727,0.033,5,4275.896,1660.794
33.380,148.734,0.033,5,4276.105,1661.459
33.390,148.742,0.033,5,4276.313,1662.124
33.400,148.749,0.033,5,4276.522,1662.789
33.410,148.756,0.033,5,4276.730,1663.454
33.420,148.763,0.033,5,4276.939,1664.119
33.430,148.771,0.033,5,4277.147,1664.784
33.440,148.778,0.033,5,4277.355,1665.449
33.450,148.785,0.033,5,4277.563,1666.114
33.460,148.792,0.033,5,4277.771,1666.780
33.470,148.800,0.033,5,4277.979,1667.445
33.480,148.807,0.033,5,4278.187,1668.110
33.490,148.814,0.033,5,4278.395,1668.775
33.500,148.821,0.033,5,4278.603,1669.440
33.510,148.829,0.033,5,4278.810,1670.106
33.520,148.836,0.033,5,4279.018,1670.771
33.530,148.843,0.033,5,4279.225,1671.436
33.540,148.850,0.033,5,4279.433,1672.102
33.550,148.857,0.033,5,4279.640,1672.767
33.560,148.865,0.033,5,4279.847,1673.433
33.570,148.872,0.033,5,4280.054,1674.098
33.580,148.879,0.033,5,4280.261,1674.764
33.590,148.886,0.033,5,4280.468,1675.429
33.600,148.893,0.033,5,4280.675,1676.095
33.610,148.901,0.033,5,4280.882,1676.761
33.620,148.908,0.033,5,4281.089,1677.426
33.630,148.915,0.033,5,4281.295,1678.092
33.640,148.922,0.033,5,4281.502,1678.758
33.650,148.929,0.033,5,4281.708,1679.423
33.660,148.937,0.033,5,4281.915,1680.089
33.670,148.944,0.033,5,4282.121,1680.755
33.680,148.951,0.033,5,4282.327,1681.421
33.690,148.958,0.033,5,4282.533,1682.087
33.700,148.965,0.033,5,4282.739,1682.753
33.710,148.972,0.033,5,4282.945,1683.419
33.720,148.980,0.033,5,4283.151,1684.085
33.730,148.987,0.033,5,4283.357,1684.751
33.740,148.994,0.033,5,4283.563,1685.417
33.750,149.001,0.033,5,4283.768,1686.083
33.760,149.008,0.033,5,4283.974,1686.749
33.770,149.015,0.033,5,4284.180,1687.415
33.780,149.022,0.033,5,4284.385,1688.081
33.790,149.030,0.033,5,4284.590,1688.747
33.800,149.037,0.033,5,4284.796,1689.414
33.810,149.044,0.033,5,4285.001,1690.080
33.820,149.051,0.032,5,4285.206,1690.746
33.830,149.058,0.032,5,4285.411,1691.413
33.840,149.065,0.032,5,4285.616,1692.079
33.850,149.072,0.032,5,4285.821,1692.745
33.860,149.080,0.032,5,4286.025,1693.412
33.870,149.087,0.032,5,4286.230,1694.078
33.880,149.094,0.032,5,4286.435,1694.745
33.890,149.101,0.032,5,4286.639,1695.411
33.900,149.108,0.032,5,4286.844,1696.078
33.910,149.115,0.032,5,4287.048,1696.744
33.920,149.122,0.032,5,4287.252,1697.411
33.930,149.129,0.032,5,4287.456,1698.078
33.940,149.136,0.032,5,4287.661,1698.744
33.950,149.144,0.032,5,4287.865,1699.411
33.960,149.151,0.032,5,4288.069,1700.078
33.970,149.158,0.032,5,4288.272,1700.745
33.980,149.165,0.032,5,4288.476,1701.411
33.990,149.172,0.032,5,4288.680,1702.078
34.000,149.179,0.032,5,4288.884,1702.745
34.010,149.186,0.032,5,4289.087,1703.412
34.020,149.193,0.032,5,4289.291,1704.079
34.030,149.200,0.032,5,4289.494,1704.746
34.040,149.207,0.032,5,4289.697,1705.413
34.050,149.214,0.032,5,4289.901,1706.080
34.060,149.221,0.032,5,4290.104,1706.747
34.070,149.228,0.032,5,4290.307,1707.414
34.080,149.236,0.032,5,4290.510,1708.081
34.090,149.243,0.032,5,4290.713,1708.748
34.100,149.250,0.032,5,4290.916,1709.415
34.110,149.257,0.032,5,4291.118,1710.083
34.120,149.264,0.032,5,4291.321,1710.750
34.130,149.271,0.032,5,4291.524,1711.417
34.140,149.278,0.032,5,4291.726,1712.085
34.150,149.285,0.032,5,4291.929,1712.752
34.160,149.292,0.032,5,4292.131,1713.419
34.170,149.299,0.032,5,4292.333,1714.087
34.180,149.306,0.032,5,4292.535,1714.754
34.190,149.313,0.032,5,4292.737,1715.422
34.200,149.320,0.032,5,4292.940,1716.089
34.210,149.327,0.032,5,4293.141,1716.757
34.220,149.334,0.032,5,4293.343,1717.424
34.230,149.341,0.032,5,4293.545,1718.092
34.240,149.348,0.032,5,4293.747,1718.759
34.250,149.355,0.032,5,4293.948,1719.427
34.260,149.362,0.032,5,4294.150,1720.095
34.270,149.369,0.032,5,4294.352,1720.763
34.280,149.376,0.032,5,4294.553,1721.430
34.290,149.383,0.032,5,4294.754,1722.098
34.300,149.390,0.032,5,4294.955,1722.766
34.310,149.397,0.032,5,4295.157,1723.434
34.320,149.404,0.032,5,4295.358,1724.102
34.330,149.411,0.032,5,4295.559,1724.770
34.340,149.418,0.032,5,4295.760,1725.437
34.350,149.425,0.032,5,4295.960,1726.105
34.360,149.432,0.032,5,4296.161,1726.773
34.370,149.439,0.032,5,4296.362,1727.441
34.380,149.446,0.032,5,4296.562,1728.110
34.390,149.453,0.032,5,4296.763,1728.778
34.400,149.460,0.032,5,4296.963,1729.446
34.410,149.467,0.032,5,4297.164,1730.114
34.420,149.474,0.032,5,4297.364,1730.782
34.430,149.481,0.032,5,4297.564,1731.450
34.440,149.488,0.032,5,4297.764,1732.119
34.450,149.495,0.032,5,4297.964,1732.787
34.460,149.502,0.032,5,4298.164,1733.455
34.470,149.509,0.032,5,4298.364,1734.124
34.480,149.516,0.032,5,4298.564,1734.792
34.490,149.523,0.032,5,4298.764,1735.460
34.500,149.530,0.032,5,4298.964,1736.129
34.510,149.536,0.032,5,4299.163,1736.797
34.520,149.543,0.032,5,4299.363,1737.466
34.530,149.550,0.032,5,4299.562,1738.134
34.540,149.557,0.032,5,4299.761,1738.803
34.550,149.564,0.032,5,4299.961,1739.471
34.560,149.571,0.032,5,4300.160,1740.140
34.570,149.578,0.032,5,4300.359,1740.809
34.580,149.585,0.032,5,4300.558,1741.477
34.590,149.592,0.032,5,4300.757,1742.146
34.600,149.599,0.032,5,4300.956,1742.815
34.610,149.606,0.031,5,4301.154,1743.484
34.620,149.613,0.031,5,4301.353,1744.152
34.630,149.620,0.031,5,4301.552,1744.821
34.640,149.626,0.031,5,4301.750,1745.490
34.650,149.633,0.031,5,4301.949,1746.159
34.660,149.640,0.031,5,4302.147,1746.828
34.670,149.647,0.031,5,4302.345,1747.497
34.680,149.654,0.031,5,4302.544,1748.166
34.690,149.661,0.031,5,4302.742,1748.835
34.700,149.668,0.031,5,4302.940,1749.504
34.710,149.675,0.031,5,4303.138,1750.173
34.720,149.682,0.031,5,4303.336,1750.842
34.730,149.689,0.031,5,4303.534,1751.511
34.740,149.695,0.031,5,4303.731,1752.181
34.750,149.702,0.031,5,4303.929,1752.850
34.760,149.709,0.031,5,4304.127,1753.519
34.770,149.716,0.031,5,4304.324,1754.188
34.780,149.723,0.031,5,4304.522,1754.858
34.790,149.730,0.031,5,4304.719,1755.527
34.800,149.737,0.031,5,4304.916,1756.196
34.810,149.743,0.031,5,4305.114,1756.866
34.820,149.750,0.031,5,4305.311,1757.535
34.830,149.757,0.031,5,4305.508,1758.205
34.840,149.764,0.031,5,4305.705,1758.874
34.850,149.771,0.031,5,4305.902,1759.544
34.860,149.778,0.031,5,4306.098,1760.213
34.870,149.785,0.031,5,4306.295,1760.883
34.880,149.791,0.031,5,4306.492,1761.552
34.890,149.798,0.031,5,4306.688,1762.222
34.900,149.805,0.031,5,4306.885,1762.892
34.910,149.812,0.031,5,4307.081,1763.561
34.920,149.819,0.031,5,4307.278,1764.231
34.930,149.826,0.031,5,4307.474,1764.901
34.940,149.832,0.031,5,4307.670,1765.571
34.950,149.839,0.031,5,4307.866,1766.241
34.960,149.846,0.031,5,4308.062,1766.910
34.970,149.853,0.031,5,4308.258,1767.580
34.980,149.860,0.031,5,4308.454,1768.250
34.990,149.866,0.031,5,4308.650,1768.920
35.000,149.873,0.031,5,4308.846,1769.590
35.010,149.880,0.031,5,4309.041,1770.260
35.020,149.887,0.031,5,4309.237,1770.930
35.030,149.894,0.031,5,4309.432,1771.600
35.040,149.900,0.031,5,4309.628,1772.270
35.050,149.907,0.031,5,4309.823,1772.940
35.060,149.914,0.031,5,4310.018,1773.611
35.070,149.921,0.031,5,4310.214,1774.281
35.080,149.928,0.031,5,4310.409,1774.951
35.090,149.934,0.031,5,4310.604,1775.621
35.100,149.941,0.031,5,4310.799,1776.292
35.110,149.948,0.031,5,4310.994,1776.962
35.120,149.955,0.031,5,4311.188,1777.632
35.130,149.962,0.031,5,4311.383,1778.303
35.140,149.968,0.031,5,4311.578,1778.973
35.150,149.975,0.031,5,4311.772,1779.643
35.160,149.982,0.031,5,4311.967,1780.314
35.170,149.989,0.031,5,4312.161,1780.984
35.180,149.995,0.031,5,4312.355,1781.655
35.190,150.002,0.031,5,4312.550,1782.325
35.200,150.009,0.031,5,4312.744,1782.996
35.210,150.016,0.031,5,4312.938,1783.667
35.220,150.022,0.031,5,4313.132,1784.337
35.230,150.029,0.031,5,4313.326,1785.008
35.240,150.036,0.031,5,4313.520,1785.679
35.250,150.043,0.031,5,4313.714,1786.349
35.260,150.049,0.031,5,4313.907,1787.020
35.270,150.056,0.031,5,4314.101,1787.691
35.280,150.063,0.031,5,4314.295,1788.362
35.290,150.070,0.031,5,4314.488,1789.033
35.300,150.076,0.031,5,4314.681,1789.704
35.310,150.083,0.031,5,4314.875,1790.374
35.320,150.090,0.031,5,4315.068,1791.045
35.330,150.096,0.031,5,4315.261,1791.716
35.340,150.103,0.031,5,4315.454,1792.387
35.350,150.110,0.031,5,4315.647,1793.058
35.360,150.117,0.031,5,4315.840,1793.729
35.370,150.123,0.031,5,4316.033,1794.401
35.380,150.130,0.031,5,4316.226,1795.072
35.390,150.137,0.031,5,4316.419,1795.743
35.400,150.143,0.031,5,4316.611,1796.414
35.410,150.150,0.031,5,4316.804,1797.085
35.420,150.157,0.030,5,4316.996,1797.756
35.430,150.163,0.030,5,4317.189,1798.428
35.440,150.170,0.030,5,4317.381,1799.099
35.450,150.177,0.030,5,4317.573,1799.770
35.460,150.184,0.030,5,4317.766,1800.442
35.470,150.190,0.030,5,4317.958,1801.113
35.480,150.197,0.030,5,4318.150,1801.785
35.490,150.204,0.030,5,4318.342,1802.456
35.500,150.210,0.030,5,4318.533,1803.128
35.510,150.217,0.030,5,4318.725,1803.799
35.520,150.224,0.030,5,4318.917,1804.471
35.530,150.230,0.030,5,4319.109,1805.142
35.540,150.237,0.030,5,4319.300,1805.814
35.550,150.244,0.030,5,4319.492,1806.485
35.560,150.250,0.030,5,4319.683,1807.157
35.570,150.257,0.030,5,4319.874,1807.829
35.580,150.264,0.030,5,4320.066,1808.500
35.590,150.270,0.030,5,4320.257,1809.172
35.600,150.277,0.030,5,4320.448,1809.844
35.610,150.283,0.030,5,4320.639,1810.516
35.620,150.290,0.030,5,4320.830,1811.188
35.630,150.297,0.030,5,4321.021,1811.860
35.640,150.303,0.030,5,4321.212,1812.531
35.650,150.310,0.030,5,4321.402,1813.203
35.660,150.317,0.030,5,4321.593,1813.875
35.670,150.323,0.030,5,4321.784,1814.547
35.680,150.330,0.030,5,4321.974,1815.219
35.690,150.337,0.030,5,4322.165,1815.891
35.700,150.343,0.030,5,4322.355,1816.563
35.710,150.350,0.030,5,4322.545,1817.236
35.720,150.356,0.030,5,4322.735,1817.908
35.730,150.363,0.030,5,4322.926,1818.580
35.740,150.370,0.030,5,4323.116,1819.252
35.750,150.376,0.030,5,4323.306,1819.924
35.760,150.383,0.030,5,4323.496,1820.597
35.770,150.389,0.030,5,4323.685,1821.269
35.780,150.396,0.030,5,4323.875,1821.941
35.790,150.403,0.030,5,4324.065,1822.613
35.800,150.409,0.030,5,4324.254,1823.286
35.810,150.416,0.030,5,4324.444,1823.958
35.820,150.422,0.030,5,4324.633,1824.631
35.830,150.429,0.030,5,4324.823,1825.303
35.840,150.436,0.030,5,4325.012,1825.976
35.850,150.442,0.030,5,4325.201,1826.648
35.860,150.449,0.030,5,4325.390,1827.321
35.870,150.455,0.030,5,4325.579,1827.993
35.880,150.462,0.030,5,4325.768,1828.666
35.890,150.468,0.030,5,4325.957,1829.339
35.900,150.475,0.030,5,4326.146,1830.011
35.910,150.482,0.030,5,4326.335,1830.684
35.920,150.488,0.030,5,4326.524,1831.357
35.930,150.495,0.030,5,4326.712,1832.029
35.940,150.501,0.030,5,4326.901,1832.702
35.950,150.508,0.030,5,4327.089,1833.375
35.960,150.514,0.030,5,4327.278,1834.048
35.970,150.521,0.030,5,4327.466,1834.721
35.980,150.527,0.030,5,4327.654,1835.394
35.990,150.534,0.030,5,4327.842,1836.067
36.000,150.541,0.030,5,4328.030,1836.739
36.010,150.547,0.030,5,4328.218,1837.412
36.020,150.554,0.030,5,4328.406,1838.085
36.030,150.560,0.030,5,4328.594,1838.759
36.040,150.567,0.030,5,4328.782,1839.432
36.050,150.573,0.030,5,4328.970,1840.105
36.060,150.580,0.030,5,4329.157,1840.778
36.070,150.586,0.030,5,4329.345,1841.451
36.080,150.593,0.030,5,4329.532,1842.124
36.090,150.599,0.030,5,4329.720,1842.797
36.100,150.606,0.030,5,4329.907,1843.471
36.110,150.612,0.030,5,4330.094,1844.144
36.120,150.619,0.030,5,4330.282,1844.817
36.130,150.625,0.030,5,4330.469,1845.491
36.140,150.632,0.030,5,4330.656,1846.164
36.150,150.638,0.030,5,4330.843,1846.837
36.160,150.645,0.030,5,4331.030,1847.511
36.170,150.651,0.030,5,4331.217,1848.184
36.180,150.658,0.030,5,4331.403,1848.858
36.190,150.664,0.030,5,4331.590,1849.531
36.200,150.671,0.030,5,4331.777,1850.205
36.210,150.677,0.030,5,4331.963,1850.878
36.220,150.684,0.030,5,4332.149,1851.552
36.230,150.690,0.030,5,4332.336,1852.226
36.240,150.697,0.030,5,4332.522,1852.899
36.250,150.703,0.030,5,4332.708,1853.573
36.260,150.710,0.029,5,4332.895,1854.247
36.270,150.716,0.029,5,4333.081,1854.920
36.280,150.723,0.029,5,4333.267,1855.594
36.290,150.729,0.029,5,4333.453,1856.268
36.300,150.736,0.029,5,4333.638,1856.942
36.310,150.742,0.029,5,4333.824,1857.616
36.320,150.749,0.029,5,4334.010,1858.290
36.330,150.755,0.029,5,4334.195,1858.964
36.340,150.761,0.029,5,4334.381,1859.637
36.350,150.768,0.029,5,4334.567,1860.311
36.360,150.774,0.029,5,4334.752,1860.985
36.370,150.781,0.029,5,4334.937,1861.659
36.380,150.787,0.029,5,4335.123,1862.334
36.390,150.794,0.029,5,4335.308,1863.008
36.400,150.800,0.029,5,4335.493,1863.682
36.410,150.807,0.029,5,4335.678,1864.356
36.420,150.813,0.029,5,4335.863,1865.030
36.430,150.819,0.029,5,4336.048,1865.704
36.440,150.826,0.029,5,4336.233,1866.379
36.450,150.832,0.029,5,4336.417,1867.053
36.460,150.839,0.029,5,4336.602,1867.727
36.470,150.845,0.029,5,4336.787,1868.401
36.480,150.852,0.029,5,4336.971,1869.076
36.490,150.858,0.029,5,4337.155,1869.750
36.500,150.864,0.029,5,4337.340,1870.425
36.510,150.871,0.029,5,4337.524,1871.099
36.520,150.877,0.029,5,4337.708,1871.773
36.530,150.884,0.029,5,4337.893,1872.448
36.540,150.890,0.029,5,4338.077,1873.122
36.550,150.896,0.029,5,4338.261,1873.797
36.560,150.903,0.029,5,4338.445,1874.472
36.570,150.909,0.029,5,4338.628,1875.146
36.580,150.916,0.029,5,4338.812,1875.821
36.590,150.922,0.029,5,4338.996,1876.496
36.600,150.928,0.029,5,4339.180,1877.170
36.610,150.935,0.029,5,4339.363,1877.845
36.620,150.941,0.029,5,4339.547,1878.520
36.630,150.948,0.029,5,4339.730,1879.194
36.640,150.954,0.029,5,4339.913,1879.869
36.650,150.960,0.029,5,4340.097,1880.544
36.660,150.967,0.029,5,4340.280,1881.219
36.670,150.973,0.029,5,4340.463,1881.894
36.680,150.979,0.029,5,4340.646,1882.569
36.690,150.986,0.029,5,4340.829,1883.244
36.700,150.992,0.029,5,4341.012,1883.919
36.710,150.998,0.029,5,4341.195,1884.594
36.720,151.005,0.029,5,4341.377,1885.269
36.730,151.011,0.029,5,4341.560,1885.944
36.740,151.018,0.029,5,4341.743,1886.619
36.750,151.024,0.029,5,4341.925,1887.294
36.760,151.030,0.029,5,4342.108,1887.969
36.770,151.037,0.029,5,4342.290,1888.644
36.780,151.043,0.029,5,4342.472,1889.320
36.790,151.049,0.029,5,4342.655,1889.995
36.800,151.056,0.029,5,4342.837,1890.670
36.810,151.062,0.029,5,4343.019,1891.345
36.820,151.068,0.029,5,4343.201,1892.021
36.830,151.075,0.029,5,4343.383,1892.696
36.840,151.081,0.029,5,4343.565,1893.371
36.850,151.087,0.029,5,4343.747,1894.047
36.860,151.094,0.029,5,4343.928,1894.722
36.870,151.100,0.029,5,4344.110,1895.398
36.880,151.106,0.029,5,4344.292,1896.073
36.890,151.112,0.029,5,4344.473,1896.749
36.900,151.119,0.029,5,4344.655,1897.424
36.910,151.125,0.029,5,4344.836,1898.100
36.920,151.131,0.029,5,4345.017,1898.775
36.930,151.138,0.029,5,4345.198,1899.451
36.940,151.144,0.029,5,4345.380,1900.127
36.950,151.150,0.029,5,4345.561,1900.802
36.960,151.157,0.029,5,4345.742,1901.478
36.970,151.163,0.029,5,4345.923,1902.154
36.980,151.169,0.029,5,4346.104,1902.830
36.990,151.175,0.029,5,4346.284,1903.505
37.000,151.182,0.029,5,4346.465,1904.181
37.010,151.188,0.029,5,4346.646,1904.857
37.020,151.194,0.029,5,4346.826,1905.533
37.030,151.201,0.029,5,4347.007,1906.209
37.040,151.207,0.029,5,4347.187,1906.885
37.050,151.213,0.029,5,4347.368,1907.561
37.060,151.219,0.029,5,4347.548,1908.237
37.070,151.226,0.029,5,4347.728,1908.913
37.080,151.232,0.029,5,4347.908,1909.589
37.090,151.238,0.029,5,4348.088,1910.265
37.100,151.245,0.029,5,4348.268,1910.941
37.110,151.251,0.029,5,4348.448,1911.617
37.120,151.257,0.028,5,4348.628,1912.293
37.130,151.263,0.028,5,4348.808,1912.970
37.140,151.270,0.028,5,4348.988,1913.646
37.150,151.276,0.028,5,4349.167,1914.322
37.160,151.282,0.028,5,4349.347,1914.998
37.170,151.288,0.028,5,4349.526,1915.675
37.180,151.294,0.028,5,4349.706,1916.351
37.190,151.301,0.028,5,4349.885,1917.027
37.200,151.307,0.028,5,4350.064,1917.704
37.210,151.313,0.028,5,4350.243,1918.380
37.220,151.319,0.028,5,4350.423,1919.057
37.230,151.326,0.028,5,4350.602,1919.733
37.240,151.332,0.028,5,4350.781,1920.410
37.250,151.338,0.028,5,4350.960,1921.086
37.260,151.344,0.028,5,4351.138,1921.763
37.270,151.351,0.028,5,4351.317,1922.439
37.280,151.357,0.028,5,4351.496,1923.116
37.290,151.363,0.028,5,4351.675,1923.792
37.300,151.369,0.028,5,4351.853,1924.469
37.310,151.375,0.028,5,4352.032,1925.146
37.320,151.382,0.028,5,4352.210,1925.823
37.330,151.388,0.028,5,4352.388,1926.499
37.340,151.394,0.028,5,4352.567,1927.176
37.350,151.400,0.028,5,4352.745,1927.853
37.360,151.406,0.028,5,4352.923,1928.530
37.370,151.413,0.028,5,4353.101,1929.207
37.380,151.419,0.028,5,4353.279,1929.883
37.390,151.425,0.028,5,4353.457,1930.560
37.400,151.431,0.028,5,4353.635,1931.237
37.410,151.437,0.028,5,4353.812,1931.914
37.420,151.444,0.028,5,4353.990,1932.591
37.430,151.450,0.028,5,4354.168,1933.268
37.440,151.456,0.028,5,4354.345,1933.945
37.450,151.462,0.028,5,4354.523,1934.622
37.460,151.468,0.028,5,4354.700,1935.300
37.470,151.474,0.028,5,4354.878,1935.977
37.480,151.481,0.028,5,4355.055,1936.654
37.490,151.487,0.028,5,4355.232,1937.331
37.500,151.493,0.028,5,4355.409,1938.008
37.510,151.499,0.028,5,4355.586,1938.686
37.520,151.505,0.028,5,4355.763,1939.363
37.530,151.511,0.028,5,4355.940,1940.040
37.540,151.518,0.028,5,4356.117,1940.717
37.550,151.524,0.028,5,4356.294,1941.395
37.560,151.530,0.028,5,4356.471,1942.072
37.570,151.536,0.028,5,4356.647,1942.750
37.580,151.542,0.028,5,4356.824,1943.427
37.590,151.548,0.028,5,4357.000,1944.104
37.600,151.554,0.028,5,4357.177,1944.782
37.610,151.560,0.028,5,4357.353,1945.460
37.620,151.567,0.028,5,4357.529,1946.137
37.630,151.573,0.028,5,4357.705,1946.815
37.640,151.579,0.028,5,4357.882,1947.492
37.650,151.585,0.028,5,4358.058,1948.170
37.660,151.591,0.028,5,4358.234,1948.848
37.670,151.597,0.028,5,4358.410,1949.525
37.680,151.603,0.028,5,4358.585,1950.203
37.690,151.609,0.028,5,4358.761,1950.881
37.700,151.616,0.028,5,4358.937,1951.558
37.710,151.622,0.028,5,4359.113,1952.236
37.720,151.628,0.028,5,4359.288,1952.914
37.730,151.634,0.028,5,4359.464,1953.592
37.740,151.640,0.028,5,4359.639,1954.270
37.750,151.646,0.028,5,4359.814,1954.948
37.760,151.652,0.028,5,4359.990,1955.626
37.770,151.658,0.028,5,4360.165,1956.304
37.780,151.664,0.028,5,4360.340,1956.982
37.790,151.670,0.028,5,4360.515,1957.660
37.800,151.677,0.028,5,4360.690,1958.338
37.810,151.683,0.028,5,4360.865,1959.016
37.820,151.689,0.028,5,4361.040,1959.694
37.830,151.695,0.028,5,4361.215,1960.372
37.840,151.701,0.028,5,4361.390,1961.050
37.850,151.707,0.028,5,4361.564,1961.728
37.860,151.713,0.028,5,4361.739,1962.406
37.870,151.719,0.028,5,4361.913,1963.085
37.880,151.725,0.028,5,4362.088,1963.763
37.890,151.731,0.028,5,4362.262,1964.441
37.900,151.737,0.028,5,4362.436,1965.120
37.910,151.743,0.028,5,4362.611,1965.798
37.920,151.749,0.028,5,4362.785,1966.476
37.930,151.755,0.028,5,4362.959,1967.155
37.940,151.762,0.028,5,4363.133,1967.833
37.950,151.768,0.028,5,4363.307,1968.511
37.960,151.774,0.028,5,4363.481,1969.190
37.970,151.780,0.028,5,4363.655,1969.868
37.980,151.786,0.028,5,4363.828,1970.547
37.990,151.792,0.028,5,4364.002,1971.226
38.000,151.798,0.028,5,4364.176,1971.904
38.010,151.804,0.027,5,4364.349,1972.583
38.020,151.810,0.027,5,4364.523,1973.261
38.030,151.816,0.027,5,4364.696,1973.940
38.040,151.822,0.027,5,4364.869,1974.619
38.050,151.828,0.027,5,4365.043,1975.297
38.060,151.834,0.027,5,4365.216,1975.976
38.070,151.840,0.027,5,4365.389,1976.655
38.080,151.846,0.027,5,4365.562,1977.334
38.090,151.852,0.027,5,4365.735,1978.013
38.100,151.858,0.027,5,4365.908,1978.691
38.110,151.864,0.027,5,4366.081,1979.370
38.120,151.870,0.027,5,4366.254,1980.049
38.130,151.876,0.027,5,4366.426,1980.728
38.140,151.882,0.027,5,4366.599,1981.407
38.150,151.888,0.027,5,4366.771,1982.086
38.160,151.894,0.027,5,4366.944,1982.765
38.170,151.900,0.027,5,4367.116,1983.444
38.180,151.906,0.027,5,4367.289,1984.123
38.190,151.912,0.027,5,4367.461,1984.802
38.200,151.918,0.027,5,4367.633,1985.481
38.210,151.924,0.027,5,4367.805,1986.161
38.220,151.930,0.027,5,4367.977,1986.840
38.230,151.936,0.027,5,4368.149,1987.519
38.240,151.942,0.027,5,4368.321,1988.198
38.250,151.948,0.027,5,4368.493,1988.877
38.260,151.954,0.027,5,4368.665,1989.557
38.270,151.960,0.027,5,4368.837,1990.236
38.280,151.966,0.027,5,4369.008,1990.915
38.290,151.972,0.027,5,4369.180,1991.595
38.300,151.978,0.027,5,4369.352,1992.274
38.310,151.984,0.027,5,4369.523,1992.953
38.320,151.990,0.027,5,4369.694,1993.633
38.330,151.996,0.027,5,4369.866,1994.312
38.340,152.002,0.027,5,4370.037,1994.992
38.350,152.008,0.027,5,4370.208,1995.671
38.360,152.014,0.027,5,4370.379,1996.351
38.370,152.020,0.027,5,4370.550,1997.031
38.380,152.025,0.027,5,4370.721,1997.710
38.390,152.031,0.027,5,4370.892,1998.390
38.400,152.037,0.027,5,4371.063,1999.069
38.410,152.043,0.027,5,4371.234,1999.749
38.420,152.049,0.027,5,4371.405,2000.429
38.430,152.055,0.027,5,4371.575,2001.109
38.440,152.061,0.027,5,4371.746,2001.788
38.450,152.067,0.027,5,4371.916,2002.468
38.460,152.073,0.027,5,4372.087,2003.148
38.470,152.079,0.027,5,4372.257,2003.828
38.480,152.085,0.027,5,4372.427,2004.508
38.490,152.091,0.027,5,4372.597,2005.187
38.500,152.097,0.027,5,4372.768,2005.867
38.510,152.103,0.027,5,4372.938,2006.547
38.520,152.108,0.027,5,4373.108,2007.227
38.530,152.114,0.027,5,4373.278,2007.907
38.540,152.120,0.027,5,4373.448,2008.587
38.550,152.126,0.027,5,4373.617,2009.267
38.560,152.132,0.027,5,4373.787,2009.947
38.570,152.138,0.027,5,4373.957,2010.628
38.580,152.144,0.027,5,4374.126,2011.308
38.590,152.150,0.027,5,4374.296,2011.988
38.600,152.156,0.027,5,4374.465,2012.668
38.610,152.162,0.027,5,4374.635,2013.348
38.620,152.167,0.027,5,4374.804,2014.028
38.630,152.173,0.027,5,4374.973,2014.709
38.640,152.179,0.027,5,4375.143,2015.389
38.650,152.185,0.027,5,4375.312,2016.069
38.660,152.191,0.027,5,4375.481,2016.750
38.670,152.197,0.027,5,4375.650,2017.430
38.680,152.203,0.027,5,4375.819,2018.110
38.690,152.209,0.027,5,4375.987,2018.791
38.700,152.215,0.027,5,4376.156,2019.471
38.710,152.220,0.027,5,4376.325,2020.152
38.720,152.226,0.027,5,4376.494,2020.832
38.730,152.232,0.027,5,4376.662,2021.513
38.740,152.238,0.027,5,4376.831,2022.193
38.750,152.244,0.027,5,4376.999,2022.874
38.760,152.250,0.027,5,4377.168,2023.555
38.770,152.256,0.027,5,4377.336,2024.235
38.780,152.261,0.027,5,4377.504,2024.916
38.790,152.267,0.027,5,4377.672,2025.597
38.800,152.273,0.027,5,4377.840,2026.277
38.810,152.279,0.027,5,4378.008,2026.958
38.820,152.285,0.027,5,4378.176,2027.639
38.830,152.291,0.027,5,4378.344,2028.320
38.840,152.296,0.027,5,4378.512,2029.000
38.850,152.302,0.027,5,4378.680,2029.681
38.860,152.308,0.027,5,4378.848,2030.362
38.870,152.314,0.027,5,4379.015,2031.043
38.880,152.320,0.027,5,4379.183,2031.724
38.890,152.326,0.027,5,4379.350,2032.405
38.900,152.331,0.027,5,4379.518,2033.086
38.910,152.337,0.027,5,4379.685,2033.767
38.920,152.343,0.027,5,4379.852,2034.448
38.930,152.349,0.026,5,4380.019,2035.129
38.940,152.355,0.026,5,4380.187,2035.810
38.950,152.361,0.026,5,4380.354,2036.491
38.960,152.366,0.026,5,4380.521,2037.172
38.970,152.372,0.026,5,4380.688,2037.853
38.980,152.378,0.026,5,4380.855,2038.534
38.990,152.384,0.026,5,4381.021,2039.216
39.000,152.390,0.026,5,4381.188,2039.897
39.010,152.395,0.026,5,4381.355,2040.578
39.020,152.401,0.026,5,4381.521,2041.259
39.030,152.407,0.026,5,4381.688,2041.941
39.040,152.413,0.026,5,4381.854,2042.622
39.050,152.419,0.026,5,4382.021,2043.303
39.060,152.424,0.026,5,4382.187,2043.985
39.070,152.430,0.026,5,4382.354,2044.666
39.080,152.436,0.026,5,4382.520,2045.348
39.090,152.442,0.026,5,4382.686,2046.029
39.100,152.447,0.026,5,4382.852,2046.711
39.110,152.453,0.026,5,4383.018,2047.392
39.120,152.459,0.026,5,4383.184,2048.074
39.130,152.465,0.026,5,4383.350,2048.755
39.140,152.470,0.026,5,4383.516,2049.437
39.150,152.476,0.026,5,4383.681,2050.118
39.160,152.482,0.026,5,4383.847,2050.800
39.170,152.488,0.026,5,4384.013,2051.482
39.180,152.494,0.026,5,4384.178,2052.163
39.190,152.499,0.026,5,4384.344,2052.845
39.200,152.505,0.026,5,4384.509,2053.527
39.210,152.511,0.026,5,4384.674,2054.209
39.220,152.517,0.026,5,4384.840,2054.890
39.230,152.522,0.026,5,4385.005,2055.572
39.240,152.528,0.026,5,4385.170,2056.254
39.250,152.534,0.026,5,4385.335,2056.936
39.260,152.540,0.026,5,4385.500,2057.618
39.270,152.545,0.026,5,4385.665,2058.300
39.280,152.551,0.026,5,4385.830,2058.982
39.290,152.557,0.026,5,4385.995,2059.664
39.300,152.562,0.026,5,4386.159,2060.346
39.310,152.568,0.026,5,4386.324,2061.028
39.320,152.574,0.026,5,4386.489,2061.710
39.330,152.580,0.026,5,4386.653,2062.392
39.340,152.585,0.026,5,4386.818,2063.074
39.350,152.591,0.026,5,4386.982,2063.756
39.360,152.597,0.026,5,4387.147,2064.438
39.370,152.603,0.026,5,4387.311,2065.120
39.380,152.608,0.026,5,4387.475,2065.803
39.390,152.614,0.026,5,4387.639,2066.485
39.400,152.620,0.026,5,4387.803,2067.167
39.410,152.625,0.026,5,4387.967,2067.849
39.420,152.631,0.026,5,4388.131,2068.532
39.430,152.637,0.026,5,4388.295,2069.214
39.440,152.642,0.026,5,4388.459,2069.896
39.450,152.648,0.026,5,4388.623,2070.579
39.460,152.654,0.026,5,4388.786,2071.261
39.470,152.660,0.026,5,4388.950,2071.944
39.480,152.665,0.026,5,4389.113,2072.626
39.490,152.671,0.026,5,4389.277,2073.309
39.500,152.677,0.026,5,4389.440,2073.991
39.510,152.682,0.026,5,4389.604,2074.674
39.520,152.688,0.026,5,4389.767,2075.356
39.530,152.694,0.026,5,4389.930,2076.039
39.540,152.699,0.026,5,4390.093,2076.721
39.550,152.705,0.026,5,4390.256,2077.404
39.560,152.711,0.026,5,4390.419,2078.087
39.570,152.716,0.026,5,4390.582,2078.769
39.580,152.722,0.026,5,4390.745,2079.452
39.590,152.728,0.026,5,4390.908,2080.135
39.600,152.733,0.026,5,4391.071,2080.818
39.610,152.739,0.026,5,4391.234,2081.500
39.620,152.745,0.026,5,4391.396,2082.183
39.630,152.750,0.026,5,4391.559,2082.866
39.640,152.756,0.026,5,4391.721,2083.549
39.650,152.762,0.026,5,4391.884,2084.232
39.660,152.767,0.026,5,4392.046,2084.915
39.670,152.773,0.026,5,4392.208,2085.598
39.680,152.778,0.026,5,4392.371,2086.281
39.690,152.784,0.026,5,4392.533,2086.964
39.700,152.790,0.026,5,4392.695,2087.647
39.710,152.795,0.026,5,4392.857,2088.330
39.720,152.801,0.026,5,4393.019,2089.013
39.730,152.807,0.026,5,4393.181,2089.696
39.740,152.812,0.026,5,4393.343,2090.379
39.750,152.818,0.026,5,4393.504,2091.062
39.760,152.824,0.026,5,4393.666,2091.745
39.770,152.829,0.026,5,4393.828,2092.428
39.780,152.835,0.026,5,4393.989,2093.112
39.790,152.840,0.026,5,4394.151,2093.795
39.800,152.846,0.026,5,4394.312,2094.478
39.810,152.852,0.026,5,4394.474,2095.161
39.820,152.857,0.026,5,4394.635,2095.845
39.830,152.863,0.026,5,4394.796,2096.528
39.840,152.868,0.026,5,4394.957,2097.212
39.850,152.874,0.026,5,4395.118,2097.895
39.860,152.880,0.026,5,4395.279,2098.578
39.870,152.885,0.026,5,4395.440,2099.262
39.880,152.891,0.025,5,4395.601,2099.945
39.890,152.896,0.025,5,4395.762,2100.629
39.900,152.902,0.025,5,4395.923,2101.312
39.910,152.908,0.025,5,4396.084,2101.996
39.920,152.913,0.025,5,4396.244,2102.679
39.930,152.919,0.025,5,4396.405,2103.363
39.940,152.924,0.025,5,4396.566,2104.047
39.950,152.930,0.025,5,4396.726,2104.730
39.960,152.936,0.025,5,4396.886,2105.414
39.970,152.941,0.025,5,4397.047,2106.098
39.980,152.947,0.025,5,4397.207,2106.781
39.990,152.952,0.025,5,4397.367,2107.465
40.000,152.958,0.025,5,4397.527,2108.149
40.010,152.963,0.025,5,4397.687,2108.833
40.020,152.969,0.025,5,4397.847,2109.516
40.030,152.975,0.025,5,4398.007,2110.200
40.040,152.980,0.025,5,4398.167,2110.884
40.050,152.986,0.025,5,4398.327,2111.568
40.060,152.991,0.025,5,4398.487,2112.252
40.070,152.997,0.025,5,4398.646,2112.936
40.080,153.002,0.025,5,4398.806,2113.620
40.090,153.008,0.025,5,4398.966,2114.304
40.100,153.013,0.025,5,4399.125,2114.988
40.110,153.019,0.025,5,4399.285,2115.672
40.120,153.025,0.025,5,4399.444,2116.356
40.130,153.030,0.025,5,4399.603,2117.040
40.140,153.036,0.025,5,4399.762,2117.724
40.150,153.041,0.025,5,4399.922,2118.408
40.160,153.047,0.025,5,4400.081,2119.093
40.170,153.052,0.025,5,4400.240,2119.777
40.180,153.058,0.025,5,4400.399,2120.461
40.190,153.063,0.025,5,4400.558,2121.145
40.200,153.069,0.025,5,4400.717,2121.829
40.210,153.074,0.025,5,4400.875,2122.514
40.220,153.080,0.025,5,4401.034,2123.198
40.230,153.085,0.025,5,4401.193,2123.882
40.240,153.091,0.025,5,4401.351,2124.567
40.250,153.096,0.025,5,4401.510,2125.251
40.260,153.102,0.025,5,4401.668,2125.936
40.270,153.107,0.025,5,4401.827,2126.620
40.280,153.113,0.025,5,4401.985,2127.304
40.290,153.118,0.025,5,4402.143,2127.989
40.300,153.124,0.025,5,4402.301,2128.673
40.310,153.129,0.025,5,4402.460,2129.358
40.320,153.135,0.025,5,4402.618,2130.043
40.330,153.140,0.025,5,4402.776,2130.727
40.340,153.146,0.025,5,4402.934,2131.412
40.350,153.151,0.025,5,4403.091,2132.096
40.360,153.157,0.025,5,4403.249,2132.781
40.370,153.162,0.025,5,4403.407,2133.466
40.380,153.168,0.025,5,4403.565,2134.150
40.390,153.173,0.025,5,4403.722,2134.835
40.400,153.179,0.025,5,4403.880,2135.520
40.410,153.184,0.025,5,4404.037,2136.205
40.420,153.190,0.025,5,4404.195,2136.890
40.430,153.195,0.025,5,4404.352,2137.574
40.440,153.201,0.025,5,4404.510,2138.259
40.450,153.206,0.025,5,4404.667,2138.944
40.460,153.212,0.025,5,4404.824,2139.629
40.470,153.217,0.025,5,4404.981,2140.314
40.480,153.223,0.025,5,4405.138,2140.999
40.490,153.228,0.025,5,4405.295,2141.684
40.500,153.234,0.025,5,4405.452,2142.369
40.510,153.239,0.025,5,4405.609,2143.054
40.520,153.244,0.025,5,4405.766,2143.739
40.530,153.250,0.025,5,4405.922,2144.424
40.540,153.255,0.025,5,4406.079,2145.109
40.550,153.261,0.025,5,4406.236,2145.794
40.560,153.266,0.025,5,4406.392,2146.479
40.570,153.272,0.025,5,4406.549,2147.165
40.580,153.277,0.025,5,4406.705,2147.850
40.590,153.283,0.025,5,4406.861,2148.535
40.600,153.288,0.025,5,4407.018,2149.220
40.610,153.293,0.025,5,4407.174,2149.905
40.620,153.299,0.025,5,4407.330,2150.591
40.630,153.304,0.025,5,4407.486,2151.276
40.640,153.310,0.025,5,4407.642,2151.961
40.650,153.315,0.025,5,4407.798,2152.647
40.660,153.321,0.025,5,4407.954,2153.332
40.670,153.326,0.025,5,4408.110,2154.018
40.680,153.331,0.025,5,4408.266,2154.703
40.690,153.337,0.025,5,4408.422,2155.388
40.700,153.342,0.025,5,4408.577,2156.074
40.710,153.348,0.025,5,4408.733,2156.759
40.720,153.353,0.025,5,4408.888,2157.445
40.730,153.358,0.025,5,4409.044,2158.131
40.740,153.364,0.025,5,4409.199,2158.816
40.750,153.369,0.025,5,4409.354,2159.502
40.760,153.375,0.025,5,4409.510,2160.187
40.770,153.380,0.025,5,4409.665,2160.873
40.780,153.385,0.025,5,4409.820,2161.559
40.790,153.391,0.025,5,4409.975,2162.244
40.800,153.396,0.025,5,4410.130,2162.930
40.810,153.402,0.025,5,4410.285,2163.616
40.820,153.407,0.025,5,4410.440,2164.302
40.830,153.412,0.025,5,4410.595,2164.988
40.840,153.418,0.025,5,4410.750,2165.673
40.850,153.423,0.025,5,4410.904,2166.359
40.860,153.429,0.025,5,4411.059,2167.045
40.870,153.434,0.024,5,4411.214,2167.731
40.880,153.439,0.024,5,4411.368,2168.417
40.890,153.445,0.024,5,4411.523,2169.103
40.900,153.450,0.024,5,4411.677,2169.789
40.910,153.455,0.024,5,4411.831,2170.475
40.920,153.461,0.024,5,4411.986,2171.161
40.930,153.466,0.024,5,4412.140,2171.847
40.940,153.471,0.024,5,4412.294,2172.533
40.950,153.477,0.024,5,4412.448,2173.219
40.960,153.482,0.024,5,4412.602,2173.905
40.970,153.488,0.024,5,4412.756,2174.591
40.980,153.493,0.024,5,4412.910,2175.277
40.990,153.498,0.024,5,4413.064,2175.964
41.000,153.504,0.024,5,4413.217,2176.650
41.010,153.509,0.024,5,4413.371,2177.336
41.020,153.514,0.024,5,4413.525,2178.022
41.030,153.520,0.024,5,4413.678,2178.709
41.040,153.525,0.024,5,4413.832,2179.395
41.050,153.530,0.024,5,4413.985,2180.081
41.060,153.536,0.024,5,4414.139,2180.768
41.070,153.541,0.024,5,4414.292,2181.454
41.080,153.546,0.024,5,4414.445,2182.140
41.090,153.552,0.024,5,4414.599,2182.827
41.100,153.557,0.024,5,4414.752,2183.513
41.110,153.562,0.024,5,4414.905,2184.200
41.120,153.568,0.024,5,4415.058,2184.886
41.130,153.573,0.024,5,4415.211,2185.573
41.140,153.578,0.024,5,4415.364,2186.259
41.150,153.584,0.024,5,4415.516,2186.946
41.160,153.589,0.024,5,4415.669,2187.632
41.170,153.594,0.024,5,4415.822,2188.319
41.180,153.600,0.024,5,4415.975,2189.006
41.190,153.605,0.024,5,4416.127,2189.692
41.200,153.610,0.024,5,4416.280,2190.379
41.210,153.615,0.024,5,4416.432,2191.066
41.220,153.621,0.024,5,4416.585,2191.752
41.230,153.626,0.024,5,4416.737,2192.439
41.240,153.631,0.024,5,4416.889,2193.126
41.250,153.637,0.024,5,4417.041,2193.813
41.260,153.642,0.024,5,4417.194,2194.500
41.270,153.647,0.024,5,4417.346,2195.186
41.280,153.652,0.024,5,4417.498,2195.873
41.290,153.658,0.024,5,4417.650,2196.560
41.300,153.663,0.024,5,4417.802,2197.247
41.310,153.668,0.024,5,4417.953,2197.934
41.320,153.674,0.024,5,4418.105,2198.621
41.330,153.679,0.024,5,4418.257,2199.308
41.340,153.684,0.024,5,4418.409,2199.995
41.350,153.689,0.024,5,4418.560,2200.682
41.360,153.695,0.024,5,4418.712,2201.369
41.370,153.700,0.024,5,4418.863,2202.056
41.380,153.705,0.024,5,4419.015,2202.743
41.390,153.711,0.024,5,4419.166,2203.431
41.400,153.716,0.024,5,4419.317,2204.118
41.410,153.721,0.024,5,4419.468,2204.805
41.420,153.726,0.024,5,4419.620,2205.492
41.430,153.732,0.024,5,4419.771,2206.179
41.440,153.737,0.024,5,4419.922,2206.867
41.450,153.742,0.024,5,4420.073,2207.554
41.460,153.747,0.024,5,4420.224,2208.241
41.470,153.753,0.024,5,4420.374,2208.928
41.480,153.758,0.024,5,4420.525,2209.616
41.490,153.763,0.024,5,4420.676,2210.303
41.500,153.768,0.024,5,4420.827,2210.991
41.510,153.774,0.024,5,4420.977,2211.678
41.520,153.779,0.024,5,4421.128,2212.365
41.530,153.784,0.024,5,4421.278,2213.053
41.540,153.789,0.024,5,4421.429,2213.740
41.550,153.794,0.024,5,4421.579,2214.428
41.560,153.800,0.024,5,4421.729,2215.115
41.570,153.805,0.024,5,4421.880,2215.803
41.580,153.810,0.024,5,4422.030,2216.491
41.590,153.815,0.024,5,4422.180,2217.178
41.600,153.821,0.024,5,4422.330,2217.866
41.610,153.826,0.024,5,4422.480,2218.553
41.620,153.831,0.024,5,4422.630,2219.241
41.630,153.836,0.024,5,4422.780,2219.929
41.640,153.841,0.024,5,4422.930,2220.617
41.650,153.847,0.024,5,4423.079,2221.304
41.660,153.852,0.024,5,4423.229,2221.992
41.670,153.857,0.024,5,4423.379,2222.680
41.680,153.862,0.024,5,4423.528,2223.368
41.690,153.867,0.024,5,4423.678,2224.055
41.700,153.873,0.024,5,4423.827,2224.743
41.710,153.878,0.024,5,4423.976,2225.431
41.720,153.883,0.024,5,4424.126,2226.119
41.730,153.888,0.024,5,4424.275,2226.807
41.740,153.893,0.024,5,4424.424,2227.495
41.750,153.899,0.024,5,4424.573,2228.183
41.760,153.904,0.024,5,4424.722,2228.871
41.770,153.909,0.024,5,4424.872,2229.559
41.780,153.914,0.024,5,4425.020,2230.247
41.790,153.919,0.024,5,4425.169,2230.935
41.800,153.925,0.024,5,4425.318,2231.623
41.810,153.930,0.024,5,4425.467,2232.311
41.820,153.935,0.024,5,4425.616,2232.999
41.830,153.940,0.024,5,4425.764,2233.688
41.840,153.945,0.024,5,4425.913,2234.376
41.850,153.950,0.024,5,4426.061,2235.064
41.860,153.956,0.024,5,4426.210,2235.752
41.870,153.961,0.024,5,4426.358,2236.440
41.880,153.966,0.024,5,4426.507,2237.129
41.890,153.971,0.023,5,4426.655,2237.817
41.900,153.976,0.023,5,4426.803,2238.505
41.910,153.981,0.023,5,4426.951,2239.194
41.920,153.986,0.023,5,4427.100,2239.882
41.930,153.992,0.023,5,4427.248,2240.570
41.940,153.997,0.023,5,4427.396,2241.259
41.950,154.002,0.023,5,4427.543,2241.947
41.960,154.007,0.023,5,4427.691,2242.636
41.970,154.012,0.023,5,4427.839,2243.324
41.980,154.017,0.023,5,4427.987,2244.013
41.990,154.022,0.023,5,4428.135,2244.701
42.000,154.028,0.023,5,4428.282,2245.390
42.010,154.033,0.023,5,4428.430,2246.078
42.020,154.038,0.023,5,4428.577,2246.767
42.030,154.043,0.023,5,4428.725,2247.456
42.040,154.048,0.023,5,4428.872,2248.144
42.050,154.053,0.023,5,4429.019,2248.833
42.060,154.058,0.023,5,4429.167,2249.522
42.070,154.063,0.023,5,4429.314,2250.210
42.080,154.069,0.023,5,4429.461,2250.899
42.090,154.074,0.023,5,4429.608,2251.588
42.100,154.079,0.023,5,4429.755,2252.277
42.110,154.084,0.023,5,4429.902,2252.965
42.120,154.089,0.023,5,4430.049,2253.654
42.130,154.094,0.023,5,4430.196,2254.343
42.140,154.099,0.023,5,4430.343,2255.032
42.150,154.104,0.023,5,4430.489,2255.721
42.160,154.109,0.023,5,4430.636,2256.410
42.170,154.115,0.023,5,4430.783,2257.099
42.180,154.120,0.023,5,4430.929,2257.788
42.190,154.125,0.023,5,4431.076,2258.477
42.200,154.130,0.023,5,4431.222,2259.166
42.210,154.135,0.023,5,4431.369,2259.855
42.220,154.140,0.023,5,4431.515,2260.544
42.230,154.145,0.023,5,4431.661,2261.233
42.240,154.150,0.023,5,4431.807,2261.922
42.250,154.155,0.023,5,4431.953,2262.611
42.260,154.160,0.023,5,4432.099,2263.300
42.270,154.165,0.023,5,4432.245,2263.989
42.280,154.171,0.023,5,4432.391,2264.679
42.290,154.176,0.023,5,4432.537,2265.368
42.300,154.181,0.023,5,4432.683,2266.057
42.310,154.186,0.023,5,4432.829,2266.746
42.320,154.191,0.023,5,4432.975,2267.436
42.330,154.196,0.023,5,4433.120,2268.125
42.340,154.201,0.023,5,4433.266,2268.814
42.350,154.206,0.023,5,4433.411,2269.504
42.360,154.211,0.023,5,4433.557,2270.193
42.370,154.216,0.023,5,4433.702,2270.882
42.380,154.221,0.023,5,4433.848,2271.572
42.390,154.226,0.023,5,4433.993,2272.261
42.400,154.231,0.023,5,4434.138,2272.951
42.410,154.236,0.023,5,4434.283,2273.640
42.420,154.241,0.023,5,4434.428,2274.330
42.430,154.246,0.023,5,4434.574,2275.019
42.440,154.251,0.023,5,4434.719,2275.709
42.450,154.257,0.023,5,4434.863,2276.398
42.460,154.262,0.023,5,4435.008,2277.088
42.470,154.267,0.023,5,4435.153,2277.778
42.480,154.272,0.023,5,4435.298,2278.467
42.490,154.277,0.023,5,4435.443,2279.157
42.500,154.282,0.023,5,4435.587,2279.847
42.510,154.287,0.023,5,4435.732,2280.536
42.520,154.292,0.023,5,4435.876,2281.226
42.530,154.297,0.023,5,4436.021,2281.916
42.540,154.302,0.023,5,4436.165,2282.606
42.550,154.307,0.023,5,4436.310,2283.295
42.560,154.312,0.023,5,4436.454,2283.985
42.570,154.317,0.023,5,4436.598,2284.675
42.580,154.322,0.023,5,4436.742,2285.365
42.590,154.327,0.023,5,4436.886,2286.055
42.600,154.332,0.023,5,4437.030,2286.745
42.610,154.337,0.023,5,4437.174,2287.435
42.620,154.342,0.023,5,4437.318,2288.125
42.630,154.347,0.023,5,4437.462,2288.815
42.640,154.352,0.023,5,4437.606,2289.505
42.650,154.357,0.023,5,4437.750,2290.195
42.660,154.362,0.023,5,4437.894,2290.885
42.670,154.367,0.023,5,4438.037,2291.575
42.680,154.372,0.023,5,4438.181,2292.265
42.690,154.377,0.023,5,4438.324,2292.955
42.700,154.382,0.023,5,4438.468,2293.645
42.710,154.387,0.023,5,4438.611,2294.335
42.720,154.392,0.023,5,4438.755,2295.025
42.730,154.397,0.023,5,4438.898,2295.716
42.740,154.402,0.023,5,4439.041,2296.406
42.750,154.407,0.023,5,4439.184,2297.096
42.760,154.412,0.023,5,4439.327,2297.786
42.770,154.417,0.023,5,4439.470,2298.477
42.780,154.422,0.023,5,4439.613,2299.167
42.790,154.427,0.023,5,4439.756,2299.857
42.800,154.432,0.023,5,4439.899,2300.548
42.810,154.437,0.023,5,4440.042,2301.238
42.820,154.442,0.023,5,4440.185,2301.928
42.830,154.447,0.023,5,4440.327,2302.619
42.840,154.452,0.023,5,4440.470,2303.309
42.850,154.456,0.023,5,4440.613,2304.000
42.860,154.461,0.023,5,4440.755,2304.690
42.870,154.466,0.023,5,4440.898,2305.381
42.880,154.471,0.023,5,4441.040,2306.071
42.890,154.476,0.023,5,4441.182,2306.762
42.900,154.481,0.023,5,4441.325,2307.452
42.910,154.486,0.023,5,4441.467,2308.143
42.920,154.491,0.023,5,4441.609,2308.834
42.930,154.496,0.023,5,4441.751,2309.524
42.940,154.501,0.023,5,4441.893,2310.215
42.950,154.506,0.022,5,4442.035,2310.906
42.960,154.511,0.022,5,4442.177,2311.596
42.970,154.516,0.022,5,4442.319,2312.287
42.980,154.521,0.022,5,4442.461,2312.978
42.990,154.526,0.022,5,4442.603,2313.669
43.000,154.531,0.022,5,4442.745,2314.359
43.010,154.536,0.022,5,4442.886,2315.050
43.020,154.540,0.022,5,4443.028,2315.741
43.030,154.545,0.022,5,4443.169,2316.432
43.040,154.550,0.022,5,4443.311,2317.123
43.050,154.555,0.022,5,4443.452,2317.814
43.060,154.560,0.022,5,4443.594,2318.505
43.070,154.565,0.022,5,4443.735,2319.196
43.080,154.570,0.022,5,4443.876,2319.887
43.090,154.575,0.022,5,4444.017,2320.578
43.100,154.580,0.022,5,4444.158,2321.269
43.110,154.585,0.022,5,4444.300,2321.960
43.120,154.590,0.022,5,4444.441,2322.651
43.130,154.595,0.022,5,4444.582,2323.342
43.140,154.599,0.022,5,4444.722,2324.033
43.150,154.604,0.022,5,4444.863,2324.724
43.160,154.609,0.022,5,4445.004,2325.415
43.170,154.614,0.022,5,4445.145,2326.106
43.180,154.619,0.022,5,4445.285,2326.798
43.190,154.624,0.022,5,4445.426,2327.489
43.200,154.629,0.022,5,4445.567,2328.180
43.210,154.634,0.022,5,4445.707,2328.871
43.220,154.639,0.022,5,4445.848,2329.563
43.230,154.643,0.022,5,4445.988,2330.254
43.240,154.648,0.022,5,4446.128,2330.945
43.250,154.653,0.022,5,4446.269,2331.637
43.260,154.658,0.022,5,4446.409,2332.328
43.270,154.663,0.022,5,4446.549,2333.019
43.280,154.668,0.022,5,4446.689,2333.711
43.290,154.673,0.022,5,4446.829,2334.402
43.300,154.678,0.022,5,4446.969,2335.094
43.310,154.682,0.022,5,4447.109,2335.785
43.320,154.687,0.022,5,4447.249,2336.477
43.330,154.692,0.022,5,4447.389,2337.168
43.340,154.697,0.022,5,4447.528,2337.860
43.350,154.702,0.022,5,4447.668,2338.551
43.360,154.707,0.022,5,4447.808,2339.243
43.370,154.712,0.022,5,4447.947,2339.935
43.380,154.716,0.022,5,4448.087,2340.626
43.390,154.721,0.022,5,4448.226,2341.318
43.400,154.726,0.022,5,4448.366,2342.010
43.410,154.731,0.022,5,4448.505,2342.701
43.420,154.736,0.022,5,4448.644,2343.393
43.430,154.741,0.022,5,4448.784,2344.085
43.440,154.746,0.022,5,4448.923,2344.776
43.450,154.750,0.022,5,4449.062,2345.468
43.460,154.755,0.022,5,4449.201,2346.160
43.470,154.760,0.022,5,4449.340,2346.852
43.480,154.765,0.022,5,4449.479,2347.544
43.490,154.770,0.022,5,4449.618,2348.236
43.500,154.775,0.022,5,4449.757,2348.927
43.510,154.779,0.022,5,4449.895,2349.619
43.520,154.784,0.022,5,4450.034,2350.311
43.530,154.789,0.022,5,4450.173,2351.003
43.540,154.794,0.022,5,4450.311,2351.695
43.550,154.799,0.022,5,4450.450,2352.387
43.560,154.803,0.022,5,4450.589,2353.079
43.570,154.808,0.022,5,4450.727,2353.771
43.580,154.813,0.022,5,4450.865,2354.463
43.590,154.818,0.022,5,4451.004,2355.155
43.600,154.823,0.022,5,4451.142,2355.848
43.610,154.828,0.022,5,4451.280,2356.540
43.620,154.832,0.022,5,4451.418,2357.232
43.630,154.837,0.022,5,4451.556,2357.924
43.640,154.842,0.022,5,4451.694,2358.616
43.650,154.847,0.022,5,4451.832,2359.308
43.660,154.852,0.022,5,4451.970,2360.001
43.670,154.856,0.022,5,4452.108,2360.693
43.680,154.861,0.022,5,4452.246,2361.385
43.690,154.866,0.022,5,4452.384,2362.077
43.700,154.871,0.022,5,4452.522,2362.770
43.710,154.876,0.022,5,4452.659,2363.462
43.720,154.880,0.022,5,4452.797,2364.155
43.730,154.885,0.022,5,4452.934,2364.847
43.740,154.890,0.022,5,4453.072,2365.539
43.750,154.895,0.022,5,4453.209,2366.232
43.760,154.899,0.022,5,4453.347,2366.924
43.770,154.904,0.022,5,4453.484,2367.617
43.780,154.909,0.022,5,4453.621,2368.309
43.790,154.914,0.022,5,4453.758,2369.002
43.800,154.919,0.022,5,4453.896,2369.694
43.810,154.923,0.022,5,4454.033,2370.387
43.820,154.928,0.022,5,4454.170,2371.079
43.830,154.933,0.022,5,4454.307,2371.772
43.840,154.938,0.022,5,4454.444,2372.465
43.850,154.942,0.022,5,4454.580,2373.157
43.860,154.947,0.022,5,4454.717,2373.850
43.870,154.952,0.022,5,4454.854,2374.543
43.880,154.957,0.022,5,4454.991,2375.235
43.890,154.961,0.022,5,4455.127,2375.928
43.900,154.966,0.022,5,4455.264,2376.621
43.910,154.971,0.022,5,4455.400,2377.314
43.920,154.976,0.022,5,4455.537,2378.006
43.930,154.980,0.022,5,4455.673,2378.699
43.940,154.985,0.022,5,4455.810,2379.392
43.950,154.990,0.022,5,4455.946,2380.085
43.960,154.995,0.022,5,4456.082,2380.778
43.970,154.999,0.022,5,4456.218,2381.471
43.980,155.004,0.022,5,4456.354,2382.163
43.990,155.009,0.022,5,4456.491,2382.856
44.000,155.013,0.022,5,4456.627,2383.549
44.010,155.018,0.022,5,4456.763,2384.242
44.020,155.023,0.022,5,4456.898,2384.935
44.030,155.028,0.022,5,4457.034,2385.628
44.040,155.032,0.022,5,4457.170,2386.321
44.050,155.037,0.022,5,4457.306,2387.015
44.060,155.042,0.021,5,4457.441,2387.708
44.070,155.047,0.021,5,4457.577,2388.401
44.080,155.051,0.021,5,4457.713,2389.094
44.090,155.056,0.021,5,4457.848,2389.787
44.100,155.061,0.021,5,4457.984,2390.480
44.110,155.065,0.021,5,4458.119,2391.173
44.120,155.070,0.021,5,4458.254,2391.867
44.130,155.075,0.021,5,4458.390,2392.560
44.140,155.080,0.021,5,4458.525,2393.253
44.150,155.084,0.021,5,4458.660,2393.946
44.160,155.089,0.021,5,4458.795,2394.640
44.170,155.094,0.021,5,4458.930,2395.333
44.180,155.098,0.021,5,4459.065,2396.026
44.190,155.103,0.021,5,4459.200,2396.720
44.200,155.108,0.021,5,4459.335,2397.413
44.210,155.112,0.021,5,4459.470,2398.106
44.220,155.117,0.021,5,4459.605,2398.800
44.230,155.122,0.021,5,4459.740,2399.493
44.240,155.126,0.021,5,4459.874,2400.187
44.250,155.131,0.021,5,4460.009,2400.880
44.260,155.136,0.021,5,4460.144,2401.574
44.270,155.141,0.021,5,4460.278,2402.267
44.280,155.145,0.021,5,4460.412,2402.961
44.290,155.150,0.021,5,4460.547,2403.654
44.300,155.155,0.021,5,4460.681,2404.348
44.310,155.159,0.021,5,4460.816,2405.042
44.320,155.164,0.021,5,4460.950,2405.735
44.330,155.169,0.021,5,4461.084,2406.429
44.340,155.173,0.021,5,4461.218,2407.123
44.350,155.178,0.021,5,4461.352,2407.816
44.360,155.183,0.021,5,4461.486,2408.510
44.370,155.187,0.021,5,4461.620,2409.204
44.380,155.192,0.021,5,4461.754,2409.897
44.390,155.197,0.021,5,4461.888,2410.591
44.400,155.201,0.021,5,4462.022,2411.285
44.410,155.206,0.021,5,4462.155,2411.979
44.420,155.210,0.021,5,4462.289,2412.673
44.430,155.215,0.021,5,4462.423,2413.367
44.440,155.220,0.021,5,4462.556,2414.060
44.450,155.224,0.021,5,4462.690,2414.754
44.460,155.229,0.021,5,4462.823,2415.448
44.470,155.234,0.021,5,4462.957,2416.142
44.480,155.238,0.021,5,4463.090,2416.836
44.490,155.243,0.021,5,4463.223,2417.530
44.500,155.248,0.021,5,4463.357,2418.224
44.510,155.252,0.021,5,4463.490,2418.918
44.520,155.257,0.021,5,4463.623,2419.612
44.530,155.261,0.021,5,4463.756,2420.306
44.540,155.266,0.021,5,4463.889,2421.000
44.550,155.271,0.021,5,4464.022,2421.695
44.560,155.275,0.021,5,4464.155,2422.389
44.570,155.280,0.021,5,4464.288,2423.083
44.580,155.285,0.021,5,4464.421,2423.777
44.590,155.289,0.021,5,4464.554,2424.471
44.600,155.294,0.021,5,4464.686,2425.165
44.610,155.298,0.021,5,4464.819,2425.860
44.620,155.303,0.021,5,4464.952,2426.554
44.630,155.308,0.021,5,4465.084,2427.248
44.640,155.312,0.021,5,4465.217,2427.942
44.650,155.317,0.021,5,4465.349,2428.637
44.660,155.321,0.021,5,4465.481,2429.331
44.670,155.326,0.021,5,4465.614,2430.025
44.680,155.331,0.021,5,4465.746,2430.720
44.690,155.335,0.021,5,4465.878,2431.414
44.700,155.340,0.021,5,4466.010,2432.109
44.710,155.344,0.021,5,4466.142,2432.803
44.720,155.349,0.021,5,4466.274,2433.498
44.730,155.354,0.021,5,4466.406,2434.192
44.740,155.358,0.021,5,4466.538,2434.887
44.750,155.363,0.021,5,4466.670,2435.581
44.760,155.367,0.021,5,4466.802,2436.276
44.770,155.372,0.021,5,4466.934,2436.970
44.780,155.377,0.021,5,4467.066,2437.665
44.790,155.381,0.021,5,4467.197,2438.359
44.800,155.386,0.021,5,4467.329,2439.054
44.810,155.390,0.021,5,4467.460,2439.749
44.820,155.395,0.021,5,4467.592,2440.443
44.830,155.399,0.021,5,4467.723,2441.138
44.840,155.404,0.021,5,4467.855,2441.833
44.850,155.409,0.021,5,4467.986,2442.527
44.860,155.413,0.021,5,4468.117,2443.222
44.870,155.418,0.021,5,4468.249,2443.917
44.880,155.422,0.021,5,4468.380,2444.612
44.890,155.427,0.021,5,4468.511,2445.307
44.900,155.431,0.021,5,4468.642,2446.001
44.910,155.436,0.021,5,4468.773,2446.696
44.920,155.441,0.021,5,4468.904,2447.391
44.930,155.445,0.021,5,4469.035,2448.086
44.940,155.450,0.021,5,4469.166,2448.781
44.950,155.454,0.021,5,4469.297,2449.476
44.960,155.459,0.021,5,4469.427,2450.171
44.970,155.463,0.021,5,4469.558,2450.866
44.980,155.468,0.021,5,4469.689,2451.561
44.990,155.472,0.021,5,4469.819,2452.256
45.000,155.477,0.021,5,4469.950,2452.951
45.010,155.481,0.021,5,4470.080,2453.646
45.020,155.486,0.021,5,4470.211,2454.341
45.030,155.491,0.021,5,4470.341,2455.036
45.040,155.495,0.021,5,4470.472,2455.731
45.050,155.500,0.021,5,4470.602,2456.426
45.060,155.504,0.021,5,4470.732,2457.121
45.070,155.509,0.021,5,4470.862,2457.817
45.080,155.513,0.021,5,4470.992,2458.512
45.090,155.518,0.021,5,4471.122,2459.207
45.100,155.522,0.021,5,4471.252,2459.902
45.110,155.527,0.021,5,4471.382,2460.598
45.120,155.531,0.021,5,4471.512,2461.293
45.130,155.536,0.021,5,4471.642,2461.988
45.140,155.540,0.021,5,4471.772,2462.683
45.150,155.545,0.021,5,4471.902,2463.379
45.160,155.549,0.021,5,4472.031,2464.074
45.170,155.554,0.021,5,4472.161,2464.769
45.180,155.558,0.021,5,4472.290,2465.465
45.190,155.563,0.021,5,4472.420,2466.160
45.200,155.567,0.021,5,4472.549,2466.856
45.210,155.572,0.021,5,4472.679,2467.551
45.220,155.576,0.020,5,4472.808,2468.247
45.230,155.581,0.020,5,4472.937,2468.942
45.240,155.585,0.020,5,4473.067,2469.638
45.250,155.590,0.020,5,4473.196,2470.333
45.260,155.594,0.020,5,4473.325,2471.029
45.270,155.599,0.020,5,4473.454,2471.724
45.280,155.603,0.020,5,4473.583,2472.420
45.290,155.608,0.020,5,4473.712,2473.116
45.300,155.612,0.020,5,4473.841,2473.811
45.310,155.617,0.020,5,4473.970,2474.507
45.320,155.621,0.020,5,4474.099,2475.203
45.330,155.626,0.020,5,4474.228,2475.898
45.340,155.630,0.020,5,4474.356,2476.594
45.350,155.635,0.020,5,4474.485,2477.290
45.360,155.639,0.020,5,4474.614,2477.985
45.370,155.644,0.020,5,4474.742,2478.681
45.380,155.648,0.020,5,4474.871,2479.377
45.390,155.653,0.020,5,4474.999,2480.073
45.400,155.657,0.020,5,4475.128,2480.769
45.410,155.661,0.020,5,4475.256,2481.465
45.420,155.666,0.020,5,4475.384,2482.160
45.430,155.670,0.020,5,4475.512,2482.856
45.440,155.675,0.020,5,4475.641,2483.552
45.450,155.679,0.020,5,4475.769,2484.248
45.460,155.684,0.020,5,4475.897,2484.944
45.470,155.688,0.020,5,4476.025,2485.640
45.480,155.693,0.020,5,4476.153,2486.336
45.490,155.697,0.020,5,4476.281,2487.032
45.500,155.702,0.020,5,4476.409,2487.728
45.510,155.706,0.020,5,4476.536,2488.424
45.520,155.710,0.020,5,4476.664,2489.120
45.530,155.715,0.020,5,4476.792,2489.816
45.540,155.719,0.020,5,4476.920,2490.512
45.550,155.724,0.020,5,4477.047,2491.209
45.560,155.728,0.020,5,4477.175,2491.905
45.570,155.733,0.020,5,4477.302,2492.601
45.580,155.737,0.020,5,4477.430,2493.297
45.590,155.742,0.020,5,4477.557,2493.993
45.600,155.746,0.020,5,4477.685,2494.690
45.610,155.750,0.020,5,4477.812,2495.386
45.620,155.755,0.020,5,4477.939,2496.082
45.630,155.759,0.020,5,4478.066,2496.778
45.640,155.764,0.020,5,4478.193,2497.475
45.650,155.768,0.020,5,4478.320,2498.171
45.660,155.772,0.020,5,4478.447,2498.867
45.670,155.777,0.020,5,4478.574,2499.564
45.680,155.781,0.020,5,4478.701,2500.260
45.690,155.786,0.020,5,4478.828,2500.957
45.700,155.790,0.020,5,4478.955,2501.653
45.710,155.795,0.020,5,4479.082,2502.350
45.720,155.799,0.020,5,4479.209,2503.046
45.730,155.803,0.020,5,4479.335,2503.742
45.740,155.808,0.020,5,4479.462,2504.439
45.750,155.812,0.020,5,4479.588,2505.136
45.760,155.817,0.020,5,4479.715,2505.832
45.770,155.821,0.020,5,4479.841,2506.529
45.780,155.825,0.020,5,4479.968,2507.225
45.790,155.830,0.020,5,4480.094,2507.922
45.800,155.834,0.020,5,4480.220,2508.618
45.810,155.839,0.020,5,4480.347,2509.315
45.820,155.843,0.020,5,4480.473,2510.012
45.830,155.847,0.020,5,4480.599,2510.708
45.840,155.852,0.020,5,4480.725,2511.405
45.850,155.856,0.020,5,4480.851,2512.102
45.860,155.860,0.020,5,4480.977,2512.799
45.870,155.865,0.020,5,4481.103,2513.495
45.880,155.869,0.020,5,4481.229,2514.192
45.890,155.874,0.020,5,4481.355,2514.889
45.900,155.878,0.020,5,4481.481,2515.586
45.910,155.882,0.020,5,4481.606,2516.283
45.920,155.887,0.020,5,4481.732,2516.980
45.930,155.891,0.020,5,4481.858,2517.676
45.940,155.895,0.020,5,4481.983,2518.373
45.950,155.900,0.020,5,4482.109,2519.070
45.960,155.904,0.020,5,4482.234,2519.767
45.970,155.909,0.020,5,4482.360,2520.464
45.980,155.913,0.020,5,4482.485,2521.161
45.990,155.917,0.020,5,4482.610,2521.858
46.000,155.922,0.020,5,4482.736,2522.555
46.010,155.926,0.020,5,4482.861,2523.252
46.020,155.930,0.020,5,4482.986,2523.949
46.030,155.935,0.020,5,4483.111,2524.646
46.040,155.939,0.020,5,4483.236,2525.343
46.050,155.943,0.020,5,4483.361,2526.041
46.060,155.948,0.020,5,4483.486,2526.738
46.070,155.952,0.020,5,4483.611,2527.435
46.080,155.956,0.020,5,4483.736,2528.132
46.090,155.961,0.020,5,4483.861,2528.829
46.100,155.965,0.020,5,4483.985,2529.526
46.110,155.969,0.020,5,4484.110,2530.224
46.120,155.974,0.020,5,4484.235,2530.921
46.130,155.978,0.020,5,4484.359,2531.618
46.140,155.982,0.020,5,4484.484,2532.316
46.150,155.987,0.020,5,4484.608,2533.013
46.160,155.991,0.020,5,4484.733,2533.710
46.170,155.995,0.020,5,4484.857,2534.408
46.180,156.000,0.020,5,4484.981,2535.105
46.190,156.004,0.020,5,4485.106,2535.802
46.200,156.008,0.020,5,4485.230,2536.500
46.210,156.013,0.020,5,4485.354,2537.197
46.220,156.017,0.020,5,4485.478,2537.895
46.230,156.021,0.020,5,4485.602,2538.592
46.240,156.026,0.020,5,4485.726,2539.290
46.250,156.030,0.020,5,4485.850,2539.987
46.260,156.034,0.020,5,4485.974,2540.685
46.270,156.039,0.020,5,4486.098,2541.382
46.280,156.043,0.020,5,4486.222,2542.080
46.290,156.047,0.020,5,4486.346,2542.777
46.300,156.052,0.020,5,4486.469,2543.475
46.310,156.056,0.020,5,4486.593,2544.172
46.320,156.060,0.020,5,4486.717,2544.870
46.330,156.064,0.020,5,4486.840,2545.568
46.340,156.069,0.020,5,4486.964,2546.265
46.350,156.073,0.020,5,4487.087,2546.963
46.360,156.077,0.020,5,4487.211,2547.661
46.370,156.082,0.020,5,4487.334,2548.359
46.380,156.086,0.020,5,4487.457,2549.056
46.390,156.090,0.020,5,4487.581,2549.754
46.400,156.094,0.020,5,4487.704,2550.452
46.410,156.099,0.020,5,4487.827,2551.150
46.420,156.103,0.020,5,4487.950,2551.848
46.430,156.107,0.019,5,4488.073,2552.545
46.440,156.112,0.019,5,4488.196,2553.243
46.450,156.116,0.019,5,4488.319,2553.941
46.460,156.120,0.019,5,4488.442,2554.639
46.470,156.124,0.019,5,4488.565,2555.337
46.480,156.129,0.019,5,4488.688,2556.035
46.490,156.133,0.019,5,4488.810,2556.733
46.500,156.137,0.019,5,4488.933,2557.431
46.510,156.141,0.019,5,4489.056,2558.129
46.520,156.146,0.019,5,4489.178,2558.827
46.530,156.150,0.019,5,4489.301,2559.525
46.540,156.154,0.019,5,4489.423,2560.223
46.550,156.159,0.019,5,4489.546,2560.921
46.560,156.163,0.019,5,4489.668,2561.619
46.570,156.167,0.019,5,4489.791,2562.317
46.580,156.171,0.019,5,4489.913,2563.015
46.590,156.176,0.019,5,4490.035,2563.714
46.600,156.180,0.019,5,4490.157,2564.412
46.610,156.184,0.019,5,4490.279,2565.110
46.620,156.188,0.019,5,4490.401,2565.808
46.630,156.193,0.019,5,4490.524,2566.506
46.640,156.197,0.019,5,4490.645,2567.205
46.650,156.201,0.019,5,4490.767,2567.903
46.660,156.205,0.019,5,4490.889,2568.601
46.670,156.209,0.019,5,4491.011,2569.300
46.680,156.214,0.019,5,4491.133,2569.998
46.690,156.218,0.019,5,4491.255,2570.696
46.700,156.222,0.019,5,4491.376,2571.395
46.710,156.226,0.019,5,4491.498,2572.093
46.720,156.231,0.019,5,4491.620,2572.791
46.730,156.235,0.019,5,4491.741,2573.490
46.740,156.239,0.019,5,4491.863,2574.188
46.750,156.243,0.019,5,4491.984,2574.887
46.760,156.248,0.019,5,4492.105,2575.585
46.770,156.252,0.019,5,4492.227,2576.284
46.780,156.256,0.019,5,4492.348,2576.982
46.790,156.260,0.019,5,4492.469,2577.681
46.800,156.264,0.019,5,4492.590,2578.379
46.810,156.269,0.019,5,4492.712,2579.078
46.820,156.273,0.019,5,4492.833,2579.776
46.830,156.277,0.019,5,4492.954,2580.475
46.840,156.281,0.019,5,4493.075,2581.174
46.850,156.285,0.019,5,4493.196,2581.872
46.860,156.290,0.019,5,4493.317,2582.571
46.870,156.294,0.019,5,4493.437,2583.270
46.880,156.298,0.019,5,4493.558,2583.968
46.890,156.302,0.019,5,4493.679,2584.667
46.900,156.306,0.019,5,4493.800,2585.366
46.910,156.311,0.019,5,4493.920,2586.065
46.920,156.315,0.019,5,4494.041,2586.763
46.930,156.319,0.019,5,4494.161,2587.462
46.940,156.323,0.019,5,4494.282,2588.161
46.950,156.327,0.019,5,4494.402,2588.860
46.960,156.332,0.019,5,4494.523,2589.559
46.970,156.336,0.019,5,4494.643,2590.258
46.980,156.340,0.019,5,4494.763,2590.956
46.990,156.344,0.019,5,4494.883,2591.655
47.000,156.348,0.019,5,4495.004,2592.354
47.010,156.353,0.019,5,4495.124,2593.053
47.020,156.357,0.019,5,4495.244,2593.752
47.030,156.361,0.019,5,4495.364,2594.451
47.040,156.365,0.019,5,4495.484,2595.150
47.050,156.369,0.019,5,4495.604,2595.849
47.060,156.373,0.019,5,4495.724,2596.548
47.070,156.378,0.019,5,4495.844,2597.247
47.080,156.382,0.019,5,4495.963,2597.946
47.090,156.386,0.019,5,4496.083,2598.646
47.100,156.390,0.019,5,4496.203,2599.345
47.110,156.394,0.019,5,4496.322,2600.044
47.120,156.398,0.019,5,4496.442,2600.743
47.130,156.403,0.019,5,4496.562,2601.442
47.140,156.407,0.019,5,4496.681,2602.141
47.150,156.411,0.019,5,4496.800,2602.840
47.160,156.415,0.019,5,4496.920,2603.540
47.170,156.419,0.019,5,4497.039,2604.239
47.180,156.423,0.019,5,4497.158,2604.938
47.190,156.427,0.019,5,4497.278,2605.638
47.200,156.432,0.019,5,4497.397,2606.337
47.210,156.436,0.019,5,4497.516,2607.036
47.220,156.440,0.019,5,4497.635,2607.735
47.230,156.444,0.019,5,4497.754,2608.435
47.240,156.448,0.019,5,4497.873,2609.134
47.250,156.452,0.019,5,4497.992,2609.834
47.260,156.456,0.019,5,4498.111,2610.533
47.270,156.461,0.019,5,4498.230,2611.232
47.280,156.465,0.019,5,4498.349,2611.932
47.290,156.469,0.019,5,4498.467,2612.631
47.300,156.473,0.019,5,4498.586,2613.331
47.310,156.477,0.019,5,4498.705,2614.030
47.320,156.481,0.019,5,4498.823,2614.730
47.330,156.485,0.019,5,4498.942,2615.429
47.340,156.489,0.019,5,4499.060,2616.129
47.350,156.494,0.019,5,4499.179,2616.829
47.360,156.498,0.019,5,4499.297,2617.528
47.370,156.502,0.019,5,4499.416,2618.228
47.380,156.506,0.019,5,4499.534,2618.927
47.390,156.510,0.019,5,4499.652,2619.627
47.400,156.514,0.019,5,4499.770,2620.327
47.410,156.518,0.019,5,4499.889,2621.026
47.420,156.522,0.019,5,4500.007,2621.726
47.430,156.526,0.019,5,4500.125,2622.426
47.440,156.531,0.019,5,4500.243,2623.126
47.450,156.535,0.019,5,4500.361,2623.825
47.460,156.539,0.019,5,4500.479,2624.525
47.470,156.543,0.019,5,4500.597,2625.225
47.480,156.547,0.019,5,4500.714,2625.925
47.490,156.551,0.019,5,4500.832,2626.625
47.500,156.555,0.019,5,4500.950,2627.324
47.510,156.559,0.019,5,4501.067,2628.024
47.520,156.563,0.019,5,4501.185,2628.724
47.530,156.567,0.019,5,4501.303,2629.424
47.540,156.572,0.019,5,4501.420,2630.124
47.550,156.576,0.019,5,4501.538,2630.824
47.560,156.580,0.019,5,4501.655,2631.524
47.570,156.584,0.019,5,4501.772,2632.224
47.580,156.588,0.019,5,4501.890,2632.924
47.590,156.592,0.019,5,4502.007,2633.624
47.600,156.596,0.019,5,4502.124,2634.324
47.610,156.600,0.019,5,4502.241,2635.024
47.620,156.604,0.019,5,4502.359,2635.724
47.630,156.608,0.019,5,4502.476,2636.424
47.640,156.612,0.019,5,4502.593,2637.124
47.650,156.616,0.019,5,4502.710,2637.824
47.660,156.620,0.019,5,4502.827,2638.525
47.670,156.625,0.019,5,4502.944,2639.225
47.680,156.629,0.019,5,4503.060,2639.925
47.690,156.633,0.019,5,4503.177,2640.625
47.700,156.637,0.018,5,4503.294,2641.325
47.710,156.641,0.018,5,4503.411,2642.026
47.720,156.645,0.018,5,4503.527,2642.726
47.730,156.649,0.018,5,4503.644,2643.426
47.740,156.653,0.018,5,4503.760,2644.126
47.750,156.657,0.018,5,4503.877,2644.827
47.760,156.661,0.018,5,4503.993,2645.527
47.770,156.665,0.018,5,4504.110,2646.227
47.780,156.669,0.018,5,4504.226,2646.928
47.790,156.673,0.018,5,4504.342,2647.628
47.800,156.677,0.018,5,4504.459,2648.329
47.810,156.681,0.018,5,4504.575,2649.029
47.820,156.685,0.018,5,4504.691,2649.729
47.830,156.689,0.018,5,4504.807,2650.430
47.840,156.693,0.018,5,4504.923,2651.130
47.850,156.697,0.018,5,4505.039,2651.831
47.860,156.701,0.018,5,4505.155,2652.531
47.870,156.705,0.018,5,4505.271,2653.232
47.880,156.710,0.018,5,4505.387,2653.932
47.890,156.714,0.018,5,4505.503,2654.633
47.900,156.718,0.018,5,4505.619,2655.334
47.910,156.722,0.018,5,4505.734,2656.034
47.920,156.726,0.018,5,4505.850,2656.735
47.930,156.730,0.018,5,4505.966,2657.435
47.940,156.734,0.018,5,4506.081,2658.136
47.950,156.738,0.018,5,4506.197,2658.837
47.960,156.742,0.018,5,4506.312,2659.537
47.970,156.746,0.018,5,4506.428,2660.238
47.980,156.750,0.018,5,4506.543,2660.939
47.990,156.754,0.018,5,4506.659,2661.640
48.000,156.758,0.018,5,4506.774,2662.340
48.010,156.762,0.018,5,4506.889,2663.041
48.020,156.766,0.018,5,4507.004,2663.742
48.030,156.770,0.018,5,4507.120,2664.443
48.040,156.774,0.018,5,4507.235,2665.144
48.050,156.778,0.018,5,4507.350,2665.844
48.060,156.782,0.018,5,4507.465,2666.545
48.070,156.786,0.018,5,4507.580,2667.246
48.080,156.790,0.018,5,4507.695,2667.947
48.090,156.794,0.018,5,4507.809,2668.648
48.100,156.798,0.018,5,4507.924,2669.349
48.110,156.802,0.018,5,4508.039,2670.050
48.120,156.806,0.018,5,4508.154,2670.751
48.130,156.810,0.018,5,4508.268,2671.452
48.140,156.814,0.018,5,4508.383,2672.153
48.150,156.818,0.018,5,4508.498,2672.854
48.160,156.822,0.018,5,4508.612,2673.555
48.170,156.826,0.018,5,4508.727,2674.256
48.180,156.830,0.018,5,4508.841,2674.957
48.190,156.834,0.018,5,4508.956,2675.658
48.200,156.838,0.018,5,4509.070,2676.359
48.210,156.842,0.018,5,4509.184,2677.060
48.220,156.846,0.018,5,4509.298,2677.762
48.230,156.850,0.018,5,4509.413,2678.463
48.240,156.854,0.018,5,4509.527,2679.164
48.250,156.857,0.018,5,4509.641,2679.865
48.260,156.861,0.018,5,4509.755,2680.566
48.270,156.865,0.018,5,4509.869,2681.268
48.280,156.869,0.018,5,4509.983,2681.969
48.290,156.873,0.018,5,4510.097,2682.670
48.300,156.877,0.018,5,4510.211,2683.371
48.310,156.881,0.018,5,4510.325,2684.073
48.320,156.885,0.018,5,4510.438,2684.774
48.330,156.889,0.018,5,4510.552,2685.475
48.340,156.893,0.018,5,4510.666,2686.177
48.350,156.897,0.018,5,4510.779,2686.878
48.360,156.901,0.018,5,4510.893,2687.580
48.370,156.905,0.018,5,4511.007,2688.281
48.380,156.909,0.018,5,4511.120,2688.982
48.390,156.913,0.018,5,4511.233,2689.684
48.400,156.917,0.018,5,4511.347,2690.385
48.410,156.921,0.018,5,4511.460,2691.087
48.420,156.925,0.018,5,4511.574,2691.788
48.430,156.929,0.018,5,4511.687,2692.490
48.440,156.933,0.018,5,4511.800,2693.191
48.450,156.937,0.018,5,4511.913,2693.893
48.460,156.940,0.018,5,4512.026,2694.595
48.470,156.944,0.018,5,4512.139,2695.296
48.480,156.948,0.018,5,4512.252,2695.998
48.490,156.952,0.018,5,4512.365,2696.699
48.500,156.956,0.018,5,4512.478,2697.401
48.510,156.960,0.018,5,4512.591,2698.103
48.520,156.964,0.018,5,4512.704,2698.804
48.530,156.968,0.018,5,4512.817,2699.506
48.540,156.972,0.018,5,4512.930,2700.208
48.550,156.976,0.018,5,4513.042,2700.909
48.560,156.980,0.018,5,4513.155,2701.611
48.570,156.984,0.018,5,4513.267,2702.313
48.580,156.988,0.018,5,4513.380,2703.015
48.590,156.991,0.018,5,4513.493,2703.717
48.600,156.995,0.018,5,4513.605,2704.418
48.610,156.999,0.018,5,4513.717,2705.120
48.620,157.003,0.018,5,4513.830,2705.822
48.630,157.007,0.018,5,4513.942,2706.524
48.640,157.011,0.018,5,4514.054,2707.226
48.650,157.015,0.018,5,4514.167,2707.928
48.660,157.019,0.018,5,4514.279,2708.630
48.670,157.023,0.018,5,4514.391,2709.332
48.680,157.027,0.018,5,4514.503,2710.034
48.690,157.030,0.018,5,4514.615,2710.736
48.700,157.034,0.018,5,4514.727,2711.438
48.710,157.038,0.018,5,4514.839,2712.140
48.720,157.042,0.018,5,4514.951,2712.842
48.730,157.046,0.018,5,4515.063,2713.544
48.740,157.050,0.018,5,4515.175,2714.246
48.750,157.054,0.018,5,4515.286,2714.948
48.760,157.058,0.018,5,4515.398,2715.650
48.770,157.062,0.018,5,4515.510,2716.352
48.780,157.065,0.018,5,4515.621,2717.054
48.790,157.069,0.018,5,4515.733,2717.756
48.800,157.073,0.018,5,4515.844,2718.459
48.810,157.077,0.018,5,4515.956,2719.161
48.820,157.081,0.018,5,4516.067,2719.863
48.830,157.085,0.018,5,4516.179,2720.565
48.840,157.089,0.018,5,4516.290,2721.267
48.850,157.093,0.018,5,4516.401,2721.970
48.860,157.096,0.018,5,4516.513,2722.672
48.870,157.100,0.018,5,4516.624,2723.374
48.880,157.104,0.018,5,4516.735,2724.077
48.890,157.108,0.018,5,4516.846,2724.779
48.900,157.112,0.018,5,4516.957,2725.481
48.910,157.116,0.018,5,4517.068,2726.184
48.920,157.120,0.018,5,4517.179,2726.886
48.930,157.124,0.018,5,4517.290,2727.588
48.940,157.127,0.018,5,4517.401,2728.291
48.950,157.131,0.018,5,4517.512,2728.993
48.960,157.135,0.018,5,4517.623,2729.696
48.970,157.139,0.018,5,4517.733,2730.398
48.980,157.143,0.018,5,4517.844,2731.101
48.990,157.147,0.018,5,4517.955,2731.803
49.000,157.150,0.018,5,4518.065,2732.506
49.010,157.154,0.018,5,4518.176,2733.208
49.020,157.158,0.018,5,4518.286,2733.911
49.030,157.162,0.018,5,4518.397,2734.613
49.040,157.166,0.017,5,4518.507,2735.316
49.050,157.170,0.017,5,4518.618,2736.018
49.060,157.174,0.017,5,4518.728,2736.721
49.070,157.177,0.017,5,4518.838,2737.424
49.080,157.181,0.017,5,4518.948,2738.126
49.090,157.185,0.017,5,4519.059,2738.829
49.100,157.189,0.017,5,4519.169,2739.532
49.110,157.193,0.017,5,4519.279,2740.234
49.120,157.197,0.017,5,4519.389,2740.937
49.130,157.200,0.017,5,4519.499,2741.640
49.140,157.204,0.017,5,4519.609,2742.343
49.150,157.208,0.017,5,4519.719,2743.045
49.160,157.212,0.017,5,4519.829,2743.748
49.170,157.216,0.017,5,4519.938,2744.451
49.180,157.219,0.017,5,4520.048,2745.154
49.190,157.223,0.017,5,4520.158,2745.857
49.200,157.227,0.017,5,4520.268,2746.559
49.210,157.231,0.017,5,4520.377,2747.262
49.220,157.235,0.017,5,4520.487,2747.965
49.230,157.239,0.017,5,4520.596,2748.668
49.240,157.242,0.017,5,4520.706,2749.371
49.250,157.246,0.017,5,4520.815,2750.074
49.260,157.250,0.017,5,4520.925,2750.777
49.270,157.254,0.017,5,4521.034,2751.480
49.280,157.258,0.017,5,4521.143,2752.183
49.290,157.261,0.017,5,4521.253,2752.886
49.300,157.265,0.017,5,4521.362,2753.589
49.310,157.269,0.017,5,4521.471,2754.292
49.320,157.273,0.017,5,4521.580,2754.995
49.330,157.277,0.017,5,4521.689,2755.698
49.340,157.280,0.017,5,4521.798,2756.401
49.350,157.284,0.017,5,4521.907,2757.104
49.360,157.288,0.017,5,4522.016,2757.808
49.370,157.292,0.017,5,4522.125,2758.511
49.380,157.296,0.017,5,4522.234,2759.214
49.390,157.299,0.017,5,4522.343,2759.917
49.400,157.303,0.017,5,4522.452,2760.620
49.410,157.307,0.017,5,4522.561,2761.323
49.420,157.311,0.017,5,4522.669,2762.027
49.430,157.314,0.017,5,4522.778,2762.730
49.440,157.318,0.017,5,4522.886,2763.433
49.450,157.322,0.017,5,4522.995,2764.136
49.460,157.326,0.017,5,4523.103,2764.840
49.470,157.330,0.017,5,4523.212,2765.543
49.480,157.333,0.017,5,4523.320,2766.246
49.490,157.337,0.017,5,4523.429,2766.950
49.500,157.341,0.017,5,4523.537,2767.653
49.510,157.345,0.017,5,4523.645,2768.357
49.520,157.348,0.017,5,4523.754,2769.060
49.530,157.352,0.017,5,4523.862,2769.763
49.540,157.356,0.017,5,4523.970,2770.467
49.550,157.360,0.017,5,4524.078,2771.170
49.560,157.363,0.017,5,4524.186,2771.874
49.570,157.367,0.017,5,4524.294,2772.577
49.580,157.371,0.017,5,4524.402,2773.281
49.590,157.375,0.017,5,4524.510,2773.984
49.600,157.378,0.017,5,4524.618,2774.688
49.610,157.382,0.017,5,4524.726,2775.391
49.620,157.386,0.017,5,4524.833,2776.095
49.630,157.390,0.017,5,4524.941,2776.798
49.640,157.393,0.017,5,4525.049,2777.502
49.650,157.397,0.017,5,4525.156,2778.206
49.660,157.401,0.017,5,4525.264,2778.909
49.670,157.405,0.017,5,4525.372,2779.613
49.680,157.408,0.017,5,4525.479,2780.317
49.690,157.412,0.017,5,4525.587,2781.020
49.700,157.416,0.017,5,4525.694,2781.724
49.710,157.420,0.017,5,4525.801,2782.428
49.720,157.423,0.017,5,4525.909,2783.131
49.730,157.427,0.017,5,4526.016,2783.835
49.740,157.431,0.017,5,4526.123,2784.539
49.750,157.435,0.017,5,4526.231,2785.243
49.760,157.438,0.017,5,4526.338,2785.947
49.770,157.442,0.017,5,4526.445,2786.650
49.780,157.446,0.017,5,4526.552,2787.354
49.790,157.449,0.017,5,4526.659,2788.058
49.800,157.453,0.017,5,4526.766,2788.762
49.810,157.457,0.017,5,4526.873,2789.466
49.820,157.461,0.017,5,4526.980,2790.170
49.830,157.464,0.017,5,4527.086,2790.874
49.840,157.468,0.017,5,4527.193,2791.578
49.850,157.472,0.017,5,4527.300,2792.282
49.860,157.475,0.017,5,4527.407,2792.986
49.870,157.479,0.017,5,4527.513,2793.689
49.880,157.483,0.017,5,4527.620,2794.393
49.890,157.487,0.017,5,4527.727,2795.098
49.900,157.490,0.017,5,4527.833,2795.802
49.910,157.494,0.017,5,4527.940,2796.506
49.920,157.498,0.017,5,4528.046,2797.210
49.930,157.501,0.017,5,4528.152,2797.914
49.940,157.505,0.017,5,4528.259,2798.618
49.950,157.509,0.017,5,4528.365,2799.322
49.960,157.512,0.017,5,4528.471,2800.026
49.970,157.516,0.017,5,4528.578,2800.730
49.980,157.520,0.017,5,4528.684,2801.434
49.990,157.524,0.017,5,4528.790,2802.139
50.000,157.527,0.017,5,4528.896,2802.843
50.010,157.531,0.017,5,4529.002,2803.547
50.020,157.535,0.017,5,4529.108,2804.251
50.030,157.538,0.017,5,4529.214,2804.956
50.040,157.542,0.017,5,4529.320,2805.660
50.050,157.546,0.017,5,4529.426,2806.364
50.060,157.549,0.017,5,4529.532,2807.068
50.070,157.553,0.017,5,4529.637,2807.773
50.080,157.557,0.017,5,4529.743,2808.477
50.090,157.560,0.017,5,4529.849,2809.181
50.100,157.564,0.017,5,4529.954,2809.886
50.110,157.568,0.017,5,4530.060,2810.590
50.120,157.571,0.017,5,4530.166,2811.294
50.130,157.575,0.017,5,4530.271,2811.999
50.140,157.579,0.017,5,4530.377,2812.703
50.150,157.582,0.017,5,4530.482,2813.408
50.160,157.586,0.017,5,4530.587,2814.112
50.170,157.590,0.017,5,4530.693,2814.817
50.180,157.593,0.017,5,4530.798,2815.521
50.190,157.597,0.017,5,4530.903,2816.226
50.200,157.601,0.017,5,4531.008,2816.930
50.210,157.604,0.017,5,4531.114,2817.635
50.220,157.608,0.017,5,4531.219,2818.339
50.230,157.612,0.017,5,4531.324,2819.044
50.240,157.615,0.017,5,4531.429,2819.749
50.250,157.619,0.017,5,4531.534,2820.453
50.260,157.623,0.017,5,4531.639,2821.158
50.270,157.626,0.017,5,4531.744,2821.862
50.280,157.630,0.017,5,4531.849,2822.567
50.290,157.634,0.017,5,4531.953,2823.272
50.300,157.637,0.017,5,4532.058,2823.976
50.310,157.641,0.017,5,4532.163,2824.681
50.320,157.644,0.017,5,4532.268,2825.386
50.330,157.648,0.017,5,4532.372,2826.091
50.340,157.652,0.017,5,4532.477,2826.795
50.350,157.655,0.017,5,4532.581,2827.500
50.360,157.659,0.017,5,4532.686,2828.205
50.370,157.663,0.017,5,4532.790,2828.910
50.380,157.666,0.017,5,4532.895,2829.615
50.390,157.670,0.017,5,4532.999,2830.319
50.400,157.674,0.017,5,4533.103,2831.024
50.410,157.677,0.017,5,4533.208,2831.729
50.420,157.681,0.017,5,4533.312,2832.434
50.430,157.684,0.017,5,4533.416,2833.139
50.440,157.688,0.017,5,4533.520,2833.844
50.450,157.692,0.016,5,4533.624,2834.549
50.460,157.695,0.016,5,4533.728,2835.254
50.470,157.699,0.016,5,4533.832,2835.959
50.480,157.703,0.016,5,4533.936,2836.664
50.490,157.706,0.016,5,4534.040,2837.369
50.500,157.710,0.016,5,4534.144,2838.074
50.510,157.713,0.016,5,4534.248,2838.779
50.520,157.717,0.016,5,4534.352,2839.484
50.530,157.721,0.016,5,4534.456,2840.189
50.540,157.724,0.016,5,4534.559,2840.894
50.550,157.728,0.016,5,4534.663,2841.599
50.560,157.731,0.016,5,4534.767,2842.304
50.570,157.735,0.016,5,4534.870,2843.009
50.580,157.739,0.016,5,4534.974,2843.714
50.590,157.742,0.016,5,4535.077,2844.420
50.600,157.746,0.016,5,4535.181,2845.125
50.610,157.749,0.016,5,4535.284,2845.830
50.620,157.753,0.016,5,4535.388,2846.535
50.630,157.757,0.016,5,4535.491,2847.240
50.640,157.760,0.016,5,4535.594,2847.946
50.650,157.764,0.016,5,4535.697,2848.651
50.660,157.767,0.016,5,4535.801,2849.356
50.670,157.771,0.016,5,4535.904,2850.061
50.680,157.775,0.016,5,4536.007,2850.767
50.690,157.778,0.016,5,4536.110,2851.472
50.700,157.782,0.016,5,4536.213,2852.177
50.710,157.785,0.016,5,4536.316,2852.883
50.720,157.789,0.016,5,4536.419,2853.588
50.730,157.792,0.016,5,4536.522,2854.294
50.740,157.796,0.016,5,4536.625,2854.999
50.750,157.800,0.016,5,4536.728,2855.704
50.760,157.803,0.016,5,4536.830,2856.410
50.770,157.807,0.016,5,4536.933,2857.115
50.780,157.810,0.016,5,4537.036,2857.821
50.790,157.814,0.016,5,4537.138,2858.526
50.800,157.817,0.016,5,4537.241,2859.232
50.810,157.821,0.016,5,4537.344,2859.937
50.820,157.825,0.016,5,4537.446,2860.643
50.830,157.828,0.016,5,4537.549,2861.348
50.840,157.832,0.016,5,4537.651,2862.054
50.850,157.835,0.016,5,4537.753,2862.759
50.860,157.839,0.016,5,4537.856,2863.465
50.870,157.842,0.016,5,4537.958,2864.171
50.880,157.846,0.016,5,4538.060,2864.876
50.890,157.850,0.016,5,4538.162,2865.582
50.900,157.853,0.016,5,4538.265,2866.288
50.910,157.857,0.016,5,4538.367,2866.993
50.920,157.860,0.016,5,4538.469,2867.699
50.930,157.864,0.016,5,4538.571,2868.405
50.940,157.867,0.016,5,4538.673,2869.110
50.950,157.871,0.016,5,4538.775,2869.816
50.960,157.874,0.016,5,4538.877,2870.522
50.970,157.878,0.016,5,4538.979,2871.228
50.980,157.881,0.016,5,4539.080,2871.933
50.990,157.885,0.016,5,4539.182,2872.639
51.000,157.889,0.016,5,4539.284,2873.345
51.010,157.892,0.016,5,4539.386,2874.051
51.020,157.896,0.016,5,4539.487,2874.757
51.030,157.899,0.016,5,4539.589,2875.463
51.040,157.903,0.016,5,4539.691,2876.168
51.050,157.906,0.016,5,4539.792,2876.874
51.060,157.910,0.016,5,4539.894,2877.580
51.070,157.913,0.016,5,4539.995,2878.286
51.080,157.917,0.016,5,4540.096,2878.992
51.090,157.920,0.016,5,4540.198,2879.698
51.100,157.924,0.016,5,4540.299,2880.404
51.110,157.927,0.016,5,4540.400,2881.110
51.120,157.931,0.016,5,4540.502,2881.816
51.130,157.934,0.016,5,4540.603,2882.522
51.140,157.938,0.016,5,4540.704,2883.228
51.150,157.941,0.016,5,4540.805,2883.934
51.160,157.945,0.016,5,4540.906,2884.640
51.170,157.948,0.016,5,4541.007,2885.346
51.180,157.952,0.016,5,4541.108,2886.052
51.190,157.956,0.016,5,4541.209,2886.758
51.200,157.959,0.016,5,4541.310,2887.465
51.210,157.963,0.016,5,4541.411,2888.171
51.220,157.966,0.016,5,4541.512,2888.877
51.230,157.970,0.016,5,4541.612,2889.583
51.240,157.973,0.016,5,4541.713,2890.289
51.250,157.977,0.016,5,4541.814,2890.996
51.260,157.980,0.016,5,4541.914,2891.702
51.270,157.984,0.016,5,4542.015,2892.408
51.280,157.987,0.016,5,4542.116,2893.114
51.290,157.991,0.016,5,4542.216,2893.820
51.300,157.994,0.016,5,4542.317,2894.527
51.310,157.998,0.016,5,4542.417,2895.233
51.320,158.001,0.016,5,4542.517,2895.939
51.330,158.005,0.016,5,4542.618,2896.646
51.340,158.008,0.016,5,4542.718,2897.352
51.350,158.011,0.016,5,4542.818,2898.058
51.360,158.015,0.016,5,4542.919,2898.765
51.370,158.018,0.016,5,4543.019,2899.471
51.380,158.022,0.016,5,4543.119,2900.178
51.390,158.025,0.016,5,4543.219,2900.884
51.400,158.029,0.016,5,4543.319,2901.591
51.410,158.032,0.016,5,4543.419,2902.297
51.420,158.036,0.016,5,4543.519,2903.003
51.430,158.039,0.016,5,4543.619,2903.710
51.440,158.043,0.016,5,4543.719,2904.416
51.450,158.046,0.016,5,4543.819,2905.123
51.460,158.050,0.016,5,4543.919,2905.830
51.470,158.053,0.016,5,4544.018,2906.536
51.480,158.057,0.016,5,4544.118,2907.243
51.490,158.060,0.016,5,4544.218,2907.949
51.500,158.064,0.016,5,4544.317,2908.656
51.510,158.067,0.016,5,4544.417,2909.362
51.520,158.071,0.016,5,4544.516,2910.069
51.530,158.074,0.016,5,4544.616,2910.776
51.540,158.077,0.016,5,4544.715,2911.482
51.550,158.081,0.016,5,4544.815,2912.189
51.560,158.084,0.016,5,4544.914,2912.896
51.570,158.088,0.016,5,4545.014,2913.602
51.580,158.091,0.016,5,4545.113,2914.309
51.590,158.095,0.016,5,4545.212,2915.016
51.600,158.098,0.016,5,4545.311,2915.723
51.610,158.102,0.016,5,4545.411,2916.429
51.620,158.105,0.016,5,4545.510,2917.136
51.630,158.109,0.016,5,4545.609,2917.843
51.640,158.112,0.016,5,4545.708,2918.550
51.650,158.115,0.016,5,4545.807,2919.257
51.660,158.119,0.016,5,4545.906,2919.963
51.670,158.122,0.016,5,4546.005,2920.670
51.680,158.126,0.016,5,4546.104,2921.377
51.690,158.129,0.016,5,4546.203,2922.084
51.700,158.133,0.016,5,4546.301,2922.791
51.710,158.136,0.016,5,4546.400,2923.498
51.720,158.139,0.016,5,4546.499,2924.205
51.730,158.143,0.016,5,4546.597,2924.912
51.740,158.146,0.016,5,4546.696,2925.619
51.750,158.150,0.016,5,4546.795,2926.326
51.760,158.153,0.016,5,4546.893,2927.033
51.770,158.157,0.016,5,4546.992,2927.740
51.780,158.160,0.016,5,4547.090,2928.447
51.790,158.163,0.016,5,4547.189,2929.154
51.800,158.167,0.016,5,4547.287,2929.861
51.810,158.170,0.016,5,4547.385,2930.568
51.820,158.174,0.016,5,4547.484,2931.275
51.830,158.177,0.016,5,4547.582,2931.982
51.840,158.181,0.016,5,4547.680,2932.689
51.850,158.184,0.016,5,4547.778,2933.396
51.860,158.187,0.016,5,4547.877,2934.104
51.870,158.191,0.016,5,4547.975,2934.811
51.880,158.194,0.016,5,4548.073,2935.518
51.890,158.198,0.016,5,4548.171,2936.225
51.900,158.201,0.016,5,4548.269,2936.932
51.910,158.204,0.016,5,4548.367,2937.640
51.920,158.208,0.016,5,4548.465,2938.347
51.930,158.211,0.016,5,4548.562,2939.054
51.940,158.215,0.015,5,4548.660,2939.761
51.950,158.218,0.015,5,4548.758,2940.469
51.960,158.221,0.015,5,4548.856,2941.176
51.970,158.225,0.015,5,4548.953,2941.883
51.980,158.228,0.015,5,4549.051,2942.591
51.990,158.232,0.015,5,4549.149,2943.298
52.000,158.235,0.015,5,4549.246,2944.005
52.010,158.238,0.015,5,4549.344,2944.713
52.020,158.242,0.015,5,4549.441,2945.420
52.030,158.245,0.015,5,4549.539,2946.128
52.040,158.249,0.015,5,4549.636,2946.835
52.050,158.252,0.015,5,4549.734,2947.542
52.060,158.255,0.015,5,4549.831,2948.250
52.070,158.259,0.015,5,4549.928,2948.957
52.080,158.262,0.015,5,4550.025,2949.665
52.090,158.266,0.015,5,4550.123,2950.372
52.100,158.269,0.015,5,4550.220,2951.080
52.110,158.272,0.015,5,4550.317,2951.787
52.120,158.276,0.015,5,4550.414,2952.495
52.130,158.279,0.015,5,4550.511,2953.202
52.140,158.282,0.015,5,4550.608,2953.910
52.150,158.286,0.015,5,4550.705,2954.618
52.160,158.289,0.015,5,4550.802,2955.325
52.170,158.293,0.015,5,4550.899,2956.033
52.180,158.296,0.015,5,4550.996,2956.741
52.190,158.299,0.015,5,4551.092,2957.448
52.200,158.303,0.015,5,4551.189,2958.156
52.210,158.306,0.015,5,4551.286,2958.864
52.220,158.309,0.015,5,4551.383,2959.571
52.230,158.313,0.015,5,4551.479,2960.279
52.240,158.316,0.015,5,4551.576,2960.987
52.250,158.319,0.015,5,4551.672,2961.694
52.260,158.323,0.015,5,4551.769,2962.402
52.270,158.326,0.015,5,4551.865,2963.110
52.280,158.330,0.015,5,4551.962,2963.818
52.290,158.333,0.015,5,4552.058,2964.526
52.300,158.336,0.015,5,4552.155,2965.233
52.310,158.340,0.015,5,4552.251,2965.941
52.320,158.343,0.015,5,4552.347,2966.649
52.330,158.346,0.015,5,4552.443,2967.357
52.340,158.350,0.015,5,4552.540,2968.065
52.350,158.353,0.015,5,4552.636,2968.773
52.360,158.356,0.015,5,4552.732,2969.481
52.370,158.360,0.015,5,4552.828,2970.188
52.380,158.363,0.015,5,4552.924,2970.896
52.390,158.366,0.015,5,4553.020,2971.604
52.400,158.370,0.015,5,4553.116,2972.312
52.410,158.373,0.015,5,4553.212,2973.020
52.420,158.376,0.015,5,4553.308,2973.728
52.430,158.380,0.015,5,4553.403,2974.436
52.440,158.383,0.015,5,4553.499,2975.144
52.450,158.386,0.015,5,4553.595,2975.852
52.460,158.390,0.015,5,4553.691,2976.560
52.470,158.393,0.015,5,4553.786,2977.269
52.480,158.396,0.015,5,4553.882,2977.977
52.490,158.400,0.015,5,4553.978,2978.685
52.500,158.403,0.015,5,4554.073,2979.393
52.510,158.406,0.015,5,4554.169,2980.101
52.520,158.410,0.015,5,4554.264,2980.809
52.530,158.413,0.015,5,4554.359,2981.517
52.540,158.416,0.015,5,4554.455,2982.225
52.550,158.420,0.015,5,4554.550,2982.934
52.560,158.423,0.015,5,4554.646,2983.642
52.570,158.426,0.015,5,4554.741,2984.350
52.580,158.429,0.015,5,4554.836,2985.058
52.590,158.433,0.015,5,4554.931,2985.767
52.600,158.436,0.015,5,4555.026,2986.475
52.610,158.439,0.015,5,4555.121,2987.183
52.620,158.443,0.015,5,4555.217,2987.891
52.630,158.446,0.015,5,4555.312,2988.600
52.640,158.449,0.015,5,4555.407,2989.308
52.650,158.453,0.015,5,4555.501,2990.016
52.660,158.456,0.015,5,4555.596,2990.725
52.670,158.459,0.015,5,4555.691,2991.433
52.680,158.463,0.015,5,4555.786,2992.141
52.690,158.466,0.015,5,4555.881,2992.850
52.700,158.469,0.015,5,4555.976,2993.558
52.710,158.472,0.015,5,4556.070,2994.267
52.720,158.476,0.015,5,4556.165,2994.975
52.730,158.479,0.015,5,4556.260,2995.684
52.740,158.482,0.015,5,4556.354,2996.392
52.750,158.486,0.015,5,4556.449,2997.101
52.760,158.489,0.015,5,4556.543,2997.809
52.770,158.492,0.015,5,4556.638,2998.518
52.780,158.495,0.015,5,4556.732,2999.226
52.790,158.499,0.015,5,4556.827,2999.935
52.800,158.502,0.015,5,4556.921,3000.643
52.810,158.505,0.015,5,4557.015,3001.352
52.820,158.509,0.015,5,4557.109,3002.060
52.830,158.512,0.015,5,4557.204,3002.769
52.840,158.515,0.015,5,4557.298,3003.478
52.850,158.518,0.015,5,4557.392,3004.186
52.860,158.522,0.015,5,4557.486,3004.895
52.870,158.525,0.015,5,4557.580,3005.604
52.880,158.528,0.015,5,4557.674,3006.312
52.890,158.531,0.015,5,4557.768,3007.021
52.900,158.535,0.015,5,4557.862,3007.730
52.910,158.538,0.015,5,4557.956,3008.438
52.920,158.541,0.015,5,4558.050,3009.147
52.930,158.545,0.015,5,4558.144,3009.856
52.940,158.548,0.015,5,4558.238,3010.565
52.950,158.551,0.015,5,4558.331,3011.273
52.960,158.554,0.015,5,4558.425,3011.982
52.970,158.558,0.015,5,4558.519,3012.691
52.980,158.561,0.015,5,4558.612,3013.400
52.990,158.564,0.015,5,4558.706,3014.109
53.000,158.567,0.015,5,4558.800,3014.817
53.010,158.571,0.015,5,4558.893,3015.526
53.020,158.574,0.015,5,4558.987,3016.235
53.030,158.577,0.015,5,4559.080,3016.944
53.040,158.580,0.015,5,4559.173,3017.653
53.050,158.584,0.015,5,4559.267,3018.362
53.060,158.587,0.015,5,4559.360,3019.071
53.070,158.590,0.015,5,4559.453,3019.780
53.080,158.593,0.015,5,4559.547,3020.489
53.090,158.597,0.015,5,4559.640,3021.198
53.100,158.600,0.015,5,4559.733,3021.907
53.110,158.603,0.015,5,4559.826,3022.616
53.120,158.606,0.015,5,4559.919,3023.325
53.130,158.610,0.015,5,4560.012,3024.034
53.140,158.613,0.015,5,4560.105,3024.743
53.150,158.616,0.015,5,4560.198,3025.452
53.160,158.619,0.015,5,4560.291,3026.161
53.170,158.622,0.015,5,4560.384,3026.870
53.180,158.626,0.015,5,4560.477,3027.579
53.190,158.629,0.015,5,4560.570,3028.288
53.200,158.632,0.015,5,4560.663,3028.997
53.210,158.635,0.015,5,4560.755,3029.707
53.220,158.639,0.015,5,4560.848,3030.416
53.230,158.642,0.015,5,4560.941,3031.125
53.240,158.645,0.015,5,4561.033,3031.834
53.250,158.648,0.015,5,4561.126,3032.543
53.260,158.651,0.015,5,4561.218,3033.253
53.270,158.655,0.015,5,4561.311,3033.962
53.280,158.658,0.015,5,4561.403,3034.671
53.290,158.661,0.015,5,4561.496,3035.380
53.300,158.664,0.015,5,4561.588,3036.090
53.310,158.668,0.015,5,4561.681,3036.799
53.320,158.671,0.015,5,4561.773,3037.508
53.330,158.674,0.015,5,4561.865,3038.218
53.340,158.677,0.015,5,4561.957,3038.927
53.350,158.680,0.015,5,4562.050,3039.636
53.360,158.684,0.015,5,4562.142,3040.346
53.370,158.687,0.015,5,4562.234,3041.055
53.380,158.690,0.015,5,4562.326,3041.764
53.390,158.693,0.015,5,4562.418,3042.474
53.400,158.696,0.015,5,4562.510,3043.183
53.410,158.700,0.015,5,4562.602,3043.893
53.420,158.703,0.015,5,4562.694,3044.602
53.430,158.706,0.015,5,4562.786,3045.312
53.440,158.709,0.015,5,4562.878,3046.021
53.450,158.712,0.015,5,4562.969,3046.731
53.460,158.716,0.015,5,4563.061,3047.440
53.470,158.719,0.015,5,4563.153,3048.150
53.480,158.722,0.015,5,4563.245,3048.859
53.490,158.725,0.015,5,4563.336,3049.569
53.500,158.728,0.015,5,4563.428,3050.278
53.510,158.732,0.015,5,4563.519,3050.988
53.520,158.735,0.015,5,4563.611,3051.698
53.530,158.738,0.014,5,4563.702,3052.407
53.540,158.741,0.014,5,4563.794,3053.117
53.550,158.744,0.014,5,4563.885,3053.826
53.560,158.747,0.014,5,4563.977,3054.536
53.570,158.751,0.014,5,4564.068,3055.246
53.580,158.754,0.014,5,4564.159,3055.955
53.590,158.757,0.014,5,4564.251,3056.665
53.600,158.760,0.014,5,4564.342,3057.375
53.610,158.763,0.014,5,4564.433,3058.085
53.620,158.766,0.014,5,4564.524,3058.794
53.630,158.770,0.014,5,4564.615,3059.504
53.640,158.773,0.014,5,4564.706,3060.214
53.650,158.776,0.014,5,4564.797,3060.924
53.660,158.779,0.014,5,4564.888,3061.633
53.670,158.782,0.014,5,4564.979,3062.343
53.680,158.785,0.014,5,4565.070,3063.053
53.690,158.789,0.014,5,4565.161,3063.763
53.700,158.792,0.014,5,4565.252,3064.473
53.710,158.795,0.014,5,4565.343,3065.183
53.720,158.798,0.014,5,4565.434,3065.893
53.730,158.801,0.014,5,4565.524,3066.602
53.740,158.804,0.014,5,4565.615,3067.312
53.750,158.808,0.014,5,4565.706,3068.022
53.760,158.811,0.014,5,4565.796,3068.732
53.770,158.814,0.014,5,4565.887,3069.442
53.780,158.817,0.014,5,4565.977,3070.152
53.790,158.820,0.014,5,4566.068,3070.862
53.800,158.823,0.014,5,4566.158,3071.572
53.810,158.826,0.014,5,4566.249,3072.282
53.820,158.830,0.014,5,4566.339,3072.992
53.830,158.833,0.014,5,4566.430,3073.702
53.840,158.836,0.014,5,4566.520,3074.412
53.850,158.839,0.014,5,4566.610,3075.122
53.860,158.842,0.014,5,4566.700,3075.832
53.870,158.845,0.014,5,4566.791,3076.542
53.880,158.848,0.014,5,4566.881,3077.253
53.890,158.852,0.014,5,4566.971,3077.963
53.900,158.855,0.014,5,4567.061,3078.673
53.910,158.858,0.014,5,4567.151,3079.383
53.920,158.861,0.014,5,4567.241,3080.093
53.930,158.864,0.014,5,4567.331,3080.803
53.940,158.867,0.014,5,4567.421,3081.514
53.950,158.870,0.014,5,4567.511,3082.224
53.960,158.873,0.014,5,4567.601,3082.934
53.970,158.877,0.014,5,4567.690,3083.644
53.980,158.880,0.014,5,4567.780,3084.354
53.990,158.883,0.014,5,4567.870,3085.065
54.000,158.886,0.014,5,4567.960,3085.775
54.010,158.889,0.014,5,4568.049,3086.485
54.020,158.892,0.014,5,4568.139,3087.196
54.030,158.895,0.014,5,4568.229,3087.906
54.040,158.898,0.014,5,4568.318,3088.616
54.050,158.902,0.014,5,4568.408,3089.327
54.060,158.905,0.014,5,4568.497,3090.037
54.070,158.908,0.014,5,4568.587,3090.747
54.080,158.911,0.014,5,4568.676,3091.458
54.090,158.914,0.014,5,4568.765,3092.168
54.100,158.917,0.014,5,4568.855,3092.879
54.110,158.920,0.014,5,4568.944,3093.589
54.120,158.923,0.014,5,4569.033,3094.299
54.130,158.926,0.014,5,4569.122,3095.010
54.140,158.930,0.014,5,4569.212,3095.720
54.150,158.933,0.014,5,4569.301,3096.431
54.160,158.936,0.014,5,4569.390,3097.141
54.170,158.939,0.014,5,4569.479,3097.852
54.180,158.942,0.014,5,4569.568,3098.562
54.190,158.945,0.014,5,4569.657,3099.273
54.200,158.948,0.014,5,4569.746,3099.983
54.210,158.951,0.014,5,4569.835,3100.694
54.220,158.954,0.014,5,4569.924,3101.405
54.230,158.957,0.014,5,4570.013,3102.115
54.240,158.960,0.014,5,4570.101,3102.826
54.250,158.964,0.014,5,4570.190,3103.536
54.260,158.967,0.014,5,4570.279,3104.247
54.270,158.970,0.014,5,4570.368,3104.958
54.280,158.973,0.014,5,4570.456,3105.668
54.290,158.976,0.014,5,4570.545,3106.379
54.300,158.979,0.014,5,4570.633,3107.090
54.310,158.982,0.014,5,4570.722,3107.800
54.320,158.985,0.014,5,4570.810,3108.511
54.330,158.988,0.014,5,4570.899,3109.222
54.340,158.991,0.014,5,4570.987,3109.933
54.350,158.994,0.014,5,4571.076,3110.643
54.360,158.997,0.014,5,4571.164,3111.354
54.370,159.000,0.014,5,4571.252,3112.065
54.380,159.004,0.014,5,4571.341,3112.776
54.390,159.007,0.014,5,4571.429,3113.487
54.400,159.010,0.014,5,4571.517,3114.197
54.410,159.013,0.014,5,4571.605,3114.908
54.420,159.016,0.014,5,4571.694,3115.619
54.430,159.019,0.014,5,4571.782,3116.330
54.440,159.022,0.014,5,4571.870,3117.041
54.450,159.025,0.014,5,4571.958,3117.752
54.460,159.028,0.014,5,4572.046,3118.463
54.470,159.031,0.014,5,4572.134,3119.174
54.480,159.034,0.014,5,4572.222,3119.885
54.490,159.037,0.014,5,4572.309,3120.595
54.500,159.040,0.014,5,4572.397,3121.306
54.510,159.043,0.014,5,4572.485,3122.017
54.520,159.046,0.014,5,4572.573,3122.728
54.530,159.049,0.014,5,4572.661,3123.439
54.540,159.053,0.014,5,4572.748,3124.150
54.550,159.056,0.014,5,4572.836,3124.861
54.560,159.059,0.014,5,4572.923,3125.573
54.570,159.062,0.014,5,4573.011,3126.284
54.580,159.065,0.014,5,4573.099,3126.995
54.590,159.068,0.014,5,4573.186,3127.706
54.600,159.071,0.014,5,4573.274,3128.417
54.610,159.074,0.014,5,4573.361,3129.128
54.620,159.077,0.014,5,4573.448,3129.839
54.630,159.080,0.014,5,4573.536,3130.550
54.640,159.083,0.014,5,4573.623,3131.261
54.650,159.086,0.014,5,4573.710,3131.973
54.660,159.089,0.014,5,4573.798,3132.684
54.670,159.092,0.014,5,4573.885,3133.395
54.680,159.095,0.014,5,4573.972,3134.106
54.690,159.098,0.014,5,4574.059,3134.817
54.700,159.101,0.014,5,4574.146,3135.529
54.710,159.104,0.014,5,4574.233,3136.240
54.720,159.107,0.014,5,4574.320,3136.951
54.730,159.110,0.014,5,4574.407,3137.662
54.740,159.113,0.014,5,4574.494,3138.374
54.750,159.116,0.014,5,4574.581,3139.085
54.760,159.119,0.014,5,4574.668,3139.796
54.770,159.122,0.014,5,4574.755,3140.508
54.780,159.125,0.014,5,4574.842,3141.219
54.790,159.128,0.014,5,4574.928,3141.930
54.800,159.131,0.014,5,4575.015,3142.642
54.810,159.134,0.014,5,4575.102,3143.353
54.820,159.137,0.014,5,4575.189,3144.065
54.830,159.140,0.014,5,4575.275,3144.776
54.840,159.143,0.014,5,4575.362,3145.487
54.850,159.146,0.014,5,4575.448,3146.199
54.860,159.149,0.014,5,4575.535,3146.910
54.870,159.152,0.014,5,4575.621,3147.622
54.880,159.155,0.014,5,4575.708,3148.333
54.890,159.158,0.014,5,4575.794,3149.045
54.900,159.161,0.014,5,4575.881,3149.756
54.910,159.164,0.014,5,4575.967,3150.468
54.920,159.167,0.014,5,4576.053,3151.179
54.930,159.170,0.014,5,4576.139,3151.891
54.940,159.173,0.014,5,4576.226,3152.602
54.950,159.176,0.014,5,4576.312,3153.314
54.960,159.179,0.014,5,4576.398,3154.026
54.970,159.182,0.014,5,4576.484,3154.737
54.980,159.185,0.014,5,4576.570,3155.449
54.990,159.188,0.014,5,4576.656,3156.160
55.000,159.191,0.014,5,4576.742,3156.872
55.010,159.194,0.014,5,4576.828,3157.584
55.020,159.197,0.014,5,4576.914,3158.295
55.030,159.200,0.014,5,4577.000,3159.007
55.040,159.203,0.014,5,4577.086,3159.719
55.050,159.206,0.014,5,4577.172,3160.430
55.060,159.209,0.014,5,4577.257,3161.142
55.070,159.212,0.014,5,4577.343,3161.854
55.080,159.215,0.014,5,4577.429,3162.566
55.090,159.218,0.014,5,4577.515,3163.277
55.100,159.221,0.014,5,4577.600,3163.989
55.110,159.224,0.014,5,4577.686,3164.701
55.120,159.227,0.014,5,4577.771,3165.413
55.130,159.230,0.014,5,4577.857,3166.125
55.140,159.233,0.014,5,4577.942,3166.836
55.150,159.236,0.014,5,4578.028,3167.548
55.160,159.239,0.014,5,4578.113,3168.260
55.170,159.242,0.014,5,4578.199,3168.972
55.180,159.245,0.014,5,4578.284,3169.684
55.190,159.248,0.014,5,4578.369,3170.396
55.200,159.251,0.014,5,4578.455,3171.108
55.210,159.254,0.014,5,4578.540,3171.820
55.220,159.257,0.014,5,4578.625,3172.531
55.230,159.260,0.013,5,4578.710,3173.243
55.240,159.263,0.013,5,4578.795,3173.955
55.250,159.266,0.013,5,4578.881,3174.667
55.260,159.269,0.013,5,4578.966,3175.379
55.270,159.272,0.013,5,4579.051,3176.091
55.280,159.275,0.013,5,4579.136,3176.803
55.290,159.278,0.013,5,4579.221,3177.515
55.300,159.281,0.013,5,4579.306,3178.227
55.310,159.284,0.013,5,4579.390,3178.939
55.320,159.287,0.013,5,4579.475,3179.652
55.330,159.289,0.013,5,4579.560,3180.364
55.340,159.292,0.013,5,4579.645,3181.076
55.350,159.295,0.013,5,4579.730,3181.788
55.360,159.298,0.013,5,4579.814,3182.500
55.370,159.301,0.013,5,4579.899,3183.212
55.380,159.304,0.013,5,4579.984,3183.924
55.390,159.307,0.013,5,4580.068,3184.636
55.400,159.310,0.013,5,4580.153,3185.349
55.410,159.313,0.013,5,4580.237,3186.061
55.420,159.316,0.013,5,4580.322,3186.773
55.430,159.319,0.013,5,4580.406,3187.485
55.440,159.322,0.013,5,4580.491,3188.197
55.450,159.325,0.013,5,4580.575,3188.910
55.460,159.328,0.013,5,4580.659,3189.622
55.470,159.331,0.013,5,4580.744,3190.334
55.480,159.334,0.013,5,4580.828,3191.046
55.490,159.336,0.013,5,4580.912,3191.759
55.500,159.339,0.013,5,4580.997,3192.471
55.510,159.342,0.013,5,4581.081,3193.183
55.520,159.345,0.013,5,4581.165,3193.896
55.530,159.348,0.013,5,4581.249,3194.608
55.540,159.351,0.013,5,4581.333,3195.320
55.550,159.354,0.013,5,4581.417,3196.033
55.560,159.357,0.013,5,4581.501,3196.745
55.570,159.360,0.013,5,4581.585,3197.457
55.580,159.363,0.013,5,4581.669,3198.170
55.590,159.366,0.013,5,4581.753,3198.882
55.600,159.369,0.013,5,4581.837,3199.595
55.610,159.372,0.013,5,4581.920,3200.307
55.620,159.374,0.013,5,4582.004,3201.020
55.630,159.377,0.013,5,4582.088,3201.732
55.640,159.380,0.013,5,4582.172,3202.445
55.650,159.383,0.013,5,4582.255,3203.157
55.660,159.386,0.013,5,4582.339,3203.870
55.670,159.389,0.013,5,4582.423,3204.582
55.680,159.392,0.013,5,4582.506,3205.295
55.690,159.395,0.013,5,4582.590,3206.007
55.700,159.398,0.013,5,4582.673,3206.720
55.710,159.401,0.013,5,4582.757,3207.432
55.720,159.404,0.013,5,4582.840,3208.145
55.730,159.406,0.013,5,4582.924,3208.858
55.740,159.409,0.013,5,4583.007,3209.570
55.750,159.412,0.013,5,4583.090,3210.283
55.760,159.415,0.013,5,4583.174,3210.995
55.770,159.418,0.013,5,4583.257,3211.708
55.780,159.421,0.013,5,4583.340,3212.421
55.790,159.424,0.013,5,4583.423,3213.133
55.800,159.427,0.013,5,4583.506,3213.846
55.810,159.430,0.013,5,4583.589,3214.559
55.820,159.432,0.013,5,4583.673,3215.272
55.830,159.435,0.013,5,4583.756,3215.984
55.840,159.438,0.013,5,4583.839,3216.697
55.850,159.441,0.013,5,4583.922,3217.410
55.860,159.444,0.013,5,4584.004,3218.123
55.870,159.447,0.013,5,4584.087,3218.835
55.880,159.450,0.013,5,4584.170,3219.548
55.890,159.453,0.013,5,4584.253,3220.261
55.900,159.456,0.013,5,4584.336,3220.974
55.910,159.458,0.013,5,4584.419,3221.687
55.920,159.461,0.013,5,4584.501,3222.399
55.930,159.464,0.013,5,4584.584,3223.112
55.940,159.467,0.013,5,4584.667,3223.825
55.950,159.470,0.013,5,4584.749,3224.538
55.960,159.473,0.013,5,4584.832,3225.251
55.970,159.476,0.013,5,4584.914,3225.964
55.980,159.479,0.013,5,4584.997,3226.677
55.990,159.481,0.013,5,4585.079,3227.390
56.000,159.484,0.013,5,4585.162,3228.103
56.010,159.487,0.013,5,4585.244,3228.816
56.020,159.490,0.013,5,4585.327,3229.529
56.030,159.493,0.013,5,4585.409,3230.242
56.040,159.496,0.013,5,4585.491,3230.955
56.050,159.499,0.013,5,4585.574,3231.668
56.060,159.501,0.013,5,4585.656,3232.381
56.070,159.504,0.013,5,4585.738,3233.094
56.080,159.507,0.013,5,4585.820,3233.807
56.090,159.510,0.013,5,4585.902,3234.520
56.100,159.513,0.013,5,4585.985,3235.233
56.110,159.516,0.013,5,4586.067,3235.946
56.120,159.519,0.013,5,4586.149,3236.659
56.130,159.521,0.013,5,4586.231,3237.372
56.140,159.524,0.013,5,4586.313,3238.085
56.150,159.527,0.013,5,4586.395,3238.799
56.160,159.530,0.013,5,4586.476,3239.512
56.170,159.533,0.013,5,4586.558,3240.225
56.180,159.536,0.013,5,4586.640,3240.938
56.190,159.539,0.013,5,4586.722,3241.651
56.200,159.541,0.013,5,4586.804,3242.364
56.210,159.544,0.013,5,4586.885,3243.078
56.220,159.547,0.013,5,4586.967,3243.791
56.230,159.550,0.013,5,4587.049,3244.504
56.240,159.553,0.013,5,4587.130,3245.217
56.250,159.556,0.013,5,4587.212,3245.931
56.260,159.558,0.013,5,4587.293,3246.644
56.270,159.561,0.013,5,4587.375,3247.357
56.280,159.564,0.013,5,4587.456,3248.071
56.290,159.567,0.013,5,4587.538,3248.784
56.300,159.570,0.013,5,4587.619,3249.497
56.310,159.573,0.013,5,4587.701,3250.211
56.320,159.575,0.013,5,4587.782,3250.924
56.330,159.578,0.013,5,4587.863,3251.637
56.340,159.581,0.013,5,4587.945,3252.351
56.350,159.584,0.013,5,4588.026,3253.064
56.360,159.587,0.013,5,4588.107,3253.777
56.370,159.590,0.013,5,4588.188,3254.491
56.380,159.592,0.013,5,4588.269,3255.204
56.390,159.595,0.013,5,4588.350,3255.918
56.400,159.598,0.013,5,4588.431,3256.631
56.410,159.601,0.013,5,4588.513,3257.345
56.420,159.604,0.013,5,4588.594,3258.058
56.430,159.606,0.013,5,4588.674,3258.772
56.440,159.609,0.013,5,4588.755,3259.485
56.450,159.612,0.013,5,4588.836,3260.199
56.460,159.615,0.013,5,4588.917,3260.912
56.470,159.618,0.013,5,4588.998,3261.626
56.480,159.621,0.013,5,4589.079,3262.339
56.490,159.623,0.013,5,4589.160,3263.053
56.500,159.626,0.013,5,4589.240,3263.767
56.510,159.629,0.013,5,4589.321,3264.480
56.520,159.632,0.013,5,4589.402,3265.194
56.530,159.635,0.013,5,4589.482,3265.907
56.540,159.637,0.013,5,4589.563,3266.621
56.550,159.640,0.013,5,4589.643,3267.335
56.560,159.643,0.013,5,4589.724,3268.048
56.570,159.646,0.013,5,4589.804,3268.762
56.580,159.649,0.013,5,4589.885,3269.476
56.590,159.651,0.013,5,4589.965,3270.189
56.600,159.654,0.013,5,4590.046,3270.903
56.610,159.657,0.013,5,4590.126,3271.617
56.620,159.660,0.013,5,4590.206,3272.331
56.630,159.663,0.013,5,4590.287,3273.044
56.640,159.665,0.013,5,4590.367,3273.758
56.650,159.668,0.013,5,4590.447,3274.472
56.660,159.671,0.013,5,4590.527,3275.186
56.670,159.674,0.013,5,4590.607,3275.899
56.680,159.676,0.013,5,4590.687,3276.613
56.690,159.679,0.013,5,4590.768,3277.327
56.700,159.682,0.013,5,4590.848,3278.041
56.710,159.685,0.013,5,4590.928,3278.755
56.720,159.688,0.013,5,4591.008,3279.469
56.730,159.690,0.013,5,4591.088,3280.182
56.740,159.693,0.013,5,4591.167,3280.896
56.750,159.696,0.013,5,4591.247,3281.610
56.760,159.699,0.013,5,4591.327,3282.324
56.770,159.702,0.013,5,4591.407,3283.038
56.780,159.704,0.013,5,4591.487,3283.752
56.790,159.707,0.013,5,4591.566,3284.466
56.800,159.710,0.013,5,4591.646,3285.180
56.810,159.713,0.013,5,4591.726,3285.894
56.820,159.715,0.013,5,4591.805,3286.608
56.830,159.718,0.013,5,4591.885,3287.322
56.840,159.721,0.013,5,4591.965,3288.036
56.850,159.724,0.013,5,4592.044,3288.750
56.860,159.726,0.013,5,4592.124,3289.464
56.870,159.729,0.013,5,4592.203,3290.178
56.880,159.732,0.013,5,4592.283,3290.892
56.890,159.735,0.013,5,4592.362,3291.606
56.900,159.738,0.013,5,4592.441,3292.320
56.910,159.740,0.013,5,4592.521,3293.034
56.920,159.743,0.013,5,4592.600,3293.748
56.930,159.746,0.013,5,4592.679,3294.462
56.940,159.749,0.013,5,4592.759,3295.177
56.950,159.751,0.013,5,4592.838,3295.891
56.960,159.754,0.013,5,4592.917,3296.605
56.970,159.757,0.013,5,4592.996,3297.319
56.980,159.760,0.013,5,4593.075,3298.033
56.990,159.762,0.013,5,4593.154,3298.747
57.000,159.765,0.013,5,4593.233,3299.462
57.010,159.768,0.013,5,4593.312,3300.176
57.020,159.771,0.013,5,4593.391,3300.890
57.030,159.773,0.013,5,4593.470,3301.604
57.040,159.776,0.013,5,4593.549,3302.319
57.050,159.779,0.012,5,4593.628,3303.033
57.060,159.782,0.012,5,4593.707,3303.747
57.070,159.784,0.012,5,4593.786,3304.461
57.080,159.787,0.012,5,4593.864,3305.176
57.090,159.790,0.012,5,4593.943,3305.890
57.100,159.792,0.012,5,4594.022,3306.604
57.110,159.795,0.012,5,4594.100,3307.319
57.120,159.798,0.012,5,4594.179,3308.033
57.130,159.801,0.012,5,4594.258,3308.747
57.140,159.803,0.012,5,4594.336,3309.462
57.150,159.806,0.012,5,4594.415,3310.176
57.160,159.809,0.012,5,4594.493,3310.891
57.170,159.812,0.012,5,4594.572,3311.605
57.180,159.814,0.012,5,4594.650,3312.319
57.190,159.817,0.012,5,4594.729,3313.034
57.200,159.820,0.012,5,4594.807,3313.748
57.210,159.823,0.012,5,4594.885,3314.463
57.220,159.825,0.012,5,4594.964,3315.177
57.230,159.828,0.012,5,4595.042,3315.892
57.240,159.831,0.012,5,4595.120,3316.606
57.250,159.833,0.012,5,4595.198,3317.321
57.260,159.836,0.012,5,4595.276,3318.035
57.270,159.839,0.012,5,4595.355,3318.750
57.280,159.842,0.012,5,4595.433,3319.464
57.290,159.844,0.012,5,4595.511,3320.179
57.300,159.847,0.012,5,4595.589,3320.894
57.310,159.850,0.012,5,4595.667,3321.608
57.320,159.852,0.012,5,4595.745,3322.323
57.330,159.855,0.012,5,4595.823,3323.037
57.340,159.858,0.012,5,4595.901,3323.752
57.350,159.861,0.012,5,4595.978,3324.467
57.360,159.863,0.012,5,4596.056,3325.181
57.370,159.866,0.012,5,4596.134,3325.896
57.380,159.869,0.012,5,4596.212,3326.611
57.390,159.871,0.012,5,4596.290,3327.325
57.400,159.874,0.012,5,4596.367,3328.040
57.410,159.877,0.012,5,4596.445,3328.755
57.420,159.879,0.012,5,4596.523,3329.469
57.430,159.882,0.012,5,4596.600,3330.184
57.440,159.885,0.012,5,4596.678,3330.899
57.450,159.888,0.012,5,4596.755,3331.614
57.460,159.890,0.012,5,4596.833,3332.328
57.470,159.893,0.012,5,4596.910,3333.043
57.480,159.896,0.012,5,4596.988,3333.758
57.490,159.898,0.012,5,4597.065,3334.473
57.500,159.901,0.012,5,4597.143,3335.188
57.510,159.904,0.012,5,4597.220,3335.902
57.520,159.906,0.012,5,4597.297,3336.617
57.530,159.909,0.012,5,4597.375,3337.332
57.540,159.912,0.012,5,4597.452,3338.047
57.550,159.914,0.012,5,4597.529,3338.762
57.560,159.917,0.012,5,4597.606,3339.477
57.570,159.920,0.012,5,4597.683,3340.192
57.580,159.923,0.012,5,4597.760,3340.907
57.590,159.925,0.012,5,4597.838,3341.621
57.600,159.928,0.012,5,4597.915,3342.336
57.610,159.931,0.012,5,4597.992,3343.051
57.620,159.933,0.012,5,4598.069,3343.766
57.630,159.936,0.012,5,4598.146,3344.481
57.640,159.939,0.012,5,4598.222,3345.196
57.650,159.941,0.012,5,4598.299,3345.911
57.660,159.944,0.012,5,4598.376,3346.626
57.670,159.947,0.012,5,4598.453,3347.341
57.680,159.949,0.012,5,4598.530,3348.056
57.690,159.952,0.012,5,4598.607,3348.771
57.700,159.955,0.012,5,4598.683,3349.486
57.710,159.957,0.012,5,4598.760,3350.201
57.720,159.960,0.012,5,4598.837,3350.917
57.730,159.963,0.012,5,4598.913,3351.632
57.740,159.965,0.012,5,4598.990,3352.347
57.750,159.968,0.012,5,4599.066,3353.062
57.760,159.971,0.012,5,4599.143,3353.777
57.770,159.973,0.012,5,4599.219,3354.492
57.780,159.976,0.012,5,4599.296,3355.207
57.790,159.979,0.012,5,4599.372,3355.922
57.800,159.981,0.012,5,4599.449,3356.638
57.810,159.984,0.012,5,4599.525,3357.353
57.820,159.987,0.012,5,4599.601,3358.068
57.830,159.989,0.012,5,4599.678,3358.783
57.840,159.992,0.012,5,4599.754,3359.498
57.850,159.995,0.012,5,4599.830,3360.214
57.860,159.997,0.012,5,4599.906,3360.929
57.870,160.000,0.012,5,4599.983,3361.644
57.880,160.002,0.012,5,4600.059,3362.359
57.890,160.005,0.012,5,4600.135,3363.075
57.900,160.008,0.012,5,4600.211,3363.790
57.910,160.010,0.012,5,4600.287,3364.505
57.920,160.013,0.012,5,4600.363,3365.221
57.930,160.016,0.012,5,4600.439,3365.936
57.940,160.018,0.012,5,4600.515,3366.651
57.950,160.021,0.012,5,4600.591,3367.367
57.960,160.024,0.012,5,4600.667,3368.082
57.970,160.026,0.012,5,4600.743,3368.797
57.980,160.029,0.012,5,4600.818,3369.513
57.990,160.032,0.012,5,4600.894,3370.228
58.000,160.034,0.012,5,4600.970,3370.944
58.010,160.037,0.012,5,4601.046,3371.659
58.020,160.039,0.012,5,4601.121,3372.374
58.030,160.042,0.012,5,4601.197,3373.090
58.040,160.045,0.012,5,4601.273,3373.805
58.050,160.047,0.012,5,4601.348,3374.521
58.060,160.050,0.012,5,4601.424,3375.236
58.070,160.053,0.012,5,4601.499,3375.952
58.080,160.055,0.012,5,4601.575,3376.667
58.090,160.058,0.012,5,4601.650,3377.383
58.100,160.060,0.012,5,4601.726,3378.098
58.110,160.063,0.012,5,4601.801,3378.814
58.120,160.066,0.012,5,4601.877,3379.529
58.130,160.068,0.012,5,4601.952,3380.245
58.140,160.071,0.012,5,4602.027,3380.960
58.150,160.074,0.012,5,4602.102,3381.676
58.160,160.076,0.012,5,4602.178,3382.392
58.170,160.079,0.012,5,4602.253,3383.107
58.180,160.081,0.012,5,4602.328,3383.823
58.190,160.084,0.012,5,4602.403,3384.539
58.200,160.087,0.012,5,4602.478,3385.254
58.210,160.089,0.012,5,4602.553,3385.970
58.220,160.092,0.012,5,4602.628,3386.685
58.230,160.094,0.012,5,4602.703,3387.401
58.240,160.097,0.012,5,4602.778,3388.117
58.250,160.100,0.012,5,4602.853,3388.833
58.260,160.102,0.012,5,4602.928,3389.548
58.270,160.105,0.012,5,4603.003,3390.264
58.280,160.107,0.012,5,4603.078,3390.980
58.290,160.110,0.012,5,4603.153,3391.695
58.300,160.113,0.012,5,4603.228,3392.411
58.310,160.115,0.012,5,4603.303,3393.127
58.320,160.118,0.012,5,4603.377,3393.843
58.330,160.120,0.012,5,4603.452,3394.559
58.340,160.123,0.012,5,4603.527,3395.274
58.350,160.126,0.012,5,4603.601,3395.990
58.360,160.128,0.012,5,4603.676,3396.706
58.370,160.131,0.012,5,4603.750,3397.422
58.380,160.133,0.012,5,4603.825,3398.138
58.390,160.136,0.012,5,4603.899,3398.854
58.400,160.139,0.012,5,4603.974,3399.569
58.410,160.141,0.012,5,4604.048,3400.285
58.420,160.144,0.012,5,4604.123,3401.001
58.430,160.146,0.012,5,4604.197,3401.717
58.440,160.149,0.012,5,4604.272,3402.433
58.450,160.152,0.012,5,4604.346,3403.149
58.460,160.154,0.012,5,4604.420,3403.865
58.470,160.157,0.012,5,4604.494,3404.581
58.480,160.159,0.012,5,4604.569,3405.297
58.490,160.162,0.012,5,4604.643,3406.013
58.500,160.164,0.012,5,4604.717,3406.729
58.510,160.167,0.012,5,4604.791,3407.445
58.520,160.170,0.012,5,4604.865,3408.161
58.530,160.172,0.012,5,4604.939,3408.877
58.540,160.175,0.012,5,4605.013,3409.593
58.550,160.177,0.012,5,4605.087,3410.309
58.560,160.180,0.012,5,4605.161,3411.025
58.570,160.183,0.012,5,4605.235,3411.741
58.580,160.185,0.012,5,4605.309,3412.457
58.590,160.188,0.012,5,4605.383,3413.173
58.600,160.190,0.012,5,4605.457,3413.889
58.610,160.193,0.012,5,4605.531,3414.606
58.620,160.195,0.012,5,4605.605,3415.322
58.630,160.198,0.012,5,4605.678,3416.038
58.640,160.200,0.012,5,4605.752,3416.754
58.650,160.203,0.012,5,4605.826,3417.470
58.660,160.206,0.012,5,4605.899,3418.186
58.670,160.208,0.012,5,4605.973,3418.903
58.680,160.211,0.012,5,4606.047,3419.619
58.690,160.213,0.012,5,4606.120,3420.335
58.700,160.216,0.012,5,4606.194,3421.051
58.710,160.218,0.012,5,4606.267,3421.767
58.720,160.221,0.012,5,4606.341,3422.484
58.730,160.224,0.012,5,4606.414,3423.200
58.740,160.226,0.012,5,4606.488,3423.916
58.750,160.229,0.012,5,4606.561,3424.632
58.760,160.231,0.012,5,4606.634,3425.349
58.770,160.234,0.012,5,4606.708,3426.065
58.780,160.236,0.012,5,4606.781,3426.781
58.790,160.239,0.012,5,4606.854,3427.498
58.800,160.241,0.012,5,4606.927,3428.214
58.810,160.244,0.012,5,4607.001,3428.930
58.820,160.246,0.012,5,4607.074,3429.647
58.830,160.249,0.012,5,4607.147,3430.363
58.840,160.252,0.012,5,4607.220,3431.079
58.850,160.254,0.012,5,4607.293,3431.796
58.860,160.257,0.012,5,4607.366,3432.512
58.870,160.259,0.012,5,4607.439,3433.229
58.880,160.262,0.012,5,4607.512,3433.945
58.890,160.264,0.012,5,4607.585,3434.662
58.900,160.267,0.012,5,4607.658,3435.378
58.910,160.269,0.012,5,4607.731,3436.094
58.920,160.272,0.012,5,4607.804,3436.811
58.930,160.274,0.012,5,4607.877,3437.527
58.940,160.277,0.012,5,4607.949,3438.244
58.950,160.279,0.012,5,4608.022,3438.960
58.960,160.282,0.012,5,4608.095,3439.677
58.970,160.284,0.012,5,4608.168,3440.393
58.980,160.287,0.012,5,4608.240,3441.110
58.990,160.290,0.012,5,4608.313,3441.827
59.000,160.292,0.012,5,4608.385,3442.543
59.010,160.295,0.011,5,4608.458,3443.260
59.020,160.297,0.011,5,4608.531,3443.976
59.030,160.300,0.011,5,4608.603,3444.693
59.040,160.302,0.011,5,4608.676,3445.409
59.050,160.305,0.011,5,4608.748,3446.126
59.060,160.307,0.011,5,4608.820,3446.843
59.070,160.310,0.011,5,4608.893,3447.559
59.080,160.312,0.011,5,4608.965,3448.276
59.090,160.315,0.011,5,4609.038,3448.993
59.100,160.317,0.011,5,4609.110,3449.709
59.110,160.320,0.011,5,4609.182,3450.426
59.120,160.322,0.011,5,4609.254,3451.143
59.130,160.325,0.011,5,4609.327,3451.859
59.140,160.327,0.011,5,4609.399,3452.576
59.150,160.330,0.011,5,4609.471,3453.293
59.160,160.332,0.011,5,4609.543,3454.010
59.170,160.335,0.011,5,4609.615,3454.726
59.180,160.337,0.011,5,4609.687,3455.443
59.190,160.340,0.011,5,4609.759,3456.160
59.200,160.342,0.011,5,4609.831,3456.877
59.210,160.345,0.011,5,4609.903,3457.594
59.220,160.347,0.011,5,4609.975,3458.310
59.230,160.350,0.011,5,4610.047,3459.027
59.240,160.352,0.011,5,4610.119,3459.744
59.250,160.355,0.011,5,4610.191,3460.461
59.260,160.357,0.011,5,4610.262,3461.178
59.270,160.360,0.011,5,4610.334,3461.895
59.280,160.362,0.011,5,4610.406,3462.611
59.290,160.365,0.011,5,4610.478,3463.328
59.300,160.367,0.011,5,4610.549,3464.045
59.310,160.370,0.011,5,4610.621,3464.762
59.320,160.372,0.011,5,4610.693,3465.479
59.330,160.375,0.011,5,4610.764,3466.196
59.340,160.377,0.011,5,4610.836,3466.913
59.350,160.380,0.011,5,4610.907,3467.630
59.360,160.382,0.011,5,4610.979,3468.347
59.370,160.385,0.011,5,4611.050,3469.064
59.380,160.387,0.011,5,4611.122,3469.781
59.390,160.390,0.011,5,4611.193,3470.498
59.400,160.392,0.011,5,4611.265,3471.215
59.410,160.395,0.011,5,4611.336,3471.932
59.420,160.397,0.011,5,4611.407,3472.649
59.430,160.400,0.011,5,4611.479,3473.366
59.440,160.402,0.011,5,4611.550,3474.083
59.450,160.405,0.011,5,4611.621,3474.800
59.460,160.407,0.011,5,4611.692,3475.517
59.470,160.410,0.011,5,4611.763,3476.234
59.480,160.412,0.011,5,4611.835,3476.951
59.490,160.415,0.011,5,4611.906,3477.668
59.500,160.417,0.011,5,4611.977,3478.386
59.510,160.419,0.011,5,4612.048,3479.103
59.520,160.422,0.011,5,4612.119,3479.820
59.530,160.424,0.011,5,4612.190,3480.537
59.540,160.427,0.011,5,4612.261,3481.254
59.550,160.429,0.011,5,4612.332,3481.971
59.560,160.432,0.011,5,4612.403,3482.689
59.570,160.434,0.011,5,4612.473,3483.406
59.580,160.437,0.011,5,4612.544,3484.123
59.590,160.439,0.011,5,4612.615,3484.840
59.600,160.442,0.011,5,4612.686,3485.557
59.610,160.444,0.011,5,4612.757,3486.275
59.620,160.447,0.011,5,4612.827,3486.992
59.630,160.449,0.011,5,4612.898,3487.709
59.640,160.451,0.011,5,4612.969,3488.426
59.650,160.454,0.011,5,4613.039,3489.144
59.660,160.456,0.011,5,4613.110,3489.861
59.670,160.459,0.011,5,4613.181,3490.578
59.680,160.461,0.011,5,4613.251,3491.296
59.690,160.464,0.011,5,4613.322,3492.013
59.700,160.466,0.011,5,4613.392,3492.730
59.710,160.469,0.011,5,4613.463,3493.448
59.720,160.471,0.011,5,4613.533,3494.165
59.730,160.474,0.011,5,4613.603,3494.882
59.740,160.476,0.011,5,4613.674,3495.600
59.750,160.478,0.011,5,4613.744,3496.317
59.760,160.481,0.011,5,4613.814,3497.035
59.770,160.483,0.011,5,4613.885,3497.752
59.780,160.486,0.011,5,4613.955,3498.469
59.790,160.488,0.011,5,4614.025,3499.187
59.800,160.491,0.011,5,4614.095,3499.904
59.810,160.493,0.011,5,4614.165,3500.622
59.820,160.496,0.011,5,4614.235,3501.339
59.830,160.498,0.011,5,4614.306,3502.057
59.840,160.500,0.011,5,4614.376,3502.774
59.850,160.503,0.011,5,4614.446,3503.492
59.860,160.505,0.011,5,4614.516,3504.209
59.870,160.508,0.011,5,4614.586,3504.927
59.880,160.510,0.011,5,4614.656,3505.644
59.890,160.513,0.011,5,4614.725,3506.362
59.900,160.515,0.011,5,4614.795,3507.079
59.910,160.517,0.011,5,4614.865,3507.797
59.920,160.520,0.011,5,4614.935,3508.515
59.930,160.522,0.011,5,4615.005,3509.232
59.940,160.525,0.011,5,4615.075,3509.950
59.950,160.527,0.011,5,4615.144,3510.667
59.960,160.530,0.011,5,4615.214,3511.385
59.970,160.532,0.011,5,4615.284,3512.103
59.980,160.534,0.011,5,4615.353,3512.820
59.990,160.537,0.011,5,4615.423,3513.538
60.000,160.539,0.011,5,4615.493,3514.256
60.010,160.542,0.011,5,4615.562,3514.973
60.020,160.544,0.011,5,4615.632,3515.691
60.030,160.547,0.011,5,4615.701,3516.409
60.040,160.549,0.011,5,4615.771,3517.126
60.050,160.551,0.011,5,4615.840,3517.844
60.060,160.554,0.011,5,4615.909,3518.562
60.070,160.556,0.011,5,4615.979,3519.280
60.080,160.559,0.011,5,4616.048,3519.997
60.090,160.561,0.011,5,4616.118,3520.715
60.100,160.563,0.011,5,4616.187,3521.433
60.110,160.566,0.011,5,4616.256,3522.151
60.120,160.568,0.011,5,4616.325,3522.868
60.130,160.571,0.011,5,4616.394,3523.586
60.140,160.573,0.011,5,4616.464,3524.304
60.150,160.575,0.011,5,4616.533,3525.022
60.160,160.578,0.011,5,4616.602,3525.740
60.170,160.580,0.011,5,4616.671,3526.458
60.180,160.583,0.011,5,4616.740,3527.175
60.190,160.585,0.011,5,4616.809,3527.893
60.200,160.587,0.011,5,4616.878,3528.611
60.210,160.590,0.011,5,4616.947,3529.329
60.220,160.592,0.011,5,4617.016,3530.047
60.230,160.595,0.011,5,4617.085,3530.765
60.240,160.597,0.011,5,4617.154,3531.483
60.250,160.599,0.011,5,4617.223,3532.201
60.260,160.602,0.011,5,4617.291,3532.919
60.270,160.604,0.011,5,4617.360,3533.637
60.280,160.607,0.011,5,4617.429,3534.355
60.290,160.609,0.011,5,4617.498,3535.073
60.300,160.611,0.011,5,4617.566,3535.791
60.310,160.614,0.011,5,4617.635,3536.509
60.320,160.616,0.011,5,4617.704,3537.227
60.330,160.619,0.011,5,4617.772,3537.945
60.340,160.621,0.011,5,4617.841,3538.663
60.350,160.623,0.011,5,4617.909,3539.381
60.360,160.626,0.011,5,4617.978,3540.099
60.370,160.628,0.011,5,4618.047,3540.817
60.380,160.630,0.011,5,4618.115,3541.535
60.390,160.633,0.011,5,4618.183,3542.253
60.400,160.635,0.011,5,4618.252,3542.971
60.410,160.638,0.011,5,4618.320,3543.689
60.420,160.640,0.011,5,4618.389,3544.407
60.430,160.642,0.011,5,4618.457,3545.126
60.440,160.645,0.011,5,4618.525,3545.844
60.450,160.647,0.011,5,4618.593,3546.562
60.460,160.650,0.011,5,4618.662,3547.280
60.470,160.652,0.011,5,4618.730,3547.998
60.480,160.654,0.011,5,4618.798,3548.716
60.490,160.657,0.011,5,4618.866,3549.435
60.500,160.659,0.011,5,4618.934,3550.153
60.510,160.661,0.011,5,4619.002,3550.871
60.520,160.664,0.011,5,4619.071,3551.589
60.530,160.666,0.011,5,4619.139,3552.307
60.540,160.668,0.011,5,4619.207,3553.026
60.550,160.671,0.011,5,4619.275,3553.744
60.560,160.673,0.011,5,4619.342,3554.462
60.570,160.676,0.011,5,4619.410,3555.180
60.580,160.678,0.011,5,4619.478,3555.899
60.590,160.680,0.011,5,4619.546,3556.617
60.600,160.683,0.011,5,4619.614,3557.335
60.610,160.685,0.011,5,4619.682,3558.054
60.620,160.687,0.011,5,4619.750,3558.772
60.630,160.690,0.011,5,4619.817,3559.490
60.640,160.692,0.011,5,4619.885,3560.209
60.650,160.694,0.011,5,4619.953,3560.927
60.660,160.697,0.011,5,4620.020,3561.645
60.670,160.699,0.011,5,4620.088,3562.364
60.680,160.701,0.011,5,4620.156,3563.082
60.690,160.704,0.011,5,4620.223,3563.801
60.700,160.706,0.011,5,4620.291,3564.519
60.710,160.709,0.011,5,4620.358,3565.237
60.720,160.711,0.011,5,4620.426,3565.956
60.730,160.713,0.011,5,4620.493,3566.674
60.740,160.716,0.011,5,4620.561,3567.393
60.750,160.718,0.011,5,4620.628,3568.111
60.760,160.720,0.011,5,4620.695,3568.830
60.770,160.723,0.011,5,4620.763,3569.548
60.780,160.725,0.011,5,4620.830,3570.267
60.790,160.727,0.011,5,4620.897,3570.985
60.800,160.730,0.011,5,4620.965,3571.704
60.810,160.732,0.011,5,4621.032,3572.422
60.820,160.734,0.011,5,4621.099,3573.141
60.830,160.737,0.011,5,4621.166,3573.859
60.840,160.739,0.011,5,4621.233,3574.578
60.850,160.741,0.011,5,4621.300,3575.296
60.860,160.744,0.011,5,4621.367,3576.015
60.870,160.746,0.011,5,4621.435,3576.734
60.880,160.748,0.011,5,4621.502,3577.452
60.890,160.751,0.011,5,4621.569,3578.171
60.900,160.753,0.011,5,4621.636,3578.889
60.910,160.755,0.011,5,4621.702,3579.608
60.920,160.758,0.011,5,4621.769,3580.327
60.930,160.760,0.011,5,4621.836,3581.045
60.940,160.762,0.011,5,4621.903,3581.764
60.950,160.765,0.011,5,4621.970,3582.483
60.960,160.767,0.011,5,4622.037,3583.201
60.970,160.769,0.011,5,4622.104,3583.920
60.980,160.772,0.011,5,4622.170,3584.639
60.990,160.774,0.011,5,4622.237,3585.358
61.000,160.776,0.011,5,4622.304,3586.076
61.010,160.779,0.011,5,4622.370,3586.795
61.020,160.781,0.011,5,4622.437,3587.514
61.030,160.783,0.011,5,4622.504,3588.233
61.040,160.785,0.011,5,4622.570,3588.951
61.050,160.788,0.011,5,4622.637,3589.670
61.060,160.790,0.011,5,4622.703,3590.389
61.070,160.792,0.011,5,4622.770,3591.108
61.080,160.795,0.011,5,4622.836,3591.826
61.090,160.797,0.011,5,4622.903,3592.545
61.100,160.799,0.011,5,4622.969,3593.264
61.110,160.802,0.011,5,4623.035,3593.983
61.120,160.804,0.011,5,4623.102,3594.702
61.130,160.806,0.011,5,4623.168,3595.421
61.140,160.809,0.011,5,4623.234,3596.140
61.150,160.811,0.010,5,4623.301,3596.858
61.160,160.813,0.010,5,4623.367,3597.577
61.170,160.815,0.010,5,4623.433,3598.296
61.180,160.818,0.010,5,4623.499,3599.015
61.190,160.820,0.010,5,4623.565,3599.734
61.200,160.822,0.010,5,4623.631,3600.453
61.210,160.825,0.010,5,4623.698,3601.172
61.220,160.827,0.010,5,4623.764,3601.891
61.230,160.829,0.010,5,4623.830,3602.610
61.240,160.832,0.010,5,4623.896,3603.329
61.250,160.834,0.010,5,4623.962,3604.048
61.260,160.836,0.010,5,4624.028,3604.767
61.270,160.838,0.010,5,4624.093,3605.486
61.280,160.841,0.010,5,4624.159,3606.205
61.290,160.843,0.010,5,4624.225,3606.924
61.300,160.845,0.010,5,4624.291,3607.643
61.310,160.848,0.010,5,4624.357,3608.362
61.320,160.850,0.010,5,4624.423,3609.081
61.330,160.852,0.010,5,4624.488,3609.800
61.340,160.854,0.010,5,4624.554,3610.519
61.350,160.857,0.010,5,4624.620,3611.238
61.360,160.859,0.010,5,4624.686,3611.957
61.370,160.861,0.010,5,4624.751,3612.676
61.380,160.864,0.010,5,4624.817,3613.396
61.390,160.866,0.010,5,4624.882,3614.115
61.400,160.868,0.010,5,4624.948,3614.834
61.410,160.870,0.010,5,4625.013,3615.553
61.420,160.873,0.010,5,4625.079,3616.272
61.430,160.875,0.010,5,4625.144,3616.991
61.440,160.877,0.010,5,4625.210,3617.711
61.450,160.880,0.010,5,4625.275,3618.430
61.460,160.882,0.010,5,4625.341,3619.149
61.470,160.884,0.010,5,4625.406,3619.868
61.480,160.886,0.010,5,4625.471,3620.587
61.490,160.889,0.010,5,4625.537,3621.307
61.500,160.891,0.010,5,4625.602,3622.026
61.510,160.893,0.010,5,4625.667,3622.745
61.520,160.895,0.010,5,4625.732,3623.464
61.530,160.898,0.010,5,4625.798,3624.184
61.540,160.900,0.010,5,4625.863,3624.903
61.550,160.902,0.010,5,4625.928,3625.622
61.560,160.905,0.010,5,4625.993,3626.341
61.570,160.907,0.010,5,4626.058,3627.061
61.580,160.909,0.010,5,4626.123,3627.780
61.590,160.911,0.010,5,4626.188,3628.499
61.600,160.914,0.010,5,4626.253,3629.219
61.610,160.916,0.010,5,4626.318,3629.938
61.620,160.918,0.010,5,4626.383,3630.657
61.630,160.920,0.010,5,4626.448,3631.377
61.640,160.923,0.010,5,4626.513,3632.096
61.650,160.925,0.010,5,4626.578,3632.816
61.660,160.927,0.010,5,4626.643,3633.535
61.670,160.929,0.010,5,4626.707,3634.254
61.680,160.932,0.010,5,4626.772,3634.974
61.690,160.934,0.010,5,4626.837,3635.693
61.700,160.936,0.010,5,4626.902,3636.413
61.710,160.938,0.010,5,4626.966,3637.132
61.720,160.941,0.010,5,4627.031,3637.852
61.730,160.943,0.010,5,4627.096,3638.571
61.740,160.945,0.010,5,4627.160,3639.291
61.750,160.947,0.010,5,4627.225,3640.010
61.760,160.950,0.010,5,4627.289,3640.730
61.770,160.952,0.010,5,4627.354,3641.449
61.780,160.954,0.010,5,4627.419,3642.169
61.790,160.956,0.010,5,4627.483,3642.888
61.800,160.959,0.010,5,4627.547,3643.608
61.810,160.961,0.010,5,4627.612,3644.327
61.820,160.963,0.010,5,4627.676,3645.047
61.830,160.965,0.010,5,4627.741,3645.766
61.840,160.968,0.010,5,4627.805,3646.486
61.850,160.970,0.010,5,4627.869,3647.206
61.860,160.972,0.010,5,4627.934,3647.925
61.870,160.974,0.010,5,4627.998,3648.645
61.880,160.976,0.010,5,4628.062,3649.364
61.890,160.979,0.010,5,4628.126,3650.084
61.900,160.981,0.010,5,4628.190,3650.804
61.910,160.983,0.010,5,4628.255,3651.523
61.920,160.985,0.010,5,4628.319,3652.243
61.930,160.988,0.010,5,4628.383,3652.963
61.940,160.990,0.010,5,4628.447,3653.682
61.950,160.992,0.010,5,4628.511,3654.402
61.960,160.994,0.010,5,4628.575,3655.122
61.970,160.997,0.010,5,4628.639,3655.841
61.980,160.999,0.010,5,4628.703,3656.561
61.990,161.001,0.010,5,4628.767,3657.281
62.000,161.003,0.010,5,4628.831,3658.001
62.010,161.005,0.010,5,4628.895,3658.720
62.020,161.008,0.010,5,4628.958,3659.440
62.030,161.010,0.010,5,4629.022,3660.160
62.040,161.012,0.010,5,4629.086,3660.880
62.050,161.014,0.010,5,4629.150,3661.600
62.060,161.017,0.010,5,4629.214,3662.319
62.070,161.019,0.010,5,4629.277,3663.039
62.080,161.021,0.010,5,4629.341,3663.759
62.090,161.023,0.010,5,4629.405,3664.479
62.100,161.025,0.010,5,4629.468,3665.199
62.110,161.028,0.010,5,4629.532,3665.919
62.120,161.030,0.010,5,4629.595,3666.638
62.130,161.032,0.010,5,4629.659,3667.358
62.140,161.034,0.010,5,4629.722,3668.078
62.150,161.036,0.010,5,4629.786,3668.798
62.160,161.039,0.010,5,4629.849,3669.518
62.170,161.041,0.010,5,4629.913,3670.238
62.180,161.043,0.010,5,4629.976,3670.958
62.190,161.045,0.010,5,4630.040,3671.678
62.200,161.047,0.010,5,4630.103,3672.398
62.210,161.050,0.010,5,4630.166,3673.118
62.220,161.052,0.010,5,4630.230,3673.838
62.230,161.054,0.010,5,4630.293,3674.557
62.240,161.056,0.010,5,4630.356,3675.277
62.250,161.058,0.010,5,4630.419,3675.997
62.260,161.061,0.010,5,4630.483,3676.717
62.270,161.063,0.010,5,4630.546,3677.437
62.280,161.065,0.010,5,4630.609,3678.157
62.290,161.067,0.010,5,4630.672,3678.878
62.300,161.069,0.010,5,4630.735,3679.598
62.310,161.072,0.010,5,4630.798,3680.318
62.320,161.074,0.010,5,4630.861,3681.038
62.330,161.076,0.010,5,4630.924,3681.758
62.340,161.078,0.010,5,4630.987,3682.478
62.350,161.080,0.010,5,4631.050,3683.198
62.360,161.083,0.010,5,4631.113,3683.918
62.370,161.085,0.010,5,4631.176,3684.638
62.380,161.087,0.010,5,4631.239,3685.358
62.390,161.089,0.010,5,4631.302,3686.078
62.400,161.091,0.010,5,4631.365,3686.798
62.410,161.094,0.010,5,4631.427,3687.519
62.420,161.096,0.010,5,4631.490,3688.239
62.430,161.098,0.010,5,4631.553,3688.959
62.440,161.100,0.010,5,4631.616,3689.679
62.450,161.102,0.010,5,4631.678,3690.399
62.460,161.104,0.010,5,4631.741,3691.120
62.470,161.107,0.010,5,4631.804,3691.840
62.480,161.109,0.010,5,4631.866,3692.560
62.490,161.111,0.010,5,4631.929,3693.280
62.500,161.113,0.010,5,4631.991,3694.000
62.510,161.115,0.010,5,4632.054,3694.721
62.520,161.118,0.010,5,4632.116,3695.441
62.530,161.120,0.010,5,4632.179,3696.161
62.540,161.122,0.010,5,4632.241,3696.881
62.550,161.124,0.010,5,4632.304,3697.602
62.560,161.126,0.010,5,4632.366,3698.322
62.570,161.128,0.010,5,4632.428,3699.042
62.580,161.131,0.010,5,4632.491,3699.763
62.590,161.133,0.010,5,4632.553,3700.483
62.600,161.135,0.010,5,4632.615,3701.203
62.610,161.137,0.010,5,4632.678,3701.924
62.620,161.139,0.010,5,4632.740,3702.644
62.630,161.141,0.010,5,4632.802,3703.364
62.640,161.144,0.010,5,4632.864,3704.085
62.650,161.146,0.010,5,4632.926,3704.805
62.660,161.148,0.010,5,4632.988,3705.525
62.670,161.150,0.010,5,4633.051,3706.246
62.680,161.152,0.010,5,4633.113,3706.966
62.690,161.154,0.010,5,4633.175,3707.687
62.700,161.156,0.010,5,4633.237,3708.407
62.710,161.159,0.010,5,4633.299,3709.128
62.720,161.161,0.010,5,4633.361,3709.848
62.730,161.163,0.010,5,4633.423,3710.568
62.740,161.165,0.010,5,4633.485,3711.289
62.750,161.167,0.010,5,4633.546,3712.009
62.760,161.169,0.010,5,4633.608,3712.730
62.770,161.172,0.010,5,4633.670,3713.450
62.780,161.174,0.010,5,4633.732,3714.171
62.790,161.176,0.010,5,4633.794,3714.891
62.800,161.178,0.010,5,4633.855,3715.612
62.810,161.180,0.010,5,4633.917,3716.332
62.820,161.182,0.010,5,4633.979,3717.053
62.830,161.184,0.010,5,4634.041,3717.774
62.840,161.187,0.010,5,4634.102,3718.494
62.850,161.189,0.010,5,4634.164,3719.215
62.860,161.191,0.010,5,4634.225,3719.935
62.870,161.193,0.010,5,4634.287,3720.656
62.880,161.195,0.010,5,4634.349,3721.376
62.890,161.197,0.010,5,4634.410,3722.097
62.900,161.199,0.010,5,4634.472,3722.818
62.910,161.202,0.010,5,4634.533,3723.538
62.920,161.204,0.010,5,4634.594,3724.259
62.930,161.206,0.010,5,4634.656,3724.980
62.940,161.208,0.010,5,4634.717,3725.700
62.950,161.210,0.010,5,4634.779,3726.421
62.960,161.212,0.010,5,4634.840,3727.142
62.970,161.214,0.010,5,4634.901,3727.862
62.980,161.217,0.010,5,4634.963,3728.583
62.990,161.219,0.010,5,4635.024,3729.304
63.000,161.221,0.010,5,4635.085,3730.024
63.010,161.223,0.010,5,4635.146,3730.745
63.020,161.225,0.010,5,4635.207,3731.466
63.030,161.227,0.010,5,4635.269,3732.187
63.040,161.229,0.010,5,4635.330,3732.907
63.050,161.231,0.010,5,4635.391,3733.628
63.060,161.234,0.010,5,4635.452,3734.349
63.070,161.236,0.010,5,4635.513,3735.070
63.080,161.238,0.010,5,4635.574,3735.790
63.090,161.240,0.010,5,4635.635,3736.511
63.100,161.242,0.010,5,4635.696,3737.232
63.110,161.244,0.010,5,4635.757,3737.953
63.120,161.246,0.010,5,4635.818,3738.674
63.130,161.248,0.010,5,4635.879,3739.395
63.140,161.250,0.010,5,4635.940,3740.115
63.150,161.253,0.010,5,4636.000,3740.836
63.160,161.255,0.010,5,4636.061,3741.557
63.170,161.257,0.010,5,4636.122,3742.278
63.180,161.259,0.010,5,4636.183,3742.999
63.190,161.261,0.010,5,4636.244,3743.720
63.200,161.263,0.010,5,4636.304,3744.441
63.210,161.265,0.010,5,4636.365,3745.162
63.220,161.267,0.010,5,4636.426,3745.883
63.230,161.269,0.010,5,4636.486,3746.603
63.240,161.272,0.010,5,4636.547,3747.324
63.250,161.274,0.010,5,4636.607,3748.045
63.260,161.276,0.010,5,4636.668,3748.766
63.270,161.278,0.010,5,4636.728,3749.487
63.280,161.280,0.010,5,4636.789,3750.208
63.290,161.282,0.010,5,4636.849,3750.929
63.300,161.284,0.010,5,4636.910,3751.650
63.310,161.286,0.010,5,4636.970,3752.371
63.320,161.288,0.010,5,4637.031,3753.092
63.330,161.291,0.010,5,4637.091,3753.813
63.340,161.293,0.010,5,4637.151,3754.534
63.350,161.295,0.010,5,4637.212,3755.255
63.360,161.297,0.010,5,4637.272,3755.976
63.370,161.299,0.010,5,4637.332,3756.698
63.380,161.301,0.010,5,4637.393,3757.419
63.390,161.303,0.010,5,4637.453,3758.140
63.400,161.305,0.010,5,4637.513,3758.861
63.410,161.307,0.010,5,4637.573,3759.582
63.420,161.309,0.010,5,4637.633,3760.303
63.430,161.311,0.010,5,4637.693,3761.024
63.440,161.314,0.010,5,4637.754,3761.745
63.450,161.316,0.010,5,4637.814,3762.466
63.460,161.318,0.010,5,4637.874,3763.188
63.470,161.320,0.010,5,4637.934,3763.909
63.480,161.322,0.010,5,4637.994,3764.630
63.490,161.324,0.010,5,4638.054,3765.351
63.500,161.326,0.009,5,4638.114,3766.072
63.510,161.328,0.009,5,4638.173,3766.793
63.520,161.330,0.009,5,4638.233,3767.515
63.530,161.332,0.009,5,4638.293,3768.236
63.540,161.334,0.009,5,4638.353,3768.957
63.550,161.337,0.009,5,4638.413,3769.678
63.560,161.339,0.009,5,4638.473,3770.400
63.570,161.341,0.009,5,4638.532,3771.121
63.580,161.343,0.009,5,4638.592,3771.842
63.590,161.345,0.009,5,4638.652,3772.563
63.600,161.347,0.009,5,4638.711,3773.285
63.610,161.349,0.009,5,4638.771,3774.006
63.620,161.351,0.009,5,4638.831,3774.727
63.630,161.353,0.009,5,4638.890,3775.449
63.640,161.355,0.009,5,4638.950,3776.170
63.650,161.357,0.009,5,4639.010,3776.891
63.660,161.359,0.009,5,4639.069,3777.612
63.670,161.361,0.009,5,4639.129,3778.334
63.680,161.363,0.009,5,4639.188,3779.055
63.690,161.366,0.009,5,4639.247,3779.777
63.700,161.368,0.009,5,4639.307,3780.498
63.710,161.370,0.009,5,4639.366,3781.219
63.720,161.372,0.009,5,4639.426,3781.941
63.730,161.374,0.009,5,4639.485,3782.662
63.740,161.376,0.009,5,4639.544,3783.383
63.750,161.378,0.009,5,4639.604,3784.105
63.760,161.380,0.009,5,4639.663,3784.826
63.770,161.382,0.009,5,4639.722,3785.548
63.780,161.384,0.009,5,4639.781,3786.269
63.790,161.386,0.009,5,4639.841,3786.991
63.800,161.388,0.009,5,4639.900,3787.712
63.810,161.390,0.009,5,4639.959,3788.434
63.820,161.392,0.009,5,4640.018,3789.155
63.830,161.394,0.009,5,4640.077,3789.877
63.840,161.396,0.009,5,4640.136,3790.598
63.850,161.399,0.009,5,4640.195,3791.320
63.860,161.401,0.009,5,4640.254,3792.041
63.870,161.403,0.009,5,4640.313,3792.763
63.880,161.405,0.009,5,4640.372,3793.484
63.890,161.407,0.009,5,4640.431,3794.206
63.900,161.409,0.009,5,4640.490,3794.927
63.910,161.411,0.009,5,4640.549,3795.649
63.920,161.413,0.009,5,4640.608,3796.370
63.930,161.415,0.009,5,4640.667,3797.092
63.940,161.417,0.009,5,4640.726,3797.814
63.950,161.419,0.009,5,4640.784,3798.535
63.960,161.421,0.009,5,4640.843,3799.257
63.970,161.423,0.009,5,4640.902,3799.978
63.980,161.425,0.009,5,4640.961,3800.700
63.990,161.427,0.009,5,4641.019,3801.422
64.000,161.429,0.009,5,4641.078,3802.143
64.010,161.431,0.009,5,4641.137,3802.865
64.020,161.433,0.009,5,4641.195,3803.587
64.030,161.435,0.009,5,4641.254,3804.308
64.040,161.437,0.009,5,4641.312,3805.030
64.050,161.439,0.009,5,4641.371,3805.752
64.060,161.441,0.009,5,4641.429,3806.473
64.070,161.443,0.009,5,4641.488,3807.195
64.080,161.446,0.009,5,4641.546,3807.917
64.090,161.448,0.009,5,4641.605,3808.639
64.100,161.450,0.009,5,4641.663,3809.360
64.110,161.452,0.009,5,4641.722,3810.082
64.120,161.454,0.009,5,4641.780,3810.804
64.130,161.456,0.009,5,4641.838,3811.526
64.140,161.458,0.009,5,4641.897,3812.247
64.150,161.460,0.009,5,4641.955,3812.969
64.160,161.462,0.009,5,4642.013,3813.691
64.170,161.464,0.009,5,4642.071,3814.413
64.180,161.466,0.009,5,4642.130,3815.135
64.190,161.468,0.009,5,4642.188,3815.856
64.200,161.470,0.009,5,4642.246,3816.578
64.210,161.472,0.009,5,4642.304,3817.300
64.220,161.474,0.009,5,4642.362,3818.022
64.230,161.476,0.009,5,4642.420,3818.744
64.240,161.478,0.009,5,4642.478,3819.466
64.250,161.480,0.009,5,4642.537,3820.187
64.260,161.482,0.009,5,4642.595,3820.909
64.270,161.484,0.009,5,4642.653,3821.631
64.280,161.486,0.009,5,4642.710,3822.353
64.290,161.488,0.009,5,4642.768,3823.075
64.300,161.490,0.009,5,4642.826,3823.797
64.310,161.492,0.009,5,4642.884,3824.519
64.320,161.494,0.009,5,4642.942,3825.241
64.330,161.496,0.009,5,4643.000,3825.963
64.340,161.498,0.009,5,4643.058,3826.685
64.350,161.500,0.009,5,4643.116,3827.407
64.360,161.502,0.009,5,4643.173,3828.129
64.370,161.504,0.009,5,4643.231,3828.851
64.380,161.506,0.009,5,4643.289,3829.573
64.390,161.508,0.009,5,4643.347,3830.295
64.400,161.510,0.009,5,4643.404,3831.017
64.410,161.512,0.009,5,4643.462,3831.739
64.420,161.514,0.009,5,4643.519,3832.461
64.430,161.516,0.009,5,4643.577,3833.183
64.440,161.518,0.009,5,4643.635,3833.905
64.450,161.520,0.009,5,4643.692,3834.627
64.460,161.522,0.009,5,4643.750,3835.349
64.470,161.524,0.009,5,4643.807,3836.071
64.480,161.526,0.009,5,4643.865,3836.793
64.490,161.528,0.009,5,4643.922,3837.515
64.500,161.530,0.009,5,4643.980,3838.237
64.510,161.532,0.009,5,4644.037,3838.959
64.520,161.534,0.009,5,4644.094,3839.681
64.530,161.536,0.009,5,4644.152,3840.404
64.540,161.538,0.009,5,4644.209,3841.126
64.550,161.540,0.009,5,4644.266,3841.848
64.560,161.542,0.009,5,4644.324,3842.570
64.570,161.544,0.009,5,4644.381,3843.292
64.580,161.546,0.009,5,4644.438,3844.014
64.590,161.548,0.009,5,4644.495,3844.737
64.600,161.550,0.009,5,4644.552,3845.459
64.610,161.552,0.009,5,4644.610,3846.181
64.620,161.554,0.009,5,4644.667,3846.903
64.630,161.556,0.009,5,4644.724,3847.625
64.640,161.558,0.009,5,4644.781,3848.348
64.650,161.560,0.009,5,4644.838,3849.070
64.660,161.562,0.009,5,4644.895,3849.792
64.670,161.564,0.009,5,4644.952,3850.514
64.680,161.566,0.009,5,4645.009,3851.237
64.690,161.568,0.009,5,4645.066,3851.959
64.700,161.570,0.009,5,4645.123,3852.681
64.710,161.572,0.009,5,4645.180,3853.403
64.720,161.574,0.009,5,4645.237,3854.126
64.730,161.576,0.009,5,4645.294,3854.848
64.740,161.578,0.009,5,4645.350,3855.570
64.750,161.580,0.009,5,4645.407,3856.293
64.760,161.582,0.009,5,4645.464,3857.015
64.770,161.584,0.009,5,4645.521,3857.737
64.780,161.586,0.009,5,4645.578,3858.460
64.790,161.588,0.009,5,4645.634,3859.182
64.800,161.590,0.009,5,4645.691,3859.904
64.810,161.592,0.009,5,4645.748,3860.627
64.820,161.594,0.009,5,4645.804,3861.349
64.830,161.596,0.009,5,4645.861,3862.072
64.840,161.598,0.009,5,4645.918,3862.794
64.850,161.600,0.009,5,4645.974,3863.516
64.860,161.601,0.009,5,4646.031,3864.239
64.870,161.603,0.009,5,4646.087,3864.961
64.880,161.605,0.009,5,4646.144,3865.684
64.890,161.607,0.009,5,4646.200,3866.406
64.900,161.609,0.009,5,4646.257,3867.128
64.910,161.611,0.009,5,4646.313,3867.851
64.920,161.613,0.009,5,4646.369,3868.573
64.930,161.615,0.009,5,4646.426,3869.296
64.940,161.617,0.009,5,4646.482,3870.018
64.950,161.619,0.009,5,4646.538,3870.741
64.960,161.621,0.009,5,4646.595,3871.463
64.970,161.623,0.009,5,4646.651,3872.186
64.980,161.625,0.009,5,4646.707,3872.908
64.990,161.627,0.009,5,4646.764,3873.631
65.000,161.629,0.009,5,4646.820,3874.354
65.010,161.631,0.009,5,4646.876,3875.076
65.020,161.633,0.009,5,4646.932,3875.799
65.030,161.635,0.009,5,4646.988,3876.521
65.040,161.637,0.009,5,4647.044,3877.244
65.050,161.639,0.009,5,4647.100,3877.966
65.060,161.641,0.009,5,4647.157,3878.689
65.070,161.643,0.009,5,4647.213,3879.412
65.080,161.645,0.009,5,4647.269,3880.134
65.090,161.646,0.009,5,4647.325,3880.857
65.100,161.648,0.009,5,4647.381,3881.579
65.110,161.650,0.009,5,4647.437,3882.302
65.120,161.652,0.009,5,4647.492,3883.025
65.130,161.654,0.009,5,4647.548,3883.747
65.140,161.656,0.009,5,4647.604,3884.470
65.150,161.658,0.009,5,4647.660,3885.193
65.160,161.660,0.009,5,4647.716,3885.915
65.170,161.662,0.009,5,4647.772,3886.638
65.180,161.664,0.009,5,4647.827,3887.361
65.190,161.666,0.009,5,4647.883,3888.083
65.200,161.668,0.009,5,4647.939,3888.806
65.210,161.670,0.009,5,4647.995,3889.529
65.220,161.672,0.009,5,4648.050,3890.252
65.230,161.674,0.009,5,4648.106,3890.974
65.240,161.676,0.009,5,4648.162,3891.697
65.250,161.678,0.009,5,4648.217,3892.420
65.260,161.679,0.009,5,4648.273,3893.143
65.270,161.681,0.009,5,4648.328,3893.865
65.280,161.683,0.009,5,4648.384,3894.588
65.290,161.685,0.009,5,4648.439,3895.311
65.300,161.687,0.009,5,4648.495,3896.034
65.310,161.689,0.009,5,4648.550,3896.757
65.320,161.691,0.009,5,4648.606,3897.479
65.330,161.693,0.009,5,4648.661,3898.202
65.340,161.695,0.009,5,4648.717,3898.925
65.350,161.697,0.009,5,4648.772,3899.648
65.360,161.699,0.009,5,4648.827,3900.371
65.370,161.701,0.009,5,4648.883,3901.094
65.380,161.703,0.009,5,4648.938,3901.816
65.390,161.705,0.009,5,4648.993,3902.539
65.400,161.706,0.009,5,4649.049,3903.262
65.410,161.708,0.009,5,4649.104,3903.985
65.420,161.710,0.009,5,4649.159,3904.708
65.430,161.712,0.009,5,4649.214,3905.431
65.440,161.714,0.009,5,4649.269,3906.154
65.450,161.716,0.009,5,4649.324,3906.877
65.460,161.718,0.009,5,4649.380,3907.600
65.470,161.720,0.009,5,4649.435,3908.323
65.480,161.722,0.009,5,4649.490,3909.046
65.490,161.724,0.009,5,4649.545,3909.769
65.500,161.726,0.009,5,4649.600,3910.492
65.510,161.728,0.009,5,4649.655,3911.215
65.520,161.729,0.009,5,4649.710,3911.938
65.530,161.731,0.009,5,4649.765,3912.661
65.540,161.733,0.009,5,4649.820,3913.384
65.550,161.735,0.009,5,4649.875,3914.107
65.560,161.737,0.009,5,4649.929,3914.830
65.570,161.739,0.009,5,4649.984,3915.553
65.580,161.741,0.009,5,4650.039,3916.276
65.590,161.743,0.009,5,4650.094,3916.999
65.600,161.745,0.009,5,4650.149,3917.722
65.610,161.747,0.009,5,4650.203,3918.445
65.620,161.749,0.009,5,4650.258,3919.168
65.630,161.750,0.009,5,4650.313,3919.891
65.640,161.752,0.009,5,4650.368,3920.614
65.650,161.754,0.009,5,4650.422,3921.337
65.660,161.756,0.009,5,4650.477,3922.060
65.670,161.758,0.009,5,4650.532,3922.783
65.680,161.760,0.009,5,4650.586,3923.507
65.690,161.762,0.009,5,4650.641,3924.230
65.700,161.764,0.009,5,4650.695,3924.953
65.710,161.766,0.009,5,4650.750,3925.676
65.720,161.768,0.009,5,4650.804,3926.399
65.730,161.769,0.009,5,4650.859,3927.122
65.740,161.771,0.009,5,4650.913,3927.845
65.750,161.773,0.009,5,4650.968,3928.569
65.760,161.775,0.009,5,4651.022,3929.292
65.770,161.777,0.009,5,4651.076,3930.015
65.780,161.779,0.009,5,4651.131,3930.738
65.790,161.781,0.009,5,4651.185,3931.462
65.800,161.783,0.009,5,4651.239,3932.185
65.810,161.785,0.009,5,4651.294,3932.908
65.820,161.786,0.009,5,4651.348,3933.631
65.830,161.788,0.009,5,4651.402,3934.354
65.840,161.790,0.009,5,4651.457,3935.078
65.850,161.792,0.009,5,4651.511,3935.801
65.860,161.794,0.009,5,4651.565,3936.524
65.870,161.796,0.009,5,4651.619,3937.248
65.880,161.798,0.009,5,4651.673,3937.971
65.890,161.800,0.009,5,4651.727,3938.694
65.900,161.802,0.009,5,4651.781,3939.417
65.910,161.803,0.009,5,4651.835,3940.141
65.920,161.805,0.009,5,4651.889,3940.864
65.930,161.807,0.009,5,4651.943,3941.587
65.940,161.809,0.009,5,4651.997,3942.311
65.950,161.811,0.009,5,4652.051,3943.034
65.960,161.813,0.009,5,4652.105,3943.758
65.970,161.815,0.009,5,4652.159,3944.481
65.980,161.817,0.009,5,4652.213,3945.204
65.990,161.818,0.009,5,4652.267,3945.928
66.000,161.820,0.009,5,4652.321,3946.651
66.010,161.822,0.009,5,4652.375,3947.374
66.020,161.824,0.009,5,4652.429,3948.098
66.030,161.826,0.009,5,4652.482,3948.821
66.040,161.828,0.009,5,4652.536,3949.545
66.050,161.830,0.009,5,4652.590,3950.268
66.060,161.831,0.009,5,4652.644,3950.992
66.070,161.833,0.009,5,4652.697,3951.715
66.080,161.835,0.009,5,4652.751,3952.439
66.090,161.837,0.008,5,4652.805,3953.162
66.100,161.839,0.008,5,4652.858,3953.885
66.110,161.841,0.008,5,4652.912,3954.609
66.120,161.843,0.008,5,4652.965,3955.332
66.130,161.845,0.008,5,4653.019,3956.056
66.140,161.846,0.008,5,4653.072,3956.779
66.150,161.848,0.008,5,4653.126,3957.503
66.160,161.850,0.008,5,4653.179,3958.227
66.170,161.852,0.008,5,4653.233,3958.950
66.180,161.854,0.008,5,4653.286,3959.674
66.190,161.856,0.008,5,4653.340,3960.397
66.200,161.858,0.008,5,4653.393,3961.121
66.210,161.859,0.008,5,4653.447,3961.844
66.220,161.861,0.008,5,4653.500,3962.568
66.230,161.863,0.008,5,4653.553,3963.291
66.240,161.865,0.008,5,4653.606,3964.015
66.250,161.867,0.008,5,4653.660,3964.739
66.260,161.869,0.008,5,4653.713,3965.462
66.270,161.871,0.008,5,4653.766,3966.186
66.280,161.872,0.008,5,4653.819,3966.910
66.290,161.874,0.008,5,4653.873,3967.633
66.300,161.876,0.008,5,4653.926,3968.357
66.310,161.878,0.008,5,4653.979,3969.080
66.320,161.880,0.008,5,4654.032,3969.804
66.330,161.882,0.008,5,4654.085,3970.528
66.340,161.883,0.008,5,4654.138,3971.251
66.350,161.885,0.008,5,4654.191,3971.975
66.360,161.887,0.008,5,4654.244,3972.699
66.370,161.889,0.008,5,4654.297,3973.423
66.380,161.891,0.008,5,4654.350,3974.146
66.390,161.893,0.008,5,4654.403,3974.870
66.400,161.895,0.008,5,4654.456,3975.594
66.410,161.896,0.008,5,4654.509,3976.317
66.420,161.898,0.008,5,4654.562,3977.041
66.430,161.900,0.008,5,4654.615,3977.765
66.440,161.902,0.008,5,4654.668,3978.489
66.450,161.904,0.008,5,4654.721,3979.212
66.460,161.906,0.008,5,4654.773,3979.936
66.470,161.907,0.008,5,4654.826,3980.660
66.480,161.909,0.008,5,4654.879,3981.384
66.490,161.911,0.008,5,4654.932,3982.108
66.500,161.913,0.008,5,4654.984,3982.831
66.510,161.915,0.008,5,4655.037,3983.555
66.520,161.917,0.008,5,4655.090,3984.279
66.530,161.918,0.008,5,4655.142,3985.003
66.540,161.920,0.008,5,4655.195,3985.727
66.550,161.922,0.008,5,4655.248,3986.451
66.560,161.924,0.008,5,4655.300,3987.174
66.570,161.926,0.008,5,4655.353,3987.898
66.580,161.928,0.008,5,4655.405,3988.622
66.590,161.929,0.008,5,4655.458,3989.346
66.600,161.931,0.008,5,4655.510,3990.070
66.610,161.933,0.008,5,4655.563,3990.794
66.620,161.935,0.008,5,4655.615,3991.518
66.630,161.937,0.008,5,4655.667,3992.242
66.640,161.938,0.008,5,4655.720,3992.966
66.650,161.940,0.008,5,4655.772,3993.690
66.660,161.942,0.008,5,4655.825,3994.414
66.670,161.944,0.008,5,4655.877,3995.137
66.680,161.946,0.008,5,4655.929,3995.861
66.690,161.948,0.008,5,4655.982,3996.585
66.700,161.949,0.008,5,4656.034,3997.309
66.710,161.951,0.008,5,4656.086,3998.033
66.720,161.953,0.008,5,4656.138,3998.757
66.730,161.955,0.008,5,4656.190,3999.481
66.740,161.957,0.008,5,4656.243,4000.205
66.750,161.958,0.008,5,4656.295,4000.929
66.760,161.960,0.008,5,4656.347,4001.653
66.770,161.962,0.008,5,4656.399,4002.377
66.780,161.964,0.008,5,4656.451,4003.101
66.790,161.966,0.008,5,4656.503,4003.825
66.800,161.968,0.008,5,4656.555,4004.550
66.810,161.969,0.008,5,4656.607,4005.274
66.820,161.971,0.008,5,4656.659,4005.998
66.830,161.973,0.008,5,4656.711,4006.722
66.840,161.975,0.008,5,4656.763,4007.446
66.850,161.977,0.008,5,4656.815,4008.170
66.860,161.978,0.008,5,4656.867,4008.894
66.870,161.980,0.008,5,4656.919,4009.618
66.880,161.982,0.008,5,4656.971,4010.342
66.890,161.984,0.008,5,4657.022,4011.066
66.900,161.986,0.008,5,4657.074,4011.791
66.910,161.987,0.008,5,4657.126,4012.515
66.920,161.989,0.008,5,4657.178,4013.239
66.930,161.991,0.008,5,4657.230,4013.963
66.940,161.993,0.008,5,4657.281,4014.687
66.950,161.995,0.008,5,4657.333,4015.411
66.960,161.996,0.008,5,4657.385,4016.136
66.970,161.998,0.008,5,4657.436,4016.860
66.980,162.000,0.008,5,4657.488,4017.584
66.990,162.002,0.008,5,4657.540,4018.308
67.000,162.004,0.008,5,4657.591,4019.032
67.010,162.005,0.008,5,4657.643,4019.757
67.020,162.007,0.008,5,4657.694,4020.481
67.030,162.009,0.008,5,4657.746,4021.205
67.040,162.011,0.008,5,4657.797,4021.929
67.050,162.013,0.008,5,4657.849,4022.654
67.060,162.014,0.008,5,4657.900,4023.378
67.070,162.016,0.008,5,4657.952,4024.102
67.080,162.018,0.008,5,4658.003,4024.826
67.090,162.020,0.008,5,4658.054,4025.551
67.100,162.021,0.008,5,4658.106,4026.275
67.110,162.023,0.008,5,4658.157,4026.999
67.120,162.025,0.008,5,4658.209,4027.724
67.130,162.027,0.008,5,4658.260,4028.448
67.140,162.029,0.008,5,4658.311,4029.172
67.150,162.030,0.008,5,4658.362,4029.897
67.160,162.032,0.008,5,4658.414,4030.621
67.170,162.034,0.008,5,4658.465,4031.345
67.180,162.036,0.008,5,4658.516,4032.070
67.190,162.038,0.008,5,4658.567,4032.794
67.200,162.039,0.008,5,4658.618,4033.518
67.210,162.041,0.008,5,4658.669,4034.243
67.220,162.043,0.008,5,4658.721,4034.967
67.230,162.045,0.008,5,4658.772,4035.692
67.240,162.046,0.008,5,4658.823,4036.416
67.250,162.048,0.008,5,4658.874,4037.140
67.260,162.050,0.008,5,4658.925,4037.865
67.270,162.052,0.008,5,4658.976,4038.589
67.280,162.054,0.008,5,4659.027,4039.314
67.290,162.055,0.008,5,4659.078,4040.038
67.300,162.057,0.008,5,4659.129,4040.763
67.310,162.059,0.008,5,4659.180,4041.487
67.320,162.061,0.008,5,4659.230,4042.211
67.330,162.062,0.008,5,4659.281,4042.936
67.340,162.064,0.008,5,4659.332,4043.660
67.350,162.066,0.008,5,4659.383,4044.385
67.360,162.068,0.008,5,4659.434,4045.109
67.370,162.069,0.008,5,4659.485,4045.834
67.380,162.071,0.008,5,4659.535,4046.558
67.390,162.073,0.008,5,4659.586,4047.283
67.400,162.075,0.008,5,4659.637,4048.008
67.410,162.077,0.008,5,4659.687,4048.732
67.420,162.078,0.008,5,4659.738,4049.457
67.430,162.080,0.008,5,4659.789,4050.181
67.440,162.082,0.008,5,4659.839,4050.906
67.450,162.084,0.008,5,4659.890,4051.630
67.460,162.085,0.008,5,4659.941,4052.355
67.470,162.087,0.008,5,4659.991,4053.079
67.480,162.089,0.008,5,4660.042,4053.804
67.490,162.091,0.008,5,4660.092,4054.529
67.500,162.092,0.008,5,4660.143,4055.253
67.510,162.094,0.008,5,4660.193,4055.978
67.520,162.096,0.008,5,4660.244,4056.703
67.530,162.098,0.008,5,4660.294,4057.427
67.540,162.099,0.008,5,4660.344,4058.152
67.550,162.101,0.008,5,4660.395,4058.876
67.560,162.103,0.008,5,4660.445,4059.601
67.570,162.105,0.008,5,4660.496,4060.326
67.580,162.106,0.008,5,4660.546,4061.050
67.590,162.108,0.008,5,4660.596,4061.775
67.600,162.110,0.008,5,4660.646,4062.500
67.610,162.112,0.008,5,4660.697,4063.225
67.620,162.113,0.008,5,4660.747,4063.949
67.630,162.115,0.008,5,4660.797,4064.674
67.640,162.117,0.008,5,4660.847,4065.399
67.650,162.119,0.008,5,4660.897,4066.123
67.660,162.120,0.008,5,4660.948,4066.848
67.670,162.122,0.008,5,4660.998,4067.573
67.680,162.124,0.008,5,4661.048,4068.298
67.690,162.126,0.008,5,4661.098,4069.022
67.700,162.127,0.008,5,4661.148,4069.747
67.710,162.129,0.008,5,4661.198,4070.472
67.720,162.131,0.008,5,4661.248,4071.197
67.730,162.133,0.008,5,4661.298,4071.922
67.740,162.134,0.008,5,4661.348,4072.646
67.750,162.136,0.008,5,4661.398,4073.371
67.760,162.138,0.008,5,4661.448,4074.096
67.770,162.139,0.008,5,4661.498,4074.821
67.780,162.141,0.008,5,4661.548,4075.546
67.790,162.143,0.008,5,4661.598,4076.270
67.800,162.145,0.008,5,4661.647,4076.995
67.810,162.146,0.008,5,4661.697,4077.720
67.820,162.148,0.008,5,4661.747,4078.445
67.830,162.150,0.008,5,4661.797,4079.170
67.840,162.152,0.008,5,4661.847,4079.895
67.850,162.153,0.008,5,4661.896,4080.620
67.860,162.155,0.008,5,4661.946,4081.345
67.870,162.157,0.008,5,4661.996,4082.069
67.880,162.159,0.008,5,4662.045,4082.794
67.890,162.160,0.008,5,4662.095,4083.519
67.900,162.162,0.008,5,4662.145,4084.244
67.910,162.164,0.008,5,4662.194,4084.969
67.920,162.165,0.008,5,4662.244,4085.694
67.930,162.167,0.008,5,4662.294,4086.419
67.940,162.169,0.008,5,4662.343,4087.144
67.950,162.171,0.008,5,4662.393,4087.869
67.960,162.172,0.008,5,4662.442,4088.594
67.970,162.174,0.008,5,4662.492,4089.319
67.980,162.176,0.008,5,4662.541,4090.044
67.990,162.177,0.008,5,4662.591,4090.769
68.000,162.179,0.008,5,4662.640,4091.494
68.010,162.181,0.008,5,4662.689,4092.219
68.020,162.183,0.008,5,4662.739,4092.944
68.030,162.184,0.008,5,4662.788,4093.669
68.040,162.186,0.008,5,4662.837,4094.394
68.050,162.188,0.008,5,4662.887,4095.119
68.060,162.189,0.008,5,4662.936,4095.844
68.070,162.191,0.008,5,4662.985,4096.569
68.080,162.193,0.008,5,4663.035,4097.294
68.090,162.195,0.008,5,4663.084,4098.019
68.100,162.196,0.008,5,4663.133,4098.744
68.110,162.198,0.008,5,4663.182,4099.469
68.120,162.200,0.008,5,4663.231,4100.194
68.130,162.201,0.008,5,4663.280,4100.920
68.140,162.203,0.008,5,4663.330,4101.645
68.150,162.205,0.008,5,4663.379,4102.370
68.160,162.207,0.008,5,4663.428,4103.095
68.170,162.208,0.008,5,4663.477,4103.820
68.180,162.210,0.008,5,4663.526,4104.545
68.190,162.212,0.008,5,4663.575,4105.270
68.200,162.213,0.008,5,4663.624,4105.995
68.210,162.215,0.008,5,4663.673,4106.721
68.220,162.217,0.008,5,4663.722,4107.446
68.230,162.219,0.008,5,4663.771,4108.171
68.240,162.220,0.008,5,4663.820,4108.896
68.250,162.222,0.008,5,4663.869,4109.621
68.260,162.224,0.008,5,4663.917,4110.347
68.270,162.225,0.008,5,4663.966,4111.072
68.280,162.227,0.008,5,4664.015,4111.797
68.290,162.229,0.008,5,4664.064,4112.522
68.300,162.230,0.008,5,4664.113,4113.247
68.310,162.232,0.008,5,4664.162,4113.973
68.320,162.234,0.008,5,4664.210,4114.698
68.330,162.236,0.008,5,4664.259,4115.423
68.340,162.237,0.008,5,4664.308,4116.148
68.350,162.239,0.008,5,4664.356,4116.874
68.360,162.241,0.008,5,4664.405,4117.599
68.370,162.242,0.008,5,4664.454,4118.324
68.380,162.244,0.008,5,4664.502,4119.050
68.390,162.246,0.008,5,4664.551,4119.775
68.400,162.247,0.008,5,4664.599,4120.500
68.410,162.249,0.008,5,4664.648,4121.225
68.420,162.251,0.008,5,4664.697,4121.951
68.430,162.252,0.008,5,4664.745,4122.676
68.440,162.254,0.008,5,4664.794,4123.401
68.450,162.256,0.008,5,4664.842,4124.127
68.460,162.257,0.008,5,4664.891,4124.852
68.470,162.259,0.008,5,4664.939,4125.577
68.480,162.261,0.008,5,4664.987,4126.303
68.490,162.263,0.008,5,4665.036,4127.028
68.500,162.264,0.008,5,4665.084,4127.754
68.510,162.266,0.008,5,4665.132,4128.479
68.520,162.268,0.008,5,4665.181,4129.204
68.530,162.269,0.008,5,4665.229,4129.930
68.540,162.271,0.008,5,4665.277,4130.655
68.550,162.273,0.008,5,4665.326,4131.381
68.560,162.274,0.008,5,4665.374,4132.106
68.570,162.276,0.008,5,4665.422,4132.831
68.580,162.278,0.008,5,4665.470,4133.557
68.590,162.279,0.008,5,4665.519,4134.282
68.600,162.281,0.008,5,4665.567,4135.008
68.610,162.283,0.008,5,4665.615,4135.733
68.620,162.284,0.008,5,4665.663,4136.459
68.630,162.286,0.008,5,4665.711,4137.184
68.640,162.288,0.008,5,4665.759,4137.910
68.650,162.289,0.008,5,4665.807,4138.635
68.660,162.291,0.008,5,4665.855,4139.361
68.670,162.293,0.008,5,4665.903,4140.086
68.680,162.294,0.008,5,4665.951,4140.812
68.690,162.296,0.008,5,4665.999,4141.537
68.700,162.298,0.008,5,4666.047,4142.263
68.710,162.299,0.008,5,4666.095,4142.988
68.720,162.301,0.008,5,4666.143,4143.714
68.730,162.303,0.008,5,4666.191,4144.439
68.740,162.304,0.008,5,4666.239,4145.165
68.750,162.306,0.008,5,4666.287,4145.891
68.760,162.308,0.008,5,4666.334,4146.616
68.770,162.309,0.008,5,4666.382,4147.342
68.780,162.311,0.008,5,4666.430,4148.067
68.790,162.313,0.008,5,4666.478,4148.793
68.800,162.314,0.008,5,4666.526,4149.519
68.810,162.316,0.008,5,4666.573,4150.244
68.820,162.318,0.008,5,4666.621,4150.970
68.830,162.319,0.008,5,4666.669,4151.695
68.840,162.321,0.008,5,4666.716,4152.421
68.850,162.323,0.008,5,4666.764,4153.147
68.860,162.324,0.008,5,4666.812,4153.872
68.870,162.326,0.008,5,4666.859,4154.598
68.880,162.328,0.008,5,4666.907,4155.324
68.890,162.329,0.008,5,4666.954,4156.049
68.900,162.331,0.008,5,4667.002,4156.775
68.910,162.333,0.008,5,4667.050,4157.501
68.920,162.334,0.008,5,4667.097,4158.226
68.930,162.336,0.008,5,4667.145,4158.952
68.940,162.338,0.008,5,4667.192,4159.678
68.950,162.339,0.008,5,4667.239,4160.403
68.960,162.341,0.008,5,4667.287,4161.129
68.970,162.342,0.008,5,4667.334,4161.855
68.980,162.344,0.008,5,4667.382,4162.581
68.990,162.346,0.008,5,4667.429,4163.306
69.000,162.347,0.008,5,4667.476,4164.032
69.010,162.349,0.007,5,4667.524,4164.758
69.020,162.351,0.007,5,4667.571,4165.484
69.030,162.352,0.007,5,4667.618,4166.209
69.040,162.354,0.007,5,4667.665,4166.935
69.050,162.356,0.007,5,4667.713,4167.661
69.060,162.357,0.007,5,4667.760,4168.387
69.070,162.359,0.007,5,4667.807,4169.113
69.080,162.361,0.007,5,4667.854,4169.838
69.090,162.362,0.007,5,4667.901,4170.564
69.100,162.364,0.007,5,4667.949,4171.290
69.110,162.365,0.007,5,4667.996,4172.016
69.120,162.367,0.007,5,4668.043,4172.742
69.130,162.369,0.007,5,4668.090,4173.468
69.140,162.370,0.007,5,4668.137,4174.193
69.150,162.372,0.007,5,4668.184,4174.919
69.160,162.374,0.007,5,4668.231,4175.645
69.170,162.375,0.007,5,4668.278,4176.371
69.180,162.377,0.007,5,4668.325,4177.097
69.190,162.379,0.007,5,4668.372,4177.823
69.200,162.380,0.007,5,4668.419,4178.549
69.210,162.382,0.007,5,4668.466,4179.275
69.220,162.383,0.007,5,4668.513,4180.001
69.230,162.385,0.007,5,4668.560,4180.727
69.240,162.387,0.007,5,4668.606,4181.452
69.250,162.388,0.007,5,4668.653,4182.178
69.260,162.390,0.007,5,4668.700,4182.904
69.270,162.392,0.007,5,4668.747,4183.630
69.280,162.393,0.007,5,4668.794,4184.356
69.290,162.395,0.007,5,4668.840,4185.082
69.300,162.396,0.007,5,4668.887,4185.808
69.310,162.398,0.007,5,4668.934,4186.534
69.320,162.400,0.007,5,4668.981,4187.260
69.330,162.401,0.007,5,4669.027,4187.986
69.340,162.403,0.007,5,4669.074,4188.712
69.350,162.405,0.007,5,4669.121,4189.438
69.360,162.406,0.007,5,4669.167,4190.164
69.370,162.408,0.007,5,4669.214,4190.890
69.380,162.409,0.007,5,4669.260,4191.616
69.390,162.411,0.007,5,4669.307,4192.342
69.400,162.413,0.007,5,4669.353,4193.068
69.410,162.414,0.007,5,4669.400,4193.794
69.420,162.416,0.007,5,4669.446,4194.520
69.430,162.418,0.007,5,4669.493,4195.246
69.440,162.419,0.007,5,4669.539,4195.973
69.450,162.421,0.007,5,4669.586,4196.699
69.460,162.422,0.007,5,4669.632,4197.425
69.470,162.424,0.007,5,4669.679,4198.151
69.480,162.426,0.007,5,4669.725,4198.877
69.490,162.427,0.007,5,4669.771,4199.603
69.500,162.429,0.007,5,4669.818,4200.329
69.510,162.430,0.007,5,4669.864,4201.055
69.520,162.432,0.007,5,4669.910,4201.781
69.530,162.434,0.007,5,4669.957,4202.508
69.540,162.435,0.007,5,4670.003,4203.234
69.550,162.437,0.007,5,4670.049,4203.960
69.560,162.439,0.007,5,4670.095,4204.686
69.570,162.440,0.007,5,4670.141,4205.412
69.580,162.442,0.007,5,4670.188,4206.138
69.590,162.443,0.007,5,4670.234,4206.865
69.600,162.445,0.007,5,4670.280,4207.591
69.610,162.447,0.007,5,4670.326,4208.317
69.620,162.448,0.007,5,4670.372,4209.043
69.630,162.450,0.007,5,4670.418,4209.769
69.640,162.451,0.007,5,4670.464,4210.496
69.650,162.453,0.007,5,4670.510,4211.222
69.660,162.455,0.007,5,4670.556,4211.948
69.670,162.456,0.007,5,4670.602,4212.674
69.680,162.458,0.007,5,4670.648,4213.400
69.690,162.459,0.007,5,4670.694,4214.127
69.700,162.461,0.007,5,4670.740,4214.853
69.710,162.463,0.007,5,4670.786,4215.579
69.720,162.464,0.007,5,4670.832,4216.306
69.730,162.466,0.007,5,4670.878,4217.032
69.740,162.467,0.007,5,4670.924,4217.758
69.750,162.469,0.007,5,4670.970,4218.484
69.760,162.471,0.007,5,4671.015,4219.211
69.770,162.472,0.007,5,4671.061,4219.937
69.780,162.474,0.007,5,4671.107,4220.663
69.790,162.475,0.007,5,4671.153,4221.390
69.800,162.477,0.007,5,4671.198,4222.116
69.810,162.478,0.007,5,4671.244,4222.842
69.820,162.480,0.007,5,4671.290,4223.569
69.830,162.482,0.007,5,4671.336,4224.295
69.840,162.483,0.007,5,4671.381,4225.021
69.850,162.485,0.007,5,4671.427,4225.748
69.860,162.486,0.007,5,4671.472,4226.474
69.870,162.488,0.007,5,4671.518,4227.201
69.880,162.490,0.007,5,4671.564,4227.927
69.890,162.491,0.007,5,4671.609,4228.653
69.900,162.493,0.007,5,4671.655,4229.380
69.910,162.494,0.007,5,4671.700,4230.106
69.920,162.496,0.007,5,4671.746,4230.833
69.930,162.498,0.007,5,4671.791,4231.559
69.940,162.499,0.007,5,4671.837,4232.285
69.950,162.501,0.007,5,4671.882,4233.012
69.960,162.502,0.007,5,4671.928,4233.738
69.970,162.504,0.007,5,4671.973,4234.465
69.980,162.505,0.007,5,4672.018,4235.191
69.990,162.507,0.007,5,4672.064,4235.918
70.000,162.509,0.007,5,4672.109,4236.644
70.010,162.510,0.007,5,4672.154,4237.371
70.020,162.512,0.007,5,4672.200,4238.097
70.030,162.513,0.007,5,4672.245,4238.824
70.040,162.515,0.007,5,4672.290,4239.550
70.050,162.516,0.007,5,4672.336,4240.277
70.060,162.518,0.007,5,4672.381,4241.003
70.070,162.520,0.007,5,4672.426,4241.730
70.080,162.521,0.007,5,4672.471,4242.456
70.090,162.523,0.007,5,4672.516,4243.183
70.100,162.524,0.007,5,4672.561,4243.909
70.110,162.526,0.007,5,4672.607,4244.636
70.120,162.527,0.007,5,4672.652,4245.362
70.130,162.529,0.007,5,4672.697,4246.089
70.140,162.531,0.007,5,4672.742,4246.815
70.150,162.532,0.007,5,4672.787,4247.542
70.160,162.534,0.007,5,4672.832,4248.269
70.170,162.535,0.007,5,4672.877,4248.995
70.180,162.537,0.007,5,4672.922,4249.722
70.190,162.538,0.007,5,4672.967,4250.448
70.200,162.540,0.007,5,4673.012,4251.175
70.210,162.542,0.007,5,4673.057,4251.902
70.220,162.543,0.007,5,4673.102,4252.628
70.230,162.545,0.007,5,4673.147,4253.355
70.240,162.546,0.007,5,4673.192,4254.082
70.250,162.548,0.007,5,4673.236,4254.808
70.260,162.549,0.007,5,4673.281,4255.535
70.270,162.551,0.007,5,4673.326,4256.262
70.280,162.552,0.007,5,4673.371,4256.988
70.290,162.554,0.007,5,4673.416,4257.715
70.300,162.556,0.007,5,4673.460,4258.442
70.310,162.557,0.007,5,4673.505,4259.168
70.320,162.559,0.007,5,4673.550,4259.895
70.330,162.560,0.007,5,4673.595,4260.622
70.340,162.562,0.007,5,4673.639,4261.348
70.350,162.563,0.007,5,4673.684,4262.075
70.360,162.565,0.007,5,4673.729,4262.802
70.370,162.566,0.007,5,4673.773,4263.529
70.380,162.568,0.007,5,4673.818,4264.255
70.390,162.570,0.007,5,4673.862,4264.982
70.400,162.571,0.007,5,4673.907,4265.709
70.410,162.573,0.007,5,4673.952,4266.436
70.420,162.574,0.007,5,4673.996,4267.162
70.430,162.576,0.007,5,4674.041,4267.889
70.440,162.577,0.007,5,4674.085,4268.616
70.450,162.579,0.007,5,4674.130,4269.343
70.460,162.580,0.007,5,4674.174,4270.069
70.470,162.582,0.007,5,4674.218,4270.796
70.480,162.583,0.007,5,4674.263,4271.523
70.490,162.585,0.007,5,4674.307,4272.250
70.500,162.587,0.007,5,4674.352,4272.977
70.510,162.588,0.007,5,4674.396,4273.704
70.520,162.590,0.007,5,4674.440,4274.430
70.530,162.591,0.007,5,4674.485,4275.157
70.540,162.593,0.007,5,4674.529,4275.884
70.550,162.594,0.007,5,4674.573,4276.611
70.560,162.596,0.007,5,4674.618,4277.338
70.570,162.597,0.007,5,4674.662,4278.065
70.580,162.599,0.007,5,4674.706,4278.792
70.590,162.600,0.007,5,4674.750,4279.518
70.600,162.602,0.007,5,4674.794,4280.245
70.610,162.604,0.007,5,4674.839,4280.972
70.620,162.605,0.007,5,4674.883,4281.699
70.630,162.607,0.007,5,4674.927,4282.426
70.640,162.608,0.007,5,4674.971,4283.153
70.650,162.610,0.007,5,4675.015,4283.880
70.660,162.611,0.007,5,4675.059,4284.607
70.670,162.613,0.007,5,4675.103,4285.334
70.680,162.614,0.007,5,4675.147,4286.061
70.690,162.616,0.007,5,4675.191,4286.788
70.700,162.617,0.007,5,4675.235,4287.515
70.710,162.619,0.007,5,4675.279,4288.242
70.720,162.620,0.007,5,4675.323,4288.969
70.730,162.622,0.007,5,4675.367,4289.696
70.740,162.623,0.007,5,4675.411,4290.423
70.750,162.625,0.007,5,4675.455,4291.150
70.760,162.626,0.007,5,4675.499,4291.877
70.770,162.628,0.007,5,4675.543,4292.604
70.780,162.630,0.007,5,4675.587,4293.331
70.790,162.631,0.007,5,4675.630,4294.058
70.800,162.633,0.007,5,4675.674,4294.785
70.810,162.634,0.007,5,4675.718,4295.512
70.820,162.636,0.007,5,4675.762,4296.239
70.830,162.637,0.007,5,4675.806,4296.966
70.840,162.639,0.007,5,4675.849,4297.693
70.850,162.640,0.007,5,4675.893,4298.420
70.860,162.642,0.007,5,4675.937,4299.147
70.870,162.643,0.007,5,4675.980,4299.874
70.880,162.645,0.007,5,4676.024,4300.601
70.890,162.646,0.007,5,4676.068,4301.328
70.900,162.648,0.007,5,4676.111,4302.055
70.910,162.649,0.007,5,4676.155,4302.782
70.920,162.651,0.007,5,4676.199,4303.509
70.930,162.652,0.007,5,4676.242,4304.237
70.940,162.654,0.007,5,4676.286,4304.964
70.950,162.655,0.007,5,4676.329,4305.691
70.960,162.657,0.007,5,4676.373,4306.418
70.970,162.658,0.007,5,4676.416,4307.145
70.980,162.660,0.007,5,4676.460,4307.872
70.990,162.661,0.007,5,4676.503,4308.599
71.000,162.663,0.007,5,4676.547,4309.327
71.010,162.664,0.007,5,4676.590,4310.054
71.020,162.666,0.007,5,4676.633,4310.781
71.030,162.667,0.007,5,4676.677,4311.508
71.040,162.669,0.007,5,4676.720,4312.235
71.050,162.670,0.007,5,4676.763,4312.962
71.060,162.672,0.007,5,4676.807,4313.690
71.070,162.673,0.007,5,4676.850,4314.417
71.080,162.675,0.007,5,4676.893,4315.144
71.090,162.676,0.007,5,4676.937,4315.871
71.100,162.678,0.007,5,4676.980,4316.599
71.110,162.679,0.007,5,4677.023,4317.326
71.120,162.681,0.007,5,4677.066,4318.053
71.130,162.682,0.007,5,4677.109,4318.780
71.140,162.684,0.007,5,4677.153,4319.508
71.150,162.685,0.007,5,4677.196,4320.235
71.160,162.687,0.007,5,4677.239,4320.962
71.170,162.688,0.007,5,4677.282,4321.689
71.180,162.690,0.007,5,4677.325,4322.417
71.190,162.691,0.007,5,4677.368,4323.144
71.200,162.693,0.007,5,4677.411,4323.871
71.210,162.694,0.007,5,4677.454,4324.599
71.220,162.696,0.007,5,4677.497,4325.326
71.230,162.697,0.007,5,4677.540,4326.053
71.240,162.699,0.007,5,4677.583,4326.781
71.250,162.700,0.007,5,4677.626,4327.508
71.260,162.702,0.007,5,4677.669,4328.235
71.270,162.703,0.007,5,4677.712,4328.963
71.280,162.705,0.007,5,4677.755,4329.690
71.290,162.706,0.007,5,4677.798,4330.417
71.300,162.708,0.007,5,4677.841,4331.145
71.310,162.709,0.007,5,4677.884,4331.872
71.320,162.711,0.007,5,4677.927,4332.599
71.330,162.712,0.007,5,4677.969,4333.327
71.340,162.714,0.007,5,4678.012,4334.054
71.350,162.715,0.007,5,4678.055,4334.782
71.360,162.717,0.007,5,4678.098,4335.509
71.370,162.718,0.007,5,4678.141,4336.236
71.380,162.720,0.007,5,4678.183,4336.964
71.390,162.721,0.007,5,4678.226,4337.691
71.400,162.723,0.007,5,4678.269,4338.419
71.410,162.724,0.007,5,4678.311,4339.146
71.420,162.726,0.007,5,4678.354,4339.874
71.430,162.727,0.007,5,4678.397,4340.601
71.440,162.729,0.007,5,4678.439,4341.328
71.450,162.730,0.007,5,4678.482,4342.056
71.460,162.732,0.007,5,4678.524,4342.783
71.470,162.733,0.007,5,4678.567,4343.511
71.480,162.735,0.007,5,4678.610,4344.238
71.490,162.736,0.007,5,4678.652,4344.966
71.500,162.738,0.007,5,4678.695,4345.693
71.510,162.739,0.007,5,4678.737,4346.421
71.520,162.741,0.007,5,4678.780,4347.148
71.530,162.742,0.007,5,4678.822,4347.876
71.540,162.744,0.007,5,4678.864,4348.603
71.550,162.745,0.007,5,4678.907,4349.331
71.560,162.746,0.007,5,4678.949,4350.058
71.570,162.748,0.007,5,4678.992,4350.786
71.580,162.749,0.007,5,4679.034,4351.514
71.590,162.751,0.007,5,4679.076,4352.241
71.600,162.752,0.007,5,4679.119,4352.969
71.610,162.754,0.007,5,4679.161,4353.696
71.620,162.755,0.007,5,4679.203,4354.424
71.630,162.757,0.007,5,4679.246,4355.151
71.640,162.758,0.007,5,4679.288,4355.879
71.650,162.760,0.007,5,4679.330,4356.607
71.660,162.761,0.007,5,4679.372,4357.334
71.670,162.763,0.007,5,4679.414,4358.062
71.680,162.764,0.007,5,4679.457,4358.789
71.690,162.766,0.007,5,4679.499,4359.517
71.700,162.767,0.007,5,4679.541,4360.245
71.710,162.769,0.007,5,4679.583,4360.972
71.720,162.770,0.007,5,4679.625,4361.700
71.730,162.771,0.007,5,4679.667,4362.428
71.740,162.773,0.007,5,4679.709,4363.155
71.750,162.774,0.007,5,4679.751,4363.883
71.760,162.776,0.007,5,4679.793,4364.611
71.770,162.777,0.007,5,4679.835,4365.338
71.780,162.779,0.007,5,4679.877,4366.066
71.790,162.780,0.007,5,4679.919,4366.794
71.800,162.782,0.007,5,4679.961,4367.521
71.810,162.783,0.007,5,4680.003,4368.249
71.820,162.785,0.007,5,4680.045,4368.977
71.830,162.786,0.007,5,4680.087,4369.704
71.840,162.788,0.007,5,4680.129,4370.432
71.850,162.789,0.007,5,4680.171,4371.160
71.860,162.790,0.007,5,4680.213,4371.888
71.870,162.792,0.007,5,4680.255,4372.615
71.880,162.793,0.007,5,4680.296,4373.343
71.890,162.795,0.007,5,4680.338,4374.071
71.900,162.796,0.007,5,4680.380,4374.799
71.910,162.798,0.007,5,4680.422,4375.526
71.920,162.799,0.007,5,4680.463,4376.254
71.930,162.801,0.007,5,4680.505,4376.982
71.940,162.802,0.007,5,4680.547,4377.710
71.950,162.803,0.007,5,4680.589,4378.437
71.960,162.805,0.007,5,4680.630,4379.165
71.970,162.806,0.007,5,4680.672,4379.893
71.980,162.808,0.007,5,4680.714,4380.621
71.990,162.809,0.007,5,4680.755,4381.349
72.000,162.811,0.007,5,4680.797,4382.077
72.010,162.812,0.007,5,4680.838,4382.804
72.020,162.814,0.007,5,4680.880,4383.532
72.030,162.815,0.007,5,4680.921,4384.260
72.040,162.817,0.007,5,4680.963,4384.988
72.050,162.818,0.007,5,4681.005,4385.716
72.060,162.819,0.007,5,4681.046,4386.444
72.070,162.821,0.007,5,4681.088,4387.172
72.080,162.822,0.007,5,4681.129,4387.899
72.090,162.824,0.007,5,4681.170,4388.627
72.100,162.825,0.007,5,4681.212,4389.355
72.110,162.827,0.007,5,4681.253,4390.083
72.120,162.828,0.007,5,4681.295,4390.811
72.130,162.829,0.007,5,4681.336,4391.539
72.140,162.831,0.007,5,4681.377,4392.267
72.150,162.832,0.007,5,4681.419,4392.995
72.160,162.834,0.007,5,4681.460,4393.723
72.170,162.835,0.007,5,4681.501,4394.451
72.180,162.837,0.007,5,4681.543,4395.179
72.190,162.838,0.007,5,4681.584,4395.906
72.200,162.840,0.007,5,4681.625,4396.634
72.210,162.841,0.007,5,4681.666,4397.362
72.220,162.842,0.007,5,4681.708,4398.090
72.230,162.844,0.007,5,4681.749,4398.818
72.240,162.845,0.007,5,4681.790,4399.546
72.250,162.847,0.007,5,4681.831,4400.274
72.260,162.848,0.007,5,4681.872,4401.002
72.270,162.850,0.007,5,4681.913,4401.730
72.280,162.851,0.007,5,4681.954,4402.458
72.290,162.852,0.007,5,4681.995,4403.186
72.300,162.854,0.007,5,4682.037,4403.914
72.310,162.855,0.007,5,4682.078,4404.642
72.320,162.857,0.007,5,4682.119,4405.370
72.330,162.858,0.006,5,4682.160,4406.098
72.340,162.860,0.006,5,4682.201,4406.826
72.350,162.861,0.006,5,4682.242,4407.554
72.360,162.862,0.006,5,4682.283,4408.283
72.370,162.864,0.006,5,4682.324,4409.011
72.380,162.865,0.006,5,4682.364,4409.739
72.390,162.867,0.006,5,4682.405,4410.467
72.400,162.868,0.006,5,4682.446,4411.195
72.410,162.870,0.006,5,4682.487,4411.923
72.420,162.871,0.006,5,4682.528,4412.651
72.430,162.872,0.006,5,4682.569,4413.379
72.440,162.874,0.006,5,4682.610,4414.107
72.450,162.875,0.006,5,4682.650,4414.835
72.460,162.877,0.006,5,4682.691,4415.563
72.470,162.878,0.006,5,4682.732,4416.292
72.480,162.879,0.006,5,4682.773,4417.020
72.490,162.881,0.006,5,4682.813,4417.748
72.500,162.882,0.006,5,4682.854,4418.476
72.510,162.884,0.006,5,4682.895,4419.204
72.520,162.885,0.006,5,4682.936,4419.932
72.530,162.887,0.006,5,4682.976,4420.660
72.540,162.888,0.006,5,4683.017,4421.389
72.550,162.889,0.006,5,4683.057,4422.117
72.560,162.891,0.006,5,4683.098,4422.845
72.570,162.892,0.006,5,4683.139,4423.573
72.580,162.894,0.006,5,4683.179,4424.301
72.590,162.895,0.006,5,4683.220,4425.030
72.600,162.896,0.006,5,4683.260,4425.758
72.610,162.898,0.006,5,4683.301,4426.486
72.620,162.899,0.006,5,4683.341,4427.214
72.630,162.901,0.006,5,4683.382,4427.942
72.640,162.902,0.006,5,4683.422,4428.671
72.650,162.903,0.006,5,4683.463,4429.399
72.660,162.905,0.006,5,4683.503,4430.127
72.670,162.906,0.006,5,4683.544,4430.855
72.680,162.908,0.006,5,4683.584,4431.584
72.690,162.909,0.006,5,4683.624,4432.312
72.700,162.910,0.006,5,4683.665,4433.040
72.710,162.912,0.006,5,4683.705,4433.768
72.720,162.913,0.006,5,4683.745,4434.497
72.730,162.915,0.006,5,4683.786,4435.225
72.740,162.916,0.006,5,4683.826,4435.953
72.750,162.918,0.006,5,4683.866,4436.682
72.760,162.919,0.006,5,4683.907,4437.410
72.770,162.920,0.006,5,4683.947,4438.138
72.780,162.922,0.006,5,4683.987,4438.867
72.790,162.923,0.006,5,4684.027,4439.595
72.800,162.925,0.006,5,4684.067,4440.323
72.810,162.926,0.006,5,4684.108,4441.052
72.820,162.927,0.006,5,4684.148,4441.780
72.830,162.929,0.006,5,4684.188,4442.508
72.840,162.930,0.006,5,4684.228,4443.237
72.850,162.931,0.006,5,4684.268,4443.965
72.860,162.933,0.006,5,4684.308,4444.693
72.870,162.934,0.006,5,4684.348,4445.422
72.880,162.936,0.006,5,4684.388,4446.150
72.890,162.937,0.006,5,4684.428,4446.879
72.900,162.938,0.006,5,4684.468,4447.607
72.910,162.940,0.006,5,4684.508,4448.335
72.920,162.941,0.006,5,4684.548,4449.064
72.930,162.943,0.006,5,4684.588,4449.792
72.940,162.944,0.006,5,4684.628,4450.521
72.950,162.945,0.006,5,4684.668,4451.249
72.960,162.947,0.006,5,4684.708,4451.977
72.970,162.948,0.006,5,4684.748,4452.706
72.980,162.950,0.006,5,4684.788,4453.434
72.990,162.951,0.006,5,4684.828,4454.163
73.000,162.952,0.006,5,4684.868,4454.891
73.010,162.954,0.006,5,4684.907,4455.620
73.020,162.955,0.006,5,4684.947,4456.348
73.030,162.956,0.006,5,4684.987,4457.077
73.040,162.958,0.006,5,4685.027,4457.805
73.050,162.959,0.006,5,4685.067,4458.534
73.060,162.961,0.006,5,4685.106,4459.262
73.070,162.962,0.006,5,4685.146,4459.991
73.080,162.963,0.006,5,4685.186,4460.719
73.090,162.965,0.006,5,4685.225,4461.448
73.100,162.966,0.006,5,4685.265,4462.176
73.110,162.968,0.006,5,4685.305,4462.905
73.120,162.969,0.006,5,4685.344,4463.633
73.130,162.970,0.006,5,4685.384,4464.362
73.140,162.972,0.006,5,4685.424,4465.090
73.150,162.973,0.006,5,4685.463,4465.819
73.160,162.974,0.006,5,4685.503,4466.547
73.170,162.976,0.006,5,4685.542,4467.276
73.180,162.977,0.006,5,4685.582,4468.005
73.190,162.979,0.006,5,4685.621,4468.733
73.200,162.980,0.006,5,4685.661,4469.462
73.210,162.981,0.006,5,4685.700,4470.190
73.220,162.983,0.006,5,4685.740,4470.919
73.230,162.984,0.006,5,4685.779,4471.647
73.240,162.985,0.006,5,4685.819,4472.376
73.250,162.987,0.006,5,4685.858,4473.105
73.260,162.988,0.006,5,4685.898,4473.833
73.270,162.990,0.006,5,4685.937,4474.562
73.280,162.991,0.006,5,4685.976,4475.291
73.290,162.992,0.006,5,4686.016,4476.019
73.300,162.994,0.006,5,4686.055,4476.748
73.310,162.995,0.006,5,4686.094,4477.476
73.320,162.996,0.006,5,4686.134,4478.205
73.330,162.998,0.006,5,4686.173,4478.934
73.340,162.999,0.006,5,4686.212,4479.662
73.350,163.000,0.006,5,4686.251,4480.391
73.360,163.002,0.006,5,4686.291,4481.120
73.370,163.003,0.006,5,4686.330,4481.848
73.380,163.005,0.006,5,4686.369,4482.577
73.390,163.006,0.006,5,4686.408,4483.306
73.400,163.007,0.006,5,4686.447,4484.035
73.410,163.009,0.006,5,4686.486,4484.763
73.420,163.010,0.006,5,4686.526,4485.492
73.430,163.011,0.006,5,4686.565,4486.221
73.440,163.013,0.006,5,4686.604,4486.949
73.450,163.014,0.006,5,4686.643,4487.678
73.460,163.015,0.006,5,4686.682,4488.407
73.470,163.017,0.006,5,4686.721,4489.136
73.480,163.018,0.006,5,4686.760,4489.864
73.490,163.020,0.006,5,4686.799,4490.593
73.500,163.021,0.006,5,4686.838,4491.322
73.510,163.022,0.006,5,4686.877,4492.051
73.520,163.024,0.006,5,4686.916,4492.780
73.530,163.025,0.006,5,4686.955,4493.508
73.540,163.026,0.006,5,4686.994,4494.237
73.550,163.028,0.006,5,4687.033,4494.966
73.560,163.029,0.006,5,4687.072,4495.695
73.570,163.030,0.006,5,4687.110,4496.423
73.580,163.032,0.006,5,4687.149,4497.152
73.590,163.033,0.006,5,4687.188,4497.881
73.600,163.034,0.006,5,4687.227,4498.610
73.610,163.036,0.006,5,4687.266,4499.339
73.620,163.037,0.006,5,4687.305,4500.068
73.630,163.038,0.006,5,4687.343,4500.796
73.640,163.040,0.006,5,4687.382,4501.525
73.650,163.041,0.006,5,4687.421,4502.254
73.660,163.042,0.006,5,4687.460,4502.983
73.670,163.044,0.006,5,4687.498,4503.712
73.680,163.045,0.006,5,4687.537,4504.441
73.690,163.047,0.006,5,4687.576,4505.170
73.700,163.048,0.006,5,4687.614,4505.899
73.710,163.049,0.006,5,4687.653,4506.627
73.720,163.051,0.006,5,4687.692,4507.356
73.730,163.052,0.006,5,4687.730,4508.085
73.740,163.053,0.006,5,4687.769,4508.814
73.750,163.055,0.006,5,4687.807,4509.543
73.760,163.056,0.006,5,4687.846,4510.272
73.770,163.057,0.006,5,4687.884,4511.001
73.780,163.059,0.006,5,4687.923,4511.730
73.790,163.060,0.006,5,4687.962,4512.459
73.800,163.061,0.006,5,4688.000,4513.188
73.810,163.063,0.006,5,4688.038,4513.917
73.820,163.064,0.006,5,4688.077,4514.646
73.830,163.065,0.006,5,4688.115,4515.375
73.840,163.067,0.006,5,4688.154,4516.104
73.850,163.068,0.006,5,4688.192,4516.833
73.860,163.069,0.006,5,4688.231,4517.561
73.870,163.071,0.006,5,4688.269,4518.290
73.880,163.072,0.006,5,4688.307,4519.019
73.890,163.073,0.006,5,4688.346,4519.748
73.900,163.075,0.006,5,4688.384,4520.477
73.910,163.076,0.006,5,4688.422,4521.206
73.920,163.077,0.006,5,4688.461,4521.935
73.930,163.079,0.006,5,4688.499,4522.665
73.940,163.080,0.006,5,4688.537,4523.394
73.950,163.081,0.006,5,4688.575,4524.123
73.960,163.083,0.006,5,4688.614,4524.852
73.970,163.084,0.006,5,4688.652,4525.581
73.980,163.085,0.006,5,4688.690,4526.310
73.990,163.087,0.006,5,4688.728,4527.039
74.000,163.088,0.006,5,4688.766,4527.768
74.010,163.089,0.006,5,4688.804,4528.497
74.020,163.091,0.006,5,4688.843,4529.226
74.030,163.092,0.006,5,4688.881,4529.955
74.040,163.093,0.006,5,4688.919,4530.684
74.050,163.095,0.006,5,4688.957,4531.413
74.060,163.096,0.006,5,4688.995,4532.142
74.070,163.097,0.006,5,4689.033,4532.871
74.080,163.099,0.006,5,4689.071,4533.601
74.090,163.100,0.006,5,4689.109,4534.330
74.100,163.101,0.006,5,4689.147,4535.059
74.110,163.103,0.006,5,4689.185,4535.788
74.120,163.104,0.006,5,4689.223,4536.517
74.130,163.105,0.006,5,4689.261,4537.246
74.140,163.106,0.006,5,4689.299,4537.975
74.150,163.108,0.006,5,4689.337,4538.705
74.160,163.109,0.006,5,4689.375,4539.434
74.170,163.110,0.006,5,4689.413,4540.163
74.180,163.112,0.006,5,4689.450,4540.892
74.190,163.113,0.006,5,4689.488,4541.621
74.200,163.114,0.006,5,4689.526,4542.350
74.210,163.116,0.006,5,4689.564,4543.080
74.220,163.117,0.006,5,4689.602,4543.809
74.230,163.118,0.006,5,4689.639,4544.538
74.240,163.120,0.006,5,4689.677,4545.267
74.250,163.121,0.006,5,4689.715,4545.996
74.260,163.122,0.006,5,4689.753,4546.726
74.270,163.124,0.006,5,4689.790,4547.455
74.280,163.125,0.006,5,4689.828,4548.184
74.290,163.126,0.006,5,4689.866,4548.913
74.300,163.127,0.006,5,4689.903,4549.643
74.310,163.129,0.006,5,4689.941,4550.372
74.320,163.130,0.006,5,4689.979,4551.101
74.330,163.131,0.006,5,4690.016,4551.830
74.340,163.133,0.006,5,4690.054,4552.560
74.350,163.134,0.006,5,4690.092,4553.289
74.360,163.135,0.006,5,4690.129,4554.018
74.370,163.137,0.006,5,4690.167,4554.747
74.380,163.138,0.006,5,4690.204,4555.477
74.390,163.139,0.006,5,4690.242,4556.206
74.400,163.141,0.006,5,4690.279,4556.935
74.410,163.142,0.006,5,4690.317,4557.665
74.420,163.143,0.006,5,4690.354,4558.394
74.430,163.144,0.006,5,4690.392,4559.123
74.440,163.146,0.006,5,4690.429,4559.853
74.450,163.147,0.006,5,4690.467,4560.582
74.460,163.148,0.006,5,4690.504,4561.311
74.470,163.150,0.006,5,4690.541,4562.041
74.480,163.151,0.006,5,4690.579,4562.770
74.490,163.152,0.006,5,4690.616,4563.499
74.500,163.154,0.006,5,4690.653,4564.229
74.510,163.155,0.006,5,4690.691,4564.958
74.520,163.156,0.006,5,4690.728,4565.687
74.530,163.157,0.006,5,4690.765,4566.417
74.540,163.159,0.006,5,4690.803,4567.146
74.550,163.160,0.006,5,4690.840,4567.875
74.560,163.161,0.006,5,4690.877,4568.605
74.570,163.163,0.006,5,4690.914,4569.334
74.580,163.164,0.006,5,4690.952,4570.064
74.590,163.165,0.006,5,4690.989,4570.793
74.600,163.167,0.006,5,4691.026,4571.522
74.610,163.168,0.006,5,4691.063,4572.252
74.620,163.169,0.006,5,4691.100,4572.981
74.630,163.170,0.006,5,4691.137,4573.711
74.640,163.172,0.006,5,4691.175,4574.440
74.650,163.173,0.006,5,4691.212,4575.170
74.660,163.174,0.006,5,4691.249,4575.899
74.670,163.176,0.006,5,4691.286,4576.629
74.680,163.177,0.006,5,4691.323,4577.358
74.690,163.178,0.006,5,4691.360,4578.087
74.700,163.179,0.006,5,4691.397,4578.817
74.710,163.181,0.006,5,4691.434,4579.546
74.720,163.182,0.006,5,4691.471,4580.276
74.730,163.183,0.006,5,4691.508,4581.005
74.740,163.185,0.006,5,4691.545,4581.735
74.750,163.186,0.006,5,4691.582,4582.464
74.760,163.187,0.006,5,4691.619,4583.194
74.770,163.188,0.006,5,4691.656,4583.923
74.780,163.190,0.006,5,4691.693,4584.653
74.790,163.191,0.006,5,4691.729,4585.382
74.800,163.192,0.006,5,4691.766,4586.112
74.810,163.194,0.006,5,4691.803,4586.842
74.820,163.195,0.006,5,4691.840,4587.571
74.830,163.196,0.006,5,4691.877,4588.301
74.840,163.197,0.006,5,4691.914,4589.030
74.850,163.199,0.006,5,4691.950,4589.760
74.860,163.200,0.006,5,4691.987,4590.489
74.870,163.201,0.006,5,4692.024,4591.219
74.880,163.203,0.006,5,4692.061,4591.948
74.890,163.204,0.006,5,4692.097,4592.678
74.900,163.205,0.006,5,4692.134,4593.408
74.910,163.206,0.006,5,4692.171,4594.137
74.920,163.208,0.006,5,4692.207,4594.867
74.930,163.209,0.006,5,4692.244,4595.596
74.940,163.210,0.006,5,4692.281,4596.326
74.950,163.211,0.006,5,4692.317,4597.056
74.960,163.213,0.006,5,4692.354,4597.785
74.970,163.214,0.006,5,4692.390,4598.515
74.980,163.215,0.006,5,4692.427,4599.245
74.990,163.217,0.006,5,4692.464,4599.974
75.000,163.218,0.006,5,4692.500,4600.704
75.010,163.219,0.006,5,4692.537,4601.433
75.020,163.220,0.006,5,4692.573,4602.163
75.030,163.222,0.006,5,4692.610,4602.893
75.040,163.223,0.006,5,4692.646,4603.622
75.050,163.224,0.006,5,4692.683,4604.352
75.060,163.225,0.006,5,4692.719,4605.082
75.070,163.227,0.006,5,4692.756,4605.811
75.080,163.228,0.006,5,4692.792,4606.541
75.090,163.229,0.006,5,4692.828,4607.271
75.100,163.230,0.006,5,4692.865,4608.001
75.110,163.232,0.006,5,4692.901,4608.730
75.120,163.233,0.006,5,4692.937,4609.460
75.130,163.234,0.006,5,4692.974,4610.190
75.140,163.236,0.006,5,4693.010,4610.919
75.150,163.237,0.006,5,4693.046,4611.649
75.160,163.238,0.006,5,4693.083,4612.379
75.170,163.239,0.006,5,4693.119,4613.109
75.180,163.241,0.006,5,4693.155,4613.838
75.190,163.242,0.006,5,4693.192,4614.568
75.200,163.243,0.006,5,4693.228,4615.298
75.210,163.244,0.006,5,4693.264,4616.028
75.220,163.246,0.006,5,4693.300,4616.757
75.230,163.247,0.006,5,4693.336,4617.487
75.240,163.248,0.006,5,4693.373,4618.217
75.250,163.249,0.006,5,4693.409,4618.947
75.260,163.251,0.006,5,4693.445,4619.677
75.270,163.252,0.006,5,4693.481,4620.406
75.280,163.253,0.006,5,4693.517,4621.136
75.290,163.254,0.006,5,4693.553,4621.866
75.300,163.256,0.006,5,4693.589,4622.596
75.310,163.257,0.006,5,4693.625,4623.326
75.320,163.258,0.006,5,4693.661,4624.055
75.330,163.259,0.006,5,4693.697,4624.785
75.340,163.261,0.006,5,4693.733,4625.515
75.350,163.262,0.006,5,4693.769,4626.245
75.360,163.263,0.006,5,4693.805,4626.975
75.370,163.264,0.006,5,4693.841,4627.705
75.380,163.266,0.006,5,4693.877,4628.434
75.390,163.267,0.006,5,4693.913,4629.164
75.400,163.268,0.006,5,4693.949,4629.894
75.410,163.269,0.006,5,4693.985,4630.624
75.420,163.271,0.006,5,4694.021,4631.354
75.430,163.272,0.006,5,4694.057,4632.084
75.440,163.273,0.006,5,4694.093,4632.814
75.450,163.274,0.006,5,4694.128,4633.544
75.460,163.276,0.006,5,4694.164,4634.274
75.470,163.277,0.006,5,4694.200,4635.003
75.480,163.278,0.006,5,4694.236,4635.733
75.490,163.279,0.006,5,4694.272,4636.463
75.500,163.281,0.006,5,4694.307,4637.193
75.510,163.282,0.006,5,4694.343,4637.923
75.520,163.283,0.006,5,4694.379,4638.653
75.530,163.284,0.006,5,4694.415,4639.383
75.540,163.286,0.006,5,4694.450,4640.113
75.550,163.287,0.006,5,4694.486,4640.843
75.560,163.288,0.006,5,4694.522,4641.573
75.570,163.289,0.006,5,4694.557,4642.303
75.580,163.291,0.006,5,4694.593,4643.033
75.590,163.292,0.006,5,4694.629,4643.763
75.600,163.293,0.006,5,4694.664,4644.493
75.610,163.294,0.006,5,4694.700,4645.223
75.620,163.296,0.006,5,4694.735,4645.953
75.630,163.297,0.006,5,4694.771,4646.683
75.640,163.298,0.006,5,4694.806,4647.413
75.650,163.299,0.006,5,4694.842,4648.143
75.660,163.301,0.006,5,4694.878,4648.873
75.670,163.302,0.006,5,4694.913,4649.603
75.680,163.303,0.006,5,4694.948,4650.333
75.690,163.304,0.006,5,4694.984,4651.063
75.700,163.305,0.006,5,4695.019,4651.793
75.710,163.307,0.006,5,4695.055,4652.523
75.720,163.308,0.006,5,4695.090,4653.253
75.730,163.309,0.006,5,4695.126,4653.983
75.740,163.310,0.006,5,4695.161,4654.713
75.750,163.312,0.006,5,4695.196,4655.443
75.760,163.313,0.006,5,4695.232,4656.173
75.770,163.314,0.006,5,4695.267,4656.903
75.780,163.315,0.006,5,4695.303,4657.633
75.790,163.317,0.006,5,4695.338,4658.363
75.800,163.318,0.006,5,4695.373,4659.094
75.810,163.319,0.006,5,4695.408,4659.824
75.820,163.320,0.006,5,4695.444,4660.554
75.830,163.321,0.006,5,4695.479,4661.284
75.840,163.323,0.006,5,4695.514,4662.014
75.850,163.324,0.006,5,4695.549,4662.744
75.860,163.325,0.006,5,4695.585,4663.474
75.870,163.326,0.006,5,4695.620,4664.204
75.880,163.328,0.006,5,4695.655,4664.935
75.890,163.329,0.006,5,4695.690,4665.665
75.900,163.330,0.006,5,4695.725,4666.395
75.910,163.331,0.006,5,4695.760,4667.125
75.920,163.332,0.006,5,4695.796,4667.855
75.930,163.334,0.006,5,4695.831,4668.585
75.940,163.335,0.006,5,4695.866,4669.315
75.950,163.336,0.006,5,4695.901,4670.046
75.960,163.337,0.006,5,4695.936,4670.776
75.970,163.339,0.006,5,4695.971,4671.506
75.980,163.340,0.006,5,4696.006,4672.236
75.990,163.341,0.006,5,4696.041,4672.966
76.000,163.342,0.006,5,4696.076,4673.697
76.010,163.343,0.006,5,4696.111,4674.427
76.020,163.345,0.006,5,4696.146,4675.157
76.030,163.346,0.006,5,4696.181,4675.887
76.040,163.347,0.006,5,4696.216,4676.617
76.050,163.348,0.006,5,4696.251,4677.348
76.060,163.349,0.006,5,4696.286,4678.078
76.070,163.351,0.006,5,4696.321,4678.808
76.080,163.352,0.006,5,4696.355,4679.538
76.090,163.353,0.006,5,4696.390,4680.269
76.100,163.354,0.006,5,4696.425,4680.999
76.110,163.356,0.006,5,4696.460,4681.729
76.120,163.357,0.006,5,4696.495,4682.459
76.130,163.358,0.006,5,4696.530,4683.190
76.140,163.359,0.006,5,4696.564,4683.920
76.150,163.360,0.006,5,4696.599,4684.650
76.160,163.362,0.006,5,4696.634,4685.381
76.170,163.363,0.006,5,4696.669,4686.111
76.180,163.364,0.006,5,4696.703,4686.841
76.190,163.365,0.005,5,4696.738,4687.571
76.200,163.366,0.005,5,4696.773,4688.302
76.210,163.368,0.005,5,4696.807,4689.032
76.220,163.369,0.005,5,4696.842,4689.762
76.230,163.370,0.005,5,4696.877,4690.493
76.240,163.371,0.005,5,4696.911,4691.223
76.250,163.372,0.005,5,4696.946,4691.953
76.260,163.374,0.005,5,4696.981,4692.684
76.270,163.375,0.005,5,4697.015,4693.414
76.280,163.376,0.005,5,4697.050,4694.144
76.290,163.377,0.005,5,4697.084,4694.875
76.300,163.378,0.005,5,4697.119,4695.605
76.310,163.380,0.005,5,4697.153,4696.335
76.320,163.381,0.005,5,4697.188,4697.066
76.330,163.382,0.005,5,4697.222,4697.796
76.340,163.383,0.005,5,4697.257,4698.527
76.350,163.384,0.005,5,4697.291,4699.257
76.360,163.386,0.005,5,4697.326,4699.987
76.370,163.387,0.005,5,4697.360,4700.718
76.380,163.388,0.005,5,4697.395,4701.448
76.390,163.389,0.005,5,4697.429,4702.179
76.400,163.390,0.005,5,4697.464,4702.909
76.410,163.392,0.005,5,4697.498,4703.639
76.420,163.393,0.005,5,4697.532,4704.370
76.430,163.394,0.005,5,4697.567,4705.100
76.440,163.395,0.005,5,4697.601,4705.831
76.450,163.396,0.005,5,4697.635,4706.561
76.460,163.398,0.005,5,4697.670,4707.292
76.470,163.399,0.005,5,4697.704,4708.022
76.480,163.400,0.005,5,4697.738,4708.753
76.490,163.401,0.005,5,4697.772,4709.483
76.500,163.402,0.005,5,4697.807,4710.214
76.510,163.404,0.005,5,4697.841,4710.944
76.520,163.405,0.005,5,4697.875,4711.674
76.530,163.406,0.005,5,4697.909,4712.405
76.540,163.407,0.005,5,4697.943,4713.135
76.550,163.408,0.005,5,4697.978,4713.866
76.560,163.410,0.005,5,4698.012,4714.596
76.570,163.411,0.005,5,4698.046,4715.327
76.580,163.412,0.005,5,4698.080,4716.057
76.590,163.413,0.005,5,4698.114,4716.788
76.600,163.414,0.005,5,4698.148,4717.519
76.610,163.415,0.005,5,4698.182,4718.249
76.620,163.417,0.005,5,4698.216,4718.980
76.630,163.418,0.005,5,4698.251,4719.710
76.640,163.419,0.005,5,4698.285,4720.441
76.650,163.420,0.005,5,4698.319,4721.171
76.660,163.421,0.005,5,4698.353,4721.902
76.670,163.423,0.005,5,4698.387,4722.632
76.680,163.424,0.005,5,4698.421,4723.363
76.690,163.425,0.005,5,4698.455,4724.093
76.700,163.426,0.005,5,4698.489,4724.824
76.710,163.427,0.005,5,4698.522,4725.555
76.720,163.428,0.005,5,4698.556,4726.285
76.730,163.430,0.005,5,4698.590,4727.016
76.740,163.431,0.005,5,4698.624,4727.746
76.750,163.432,0.005,5,4698.658,4728.477
76.760,163.433,0.005,5,4698.692,4729.208
76.770,163.434,0.005,5,4698.726,4729.938
76.780,163.436,0.005,5,4698.760,4730.669
76.790,163.437,0.005,5,4698.793,4731.399
76.800,163.438,0.005,5,4698.827,4732.130
76.810,163.439,0.005,5,4698.861,4732.861
76.820,163.440,0.005,5,4698.895,4733.591
76.830,163.441,0.005,5,4698.929,4734.322
76.840,163.443,0.005,5,4698.962,4735.053
76.850,163.444,0.005,5,4698.996,4735.783
76.860,163.445,0.005,5,4699.030,4736.514
76.870,163.446,0.005,5,4699.063,4737.245
76.880,163.447,0.005,5,4699.097,4737.975
76.890,163.448,0.005,5,4699.131,4738.706
76.900,163.450,0.005,5,4699.164,4739.437
76.910,163.451,0.005,5,4699.198,4740.167
76.920,163.452,0.005,5,4699.232,4740.898
76.930,163.453,0.005,5,4699.265,4741.629
76.940,163.454,0.005,5,4699.299,4742.359
76.950,163.455,0.005,5,4699.333,4743.090
76.960,163.457,0.005,5,4699.366,4743.821
76.970,163.458,0.005,5,4699.400,4744.552
76.980,163.459,0.005,5,4699.433,4745.282
76.990,163.460,0.005,5,4699.467,4746.013
77.000,163.461,0.005,5,4699.500,4746.744
77.010,163.462,0.005,5,4699.534,4747.474
77.020,163.464,0.005,5,4699.567,4748.205
77.030,163.465,0.005,5,4699.601,4748.936
77.040,163.466,0.005,5,4699.634,4749.667
77.050,163.467,0.005,5,4699.668,4750.398
77.060,163.468,0.005,5,4699.701,4751.128
77.070,163.469,0.005,5,4699.734,4751.859
77.080,163.471,0.005,5,4699.768,4752.590
77.090,163.472,0.005,5,4699.801,4753.321
77.100,163.473,0.005,5,4699.835,4754.051
77.110,163.474,0.005,5,4699.868,4754.782
77.120,163.475,0.005,5,4699.901,4755.513
77.130,163.476,0.005,5,4699.935,4756.244
77.140,163.478,0.005,5,4699.968,4756.975
77.150,163.479,0.005,5,4700.001,4757.705
77.160,163.480,0.005,5,4700.035,4758.436
77.170,163.481,0.005,5,4700.068,4759.167
77.180,163.482,0.005,5,4700.101,4759.898
77.190,163.483,0.005,5,4700.134,4760.629
77.200,163.485,0.005,5,4700.168,4761.360
77.210,163.486,0.005,5,4700.201,4762.090
77.220,163.487,0.005,5,4700.234,4762.821
77.230,163.488,0.005,5,4700.267,4763.552
77.240,163.489,0.005,5,4700.300,4764.283
77.250,163.490,0.005,5,4700.333,4765.014
77.260,163.491,0.005,5,4700.367,4765.745
77.270,163.493,0.005,5,4700.400,4766.476
77.280,163.494,0.005,5,4700.433,4767.206
77.290,163.495,0.005,5,4700.466,4767.937
77.300,163.496,0.005,5,4700.499,4768.668
77.310,163.497,0.005,5,4700.532,4769.399
77.320,163.498,0.005,5,4700.565,4770.130
77.330,163.499,0.005,5,4700.598,4770.861
77.340,163.501,0.005,5,4700.631,4771.592
77.350,163.502,0.005,5,4700.664,4772.323
77.360,163.503,0.005,5,4700.697,4773.054
77.370,163.504,0.005,5,4700.730,4773.785
77.380,163.505,0.005,5,4700.763,4774.515
77.390,163.506,0.005,5,4700.796,4775.246
77.400,163.508,0.005,5,4700.829,4775.977
77.410,163.509,0.005,5,4700.862,4776.708
77.420,163.510,0.005,5,4700.895,4777.439
77.430,163.511,0.005,5,4700.928,4778.170
77.440,163.512,0.005,5,4700.961,4778.901
77.450,163.513,0.005,5,4700.993,4779.632
77.460,163.514,0.005,5,4701.026,4780.363
77.470,163.516,0.005,5,4701.059,4781.094
77.480,163.517,0.005,5,4701.092,4781.825
77.490,163.518,0.005,5,4701.125,4782.556
77.500,163.519,0.005,5,4701.158,4783.287
77.510,163.520,0.005,5,4701.190,4784.018
77.520,163.521,0.005,5,4701.223,4784.749
77.530,163.522,0.005,5,4701.256,4785.480
77.540,163.524,0.005,5,4701.289,4786.211
77.550,163.525,0.005,5,4701.321,4786.942
77.560,163.526,0.005,5,4701.354,4787.673
77.570,163.527,0.005,5,4701.387,4788.404
77.580,163.528,0.005,5,4701.419,4789.135
77.590,163.529,0.005,5,4701.452,4789.866
77.600,163.530,0.005,5,4701.485,4790.597
77.610,163.531,0.005,5,4701.517,4791.328
77.620,163.533,0.005,5,4701.550,4792.059
77.630,163.534,0.005,5,4701.583,4792.790
77.640,163.535,0.005,5,4701.615,4793.521
77.650,163.536,0.005,5,4701.648,4794.253
77.660,163.537,0.005,5,4701.680,4794.984
77.670,163.538,0.005,5,4701.713,4795.715
77.680,163.539,0.005,5,4701.746,4796.446
77.690,163.541,0.005,5,4701.778,4797.177
77.700,163.542,0.005,5,4701.811,4797.908
77.710,163.543,0.005,5,4701.843,4798.639
77.720,163.544,0.005,5,4701.876,4799.370
77.730,163.545,0.005,5,4701.908,4800.101
77.740,163.546,0.005,5,4701.940,4800.832
77.750,163.547,0.005,5,4701.973,4801.563
77.760,163.548,0.005,5,4702.005,4802.295
77.770,163.550,0.005,5,4702.038,4803.026
77.780,163.551,0.005,5,4702.070,4803.757
77.790,163.552,0.005,5,4702.103,4804.488
77.800,163.553,0.005,5,4702.135,4805.219
77.810,163.554,0.005,5,4702.167,4805.950
77.820,163.555,0.005,5,4702.200,4806.681
77.830,163.556,0.005,5,4702.232,4807.413
77.840,163.557,0.005,5,4702.264,4808.144
77.850,163.559,0.005,5,4702.297,4808.875
77.860,163.560,0.005,5,4702.329,4809.606
77.870,163.561,0.005,5,4702.361,4810.337
77.880,163.562,0.005,5,4702.393,4811.068
77.890,163.563,0.005,5,4702.426,4811.800
77.900,163.564,0.005,5,4702.458,4812.531
77.910,163.565,0.005,5,4702.490,4813.262
77.920,163.566,0.005,5,4702.522,4813.993
77.930,163.568,0.005,5,4702.554,4814.724
77.940,163.569,0.005,5,4702.587,4815.456
77.950,163.570,0.005,5,4702.619,4816.187
