Time_s,Speed_mph,Acceleration_G,Gear,Engine_RPM,Distance_m
0.000,0.000,0.647,1,1000.000,0.000
0.010,0.142,0.647,1,1000.000,0.000
0.020,0.284,0.647,1,1000.000,0.001
0.030,0.426,0.647,1,1000.000,0.003
0.040,0.568,0.647,1,1000.000,0.005
0.050,0.710,0.647,1,1000.000,0.008
0.060,0.852,0.647,1,1000.000,0.011
0.070,0.994,0.647,1,1000.000,0.016
0.080,1.135,0.647,1,1000.000,0.020
0.090,1.277,0.647,1,1000.000,0.026
0.100,1.419,0.647,1,1000.000,0.032
0.110,1.561,0.647,1,1000.000,0.038
0.120,1.703,0.647,1,1000.000,0.046
0.130,1.845,0.647,1,1000.000,0.054
0.140,1.987,0.647,1,1000.000,0.062
0.150,2.129,0.647,1,1000.000,0.071
0.160,2.271,0.647,1,1000.000,0.081
0.170,2.413,0.647,1,1000.000,0.092
0.180,2.555,0.647,1,1000.000,0.103
0.190,2.697,0.647,1,1000.000,0.115
0.200,2.839,0.647,1,1000.000,0.127
0.210,2.980,0.647,1,1000.000,0.140
0.220,3.122,0.647,1,1000.000,0.154
0.230,3.264,0.647,1,1000.000,0.168
0.240,3.406,0.647,1,1000.000,0.183
0.250,3.548,0.647,1,1000.000,0.198
0.260,3.690,0.647,1,1000.000,0.214
0.270,3.832,0.647,1,1000.000,0.231
0.280,3.974,0.647,1,1000.000,0.249
0.290,4.116,0.647,1,1000.000,0.267
0.300,4.258,0.647,1,1000.000,0.286
0.310,4.400,0.647,1,1000.000,0.305
0.320,4.542,0.647,1,1000.000,0.325
0.330,4.683,0.647,1,1000.000,0.345
0.340,4.825,0.647,1,1000.000,0.367
0.350,4.967,0.647,1,1000.000,0.389
0.360,5.109,0.647,1,1000.000,0.411
0.370,5.251,0.647,1,1000.000,0.434
0.380,5.393,0.647,1,1000.000,0.458
0.390,5.535,0.647,1,1000.000,0.483
0.400,5.677,0.647,1,1000.000,0.508
0.410,5.819,0.647,1,1000.000,0.533
0.420,5.960,0.647,1,1000.000,0.560
0.430,6.102,0.647,1,1000.258,0.587
0.440,6.244,0.647,1,1023.515,0.614
0.450,6.386,0.647,1,1046.771,0.642
0.460,6.528,0.647,1,1070.027,0.671
0.470,6.670,0.977,1,1093.282,0.701
0.480,6.884,0.977,1,1128.439,0.731
0.490,7.099,0.977,1,1163.596,0.762
0.500,7.313,0.977,1,1198.751,0.795
0.510,7.528,0.977,1,1233.906,0.828
0.520,7.742,0.977,1,1269.061,0.862
0.530,7.957,0.977,1,1304.215,0.897
0.540,8.171,0.977,1,1339.368,0.933
0.550,8.386,0.977,1,1374.520,0.970
0.560,8.600,0.977,1,1409.672,1.008
0.570,8.815,0.977,1,1444.823,1.047
0.580,9.029,0.977,1,1479.973,1.087
0.590,9.243,0.977,1,1515.122,1.128
0.600,9.458,0.977,1,1550.271,1.169
0.610,9.672,0.977,1,1585.419,1.212
0.620,9.887,0.977,1,1620.565,1.256
0.630,10.101,0.977,1,1655.711,1.301
0.640,10.316,0.977,1,1690.856,1.346
0.650,10.530,0.977,1,1726.001,1.393
0.660,10.744,0.977,1,1761.144,1.440
0.670,10.959,0.977,1,1796.286,1.489
0.680,11.173,0.977,1,1831.428,1.538
0.690,11.388,0.977,1,1866.568,1.589
0.700,11.602,0.977,1,1901.707,1.640
0.710,11.816,0.977,1,1936.846,1.692
0.720,12.031,0.977,1,1971.983,1.746
0.730,12.245,0.977,1,2007.119,1.800
0.740,12.459,0.977,1,2042.254,1.855
0.750,12.674,0.977,1,2077.388,1.911
0.760,12.888,0.977,1,2112.521,1.969
0.770,13.102,0.977,1,2147.653,2.027
0.780,13.317,0.984,1,2182.784,2.086
0.790,13.533,0.984,1,2218.178,2.146
0.800,13.749,0.984,1,2253.570,2.207
0.810,13.964,0.984,1,2288.961,2.269
0.820,14.180,0.984,1,2324.351,2.332
0.830,14.396,0.984,1,2359.740,2.395
0.840,14.612,0.984,1,2395.127,2.460
0.850,14.828,0.984,1,2430.513,2.526
0.860,15.044,0.984,1,2465.898,2.593
0.870,15.260,0.984,1,2501.281,2.661
0.880,15.476,0.984,1,2536.663,2.729
0.890,15.691,0.984,1,2572.044,2.799
0.900,15.907,0.984,1,2607.423,2.870
0.910,16.123,0.984,1,2642.801,2.941
0.920,16.339,0.983,1,2678.178,3.014
0.930,16.555,0.983,1,2713.553,3.087
0.940,16.771,0.983,1,2748.926,3.162
0.950,16.986,0.983,1,2784.298,3.237
0.960,17.202,0.983,1,2819.669,3.314
0.970,17.418,0.983,1,2855.038,3.391
0.980,17.634,0.983,1,2890.405,3.469
0.990,17.849,0.983,1,2925.771,3.549
1.000,18.065,0.983,1,2961.136,3.629
1.010,18.281,0.983,1,2996.498,3.710
1.020,18.497,0.983,1,3031.859,3.792
1.030,18.712,0.983,1,3067.219,3.876
1.040,18.928,0.983,1,3102.577,3.960
1.050,19.144,0.983,1,3137.933,4.045
1.060,19.360,0.983,1,3173.287,4.131
1.070,19.575,0.983,1,3208.640,4.218
1.080,19.791,0.983,1,3243.991,4.306
1.090,20.007,0.983,1,3279.340,4.395
1.100,20.222,0.983,1,3314.687,4.485
1.110,20.438,0.983,1,3350.033,4.576
1.120,20.653,0.983,1,3385.377,4.667
1.130,20.869,0.982,1,3420.719,4.760
1.140,21.085,0.982,1,3456.059,4.854
1.150,21.300,0.982,1,3491.397,4.949
1.160,21.516,0.982,1,3526.733,5.044
1.170,21.731,0.982,1,3562.068,5.141
1.180,21.947,0.982,1,3597.400,5.239
1.190,22.162,0.982,1,3632.731,5.337
1.200,22.378,0.982,1,3668.060,5.437
1.210,22.594,0.982,1,3703.386,5.537
1.220,22.809,0.982,1,3738.711,5.639
1.230,23.025,0.982,1,3774.033,5.741
1.240,23.240,0.982,1,3809.354,5.845
1.250,23.455,0.982,1,3844.672,5.949
1.260,23.671,0.982,1,3879.989,6.054
1.270,23.886,0.982,1,3915.303,6.161
1.280,24.102,0.982,1,3950.615,6.268
1.290,24.317,0.982,1,3985.925,6.376
1.300,24.533,0.982,1,4021.233,6.485
1.310,24.748,0.981,1,4056.539,6.596
1.320,24.963,0.981,1,4091.842,6.707
1.330,25.179,0.981,1,4127.143,6.819
1.340,25.394,0.981,1,4162.442,6.932
1.350,25.609,0.981,1,4197.739,7.046
1.360,25.825,0.981,1,4233.034,7.161
1.370,26.040,0.981,1,4268.326,7.277
1.380,26.255,0.981,1,4303.616,7.394
1.390,26.471,0.981,1,4338.903,7.511
1.400,26.686,0.981,1,4374.189,7.630
1.410,26.901,0.981,1,4409.472,7.750
1.420,27.116,0.981,1,4444.752,7.871
1.430,27.332,0.981,1,4480.030,7.993
1.440,27.547,0.981,1,4515.306,8.115
1.450,27.762,0.981,1,4550.579,8.239
1.460,27.977,0.980,1,4585.850,8.363
1.470,28.192,0.980,1,4621.118,8.489
1.480,28.408,0.980,1,4656.384,8.615
1.490,28.623,0.980,1,4691.647,8.743
1.500,28.838,0.980,1,4726.907,8.871
1.510,29.053,0.980,1,4762.166,9.001
1.520,29.268,0.980,1,4797.421,9.131
1.530,29.483,0.980,1,4832.674,9.262
1.540,29.698,0.980,1,4867.924,9.395
1.550,29.913,0.980,1,4903.172,9.528
1.560,30.128,0.980,1,4938.417,9.662
1.570,30.343,0.980,1,4973.659,9.797
1.580,30.558,0.980,1,5008.899,9.933
1.590,30.773,0.980,1,5044.136,10.071
1.600,30.988,0.979,1,5079.370,10.209
1.610,31.203,0.979,1,5114.602,10.348
1.620,31.418,0.979,1,5149.830,10.488
1.630,31.633,0.979,1,5185.056,10.629
1.640,31.848,0.979,1,5220.279,10.770
1.650,32.063,0.979,1,5255.500,10.913
1.660,32.277,0.979,1,5290.717,11.057
1.670,32.492,0.979,1,5325.932,11.202
1.680,32.707,0.979,1,5361.144,11.348
1.690,32.922,0.979,1,5396.352,11.494
1.700,33.137,0.979,1,5431.558,11.642
1.710,33.351,0.979,1,5466.761,11.791
1.720,33.566,0.979,1,5501.961,11.940
1.730,33.781,0.978,1,5537.158,12.091
1.740,33.996,0.978,1,5572.352,12.242
1.750,34.210,0.978,1,5607.543,12.395
1.760,34.425,0.978,1,5642.731,12.548
1.770,34.640,0.978,1,5677.916,12.702
1.780,34.854,0.978,1,5713.098,12.858
1.790,35.069,0.978,1,5748.277,13.014
1.800,35.284,0.978,1,5783.453,13.171
1.810,35.498,0.978,1,5818.625,13.329
1.820,35.713,0.978,1,5853.794,13.489
1.830,35.927,0.978,1,5888.961,13.649
1.840,36.142,0.977,1,5924.124,13.810
1.850,36.356,0.977,1,5959.284,13.972
1.860,36.571,0.977,1,5994.440,14.135
1.870,36.785,0.977,1,6029.594,14.299
1.880,37.000,0.977,1,6064.744,14.464
1.890,37.214,0.977,1,6099.891,14.630
1.900,37.428,0.970,1,6135.034,14.797
1.910,37.641,0.970,1,6169.910,14.964
1.920,37.854,0.969,1,6204.783,15.133
1.930,38.067,0.969,1,6239.653,15.303
1.940,38.279,0.969,1,6274.519,15.473
1.950,38.492,0.969,1,6309.382,15.645
1.960,38.705,0.969,1,6344.241,15.818
1.970,38.917,0.969,1,6379.098,15.991
1.980,39.130,0.969,1,6413.950,16.166
1.990,39.343,0.969,1,6448.799,16.341
2.000,39.555,0.969,1,6483.645,16.517
2.010,39.768,0.969,1,6518.488,16.695
2.020,39.980,0.968,1,6553.326,16.873
2.030,40.193,0.968,1,6588.162,17.052
2.040,40.405,0.968,1,6622.993,17.232
2.050,40.618,0.968,1,6657.822,17.413
2.060,40.830,0.968,1,6692.646,17.595
2.070,41.043,0.968,1,6727.467,17.778
2.080,41.255,0.968,1,6762.285,17.962
2.090,41.468,0.968,1,6797.099,18.147
2.100,41.680,0.968,1,6831.909,18.333
2.110,41.892,0.968,1,6866.716,18.520
2.120,42.105,0.967,1,6901.518,18.708
2.130,42.317,0.967,1,6936.318,18.896
2.140,42.529,0.967,1,6971.113,19.086
2.150,42.741,0.967,1,7005.905,19.277
2.160,42.954,0.967,1,7040.693,19.468
2.170,43.166,0.967,1,7075.477,19.661
2.180,43.378,0.967,1,7110.258,19.854
2.190,43.590,0.967,1,7145.034,20.048
2.200,43.802,0.967,1,7179.807,20.244
2.210,44.015,-0.026,2,4328.746,20.440
2.220,44.009,-0.026,2,4328.181,20.637
2.230,44.003,-0.026,2,4327.617,20.834
2.240,43.997,-0.026,2,4327.053,21.030
2.250,43.992,-0.026,2,4326.489,21.227
2.260,43.986,-0.026,2,4325.924,21.424
2.270,43.980,-0.026,2,4325.360,21.620
2.280,43.974,-0.026,2,4324.796,21.817
2.290,43.969,-0.026,2,4324.232,22.013
2.300,43.963,-0.026,2,4323.669,22.210
2.310,43.957,-0.026,2,4323.105,22.406
2.320,43.951,-0.026,2,4322.541,22.603
2.330,43.946,-0.026,2,4321.977,22.799
2.340,43.940,-0.026,2,4321.414,22.996
2.350,43.934,-0.026,2,4320.850,23.192
2.360,43.928,-0.026,2,4320.287,23.389
2.370,43.923,-0.026,2,4319.723,23.585
2.380,43.917,-0.026,2,4319.160,23.781
2.390,43.911,-0.026,2,4318.597,23.978
2.400,43.906,-0.026,2,4318.033,24.174
2.410,43.900,0.768,2,4317.470,24.370
2.420,44.068,0.768,2,4334.046,24.567
2.430,44.237,0.768,2,4350.620,24.764
2.440,44.405,0.768,2,4367.192,24.962
2.450,44.574,0.768,2,4383.762,25.161
2.460,44.742,0.768,2,4400.330,25.361
2.470,44.911,0.768,2,4416.896,25.561
2.480,45.079,0.767,2,4433.461,25.762
2.490,45.248,0.767,2,4450.023,25.964
2.500,45.416,0.767,2,4466.584,26.167
2.510,45.584,0.767,2,4483.143,26.370
2.520,45.753,0.767,2,4499.700,26.574
2.530,45.921,0.767,2,4516.255,26.779
2.540,46.089,0.767,2,4532.808,26.985
2.550,46.258,0.767,2,4549.359,27.191
2.560,46.426,0.767,2,4565.909,27.399
2.570,46.594,0.767,2,4582.456,27.607
2.580,46.762,0.767,2,4599.001,27.815
2.590,46.931,0.766,2,4615.545,28.025
2.600,47.099,0.766,2,4632.086,28.235
2.610,47.267,0.766,2,4648.626,28.446
2.620,47.435,0.766,2,4665.163,28.657
2.630,47.603,0.687,2,4681.699,28.870
2.640,47.754,0.687,2,4696.518,29.083
2.650,47.905,0.687,2,4711.336,29.297
2.660,48.055,0.686,2,4726.152,29.511
2.670,48.206,0.686,2,4740.967,29.726
2.680,48.357,0.686,2,4755.779,29.942
2.690,48.507,0.686,2,4770.590,30.159
2.700,48.658,0.686,2,4785.399,30.376
2.710,48.808,0.686,2,4800.206,30.594
2.720,48.959,0.686,2,4815.011,30.812
2.730,49.109,0.686,2,4829.814,31.032
2.740,49.260,0.686,2,4844.616,31.251
2.750,49.410,0.686,2,4859.416,31.472
2.760,49.561,0.686,2,4874.214,31.693
2.770,49.711,0.685,2,4889.010,31.915
2.780,49.862,0.685,2,4903.804,32.138
2.790,50.012,0.685,2,4918.596,32.361
2.800,50.162,0.685,2,4933.387,32.585
2.810,50.313,0.685,2,4948.175,32.809
2.820,50.463,0.685,2,4962.962,33.035
2.830,50.614,0.685,2,4977.747,33.261
2.840,50.764,0.685,2,4992.530,33.487
2.850,50.914,0.685,2,5007.311,33.714
2.860,51.064,0.685,2,5022.090,33.942
2.870,51.215,0.685,2,5036.867,34.171
2.880,51.365,0.685,2,5051.643,34.400
2.890,51.515,0.684,2,5066.416,34.630
2.900,51.665,0.684,2,5081.188,34.861
2.910,51.815,0.684,2,5095.957,35.092
2.920,51.966,0.684,2,5110.725,35.324
2.930,52.116,0.684,2,5125.491,35.557
2.940,52.266,0.684,2,5140.254,35.790
2.950,52.416,0.684,2,5155.016,36.024
2.960,52.566,0.684,2,5169.776,36.259
2.970,52.716,0.684,2,5184.534,36.494
2.980,52.866,0.684,2,5199.290,36.730
2.990,53.016,0.684,2,5214.044,36.967
3.000,53.166,0.683,2,5228.796,37.204
3.010,53.316,0.683,2,5243.546,37.442
3.020,53.466,0.683,2,5258.294,37.681
3.030,53.616,0.683,2,5273.040,37.920
3.040,53.766,0.683,2,5287.784,38.160
3.050,53.916,0.683,2,5302.526,38.401
3.060,54.066,0.683,2,5317.267,38.642
3.070,54.216,0.683,2,5332.005,38.884
3.080,54.365,0.683,2,5346.741,39.127
3.090,54.515,0.683,2,5361.475,39.370
3.100,54.665,0.683,2,5376.207,39.614
3.110,54.815,0.682,2,5390.937,39.859
3.120,54.965,0.682,2,5405.665,40.104
3.130,55.114,0.682,2,5420.390,40.350
3.140,55.264,0.682,2,5435.114,40.597
3.150,55.414,0.682,2,5449.836,40.845
3.160,55.563,0.682,2,5464.556,41.093
3.170,55.713,0.682,2,5479.274,41.341
3.180,55.863,0.682,2,5493.989,41.591
3.190,56.012,0.682,2,5508.703,41.841
3.200,56.162,0.682,2,5523.414,42.092
3.210,56.311,0.681,2,5538.123,42.343
3.220,56.461,0.681,2,5552.831,42.595
3.230,56.610,0.681,2,5567.536,42.848
3.240,56.760,0.681,2,5582.239,43.101
3.250,56.909,0.681,2,5596.940,43.355
3.260,57.059,0.681,2,5611.639,43.610
3.270,57.208,0.681,2,5626.336,43.865
3.280,57.358,0.681,2,5641.030,44.121
3.290,57.507,0.681,2,5655.723,44.378
3.300,57.657,0.681,2,5670.413,44.636
3.310,57.806,0.680,2,5685.101,44.894
3.320,57.955,0.680,2,5699.787,45.152
3.330,58.105,0.680,2,5714.471,45.412
3.340,58.254,0.680,2,5729.153,45.672
3.350,58.403,0.680,2,5743.833,45.933
3.360,58.552,0.680,2,5758.510,46.194
3.370,58.702,0.680,2,5773.186,46.456
3.380,58.851,0.680,2,5787.859,46.719
3.390,59.000,0.680,2,5802.530,46.982
3.400,59.149,0.680,2,5817.198,47.246
3.410,59.298,0.679,2,5831.865,47.511
3.420,59.447,0.679,2,5846.529,47.777
3.430,59.596,0.679,2,5861.192,48.043
3.440,59.745,0.679,2,5875.852,48.309
3.450,59.894,0.679,2,5890.509,48.577
3.460,60.043,0.679,2,5905.165,48.845
3.470,60.192,0.679,2,5919.818,49.114
3.480,60.341,0.679,2,5934.469,49.383
3.490,60.490,0.679,2,5949.118,49.653
3.500,60.639,0.679,2,5963.765,49.924
3.510,60.788,0.678,2,5978.409,50.195
3.520,60.937,0.678,2,5993.052,50.467
3.530,61.086,0.678,2,6007.691,50.740
3.540,61.235,0.678,2,6022.329,51.014
3.550,61.384,0.678,2,6036.964,51.288
3.560,61.532,0.678,2,6051.598,51.562
3.570,61.681,0.678,2,6066.228,51.838
3.580,61.830,0.678,2,6080.857,52.114
3.590,61.979,0.678,2,6095.483,52.391
3.600,62.127,0.677,2,6110.107,52.668
3.610,62.276,0.558,2,6124.729,52.946
3.620,62.398,0.558,2,6136.778,53.225
3.630,62.521,0.558,2,6148.824,53.504
3.640,62.643,0.558,2,6160.869,53.784
3.650,62.766,0.558,2,6172.912,54.064
3.660,62.888,0.558,2,6184.953,54.345
3.670,63.011,0.558,2,6196.992,54.626
3.680,63.133,0.558,2,6209.029,54.908
3.690,63.256,0.558,2,6221.065,55.191
3.700,63.378,0.557,2,6233.098,55.474
3.710,63.500,0.557,2,6245.129,55.757
3.720,63.623,0.557,2,6257.159,56.042
3.730,63.745,0.557,2,6269.186,56.326
3.740,63.867,0.557,2,6281.212,56.612
3.750,63.989,0.557,2,6293.236,56.897
3.760,64.112,0.557,2,6305.257,57.184
3.770,64.234,0.557,2,6317.277,57.471
3.780,64.356,0.557,2,6329.295,57.758
3.790,64.478,0.557,2,6341.311,58.046
3.800,64.600,0.557,2,6353.325,58.334
3.810,64.722,0.556,2,6365.337,58.623
3.820,64.845,0.556,2,6377.347,58.913
3.830,64.967,0.556,2,6389.355,59.203
3.840,65.089,0.556,2,6401.361,59.494
3.850,65.211,0.556,2,6413.365,59.785
3.860,65.333,0.556,2,6425.367,60.077
3.870,65.455,0.556,2,6437.367,60.369
3.880,65.577,0.556,2,6449.365,60.662
3.890,65.699,0.556,2,6461.362,60.956
3.900,65.821,0.556,2,6473.356,61.250
3.910,65.943,0.556,2,6485.348,61.544
3.920,66.065,0.555,2,6497.338,61.839
3.930,66.187,0.555,2,6509.326,62.135
3.940,66.308,0.555,2,6521.313,62.431
3.950,66.430,0.555,2,6533.297,62.728
3.960,66.552,0.555,2,6545.279,63.025
3.970,66.674,0.555,2,6557.259,63.323
3.980,66.796,0.555,2,6569.237,63.621
3.990,66.918,0.555,2,6581.213,63.920
4.000,67.039,0.555,2,6593.188,64.219
4.010,67.161,0.555,2,6605.160,64.519
4.020,67.283,0.555,2,6617.130,64.820
4.030,67.404,0.554,2,6629.098,65.121
4.040,67.526,0.554,2,6641.064,65.422
4.050,67.648,0.554,2,6653.028,65.725
4.060,67.769,0.554,2,6664.990,66.027
4.070,67.891,0.554,2,6676.949,66.330
4.080,68.013,0.554,2,6688.907,66.634
4.090,68.134,0.554,2,6700.863,66.939
4.100,68.256,0.554,2,6712.817,67.243
4.110,68.377,0.554,2,6724.768,67.549
4.120,68.499,0.554,2,6736.718,67.855
4.130,68.620,0.553,2,6748.665,68.161
4.140,68.742,0.553,2,6760.611,68.468
4.150,68.863,0.553,2,6772.554,68.776
4.160,68.984,0.553,2,6784.496,69.084
4.170,69.106,0.553,2,6796.435,69.393
4.180,69.227,0.553,2,6808.372,69.702
4.190,69.349,0.553,2,6820.307,70.012
4.200,69.470,0.553,2,6832.240,70.322
4.210,69.591,0.553,2,6844.171,70.633
4.220,69.713,0.553,2,6856.100,70.944
4.230,69.834,0.553,2,6868.026,71.256
4.240,69.955,0.552,2,6879.951,71.568
4.250,70.076,0.552,2,6891.873,71.881
4.260,70.197,0.552,2,6903.794,72.195
4.270,70.319,0.552,2,6915.712,72.509
4.280,70.440,0.552,2,6927.628,72.824
4.290,70.561,0.552,2,6939.542,73.139
4.300,70.682,0.552,2,6951.454,73.455
4.310,70.803,0.552,2,6963.364,73.771
4.320,70.924,0.552,2,6975.271,74.088
4.330,71.045,0.552,2,6987.177,74.405
4.340,71.166,0.551,2,6999.080,74.723
4.350,71.287,0.551,2,7010.982,75.041
4.360,71.408,0.551,2,7022.881,75.360
4.370,71.529,0.551,2,7034.778,75.680
4.380,71.650,0.551,2,7046.672,76.000
4.390,71.771,0.551,2,7058.565,76.320
4.400,71.892,0.551,2,7070.456,76.641
4.410,72.013,0.551,2,7082.344,76.963
4.420,72.134,0.551,2,7094.230,77.285
4.430,72.255,0.551,2,7106.114,77.608
4.440,72.375,0.550,2,7117.996,77.931
4.450,72.496,0.550,2,7129.876,78.255
4.460,72.617,0.550,2,7141.753,78.579
4.470,72.738,0.550,2,7153.629,78.904
4.480,72.859,0.550,2,7165.502,79.230
4.490,72.979,0.550,2,7177.373,79.556
4.500,73.100,0.550,2,7189.241,79.882
4.510,73.221,-0.046,3,4800.739,80.209
4.520,73.211,-0.046,3,4800.079,80.537
4.530,73.200,-0.046,3,4799.419,80.864
4.540,73.190,-0.046,3,4798.760,81.191
4.550,73.180,-0.046,3,4798.100,81.518
4.560,73.170,-0.046,3,4797.441,81.845
4.570,73.160,-0.046,3,4796.782,82.172
4.580,73.150,-0.046,3,4796.123,82.499
4.590,73.140,-0.046,3,4795.464,82.826
4.600,73.130,-0.046,3,4794.805,83.153
4.610,73.120,-0.046,3,4794.146,83.480
4.620,73.110,-0.046,3,4793.488,83.807
4.630,73.100,-0.046,3,4792.829,84.134
4.640,73.090,-0.046,3,4792.171,84.461
4.650,73.080,-0.046,3,4791.513,84.787
4.660,73.070,-0.046,3,4790.855,85.114
4.670,73.060,-0.046,3,4790.197,85.441
4.680,73.050,-0.046,3,4789.539,85.767
4.690,73.040,-0.046,3,4788.881,86.094
4.700,73.030,-0.046,3,4788.224,86.420
4.710,73.020,0.431,3,4787.566,86.747
4.720,73.114,0.431,3,4793.764,87.073
4.730,73.209,0.431,3,4799.961,87.400
4.740,73.303,0.431,3,4806.157,87.728
4.750,73.398,0.430,3,4812.352,88.056
4.760,73.492,0.430,3,4818.545,88.384
4.770,73.587,0.430,3,4824.738,88.713
4.780,73.681,0.430,3,4830.929,89.042
4.790,73.775,0.430,3,4837.119,89.372
4.800,73.870,0.430,3,4843.308,89.702
4.810,73.964,0.430,3,4849.496,90.032
4.820,74.059,0.430,3,4855.683,90.363
4.830,74.153,0.430,3,4861.868,90.694
4.840,74.247,0.430,3,4868.053,91.026
4.850,74.342,0.430,3,4874.236,91.358
4.860,74.436,0.430,3,4880.418,91.691
4.870,74.530,0.430,3,4886.599,92.024
4.880,74.624,0.429,3,4892.778,92.357
4.890,74.719,0.429,3,4898.957,92.691
4.900,74.813,0.429,3,4905.134,93.025
4.910,74.907,0.429,3,4911.310,93.360
4.920,75.001,0.429,3,4917.485,93.695
4.930,75.095,0.429,3,4923.659,94.030
4.940,75.189,0.429,3,4929.832,94.366
4.950,75.284,0.429,3,4936.004,94.703
4.960,75.378,0.429,3,4942.174,95.039
4.970,75.472,0.429,3,4948.343,95.376
4.980,75.566,0.429,3,4954.511,95.714
4.990,75.660,0.429,3,4960.678,96.052
5.000,75.754,0.428,3,4966.844,96.391
5.010,75.848,0.428,3,4973.008,96.729
5.020,75.942,0.428,3,4979.171,97.069
5.030,76.036,0.428,3,4985.333,97.408
5.040,76.130,0.428,3,4991.494,97.749
5.050,76.224,0.428,3,4997.654,98.089
5.060,76.318,0.428,3,5003.813,98.430
5.070,76.412,0.428,3,5009.970,98.771
5.080,76.506,0.428,3,5016.126,99.113
5.090,76.600,0.428,3,5022.281,99.455
5.100,76.693,0.428,3,5028.435,99.798
5.110,76.787,0.428,3,5034.588,100.141
5.120,76.881,0.427,3,5040.739,100.485
5.130,76.975,0.427,3,5046.889,100.828
5.140,77.069,0.427,3,5053.038,101.173
5.150,77.162,0.427,3,5059.186,101.518
5.160,77.256,0.427,3,5065.333,101.863
5.170,77.350,0.427,3,5071.478,102.208
5.180,77.444,0.427,3,5077.622,102.554
5.190,77.537,0.427,3,5083.765,102.901
5.200,77.631,0.427,3,5089.907,103.248
5.210,77.725,0.427,3,5096.048,103.595
5.220,77.818,0.427,3,5102.187,103.942
5.230,77.912,0.427,3,5108.325,104.291
5.240,78.005,0.426,3,5114.463,104.639
5.250,78.099,0.426,3,5120.598,104.988
5.260,78.193,0.426,3,5126.733,105.337
5.270,78.286,0.426,3,5132.866,105.687
5.280,78.380,0.426,3,5138.998,106.037
5.290,78.473,0.426,3,5145.129,106.388
5.300,78.567,0.426,3,5151.259,106.739
5.310,78.660,0.426,3,5157.388,107.090
5.320,78.754,0.426,3,5163.515,107.442
5.330,78.847,0.426,3,5169.641,107.794
5.340,78.940,0.426,3,5175.766,108.147
5.350,79.034,0.426,3,5181.890,108.500
5.360,79.127,0.425,3,5188.012,108.854
5.370,79.221,0.425,3,5194.133,109.208
5.380,79.314,0.425,3,5200.253,109.562
5.390,79.407,0.425,3,5206.372,109.917
5.400,79.501,0.425,3,5212.489,110.272
5.410,79.594,0.425,3,5218.606,110.628
5.420,79.687,0.425,3,5224.721,110.984
5.430,79.780,0.425,3,5230.835,111.340
5.440,79.874,0.425,3,5236.947,111.697
5.450,79.967,0.425,3,5243.059,112.054
5.460,80.060,0.425,3,5249.169,112.412
5.470,80.153,0.424,3,5255.278,112.770
5.480,80.246,0.424,3,5261.385,113.128
5.490,80.339,0.424,3,5267.492,113.487
5.500,80.433,0.424,3,5273.597,113.847
5.510,80.526,0.424,3,5279.701,114.207
5.520,80.619,0.424,3,5285.804,114.567
5.530,80.712,0.424,3,5291.905,114.927
5.540,80.805,0.424,3,5298.005,115.288
5.550,80.898,0.424,3,5304.104,115.650
5.560,80.991,0.424,3,5310.202,116.012
5.570,81.084,0.424,3,5316.299,116.374
5.580,81.177,0.424,3,5322.394,116.737
5.590,81.270,0.423,3,5328.488,117.100
5.600,81.363,0.423,3,5334.581,117.463
5.610,81.456,0.423,3,5340.672,117.827
5.620,81.548,0.423,3,5346.762,118.192
5.630,81.641,0.423,3,5352.851,118.556
5.640,81.734,0.423,3,5358.939,118.921
5.650,81.827,0.423,3,5365.026,119.287
5.660,81.920,0.423,3,5371.111,119.653
5.670,82.013,0.423,3,5377.195,120.019
5.680,82.105,0.423,3,5383.277,120.386
5.690,82.198,0.423,3,5389.359,120.754
5.700,82.291,0.423,3,5395.439,121.121
5.710,82.384,0.422,3,5401.518,121.489
5.720,82.476,0.422,3,5407.596,121.858
5.730,82.569,0.422,3,5413.672,122.227
5.740,82.662,0.422,3,5419.747,122.596
5.750,82.754,0.422,3,5425.821,122.966
5.760,82.847,0.422,3,5431.894,123.336
5.770,82.939,0.422,3,5437.965,123.706
5.780,83.032,0.422,3,5444.035,124.077
5.790,83.125,0.422,3,5450.104,124.449
5.800,83.217,0.422,3,5456.171,124.821
5.810,83.310,0.422,3,5462.237,125.193
5.820,83.402,0.421,3,5468.302,125.566
5.830,83.495,0.421,3,5474.366,125.939
5.840,83.587,0.421,3,5480.428,126.312
5.850,83.680,0.421,3,5486.489,126.686
5.860,83.772,0.421,3,5492.549,127.060
5.870,83.864,0.421,3,5498.608,127.435
5.880,83.957,0.421,3,5504.665,127.810
5.890,84.049,0.421,3,5510.721,128.186
5.900,84.142,0.421,3,5516.776,128.561
5.910,84.234,0.421,3,5522.829,128.938
5.920,84.326,0.421,3,5528.881,129.315
5.930,84.418,0.420,3,5534.932,129.692
5.940,84.511,0.420,3,5540.982,130.069
5.950,84.603,0.420,3,5547.030,130.447
5.960,84.695,0.420,3,5553.077,130.826
5.970,84.787,0.420,3,5559.123,131.205
5.980,84.880,0.420,3,5565.167,131.584
5.990,84.972,0.420,3,5571.210,131.963
6.000,85.064,0.420,3,5577.252,132.344
6.010,85.156,0.420,3,5583.292,132.724
6.020,85.248,0.420,3,5589.331,133.105
6.030,85.340,0.420,3,5595.369,133.486
6.040,85.432,0.419,3,5601.406,133.868
6.050,85.524,0.419,3,5607.441,134.250
6.060,85.616,0.419,3,5613.475,134.633
6.070,85.708,0.419,3,5619.508,135.016
6.080,85.800,0.419,3,5625.539,135.399
6.090,85.892,0.419,3,5631.569,135.783
6.100,85.984,0.419,3,5637.598,136.167
6.110,86.076,0.419,3,5643.626,136.551
6.120,86.168,0.419,3,5649.652,136.936
6.130,86.260,0.419,3,5655.676,137.322
6.140,86.352,0.419,3,5661.700,137.708
6.150,86.444,0.418,3,5667.722,138.094
6.160,86.536,0.418,3,5673.743,138.480
6.170,86.627,0.418,3,5679.763,138.868
6.180,86.719,0.418,3,5685.781,139.255
6.190,86.811,0.418,3,5691.798,139.643
6.200,86.903,0.418,3,5697.813,140.031
6.210,86.994,0.418,3,5703.828,140.420
6.220,87.086,0.418,3,5709.841,140.809
6.230,87.178,0.418,3,5715.852,141.198
6.240,87.269,0.418,3,5721.863,141.588
6.250,87.361,0.418,3,5727.872,141.979
6.260,87.453,0.417,3,5733.879,142.369
6.270,87.544,0.417,3,5739.886,142.761
6.280,87.636,0.417,3,5745.891,143.152
6.290,87.728,0.417,3,5751.895,143.544
6.300,87.819,0.417,3,5757.897,143.937
6.310,87.911,0.417,3,5763.898,144.329
6.320,88.002,0.417,3,5769.898,144.723
6.330,88.094,0.417,3,5775.896,145.116
6.340,88.185,0.417,3,5781.893,145.510
6.350,88.277,0.417,3,5787.889,145.905
6.360,88.368,0.417,3,5793.883,146.299
6.370,88.459,0.416,3,5799.876,146.695
6.380,88.551,0.416,3,5805.868,147.090
6.390,88.642,0.416,3,5811.858,147.486
6.400,88.733,0.416,3,5817.847,147.883
6.410,88.825,0.416,3,5823.835,148.280
6.420,88.916,0.416,3,5829.821,148.677
6.430,89.007,0.416,3,5835.806,149.075
6.440,89.099,0.416,3,5841.790,149.473
6.450,89.190,0.416,3,5847.772,149.871
6.460,89.281,0.416,3,5853.753,150.270
6.470,89.372,0.416,3,5859.733,150.670
6.480,89.463,0.415,3,5865.711,151.069
6.490,89.555,0.415,3,5871.688,151.469
6.500,89.646,0.415,3,5877.663,151.870
6.510,89.737,0.415,3,5883.638,152.271
6.520,89.828,0.415,3,5889.610,152.672
6.530,89.919,0.415,3,5895.582,153.074
6.540,90.010,0.415,3,5901.552,153.476
6.550,90.101,0.415,3,5907.521,153.879
6.560,90.192,0.415,3,5913.488,154.282
6.570,90.283,0.415,3,5919.454,154.685
6.580,90.374,0.414,3,5925.419,155.089
6.590,90.465,0.414,3,5931.382,155.493
6.600,90.556,0.414,3,5937.344,155.898
6.610,90.647,0.414,3,5943.305,156.303
6.620,90.738,0.414,3,5949.264,156.708
6.630,90.829,0.414,3,5955.222,157.114
6.640,90.920,0.414,3,5961.179,157.520
6.650,91.010,0.414,3,5967.134,157.927
6.660,91.101,0.414,3,5973.087,158.334
6.670,91.192,0.414,3,5979.040,158.742
6.680,91.283,0.414,3,5984.991,159.149
6.690,91.373,0.413,3,5990.941,159.558
6.700,91.464,0.413,3,5996.889,159.966
6.710,91.555,0.413,3,6002.836,160.375
6.720,91.646,0.413,3,6008.781,160.785
6.730,91.736,0.413,3,6014.726,161.195
6.740,91.827,0.413,3,6020.668,161.605
6.750,91.917,0.413,3,6026.610,162.016
6.760,92.008,0.413,3,6032.550,162.427
6.770,92.099,0.413,3,6038.488,162.838
6.780,92.189,0.413,3,6044.426,163.250
6.790,92.280,0.412,3,6050.362,163.663
6.800,92.370,0.412,3,6056.296,164.075
6.810,92.461,0.412,3,6062.229,164.489
6.820,92.551,0.412,3,6068.161,164.902
6.830,92.642,0.412,3,6074.091,165.316
6.840,92.732,0.412,3,6080.020,165.730
6.850,92.822,0.412,3,6085.948,166.145
6.860,92.913,0.412,3,6091.874,166.560
6.870,93.003,0.412,3,6097.799,166.976
6.880,93.094,0.412,3,6103.722,167.392
6.890,93.184,0.411,3,6109.644,167.808
6.900,93.274,0.411,3,6115.565,168.225
6.910,93.364,0.332,3,6121.484,168.642
6.920,93.437,0.332,3,6126.259,169.060
6.930,93.510,0.332,3,6131.034,169.478
6.940,93.583,0.332,3,6135.807,169.896
6.950,93.656,0.332,3,6140.578,170.314
6.960,93.728,0.332,3,6145.349,170.733
6.970,93.801,0.331,3,6150.119,171.152
6.980,93.874,0.331,3,6154.887,171.572
6.990,93.947,0.331,3,6159.655,171.992
7.000,94.019,0.331,3,6164.421,172.412
7.010,94.092,0.331,3,6169.186,172.832
7.020,94.165,0.331,3,6173.950,173.253
7.030,94.237,0.331,3,6178.713,173.674
7.040,94.310,0.331,3,6183.474,174.096
7.050,94.383,0.331,3,6188.235,174.517
7.060,94.455,0.331,3,6192.994,174.939
7.070,94.528,0.331,3,6197.753,175.362
7.080,94.600,0.331,3,6202.510,175.785
7.090,94.673,0.330,3,6207.266,176.208
7.100,94.745,0.330,3,6212.021,176.631
7.110,94.818,0.330,3,6216.775,177.055
7.120,94.890,0.330,3,6221.527,177.479
7.130,94.963,0.330,3,6226.279,177.903
7.140,95.035,0.330,3,6231.029,178.328
7.150,95.108,0.330,3,6235.778,178.753
7.160,95.180,0.330,3,6240.526,179.178
7.170,95.253,0.330,3,6245.273,179.604
7.180,95.325,0.330,3,6250.019,180.030
7.190,95.397,0.330,3,6254.763,180.456
7.200,95.470,0.330,3,6259.507,180.883
7.210,95.542,0.330,3,6264.249,181.310
7.220,95.614,0.329,3,6268.990,181.737
7.230,95.687,0.329,3,6273.731,182.164
7.240,95.759,0.329,3,6278.469,182.592
7.250,95.831,0.329,3,6283.207,183.021
7.260,95.903,0.329,3,6287.944,183.449
7.270,95.976,0.329,3,6292.679,183.878
7.280,96.048,0.329,3,6297.414,184.307
7.290,96.120,0.329,3,6302.147,184.737
7.300,96.192,0.329,3,6306.879,185.167
7.310,96.264,0.329,3,6311.610,185.597
7.320,96.336,0.329,3,6316.339,186.027
7.330,96.409,0.329,3,6321.068,186.458
7.340,96.481,0.328,3,6325.795,186.889
7.350,96.553,0.328,3,6330.522,187.321
7.360,96.625,0.328,3,6335.247,187.753
7.370,96.697,0.328,3,6339.971,188.185
7.380,96.769,0.328,3,6344.693,188.617
7.390,96.841,0.328,3,6349.415,189.050
7.400,96.913,0.328,3,6354.136,189.483
7.410,96.985,0.328,3,6358.855,189.916
7.420,97.057,0.328,3,6363.573,190.350
7.430,97.129,0.328,3,6368.290,190.784
7.440,97.201,0.328,3,6373.006,191.218
7.450,97.273,0.328,3,6377.721,191.653
7.460,97.344,0.328,3,6382.434,192.088
7.470,97.416,0.327,3,6387.147,192.524
7.480,97.488,0.327,3,6391.858,192.959
7.490,97.560,0.327,3,6396.568,193.395
7.500,97.632,0.327,3,6401.277,193.831
7.510,97.704,0.327,3,6405.985,194.268
7.520,97.775,0.327,3,6410.691,194.705
7.530,97.847,0.327,3,6415.397,195.142
7.540,97.919,0.327,3,6420.101,195.580
7.550,97.991,0.327,3,6424.804,196.018
7.560,98.062,0.327,3,6429.506,196.456
7.570,98.134,0.327,3,6434.207,196.894
7.580,98.206,0.327,3,6438.906,197.333
7.590,98.277,0.326,3,6443.605,197.772
7.600,98.349,0.326,3,6448.302,198.212
7.610,98.421,0.326,3,6452.998,198.652
7.620,98.492,0.326,3,6457.693,199.092
7.630,98.564,0.326,3,6462.387,199.532
7.640,98.635,0.326,3,6467.080,199.973
7.650,98.707,0.326,3,6471.771,200.414
7.660,98.779,0.326,3,6476.461,200.856
7.670,98.850,0.326,3,6481.150,201.297
7.680,98.922,0.326,3,6485.838,201.740
7.690,98.993,0.326,3,6490.525,202.182
7.700,99.065,0.326,3,6495.211,202.625
7.710,99.136,0.325,3,6499.895,203.068
7.720,99.207,0.325,3,6504.578,203.511
7.730,99.279,0.325,3,6509.261,203.955
7.740,99.350,0.325,3,6513.941,204.399
7.750,99.422,0.325,3,6518.621,204.843
7.760,99.493,0.325,3,6523.300,205.287
7.770,99.564,0.325,3,6527.977,205.732
7.780,99.636,0.325,3,6532.653,206.178
7.790,99.707,0.325,3,6537.328,206.623
7.800,99.778,0.325,3,6542.002,207.069
7.810,99.849,0.325,3,6546.675,207.515
7.820,99.921,0.325,3,6551.346,207.962
7.830,99.992,0.325,3,6556.017,208.409
7.840,100.063,0.324,3,6560.686,208.856
7.850,100.134,0.324,3,6565.354,209.303
7.860,100.206,0.324,3,6570.020,209.751
7.870,100.277,0.324,3,6574.686,210.199
7.880,100.348,0.324,3,6579.351,210.648
7.890,100.419,0.324,3,6584.014,211.096
7.900,100.490,0.324,3,6588.676,211.546
7.910,100.561,0.324,3,6593.337,211.995
7.920,100.632,0.324,3,6597.996,212.445
7.930,100.703,0.324,3,6602.655,212.895
7.940,100.774,0.324,3,6607.312,213.345
7.950,100.845,0.324,3,6611.968,213.796
7.960,100.916,0.323,3,6616.623,214.247
7.970,100.987,0.323,3,6621.277,214.698
7.980,101.058,0.323,3,6625.930,215.150
7.990,101.129,0.323,3,6630.581,215.601
8.000,101.200,0.323,3,6635.231,216.054
8.010,101.271,0.323,3,6639.880,216.506
8.020,101.342,0.323,3,6644.528,216.959
8.030,101.413,0.323,3,6649.175,217.412
8.040,101.484,0.323,3,6653.820,217.866
8.050,101.554,0.323,3,6658.464,218.320
8.060,101.625,0.323,3,6663.107,218.774
8.070,101.696,0.323,3,6667.749,219.228
8.080,101.767,0.322,3,6672.390,219.683
8.090,101.838,0.322,3,6677.029,220.138
8.100,101.908,0.322,3,6681.668,220.594
8.110,101.979,0.322,3,6686.305,221.049
8.120,102.050,0.322,3,6690.941,221.505
8.130,102.120,0.322,3,6695.575,221.962
8.140,102.191,0.322,3,6700.209,222.418
8.150,102.262,0.322,3,6704.841,222.875
8.160,102.332,0.322,3,6709.472,223.333
8.170,102.403,0.322,3,6714.102,223.790
8.180,102.474,0.322,3,6718.731,224.248
8.190,102.544,0.322,3,6723.358,224.707
8.200,102.615,0.321,3,6727.985,225.165
8.210,102.685,0.321,3,6732.610,225.624
8.220,102.756,0.321,3,6737.234,226.083
8.230,102.826,0.321,3,6741.857,226.543
8.240,102.897,0.321,3,6746.478,227.003
8.250,102.967,0.321,3,6751.098,227.463
8.260,103.038,0.321,3,6755.718,227.923
8.270,103.108,0.321,3,6760.335,228.384
8.280,103.179,0.321,3,6764.952,228.845
8.290,103.249,0.321,3,6769.568,229.306
8.300,103.319,0.321,3,6774.182,229.768
8.310,103.390,0.321,3,6778.795,230.230
8.320,103.460,0.320,3,6783.407,230.692
8.330,103.530,0.320,3,6788.018,231.155
8.340,103.601,0.320,3,6792.627,231.618
8.350,103.671,0.320,3,6797.236,232.081
8.360,103.741,0.320,3,6801.843,232.545
8.370,103.812,0.320,3,6806.448,233.009
8.380,103.882,0.320,3,6811.053,233.473
8.390,103.952,0.320,3,6815.657,233.938
8.400,104.022,0.320,3,6820.259,234.403
8.410,104.092,0.320,3,6824.860,234.868
8.420,104.162,0.320,3,6829.460,235.333
8.430,104.233,0.320,3,6834.058,235.799
8.440,104.303,0.319,3,6838.656,236.265
8.450,104.373,0.319,3,6843.252,236.732
8.460,104.443,0.319,3,6847.847,237.198
8.470,104.513,0.319,3,6852.441,237.665
8.480,104.583,0.319,3,6857.033,238.133
8.490,104.653,0.319,3,6861.625,238.600
8.500,104.723,0.319,3,6866.215,239.068
8.510,104.793,0.319,3,6870.804,239.537
8.520,104.863,0.319,3,6875.392,240.005
8.530,104.933,0.319,3,6879.978,240.474
8.540,105.003,0.319,3,6884.563,240.944
8.550,105.073,0.319,3,6889.147,241.413
8.560,105.143,0.318,3,6893.730,241.883
8.570,105.213,0.318,3,6898.312,242.353
8.580,105.282,0.318,3,6902.892,242.824
8.590,105.352,0.318,3,6907.471,243.295
8.600,105.422,0.318,3,6912.049,243.766
8.610,105.492,0.318,3,6916.626,244.237
8.620,105.562,0.318,3,6921.202,244.709
8.630,105.632,0.318,3,6925.776,245.181
8.640,105.701,0.318,3,6930.349,245.653
8.650,105.771,0.318,3,6934.921,246.126
8.660,105.841,0.318,3,6939.492,246.599
8.670,105.910,0.318,3,6944.061,247.072
8.680,105.980,0.317,3,6948.629,247.546
8.690,106.050,0.317,3,6953.196,248.020
8.700,106.119,0.317,3,6957.762,248.494
8.710,106.189,0.317,3,6962.327,248.969
8.720,106.259,0.317,3,6966.890,249.443
8.730,106.328,0.317,3,6971.452,249.919
8.740,106.398,0.317,3,6976.013,250.394
8.750,106.467,0.317,3,6980.573,250.870
8.760,106.537,0.317,3,6985.131,251.346
8.770,106.606,0.317,3,6989.688,251.822
8.780,106.676,0.317,3,6994.244,252.299
8.790,106.745,0.316,3,6998.799,252.776
8.800,106.815,0.316,3,7003.353,253.254
8.810,106.884,0.316,3,7007.905,253.731
8.820,106.954,0.316,3,7012.456,254.209
8.830,107.023,0.316,3,7017.006,254.687
8.840,107.092,0.316,3,7021.554,255.166
8.850,107.162,0.316,3,7026.102,255.645
8.860,107.231,0.316,3,7030.648,256.124
8.870,107.300,0.316,3,7035.193,256.604
8.880,107.370,0.316,3,7039.736,257.083
8.890,107.439,0.316,3,7044.279,257.564
8.900,107.508,0.316,3,7048.820,258.044
8.910,107.577,0.315,3,7053.360,258.525
8.920,107.647,0.315,3,7057.899,259.006
8.930,107.716,0.315,3,7062.436,259.487
8.940,107.785,0.315,3,7066.973,259.969
8.950,107.854,0.315,3,7071.508,260.451
8.960,107.923,0.315,3,7076.042,260.933
8.970,107.992,0.315,3,7080.574,261.416
8.980,108.062,0.315,3,7085.105,261.899
8.990,108.131,0.315,3,7089.636,262.382
9.000,108.200,0.315,3,7094.164,262.866
9.010,108.269,0.315,3,7098.692,263.349
9.020,108.338,0.315,3,7103.218,263.834
9.030,108.407,0.314,3,7107.744,264.318
9.040,108.476,0.314,3,7112.268,264.803
9.050,108.545,0.314,3,7116.790,265.288
9.060,108.614,0.314,3,7121.312,265.773
9.070,108.683,0.314,3,7125.832,266.259
9.080,108.752,0.314,3,7130.351,266.745
9.090,108.821,0.314,3,7134.869,267.231
9.100,108.889,0.314,3,7139.385,267.718
9.110,108.958,0.314,3,7143.900,268.205
9.120,109.027,0.314,3,7148.414,268.692
9.130,109.096,0.314,3,7152.927,269.180
9.140,109.165,0.313,3,7157.438,269.668
9.150,109.234,0.313,3,7161.949,270.156
9.160,109.302,0.313,3,7166.458,270.644
9.170,109.371,0.313,3,7170.965,271.133
9.180,109.440,0.313,3,7175.472,271.622
9.190,109.509,0.313,3,7179.977,272.111
9.200,109.577,0.313,3,7184.481,272.601
9.210,109.646,0.313,3,7188.984,273.091
9.220,109.715,0.313,3,7193.486,273.581
9.230,109.783,0.313,3,7197.986,274.072
9.240,109.852,-0.084,4,5144.632,274.563
9.250,109.833,-0.084,4,5143.764,275.054
9.260,109.815,-0.084,4,5142.896,275.545
9.270,109.796,-0.084,4,5142.029,276.036
9.280,109.778,-0.084,4,5141.162,276.527
9.290,109.759,-0.084,4,5140.295,277.017
9.300,109.741,-0.084,4,5139.428,277.508
9.310,109.722,-0.084,4,5138.562,277.999
9.320,109.704,-0.084,4,5137.695,278.489
9.330,109.685,-0.084,4,5136.829,278.979
9.340,109.667,-0.084,4,5135.964,279.470
9.350,109.648,-0.084,4,5135.098,279.960
9.360,109.630,-0.084,4,5134.233,280.450
9.370,109.611,-0.084,4,5133.368,280.940
9.380,109.593,-0.084,4,5132.503,281.430
9.390,109.574,-0.084,4,5131.638,281.920
9.400,109.556,-0.084,4,5130.774,282.410
9.410,109.537,-0.084,4,5129.910,282.899
9.420,109.519,-0.084,4,5129.046,283.389
9.430,109.501,-0.084,4,5128.182,283.879
9.440,109.482,0.256,4,5127.319,284.368
9.450,109.538,0.256,4,5129.953,284.858
9.460,109.595,0.256,4,5132.587,285.347
9.470,109.651,0.256,4,5135.220,285.837
9.480,109.707,0.256,4,5137.853,286.328
9.490,109.763,0.256,4,5140.484,286.818
9.500,109.819,0.256,4,5143.115,287.309
9.510,109.876,0.256,4,5145.745,287.800
9.520,109.932,0.256,4,5148.375,288.292
9.530,109.988,0.256,4,5151.004,288.783
9.540,110.044,0.256,4,5153.632,289.275
9.550,110.100,0.256,4,5156.259,289.767
9.560,110.156,0.256,4,5158.885,290.259
9.570,110.212,0.255,4,5161.511,290.752
9.580,110.268,0.255,4,5164.136,291.245
9.590,110.324,0.255,4,5166.761,291.738
9.600,110.380,0.255,4,5169.384,292.231
9.610,110.436,0.255,4,5172.007,292.725
9.620,110.492,0.255,4,5174.629,293.218
9.630,110.548,0.255,4,5177.251,293.713
9.640,110.604,0.255,4,5179.871,294.207
9.650,110.660,0.255,4,5182.491,294.701
9.660,110.716,0.255,4,5185.111,295.196
9.670,110.772,0.255,4,5187.729,295.691
9.680,110.828,0.255,4,5190.347,296.187
9.690,110.884,0.255,4,5192.964,296.682
9.700,110.940,0.255,4,5195.580,297.178
9.710,110.996,0.254,4,5198.196,297.674
9.720,111.051,0.254,4,5200.810,298.170
9.730,111.107,0.254,4,5203.425,298.667
9.740,111.163,0.254,4,5206.038,299.164
9.750,111.219,0.254,4,5208.650,299.661
9.760,111.275,0.254,4,5211.262,300.158
9.770,111.330,0.254,4,5213.874,300.656
9.780,111.386,0.254,4,5216.484,301.154
9.790,111.442,0.254,4,5219.094,301.652
9.800,111.498,0.254,4,5221.703,302.150
9.810,111.553,0.254,4,5224.311,302.648
9.820,111.609,0.254,4,5226.918,303.147
9.830,111.665,0.254,4,5229.525,303.646
9.840,111.720,0.254,4,5232.131,304.146
9.850,111.776,0.253,4,5234.736,304.645
9.860,111.831,0.253,4,5237.341,305.145
9.870,111.887,0.253,4,5239.945,305.645
9.880,111.943,0.253,4,5242.548,306.145
9.890,111.998,0.253,4,5245.150,306.646
9.900,112.054,0.253,4,5247.752,307.147
9.910,112.109,0.253,4,5250.353,307.648
9.920,112.165,0.253,4,5252.953,308.149
9.930,112.220,0.253,4,5255.552,308.651
9.940,112.276,0.253,4,5258.151,309.152
9.950,112.331,0.253,4,5260.749,309.654
9.960,112.387,0.253,4,5263.346,310.157
9.970,112.442,0.253,4,5265.942,310.659
9.980,112.498,0.252,4,5268.538,311.162
9.990,112.553,0.252,4,5271.133,311.665
10.000,112.608,0.252,4,5273.727,312.168
10.010,112.664,0.252,4,5276.321,312.672
10.020,112.719,0.252,4,5278.913,313.176
10.030,112.774,0.252,4,5281.505,313.680
10.040,112.830,0.252,4,5284.097,314.184
10.050,112.885,0.252,4,5286.687,314.688
10.060,112.940,0.252,4,5289.277,315.193
10.070,112.996,0.252,4,5291.866,315.698
10.080,113.051,0.252,4,5294.454,316.204
10.090,113.106,0.252,4,5297.042,316.709
10.100,113.161,0.252,4,5299.629,317.215
10.110,113.217,0.252,4,5302.215,317.721
10.120,113.272,0.251,4,5304.800,318.227
10.130,113.327,0.251,4,5307.385,318.734
10.140,113.382,0.251,4,5309.969,319.240
10.150,113.437,0.251,4,5312.552,319.747
10.160,113.493,0.251,4,5315.134,320.254
10.170,113.548,0.251,4,5317.716,320.762
10.180,113.603,0.251,4,5320.297,321.270
10.190,113.658,0.251,4,5322.877,321.778
10.200,113.713,0.251,4,5325.457,322.286
10.210,113.768,0.251,4,5328.035,322.794
10.220,113.823,0.251,4,5330.613,323.303
10.230,113.878,0.251,4,5333.190,323.812
10.240,113.933,0.251,4,5335.767,324.321
10.250,113.988,0.251,4,5338.343,324.831
10.260,114.043,0.250,4,5340.918,325.340
10.270,114.098,0.250,4,5343.492,325.850
10.280,114.153,0.250,4,5346.065,326.360
10.290,114.208,0.250,4,5348.638,326.871
10.300,114.263,0.250,4,5351.210,327.382
10.310,114.318,0.250,4,5353.781,327.893
10.320,114.373,0.250,4,5356.352,328.404
10.330,114.428,0.250,4,5358.922,328.915
10.340,114.482,0.250,4,5361.491,329.427
10.350,114.537,0.250,4,5364.059,329.939
10.360,114.592,0.250,4,5366.627,330.451
10.370,114.647,0.250,4,5369.194,330.963
10.380,114.702,0.250,4,5371.760,331.476
10.390,114.756,0.250,4,5374.325,331.989
10.400,114.811,0.249,4,5376.890,332.502
10.410,114.866,0.249,4,5379.453,333.015
10.420,114.921,0.249,4,5382.017,333.529
10.430,114.975,0.249,4,5384.579,334.043
10.440,115.030,0.249,4,5387.141,334.557
10.450,115.085,0.249,4,5389.701,335.071
10.460,115.139,0.249,4,5392.262,335.586
10.470,115.194,0.249,4,5394.821,336.101
10.480,115.249,0.249,4,5397.380,336.616
10.490,115.303,0.249,4,5399.938,337.131
10.500,115.358,0.249,4,5402.495,337.647
10.510,115.412,0.249,4,5405.051,338.162
10.520,115.467,0.249,4,5407.607,338.678
10.530,115.522,0.249,4,5410.162,339.195
10.540,115.576,0.248,4,5412.716,339.711
10.550,115.631,0.248,4,5415.269,340.228
10.560,115.685,0.248,4,5417.822,340.745
10.570,115.740,0.248,4,5420.374,341.262
10.580,115.794,0.248,4,5422.925,341.780
10.590,115.849,0.248,4,5425.476,342.298
10.600,115.903,0.248,4,5428.025,342.816
10.610,115.957,0.248,4,5430.574,343.334
10.620,116.012,0.248,4,5433.122,343.852
10.630,116.066,0.248,4,5435.670,344.371
10.640,116.121,0.248,4,5438.217,344.890
10.650,116.175,0.248,4,5440.763,345.409
10.660,116.229,0.248,4,5443.308,345.929
10.670,116.284,0.248,4,5445.852,346.449
10.680,116.338,0.247,4,5448.396,346.969
10.690,116.392,0.247,4,5450.939,347.489
10.700,116.447,0.247,4,5453.481,348.009
10.710,116.501,0.247,4,5456.023,348.530
10.720,116.555,0.247,4,5458.564,349.051
10.730,116.609,0.247,4,5461.103,349.572
10.740,116.664,0.247,4,5463.643,350.093
10.750,116.718,0.247,4,5466.181,350.615
10.760,116.772,0.247,4,5468.719,351.137
10.770,116.826,0.247,4,5471.256,351.659
10.780,116.880,0.247,4,5473.792,352.181
10.790,116.934,0.247,4,5476.328,352.704
10.800,116.989,0.247,4,5478.862,353.227
10.810,117.043,0.246,4,5481.396,353.750
10.820,117.097,0.246,4,5483.930,354.273
10.830,117.151,0.246,4,5486.462,354.797
10.840,117.205,0.246,4,5488.994,355.321
10.850,117.259,0.246,4,5491.525,355.845
10.860,117.313,0.246,4,5494.055,356.369
10.870,117.367,0.246,4,5496.585,356.894
10.880,117.421,0.246,4,5499.114,357.419
10.890,117.475,0.246,4,5501.642,357.944
10.900,117.529,0.246,4,5504.169,358.469
10.910,117.583,0.246,4,5506.695,358.994
10.920,117.637,0.246,4,5509.221,359.520
10.930,117.691,0.246,4,5511.746,360.046
10.940,117.745,0.246,4,5514.270,360.572
10.950,117.799,0.245,4,5516.794,361.099
10.960,117.852,0.245,4,5519.317,361.626
10.970,117.906,0.245,4,5521.839,362.153
10.980,117.960,0.245,4,5524.360,362.680
10.990,118.014,0.245,4,5526.880,363.207
11.000,118.068,0.245,4,5529.400,363.735
11.010,118.121,0.245,4,5531.919,364.263
11.020,118.175,0.245,4,5534.437,364.791
11.030,118.229,0.245,4,5536.955,365.319
11.040,118.283,0.245,4,5539.472,365.848
11.050,118.336,0.245,4,5541.988,366.377
11.060,118.390,0.245,4,5544.503,366.906
11.070,118.444,0.245,4,5547.017,367.435
11.080,118.498,0.245,4,5549.531,367.965
11.090,118.551,0.244,4,5552.044,368.495
11.100,118.605,0.244,4,5554.556,369.025
11.110,118.658,0.244,4,5557.068,369.555
11.120,118.712,0.244,4,5559.578,370.086
11.130,118.766,0.244,4,5562.088,370.617
11.140,118.819,0.244,4,5564.598,371.148
11.150,118.873,0.244,4,5567.106,371.679
11.160,118.926,0.244,4,5569.614,372.211
11.170,118.980,0.244,4,5572.121,372.742
11.180,119.033,0.244,4,5574.627,373.274
11.190,119.087,0.244,4,5577.132,373.807
11.200,119.140,0.244,4,5579.637,374.339
11.210,119.194,0.244,4,5582.141,374.872
11.220,119.247,0.243,4,5584.644,375.405
11.230,119.301,0.243,4,5587.147,375.938
11.240,119.354,0.243,4,5589.648,376.471
11.250,119.408,0.243,4,5592.149,377.005
11.260,119.461,0.243,4,5594.650,377.539
11.270,119.514,0.243,4,5597.149,378.073
11.280,119.568,0.243,4,5599.648,378.608
11.290,119.621,0.243,4,5602.146,379.142
11.300,119.674,0.243,4,5604.643,379.677
11.310,119.728,0.243,4,5607.139,380.212
11.320,119.781,0.243,4,5609.635,380.748
11.330,119.834,0.243,4,5612.130,381.283
11.340,119.887,0.243,4,5614.624,381.819
11.350,119.941,0.243,4,5617.117,382.355
11.360,119.994,0.242,4,5619.610,382.891
11.370,120.047,0.242,4,5622.102,383.428
11.380,120.100,0.242,4,5624.593,383.965
11.390,120.153,0.242,4,5627.083,384.502
11.400,120.207,0.242,4,5629.573,385.039
11.410,120.260,0.242,4,5632.062,385.576
11.420,120.313,0.242,4,5634.550,386.114
11.430,120.366,0.242,4,5637.037,386.652
11.440,120.419,0.242,4,5639.524,387.190
11.450,120.472,0.242,4,5642.010,387.729
11.460,120.525,0.242,4,5644.495,388.267
11.470,120.578,0.242,4,5646.979,388.806
11.480,120.631,0.242,4,5649.462,389.345
11.490,120.684,0.242,4,5651.945,389.885
11.500,120.737,0.241,4,5654.427,390.424
11.510,120.790,0.241,4,5656.909,390.964
11.520,120.843,0.241,4,5659.389,391.504
11.530,120.896,0.241,4,5661.869,392.045
11.540,120.949,0.241,4,5664.348,392.585
11.550,121.002,0.241,4,5666.826,393.126
11.560,121.055,0.241,4,5669.304,393.667
11.570,121.108,0.241,4,5671.780,394.208
11.580,121.161,0.241,4,5674.256,394.750
11.590,121.214,0.241,4,5676.732,395.292
11.600,121.266,0.241,4,5679.206,395.834
11.610,121.319,0.241,4,5681.680,396.376
11.620,121.372,0.241,4,5684.153,396.918
11.630,121.425,0.240,4,5686.625,397.461
11.640,121.478,0.240,4,5689.096,398.004
11.650,121.530,0.240,4,5691.567,398.547
11.660,121.583,0.240,4,5694.037,399.091
11.670,121.636,0.240,4,5696.506,399.634
11.680,121.689,0.240,4,5698.975,400.178
11.690,121.741,0.240,4,5701.442,400.722
11.700,121.794,0.240,4,5703.909,401.267
11.710,121.847,0.240,4,5706.375,401.811
11.720,121.899,0.240,4,5708.841,402.356
11.730,121.952,0.240,4,5711.305,402.901
11.740,122.004,0.240,4,5713.769,403.446
11.750,122.057,0.240,4,5716.232,403.992
11.760,122.110,0.240,4,5718.695,404.538
11.770,122.162,0.239,4,5721.156,405.084
11.780,122.215,0.239,4,5723.617,405.630
11.790,122.267,0.239,4,5726.077,406.176
11.800,122.320,0.239,4,5728.536,406.723
11.810,122.372,0.239,4,5730.995,407.270
11.820,122.425,0.239,4,5733.453,407.817
11.830,122.477,0.239,4,5735.910,408.365
11.840,122.530,0.239,4,5738.366,408.912
11.850,122.582,0.239,4,5740.821,409.460
11.860,122.635,0.239,4,5743.276,410.008
11.870,122.687,0.239,4,5745.730,410.557
11.880,122.739,0.239,4,5748.183,411.105
11.890,122.792,0.239,4,5750.636,411.654
11.900,122.844,0.238,4,5753.088,412.203
11.910,122.896,0.238,4,5755.539,412.752
11.920,122.949,0.238,4,5757.989,413.302
11.930,123.001,0.238,4,5760.438,413.851
11.940,123.053,0.238,4,5762.887,414.401
11.950,123.106,0.238,4,5765.335,414.952
11.960,123.158,0.238,4,5767.782,415.502
11.970,123.210,0.238,4,5770.228,416.053
11.980,123.262,0.238,4,5772.674,416.604
11.990,123.314,0.238,4,5775.119,417.155
12.000,123.367,0.238,4,5777.563,417.706
12.010,123.419,0.238,4,5780.006,418.258
12.020,123.471,0.238,4,5782.449,418.810
12.030,123.523,0.238,4,5784.890,419.362
12.040,123.575,0.237,4,5787.331,419.914
12.050,123.627,0.237,4,5789.772,420.467
12.060,123.679,0.237,4,5792.211,421.019
12.070,123.731,0.237,4,5794.650,421.572
12.080,123.784,0.237,4,5797.088,422.126
12.090,123.836,0.237,4,5799.525,422.679
12.100,123.888,0.237,4,5801.962,423.233
12.110,123.940,0.237,4,5804.397,423.787
12.120,123.992,0.237,4,5806.832,424.341
12.130,124.044,0.237,4,5809.267,424.895
12.140,124.096,0.237,4,5811.700,425.450
12.150,124.147,0.237,4,5814.133,426.005
12.160,124.199,0.237,4,5816.564,426.560
12.170,124.251,0.236,4,5818.996,427.115
12.180,124.303,0.236,4,5821.426,427.671
12.190,124.355,0.236,4,5823.856,428.227
12.200,124.407,0.236,4,5826.284,428.783
12.210,124.459,0.236,4,5828.713,429.339
12.220,124.511,0.236,4,5831.140,429.896
12.230,124.562,0.236,4,5833.566,430.452
12.240,124.614,0.236,4,5835.992,431.009
12.250,124.666,0.236,4,5838.417,431.566
12.260,124.718,0.236,4,5840.841,432.124
12.270,124.770,0.236,4,5843.265,432.681
12.280,124.821,0.236,4,5845.688,433.239
12.290,124.873,0.236,4,5848.110,433.797
12.300,124.925,0.236,4,5850.531,434.356
12.310,124.976,0.235,4,5852.951,434.914
12.320,125.028,0.235,4,5855.371,435.473
12.330,125.080,0.235,4,5857.790,436.032
12.340,125.131,0.235,4,5860.208,436.592
12.350,125.183,0.235,4,5862.625,437.151
12.360,125.235,0.235,4,5865.042,437.711
12.370,125.286,0.235,4,5867.458,438.271
12.380,125.338,0.235,4,5869.873,438.831
12.390,125.389,0.235,4,5872.287,439.391
12.400,125.441,0.235,4,5874.701,439.952
12.410,125.492,0.235,4,5877.114,440.513
12.420,125.544,0.235,4,5879.526,441.074
12.430,125.595,0.235,4,5881.937,441.635
12.440,125.647,0.234,4,5884.348,442.197
12.450,125.698,0.234,4,5886.757,442.759
12.460,125.750,0.234,4,5889.166,443.321
12.470,125.801,0.234,4,5891.574,443.883
12.480,125.852,0.234,4,5893.982,444.446
12.490,125.904,0.234,4,5896.389,445.008
12.500,125.955,0.234,4,5898.795,445.571
12.510,126.007,0.234,4,5901.200,446.134
12.520,126.058,0.234,4,5903.604,446.698
12.530,126.109,0.234,4,5906.008,447.261
12.540,126.161,0.234,4,5908.411,447.825
12.550,126.212,0.234,4,5910.813,448.389
12.560,126.263,0.234,4,5913.214,448.954
12.570,126.314,0.234,4,5915.614,449.518
12.580,126.366,0.233,4,5918.014,450.083
12.590,126.417,0.233,4,5920.413,450.648
12.600,126.468,0.233,4,5922.812,451.213
12.610,126.519,0.233,4,5925.209,451.779
12.620,126.570,0.233,4,5927.606,452.345
12.630,126.622,0.233,4,5930.002,452.910
12.640,126.673,0.233,4,5932.397,453.477
12.650,126.724,0.233,4,5934.791,454.043
12.660,126.775,0.233,4,5937.185,454.610
12.670,126.826,0.233,4,5939.578,455.176
12.680,126.877,0.233,4,5941.970,455.744
12.690,126.928,0.233,4,5944.361,456.311
12.700,126.979,0.233,4,5946.752,456.878
12.710,127.030,0.232,4,5949.142,457.446
12.720,127.081,0.232,4,5951.531,458.014
12.730,127.132,0.232,4,5953.919,458.582
12.740,127.183,0.232,4,5956.307,459.151
12.750,127.234,0.232,4,5958.694,459.719
12.760,127.285,0.232,4,5961.080,460.288
12.770,127.336,0.232,4,5963.465,460.858
12.780,127.387,0.232,4,5965.849,461.427
12.790,127.438,0.232,4,5968.233,461.996
12.800,127.489,0.232,4,5970.616,462.566
12.810,127.540,0.232,4,5972.998,463.136
12.820,127.591,0.232,4,5975.379,463.707
12.830,127.641,0.232,4,5977.760,464.277
12.840,127.692,0.231,4,5980.140,464.848
12.850,127.743,0.231,4,5982.519,465.419
12.860,127.794,0.231,4,5984.897,465.990
12.870,127.845,0.231,4,5987.275,466.561
12.880,127.895,0.231,4,5989.652,467.133
12.890,127.946,0.231,4,5992.028,467.705
12.900,127.997,0.231,4,5994.403,468.277
12.910,128.047,0.231,4,5996.777,468.849
12.920,128.098,0.231,4,5999.151,469.422
12.930,128.149,0.231,4,6001.524,469.994
12.940,128.199,0.231,4,6003.896,470.567
12.950,128.250,0.231,4,6006.268,471.141
12.960,128.301,0.231,4,6008.638,471.714
12.970,128.351,0.231,4,6011.008,472.288
12.980,128.402,0.230,4,6013.377,472.862
12.990,128.452,0.230,4,6015.746,473.436
13.000,128.503,0.230,4,6018.113,474.010
13.010,128.554,0.230,4,6020.480,474.585
13.020,128.604,0.230,4,6022.846,475.160
13.030,128.655,0.230,4,6025.211,475.735
13.040,128.705,0.230,4,6027.576,476.310
13.050,128.756,0.230,4,6029.940,476.885
13.060,128.806,0.230,4,6032.302,477.461
13.070,128.856,0.230,4,6034.665,478.037
13.080,128.907,0.230,4,6037.026,478.613
13.090,128.957,0.230,4,6039.387,479.189
13.100,129.008,0.230,4,6041.747,479.766
13.110,129.058,0.229,4,6044.106,480.343
13.120,129.108,0.229,4,6046.464,480.920
13.130,129.159,0.229,4,6048.822,481.497
13.140,129.209,0.229,4,6051.178,482.075
13.150,129.259,0.229,4,6053.535,482.652
13.160,129.310,0.229,4,6055.890,483.230
13.170,129.360,0.229,4,6058.244,483.809
13.180,129.410,0.229,4,6060.598,484.387
13.190,129.460,0.229,4,6062.951,484.966
13.200,129.511,0.229,4,6065.303,485.544
13.210,129.561,0.229,4,6067.655,486.124
13.220,129.611,0.229,4,6070.005,486.703
13.230,129.661,0.229,4,6072.355,487.282
13.240,129.711,0.229,4,6074.704,487.862
13.250,129.762,0.228,4,6077.053,488.442
13.260,129.812,0.228,4,6079.400,489.022
13.270,129.862,0.228,4,6081.747,489.603
13.280,129.912,0.228,4,6084.093,490.183
13.290,129.962,0.228,4,6086.438,490.764
13.300,130.012,0.228,4,6088.783,491.345
13.310,130.062,0.228,4,6091.127,491.927
13.320,130.112,0.228,4,6093.470,492.508
13.330,130.162,0.228,4,6095.812,493.090
13.340,130.212,0.228,4,6098.153,493.672
13.350,130.262,0.228,4,6100.494,494.254
13.360,130.312,0.228,4,6102.834,494.837
13.370,130.362,0.228,4,6105.173,495.419
13.380,130.412,0.227,4,6107.511,496.002
13.390,130.462,0.227,4,6109.849,496.585
13.400,130.512,0.227,4,6112.185,497.169
13.410,130.562,0.227,4,6114.521,497.752
13.420,130.611,0.227,4,6116.857,498.336
13.430,130.661,0.227,4,6119.191,498.920
13.440,130.711,0.170,4,6121.525,499.504
13.450,130.749,0.170,4,6123.275,500.088
13.460,130.786,0.170,4,6125.024,500.673
13.470,130.823,0.170,4,6126.773,501.258
13.480,130.861,0.170,4,6128.521,501.843
13.490,130.898,0.170,4,6130.269,502.428
13.500,130.935,0.170,4,6132.016,503.013
13.510,130.972,0.170,4,6133.763,503.598
13.520,131.010,0.170,4,6135.509,504.184
13.530,131.047,0.170,4,6137.254,504.770
13.540,131.084,0.170,4,6138.999,505.356
13.550,131.122,0.170,4,6140.743,505.942
13.560,131.159,0.170,4,6142.487,506.528
13.570,131.196,0.170,4,6144.230,507.114
13.580,131.233,0.169,4,6145.972,507.701
13.590,131.270,0.169,4,6147.714,508.288
13.600,131.308,0.169,4,6149.456,508.875
13.610,131.345,0.169,4,6151.196,509.462
13.620,131.382,0.169,4,6152.936,510.049
13.630,131.419,0.169,4,6154.676,510.636
13.640,131.456,0.169,4,6156.415,511.224
13.650,131.493,0.169,4,6158.154,511.812
13.660,131.530,0.169,4,6159.891,512.400
13.670,131.567,0.169,4,6161.629,512.988
13.680,131.605,0.169,4,6163.365,513.576
13.690,131.642,0.169,4,6165.102,514.164
13.700,131.679,0.169,4,6166.837,514.753
13.710,131.716,0.169,4,6168.572,515.342
13.720,131.753,0.169,4,6170.306,515.931
13.730,131.790,0.169,4,6172.040,516.520
13.740,131.827,0.169,4,6173.774,517.109
13.750,131.864,0.169,4,6175.506,517.698
13.760,131.901,0.168,4,6177.238,518.288
13.770,131.938,0.168,4,6178.970,518.878
13.780,131.975,0.168,4,6180.701,519.467
13.790,132.012,0.168,4,6182.431,520.058
13.800,132.049,0.168,4,6184.161,520.648
13.810,132.086,0.168,4,6185.890,521.238
13.820,132.122,0.168,4,6187.619,521.829
13.830,132.159,0.168,4,6189.347,522.419
13.840,132.196,0.168,4,6191.074,523.010
13.850,132.233,0.168,4,6192.801,523.601
13.860,132.270,0.168,4,6194.528,524.193
13.870,132.307,0.168,4,6196.253,524.784
13.880,132.344,0.168,4,6197.978,525.376
13.890,132.380,0.168,4,6199.703,525.967
13.900,132.417,0.168,4,6201.427,526.559
13.910,132.454,0.168,4,6203.151,527.151
13.920,132.491,0.168,4,6204.873,527.743
13.930,132.528,0.168,4,6206.596,528.336
13.940,132.564,0.167,4,6208.317,528.928
13.950,132.601,0.167,4,6210.039,529.521
13.960,132.638,0.167,4,6211.759,530.114
13.970,132.675,0.167,4,6213.479,530.707
13.980,132.711,0.167,4,6215.198,531.300
13.990,132.748,0.167,4,6216.917,531.893
14.000,132.785,0.167,4,6218.636,532.487
14.010,132.821,0.167,4,6220.353,533.081
14.020,132.858,0.167,4,6222.070,533.674
14.030,132.895,0.167,4,6223.787,534.268
14.040,132.931,0.167,4,6225.503,534.863
14.050,132.968,0.167,4,6227.218,535.457
14.060,133.005,0.167,4,6228.933,536.051
14.070,133.041,0.167,4,6230.647,536.646
14.080,133.078,0.167,4,6232.361,537.241
14.090,133.114,0.167,4,6234.074,537.836
14.100,133.151,0.167,4,6235.786,538.431
14.110,133.188,0.167,4,6237.498,539.026
14.120,133.224,0.166,4,6239.210,539.622
14.130,133.261,0.166,4,6240.920,540.218
14.140,133.297,0.166,4,6242.631,540.813
14.150,133.334,0.166,4,6244.340,541.409
14.160,133.370,0.166,4,6246.049,542.005
14.170,133.407,0.166,4,6247.758,542.602
14.180,133.443,0.166,4,6249.466,543.198
14.190,133.479,0.166,4,6251.173,543.795
14.200,133.516,0.166,4,6252.880,544.392
14.210,133.552,0.166,4,6254.586,544.989
14.220,133.589,0.166,4,6256.291,545.586
14.230,133.625,0.166,4,6257.996,546.183
14.240,133.662,0.166,4,6259.701,546.780
14.250,133.698,0.166,4,6261.405,547.378
14.260,133.734,0.166,4,6263.108,547.976
14.270,133.771,0.166,4,6264.811,548.574
14.280,133.807,0.166,4,6266.513,549.172
14.290,133.843,0.166,4,6268.214,549.770
14.300,133.880,0.165,4,6269.915,550.368
14.310,133.916,0.165,4,6271.616,550.967
14.320,133.952,0.165,4,6273.316,551.566
14.330,133.989,0.165,4,6275.015,552.165
14.340,134.025,0.165,4,6276.714,552.764
14.350,134.061,0.165,4,6278.412,553.363
14.360,134.097,0.165,4,6280.109,553.962
14.370,134.134,0.165,4,6281.806,554.562
14.380,134.170,0.165,4,6283.503,555.162
14.390,134.206,0.165,4,6285.198,555.761
14.400,134.242,0.165,4,6286.894,556.361
14.410,134.278,0.165,4,6288.588,556.962
14.420,134.315,0.165,4,6290.282,557.562
14.430,134.351,0.165,4,6291.976,558.163
14.440,134.387,0.165,4,6293.669,558.763
14.450,134.423,0.165,4,6295.361,559.364
14.460,134.459,0.165,4,6297.053,559.965
14.470,134.495,0.165,4,6298.744,560.566
14.480,134.531,0.164,4,6300.435,561.168
14.490,134.567,0.164,4,6302.125,561.769
14.500,134.604,0.164,4,6303.814,562.371
14.510,134.640,0.164,4,6305.503,562.973
14.520,134.676,0.164,4,6307.192,563.575
14.530,134.712,0.164,4,6308.879,564.177
14.540,134.748,0.164,4,6310.566,564.779
14.550,134.784,0.164,4,6312.253,565.381
14.560,134.820,0.164,4,6313.939,565.984
14.570,134.856,0.164,4,6315.625,566.587
14.580,134.892,0.164,4,6317.310,567.190
14.590,134.928,0.164,4,6318.994,567.793
14.600,134.964,0.164,4,6320.678,568.396
14.610,135.000,0.164,4,6322.361,569.000
14.620,135.035,0.164,4,6324.043,569.603
14.630,135.071,0.164,4,6325.725,570.207
14.640,135.107,0.164,4,6327.407,570.811
14.650,135.143,0.163,4,6329.088,571.415
14.660,135.179,0.163,4,6330.768,572.019
14.670,135.215,0.163,4,6332.448,572.623
14.680,135.251,0.163,4,6334.127,573.228
14.690,135.287,0.163,4,6335.805,573.833
14.700,135.322,0.163,4,6337.483,574.438
14.710,135.358,0.163,4,6339.161,575.043
14.720,135.394,0.163,4,6340.838,575.648
14.730,135.430,0.163,4,6342.514,576.253
14.740,135.466,0.163,4,6344.190,576.859
14.750,135.501,0.163,4,6345.865,577.464
14.760,135.537,0.163,4,6347.539,578.070
14.770,135.573,0.163,4,6349.213,578.676
14.780,135.609,0.163,4,6350.887,579.282
14.790,135.644,0.163,4,6352.560,579.888
14.800,135.680,0.163,4,6354.232,580.495
14.810,135.716,0.163,4,6355.904,581.102
14.820,135.751,0.163,4,6357.575,581.708
14.830,135.787,0.162,4,6359.245,582.315
14.840,135.823,0.162,4,6360.915,582.922
14.850,135.858,0.162,4,6362.585,583.530
14.860,135.894,0.162,4,6364.254,584.137
14.870,135.930,0.162,4,6365.922,584.745
14.880,135.965,0.162,4,6367.590,585.352
14.890,136.001,0.162,4,6369.257,585.960
14.900,136.036,0.162,4,6370.923,586.568
14.910,136.072,0.162,4,6372.589,587.177
14.920,136.108,0.162,4,6374.255,587.785
14.930,136.143,0.162,4,6375.919,588.393
14.940,136.179,0.162,4,6377.584,589.002
14.950,136.214,0.162,4,6379.247,589.611
14.960,136.250,0.162,4,6380.910,590.220
14.970,136.285,0.162,4,6382.573,590.829
14.980,136.321,0.162,4,6384.235,591.439
14.990,136.356,0.162,4,6385.896,592.048
15.000,136.392,0.162,4,6387.557,592.658
15.010,136.427,0.161,4,6389.217,593.267
15.020,136.463,0.161,4,6390.877,593.877
15.030,136.498,0.161,4,6392.536,594.488
15.040,136.533,0.161,4,6394.195,595.098
15.050,136.569,0.161,4,6395.853,595.708
15.060,136.604,0.161,4,6397.510,596.319
15.070,136.640,0.161,4,6399.167,596.930
15.080,136.675,0.161,4,6400.823,597.541
15.090,136.710,0.161,4,6402.479,598.152
15.100,136.746,0.161,4,6404.134,598.763
15.110,136.781,0.161,4,6405.788,599.374
15.120,136.816,0.161,4,6407.442,599.986
15.130,136.852,0.161,4,6409.096,600.597
15.140,136.887,0.161,4,6410.749,601.209
15.150,136.922,0.161,4,6412.401,601.821
15.160,136.957,0.161,4,6414.053,602.434
15.170,136.993,0.161,4,6415.704,603.046
15.180,137.028,0.161,4,6417.354,603.658
15.190,137.063,0.160,4,6419.004,604.271
15.200,137.098,0.160,4,6420.654,604.884
15.210,137.134,0.160,4,6422.302,605.497
15.220,137.169,0.160,4,6423.951,606.110
15.230,137.204,0.160,4,6425.598,606.723
15.240,137.239,0.160,4,6427.245,607.337
15.250,137.274,0.160,4,6428.892,607.950
15.260,137.309,0.160,4,6430.538,608.564
15.270,137.345,0.160,4,6432.183,609.178
15.280,137.380,0.160,4,6433.828,609.792
15.290,137.415,0.160,4,6435.472,610.406
15.300,137.450,0.160,4,6437.116,611.020
15.310,137.485,0.160,4,6438.759,611.635
15.320,137.520,0.160,4,6440.402,612.250
15.330,137.555,0.160,4,6442.044,612.865
15.340,137.590,0.160,4,6443.685,613.480
15.350,137.625,0.160,4,6445.326,614.095
15.360,137.660,0.160,4,6446.966,614.710
15.370,137.695,0.159,4,6448.606,615.325
15.380,137.730,0.159,4,6450.245,615.941
15.390,137.765,0.159,4,6451.883,616.557
15.400,137.800,0.159,4,6453.521,617.173
15.410,137.835,0.159,4,6455.159,617.789
15.420,137.870,0.159,4,6456.796,618.405
15.430,137.905,0.159,4,6458.432,619.022
15.440,137.940,0.159,4,6460.068,619.638
15.450,137.975,0.159,4,6461.703,620.255
15.460,138.010,0.159,4,6463.337,620.872
15.470,138.045,0.159,4,6464.971,621.489
15.480,138.080,0.159,4,6466.605,622.106
15.490,138.114,0.159,4,6468.238,622.723
15.500,138.149,0.159,4,6469.870,623.341
15.510,138.184,0.159,4,6471.502,623.959
15.520,138.219,0.159,4,6473.133,624.576
15.530,138.254,0.159,4,6474.763,625.194
15.540,138.289,0.159,4,6476.393,625.812
15.550,138.323,0.158,4,6478.023,626.431
15.560,138.358,0.158,4,6479.652,627.049
15.570,138.393,0.158,4,6481.280,627.668
15.580,138.428,0.158,4,6482.908,628.287
15.590,138.462,0.158,4,6484.535,628.905
15.600,138.497,0.158,4,6486.161,629.524
15.610,138.532,0.158,4,6487.787,630.144
15.620,138.567,0.158,4,6489.413,630.763
15.630,138.601,0.158,4,6491.038,631.383
15.640,138.636,0.158,4,6492.662,632.002
15.650,138.671,0.158,4,6494.286,632.622
15.660,138.705,0.158,4,6495.909,633.242
15.670,138.740,0.158,4,6497.531,633.862
15.680,138.775,0.158,4,6499.153,634.483
15.690,138.809,0.158,4,6500.775,635.103
15.700,138.844,0.158,4,6502.396,635.724
15.710,138.878,0.158,4,6504.016,636.344
15.720,138.913,0.158,4,6505.636,636.965
15.730,138.948,0.157,4,6507.255,637.586
15.740,138.982,0.157,4,6508.874,638.208
15.750,139.017,0.157,4,6510.492,638.829
15.760,139.051,0.157,4,6512.109,639.450
15.770,139.086,0.157,4,6513.726,640.072
15.780,139.120,0.157,4,6515.343,640.694
15.790,139.155,0.157,4,6516.958,641.316
15.800,139.189,0.157,4,6518.574,641.938
15.810,139.224,0.157,4,6520.188,642.560
15.820,139.258,0.157,4,6521.802,643.183
15.830,139.293,0.157,4,6523.416,643.806
15.840,139.327,0.157,4,6525.029,644.428
15.850,139.361,0.157,4,6526.641,645.051
15.860,139.396,0.157,4,6528.253,645.674
15.870,139.430,0.157,4,6529.864,646.298
15.880,139.465,0.157,4,6531.475,646.921
15.890,139.499,0.157,4,6533.085,647.544
15.900,139.533,0.157,4,6534.694,648.168
15.910,139.568,0.157,4,6536.303,648.792
15.920,139.602,0.156,4,6537.912,649.416
15.930,139.636,0.156,4,6539.520,650.040
15.940,139.671,0.156,4,6541.127,650.664
15.950,139.705,0.156,4,6542.734,651.289
15.960,139.739,0.156,4,6544.340,651.914
15.970,139.774,0.156,4,6545.945,652.538
15.980,139.808,0.156,4,6547.550,653.163
15.990,139.842,0.156,4,6549.155,653.788
16.000,139.876,0.156,4,6550.759,654.414
16.010,139.911,0.156,4,6552.362,655.039
16.020,139.945,0.156,4,6553.965,655.664
16.030,139.979,0.156,4,6555.567,656.290
16.040,140.013,0.156,4,6557.168,656.916
16.050,140.048,0.156,4,6558.769,657.542
16.060,140.082,0.156,4,6560.370,658.168
16.070,140.116,0.156,4,6561.970,658.794
16.080,140.150,0.156,4,6563.569,659.421
16.090,140.184,0.156,4,6565.168,660.047
16.100,140.218,0.155,4,6566.766,660.674
16.110,140.252,0.155,4,6568.364,661.301
16.120,140.286,0.155,4,6569.961,661.928
16.130,140.321,0.155,4,6571.557,662.555
16.140,140.355,0.155,4,6573.153,663.183
16.150,140.389,0.155,4,6574.749,663.810
16.160,140.423,0.155,4,6576.344,664.438
16.170,140.457,0.155,4,6577.938,665.066
16.180,140.491,0.155,4,6579.531,665.694
16.190,140.525,0.155,4,6581.125,666.322
16.200,140.559,0.155,4,6582.717,666.950
16.210,140.593,0.155,4,6584.309,667.579
16.220,140.627,0.155,4,6585.901,668.207
16.230,140.661,0.155,4,6587.491,668.836
16.240,140.695,0.155,4,6589.082,669.465
16.250,140.729,0.155,4,6590.671,670.094
16.260,140.763,0.155,4,6592.261,670.723
16.270,140.797,0.155,4,6593.849,671.352
16.280,140.830,0.154,4,6595.437,671.982
16.290,140.864,0.154,4,6597.025,672.611
16.300,140.898,0.154,4,6598.612,673.241
16.310,140.932,0.154,4,6600.198,673.871
16.320,140.966,0.154,4,6601.784,674.501
16.330,141.000,0.154,4,6603.369,675.132
16.340,141.034,0.154,4,6604.953,675.762
16.350,141.067,0.154,4,6606.538,676.393
16.360,141.101,0.154,4,6608.121,677.023
16.370,141.135,0.154,4,6609.704,677.654
16.380,141.169,0.154,4,6611.286,678.285
16.390,141.203,0.154,4,6612.868,678.916
16.400,141.236,0.154,4,6614.449,679.548
16.410,141.270,0.154,4,6616.030,680.179
16.420,141.304,0.154,4,6617.610,680.811
16.430,141.338,0.154,4,6619.190,681.442
16.440,141.371,0.154,4,6620.769,682.074
16.450,141.405,0.154,4,6622.347,682.706
16.460,141.439,0.153,4,6623.925,683.339
16.470,141.472,0.153,4,6625.502,683.971
16.480,141.506,0.153,4,6627.079,684.603
16.490,141.540,0.153,4,6628.655,685.236
16.500,141.573,0.153,4,6630.231,685.869
16.510,141.607,0.153,4,6631.806,686.502
16.520,141.641,0.153,4,6633.381,687.135
16.530,141.674,0.153,4,6634.954,687.768
16.540,141.708,0.153,4,6636.528,688.402
16.550,141.741,0.153,4,6638.101,689.035
16.560,141.775,0.153,4,6639.673,689.669
16.570,141.809,0.153,4,6641.245,690.303
16.580,141.842,0.153,4,6642.816,690.937
16.590,141.876,0.153,4,6644.386,691.571
16.600,141.909,0.153,4,6645.956,692.205
16.610,141.943,0.153,4,6647.526,692.840
16.620,141.976,0.153,4,6649.094,693.474
16.630,142.010,0.153,4,6650.663,694.109
16.640,142.043,0.152,4,6652.230,694.744
16.650,142.077,0.152,4,6653.798,695.379
16.660,142.110,0.152,4,6655.364,696.014
16.670,142.144,0.152,4,6656.930,696.650
16.680,142.177,0.152,4,6658.496,697.285
16.690,142.210,0.152,4,6660.061,697.921
16.700,142.244,0.152,4,6661.625,698.557
16.710,142.277,0.152,4,6663.189,699.193
16.720,142.311,0.152,4,6664.752,699.829
16.730,142.344,0.152,4,6666.315,700.465
16.740,142.377,0.152,4,6667.877,701.101
16.750,142.411,0.152,4,6669.438,701.738
16.760,142.444,0.152,4,6670.999,702.375
16.770,142.477,0.152,4,6672.560,703.012
16.780,142.511,0.152,4,6674.120,703.649
16.790,142.544,0.152,4,6675.679,704.286
16.800,142.577,0.152,4,6677.238,704.923
16.810,142.610,0.152,4,6678.796,705.560
16.820,142.644,0.152,4,6680.354,706.198
16.830,142.677,0.151,4,6681.911,706.836
16.840,142.710,0.151,4,6683.467,707.474
16.850,142.743,0.151,4,6685.023,708.112
16.860,142.777,0.151,4,6686.578,708.750
16.870,142.810,0.151,4,6688.133,709.388
16.880,142.843,0.151,4,6689.688,710.027
16.890,142.876,0.151,4,6691.241,710.665
16.900,142.909,0.151,4,6692.794,711.304
16.910,142.942,0.151,4,6694.347,711.943
16.920,142.976,0.151,4,6695.899,712.582
16.930,143.009,0.151,4,6697.450,713.221
16.940,143.042,0.151,4,6699.001,713.861
16.950,143.075,0.151,4,6700.552,714.500
16.960,143.108,0.151,4,6702.101,715.140
16.970,143.141,0.151,4,6703.651,715.780
16.980,143.174,0.151,4,6705.199,716.420
16.990,143.207,0.151,4,6706.747,717.060
17.000,143.240,0.151,4,6708.295,717.700
17.010,143.273,0.150,4,6709.842,718.341
17.020,143.306,0.150,4,6711.388,718.981
17.030,143.339,0.150,4,6712.934,719.622
17.040,143.372,0.150,4,6714.479,720.263
17.050,143.405,0.150,4,6716.024,720.904
17.060,143.438,0.150,4,6717.568,721.545
17.070,143.471,0.150,4,6719.112,722.186
17.080,143.504,0.150,4,6720.655,722.828
17.090,143.537,0.150,4,6722.197,723.469
17.100,143.570,0.150,4,6723.739,724.111
17.110,143.603,0.150,4,6725.281,724.753
17.120,143.636,0.150,4,6726.822,725.395
17.130,143.669,0.150,4,6728.362,726.037
17.140,143.702,0.150,4,6729.902,726.679
17.150,143.735,0.150,4,6731.441,727.322
17.160,143.767,0.150,4,6732.979,727.964
17.170,143.800,0.150,4,6734.517,728.607
17.180,143.833,0.150,4,6736.055,729.250
17.190,143.866,0.149,4,6737.592,729.893
17.200,143.899,0.149,4,6739.128,730.536
17.210,143.931,0.149,4,6740.664,731.180
17.220,143.964,0.149,4,6742.199,731.823
17.230,143.997,0.149,4,6743.734,732.467
17.240,144.030,0.149,4,6745.268,733.111
17.250,144.063,0.149,4,6746.801,733.755
17.260,144.095,0.149,4,6748.334,734.399
17.270,144.128,0.149,4,6749.867,735.043
17.280,144.161,0.149,4,6751.399,735.687
17.290,144.193,0.149,4,6752.930,736.332
17.300,144.226,0.149,4,6754.461,736.977
17.310,144.259,0.149,4,6755.991,737.621
17.320,144.291,0.149,4,6757.521,738.266
17.330,144.324,0.149,4,6759.050,738.912
17.340,144.357,0.149,4,6760.578,739.557
17.350,144.389,0.149,4,6762.106,740.202
17.360,144.422,0.149,4,6763.634,740.848
17.370,144.455,0.149,4,6765.161,741.493
17.380,144.487,0.148,4,6766.687,742.139
17.390,144.520,0.148,4,6768.213,742.785
17.400,144.552,0.148,4,6769.738,743.431
17.410,144.585,0.148,4,6771.262,744.078
17.420,144.617,0.148,4,6772.787,744.724
17.430,144.650,0.148,4,6774.310,745.371
17.440,144.682,0.148,4,6775.833,746.017
17.450,144.715,0.148,4,6777.355,746.664
17.460,144.747,0.148,4,6778.877,747.311
17.470,144.780,0.148,4,6780.399,747.958
17.480,144.812,0.148,4,6781.919,748.606
17.490,144.845,0.148,4,6783.440,749.253
17.500,144.877,0.148,4,6784.959,749.901
17.510,144.910,0.148,4,6786.478,750.548
17.520,144.942,0.148,4,6787.997,751.196
17.530,144.975,0.148,4,6789.515,751.844
17.540,145.007,0.148,4,6791.032,752.492
17.550,145.039,0.148,4,6792.549,753.141
17.560,145.072,0.147,4,6794.065,753.789
17.570,145.104,0.147,4,6795.581,754.438
17.580,145.136,0.147,4,6797.096,755.087
17.590,145.169,0.147,4,6798.611,755.735
17.600,145.201,0.147,4,6800.125,756.385
17.610,145.233,0.147,4,6801.638,757.034
17.620,145.266,0.147,4,6803.151,757.683
17.630,145.298,0.147,4,6804.664,758.332
17.640,145.330,0.147,4,6806.176,758.982
17.650,145.363,0.147,4,6807.687,759.632
17.660,145.395,0.147,4,6809.198,760.282
17.670,145.427,0.147,4,6810.708,760.932
17.680,145.459,0.147,4,6812.217,761.582
17.690,145.492,0.147,4,6813.727,762.232
17.700,145.524,0.147,4,6815.235,762.883
17.710,145.556,0.147,4,6816.743,763.533
17.720,145.588,0.147,4,6818.250,764.184
17.730,145.620,0.147,4,6819.757,764.835
17.740,145.652,0.147,4,6821.264,765.486
17.750,145.685,0.146,4,6822.769,766.137
17.760,145.717,0.146,4,6824.275,766.789
17.770,145.749,0.146,4,6825.779,767.440
17.780,145.781,0.146,4,6827.283,768.092
17.790,145.813,0.146,4,6828.787,768.744
17.800,145.845,0.146,4,6830.290,769.395
17.810,145.877,0.146,4,6831.792,770.048
17.820,145.909,0.146,4,6833.294,770.700
17.830,145.941,0.146,4,6834.795,771.352
17.840,145.973,0.146,4,6836.296,772.005
17.850,146.005,0.146,4,6837.796,772.657
17.860,146.038,0.146,4,6839.296,773.310
17.870,146.070,0.146,4,6840.795,773.963
17.880,146.102,0.146,4,6842.294,774.616
17.890,146.134,0.146,4,6843.792,775.269
17.900,146.165,0.146,4,6845.289,775.922
17.910,146.197,0.146,4,6846.786,776.576
17.920,146.229,0.146,4,6848.282,777.230
17.930,146.261,0.145,4,6849.778,777.883
17.940,146.293,0.145,4,6851.273,778.537
17.950,146.325,0.145,4,6852.768,779.191
17.960,146.357,0.145,4,6854.262,779.846
17.970,146.389,0.145,4,6855.756,780.500
17.980,146.421,0.145,4,6857.249,781.154
17.990,146.453,0.145,4,6858.741,781.809
18.000,146.485,0.145,4,6860.233,782.464
18.010,146.516,0.145,4,6861.725,783.119
18.020,146.548,0.145,4,6863.215,783.774
18.030,146.580,0.145,4,6864.706,784.429
18.040,146.612,0.145,4,6866.195,785.084
18.050,146.644,0.145,4,6867.685,785.740
18.060,146.675,0.145,4,6869.173,786.395
18.070,146.707,0.145,4,6870.661,787.051
18.080,146.739,0.145,4,6872.149,787.707
18.090,146.771,0.145,4,6873.636,788.363
18.100,146.803,0.145,4,6875.122,789.019
18.110,146.834,0.145,4,6876.608,789.676
18.120,146.866,0.144,4,6878.093,790.332
18.130,146.898,0.144,4,6879.578,790.989
18.140,146.929,0.144,4,6881.062,791.646
18.150,146.961,0.144,4,6882.546,792.302
18.160,146.993,0.144,4,6884.029,792.959
18.170,147.024,0.144,4,6885.512,793.617
18.180,147.056,0.144,4,6886.994,794.274
18.190,147.088,0.144,4,6888.475,794.931
18.200,147.119,0.144,4,6889.956,795.589
18.210,147.151,0.144,4,6891.436,796.247
18.220,147.182,0.144,4,6892.916,796.905
18.230,147.214,0.144,4,6894.395,797.563
18.240,147.246,0.144,4,6895.874,798.221
18.250,147.277,0.144,4,6897.352,798.879
18.260,147.309,0.144,4,6898.830,799.538
18.270,147.340,0.144,4,6900.307,800.196
18.280,147.372,0.144,4,6901.783,800.855
18.290,147.403,0.144,4,6903.259,801.514
18.300,147.435,0.144,4,6904.735,802.173
18.310,147.466,0.143,4,6906.210,802.832
18.320,147.498,0.143,4,6907.684,803.491
18.330,147.529,0.143,4,6909.158,804.151
18.340,147.561,0.143,4,6910.631,804.810
18.350,147.592,0.143,4,6912.104,805.470
18.360,147.624,0.143,4,6913.576,806.130
18.370,147.655,0.143,4,6915.047,806.790
18.380,147.686,0.143,4,6916.518,807.450
18.390,147.718,0.143,4,6917.989,808.110
18.400,147.749,0.143,4,6919.459,808.771
18.410,147.781,0.143,4,6920.928,809.431
18.420,147.812,0.143,4,6922.397,810.092
18.430,147.843,0.143,4,6923.865,810.753
18.440,147.875,0.143,4,6925.333,811.414
18.450,147.906,0.143,4,6926.800,812.075
18.460,147.937,0.143,4,6928.267,812.736
18.470,147.969,0.143,4,6929.733,813.398
18.480,148.000,0.143,4,6931.198,814.059
18.490,148.031,0.142,4,6932.663,814.721
18.500,148.062,0.142,4,6934.128,815.383
18.510,148.094,0.142,4,6935.591,816.045
18.520,148.125,0.142,4,6937.055,816.707
18.530,148.156,0.142,4,6938.518,817.369
18.540,148.187,0.142,4,6939.980,818.032
18.550,148.219,0.142,4,6941.441,818.694
18.560,148.250,0.142,4,6942.903,819.357
18.570,148.281,0.142,4,6944.363,820.020
18.580,148.312,0.142,4,6945.823,820.683
18.590,148.343,0.142,4,6947.283,821.346
18.600,148.374,0.142,4,6948.742,822.009
18.610,148.406,0.142,4,6950.200,822.672
18.620,148.437,0.142,4,6951.658,823.336
18.630,148.468,0.142,4,6953.115,823.999
18.640,148.499,0.142,4,6954.572,824.663
18.650,148.530,0.142,4,6956.028,825.327
18.660,148.561,0.142,4,6957.484,825.991
18.670,148.592,0.142,4,6958.939,826.655
18.680,148.623,0.141,4,6960.394,827.320
18.690,148.654,0.141,4,6961.848,827.984
18.700,148.685,0.141,4,6963.301,828.649
18.710,148.716,0.141,4,6964.754,829.313
18.720,148.747,0.141,4,6966.207,829.978
18.730,148.778,0.141,4,6967.658,830.643
18.740,148.809,0.141,4,6969.110,831.309
18.750,148.840,0.141,4,6970.561,831.974
18.760,148.871,0.141,4,6972.011,832.639
18.770,148.902,0.141,4,6973.460,833.305
18.780,148.933,0.141,4,6974.910,833.971
18.790,148.964,0.141,4,6976.358,834.636
18.800,148.995,0.141,4,6977.806,835.302
18.810,149.026,0.141,4,6979.254,835.969
18.820,149.057,0.141,4,6980.701,836.635
18.830,149.088,0.141,4,6982.147,837.301
18.840,149.119,0.141,4,6983.593,837.968
18.850,149.150,0.141,4,6985.038,838.634
18.860,149.180,0.141,4,6986.483,839.301
18.870,149.211,0.140,4,6987.927,839.968
18.880,149.242,0.140,4,6989.371,840.635
18.890,149.273,0.140,4,6990.814,841.303
18.900,149.304,0.140,4,6992.257,841.970
18.910,149.334,0.140,4,6993.699,842.638
18.920,149.365,0.140,4,6995.140,843.305
18.930,149.396,0.140,4,6996.581,843.973
18.940,149.427,0.140,4,6998.022,844.641
18.950,149.457,0.140,4,6999.461,845.309
18.960,149.488,0.140,4,7000.901,845.977
18.970,149.519,0.140,4,7002.340,846.645
18.980,149.550,0.140,4,7003.778,847.314
18.990,149.580,0.140,4,7005.215,847.983
19.000,149.611,0.140,4,7006.653,848.651
19.010,149.642,0.140,4,7008.089,849.320
19.020,149.672,0.140,4,7009.525,849.989
19.030,149.703,0.140,4,7010.961,850.658
19.040,149.734,0.140,4,7012.396,851.328
19.050,149.764,0.140,4,7013.830,851.997
19.060,149.795,0.139,4,7015.264,852.667
19.070,149.826,0.139,4,7016.698,853.336
19.080,149.856,0.139,4,7018.130,854.006
19.090,149.887,0.139,4,7019.563,854.676
19.100,149.917,0.139,4,7020.994,855.346
19.110,149.948,0.139,4,7022.426,856.017
19.120,149.978,0.139,4,7023.856,856.687
19.130,150.009,0.139,4,7025.286,857.358
19.140,150.039,0.139,4,7026.716,858.028
19.150,150.070,0.139,4,7028.145,858.699
19.160,150.100,0.139,4,7029.573,859.370
19.170,150.131,0.139,4,7031.001,860.041
19.180,150.161,0.139,4,7032.429,860.712
19.190,150.192,0.139,4,7033.856,861.384
19.200,150.222,0.139,4,7035.282,862.055
19.210,150.253,0.139,4,7036.708,862.727
19.220,150.283,0.139,4,7038.133,863.398
19.230,150.314,0.139,4,7039.558,864.070
19.240,150.344,0.139,4,7040.982,864.742
19.250,150.374,0.138,4,7042.405,865.415
19.260,150.405,0.138,4,7043.828,866.087
19.270,150.435,0.138,4,7045.251,866.759
19.280,150.466,0.138,4,7046.673,867.432
19.290,150.496,0.138,4,7048.094,868.105
19.300,150.526,0.138,4,7049.515,868.777
19.310,150.557,0.138,4,7050.936,869.450
19.320,150.587,0.138,4,7052.356,870.124
19.330,150.617,0.138,4,7053.775,870.797
19.340,150.648,0.138,4,7055.194,871.470
19.350,150.678,0.138,4,7056.612,872.144
19.360,150.708,0.138,4,7058.029,872.817
19.370,150.738,0.138,4,7059.447,873.491
19.380,150.769,0.138,4,7060.863,874.165
19.390,150.799,0.138,4,7062.279,874.839
19.400,150.829,0.138,4,7063.695,875.513
19.410,150.859,0.138,4,7065.110,876.188
19.420,150.889,0.138,4,7066.524,876.862
19.430,150.920,0.138,4,7067.938,877.537
19.440,150.950,0.137,4,7069.351,878.211
19.450,150.980,0.137,4,7070.764,878.886
19.460,151.010,0.137,4,7072.176,879.561
19.470,151.040,0.137,4,7073.588,880.236
19.480,151.070,0.137,4,7074.999,880.912
19.490,151.101,0.137,4,7076.410,881.587
19.500,151.131,0.137,4,7077.820,882.263
19.510,151.161,0.137,4,7079.230,882.938
19.520,151.191,0.137,4,7080.639,883.614
19.530,151.221,0.137,4,7082.047,884.290
19.540,151.251,0.137,4,7083.455,884.966
19.550,151.281,0.137,4,7084.863,885.642
19.560,151.311,0.137,4,7086.270,886.319
19.570,151.341,0.137,4,7087.676,886.995
19.580,151.371,0.137,4,7089.082,887.672
19.590,151.401,0.137,4,7090.487,888.349
19.600,151.431,0.137,4,7091.892,889.026
19.610,151.461,0.137,4,7093.296,889.703
19.620,151.491,0.137,4,7094.700,890.380
19.630,151.521,0.136,4,7096.103,891.057
19.640,151.551,0.136,4,7097.505,891.734
19.650,151.581,0.136,4,7098.907,892.412
19.660,151.611,0.136,4,7100.309,893.090
19.670,151.641,0.136,4,7101.710,893.768
19.680,151.671,0.136,4,7103.110,894.445
19.690,151.701,0.136,4,7104.510,895.124
19.700,151.730,0.136,4,7105.910,895.802
19.710,151.760,0.136,4,7107.309,896.480
19.720,151.790,0.136,4,7108.707,897.159
19.730,151.820,0.136,4,7110.105,897.837
19.740,151.850,0.136,4,7111.502,898.516
19.750,151.880,0.136,4,7112.899,899.195
19.760,151.909,0.136,4,7114.295,899.874
19.770,151.939,0.136,4,7115.690,900.553
19.780,151.969,0.136,4,7117.085,901.232
19.790,151.999,0.136,4,7118.480,901.912
19.800,152.029,0.136,4,7119.874,902.591
19.810,152.058,0.136,4,7121.267,903.271
19.820,152.088,0.135,4,7122.660,903.951
19.830,152.118,0.135,4,7124.053,904.631
19.840,152.148,0.135,4,7125.445,905.311
19.850,152.177,0.135,4,7126.836,905.991
19.860,152.207,0.135,4,7128.227,906.672
19.870,152.237,0.135,4,7129.617,907.352
19.880,152.266,0.135,4,7131.007,908.033
19.890,152.296,0.135,4,7132.396,908.713
19.900,152.326,0.135,4,7133.785,909.394
19.910,152.355,0.135,4,7135.173,910.075
19.920,152.385,0.135,4,7136.560,910.757
19.930,152.415,0.135,4,7137.947,911.438
19.940,152.444,0.135,4,7139.334,912.119
19.950,152.474,0.135,4,7140.720,912.801
19.960,152.503,0.135,4,7142.105,913.482
19.970,152.533,0.135,4,7143.490,914.164
19.980,152.562,0.135,4,7144.875,914.846
19.990,152.592,0.135,4,7146.259,915.528
20.000,152.622,0.135,4,7147.642,916.211
20.010,152.651,0.134,4,7149.025,916.893
20.020,152.681,0.134,4,7150.407,917.575
20.030,152.710,0.134,4,7151.789,918.258
20.040,152.740,0.134,4,7153.170,918.941
20.050,152.769,0.134,4,7154.551,919.624
20.060,152.799,0.134,4,7155.931,920.307
20.070,152.828,0.134,4,7157.310,920.990
20.080,152.857,0.134,4,7158.689,921.673
20.090,152.887,0.134,4,7160.068,922.356
20.100,152.916,0.134,4,7161.446,923.040
20.110,152.946,0.134,4,7162.823,923.724
20.120,152.975,0.134,4,7164.200,924.407
20.130,153.004,0.134,4,7165.577,925.091
20.140,153.034,0.134,4,7166.953,925.775
20.150,153.063,0.134,4,7168.328,926.460
20.160,153.093,0.134,4,7169.703,927.144
20.170,153.122,0.134,4,7171.077,927.828
20.180,153.151,0.134,4,7172.451,928.513
20.190,153.181,0.134,4,7173.824,929.198
20.200,153.210,0.134,4,7175.197,929.882
20.210,153.239,0.133,4,7176.569,930.567
20.220,153.268,0.133,4,7177.941,931.253
20.230,153.298,0.133,4,7179.312,931.938
20.240,153.327,0.133,4,7180.682,932.623
20.250,153.356,0.133,4,7182.052,933.309
20.260,153.386,0.133,4,7183.422,933.994
20.270,153.415,0.133,4,7184.791,934.680
20.280,153.444,0.133,4,7186.159,935.366
20.290,153.473,0.133,4,7187.527,936.052
20.300,153.502,0.133,4,7188.894,936.738
20.310,153.532,0.133,4,7190.261,937.424
20.320,153.561,0.133,4,7191.628,938.111
20.330,153.590,0.133,4,7192.993,938.797
20.340,153.619,0.133,4,7194.359,939.484
20.350,153.648,0.133,4,7195.723,940.171
20.360,153.677,0.133,4,7197.088,940.858
20.370,153.706,0.133,4,7198.451,941.545
20.380,153.736,0.133,4,7199.814,942.232
20.390,153.765,-0.151,5,4680.765,942.919
20.400,153.732,-0.151,5,4679.756,943.607
20.410,153.698,-0.151,5,4678.747,944.294
20.420,153.665,-0.151,5,4677.738,944.981
20.430,153.632,-0.151,5,4676.730,945.668
20.440,153.599,-0.151,5,4675.723,946.354
20.450,153.566,-0.151,5,4674.715,947.041
20.460,153.533,-0.151,5,4673.709,947.727
20.470,153.500,-0.151,5,4672.702,948.414
20.480,153.467,-0.151,5,4671.696,949.100
20.490,153.434,-0.150,5,4670.690,949.786
20.500,153.401,-0.150,5,4669.685,950.472
20.510,153.368,-0.150,5,4668.680,951.157
20.520,153.335,-0.150,5,4667.675,951.843
20.530,153.302,-0.150,5,4666.671,952.528
20.540,153.269,-0.150,5,4665.667,953.213
20.550,153.236,-0.150,5,4664.664,953.899
20.560,153.203,-0.150,5,4663.661,954.584
20.570,153.170,-0.150,5,4662.658,955.268
20.580,153.137,-0.150,5,4661.656,955.953
20.590,153.104,0.096,5,4660.654,956.637
20.600,153.125,0.096,5,4661.295,957.322
20.610,153.146,0.096,5,4661.935,958.007
20.620,153.167,0.096,5,4662.575,958.691
20.630,153.188,0.096,5,4663.215,959.376
20.640,153.209,0.096,5,4663.855,960.061
20.650,153.230,0.096,5,4664.494,960.746
20.660,153.251,0.096,5,4665.133,961.431
20.670,153.272,0.096,5,4665.772,962.116
20.680,153.293,0.096,5,4666.410,962.801
20.690,153.314,0.096,5,4667.049,963.487
20.700,153.335,0.095,5,4667.687,964.172
20.710,153.356,0.095,5,4668.325,964.857
20.720,153.377,0.095,5,4668.962,965.543
20.730,153.398,0.095,5,4669.599,966.229
20.740,153.419,0.095,5,4670.236,966.915
20.750,153.440,0.095,5,4670.873,967.600
20.760,153.461,0.095,5,4671.510,968.286
20.770,153.482,0.095,5,4672.146,968.973
20.780,153.502,0.095,5,4672.782,969.659
20.790,153.523,0.095,5,4673.418,970.345
20.800,153.544,0.095,5,4674.054,971.031
20.810,153.565,0.095,5,4674.689,971.718
20.820,153.586,0.095,5,4675.324,972.404
20.830,153.607,0.095,5,4675.959,973.091
20.840,153.628,0.095,5,4676.594,973.778
20.850,153.648,0.095,5,4677.228,974.464
20.860,153.669,0.095,5,4677.862,975.151
20.870,153.690,0.095,5,4678.496,975.838
20.880,153.711,0.095,5,4679.130,976.526
20.890,153.732,0.095,5,4679.763,977.213
20.900,153.753,0.070,5,4680.396,977.900
20.910,153.768,0.070,5,4680.865,978.587
20.920,153.783,0.070,5,4681.333,979.275
20.930,153.799,0.070,5,4681.802,979.962
20.940,153.814,0.070,5,4682.270,980.650
20.950,153.829,0.070,5,4682.738,981.338
20.960,153.845,0.070,5,4683.205,982.025
20.970,153.860,0.070,5,4683.673,982.713
20.980,153.876,0.070,5,4684.140,983.401
20.990,153.891,0.070,5,4684.608,984.089
21.000,153.906,0.070,5,4685.075,984.777
21.010,153.922,0.070,5,4685.542,985.465
21.020,153.937,0.070,5,4686.008,986.153
21.030,153.952,0.070,5,4686.475,986.841
21.040,153.968,0.070,5,4686.941,987.529
21.050,153.983,0.070,5,4687.407,988.218
21.060,153.998,0.070,5,4687.873,988.906
21.070,154.013,0.070,5,4688.339,989.595
21.080,154.029,0.070,5,4688.805,990.283
21.090,154.044,0.070,5,4689.270,990.972
21.100,154.059,0.070,5,4689.735,991.660
21.110,154.075,0.070,5,4690.200,992.349
21.120,154.090,0.070,5,4690.665,993.038
21.130,154.105,0.070,5,4691.130,993.727
21.140,154.120,0.070,5,4691.594,994.416
21.150,154.136,0.069,5,4692.059,995.105
21.160,154.151,0.069,5,4692.523,995.794
21.170,154.166,0.069,5,4692.987,996.483
21.180,154.181,0.069,5,4693.451,997.172
21.190,154.197,0.069,5,4693.914,997.862
21.200,154.212,0.069,5,4694.378,998.551
21.210,154.227,0.069,5,4694.841,999.240
21.220,154.242,0.069,5,4695.304,999.930
21.230,154.257,0.069,5,4695.767,1000.619
21.240,154.273,0.069,5,4696.230,1001.309
21.250,154.288,0.069,5,4696.692,1001.999
21.260,154.303,0.069,5,4697.154,1002.688
21.270,154.318,0.069,5,4697.617,1003.378
21.280,154.333,0.069,5,4698.079,1004.068
21.290,154.349,0.069,5,4698.540,1004.758
21.300,154.364,0.069,5,4699.002,1005.448
21.310,154.379,0.069,5,4699.463,1006.138
21.320,154.394,0.069,5,4699.925,1006.828
21.330,154.409,0.069,5,4700.386,1007.519
21.340,154.424,0.069,5,4700.847,1008.209
21.350,154.439,0.069,5,4701.307,1008.899
21.360,154.455,0.069,5,4701.768,1009.590
21.370,154.470,0.069,5,4702.228,1010.280
21.380,154.485,0.069,5,4702.689,1010.971
21.390,154.500,0.069,5,4703.149,1011.661
21.400,154.515,0.069,5,4703.608,1012.352
21.410,154.530,0.069,5,4704.068,1013.043
21.420,154.545,0.069,5,4704.527,1013.734
21.430,154.560,0.069,5,4704.987,1014.425
21.440,154.575,0.069,5,4705.446,1015.116
21.450,154.591,0.069,5,4705.905,1015.807
21.460,154.606,0.069,5,4706.364,1016.498
21.470,154.621,0.069,5,4706.822,1017.189
21.480,154.636,0.069,5,4707.281,1017.880
21.490,154.651,0.069,5,4707.739,1018.572
21.500,154.666,0.069,5,4708.197,1019.263
21.510,154.681,0.069,5,4708.655,1019.954
21.520,154.696,0.068,5,4709.112,1020.646
21.530,154.711,0.068,5,4709.570,1021.338
21.540,154.726,0.068,5,4710.027,1022.029
21.550,154.741,0.068,5,4710.484,1022.721
21.560,154.756,0.068,5,4710.941,1023.413
21.570,154.771,0.068,5,4711.398,1024.105
21.580,154.786,0.068,5,4711.855,1024.796
21.590,154.801,0.068,5,4712.311,1025.488
21.600,154.816,0.068,5,4712.767,1026.181
21.610,154.831,0.068,5,4713.223,1026.873
21.620,154.846,0.068,5,4713.679,1027.565
21.630,154.861,0.068,5,4714.135,1028.257
21.640,154.876,0.068,5,4714.591,1028.949
21.650,154.891,0.068,5,4715.046,1029.642
21.660,154.906,0.068,5,4715.501,1030.334
21.670,154.921,0.068,5,4715.956,1031.027
21.680,154.936,0.068,5,4716.411,1031.719
21.690,154.951,0.068,5,4716.866,1032.412
21.700,154.965,0.068,5,4717.320,1033.105
21.710,154.980,0.068,5,4717.774,1033.798
21.720,154.995,0.068,5,4718.228,1034.490
21.730,155.010,0.068,5,4718.682,1035.183
21.740,155.025,0.068,5,4719.136,1035.876
21.750,155.040,0.068,5,4719.590,1036.569
21.760,155.055,0.068,5,4720.043,1037.262
21.770,155.070,0.068,5,4720.496,1037.956
21.780,155.085,0.068,5,4720.949,1038.649
21.790,155.100,0.068,5,4721.402,1039.342
21.800,155.114,0.068,5,4721.855,1040.036
21.810,155.129,0.068,5,4722.307,1040.729
21.820,155.144,0.068,5,4722.760,1041.423
21.830,155.159,0.068,5,4723.212,1042.116
21.840,155.174,0.068,5,4723.664,1042.810
21.850,155.189,0.068,5,4724.116,1043.504
21.860,155.204,0.068,5,4724.567,1044.197
21.870,155.218,0.068,5,4725.019,1044.891
21.880,155.233,0.068,5,4725.470,1045.585
21.890,155.248,0.068,5,4725.921,1046.279
21.900,155.263,0.067,5,4726.372,1046.973
21.910,155.278,0.067,5,4726.823,1047.667
21.920,155.292,0.067,5,4727.273,1048.361
21.930,155.307,0.067,5,4727.724,1049.056
21.940,155.322,0.067,5,4728.174,1049.750
21.950,155.337,0.067,5,4728.624,1050.444
21.960,155.352,0.067,5,4729.074,1051.139
21.970,155.366,0.067,5,4729.523,1051.833
21.980,155.381,0.067,5,4729.973,1052.528
21.990,155.396,0.067,5,4730.422,1053.223
22.000,155.411,0.067,5,4730.871,1053.917
22.010,155.425,0.067,5,4731.320,1054.612
22.020,155.440,0.067,5,4731.769,1055.307
22.030,155.455,0.067,5,4732.218,1056.002
22.040,155.470,0.067,5,4732.666,1056.697
22.050,155.484,0.067,5,4733.115,1057.392
22.060,155.499,0.067,5,4733.563,1058.087
22.070,155.514,0.067,5,4734.011,1058.782
22.080,155.528,0.067,5,4734.458,1059.477
22.090,155.543,0.067,5,4734.906,1060.173
22.100,155.558,0.067,5,4735.353,1060.868
22.110,155.573,0.067,5,4735.801,1061.564
22.120,155.587,0.067,5,4736.248,1062.259
22.130,155.602,0.067,5,4736.694,1062.955
22.140,155.617,0.067,5,4737.141,1063.650
22.150,155.631,0.067,5,4737.588,1064.346
22.160,155.646,0.067,5,4738.034,1065.042
22.170,155.661,0.067,5,4738.480,1065.738
22.180,155.675,0.067,5,4738.926,1066.433
22.190,155.690,0.067,5,4739.372,1067.129
22.200,155.705,0.067,5,4739.818,1067.825
22.210,155.719,0.067,5,4740.263,1068.522
22.220,155.734,0.067,5,4740.708,1069.218
22.230,155.748,0.067,5,4741.153,1069.914
22.240,155.763,0.067,5,4741.598,1070.610
22.250,155.778,0.067,5,4742.043,1071.307
22.260,155.792,0.067,5,4742.488,1072.003
22.270,155.807,0.067,5,4742.932,1072.699
22.280,155.821,0.066,5,4743.376,1073.396
22.290,155.836,0.066,5,4743.820,1074.093
22.300,155.851,0.066,5,4744.264,1074.789
22.310,155.865,0.066,5,4744.708,1075.486
22.320,155.880,0.066,5,4745.152,1076.183
22.330,155.894,0.066,5,4745.595,1076.880
22.340,155.909,0.066,5,4746.038,1077.577
22.350,155.923,0.066,5,4746.481,1078.274
22.360,155.938,0.066,5,4746.924,1078.971
22.370,155.953,0.066,5,4747.367,1079.668
22.380,155.967,0.066,5,4747.809,1080.365
22.390,155.982,0.066,5,4748.251,1081.062
22.400,155.996,0.066,5,4748.694,1081.760
22.410,156.011,0.066,5,4749.135,1082.457
22.420,156.025,0.066,5,4749.577,1083.155
22.430,156.040,0.066,5,4750.019,1083.852
22.440,156.054,0.066,5,4750.460,1084.550
22.450,156.069,0.066,5,4750.902,1085.247
22.460,156.083,0.066,5,4751.343,1085.945
22.470,156.098,0.066,5,4751.784,1086.643
22.480,156.112,0.066,5,4752.224,1087.341
22.490,156.127,0.066,5,4752.665,1088.039
22.500,156.141,0.066,5,4753.105,1088.737
22.510,156.156,0.066,5,4753.546,1089.435
22.520,156.170,0.066,5,4753.986,1090.133
22.530,156.184,0.066,5,4754.426,1090.831
22.540,156.199,0.066,5,4754.865,1091.529
22.550,156.213,0.066,5,4755.305,1092.227
22.560,156.228,0.066,5,4755.744,1092.926
22.570,156.242,0.066,5,4756.183,1093.624
22.580,156.257,0.066,5,4756.622,1094.323
22.590,156.271,0.066,5,4757.061,1095.021
22.600,156.285,0.066,5,4757.500,1095.720
22.610,156.300,0.066,5,4757.938,1096.419
22.620,156.314,0.066,5,4758.377,1097.117
22.630,156.329,0.066,5,4758.815,1097.816
22.640,156.343,0.066,5,4759.253,1098.515
22.650,156.357,0.066,5,4759.691,1099.214
22.660,156.372,0.065,5,4760.128,1099.913
22.670,156.386,0.065,5,4760.566,1100.612
22.680,156.400,0.065,5,4761.003,1101.311
22.690,156.415,0.065,5,4761.440,1102.010
22.700,156.429,0.065,5,4761.877,1102.710
22.710,156.444,0.065,5,4762.314,1103.409
22.720,156.458,0.065,5,4762.750,1104.108
22.730,156.472,0.065,5,4763.187,1104.808
22.740,156.487,0.065,5,4763.623,1105.507
22.750,156.501,0.065,5,4764.059,1106.207
22.760,156.515,0.065,5,4764.495,1106.907
22.770,156.530,0.065,5,4764.931,1107.606
22.780,156.544,0.065,5,4765.366,1108.306
22.790,156.558,0.065,5,4765.802,1109.006
22.800,156.572,0.065,5,4766.237,1109.706
22.810,156.587,0.065,5,4766.672,1110.406
22.820,156.601,0.065,5,4767.107,1111.106
22.830,156.615,0.065,5,4767.541,1111.806
22.840,156.630,0.065,5,4767.976,1112.506
22.850,156.644,0.065,5,4768.410,1113.206
22.860,156.658,0.065,5,4768.845,1113.907
22.870,156.672,0.065,5,4769.279,1114.607
22.880,156.687,0.065,5,4769.712,1115.307
22.890,156.701,0.065,5,4770.146,1116.008
22.900,156.715,0.065,5,4770.580,1116.709
22.910,156.729,0.065,5,4771.013,1117.409
22.920,156.744,0.065,5,4771.446,1118.110
22.930,156.758,0.065,5,4771.879,1118.811
22.940,156.772,0.065,5,4772.312,1119.511
22.950,156.786,0.065,5,4772.744,1120.212
22.960,156.800,0.065,5,4773.177,1120.913
22.970,156.815,0.065,5,4773.609,1121.614
22.980,156.829,0.065,5,4774.041,1122.315
22.990,156.843,0.065,5,4774.473,1123.016
23.000,156.857,0.065,5,4774.905,1123.717
23.010,156.871,0.065,5,4775.337,1124.419
23.020,156.886,0.065,5,4775.768,1125.120
23.030,156.900,0.065,5,4776.199,1125.821
23.040,156.914,0.065,5,4776.630,1126.523
23.050,156.928,0.064,5,4777.061,1127.224
23.060,156.942,0.064,5,4777.492,1127.926
23.070,156.956,0.064,5,4777.923,1128.628
23.080,156.970,0.064,5,4778.353,1129.329
23.090,156.985,0.064,5,4778.783,1130.031
23.100,156.999,0.064,5,4779.213,1130.733
23.110,157.013,0.064,5,4779.643,1131.435
23.120,157.027,0.064,5,4780.073,1132.137
23.130,157.041,0.064,5,4780.503,1132.839
23.140,157.055,0.064,5,4780.932,1133.541
23.150,157.069,0.064,5,4781.361,1134.243
23.160,157.083,0.064,5,4781.790,1134.945
23.170,157.097,0.064,5,4782.219,1135.647
23.180,157.112,0.064,5,4782.648,1136.350
23.190,157.126,0.064,5,4783.076,1137.052
23.200,157.140,0.064,5,4783.505,1137.754
23.210,157.154,0.064,5,4783.933,1138.457
23.220,157.168,0.064,5,4784.361,1139.159
23.230,157.182,0.064,5,4784.789,1139.862
23.240,157.196,0.064,5,4785.217,1140.565
23.250,157.210,0.064,5,4785.644,1141.268
23.260,157.224,0.064,5,4786.071,1141.970
23.270,157.238,0.064,5,4786.499,1142.673
23.280,157.252,0.064,5,4786.926,1143.376
23.290,157.266,0.064,5,4787.352,1144.079
23.300,157.280,0.064,5,4787.779,1144.782
23.310,157.294,0.064,5,4788.206,1145.485
23.320,157.308,0.064,5,4788.632,1146.189
23.330,157.322,0.064,5,4789.058,1146.892
23.340,157.336,0.064,5,4789.484,1147.595
23.350,157.350,0.064,5,4789.910,1148.299
23.360,157.364,0.064,5,4790.336,1149.002
23.370,157.378,0.064,5,4790.761,1149.706
23.380,157.392,0.064,5,4791.186,1150.409
23.390,157.406,0.064,5,4791.612,1151.113
23.400,157.420,0.064,5,4792.037,1151.816
23.410,157.434,0.064,5,4792.461,1152.520
23.420,157.448,0.064,5,4792.886,1153.224
23.430,157.462,0.064,5,4793.310,1153.928
23.440,157.476,0.063,5,4793.735,1154.632
23.450,157.490,0.063,5,4794.159,1155.336
23.460,157.504,0.063,5,4794.583,1156.040
23.470,157.518,0.063,5,4795.007,1156.744
23.480,157.531,0.063,5,4795.430,1157.448
23.490,157.545,0.063,5,4795.854,1158.153
23.500,157.559,0.063,5,4796.277,1158.857
23.510,157.573,0.063,5,4796.700,1159.561
23.520,157.587,0.063,5,4797.123,1160.266
23.530,157.601,0.063,5,4797.546,1160.970
23.540,157.615,0.063,5,4797.968,1161.675
23.550,157.629,0.063,5,4798.391,1162.379
23.560,157.643,0.063,5,4798.813,1163.084
23.570,157.656,0.063,5,4799.235,1163.789
23.580,157.670,0.063,5,4799.657,1164.494
23.590,157.684,0.063,5,4800.079,1165.199
23.600,157.698,0.063,5,4800.501,1165.903
23.610,157.712,0.063,5,4800.922,1166.608
23.620,157.726,0.063,5,4801.343,1167.314
23.630,157.740,0.063,5,4801.764,1168.019
23.640,157.753,0.063,5,4802.185,1168.724
23.650,157.767,0.063,5,4802.606,1169.429
23.660,157.781,0.063,5,4803.027,1170.134
23.670,157.795,0.063,5,4803.447,1170.840
23.680,157.809,0.063,5,4803.867,1171.545
23.690,157.822,0.063,5,4804.288,1172.251
23.700,157.836,0.063,5,4804.707,1172.956
23.710,157.850,0.063,5,4805.127,1173.662
23.720,157.864,0.063,5,4805.547,1174.368
23.730,157.878,0.063,5,4805.966,1175.073
23.740,157.891,0.063,5,4806.386,1175.779
23.750,157.905,0.063,5,4806.805,1176.485
23.760,157.919,0.063,5,4807.224,1177.191
23.770,157.933,0.063,5,4807.642,1177.897
23.780,157.946,0.063,5,4808.061,1178.603
23.790,157.960,0.063,5,4808.479,1179.309
23.800,157.974,0.063,5,4808.898,1180.015
23.810,157.988,0.063,5,4809.316,1180.722
23.820,158.001,0.063,5,4809.734,1181.428
23.830,158.015,0.063,5,4810.151,1182.134
23.840,158.029,0.062,5,4810.569,1182.841
23.850,158.042,0.062,5,4810.986,1183.547
23.860,158.056,0.062,5,4811.404,1184.254
23.870,158.070,0.062,5,4811.821,1184.960
23.880,158.084,0.062,5,4812.238,1185.667
23.890,158.097,0.062,5,4812.654,1186.374
23.900,158.111,0.062,5,4813.071,1187.080
23.910,158.125,0.062,5,4813.487,1187.787
23.920,158.138,0.062,5,4813.904,1188.494
23.930,158.152,0.062,5,4814.320,1189.201
23.940,158.166,0.062,5,4814.736,1189.908
23.950,158.179,0.062,5,4815.151,1190.615
23.960,158.193,0.062,5,4815.567,1191.322
23.970,158.207,0.062,5,4815.983,1192.030
23.980,158.220,0.062,5,4816.398,1192.737
23.990,158.234,0.062,5,4816.813,1193.444
24.000,158.248,0.062,5,4817.228,1194.152
24.010,158.261,0.062,5,4817.643,1194.859
24.020,158.275,0.062,5,4818.057,1195.567
24.030,158.288,0.062,5,4818.472,1196.274
24.040,158.302,0.062,5,4818.886,1196.982
24.050,158.316,0.062,5,4819.300,1197.690
24.060,158.329,0.062,5,4819.714,1198.397
24.070,158.343,0.062,5,4820.128,1199.105
24.080,158.356,0.062,5,4820.541,1199.813
24.090,158.370,0.062,5,4820.955,1200.521
24.100,158.384,0.062,5,4821.368,1201.229
24.110,158.397,0.062,5,4821.781,1201.937
24.120,158.411,0.062,5,4822.194,1202.645
24.130,158.424,0.062,5,4822.607,1203.353
24.140,158.438,0.062,5,4823.019,1204.062
24.150,158.451,0.062,5,4823.432,1204.770
24.160,158.465,0.062,5,4823.844,1205.478
24.170,158.478,0.062,5,4824.256,1206.187
24.180,158.492,0.062,5,4824.668,1206.895
24.190,158.505,0.062,5,4825.080,1207.604
24.200,158.519,0.062,5,4825.492,1208.312
24.210,158.532,0.062,5,4825.903,1209.021
24.220,158.546,0.062,5,4826.314,1209.730
24.230,158.560,0.062,5,4826.726,1210.439
24.240,158.573,0.061,5,4827.137,1211.147
24.250,158.587,0.061,5,4827.547,1211.856
24.260,158.600,0.061,5,4827.958,1212.565
24.270,158.613,0.061,5,4828.368,1213.274
24.280,158.627,0.061,5,4828.779,1213.983
24.290,158.640,0.061,5,4829.189,1214.693
24.300,158.654,0.061,5,4829.599,1215.402
24.310,158.667,0.061,5,4830.009,1216.111
24.320,158.681,0.061,5,4830.418,1216.820
24.330,158.694,0.061,5,4830.828,1217.530
24.340,158.708,0.061,5,4831.237,1218.239
24.350,158.721,0.061,5,4831.646,1218.949
24.360,158.735,0.061,5,4832.055,1219.658
24.370,158.748,0.061,5,4832.464,1220.368
24.380,158.761,0.061,5,4832.873,1221.078
24.390,158.775,0.061,5,4833.281,1221.787
24.400,158.788,0.061,5,4833.690,1222.497
24.410,158.802,0.061,5,4834.098,1223.207
24.420,158.815,0.061,5,4834.506,1223.917
24.430,158.828,0.061,5,4834.914,1224.627
24.440,158.842,0.061,5,4835.321,1225.337
24.450,158.855,0.061,5,4835.729,1226.047
24.460,158.869,0.061,5,4836.136,1226.757
24.470,158.882,0.061,5,4836.543,1227.468
24.480,158.895,0.061,5,4836.950,1228.178
24.490,158.909,0.061,5,4837.357,1228.888
24.500,158.922,0.061,5,4837.764,1229.599
24.510,158.935,0.061,5,4838.171,1230.309
24.520,158.949,0.061,5,4838.577,1231.020
24.530,158.962,0.061,5,4838.983,1231.730
24.540,158.976,0.061,5,4839.389,1232.441
24.550,158.989,0.061,5,4839.795,1233.152
24.560,159.002,0.061,5,4840.201,1233.862
24.570,159.015,0.061,5,4840.606,1234.573
24.580,159.029,0.061,5,4841.012,1235.284
24.590,159.042,0.061,5,4841.417,1235.995
24.600,159.055,0.061,5,4841.822,1236.706
24.610,159.069,0.061,5,4842.227,1237.417
24.620,159.082,0.061,5,4842.632,1238.128
24.630,159.095,0.061,5,4843.036,1238.840
24.640,159.109,0.061,5,4843.441,1239.551
24.650,159.122,0.060,5,4843.845,1240.262
24.660,159.135,0.060,5,4844.249,1240.973
24.670,159.148,0.060,5,4844.653,1241.685
24.680,159.162,0.060,5,4845.057,1242.396
24.690,159.175,0.060,5,4845.460,1243.108
24.700,159.188,0.060,5,4845.864,1243.819
24.710,159.201,0.060,5,4846.267,1244.531
24.720,159.215,0.060,5,4846.670,1245.243
24.730,159.228,0.060,5,4847.073,1245.955
24.740,159.241,0.060,5,4847.476,1246.666
24.750,159.254,0.060,5,4847.879,1247.378
24.760,159.268,0.060,5,4848.281,1248.090
24.770,159.281,0.060,5,4848.683,1248.802
24.780,159.294,0.060,5,4849.086,1249.514
24.790,159.307,0.060,5,4849.488,1250.227
24.800,159.320,0.060,5,4849.889,1250.939
24.810,159.334,0.060,5,4850.291,1251.651
24.820,159.347,0.060,5,4850.693,1252.363
24.830,159.360,0.060,5,4851.094,1253.076
24.840,159.373,0.060,5,4851.495,1253.788
24.850,159.386,0.060,5,4851.896,1254.501
24.860,159.400,0.060,5,4852.297,1255.213
24.870,159.413,0.060,5,4852.698,1255.926
24.880,159.426,0.060,5,4853.098,1256.638
24.890,159.439,0.060,5,4853.499,1257.351
24.900,159.452,0.060,5,4853.899,1258.064
24.910,159.465,0.060,5,4854.299,1258.777
24.920,159.478,0.060,5,4854.699,1259.490
24.930,159.492,0.060,5,4855.098,1260.203
24.940,159.505,0.060,5,4855.498,1260.916
24.950,159.518,0.060,5,4855.897,1261.629
24.960,159.531,0.060,5,4856.297,1262.342
24.970,159.544,0.060,5,4856.696,1263.055
24.980,159.557,0.060,5,4857.095,1263.768
24.990,159.570,0.060,5,4857.493,1264.482
25.000,159.583,0.060,5,4857.892,1265.195
25.010,159.596,0.060,5,4858.290,1265.908
25.020,159.610,0.060,5,4858.689,1266.622
25.030,159.623,0.060,5,4859.087,1267.336
25.040,159.636,0.060,5,4859.485,1268.049
25.050,159.649,0.060,5,4859.883,1268.763
25.060,159.662,0.060,5,4860.280,1269.477
25.070,159.675,0.059,5,4860.678,1270.190
25.080,159.688,0.059,5,4861.075,1270.904
25.090,159.701,0.059,5,4861.472,1271.618
25.100,159.714,0.059,5,4861.869,1272.332
25.110,159.727,0.059,5,4862.266,1273.046
25.120,159.740,0.059,5,4862.663,1273.760
25.130,159.753,0.059,5,4863.059,1274.474
25.140,159.766,0.059,5,4863.456,1275.188
25.150,159.779,0.059,5,4863.852,1275.903
25.160,159.792,0.059,5,4864.248,1276.617
25.170,159.805,0.059,5,4864.644,1277.331
25.180,159.818,0.059,5,4865.039,1278.046
25.190,159.831,0.059,5,4865.435,1278.760
25.200,159.844,0.059,5,4865.830,1279.475
25.210,159.857,0.059,5,4866.226,1280.189
25.220,159.870,0.059,5,4866.621,1280.904
25.230,159.883,0.059,5,4867.016,1281.619
25.240,159.896,0.059,5,4867.410,1282.333
25.250,159.909,0.059,5,4867.805,1283.048
25.260,159.922,0.059,5,4868.199,1283.763
25.270,159.935,0.059,5,4868.594,1284.478
25.280,159.948,0.059,5,4868.988,1285.193
25.290,159.961,0.059,5,4869.382,1285.908
25.300,159.974,0.059,5,4869.776,1286.623
25.310,159.987,0.059,5,4870.169,1287.338
25.320,160.000,0.059,5,4870.563,1288.054
25.330,160.012,0.059,5,4870.956,1288.769
25.340,160.025,0.059,5,4871.349,1289.484
25.350,160.038,0.059,5,4871.742,1290.200
25.360,160.051,0.059,5,4872.135,1290.915
25.370,160.064,0.059,5,4872.528,1291.631
25.380,160.077,0.059,5,4872.920,1292.346
25.390,160.090,0.059,5,4873.313,1293.062
25.400,160.103,0.059,5,4873.705,1293.778
25.410,160.116,0.059,5,4874.097,1294.493
25.420,160.129,0.059,5,4874.489,1295.209
25.430,160.141,0.059,5,4874.881,1295.925
25.440,160.154,0.059,5,4875.272,1296.641
25.450,160.167,0.059,5,4875.664,1297.357
25.460,160.180,0.059,5,4876.055,1298.073
25.470,160.193,0.059,5,4876.446,1298.789
25.480,160.206,0.059,5,4876.837,1299.505
25.490,160.219,0.058,5,4877.228,1300.221
25.500,160.231,0.058,5,4877.618,1300.938
25.510,160.244,0.058,5,4878.009,1301.654
25.520,160.257,0.058,5,4878.399,1302.370
25.530,160.270,0.058,5,4878.789,1303.087
25.540,160.283,0.058,5,4879.179,1303.803
25.550,160.295,0.058,5,4879.569,1304.520
25.560,160.308,0.058,5,4879.959,1305.237
25.570,160.321,0.058,5,4880.348,1305.953
25.580,160.334,0.058,5,4880.738,1306.670
25.590,160.347,0.058,5,4881.127,1307.387
25.600,160.359,0.058,5,4881.516,1308.104
25.610,160.372,0.058,5,4881.905,1308.820
25.620,160.385,0.058,5,4882.294,1309.537
25.630,160.398,0.058,5,4882.682,1310.254
25.640,160.410,0.058,5,4883.071,1310.971
25.650,160.423,0.058,5,4883.459,1311.689
25.660,160.436,0.058,5,4883.847,1312.406
25.670,160.449,0.058,5,4884.235,1313.123
25.680,160.461,0.058,5,4884.623,1313.840
25.690,160.474,0.058,5,4885.010,1314.558
25.700,160.487,0.058,5,4885.398,1315.275
25.710,160.500,0.058,5,4885.785,1315.993
25.720,160.512,0.058,5,4886.172,1316.710
25.730,160.525,0.058,5,4886.559,1317.428
25.740,160.538,0.058,5,4886.946,1318.145
25.750,160.550,0.058,5,4887.333,1318.863
25.760,160.563,0.058,5,4887.719,1319.581
25.770,160.576,0.058,5,4888.106,1320.299
25.780,160.589,0.058,5,4888.492,1321.016
25.790,160.601,0.058,5,4888.878,1321.734
25.800,160.614,0.058,5,4889.264,1322.452
25.810,160.627,0.058,5,4889.650,1323.170
25.820,160.639,0.058,5,4890.035,1323.888
25.830,160.652,0.058,5,4890.421,1324.607
25.840,160.665,0.058,5,4890.806,1325.325
25.850,160.677,0.058,5,4891.191,1326.043
25.860,160.690,0.058,5,4891.576,1326.761
25.870,160.703,0.058,5,4891.961,1327.480
25.880,160.715,0.058,5,4892.346,1328.198
25.890,160.728,0.058,5,4892.730,1328.917
25.900,160.740,0.058,5,4893.115,1329.635
25.910,160.753,0.057,5,4893.499,1330.354
25.920,160.766,0.057,5,4893.883,1331.072
25.930,160.778,0.057,5,4894.267,1331.791
25.940,160.791,0.057,5,4894.650,1332.510
25.950,160.803,0.057,5,4895.034,1333.229
25.960,160.816,0.057,5,4895.417,1333.948
25.970,160.829,0.057,5,4895.801,1334.667
25.980,160.841,0.057,5,4896.184,1335.386
25.990,160.854,0.057,5,4896.567,1336.105
26.000,160.866,0.057,5,4896.949,1336.824
26.010,160.879,0.057,5,4897.332,1337.543
26.020,160.892,0.057,5,4897.715,1338.262
26.030,160.904,0.057,5,4898.097,1338.981
26.040,160.917,0.057,5,4898.479,1339.701
26.050,160.929,0.057,5,4898.861,1340.420
26.060,160.942,0.057,5,4899.243,1341.140
26.070,160.954,0.057,5,4899.625,1341.859
26.080,160.967,0.057,5,4900.006,1342.579
26.090,160.979,0.057,5,4900.388,1343.298
26.100,160.992,0.057,5,4900.769,1344.018
26.110,161.004,0.057,5,4901.150,1344.738
26.120,161.017,0.057,5,4901.531,1345.457
26.130,161.029,0.057,5,4901.912,1346.177
26.140,161.042,0.057,5,4902.292,1346.897
26.150,161.054,0.057,5,4902.673,1347.617
26.160,161.067,0.057,5,4903.053,1348.337
26.170,161.079,0.057,5,4903.433,1349.057
26.180,161.092,0.057,5,4903.813,1349.777
26.190,161.104,0.057,5,4904.193,1350.497
26.200,161.117,0.057,5,4904.573,1351.218
26.210,161.129,0.057,5,4904.952,1351.938
26.220,161.142,0.057,5,4905.332,1352.658
26.230,161.154,0.057,5,4905.711,1353.379
26.240,161.167,0.057,5,4906.090,1354.099
26.250,161.179,0.057,5,4906.469,1354.820
26.260,161.192,0.057,5,4906.847,1355.540
26.270,161.204,0.057,5,4907.226,1356.261
26.280,161.216,0.057,5,4907.605,1356.982
26.290,161.229,0.057,5,4907.983,1357.702
26.300,161.241,0.057,5,4908.361,1358.423
26.310,161.254,0.057,5,4908.739,1359.144
26.320,161.266,0.057,5,4909.117,1359.865
26.330,161.278,0.057,5,4909.495,1360.586
26.340,161.291,0.056,5,4909.872,1361.307
26.350,161.303,0.056,5,4910.249,1362.028
26.360,161.316,0.056,5,4910.627,1362.749
26.370,161.328,0.056,5,4911.004,1363.470
26.380,161.340,0.056,5,4911.381,1364.191
26.390,161.353,0.056,5,4911.757,1364.913
26.400,161.365,0.056,5,4912.134,1365.634
26.410,161.378,0.056,5,4912.510,1366.355
26.420,161.390,0.056,5,4912.887,1367.077
26.430,161.402,0.056,5,4913.263,1367.798
26.440,161.415,0.056,5,4913.639,1368.520
26.450,161.427,0.056,5,4914.015,1369.241
26.460,161.439,0.056,5,4914.390,1369.963
26.470,161.452,0.056,5,4914.766,1370.685
26.480,161.464,0.056,5,4915.141,1371.407
26.490,161.476,0.056,5,4915.517,1372.128
26.500,161.489,0.056,5,4915.892,1372.850
26.510,161.501,0.056,5,4916.267,1373.572
26.520,161.513,0.056,5,4916.641,1374.294
26.530,161.526,0.056,5,4917.016,1375.016
26.540,161.538,0.056,5,4917.390,1375.738
26.550,161.550,0.056,5,4917.765,1376.461
26.560,161.562,0.056,5,4918.139,1377.183
26.570,161.575,0.056,5,4918.513,1377.905
26.580,161.587,0.056,5,4918.887,1378.627
26.590,161.599,0.056,5,4919.260,1379.350
26.600,161.612,0.056,5,4919.634,1380.072
26.610,161.624,0.056,5,4920.007,1380.795
26.620,161.636,0.056,5,4920.381,1381.517
26.630,161.648,0.056,5,4920.754,1382.240
26.640,161.661,0.056,5,4921.127,1382.963
26.650,161.673,0.056,5,4921.499,1383.685
26.660,161.685,0.056,5,4921.872,1384.408
26.670,161.697,0.056,5,4922.245,1385.131
26.680,161.710,0.056,5,4922.617,1385.854
26.690,161.722,0.056,5,4922.989,1386.577
26.700,161.734,0.056,5,4923.361,1387.300
26.710,161.746,0.056,5,4923.733,1388.023
26.720,161.758,0.056,5,4924.105,1388.746
26.730,161.771,0.056,5,4924.476,1389.469
26.740,161.783,0.056,5,4924.848,1390.192
26.750,161.795,0.056,5,4925.219,1390.915
26.760,161.807,0.056,5,4925.590,1391.639
26.770,161.819,0.056,5,4925.961,1392.362
26.780,161.832,0.055,5,4926.332,1393.086
26.790,161.844,0.055,5,4926.702,1393.809
26.800,161.856,0.055,5,4927.073,1394.533
26.810,161.868,0.055,5,4927.443,1395.256
26.820,161.880,0.055,5,4927.814,1395.980
26.830,161.892,0.055,5,4928.184,1396.703
26.840,161.905,0.055,5,4928.553,1397.427
26.850,161.917,0.055,5,4928.923,1398.151
26.860,161.929,0.055,5,4929.293,1398.875
26.870,161.941,0.055,5,4929.662,1399.599
26.880,161.953,0.055,5,4930.032,1400.323
26.890,161.965,0.055,5,4930.401,1401.047
26.900,161.977,0.055,5,4930.770,1401.771
26.910,161.990,0.055,5,4931.139,1402.495
26.920,162.002,0.055,5,4931.507,1403.219
26.930,162.014,0.055,5,4931.876,1403.943
26.940,162.026,0.055,5,4932.244,1404.668
26.950,162.038,0.055,5,4932.612,1405.392
26.960,162.050,0.055,5,4932.980,1406.116
26.970,162.062,0.055,5,4933.348,1406.841
26.980,162.074,0.055,5,4933.716,1407.565
26.990,162.086,0.055,5,4934.084,1408.290
27.000,162.098,0.055,5,4934.451,1409.015
27.010,162.110,0.055,5,4934.819,1409.739
27.020,162.122,0.055,5,4935.186,1410.464
27.030,162.135,0.055,5,4935.553,1411.189
27.040,162.147,0.055,5,4935.920,1411.914
27.050,162.159,0.055,5,4936.287,1412.639
27.060,162.171,0.055,5,4936.653,1413.363
27.070,162.183,0.055,5,4937.020,1414.088
27.080,162.195,0.055,5,4937.386,1414.813
27.090,162.207,0.055,5,4937.752,1415.539
27.100,162.219,0.055,5,4938.118,1416.264
27.110,162.231,0.055,5,4938.484,1416.989
27.120,162.243,0.055,5,4938.849,1417.714
27.130,162.255,0.055,5,4939.215,1418.440
27.140,162.267,0.055,5,4939.580,1419.165
27.150,162.279,0.055,5,4939.946,1419.890
27.160,162.291,0.055,5,4940.311,1420.616
27.170,162.303,0.055,5,4940.676,1421.341
27.180,162.315,0.055,5,4941.040,1422.067
27.190,162.327,0.055,5,4941.405,1422.793
27.200,162.339,0.055,5,4941.770,1423.518
27.210,162.351,0.055,5,4942.134,1424.244
27.220,162.363,0.054,5,4942.498,1424.970
27.230,162.375,0.054,5,4942.862,1425.696
27.240,162.387,0.054,5,4943.226,1426.422
27.250,162.399,0.054,5,4943.590,1427.147
27.260,162.410,0.054,5,4943.953,1427.874
27.270,162.422,0.054,5,4944.317,1428.600
27.280,162.434,0.054,5,4944.680,1429.326
27.290,162.446,0.054,5,4945.043,1430.052
27.300,162.458,0.054,5,4945.406,1430.778
27.310,162.470,0.054,5,4945.769,1431.504
27.320,162.482,0.054,5,4946.132,1432.231
27.330,162.494,0.054,5,4946.494,1432.957
27.340,162.506,0.054,5,4946.857,1433.684
27.350,162.518,0.054,5,4947.219,1434.410
27.360,162.530,0.054,5,4947.581,1435.137
27.370,162.542,0.054,5,4947.943,1435.863
27.380,162.553,0.054,5,4948.305,1436.590
27.390,162.565,0.054,5,4948.666,1437.317
27.400,162.577,0.054,5,4949.028,1438.043
27.410,162.589,0.054,5,4949.389,1438.770
27.420,162.601,0.054,5,4949.751,1439.497
27.430,162.613,0.054,5,4950.112,1440.224
27.440,162.625,0.054,5,4950.473,1440.951
27.450,162.636,0.054,5,4950.833,1441.678
27.460,162.648,0.054,5,4951.194,1442.405
27.470,162.660,0.054,5,4951.554,1443.132
27.480,162.672,0.054,5,4951.915,1443.859
27.490,162.684,0.054,5,4952.275,1444.586
27.500,162.696,0.054,5,4952.635,1445.314
27.510,162.707,0.054,5,4952.995,1446.041
27.520,162.719,0.054,5,4953.354,1446.768
27.530,162.731,0.054,5,4953.714,1447.496
27.540,162.743,0.054,5,4954.074,1448.223
27.550,162.755,0.054,5,4954.433,1448.951
27.560,162.767,0.054,5,4954.792,1449.679
27.570,162.778,0.054,5,4955.151,1450.406
27.580,162.790,0.054,5,4955.510,1451.134
27.590,162.802,0.054,5,4955.868,1451.862
27.600,162.814,0.054,5,4956.227,1452.590
27.610,162.825,0.054,5,4956.585,1453.317
27.620,162.837,0.054,5,4956.944,1454.045
27.630,162.849,0.054,5,4957.302,1454.773
27.640,162.861,0.054,5,4957.660,1455.501
27.650,162.872,0.054,5,4958.018,1456.229
27.660,162.884,0.054,5,4958.375,1456.958
27.670,162.896,0.053,5,4958.733,1457.686
27.680,162.908,0.053,5,4959.090,1458.414
27.690,162.919,0.053,5,4959.447,1459.142
27.700,162.931,0.053,5,4959.804,1459.871
27.710,162.943,0.053,5,4960.161,1460.599
27.720,162.955,0.053,5,4960.518,1461.327
27.730,162.966,0.053,5,4960.875,1462.056
27.740,162.978,0.053,5,4961.231,1462.784
27.750,162.990,0.053,5,4961.588,1463.513
27.760,163.001,0.053,5,4961.944,1464.242
27.770,163.013,0.053,5,4962.300,1464.970
27.780,163.025,0.053,5,4962.656,1465.699
27.790,163.037,0.053,5,4963.011,1466.428
27.800,163.048,0.053,5,4963.367,1467.157
27.810,163.060,0.053,5,4963.723,1467.886
27.820,163.072,0.053,5,4964.078,1468.615
27.830,163.083,0.053,5,4964.433,1469.344
27.840,163.095,0.053,5,4964.788,1470.073
27.850,163.107,0.053,5,4965.143,1470.802
27.860,163.118,0.053,5,4965.498,1471.531
27.870,163.130,0.053,5,4965.852,1472.260
27.880,163.142,0.053,5,4966.207,1472.990
27.890,163.153,0.053,5,4966.561,1473.719
27.900,163.165,0.053,5,4966.915,1474.448
27.910,163.176,0.053,5,4967.269,1475.178
27.920,163.188,0.053,5,4967.623,1475.907
27.930,163.200,0.053,5,4967.977,1476.637
27.940,163.211,0.053,5,4968.330,1477.366
27.950,163.223,0.053,5,4968.684,1478.096
27.960,163.234,0.053,5,4969.037,1478.826
27.970,163.246,0.053,5,4969.390,1479.556
27.980,163.258,0.053,5,4969.743,1480.285
27.990,163.269,0.053,5,4970.096,1481.015
28.000,163.281,0.053,5,4970.449,1481.745
28.010,163.292,0.053,5,4970.801,1482.475
28.020,163.304,0.053,5,4971.153,1483.205
28.030,163.316,0.053,5,4971.506,1483.935
28.040,163.327,0.053,5,4971.858,1484.665
28.050,163.339,0.053,5,4972.210,1485.395
28.060,163.350,0.053,5,4972.562,1486.126
28.070,163.362,0.053,5,4972.913,1486.856
28.080,163.373,0.053,5,4973.265,1487.586
28.090,163.385,0.053,5,4973.616,1488.317
28.100,163.396,0.053,5,4973.967,1489.047
28.110,163.408,0.053,5,4974.319,1489.777
28.120,163.420,0.053,5,4974.669,1490.508
28.130,163.431,0.052,5,4975.020,1491.239
28.140,163.443,0.052,5,4975.371,1491.969
28.150,163.454,0.052,5,4975.721,1492.700
28.160,163.466,0.052,5,4976.072,1493.431
28.170,163.477,0.052,5,4976.422,1494.161
28.180,163.489,0.052,5,4976.772,1494.892
28.190,163.500,0.052,5,4977.122,1495.623
28.200,163.512,0.052,5,4977.472,1496.354
28.210,163.523,0.052,5,4977.821,1497.085
28.220,163.535,0.052,5,4978.171,1497.816
28.230,163.546,0.052,5,4978.520,1498.547
28.240,163.557,0.052,5,4978.870,1499.278
28.250,163.569,0.052,5,4979.219,1500.009
28.260,163.580,0.052,5,4979.568,1500.741
28.270,163.592,0.052,5,4979.916,1501.472
28.280,163.603,0.052,5,4980.265,1502.203
28.290,163.615,0.052,5,4980.613,1502.935
28.300,163.626,0.052,5,4980.962,1503.666
28.310,163.638,0.052,5,4981.310,1504.398
28.320,163.649,0.052,5,4981.658,1505.129
28.330,163.661,0.052,5,4982.006,1505.861
28.340,163.672,0.052,5,4982.354,1506.592
28.350,163.683,0.052,5,4982.701,1507.324
28.360,163.695,0.052,5,4983.049,1508.056
28.370,163.706,0.052,5,4983.396,1508.788
28.380,163.718,0.052,5,4983.743,1509.520
28.390,163.729,0.052,5,4984.090,1510.251
28.400,163.740,0.052,5,4984.437,1510.983
28.410,163.752,0.052,5,4984.784,1511.715
28.420,163.763,0.052,5,4985.131,1512.448
28.430,163.775,0.052,5,4985.477,1513.180
28.440,163.786,0.052,5,4985.824,1513.912
28.450,163.797,0.052,5,4986.170,1514.644
28.460,163.809,0.052,5,4986.516,1515.376
28.470,163.820,0.052,5,4986.862,1516.109
28.480,163.831,0.052,5,4987.207,1516.841
28.490,163.843,0.052,5,4987.553,1517.573
28.500,163.854,0.052,5,4987.899,1518.306
28.510,163.865,0.052,5,4988.244,1519.038
28.520,163.877,0.052,5,4988.589,1519.771
28.530,163.888,0.052,5,4988.934,1520.504
28.540,163.899,0.052,5,4989.279,1521.236
28.550,163.911,0.052,5,4989.624,1521.969
28.560,163.922,0.052,5,4989.968,1522.702
28.570,163.933,0.052,5,4990.313,1523.435
28.580,163.945,0.052,5,4990.657,1524.167
28.590,163.956,0.052,5,4991.001,1524.900
28.600,163.967,0.051,5,4991.345,1525.633
28.610,163.979,0.051,5,4991.689,1526.366
28.620,163.990,0.051,5,4992.033,1527.099
28.630,164.001,0.051,5,4992.377,1527.832
28.640,164.012,0.051,5,4992.720,1528.566
28.650,164.024,0.051,5,4993.064,1529.299
28.660,164.035,0.051,5,4993.407,1530.032
28.670,164.046,0.051,5,4993.750,1530.765
28.680,164.058,0.051,5,4994.093,1531.499
28.690,164.069,0.051,5,4994.435,1532.232
28.700,164.080,0.051,5,4994.778,1532.966
28.710,164.091,0.051,5,4995.121,1533.699
28.720,164.103,0.051,5,4995.463,1534.433
28.730,164.114,0.051,5,4995.805,1535.167
28.740,164.125,0.051,5,4996.147,1535.900
28.750,164.136,0.051,5,4996.489,1536.634
28.760,164.148,0.051,5,4996.831,1537.368
28.770,164.159,0.051,5,4997.173,1538.102
28.780,164.170,0.051,5,4997.514,1538.835
28.790,164.181,0.051,5,4997.855,1539.569
28.800,164.192,0.051,5,4998.197,1540.303
28.810,164.204,0.051,5,4998.538,1541.037
28.820,164.215,0.051,5,4998.879,1541.771
28.830,164.226,0.051,5,4999.219,1542.506
28.840,164.237,0.051,5,4999.560,1543.240
28.850,164.248,0.051,5,4999.900,1543.974
28.860,164.260,0.051,5,5000.241,1544.708
28.870,164.271,0.051,5,5000.581,1545.443
28.880,164.282,0.051,5,5000.921,1546.177
28.890,164.293,0.051,5,5001.261,1546.911
28.900,164.304,0.051,5,5001.601,1547.646
28.910,164.315,0.051,5,5001.941,1548.380
28.920,164.327,0.051,5,5002.280,1549.115
28.930,164.338,0.051,5,5002.619,1549.850
28.940,164.349,0.051,5,5002.959,1550.584
28.950,164.360,0.051,5,5003.298,1551.319
28.960,164.371,0.051,5,5003.637,1552.054
28.970,164.382,0.051,5,5003.975,1552.789
28.980,164.393,0.051,5,5004.314,1553.523
28.990,164.404,0.051,5,5004.653,1554.258
29.000,164.416,0.051,5,5004.991,1554.993
29.010,164.427,0.051,5,5005.329,1555.728
29.020,164.438,0.051,5,5005.667,1556.463
29.030,164.449,0.051,5,5006.005,1557.199
29.040,164.460,0.051,5,5006.343,1557.934
29.050,164.471,0.051,5,5006.681,1558.669
29.060,164.482,0.051,5,5007.018,1559.404
29.070,164.493,0.050,5,5007.356,1560.140
29.080,164.504,0.050,5,5007.693,1560.875
29.090,164.515,0.050,5,5008.030,1561.610
29.100,164.526,0.050,5,5008.367,1562.346
29.110,164.538,0.050,5,5008.704,1563.081
29.120,164.549,0.050,5,5009.041,1563.817
29.130,164.560,0.050,5,5009.377,1564.553
29.140,164.571,0.050,5,5009.714,1565.288
29.150,164.582,0.050,5,5010.050,1566.024
29.160,164.593,0.050,5,5010.386,1566.760
29.170,164.604,0.050,5,5010.722,1567.496
29.180,164.615,0.050,5,5011.058,1568.231
29.190,164.626,0.050,5,5011.394,1568.967
29.200,164.637,0.050,5,5011.729,1569.703
29.210,164.648,0.050,5,5012.065,1570.439
29.220,164.659,0.050,5,5012.400,1571.175
29.230,164.670,0.050,5,5012.735,1571.912
29.240,164.681,0.050,5,5013.070,1572.648
29.250,164.692,0.050,5,5013.405,1573.384
29.260,164.703,0.050,5,5013.740,1574.120
29.270,164.714,0.050,5,5014.075,1574.856
29.280,164.725,0.050,5,5014.409,1575.593
29.290,164.736,0.050,5,5014.743,1576.329
29.300,164.747,0.050,5,5015.078,1577.066
29.310,164.758,0.050,5,5015.412,1577.802
29.320,164.769,0.050,5,5015.746,1578.539
29.330,164.780,0.050,5,5016.079,1579.275
29.340,164.791,0.050,5,5016.413,1580.012
29.350,164.802,0.050,5,5016.746,1580.749
29.360,164.813,0.050,5,5017.080,1581.486
29.370,164.824,0.050,5,5017.413,1582.222
29.380,164.835,0.050,5,5017.746,1582.959
29.390,164.846,0.050,5,5018.079,1583.696
29.400,164.856,0.050,5,5018.412,1584.433
29.410,164.867,0.050,5,5018.744,1585.170
29.420,164.878,0.050,5,5019.077,1585.907
29.430,164.889,0.050,5,5019.409,1586.644
29.440,164.900,0.050,5,5019.742,1587.381
29.450,164.911,0.050,5,5020.074,1588.118
29.460,164.922,0.050,5,5020.406,1588.856
29.470,164.933,0.050,5,5020.738,1589.593
29.480,164.944,0.050,5,5021.069,1590.330
29.490,164.955,0.050,5,5021.401,1591.068
29.500,164.966,0.050,5,5021.732,1591.805
29.510,164.976,0.050,5,5022.064,1592.543
29.520,164.987,0.050,5,5022.395,1593.280
29.530,164.998,0.050,5,5022.726,1594.018
29.540,165.009,0.050,5,5023.057,1594.755
29.550,165.020,0.049,5,5023.387,1595.493
29.560,165.031,0.049,5,5023.718,1596.231
29.570,165.042,0.049,5,5024.048,1596.969
29.580,165.052,0.049,5,5024.379,1597.706
29.590,165.063,0.049,5,5024.709,1598.444
29.600,165.074,0.049,5,5025.039,1599.182
29.610,165.085,0.049,5,5025.369,1599.920
29.620,165.096,0.049,5,5025.699,1600.658
29.630,165.107,0.049,5,5026.028,1601.396
29.640,165.117,0.049,5,5026.358,1602.134
29.650,165.128,0.049,5,5026.687,1602.873
29.660,165.139,0.049,5,5027.016,1603.611
29.670,165.150,0.049,5,5027.345,1604.349
29.680,165.161,0.049,5,5027.674,1605.087
29.690,165.172,0.049,5,5028.003,1605.826
29.700,165.182,0.049,5,5028.332,1606.564
29.710,165.193,0.049,5,5028.660,1607.303
29.720,165.204,0.049,5,5028.989,1608.041
29.730,165.215,0.049,5,5029.317,1608.780
29.740,165.225,0.049,5,5029.645,1609.518
29.750,165.236,0.049,5,5029.973,1610.257
29.760,165.247,0.049,5,5030.301,1610.996
29.770,165.258,0.049,5,5030.629,1611.734
29.780,165.269,0.049,5,5030.956,1612.473
29.790,165.279,0.049,5,5031.284,1613.212
29.800,165.290,0.049,5,5031.611,1613.951
29.810,165.301,0.049,5,5031.938,1614.690
29.820,165.312,0.049,5,5032.265,1615.429
29.830,165.322,0.049,5,5032.592,1616.168
29.840,165.333,0.049,5,5032.919,1616.907
29.850,165.344,0.049,5,5033.245,1617.646
29.860,165.354,0.049,5,5033.572,1618.385
29.870,165.365,0.049,5,5033.898,1619.124
29.880,165.376,0.049,5,5034.224,1619.864
29.890,165.387,0.049,5,5034.550,1620.603
29.900,165.397,0.049,5,5034.876,1621.342
29.910,165.408,0.049,5,5035.202,1622.082
29.920,165.419,0.049,5,5035.528,1622.821
29.930,165.429,0.049,5,5035.853,1623.561
29.940,165.440,0.049,5,5036.179,1624.300
29.950,165.451,0.049,5,5036.504,1625.040
29.960,165.461,0.049,5,5036.829,1625.780
29.970,165.472,0.049,5,5037.154,1626.519
29.980,165.483,0.049,5,5037.479,1627.259
29.990,165.493,0.049,5,5037.804,1627.999
30.000,165.504,0.049,5,5038.128,1628.739
30.010,165.515,0.049,5,5038.453,1629.479
30.020,165.525,0.049,5,5038.777,1630.218
30.030,165.536,0.049,5,5039.101,1630.958
30.040,165.547,0.048,5,5039.425,1631.698
30.050,165.557,0.048,5,5039.749,1632.439
30.060,165.568,0.048,5,5040.073,1633.179
30.070,165.579,0.048,5,5040.396,1633.919
30.080,165.589,0.048,5,5040.720,1634.659
30.090,165.600,0.048,5,5041.043,1635.399
30.100,165.611,0.048,5,5041.366,1636.140
30.110,165.621,0.048,5,5041.690,1636.880
30.120,165.632,0.048,5,5042.012,1637.620
30.130,165.642,0.048,5,5042.335,1638.361
30.140,165.653,0.048,5,5042.658,1639.101
30.150,165.664,0.048,5,5042.981,1639.842
30.160,165.674,0.048,5,5043.303,1640.583
30.170,165.685,0.048,5,5043.625,1641.323
30.180,165.695,0.048,5,5043.947,1642.064
30.190,165.706,0.048,5,5044.269,1642.805
30.200,165.716,0.048,5,5044.591,1643.545
30.210,165.727,0.048,5,5044.913,1644.286
30.220,165.738,0.048,5,5045.235,1645.027
30.230,165.748,0.048,5,5045.556,1645.768
30.240,165.759,0.048,5,5045.877,1646.509
30.250,165.769,0.048,5,5046.199,1647.250
30.260,165.780,0.048,5,5046.520,1647.991
30.270,165.790,0.048,5,5046.841,1648.732
30.280,165.801,0.048,5,5047.161,1649.474
30.290,165.811,0.048,5,5047.482,1650.215
30.300,165.822,0.048,5,5047.803,1650.956
30.310,165.832,0.048,5,5048.123,1651.697
30.320,165.843,0.048,5,5048.443,1652.439
30.330,165.854,0.048,5,5048.763,1653.180
30.340,165.864,0.048,5,5049.083,1653.922
30.350,165.875,0.048,5,5049.403,1654.663
30.360,165.885,0.048,5,5049.723,1655.405
30.370,165.896,0.048,5,5050.042,1656.146
30.380,165.906,0.048,5,5050.362,1656.888
30.390,165.917,0.048,5,5050.681,1657.630
30.400,165.927,0.048,5,5051.000,1658.371
30.410,165.937,0.048,5,5051.319,1659.113
30.420,165.948,0.048,5,5051.638,1659.855
30.430,165.958,0.048,5,5051.957,1660.597
30.440,165.969,0.048,5,5052.276,1661.339
30.450,165.979,0.048,5,5052.594,1662.081
30.460,165.990,0.048,5,5052.913,1662.823
30.470,166.000,0.048,5,5053.231,1663.565
30.480,166.011,0.048,5,5053.549,1664.307
30.490,166.021,0.048,5,5053.867,1665.049
30.500,166.032,0.048,5,5054.185,1665.791
30.510,166.042,0.048,5,5054.503,1666.533
30.520,166.052,0.048,5,5054.820,1667.276
30.530,166.063,0.048,5,5055.138,1668.018
30.540,166.073,0.047,5,5055.455,1668.760
30.550,166.084,0.047,5,5055.772,1669.503
30.560,166.094,0.047,5,5056.089,1670.245
30.570,166.105,0.047,5,5056.406,1670.988
30.580,166.115,0.047,5,5056.723,1671.731
30.590,166.125,0.047,5,5057.040,1672.473
30.600,166.136,0.047,5,5057.356,1673.216
30.610,166.146,0.047,5,5057.672,1673.959
30.620,166.157,0.047,5,5057.989,1674.701
30.630,166.167,0.047,5,5058.305,1675.444
30.640,166.177,0.047,5,5058.621,1676.187
30.650,166.188,0.047,5,5058.937,1676.930
30.660,166.198,0.047,5,5059.252,1677.673
30.670,166.208,0.047,5,5059.568,1678.416
30.680,166.219,0.047,5,5059.883,1679.159
30.690,166.229,0.047,5,5060.199,1679.902
30.700,166.240,0.047,5,5060.514,1680.645
30.710,166.250,0.047,5,5060.829,1681.388
30.720,166.260,0.047,5,5061.144,1682.131
30.730,166.271,0.047,5,5061.459,1682.875
30.740,166.281,0.047,5,5061.773,1683.618
30.750,166.291,0.047,5,5062.088,1684.361
30.760,166.302,0.047,5,5062.402,1685.105
30.770,166.312,0.047,5,5062.717,1685.848
30.780,166.322,0.047,5,5063.031,1686.592
30.790,166.333,0.047,5,5063.345,1687.335
30.800,166.343,0.047,5,5063.659,1688.079
30.810,166.353,0.047,5,5063.972,1688.823
30.820,166.363,0.047,5,5064.286,1689.566
30.830,166.374,0.047,5,5064.599,1690.310
30.840,166.384,0.047,5,5064.913,1691.054
30.850,166.394,0.047,5,5065.226,1691.798
30.860,166.405,0.047,5,5065.539,1692.541
30.870,166.415,0.047,5,5065.852,1693.285
30.880,166.425,0.047,5,5066.165,1694.029
30.890,166.435,0.047,5,5066.477,1694.773
30.900,166.446,0.047,5,5066.790,1695.517
30.910,166.456,0.047,5,5067.102,1696.261
30.920,166.466,0.047,5,5067.415,1697.006
30.930,166.476,0.047,5,5067.727,1697.750
30.940,166.487,0.047,5,5068.039,1698.494
30.950,166.497,0.047,5,5068.351,1699.238
30.960,166.507,0.047,5,5068.663,1699.983
30.970,166.517,0.047,5,5068.974,1700.727
30.980,166.528,0.047,5,5069.286,1701.471
30.990,166.538,0.047,5,5069.597,1702.216
31.000,166.548,0.047,5,5069.908,1702.960
31.010,166.558,0.047,5,5070.219,1703.705
31.020,166.569,0.047,5,5070.530,1704.450
31.030,166.579,0.047,5,5070.841,1705.194
31.040,166.589,0.046,5,5071.152,1705.939
31.050,166.599,0.046,5,5071.463,1706.684
31.060,166.609,0.046,5,5071.773,1707.428
31.070,166.620,0.046,5,5072.083,1708.173
31.080,166.630,0.046,5,5072.394,1708.918
31.090,166.640,0.046,5,5072.704,1709.663
31.100,166.650,0.046,5,5073.014,1710.408
31.110,166.660,0.046,5,5073.323,1711.153
31.120,166.670,0.046,5,5073.633,1711.898
31.130,166.681,0.046,5,5073.943,1712.643
31.140,166.691,0.046,5,5074.252,1713.388
31.150,166.701,0.046,5,5074.561,1714.134
31.160,166.711,0.046,5,5074.870,1714.879
31.170,166.721,0.046,5,5075.179,1715.624
31.180,166.731,0.046,5,5075.488,1716.369
31.190,166.742,0.046,5,5075.797,1717.115
31.200,166.752,0.046,5,5076.106,1717.860
31.210,166.762,0.046,5,5076.414,1718.606
31.220,166.772,0.046,5,5076.723,1719.351
31.230,166.782,0.046,5,5077.031,1720.097
31.240,166.792,0.046,5,5077.339,1720.842
31.250,166.802,0.046,5,5077.647,1721.588
31.260,166.812,0.046,5,5077.955,1722.334
31.270,166.823,0.046,5,5078.262,1723.080
31.280,166.833,0.046,5,5078.570,1723.825
31.290,166.843,0.046,5,5078.878,1724.571
31.300,166.853,0.046,5,5079.185,1725.317
31.310,166.863,0.046,5,5079.492,1726.063
31.320,166.873,0.046,5,5079.799,1726.809
31.330,166.883,0.046,5,5080.106,1727.555
31.340,166.893,0.046,5,5080.413,1728.301
31.350,166.903,0.046,5,5080.720,1729.047
31.360,166.913,0.046,5,5081.026,1729.793
31.370,166.923,0.046,5,5081.333,1730.539
31.380,166.933,0.046,5,5081.639,1731.286
31.390,166.944,0.046,5,5081.945,1732.032
31.400,166.954,0.046,5,5082.251,1732.778
31.410,166.964,0.046,5,5082.557,1733.525
31.420,166.974,0.046,5,5082.863,1734.271
31.430,166.984,0.046,5,5083.168,1735.017
31.440,166.994,0.046,5,5083.474,1735.764
31.450,167.004,0.046,5,5083.779,1736.511
31.460,167.014,0.046,5,5084.085,1737.257
31.470,167.024,0.046,5,5084.390,1738.004
31.480,167.034,0.046,5,5084.695,1738.750
31.490,167.044,0.046,5,5085.000,1739.497
31.500,167.054,0.046,5,5085.304,1740.244
31.510,167.064,0.046,5,5085.609,1740.991
31.520,167.074,0.046,5,5085.914,1741.738
31.530,167.084,0.046,5,5086.218,1742.485
31.540,167.094,0.046,5,5086.522,1743.232
31.550,167.104,0.046,5,5086.826,1743.979
31.560,167.114,0.045,5,5087.130,1744.726
31.570,167.124,0.045,5,5087.434,1745.473
31.580,167.134,0.045,5,5087.738,1746.220
31.590,167.144,0.045,5,5088.041,1746.967
31.600,167.154,0.045,5,5088.345,1747.714
31.610,167.164,0.045,5,5088.648,1748.461
31.620,167.174,0.045,5,5088.951,1749.209
31.630,167.184,0.045,5,5089.254,1749.956
31.640,167.194,0.045,5,5089.557,1750.703
31.650,167.204,0.045,5,5089.860,1751.451
31.660,167.214,0.045,5,5090.163,1752.198
31.670,167.223,0.045,5,5090.466,1752.946
31.680,167.233,0.045,5,5090.768,1753.694
31.690,167.243,0.045,5,5091.070,1754.441
31.700,167.253,0.045,5,5091.372,1755.189
31.710,167.263,0.045,5,5091.675,1755.937
31.720,167.273,0.045,5,5091.976,1756.684
31.730,167.283,0.045,5,5092.278,1757.432
31.740,167.293,0.045,5,5092.580,1758.180
31.750,167.303,0.045,5,5092.882,1758.928
31.760,167.313,0.045,5,5093.183,1759.676
31.770,167.323,0.045,5,5093.484,1760.424
31.780,167.333,0.045,5,5093.785,1761.172
31.790,167.342,0.045,5,5094.086,1761.920
31.800,167.352,0.045,5,5094.387,1762.668
31.810,167.362,0.045,5,5094.688,1763.416
31.820,167.372,0.045,5,5094.989,1764.164
31.830,167.382,0.045,5,5095.289,1764.912
31.840,167.392,0.045,5,5095.590,1765.661
31.850,167.402,0.045,5,5095.890,1766.409
31.860,167.412,0.045,5,5096.190,1767.157
31.870,167.421,0.045,5,5096.490,1767.906
31.880,167.431,0.045,5,5096.790,1768.654
31.890,167.441,0.045,5,5097.090,1769.403
31.900,167.451,0.045,5,5097.390,1770.151
31.910,167.461,0.045,5,5097.689,1770.900
31.920,167.471,0.045,5,5097.988,1771.649
31.930,167.480,0.045,5,5098.288,1772.397
31.940,167.490,0.045,5,5098.587,1773.146
31.950,167.500,0.045,5,5098.886,1773.895
31.960,167.510,0.045,5,5099.185,1774.644
31.970,167.520,0.045,5,5099.483,1775.392
31.980,167.530,0.045,5,5099.782,1776.141
31.990,167.539,0.045,5,5100.081,1776.890
32.000,167.549,0.045,5,5100.379,1777.639
32.010,167.559,0.045,5,5100.677,1778.388
32.020,167.569,0.045,5,5100.975,1779.137
32.030,167.578,0.045,5,5101.273,1779.887
32.040,167.588,0.045,5,5101.571,1780.636
32.050,167.598,0.045,5,5101.869,1781.385
32.060,167.608,0.045,5,5102.167,1782.134
32.070,167.618,0.045,5,5102.464,1782.883
32.080,167.627,0.044,5,5102.761,1783.633
32.090,167.637,0.044,5,5103.059,1784.382
32.100,167.647,0.044,5,5103.356,1785.132
32.110,167.657,0.044,5,5103.653,1785.881
32.120,167.666,0.044,5,5103.950,1786.631
32.130,167.676,0.044,5,5104.246,1787.380
32.140,167.686,0.044,5,5104.543,1788.130
32.150,167.696,0.044,5,5104.840,1788.879
32.160,167.705,0.044,5,5105.136,1789.629
32.170,167.715,0.044,5,5105.432,1790.379
32.180,167.725,0.044,5,5105.728,1791.129
32.190,167.735,0.044,5,5106.024,1791.878
32.200,167.744,0.044,5,5106.320,1792.628
32.210,167.754,0.044,5,5106.616,1793.378
32.220,167.764,0.044,5,5106.911,1794.128
32.230,167.773,0.044,5,5107.207,1794.878
32.240,167.783,0.044,5,5107.502,1795.628
32.250,167.793,0.044,5,5107.798,1796.378
32.260,167.803,0.044,5,5108.093,1797.128
32.270,167.812,0.044,5,5108.388,1797.879
32.280,167.822,0.044,5,5108.683,1798.629
32.290,167.832,0.044,5,5108.977,1799.379
32.300,167.841,0.044,5,5109.272,1800.129
32.310,167.851,0.044,5,5109.566,1800.880
32.320,167.861,0.044,5,5109.861,1801.630
32.330,167.870,0.044,5,5110.155,1802.380
32.340,167.880,0.044,5,5110.449,1803.131
32.350,167.890,0.044,5,5110.743,1803.881
32.360,167.899,0.044,5,5111.037,1804.632
32.370,167.909,0.044,5,5111.331,1805.383
32.380,167.919,0.044,5,5111.624,1806.133
32.390,167.928,0.044,5,5111.918,1806.884
32.400,167.938,0.044,5,5112.211,1807.635
32.410,167.947,0.044,5,5112.504,1808.385
32.420,167.957,0.044,5,5112.797,1809.136
32.430,167.967,0.044,5,5113.090,1809.887
32.440,167.976,0.044,5,5113.383,1810.638
32.450,167.986,0.044,5,5113.676,1811.389
32.460,167.996,0.044,5,5113.969,1812.140
32.470,168.005,0.044,5,5114.261,1812.891
32.480,168.015,0.044,5,5114.554,1813.642
32.490,168.024,0.044,5,5114.846,1814.393
32.500,168.034,0.044,5,5115.138,1815.144
32.510,168.044,0.044,5,5115.430,1815.895
32.520,168.053,0.044,5,5115.722,1816.647
32.530,168.063,0.044,5,5116.014,1817.398
32.540,168.072,0.044,5,5116.305,1818.149
32.550,168.082,0.044,5,5116.597,1818.901
32.560,168.091,0.044,5,5116.888,1819.652
32.570,168.101,0.044,5,5117.179,1820.404
32.580,168.111,0.044,5,5117.470,1821.155
32.590,168.120,0.044,5,5117.761,1821.907
32.600,168.130,0.044,5,5118.052,1822.658
32.610,168.139,0.044,5,5118.343,1823.410
32.620,168.149,0.043,5,5118.634,1824.161
32.630,168.158,0.043,5,5118.924,1824.913
32.640,168.168,0.043,5,5119.215,1825.665
32.650,168.177,0.043,5,5119.505,1826.417
32.660,168.187,0.043,5,5119.795,1827.169
32.670,168.196,0.043,5,5120.085,1827.920
32.680,168.206,0.043,5,5120.375,1828.672
32.690,168.216,0.043,5,5120.665,1829.424
32.700,168.225,0.043,5,5120.954,1830.176
32.710,168.235,0.043,5,5121.244,1830.928
32.720,168.244,0.043,5,5121.533,1831.680
32.730,168.254,0.043,5,5121.823,1832.433
32.740,168.263,0.043,5,5122.112,1833.185
32.750,168.273,0.043,5,5122.401,1833.937
32.760,168.282,0.043,5,5122.690,1834.689
32.770,168.292,0.043,5,5122.978,1835.442
32.780,168.301,0.043,5,5123.267,1836.194
32.790,168.310,0.043,5,5123.556,1836.946
32.800,168.320,0.043,5,5123.844,1837.699
32.810,168.329,0.043,5,5124.132,1838.451
32.820,168.339,0.043,5,5124.421,1839.204
32.830,168.348,0.043,5,5124.709,1839.956
32.840,168.358,0.043,5,5124.997,1840.709
32.850,168.367,0.043,5,5125.284,1841.462
32.860,168.377,0.043,5,5125.572,1842.214
32.870,168.386,0.043,5,5125.860,1842.967
32.880,168.396,0.043,5,5126.147,1843.720
32.890,168.405,0.043,5,5126.434,1844.473
32.900,168.414,0.043,5,5126.722,1845.225
32.910,168.424,0.043,5,5127.009,1845.978
32.920,168.433,0.043,5,5127.296,1846.731
32.930,168.443,0.043,5,5127.582,1847.484
32.940,168.452,0.043,5,5127.869,1848.237
32.950,168.462,0.043,5,5128.156,1848.990
32.960,168.471,0.043,5,5128.442,1849.743
32.970,168.480,0.043,5,5128.729,1850.497
32.980,168.490,0.043,5,5129.015,1851.250
32.990,168.499,0.043,5,5129.301,1852.003
33.000,168.509,0.043,5,5129.587,1852.756
33.010,168.518,0.043,5,5129.873,1853.510
33.020,168.527,0.043,5,5130.158,1854.263
33.030,168.537,0.043,5,5130.444,1855.016
33.040,168.546,0.043,5,5130.729,1855.770
33.050,168.556,0.043,5,5131.015,1856.523
33.060,168.565,0.043,5,5131.300,1857.277
33.070,168.574,0.043,5,5131.585,1858.030
33.080,168.584,0.043,5,5131.870,1858.784
33.090,168.593,0.043,5,5132.155,1859.538
33.100,168.602,0.043,5,5132.440,1860.291
33.110,168.612,0.043,5,5132.725,1861.045
33.120,168.621,0.043,5,5133.009,1861.799
33.130,168.630,0.043,5,5133.293,1862.553
33.140,168.640,0.043,5,5133.578,1863.307
33.150,168.649,0.043,5,5133.862,1864.061
33.160,168.658,0.043,5,5134.146,1864.814
33.170,168.668,0.042,5,5134.430,1865.568
33.180,168.677,0.042,5,5134.714,1866.323
33.190,168.686,0.042,5,5134.997,1867.077
33.200,168.696,0.042,5,5135.281,1867.831
33.210,168.705,0.042,5,5135.564,1868.585
33.220,168.714,0.042,5,5135.848,1869.339
33.230,168.724,0.042,5,5136.131,1870.093
33.240,168.733,0.042,5,5136.414,1870.848
33.250,168.742,0.042,5,5136.697,1871.602
33.260,168.751,0.042,5,5136.980,1872.356
33.270,168.761,0.042,5,5137.262,1873.111
33.280,168.770,0.042,5,5137.545,1873.865
33.290,168.779,0.042,5,5137.827,1874.620
33.300,168.789,0.042,5,5138.110,1875.374
33.310,168.798,0.042,5,5138.392,1876.129
33.320,168.807,0.042,5,5138.674,1876.883
33.330,168.816,0.042,5,5138.956,1877.638
33.340,168.826,0.042,5,5139.238,1878.393
33.350,168.835,0.042,5,5139.520,1879.147
33.360,168.844,0.042,5,5139.801,1879.902
33.370,168.853,0.042,5,5140.083,1880.657
33.380,168.863,0.042,5,5140.364,1881.412
33.390,168.872,0.042,5,5140.645,1882.167
33.400,168.881,0.042,5,5140.927,1882.922
33.410,168.890,0.042,5,5141.208,1883.677
33.420,168.900,0.042,5,5141.488,1884.432
33.430,168.909,0.042,5,5141.769,1885.187
33.440,168.918,0.042,5,5142.050,1885.942
33.450,168.927,0.042,5,5142.330,1886.697
33.460,168.936,0.042,5,5142.611,1887.452
33.470,168.946,0.042,5,5142.891,1888.207
33.480,168.955,0.042,5,5143.171,1888.963
33.490,168.964,0.042,5,5143.451,1889.718
33.500,168.973,0.042,5,5143.731,1890.473
33.510,168.982,0.042,5,5144.011,1891.229
33.520,168.992,0.042,5,5144.291,1891.984
33.530,169.001,0.042,5,5144.571,1892.740
33.540,169.010,0.042,5,5144.850,1893.495
33.550,169.019,0.042,5,5145.129,1894.251
33.560,169.028,0.042,5,5145.409,1895.006
33.570,169.038,0.042,5,5145.688,1895.762
33.580,169.047,0.042,5,5145.967,1896.518
33.590,169.056,0.042,5,5146.246,1897.273
33.600,169.065,0.042,5,5146.524,1898.029
33.610,169.074,0.042,5,5146.803,1898.785
33.620,169.083,0.042,5,5147.081,1899.541
33.630,169.092,0.042,5,5147.360,1900.297
33.640,169.102,0.042,5,5147.638,1901.053
33.650,169.111,0.042,5,5147.916,1901.809
33.660,169.120,0.042,5,5148.194,1902.565
33.670,169.129,0.042,5,5148.472,1903.321
33.680,169.138,0.042,5,5148.750,1904.077
33.690,169.147,0.042,5,5149.028,1904.833
33.700,169.156,0.042,5,5149.305,1905.589
33.710,169.165,0.042,5,5149.583,1906.345
33.720,169.175,0.041,5,5149.860,1907.102
33.730,169.184,0.041,5,5150.137,1907.858
33.740,169.193,0.041,5,5150.414,1908.614
33.750,169.202,0.041,5,5150.691,1909.371
33.760,169.211,0.041,5,5150.968,1910.127
33.770,169.220,0.041,5,5151.245,1910.884
33.780,169.229,0.041,5,5151.522,1911.640
33.790,169.238,0.041,5,5151.798,1912.397
33.800,169.247,0.041,5,5152.074,1913.153
33.810,169.256,0.041,5,5152.351,1913.910
33.820,169.265,0.041,5,5152.627,1914.666
33.830,169.275,0.041,5,5152.903,1915.423
33.840,169.284,0.041,5,5153.179,1916.180
33.850,169.293,0.041,5,5153.455,1916.937
33.860,169.302,0.041,5,5153.730,1917.693
33.870,169.311,0.041,5,5154.006,1918.450
33.880,169.320,0.041,5,5154.281,1919.207
33.890,169.329,0.041,5,5154.557,1919.964
33.900,169.338,0.041,5,5154.832,1920.721
33.910,169.347,0.041,5,5155.107,1921.478
33.920,169.356,0.041,5,5155.382,1922.235
33.930,169.365,0.041,5,5155.657,1922.992
33.940,169.374,0.041,5,5155.931,1923.750
33.950,169.383,0.041,5,5156.206,1924.507
33.960,169.392,0.041,5,5156.480,1925.264
33.970,169.401,0.041,5,5156.755,1926.021
33.980,169.410,0.041,5,5157.029,1926.779
33.990,169.419,0.041,5,5157.303,1927.536
34.000,169.428,0.041,5,5157.577,1928.293
34.010,169.437,0.041,5,5157.851,1929.051
34.020,169.446,0.041,5,5158.125,1929.808
34.030,169.455,0.041,5,5158.399,1930.566
34.040,169.464,0.041,5,5158.672,1931.323
34.050,169.473,0.041,5,5158.946,1932.081
34.060,169.482,0.041,5,5159.219,1932.838
34.070,169.491,0.041,5,5159.492,1933.596
34.080,169.500,0.041,5,5159.765,1934.354
34.090,169.509,0.041,5,5160.038,1935.112
34.100,169.518,0.041,5,5160.311,1935.869
34.110,169.527,0.041,5,5160.584,1936.627
34.120,169.536,0.041,5,5160.856,1937.385
34.130,169.545,0.041,5,5161.129,1938.143
34.140,169.554,0.041,5,5161.401,1938.901
34.150,169.563,0.041,5,5161.674,1939.659
34.160,169.572,0.041,5,5161.946,1940.417
34.170,169.581,0.041,5,5162.218,1941.175
34.180,169.589,0.041,5,5162.490,1941.933
34.190,169.598,0.041,5,5162.762,1942.691
34.200,169.607,0.041,5,5163.033,1943.450
34.210,169.616,0.041,5,5163.305,1944.208
34.220,169.625,0.041,5,5163.576,1944.966
34.230,169.634,0.041,5,5163.848,1945.724
34.240,169.643,0.041,5,5164.119,1946.483
34.250,169.652,0.041,5,5164.390,1947.241
34.260,169.661,0.041,5,5164.661,1947.999
34.270,169.670,0.041,5,5164.932,1948.758
34.280,169.679,0.041,5,5165.203,1949.516
34.290,169.687,0.040,5,5165.473,1950.275
34.300,169.696,0.040,5,5165.744,1951.034
34.310,169.705,0.040,5,5166.014,1951.792
34.320,169.714,0.040,5,5166.284,1952.551
34.330,169.723,0.040,5,5166.555,1953.310
34.340,169.732,0.040,5,5166.825,1954.068
34.350,169.741,0.040,5,5167.095,1954.827
34.360,169.750,0.040,5,5167.364,1955.586
34.370,169.758,0.040,5,5167.634,1956.345
34.380,169.767,0.040,5,5167.904,1957.104
34.390,169.776,0.040,5,5168.173,1957.863
34.400,169.785,0.040,5,5168.443,1958.622
34.410,169.794,0.040,5,5168.712,1959.381
34.420,169.803,0.040,5,5168.981,1960.140
34.430,169.812,0.040,5,5169.250,1960.899
34.440,169.820,0.040,5,5169.519,1961.658
34.450,169.829,0.040,5,5169.788,1962.417
34.460,169.838,0.040,5,5170.056,1963.176
34.470,169.847,0.040,5,5170.325,1963.936
34.480,169.856,0.040,5,5170.593,1964.695
34.490,169.864,0.040,5,5170.862,1965.454
34.500,169.873,0.040,5,5171.130,1966.214
34.510,169.882,0.040,5,5171.398,1966.973
34.520,169.891,0.040,5,5171.666,1967.733
34.530,169.900,0.040,5,5171.934,1968.492
34.540,169.909,0.040,5,5172.202,1969.252
34.550,169.917,0.040,5,5172.469,1970.011
34.560,169.926,0.040,5,5172.737,1970.771
34.570,169.935,0.040,5,5173.004,1971.530
34.580,169.944,0.040,5,5173.272,1972.290
34.590,169.952,0.040,5,5173.539,1973.050
34.600,169.961,0.040,5,5173.806,1973.810
34.610,169.970,0.040,5,5174.073,1974.570
34.620,169.979,0.040,5,5174.340,1975.329
34.630,169.988,0.040,5,5174.606,1976.089
34.640,169.996,0.040,5,5174.873,1976.849
34.650,170.005,0.040,5,5175.139,1977.609
34.660,170.014,0.040,5,5175.406,1978.369
34.670,170.023,0.040,5,5175.672,1979.129
34.680,170.031,0.040,5,5175.938,1979.889
34.690,170.040,0.040,5,5176.204,1980.649
34.700,170.049,0.040,5,5176.470,1981.410
34.710,170.057,0.040,5,5176.736,1982.170
34.720,170.066,0.040,5,5177.002,1982.930
34.730,170.075,0.040,5,5177.267,1983.690
34.740,170.084,0.040,5,5177.533,1984.451
34.750,170.092,0.040,5,5177.798,1985.211
34.760,170.101,0.040,5,5178.063,1985.971
34.770,170.110,0.040,5,5178.328,1986.732
34.780,170.118,0.040,5,5178.593,1987.492
34.790,170.127,0.040,5,5178.858,1988.253
34.800,170.136,0.040,5,5179.123,1989.013
34.810,170.145,0.040,5,5179.388,1989.774
34.820,170.153,0.040,5,5179.652,1990.535
34.830,170.162,0.040,5,5179.917,1991.295
34.840,170.171,0.040,5,5180.181,1992.056
34.850,170.179,0.040,5,5180.445,1992.817
34.860,170.188,0.040,5,5180.709,1993.578
34.870,170.197,0.040,5,5180.973,1994.338
34.880,170.205,0.039,5,5181.237,1995.099
34.890,170.214,0.039,5,5181.501,1995.860
34.900,170.223,0.039,5,5181.765,1996.621
34.910,170.231,0.039,5,5182.028,1997.382
34.920,170.240,0.039,5,5182.292,1998.143
34.930,170.249,0.039,5,5182.555,1998.904
34.940,170.257,0.039,5,5182.818,1999.665
34.950,170.266,0.039,5,5183.081,2000.426
34.960,170.275,0.039,5,5183.344,2001.188
34.970,170.283,0.039,5,5183.607,2001.949
34.980,170.292,0.039,5,5183.870,2002.710
34.990,170.300,0.039,5,5184.132,2003.471
35.000,170.309,0.039,5,5184.395,2004.233
35.010,170.318,0.039,5,5184.657,2004.994
35.020,170.326,0.039,5,5184.920,2005.755
35.030,170.335,0.039,5,5185.182,2006.517
35.040,170.344,0.039,5,5185.444,2007.278
35.050,170.352,0.039,5,5185.706,2008.040
35.060,170.361,0.039,5,5185.968,2008.801
35.070,170.369,0.039,5,5186.229,2009.563
35.080,170.378,0.039,5,5186.491,2010.325
35.090,170.387,0.039,5,5186.752,2011.086
35.100,170.395,0.039,5,5187.014,2011.848
35.110,170.404,0.039,5,5187.275,2012.610
35.120,170.412,0.039,5,5187.536,2013.372
35.130,170.421,0.039,5,5187.797,2014.133
35.140,170.429,0.039,5,5188.058,2014.895
35.150,170.438,0.039,5,5188.319,2015.657
35.160,170.447,0.039,5,5188.580,2016.419
35.170,170.455,0.039,5,5188.840,2017.181
35.180,170.464,0.039,5,5189.101,2017.943
35.190,170.472,0.039,5,5189.361,2018.705
35.200,170.481,0.039,5,5189.622,2019.467
35.210,170.489,0.039,5,5189.882,2020.229
35.220,170.498,0.039,5,5190.142,2020.992
35.230,170.506,0.039,5,5190.402,2021.754
35.240,170.515,0.039,5,5190.661,2022.516
35.250,170.523,0.039,5,5190.921,2023.278
35.260,170.532,0.039,5,5191.181,2024.041
35.270,170.541,0.039,5,5191.440,2024.803
35.280,170.549,0.039,5,5191.700,2025.565
35.290,170.558,0.039,5,5191.959,2026.328
35.300,170.566,0.039,5,5192.218,2027.090
35.310,170.575,0.039,5,5192.477,2027.853
35.320,170.583,0.039,5,5192.736,2028.615
35.330,170.592,0.039,5,5192.995,2029.378
35.340,170.600,0.039,5,5193.253,2030.141
35.350,170.609,0.039,5,5193.512,2030.903
35.360,170.617,0.039,5,5193.771,2031.666
35.370,170.626,0.039,5,5194.029,2032.429
35.380,170.634,0.039,5,5194.287,2033.192
35.390,170.643,0.039,5,5194.545,2033.954
35.400,170.651,0.039,5,5194.803,2034.717
35.410,170.659,0.039,5,5195.061,2035.480
35.420,170.668,0.039,5,5195.319,2036.243
35.430,170.676,0.039,5,5195.577,2037.006
35.440,170.685,0.039,5,5195.834,2037.769
35.450,170.693,0.039,5,5196.092,2038.532
35.460,170.702,0.039,5,5196.349,2039.295
35.470,170.710,0.038,5,5196.606,2040.058
35.480,170.719,0.038,5,5196.864,2040.821
35.490,170.727,0.038,5,5197.121,2041.585
35.500,170.736,0.038,5,5197.378,2042.348
35.510,170.744,0.038,5,5197.634,2043.111
35.520,170.752,0.038,5,5197.891,2043.874
35.530,170.761,0.038,5,5198.148,2044.638
35.540,170.769,0.038,5,5198.404,2045.401
35.550,170.778,0.038,5,5198.660,2046.165
35.560,170.786,0.038,5,5198.917,2046.928
35.570,170.795,0.038,5,5199.173,2047.692
35.580,170.803,0.038,5,5199.429,2048.455
35.590,170.811,0.038,5,5199.685,2049.219
35.600,170.820,0.038,5,5199.941,2049.982
35.610,170.828,0.038,5,5200.196,2050.746
35.620,170.837,0.038,5,5200.452,2051.510
35.630,170.845,0.038,5,5200.707,2052.273
35.640,170.853,0.038,5,5200.963,2053.037
35.650,170.862,0.038,5,5201.218,2053.801
35.660,170.870,0.038,5,5201.473,2054.565
35.670,170.878,0.038,5,5201.728,2055.329
35.680,170.887,0.038,5,5201.983,2056.093
35.690,170.895,0.038,5,5202.238,2056.857
35.700,170.904,0.038,5,5202.493,2057.620
35.710,170.912,0.038,5,5202.747,2058.385
35.720,170.920,0.038,5,5203.002,2059.149
35.730,170.929,0.038,5,5203.256,2059.913
35.740,170.937,0.038,5,5203.510,2060.677
35.750,170.945,0.038,5,5203.765,2061.441
35.760,170.954,0.038,5,5204.019,2062.205
35.770,170.962,0.038,5,5204.273,2062.969
35.780,170.970,0.038,5,5204.526,2063.734
35.790,170.979,0.038,5,5204.780,2064.498
35.800,170.987,0.038,5,5205.034,2065.262
35.810,170.995,0.038,5,5205.287,2066.027
35.820,171.004,0.038,5,5205.541,2066.791
35.830,171.012,0.038,5,5205.794,2067.556
35.840,171.020,0.038,5,5206.047,2068.320
35.850,171.029,0.038,5,5206.300,2069.085
35.860,171.037,0.038,5,5206.553,2069.849
35.870,171.045,0.038,5,5206.806,2070.614
35.880,171.054,0.038,5,5207.059,2071.379
35.890,171.062,0.038,5,5207.311,2072.143
35.900,171.070,0.038,5,5207.564,2072.908
35.910,171.078,0.038,5,5207.816,2073.673
35.920,171.087,0.038,5,5208.069,2074.438
35.930,171.095,0.038,5,5208.321,2075.202
35.940,171.103,0.038,5,5208.573,2075.967
35.950,171.112,0.038,5,5208.825,2076.732
35.960,171.120,0.038,5,5209.077,2077.497
35.970,171.128,0.038,5,5209.328,2078.262
35.980,171.136,0.038,5,5209.580,2079.027
35.990,171.145,0.038,5,5209.832,2079.792
36.000,171.153,0.038,5,5210.083,2080.557
36.010,171.161,0.038,5,5210.334,2081.323
36.020,171.169,0.038,5,5210.586,2082.088
36.030,171.178,0.038,5,5210.837,2082.853
36.040,171.186,0.038,5,5211.088,2083.618
36.050,171.194,0.038,5,5211.339,2084.383
36.060,171.202,0.038,5,5211.589,2085.149
36.070,171.211,0.038,5,5211.840,2085.914
36.080,171.219,0.037,5,5212.091,2086.680
36.090,171.227,0.037,5,5212.341,2087.445
36.100,171.235,0.037,5,5212.591,2088.210
36.110,171.244,0.037,5,5212.842,2088.976
36.120,171.252,0.037,5,5213.092,2089.742
36.130,171.260,0.037,5,5213.342,2090.507
36.140,171.268,0.037,5,5213.592,2091.273
36.150,171.276,0.037,5,5213.842,2092.038
36.160,171.285,0.037,5,5214.091,2092.804
36.170,171.293,0.037,5,5214.341,2093.570
36.180,171.301,0.037,5,5214.590,2094.336
36.190,171.309,0.037,5,5214.840,2095.101
36.200,171.317,0.037,5,5215.089,2095.867
36.210,171.326,0.037,5,5215.338,2096.633
36.220,171.334,0.037,5,5215.587,2097.399
36.230,171.342,0.037,5,5215.836,2098.165
36.240,171.350,0.037,5,5216.085,2098.931
36.250,171.358,0.037,5,5216.334,2099.697
36.260,171.366,0.037,5,5216.582,2100.463
36.270,171.375,0.037,5,5216.831,2101.229
36.280,171.383,0.037,5,5217.079,2101.995
36.290,171.391,0.037,5,5217.327,2102.761
36.300,171.399,0.037,5,5217.576,2103.528
36.310,171.407,0.037,5,5217.824,2104.294
36.320,171.415,0.037,5,5218.072,2105.060
36.330,171.423,0.037,5,5218.320,2105.826
36.340,171.432,0.037,5,5218.567,2106.593
36.350,171.440,0.037,5,5218.815,2107.359
36.360,171.448,0.037,5,5219.063,2108.126
36.370,171.456,0.037,5,5219.310,2108.892
36.380,171.464,0.037,5,5219.557,2109.659
36.390,171.472,0.037,5,5219.805,2110.425
36.400,171.480,0.037,5,5220.052,2111.192
36.410,171.489,0.037,5,5220.299,2111.958
36.420,171.497,0.037,5,5220.546,2112.725
36.430,171.505,0.037,5,5220.792,2113.492
36.440,171.513,0.037,5,5221.039,2114.258
36.450,171.521,0.037,5,5221.286,2115.025
36.460,171.529,0.037,5,5221.532,2115.792
36.470,171.537,0.037,5,5221.778,2116.559
36.480,171.545,0.037,5,5222.025,2117.325
36.490,171.553,0.037,5,5222.271,2118.092
36.500,171.561,0.037,5,5222.517,2118.859
36.510,171.569,0.037,5,5222.763,2119.626
36.520,171.578,0.037,5,5223.009,2120.393
36.530,171.586,0.037,5,5223.254,2121.160
36.540,171.594,0.037,5,5223.500,2121.927
36.550,171.602,0.037,5,5223.746,2122.694
36.560,171.610,0.037,5,5223.991,2123.462
36.570,171.618,0.037,5,5224.236,2124.229
36.580,171.626,0.037,5,5224.481,2124.996
36.590,171.634,0.037,5,5224.727,2125.763
36.600,171.642,0.037,5,5224.972,2126.531
36.610,171.650,0.037,5,5225.216,2127.298
36.620,171.658,0.037,5,5225.461,2128.065
36.630,171.666,0.037,5,5225.706,2128.833
36.640,171.674,0.037,5,5225.950,2129.600
36.650,171.682,0.037,5,5226.195,2130.368
36.660,171.690,0.037,5,5226.439,2131.135
36.670,171.698,0.037,5,5226.683,2131.903
36.680,171.706,0.037,5,5226.928,2132.670
36.690,171.714,0.037,5,5227.172,2133.438
36.700,171.722,0.036,5,5227.416,2134.205
36.710,171.730,0.036,5,5227.659,2134.973
36.720,171.738,0.036,5,5227.903,2135.741
36.730,171.746,0.036,5,5228.147,2136.509
36.740,171.754,0.036,5,5228.390,2137.276
36.750,171.762,0.036,5,5228.634,2138.044
36.760,171.770,0.036,5,5228.877,2138.812
36.770,171.778,0.036,5,5229.120,2139.580
36.780,171.786,0.036,5,5229.363,2140.348
36.790,171.794,0.036,5,5229.606,2141.116
36.800,171.802,0.036,5,5229.849,2141.884
36.810,171.810,0.036,5,5230.092,2142.652
36.820,171.818,0.036,5,5230.334,2143.420
36.830,171.826,0.036,5,5230.577,2144.188
36.840,171.834,0.036,5,5230.819,2144.956
36.850,171.842,0.036,5,5231.062,2145.724
36.860,171.850,0.036,5,5231.304,2146.493
36.870,171.858,0.036,5,5231.546,2147.261
36.880,171.866,0.036,5,5231.788,2148.029
36.890,171.874,0.036,5,5232.030,2148.798
36.900,171.882,0.036,5,5232.272,2149.566
36.910,171.890,0.036,5,5232.514,2150.334
36.920,171.898,0.036,5,5232.755,2151.103
36.930,171.906,0.036,5,5232.997,2151.871
36.940,171.914,0.036,5,5233.238,2152.640
36.950,171.922,0.036,5,5233.479,2153.408
36.960,171.929,0.036,5,5233.721,2154.177
36.970,171.937,0.036,5,5233.962,2154.945
36.980,171.945,0.036,5,5234.203,2155.714
36.990,171.953,0.036,5,5234.443,2156.483
37.000,171.961,0.036,5,5234.684,2157.251
37.010,171.969,0.036,5,5234.925,2158.020
37.020,171.977,0.036,5,5235.165,2158.789
37.030,171.985,0.036,5,5235.406,2159.558
37.040,171.993,0.036,5,5235.646,2160.327
37.050,172.001,0.036,5,5235.886,2161.096
37.060,172.008,0.036,5,5236.127,2161.864
37.070,172.016,0.036,5,5236.367,2162.633
37.080,172.024,0.036,5,5236.607,2163.402
37.090,172.032,0.036,5,5236.846,2164.171
37.100,172.040,0.036,5,5237.086,2164.941
37.110,172.048,0.036,5,5237.326,2165.710
37.120,172.056,0.036,5,5237.565,2166.479
37.130,172.064,0.036,5,5237.805,2167.248
37.140,172.071,0.036,5,5238.044,2168.017
37.150,172.079,0.036,5,5238.283,2168.786
37.160,172.087,0.036,5,5238.522,2169.556
37.170,172.095,0.036,5,5238.761,2170.325
37.180,172.103,0.036,5,5239.000,2171.094
37.190,172.111,0.036,5,5239.239,2171.864
37.200,172.119,0.036,5,5239.478,2172.633
37.210,172.126,0.036,5,5239.716,2173.403
37.220,172.134,0.036,5,5239.955,2174.172
37.230,172.142,0.036,5,5240.193,2174.942
37.240,172.150,0.036,5,5240.431,2175.711
37.250,172.158,0.036,5,5240.669,2176.481
37.260,172.166,0.036,5,5240.908,2177.250
37.270,172.173,0.036,5,5241.146,2178.020
37.280,172.181,0.036,5,5241.383,2178.790
37.290,172.189,0.036,5,5241.621,2179.560
37.300,172.197,0.036,5,5241.859,2180.329
37.310,172.205,0.036,5,5242.096,2181.099
37.320,172.212,0.036,5,5242.334,2181.869
37.330,172.220,0.036,5,5242.571,2182.639
37.340,172.228,0.035,5,5242.808,2183.409
37.350,172.236,0.035,5,5243.045,2184.179
37.360,172.244,0.035,5,5243.282,2184.949
37.370,172.251,0.035,5,5243.519,2185.719
37.380,172.259,0.035,5,5243.756,2186.489
37.390,172.267,0.035,5,5243.993,2187.259
37.400,172.275,0.035,5,5244.230,2188.029
37.410,172.282,0.035,5,5244.466,2188.799
37.420,172.290,0.035,5,5244.702,2189.569
37.430,172.298,0.035,5,5244.939,2190.339
37.440,172.306,0.035,5,5245.175,2191.110
37.450,172.313,0.035,5,5245.411,2191.880
37.460,172.321,0.035,5,5245.647,2192.650
37.470,172.329,0.035,5,5245.883,2193.421
37.480,172.337,0.035,5,5246.119,2194.191
37.490,172.344,0.035,5,5246.354,2194.962
37.500,172.352,0.035,5,5246.590,2195.732
37.510,172.360,0.035,5,5246.826,2196.502
37.520,172.368,0.035,5,5247.061,2197.273
37.530,172.375,0.035,5,5247.296,2198.044
37.540,172.383,0.035,5,5247.531,2198.814
37.550,172.391,0.035,5,5247.766,2199.585
37.560,172.399,0.035,5,5248.001,2200.356
37.570,172.406,0.035,5,5248.236,2201.126
37.580,172.414,0.035,5,5248.471,2201.897
37.590,172.422,0.035,5,5248.706,2202.668
37.600,172.429,0.035,5,5248.940,2203.439
37.610,172.437,0.035,5,5249.175,2204.209
37.620,172.445,0.035,5,5249.409,2204.980
37.630,172.452,0.035,5,5249.643,2205.751
37.640,172.460,0.035,5,5249.877,2206.522
37.650,172.468,0.035,5,5250.112,2207.293
37.660,172.476,0.035,5,5250.345,2208.064
37.670,172.483,0.035,5,5250.579,2208.835
37.680,172.491,0.035,5,5250.813,2209.606
37.690,172.499,0.035,5,5251.047,2210.377
37.700,172.506,0.035,5,5251.280,2211.149
37.710,172.514,0.035,5,5251.514,2211.920
37.720,172.522,0.035,5,5251.747,2212.691
37.730,172.529,0.035,5,5251.980,2213.462
37.740,172.537,0.035,5,5252.213,2214.233
37.750,172.545,0.035,5,5252.446,2215.005
37.760,172.552,0.035,5,5252.679,2215.776
37.770,172.560,0.035,5,5252.912,2216.548
37.780,172.568,0.035,5,5253.145,2217.319
37.790,172.575,0.035,5,5253.378,2218.090
37.800,172.583,0.035,5,5253.610,2218.862
37.810,172.590,0.035,5,5253.843,2219.633
37.820,172.598,0.035,5,5254.075,2220.405
37.830,172.606,0.035,5,5254.307,2221.177
37.840,172.613,0.035,5,5254.539,2221.948
37.850,172.621,0.035,5,5254.771,2222.720
37.860,172.629,0.035,5,5255.003,2223.492
37.870,172.636,0.035,5,5255.235,2224.263
37.880,172.644,0.035,5,5255.467,2225.035
37.890,172.651,0.035,5,5255.698,2225.807
37.900,172.659,0.035,5,5255.930,2226.579
37.910,172.667,0.035,5,5256.161,2227.351
37.920,172.674,0.035,5,5256.393,2228.123
37.930,172.682,0.035,5,5256.624,2228.895
37.940,172.689,0.035,5,5256.855,2229.666
37.950,172.697,0.035,5,5257.086,2230.438
37.960,172.705,0.035,5,5257.317,2231.211
37.970,172.712,0.035,5,5257.548,2231.983
37.980,172.720,0.035,5,5257.778,2232.755
37.990,172.727,0.035,5,5258.009,2233.527
38.000,172.735,0.034,5,5258.239,2234.299
38.010,172.742,0.034,5,5258.470,2235.071
38.020,172.750,0.034,5,5258.700,2235.843
38.030,172.758,0.034,5,5258.930,2236.616
38.040,172.765,0.034,5,5259.160,2237.388
38.050,172.773,0.034,5,5259.390,2238.160
38.060,172.780,0.034,5,5259.620,2238.933
38.070,172.788,0.034,5,5259.850,2239.705
38.080,172.795,0.034,5,5260.080,2240.478
38.090,172.803,0.034,5,5260.309,2241.250
38.100,172.810,0.034,5,5260.539,2242.023
38.110,172.818,0.034,5,5260.768,2242.795
38.120,172.825,0.034,5,5260.998,2243.568
38.130,172.833,0.034,5,5261.227,2244.340
38.140,172.841,0.034,5,5261.456,2245.113
38.150,172.848,0.034,5,5261.685,2245.886
38.160,172.856,0.034,5,5261.914,2246.658
38.170,172.863,0.034,5,5262.143,2247.431
38.180,172.871,0.034,5,5262.371,2248.204
38.190,172.878,0.034,5,5262.600,2248.977
38.200,172.886,0.034,5,5262.828,2249.750
38.210,172.893,0.034,5,5263.057,2250.523
38.220,172.901,0.034,5,5263.285,2251.295
38.230,172.908,0.034,5,5263.513,2252.068
38.240,172.916,0.034,5,5263.742,2252.841
38.250,172.923,0.034,5,5263.970,2253.614
38.260,172.931,0.034,5,5264.197,2254.387
38.270,172.938,0.034,5,5264.425,2255.161
38.280,172.946,0.034,5,5264.653,2255.934
38.290,172.953,0.034,5,5264.881,2256.707
38.300,172.961,0.034,5,5265.108,2257.480
38.310,172.968,0.034,5,5265.335,2258.253
38.320,172.975,0.034,5,5265.563,2259.026
38.330,172.983,0.034,5,5265.790,2259.800
38.340,172.990,0.034,5,5266.017,2260.573
38.350,172.998,0.034,5,5266.244,2261.346
38.360,173.005,0.034,5,5266.471,2262.120
38.370,173.013,0.034,5,5266.698,2262.893
38.380,173.020,0.034,5,5266.925,2263.667
38.390,173.028,0.034,5,5267.151,2264.440
38.400,173.035,0.034,5,5267.378,2265.214
38.410,173.043,0.034,5,5267.604,2265.987
38.420,173.050,0.034,5,5267.830,2266.761
38.430,173.057,0.034,5,5268.057,2267.534
38.440,173.065,0.034,5,5268.283,2268.308
38.450,173.072,0.034,5,5268.509,2269.082
38.460,173.080,0.034,5,5268.735,2269.855
38.470,173.087,0.034,5,5268.960,2270.629
38.480,173.094,0.034,5,5269.186,2271.403
38.490,173.102,0.034,5,5269.412,2272.177
38.500,173.109,0.034,5,5269.637,2272.951
38.510,173.117,0.034,5,5269.863,2273.725
38.520,173.124,0.034,5,5270.088,2274.498
38.530,173.132,0.034,5,5270.313,2275.272
38.540,173.139,0.034,5,5270.538,2276.046
38.550,173.146,0.034,5,5270.764,2276.820
38.560,173.154,0.034,5,5270.988,2277.594
38.570,173.161,0.034,5,5271.213,2278.369
38.580,173.168,0.034,5,5271.438,2279.143
38.590,173.176,0.034,5,5271.663,2279.917
38.600,173.183,0.034,5,5271.887,2280.691
38.610,173.191,0.034,5,5272.112,2281.465
38.620,173.198,0.034,5,5272.336,2282.239
38.630,173.205,0.034,5,5272.560,2283.014
38.640,173.213,0.034,5,5272.784,2283.788
38.650,173.220,0.034,5,5273.008,2284.562
38.660,173.227,0.034,5,5273.232,2285.337
38.670,173.235,0.033,5,5273.456,2286.111
38.680,173.242,0.033,5,5273.680,2286.886
38.690,173.249,0.033,5,5273.904,2287.660
38.700,173.257,0.033,5,5274.127,2288.435
38.710,173.264,0.033,5,5274.351,2289.209
38.720,173.271,0.033,5,5274.574,2289.984
38.730,173.279,0.033,5,5274.797,2290.758
38.740,173.286,0.033,5,5275.021,2291.533
38.750,173.293,0.033,5,5275.244,2292.308
38.760,173.301,0.033,5,5275.467,2293.082
38.770,173.308,0.033,5,5275.689,2293.857
38.780,173.315,0.033,5,5275.912,2294.632
38.790,173.323,0.033,5,5276.135,2295.407
38.800,173.330,0.033,5,5276.357,2296.181
38.810,173.337,0.033,5,5276.580,2296.956
38.820,173.345,0.033,5,5276.802,2297.731
38.830,173.352,0.033,5,5277.025,2298.506
38.840,173.359,0.033,5,5277.247,2299.281
38.850,173.367,0.033,5,5277.469,2300.056
38.860,173.374,0.033,5,5277.691,2300.831
38.870,173.381,0.033,5,5277.913,2301.606
38.880,173.388,0.033,5,5278.135,2302.381
38.890,173.396,0.033,5,5278.356,2303.156
38.900,173.403,0.033,5,5278.578,2303.932
38.910,173.410,0.033,5,5278.799,2304.707
38.920,173.418,0.033,5,5279.021,2305.482
38.930,173.425,0.033,5,5279.242,2306.257
38.940,173.432,0.033,5,5279.463,2307.033
38.950,173.439,0.033,5,5279.685,2307.808
38.960,173.447,0.033,5,5279.906,2308.583
38.970,173.454,0.033,5,5280.127,2309.359
38.980,173.461,0.033,5,5280.347,2310.134
38.990,173.468,0.033,5,5280.568,2310.910
39.000,173.476,0.033,5,5280.789,2311.685
39.010,173.483,0.033,5,5281.009,2312.461
39.020,173.490,0.033,5,5281.230,2313.236
39.030,173.497,0.033,5,5281.450,2314.012
39.040,173.505,0.033,5,5281.670,2314.787
39.050,173.512,0.033,5,5281.891,2315.563
39.060,173.519,0.033,5,5282.111,2316.339
39.070,173.526,0.033,5,5282.331,2317.114
39.080,173.534,0.033,5,5282.550,2317.890
39.090,173.541,0.033,5,5282.770,2318.666
39.100,173.548,0.033,5,5282.990,2319.442
39.110,173.555,0.033,5,5283.209,2320.218
39.120,173.562,0.033,5,5283.429,2320.993
39.130,173.570,0.033,5,5283.648,2321.769
39.140,173.577,0.033,5,5283.868,2322.545
39.150,173.584,0.033,5,5284.087,2323.321
39.160,173.591,0.033,5,5284.306,2324.097
39.170,173.598,0.033,5,5284.525,2324.873
39.180,173.606,0.033,5,5284.744,2325.649
39.190,173.613,0.033,5,5284.963,2326.425
39.200,173.620,0.033,5,5285.181,2327.202
39.210,173.627,0.033,5,5285.400,2327.978
39.220,173.634,0.033,5,5285.619,2328.754
39.230,173.641,0.033,5,5285.837,2329.530
39.240,173.649,0.033,5,5286.055,2330.306
39.250,173.656,0.033,5,5286.274,2331.083
39.260,173.663,0.033,5,5286.492,2331.859
39.270,173.670,0.033,5,5286.710,2332.635
39.280,173.677,0.033,5,5286.928,2333.412
39.290,173.684,0.033,5,5287.146,2334.188
39.300,173.692,0.033,5,5287.363,2334.965
39.310,173.699,0.033,5,5287.581,2335.741
39.320,173.706,0.033,5,5287.799,2336.518
39.330,173.713,0.033,5,5288.016,2337.294
39.340,173.720,0.033,5,5288.233,2338.071
39.350,173.727,0.033,5,5288.451,2338.847
39.360,173.734,0.032,5,5288.668,2339.624
39.370,173.742,0.032,5,5288.885,2340.401
39.380,173.749,0.032,5,5289.102,2341.177
39.390,173.756,0.032,5,5289.319,2341.954
39.400,173.763,0.032,5,5289.536,2342.731
39.410,173.770,0.032,5,5289.752,2343.508
39.420,173.777,0.032,5,5289.969,2344.285
39.430,173.784,0.032,5,5290.185,2345.062
39.440,173.791,0.032,5,5290.402,2345.838
39.450,173.799,0.032,5,5290.618,2346.615
39.460,173.806,0.032,5,5290.834,2347.392
39.470,173.813,0.032,5,5291.051,2348.169
39.480,173.820,0.032,5,5291.267,2348.946
39.490,173.827,0.032,5,5291.483,2349.723
39.500,173.834,0.032,5,5291.698,2350.500
39.510,173.841,0.032,5,5291.914,2351.278
39.520,173.848,0.032,5,5292.130,2352.055
39.530,173.855,0.032,5,5292.345,2352.832
39.540,173.862,0.032,5,5292.561,2353.609
39.550,173.869,0.032,5,5292.776,2354.386
39.560,173.876,0.032,5,5292.992,2355.164
39.570,173.884,0.032,5,5293.207,2355.941
39.580,173.891,0.032,5,5293.422,2356.718
39.590,173.898,0.032,5,5293.637,2357.496
39.600,173.905,0.032,5,5293.852,2358.273
39.610,173.912,0.032,5,5294.067,2359.051
39.620,173.919,0.032,5,5294.281,2359.828
39.630,173.926,0.032,5,5294.496,2360.606
39.640,173.933,0.032,5,5294.710,2361.383
39.650,173.940,0.032,5,5294.925,2362.161
39.660,173.947,0.032,5,5295.139,2362.938
39.670,173.954,0.032,5,5295.354,2363.716
39.680,173.961,0.032,5,5295.568,2364.494
39.690,173.968,0.032,5,5295.782,2365.271
39.700,173.975,0.032,5,5295.996,2366.049
39.710,173.982,0.032,5,5296.210,2366.827
39.720,173.989,0.032,5,5296.423,2367.604
39.730,173.996,0.032,5,5296.637,2368.382
39.740,174.003,0.032,5,5296.851,2369.160
39.750,174.010,0.032,5,5297.064,2369.938
39.760,174.017,0.032,5,5297.278,2370.716
39.770,174.024,0.032,5,5297.491,2371.494
39.780,174.031,0.032,5,5297.704,2372.272
39.790,174.038,0.032,5,5297.917,2373.050
39.800,174.045,0.032,5,5298.130,2373.828
39.810,174.052,0.032,5,5298.343,2374.606
39.820,174.059,0.032,5,5298.556,2375.384
39.830,174.066,0.032,5,5298.769,2376.162
39.840,174.073,0.032,5,5298.981,2376.940
39.850,174.080,0.032,5,5299.194,2377.719
39.860,174.087,0.032,5,5299.406,2378.497
39.870,174.094,0.032,5,5299.619,2379.275
39.880,174.101,0.032,5,5299.831,2380.053
39.890,174.108,0.032,5,5300.043,2380.832
39.900,174.115,0.032,5,5300.255,2381.610
39.910,174.122,0.032,5,5300.467,2382.388
39.920,174.129,0.032,5,5300.679,2383.167
39.930,174.136,0.032,5,5300.891,2383.945
39.940,174.143,0.032,5,5301.103,2384.724
39.950,174.150,0.032,5,5301.314,2385.502
39.960,174.157,0.032,5,5301.526,2386.281
39.970,174.164,0.032,5,5301.737,2387.059
39.980,174.171,0.032,5,5301.949,2387.838
39.990,174.178,0.032,5,5302.160,2388.616
40.000,174.185,0.032,5,5302.371,2389.395
40.010,174.192,0.032,5,5302.582,2390.174
40.020,174.198,0.032,5,5302.793,2390.953
40.030,174.205,0.032,5,5303.004,2391.731
40.040,174.212,0.032,5,5303.215,2392.510
40.050,174.219,0.032,5,5303.426,2393.289
40.060,174.226,0.032,5,5303.636,2394.068
40.070,174.233,0.031,5,5303.847,2394.847
40.080,174.240,0.031,5,5304.057,2395.626
40.090,174.247,0.031,5,5304.267,2396.404
40.100,174.254,0.031,5,5304.478,2397.183
40.110,174.261,0.031,5,5304.688,2397.962
40.120,174.268,0.031,5,5304.898,2398.741
40.130,174.275,0.031,5,5305.108,2399.520
40.140,174.281,0.031,5,5305.318,2400.300
40.150,174.288,0.031,5,5305.527,2401.079
40.160,174.295,0.031,5,5305.737,2401.858
40.170,174.302,0.031,5,5305.947,2402.637
40.180,174.309,0.031,5,5306.156,2403.416
40.190,174.316,0.031,5,5306.366,2404.196
40.200,174.323,0.031,5,5306.575,2404.975
40.210,174.330,0.031,5,5306.784,2405.754
40.220,174.336,0.031,5,5306.993,2406.533
40.230,174.343,0.031,5,5307.202,2407.313
40.240,174.350,0.031,5,5307.411,2408.092
40.250,174.357,0.031,5,5307.620,2408.872
40.260,174.364,0.031,5,5307.829,2409.651
40.270,174.371,0.031,5,5308.038,2410.431
40.280,174.378,0.031,5,5308.246,2411.210
40.290,174.384,0.031,5,5308.455,2411.990
40.300,174.391,0.031,5,5308.663,2412.769
40.310,174.398,0.031,5,5308.871,2413.549
40.320,174.405,0.031,5,5309.080,2414.328
40.330,174.412,0.031,5,5309.288,2415.108
40.340,174.419,0.031,5,5309.496,2415.888
40.350,174.425,0.031,5,5309.704,2416.668
40.360,174.432,0.031,5,5309.911,2417.447
40.370,174.439,0.031,5,5310.119,2418.227
40.380,174.446,0.031,5,5310.327,2419.007
40.390,174.453,0.031,5,5310.534,2419.787
40.400,174.460,0.031,5,5310.742,2420.567
40.410,174.466,0.031,5,5310.949,2421.347
40.420,174.473,0.031,5,5311.157,2422.127
40.430,174.480,0.031,5,5311.364,2422.907
40.440,174.487,0.031,5,5311.571,2423.687
40.450,174.494,0.031,5,5311.778,2424.467
40.460,174.500,0.031,5,5311.985,2425.247
40.470,174.507,0.031,5,5312.192,2426.027
40.480,174.514,0.031,5,5312.398,2426.807
40.490,174.521,0.031,5,5312.605,2427.587
40.500,174.528,0.031,5,5312.812,2428.367
40.510,174.534,0.031,5,5313.018,2429.147
40.520,174.541,0.031,5,5313.224,2429.928
40.530,174.548,0.031,5,5313.431,2430.708
40.540,174.555,0.031,5,5313.637,2431.488
40.550,174.561,0.031,5,5313.843,2432.269
40.560,174.568,0.031,5,5314.049,2433.049
40.570,174.575,0.031,5,5314.255,2433.829
40.580,174.582,0.031,5,5314.461,2434.610
40.590,174.589,0.031,5,5314.667,2435.390
40.600,174.595,0.031,5,5314.872,2436.171
40.610,174.602,0.031,5,5315.078,2436.951
40.620,174.609,0.031,5,5315.283,2437.732
40.630,174.616,0.031,5,5315.489,2438.513
40.640,174.622,0.031,5,5315.694,2439.293
40.650,174.629,0.031,5,5315.899,2440.074
40.660,174.636,0.031,5,5316.104,2440.854
40.670,174.642,0.031,5,5316.309,2441.635
40.680,174.649,0.031,5,5316.514,2442.416
40.690,174.656,0.031,5,5316.719,2443.197
40.700,174.663,0.031,5,5316.924,2443.977
40.710,174.669,0.031,5,5317.128,2444.758
40.720,174.676,0.031,5,5317.333,2445.539
40.730,174.683,0.031,5,5317.537,2446.320
40.740,174.690,0.031,5,5317.742,2447.101
40.750,174.696,0.031,5,5317.946,2447.882
40.760,174.703,0.031,5,5318.150,2448.663
40.770,174.710,0.031,5,5318.355,2449.444
40.780,174.716,0.031,5,5318.559,2450.225
40.790,174.723,0.031,5,5318.762,2451.006
40.800,174.730,0.031,5,5318.966,2451.787
40.810,174.736,0.030,5,5319.170,2452.568
40.820,174.743,0.030,5,5319.374,2453.349
40.830,174.750,0.030,5,5319.577,2454.131
40.840,174.757,0.030,5,5319.781,2454.912
40.850,174.763,0.030,5,5319.984,2455.693
40.860,174.770,0.030,5,5320.188,2456.474
40.870,174.777,0.030,5,5320.391,2457.256
40.880,174.783,0.030,5,5320.594,2458.037
40.890,174.790,0.030,5,5320.797,2458.818
40.900,174.797,0.030,5,5321.000,2459.600
40.910,174.803,0.030,5,5321.203,2460.381
40.920,174.810,0.030,5,5321.405,2461.163
40.930,174.817,0.030,5,5321.608,2461.944
40.940,174.823,0.030,5,5321.811,2462.726
40.950,174.830,0.030,5,5322.013,2463.507
40.960,174.837,0.030,5,5322.216,2464.289
40.970,174.843,0.030,5,5322.418,2465.070
40.980,174.850,0.030,5,5322.620,2465.852
40.990,174.856,0.030,5,5322.822,2466.634
41.000,174.863,0.030,5,5323.024,2467.415
41.010,174.870,0.030,5,5323.226,2468.197
41.020,174.876,0.030,5,5323.428,2468.979
41.030,174.883,0.030,5,5323.630,2469.761
41.040,174.890,0.030,5,5323.832,2470.542
41.050,174.896,0.030,5,5324.033,2471.324
41.060,174.903,0.030,5,5324.235,2472.106
41.070,174.909,0.030,5,5324.436,2472.888
41.080,174.916,0.030,5,5324.638,2473.670
41.090,174.923,0.030,5,5324.839,2474.452
41.100,174.929,0.030,5,5325.040,2475.234
41.110,174.936,0.030,5,5325.241,2476.016
41.120,174.943,0.030,5,5325.442,2476.798
41.130,174.949,0.030,5,5325.643,2477.580
41.140,174.956,0.030,5,5325.844,2478.362
41.150,174.962,0.030,5,5326.045,2479.144
41.160,174.969,0.030,5,5326.245,2479.926
41.170,174.975,0.030,5,5326.446,2480.709
41.180,174.982,0.030,5,5326.646,2481.491
41.190,174.989,0.030,5,5326.847,2482.273
41.200,174.995,0.030,5,5327.047,2483.055
41.210,175.002,0.030,5,5327.247,2483.838
41.220,175.008,0.030,5,5327.447,2484.620
41.230,175.015,0.030,5,5327.647,2485.402
41.240,175.022,0.030,5,5327.847,2486.185
41.250,175.028,0.030,5,5328.047,2486.967
41.260,175.035,0.030,5,5328.247,2487.750
41.270,175.041,0.030,5,5328.446,2488.532
41.280,175.048,0.030,5,5328.646,2489.315
41.290,175.054,0.030,5,5328.845,2490.097
41.300,175.061,0.030,5,5329.045,2490.880
41.310,175.067,0.030,5,5329.244,2491.662
41.320,175.074,0.030,5,5329.443,2492.445
41.330,175.080,0.030,5,5329.642,2493.228
41.340,175.087,0.030,5,5329.841,2494.010
41.350,175.094,0.030,5,5330.040,2494.793
41.360,175.100,0.030,5,5330.239,2495.576
41.370,175.107,0.030,5,5330.438,2496.359
41.380,175.113,0.030,5,5330.637,2497.141
41.390,175.120,0.030,5,5330.835,2497.924
41.400,175.126,0.030,5,5331.034,2498.707
41.410,175.133,0.030,5,5331.232,2499.490
41.420,175.139,0.030,5,5331.431,2500.273
41.430,175.146,0.030,5,5331.629,2501.056
41.440,175.152,0.030,5,5331.827,2501.839
41.450,175.159,0.030,5,5332.025,2502.622
41.460,175.165,0.030,5,5332.223,2503.405
41.470,175.172,0.030,5,5332.421,2504.188
41.480,175.178,0.030,5,5332.619,2504.971
41.490,175.185,0.030,5,5332.816,2505.754
41.500,175.191,0.030,5,5333.014,2506.537
41.510,175.198,0.030,5,5333.212,2507.321
41.520,175.204,0.030,5,5333.409,2508.104
41.530,175.211,0.030,5,5333.606,2508.887
41.540,175.217,0.030,5,5333.804,2509.670
41.550,175.224,0.030,5,5334.001,2510.454
41.560,175.230,0.029,5,5334.198,2511.237
41.570,175.237,0.029,5,5334.395,2512.020
41.580,175.243,0.029,5,5334.592,2512.804
41.590,175.250,0.029,5,5334.789,2513.587
41.600,175.256,0.029,5,5334.986,2514.371
41.610,175.262,0.029,5,5335.182,2515.154
41.620,175.269,0.029,5,5335.379,2515.938
41.630,175.275,0.029,5,5335.575,2516.721
41.640,175.282,0.029,5,5335.772,2517.505
41.650,175.288,0.029,5,5335.968,2518.288
41.660,175.295,0.029,5,5336.164,2519.072
41.670,175.301,0.029,5,5336.360,2519.856
41.680,175.308,0.029,5,5336.557,2520.639
41.690,175.314,0.029,5,5336.753,2521.423
41.700,175.320,0.029,5,5336.948,2522.207
41.710,175.327,0.029,5,5337.144,2522.990
41.720,175.333,0.029,5,5337.340,2523.774
41.730,175.340,0.029,5,5337.536,2524.558
41.740,175.346,0.029,5,5337.731,2525.342
41.750,175.353,0.029,5,5337.927,2526.126
41.760,175.359,0.029,5,5338.122,2526.910
41.770,175.365,0.029,5,5338.317,2527.694
41.780,175.372,0.029,5,5338.512,2528.478
41.790,175.378,0.029,5,5338.708,2529.262
41.800,175.385,0.029,5,5338.903,2530.046
41.810,175.391,0.029,5,5339.098,2530.830
41.820,175.397,0.029,5,5339.292,2531.614
41.830,175.404,0.029,5,5339.487,2532.398
41.840,175.410,0.029,5,5339.682,2533.182
41.850,175.417,0.029,5,5339.876,2533.966
41.860,175.423,0.029,5,5340.071,2534.750
41.870,175.429,0.029,5,5340.265,2535.535
41.880,175.436,0.029,5,5340.460,2536.319
41.890,175.442,0.029,5,5340.654,2537.103
41.900,175.449,0.029,5,5340.848,2537.887
41.910,175.455,0.029,5,5341.042,2538.672
41.920,175.461,0.029,5,5341.236,2539.456
41.930,175.468,0.029,5,5341.430,2540.241
41.940,175.474,0.029,5,5341.624,2541.025
41.950,175.480,0.029,5,5341.818,2541.809
41.960,175.487,0.029,5,5342.011,2542.594
41.970,175.493,0.029,5,5342.205,2543.378
41.980,175.500,0.029,5,5342.398,2544.163
41.990,175.506,0.029,5,5342.592,2544.947
42.000,175.512,0.029,5,5342.785,2545.732
42.010,175.519,0.029,5,5342.978,2546.517
42.020,175.525,0.029,5,5343.171,2547.301
42.030,175.531,0.029,5,5343.364,2548.086
42.040,175.538,0.029,5,5343.557,2548.871
42.050,175.544,0.029,5,5343.750,2549.655
42.060,175.550,0.029,5,5343.943,2550.440
42.070,175.557,0.029,5,5344.136,2551.225
42.080,175.563,0.029,5,5344.328,2552.010
42.090,175.569,0.029,5,5344.521,2552.795
42.100,175.576,0.029,5,5344.713,2553.580
42.110,175.582,0.029,5,5344.906,2554.364
42.120,175.588,0.029,5,5345.098,2555.149
42.130,175.595,0.029,5,5345.290,2555.934
42.140,175.601,0.029,5,5345.482,2556.719
42.150,175.607,0.029,5,5345.674,2557.504
42.160,175.613,0.029,5,5345.866,2558.289
42.170,175.620,0.029,5,5346.058,2559.075
42.180,175.626,0.029,5,5346.250,2559.860
42.190,175.632,0.029,5,5346.442,2560.645
42.200,175.639,0.029,5,5346.633,2561.430
42.210,175.645,0.029,5,5346.825,2562.215
42.220,175.651,0.029,5,5347.016,2563.000
42.230,175.658,0.029,5,5347.207,2563.786
42.240,175.664,0.029,5,5347.399,2564.571
42.250,175.670,0.029,5,5347.590,2565.356
42.260,175.676,0.029,5,5347.781,2566.141
42.270,175.683,0.029,5,5347.972,2566.927
42.280,175.689,0.029,5,5348.163,2567.712
42.290,175.695,0.029,5,5348.354,2568.498
42.300,175.701,0.029,5,5348.545,2569.283
42.310,175.708,0.029,5,5348.735,2570.069
42.320,175.714,0.029,5,5348.926,2570.854
42.330,175.720,0.029,5,5349.116,2571.640
42.340,175.726,0.028,5,5349.307,2572.425
42.350,175.733,0.028,5,5349.497,2573.211
42.360,175.739,0.028,5,5349.687,2573.996
42.370,175.745,0.028,5,5349.877,2574.782
42.380,175.751,0.028,5,5350.067,2575.568
42.390,175.758,0.028,5,5350.257,2576.353
42.400,175.764,0.028,5,5350.447,2577.139
42.410,175.770,0.028,5,5350.637,2577.925
42.420,175.776,0.028,5,5350.827,2578.711
42.430,175.783,0.028,5,5351.017,2579.496
42.440,175.789,0.028,5,5351.206,2580.282
42.450,175.795,0.028,5,5351.396,2581.068
42.460,175.801,0.028,5,5351.585,2581.854
42.470,175.808,0.028,5,5351.774,2582.640
42.480,175.814,0.028,5,5351.964,2583.426
42.490,175.820,0.028,5,5352.153,2584.212
42.500,175.826,0.028,5,5352.342,2584.998
42.510,175.832,0.028,5,5352.531,2585.784
42.520,175.839,0.028,5,5352.720,2586.570
42.530,175.845,0.028,5,5352.908,2587.356
42.540,175.851,0.028,5,5353.097,2588.142
42.550,175.857,0.028,5,5353.286,2588.928
42.560,175.863,0.028,5,5353.474,2589.714
42.570,175.870,0.028,5,5353.663,2590.500
42.580,175.876,0.028,5,5353.851,2591.287
42.590,175.882,0.028,5,5354.040,2592.073
42.600,175.888,0.028,5,5354.228,2592.859
42.610,175.894,0.028,5,5354.416,2593.646
42.620,175.900,0.028,5,5354.604,2594.432
42.630,175.907,0.028,5,5354.792,2595.218
42.640,175.913,0.028,5,5354.980,2596.005
42.650,175.919,0.028,5,5355.168,2596.791
42.660,175.925,0.028,5,5355.355,2597.577
42.670,175.931,0.028,5,5355.543,2598.364
42.680,175.937,0.028,5,5355.731,2599.150
42.690,175.944,0.028,5,5355.918,2599.937
42.700,175.950,0.028,5,5356.105,2600.724
42.710,175.956,0.028,5,5356.293,2601.510
42.720,175.962,0.028,5,5356.480,2602.297
42.730,175.968,0.028,5,5356.667,2603.083
42.740,175.974,0.028,5,5356.854,2603.870
42.750,175.981,0.028,5,5357.041,2604.657
42.760,175.987,0.028,5,5357.228,2605.443
42.770,175.993,0.028,5,5357.415,2606.230
42.780,175.999,0.028,5,5357.602,2607.017
42.790,176.005,0.028,5,5357.788,2607.804
42.800,176.011,0.028,5,5357.975,2608.591
42.810,176.017,0.028,5,5358.161,2609.377
42.820,176.023,0.028,5,5358.348,2610.164
42.830,176.030,0.028,5,5358.534,2610.951
42.840,176.036,0.028,5,5358.720,2611.738
42.850,176.042,0.028,5,5358.906,2612.525
42.860,176.048,0.028,5,5359.092,2613.312
42.870,176.054,0.028,5,5359.278,2614.099
42.880,176.060,0.028,5,5359.464,2614.886
42.890,176.066,0.028,5,5359.650,2615.673
42.900,176.072,0.028,5,5359.836,2616.460
42.910,176.078,0.028,5,5360.021,2617.247
42.920,176.085,0.028,5,5360.207,2618.035
42.930,176.091,0.028,5,5360.393,2618.822
42.940,176.097,0.028,5,5360.578,2619.609
42.950,176.103,0.028,5,5360.763,2620.396
42.960,176.109,0.028,5,5360.948,2621.183
42.970,176.115,0.028,5,5361.134,2621.971
42.980,176.121,0.028,5,5361.319,2622.758
42.990,176.127,0.028,5,5361.504,2623.545
43.000,176.133,0.028,5,5361.689,2624.333
43.010,176.139,0.028,5,5361.873,2625.120
43.020,176.145,0.028,5,5362.058,2625.908
43.030,176.151,0.028,5,5362.243,2626.695
43.040,176.157,0.028,5,5362.427,2627.483
43.050,176.164,0.028,5,5362.612,2628.270
43.060,176.170,0.028,5,5362.796,2629.058
43.070,176.176,0.028,5,5362.981,2629.845
43.080,176.182,0.028,5,5363.165,2630.633
43.090,176.188,0.028,5,5363.349,2631.420
43.100,176.194,0.028,5,5363.533,2632.208
43.110,176.200,0.028,5,5363.717,2632.996
43.120,176.206,0.028,5,5363.901,2633.783
43.130,176.212,0.028,5,5364.085,2634.571
43.140,176.218,0.027,5,5364.269,2635.359
43.150,176.224,0.027,5,5364.452,2636.147
43.160,176.230,0.027,5,5364.636,2636.934
43.170,176.236,0.027,5,5364.819,2637.722
43.180,176.242,0.027,5,5365.003,2638.510
43.190,176.248,0.027,5,5365.186,2639.298
43.200,176.254,0.027,5,5365.370,2640.086
43.210,176.260,0.027,5,5365.553,2640.874
43.220,176.266,0.027,5,5365.736,2641.662
43.230,176.272,0.027,5,5365.919,2642.450
43.240,176.278,0.027,5,5366.102,2643.238
43.250,176.284,0.027,5,5366.285,2644.026
43.260,176.290,0.027,5,5366.467,2644.814
43.270,176.296,0.027,5,5366.650,2645.602
43.280,176.302,0.027,5,5366.833,2646.390
43.290,176.308,0.027,5,5367.015,2647.178
43.300,176.314,0.027,5,5367.198,2647.966
43.310,176.320,0.027,5,5367.380,2648.755
43.320,176.326,0.027,5,5367.562,2649.543
43.330,176.332,0.027,5,5367.745,2650.331
43.340,176.338,0.027,5,5367.927,2651.119
43.350,176.344,0.027,5,5368.109,2651.908
43.360,176.350,0.027,5,5368.291,2652.696
43.370,176.356,0.027,5,5368.473,2653.484
43.380,176.362,0.027,5,5368.654,2654.273
43.390,176.368,0.027,5,5368.836,2655.061
43.400,176.374,0.027,5,5369.018,2655.850
43.410,176.380,0.027,5,5369.199,2656.638
43.420,176.386,0.027,5,5369.381,2657.427
43.430,176.392,0.027,5,5369.562,2658.215
43.440,176.398,0.027,5,5369.744,2659.004
43.450,176.404,0.027,5,5369.925,2659.792
43.460,176.410,0.027,5,5370.106,2660.581
43.470,176.416,0.027,5,5370.287,2661.370
43.480,176.422,0.027,5,5370.468,2662.158
43.490,176.428,0.027,5,5370.649,2662.947
43.500,176.434,0.027,5,5370.830,2663.736
43.510,176.439,0.027,5,5371.010,2664.524
43.520,176.445,0.027,5,5371.191,2665.313
43.530,176.451,0.027,5,5371.372,2666.102
43.540,176.457,0.027,5,5371.552,2666.891
43.550,176.463,0.027,5,5371.733,2667.680
43.560,176.469,0.027,5,5371.913,2668.469
43.570,176.475,0.027,5,5372.093,2669.257
43.580,176.481,0.027,5,5372.274,2670.046
43.590,176.487,0.027,5,5372.454,2670.835
43.600,176.493,0.027,5,5372.634,2671.624
43.610,176.499,0.027,5,5372.814,2672.413
43.620,176.505,0.027,5,5372.993,2673.202
43.630,176.510,0.027,5,5373.173,2673.991
43.640,176.516,0.027,5,5373.353,2674.780
43.650,176.522,0.027,5,5373.533,2675.570
43.660,176.528,0.027,5,5373.712,2676.359
43.670,176.534,0.027,5,5373.892,2677.148
43.680,176.540,0.027,5,5374.071,2677.937
43.690,176.546,0.027,5,5374.250,2678.726
43.700,176.552,0.027,5,5374.430,2679.516
43.710,176.558,0.027,5,5374.609,2680.305
43.720,176.564,0.027,5,5374.788,2681.094
43.730,176.569,0.027,5,5374.967,2681.883
43.740,176.575,0.027,5,5375.146,2682.673
43.750,176.581,0.027,5,5375.324,2683.462
43.760,176.587,0.027,5,5375.503,2684.252
43.770,176.593,0.027,5,5375.682,2685.041
43.780,176.599,0.027,5,5375.861,2685.830
43.790,176.605,0.027,5,5376.039,2686.620
43.800,176.610,0.027,5,5376.217,2687.409
43.810,176.616,0.027,5,5376.396,2688.199
43.820,176.622,0.027,5,5376.574,2688.988
43.830,176.628,0.027,5,5376.752,2689.778
43.840,176.634,0.027,5,5376.930,2690.568
43.850,176.640,0.027,5,5377.108,2691.357
43.860,176.646,0.027,5,5377.286,2692.147
43.870,176.651,0.027,5,5377.464,2692.937
43.880,176.657,0.027,5,5377.642,2693.726
43.890,176.663,0.027,5,5377.820,2694.516
43.900,176.669,0.027,5,5377.997,2695.306
43.910,176.675,0.027,5,5378.175,2696.096
43.920,176.681,0.027,5,5378.352,2696.885
43.930,176.686,0.027,5,5378.530,2697.675
43.940,176.692,0.027,5,5378.707,2698.465
43.950,176.698,0.027,5,5378.884,2699.255
43.960,176.704,0.027,5,5379.062,2700.045
43.970,176.710,0.026,5,5379.239,2700.835
43.980,176.716,0.026,5,5379.416,2701.625
43.990,176.721,0.026,5,5379.593,2702.415
44.000,176.727,0.026,5,5379.769,2703.205
44.010,176.733,0.026,5,5379.946,2703.995
44.020,176.739,0.026,5,5380.123,2704.785
44.030,176.745,0.026,5,5380.299,2705.575
44.040,176.750,0.026,5,5380.476,2706.365
44.050,176.756,0.026,5,5380.652,2707.156
44.060,176.762,0.026,5,5380.829,2707.946
44.070,176.768,0.026,5,5381.005,2708.736
44.080,176.774,0.026,5,5381.181,2709.526
44.090,176.779,0.026,5,5381.357,2710.316
44.100,176.785,0.026,5,5381.534,2711.107
44.110,176.791,0.026,5,5381.709,2711.897
44.120,176.797,0.026,5,5381.885,2712.687
44.130,176.802,0.026,5,5382.061,2713.478
44.140,176.808,0.026,5,5382.237,2714.268
44.150,176.814,0.026,5,5382.413,2715.058
44.160,176.820,0.026,5,5382.588,2715.849
44.170,176.826,0.026,5,5382.764,2716.639
44.180,176.831,0.026,5,5382.939,2717.430
44.190,176.837,0.026,5,5383.114,2718.220
44.200,176.843,0.026,5,5383.290,2719.011
44.210,176.849,0.026,5,5383.465,2719.802
44.220,176.854,0.026,5,5383.640,2720.592
44.230,176.860,0.026,5,5383.815,2721.383
44.240,176.866,0.026,5,5383.990,2722.173
44.250,176.872,0.026,5,5384.165,2722.964
44.260,176.877,0.026,5,5384.340,2723.755
44.270,176.883,0.026,5,5384.514,2724.545
44.280,176.889,0.026,5,5384.689,2725.336
44.290,176.895,0.026,5,5384.864,2726.127
44.300,176.900,0.026,5,5385.038,2726.918
44.310,176.906,0.026,5,5385.213,2727.709
44.320,176.912,0.026,5,5385.387,2728.499
44.330,176.917,0.026,5,5385.561,2729.290
44.340,176.923,0.026,5,5385.735,2730.081
44.350,176.929,0.026,5,5385.909,2730.872
44.360,176.935,0.026,5,5386.083,2731.663
44.370,176.940,0.026,5,5386.257,2732.454
44.380,176.946,0.026,5,5386.431,2733.245
44.390,176.952,0.026,5,5386.605,2734.036
44.400,176.957,0.026,5,5386.779,2734.827
44.410,176.963,0.026,5,5386.952,2735.618
44.420,176.969,0.026,5,5387.126,2736.409
44.430,176.975,0.026,5,5387.299,2737.201
44.440,176.980,0.026,5,5387.473,2737.992
44.450,176.986,0.026,5,5387.646,2738.783
44.460,176.992,0.026,5,5387.819,2739.574
44.470,176.997,0.026,5,5387.993,2740.365
44.480,177.003,0.026,5,5388.166,2741.157
44.490,177.009,0.026,5,5388.339,2741.948
44.500,177.014,0.026,5,5388.512,2742.739
44.510,177.020,0.026,5,5388.685,2743.531
44.520,177.026,0.026,5,5388.857,2744.322
44.530,177.031,0.026,5,5389.030,2745.113
44.540,177.037,0.026,5,5389.203,2745.905
44.550,177.043,0.026,5,5389.375,2746.696
44.560,177.048,0.026,5,5389.548,2747.488
44.570,177.054,0.026,5,5389.720,2748.279
44.580,177.060,0.026,5,5389.892,2749.071
44.590,177.065,0.026,5,5390.065,2749.862
44.600,177.071,0.026,5,5390.237,2750.654
44.610,177.077,0.026,5,5390.409,2751.445
44.620,177.082,0.026,5,5390.581,2752.237
44.630,177.088,0.026,5,5390.753,2753.029
44.640,177.094,0.026,5,5390.925,2753.820
44.650,177.099,0.026,5,5391.096,2754.612
44.660,177.105,0.026,5,5391.268,2755.404
44.670,177.111,0.026,5,5391.440,2756.195
44.680,177.116,0.026,5,5391.611,2756.987
44.690,177.122,0.026,5,5391.783,2757.779
44.700,177.127,0.026,5,5391.954,2758.571
44.710,177.133,0.026,5,5392.126,2759.363
44.720,177.139,0.026,5,5392.297,2760.154
44.730,177.144,0.026,5,5392.468,2760.946
44.740,177.150,0.026,5,5392.639,2761.738
44.750,177.156,0.026,5,5392.810,2762.530
44.760,177.161,0.026,5,5392.981,2763.322
44.770,177.167,0.026,5,5393.152,2764.114
44.780,177.172,0.026,5,5393.323,2764.906
44.790,177.178,0.026,5,5393.493,2765.698
44.800,177.184,0.026,5,5393.664,2766.490
44.810,177.189,0.026,5,5393.835,2767.282
44.820,177.195,0.026,5,5394.005,2768.074
44.830,177.200,0.025,5,5394.175,2768.867
44.840,177.206,0.025,5,5394.346,2769.659
44.850,177.212,0.025,5,5394.516,2770.451
44.860,177.217,0.025,5,5394.686,2771.243
44.870,177.223,0.025,5,5394.856,2772.035
44.880,177.228,0.025,5,5395.026,2772.828
44.890,177.234,0.025,5,5395.196,2773.620
44.900,177.240,0.025,5,5395.366,2774.412
44.910,177.245,0.025,5,5395.536,2775.205
44.920,177.251,0.025,5,5395.706,2775.997
44.930,177.256,0.025,5,5395.875,2776.789
44.940,177.262,0.025,5,5396.045,2777.582
44.950,177.267,0.025,5,5396.214,2778.374
44.960,177.273,0.025,5,5396.384,2779.167
44.970,177.279,0.025,5,5396.553,2779.959
44.980,177.284,0.025,5,5396.722,2780.752
44.990,177.290,0.025,5,5396.892,2781.544
45.000,177.295,0.025,5,5397.061,2782.337
45.010,177.301,0.025,5,5397.230,2783.129
45.020,177.306,0.025,5,5397.399,2783.922
45.030,177.312,0.025,5,5397.568,2784.715
45.040,177.317,0.025,5,5397.736,2785.507
45.050,177.323,0.025,5,5397.905,2786.300
45.060,177.328,0.025,5,5398.074,2787.093
45.070,177.334,0.025,5,5398.242,2787.886
45.080,177.340,0.025,5,5398.411,2788.678
45.090,177.345,0.025,5,5398.579,2789.471
45.100,177.351,0.025,5,5398.748,2790.264
45.110,177.356,0.025,5,5398.916,2791.057
45.120,177.362,0.025,5,5399.084,2791.850
45.130,177.367,0.025,5,5399.252,2792.643
45.140,177.373,0.025,5,5399.420,2793.435
45.150,177.378,0.025,5,5399.588,2794.228
45.160,177.384,0.025,5,5399.756,2795.021
45.170,177.389,0.025,5,5399.924,2795.814
45.180,177.395,0.025,5,5400.092,2796.607
45.190,177.400,0.025,5,5400.259,2797.400
45.200,177.406,0.025,5,5400.427,2798.193
45.210,177.411,0.025,5,5400.595,2798.986
45.220,177.417,0.025,5,5400.762,2799.780
45.230,177.422,0.025,5,5400.929,2800.573
45.240,177.428,0.025,5,5401.097,2801.366
45.250,177.433,0.025,5,5401.264,2802.159
45.260,177.439,0.025,5,5401.431,2802.952
45.270,177.444,0.025,5,5401.598,2803.746
45.280,177.450,0.025,5,5401.765,2804.539
45.290,177.455,0.025,5,5401.932,2805.332
45.300,177.461,0.025,5,5402.099,2806.125
45.310,177.466,0.025,5,5402.266,2806.919
45.320,177.472,0.025,5,5402.432,2807.712
45.330,177.477,0.025,5,5402.599,2808.505
45.340,177.483,0.025,5,5402.766,2809.299
45.350,177.488,0.025,5,5402.932,2810.092
45.360,177.494,0.025,5,5403.098,2810.886
45.370,177.499,0.025,5,5403.265,2811.679
45.380,177.504,0.025,5,5403.431,2812.473
45.390,177.510,0.025,5,5403.597,2813.266
45.400,177.515,0.025,5,5403.763,2814.060
45.410,177.521,0.025,5,5403.929,2814.853
45.420,177.526,0.025,5,5404.095,2815.647
45.430,177.532,0.025,5,5404.261,2816.441
45.440,177.537,0.025,5,5404.427,2817.234
45.450,177.543,0.025,5,5404.593,2818.028
45.460,177.548,0.025,5,5404.758,2818.822
45.470,177.554,0.025,5,5404.924,2819.615
45.480,177.559,0.025,5,5405.089,2820.409
45.490,177.564,0.025,5,5405.255,2821.203
45.500,177.570,0.025,5,5405.420,2821.997
45.510,177.575,0.025,5,5405.586,2822.790
45.520,177.581,0.025,5,5405.751,2823.584
45.530,177.586,0.025,5,5405.916,2824.378
45.540,177.592,0.025,5,5406.081,2825.172
45.550,177.597,0.025,5,5406.246,2825.966
45.560,177.602,0.025,5,5406.411,2826.760
45.570,177.608,0.025,5,5406.576,2827.554
45.580,177.613,0.025,5,5406.740,2828.348
45.590,177.619,0.025,5,5406.905,2829.142
45.600,177.624,0.025,5,5407.070,2829.936
45.610,177.629,0.025,5,5407.234,2830.730
45.620,177.635,0.025,5,5407.399,2831.524
45.630,177.640,0.025,5,5407.563,2832.318
45.640,177.646,0.025,5,5407.728,2833.112
45.650,177.651,0.025,5,5407.892,2833.906
45.660,177.656,0.025,5,5408.056,2834.701
45.670,177.662,0.025,5,5408.220,2835.495
45.680,177.667,0.025,5,5408.384,2836.289
45.690,177.673,0.025,5,5408.548,2837.083
45.700,177.678,0.025,5,5408.712,2837.878
45.710,177.683,0.025,5,5408.876,2838.672
45.720,177.689,0.025,5,5409.040,2839.466
45.730,177.694,0.024,5,5409.203,2840.261
45.740,177.699,0.024,5,5409.367,2841.055
45.750,177.705,0.024,5,5409.530,2841.849
45.760,177.710,0.024,5,5409.694,2842.644
45.770,177.716,0.024,5,5409.857,2843.438
45.780,177.721,0.024,5,5410.020,2844.233
45.790,177.726,0.024,5,5410.184,2845.027
45.800,177.732,0.024,5,5410.347,2845.822
45.810,177.737,0.024,5,5410.510,2846.616
45.820,177.742,0.024,5,5410.673,2847.411
45.830,177.748,0.024,5,5410.836,2848.205
45.840,177.753,0.024,5,5410.999,2849.000
45.850,177.758,0.024,5,5411.161,2849.795
45.860,177.764,0.024,5,5411.324,2850.589
45.870,177.769,0.024,5,5411.487,2851.384
45.880,177.774,0.024,5,5411.649,2852.179
45.890,177.780,0.024,5,5411.812,2852.973
45.900,177.785,0.024,5,5411.974,2853.768
45.910,177.790,0.024,5,5412.137,2854.563
45.920,177.796,0.024,5,5412.299,2855.358
45.930,177.801,0.024,5,5412.461,2856.153
45.940,177.806,0.024,5,5412.623,2856.947
45.950,177.812,0.024,5,5412.785,2857.742
45.960,177.817,0.024,5,5412.947,2858.537
45.970,177.822,0.024,5,5413.109,2859.332
45.980,177.828,0.024,5,5413.271,2860.127
45.990,177.833,0.024,5,5413.433,2860.922
46.000,177.838,0.024,5,5413.594,2861.717
46.010,177.844,0.024,5,5413.756,2862.512
46.020,177.849,0.024,5,5413.918,2863.307
46.030,177.854,0.024,5,5414.079,2864.102
46.040,177.860,0.024,5,5414.240,2864.897
46.050,177.865,0.024,5,5414.402,2865.692
46.060,177.870,0.024,5,5414.563,2866.488
46.070,177.875,0.024,5,5414.724,2867.283
46.080,177.881,0.024,5,5414.885,2868.078
46.090,177.886,0.024,5,5415.046,2868.873
46.100,177.891,0.024,5,5415.207,2869.668
46.110,177.897,0.024,5,5415.368,2870.464
46.120,177.902,0.024,5,5415.529,2871.259
46.130,177.907,0.024,5,5415.690,2872.054
46.140,177.912,0.024,5,5415.850,2872.850
46.150,177.918,0.024,5,5416.011,2873.645
46.160,177.923,0.024,5,5416.172,2874.440
46.170,177.928,0.024,5,5416.332,2875.236
46.180,177.934,0.024,5,5416.492,2876.031
46.190,177.939,0.024,5,5416.653,2876.827
46.200,177.944,0.024,5,5416.813,2877.622
46.210,177.949,0.024,5,5416.973,2878.417
46.220,177.955,0.024,5,5417.133,2879.213
46.230,177.960,0.024,5,5417.293,2880.009
46.240,177.965,0.024,5,5417.453,2880.804
46.250,177.970,0.024,5,5417.613,2881.600
46.260,177.976,0.024,5,5417.773,2882.395
46.270,177.981,0.024,5,5417.933,2883.191
46.280,177.986,0.024,5,5418.092,2883.987
46.290,177.991,0.024,5,5418.252,2884.782
46.300,177.997,0.024,5,5418.412,2885.578
46.310,178.002,0.024,5,5418.571,2886.374
46.320,178.007,0.024,5,5418.730,2887.169
46.330,178.012,0.024,5,5418.890,2887.965
46.340,178.018,0.024,5,5419.049,2888.761
46.350,178.023,0.024,5,5419.208,2889.557
46.360,178.028,0.024,5,5419.367,2890.353
46.370,178.033,0.024,5,5419.526,2891.149
46.380,178.038,0.024,5,5419.685,2891.944
46.390,178.044,0.024,5,5419.844,2892.740
46.400,178.049,0.024,5,5420.003,2893.536
46.410,178.054,0.024,5,5420.162,2894.332
46.420,178.059,0.024,5,5420.320,2895.128
46.430,178.064,0.024,5,5420.479,2895.924
46.440,178.070,0.024,5,5420.637,2896.720
46.450,178.075,0.024,5,5420.796,2897.516
46.460,178.080,0.024,5,5420.954,2898.312
46.470,178.085,0.024,5,5421.113,2899.108
46.480,178.091,0.024,5,5421.271,2899.905
46.490,178.096,0.024,5,5421.429,2900.701
46.500,178.101,0.024,5,5421.587,2901.497
46.510,178.106,0.024,5,5421.745,2902.293
46.520,178.111,0.024,5,5421.903,2903.089
46.530,178.116,0.024,5,5422.061,2903.886
46.540,178.122,0.024,5,5422.219,2904.682
46.550,178.127,0.024,5,5422.376,2905.478
46.560,178.132,0.024,5,5422.534,2906.274
46.570,178.137,0.024,5,5422.692,2907.071
46.580,178.142,0.024,5,5422.849,2907.867
46.590,178.148,0.024,5,5423.007,2908.663
46.600,178.153,0.024,5,5423.164,2909.460
46.610,178.158,0.024,5,5423.321,2910.256
46.620,178.163,0.024,5,5423.479,2911.053
46.630,178.168,0.024,5,5423.636,2911.849
46.640,178.173,0.024,5,5423.793,2912.646
46.650,178.179,0.023,5,5423.950,2913.442
46.660,178.184,0.023,5,5424.107,2914.239
46.670,178.189,0.023,5,5424.264,2915.035
46.680,178.194,0.023,5,5424.421,2915.832
46.690,178.199,0.023,5,5424.577,2916.629
46.700,178.204,0.023,5,5424.734,2917.425
46.710,178.209,0.023,5,5424.891,2918.222
46.720,178.215,0.023,5,5425.047,2919.018
46.730,178.220,0.023,5,5425.204,2919.815
46.740,178.225,0.023,5,5425.360,2920.612
46.750,178.230,0.023,5,5425.516,2921.409
46.760,178.235,0.023,5,5425.673,2922.205
46.770,178.240,0.023,5,5425.829,2923.002
46.780,178.245,0.023,5,5425.985,2923.799
46.790,178.251,0.023,5,5426.141,2924.596
46.800,178.256,0.023,5,5426.297,2925.393
46.810,178.261,0.023,5,5426.453,2926.190
46.820,178.266,0.023,5,5426.609,2926.987
46.830,178.271,0.023,5,5426.764,2927.783
46.840,178.276,0.023,5,5426.920,2928.580
46.850,178.281,0.023,5,5427.076,2929.377
46.860,178.286,0.023,5,5427.231,2930.174
46.870,178.291,0.023,5,5427.387,2930.971
46.880,178.297,0.023,5,5427.542,2931.768
46.890,178.302,0.023,5,5427.698,2932.566
46.900,178.307,0.023,5,5427.853,2933.363
46.910,178.312,0.023,5,5428.008,2934.160
46.920,178.317,0.023,5,5428.163,2934.957
46.930,178.322,0.023,5,5428.318,2935.754
46.940,178.327,0.023,5,5428.473,2936.551
46.950,178.332,0.023,5,5428.628,2937.348
46.960,178.337,0.023,5,5428.783,2938.146
46.970,178.342,0.023,5,5428.938,2938.943
46.980,178.347,0.023,5,5429.093,2939.740
46.990,178.353,0.023,5,5429.247,2940.537
47.000,178.358,0.023,5,5429.402,2941.335
47.010,178.363,0.023,5,5429.556,2942.132
47.020,178.368,0.023,5,5429.711,2942.929
47.030,178.373,0.023,5,5429.865,2943.727
47.040,178.378,0.023,5,5430.019,2944.524
47.050,178.383,0.023,5,5430.174,2945.322
47.060,178.388,0.023,5,5430.328,2946.119
47.070,178.393,0.023,5,5430.482,2946.917
47.080,178.398,0.023,5,5430.636,2947.714
47.090,178.403,0.023,5,5430.790,2948.512
47.100,178.408,0.023,5,5430.944,2949.309
47.110,178.413,0.023,5,5431.098,2950.107
47.120,178.418,0.023,5,5431.251,2950.904
47.130,178.423,0.023,5,5431.405,2951.702
47.140,178.428,0.023,5,5431.559,2952.500
47.150,178.434,0.023,5,5431.712,2953.297
47.160,178.439,0.023,5,5431.866,2954.095
47.170,178.444,0.023,5,5432.019,2954.893
47.180,178.449,0.023,5,5432.172,2955.690
47.190,178.454,0.023,5,5432.326,2956.488
47.200,178.459,0.023,5,5432.479,2957.286
47.210,178.464,0.023,5,5432.632,2958.084
47.220,178.469,0.023,5,5432.785,2958.881
47.230,178.474,0.023,5,5432.938,2959.679
47.240,178.479,0.023,5,5433.091,2960.477
47.250,178.484,0.023,5,5433.244,2961.275
47.260,178.489,0.023,5,5433.396,2962.073
47.270,178.494,0.023,5,5433.549,2962.871
47.280,178.499,0.023,5,5433.702,2963.669
47.290,178.504,0.023,5,5433.854,2964.467
47.300,178.509,0.023,5,5434.007,2965.265
47.310,178.514,0.023,5,5434.159,2966.063
47.320,178.519,0.023,5,5434.312,2966.861
47.330,178.524,0.023,5,5434.464,2967.659
47.340,178.529,0.023,5,5434.616,2968.457
47.350,178.534,0.023,5,5434.768,2969.255
47.360,178.539,0.023,5,5434.920,2970.053
47.370,178.544,0.023,5,5435.072,2970.851
47.380,178.549,0.023,5,5435.224,2971.650
47.390,178.554,0.023,5,5435.376,2972.448
47.400,178.559,0.023,5,5435.528,2973.246
47.410,178.564,0.023,5,5435.680,2974.044
47.420,178.569,0.023,5,5435.831,2974.842
47.430,178.574,0.023,5,5435.983,2975.641
47.440,178.579,0.023,5,5436.135,2976.439
47.450,178.584,0.023,5,5436.286,2977.237
47.460,178.589,0.023,5,5436.438,2978.036
47.470,178.594,0.023,5,5436.589,2978.834
47.480,178.599,0.023,5,5436.740,2979.632
47.490,178.604,0.023,5,5436.891,2980.431
47.500,178.609,0.023,5,5437.042,2981.229
47.510,178.614,0.023,5,5437.194,2982.028
47.520,178.619,0.023,5,5437.345,2982.826
47.530,178.623,0.023,5,5437.495,2983.625
47.540,178.628,0.023,5,5437.646,2984.423
47.550,178.633,0.023,5,5437.797,2985.222
47.560,178.638,0.023,5,5437.948,2986.020
47.570,178.643,0.023,5,5438.098,2986.819
47.580,178.648,0.023,5,5438.249,2987.618
47.590,178.653,0.023,5,5438.400,2988.416
47.600,178.658,0.023,5,5438.550,2989.215
47.610,178.663,0.023,5,5438.700,2990.014
47.620,178.668,0.022,5,5438.851,2990.812
47.630,178.673,0.022,5,5439.001,2991.611
47.640,178.678,0.022,5,5439.151,2992.410
47.650,178.683,0.022,5,5439.301,2993.209
47.660,178.688,0.022,5,5439.451,2994.007
47.670,178.693,0.022,5,5439.601,2994.806
47.680,178.698,0.022,5,5439.751,2995.605
47.690,178.703,0.022,5,5439.901,2996.404
47.700,178.707,0.022,5,5440.051,2997.203
47.710,178.712,0.022,5,5440.200,2998.002
47.720,178.717,0.022,5,5440.350,2998.801
47.730,178.722,0.022,5,5440.500,2999.600
47.740,178.727,0.022,5,5440.649,3000.399
47.750,178.732,0.022,5,5440.799,3001.198
47.760,178.737,0.022,5,5440.948,3001.997
47.770,178.742,0.022,5,5441.097,3002.796
47.780,178.747,0.022,5,5441.247,3003.595
47.790,178.752,0.022,5,5441.396,3004.394
47.800,178.757,0.022,5,5441.545,3005.193
47.810,178.761,0.022,5,5441.694,3005.992
47.820,178.766,0.022,5,5441.843,3006.791
47.830,178.771,0.022,5,5441.992,3007.590
47.840,178.776,0.022,5,5442.141,3008.389
47.850,178.781,0.022,5,5442.289,3009.189
47.860,178.786,0.022,5,5442.438,3009.988
47.870,178.791,0.022,5,5442.587,3010.787
47.880,178.796,0.022,5,5442.735,3011.586
47.890,178.801,0.022,5,5442.884,3012.386
47.900,178.805,0.022,5,5443.032,3013.185
47.910,178.810,0.022,5,5443.180,3013.984
47.920,178.815,0.022,5,5443.329,3014.784
47.930,178.820,0.022,5,5443.477,3015.583
47.940,178.825,0.022,5,5443.625,3016.383
47.950,178.830,0.022,5,5443.773,3017.182
47.960,178.835,0.022,5,5443.921,3017.981
47.970,178.839,0.022,5,5444.069,3018.781
47.980,178.844,0.022,5,5444.217,3019.580
47.990,178.849,0.022,5,5444.365,3020.380
48.000,178.854,0.022,5,5444.513,3021.179
48.010,178.859,0.022,5,5444.660,3021.979
48.020,178.864,0.022,5,5444.808,3022.779
48.030,178.869,0.022,5,5444.956,3023.578
48.040,178.873,0.022,5,5445.103,3024.378
48.050,178.878,0.022,5,5445.250,3025.177
48.060,178.883,0.022,5,5445.398,3025.977
48.070,178.888,0.022,5,5445.545,3026.777
48.080,178.893,0.022,5,5445.692,3027.576
48.090,178.898,0.022,5,5445.839,3028.376
48.100,178.902,0.022,5,5445.987,3029.176
48.110,178.907,0.022,5,5446.134,3029.976
48.120,178.912,0.022,5,5446.281,3030.776
48.130,178.917,0.022,5,5446.427,3031.575
48.140,178.922,0.022,5,5446.574,3032.375
48.150,178.927,0.022,5,5446.721,3033.175
48.160,178.931,0.022,5,5446.868,3033.975
48.170,178.936,0.022,5,5447.014,3034.775
48.180,178.941,0.022,5,5447.161,3035.575
48.190,178.946,0.022,5,5447.307,3036.375
48.200,178.951,0.022,5,5447.454,3037.175
48.210,178.955,0.022,5,5447.600,3037.975
48.220,178.960,0.022,5,5447.746,3038.775
48.230,178.965,0.022,5,5447.893,3039.575
48.240,178.970,0.022,5,5448.039,3040.375
48.250,178.975,0.022,5,5448.185,3041.175
48.260,178.979,0.022,5,5448.331,3041.975
48.270,178.984,0.022,5,5448.477,3042.775
48.280,178.989,0.022,5,5448.623,3043.575
48.290,178.994,0.022,5,5448.769,3044.375
48.300,178.999,0.022,5,5448.914,3045.176
48.310,179.003,0.022,5,5449.060,3045.976
48.320,179.008,0.022,5,5449.206,3046.776
48.330,179.013,0.022,5,5449.351,3047.576
48.340,179.018,0.022,5,5449.497,3048.377
48.350,179.023,0.022,5,5449.642,3049.177
48.360,179.027,0.022,5,5449.788,3049.977
48.370,179.032,0.022,5,5449.933,3050.777
48.380,179.037,0.022,5,5450.078,3051.578
48.390,179.042,0.022,5,5450.223,3052.378
48.400,179.046,0.022,5,5450.368,3053.179
48.410,179.051,0.022,5,5450.514,3053.979
48.420,179.056,0.022,5,5450.658,3054.779
48.430,179.061,0.022,5,5450.803,3055.580
48.440,179.065,0.022,5,5450.948,3056.380
48.450,179.070,0.022,5,5451.093,3057.181
48.460,179.075,0.022,5,5451.238,3057.981
48.470,179.080,0.022,5,5451.382,3058.782
48.480,179.084,0.022,5,5451.527,3059.583
48.490,179.089,0.022,5,5451.672,3060.383
48.500,179.094,0.022,5,5451.816,3061.184
48.510,179.099,0.022,5,5451.960,3061.984
48.520,179.103,0.022,5,5452.105,3062.785
48.530,179.108,0.022,5,5452.249,3063.586
48.540,179.113,0.022,5,5452.393,3064.386
48.550,179.118,0.022,5,5452.537,3065.187
48.560,179.122,0.022,5,5452.681,3065.988
48.570,179.127,0.022,5,5452.825,3066.789
48.580,179.132,0.022,5,5452.969,3067.589
48.590,179.137,0.022,5,5453.113,3068.390
48.600,179.141,0.022,5,5453.257,3069.191
48.610,179.146,0.022,5,5453.401,3069.992
48.620,179.151,0.021,5,5453.544,3070.793
48.630,179.155,0.021,5,5453.688,3071.594
48.640,179.160,0.021,5,5453.831,3072.394
48.650,179.165,0.021,5,5453.975,3073.195
48.660,179.170,0.021,5,5454.118,3073.996
48.670,179.174,0.021,5,5454.262,3074.797
48.680,179.179,0.021,5,5454.405,3075.598
48.690,179.184,0.021,5,5454.548,3076.399
48.700,179.188,0.021,5,5454.691,3077.200
48.710,179.193,0.021,5,5454.834,3078.001
48.720,179.198,0.021,5,5454.977,3078.802
48.730,179.202,0.021,5,5455.120,3079.604
48.740,179.207,0.021,5,5455.263,3080.405
48.750,179.212,0.021,5,5455.406,3081.206
48.760,179.217,0.021,5,5455.549,3082.007
48.770,179.221,0.021,5,5455.692,3082.808
48.780,179.226,0.021,5,5455.834,3083.609
48.790,179.231,0.021,5,5455.977,3084.411
48.800,179.235,0.021,5,5456.119,3085.212
48.810,179.240,0.021,5,5456.262,3086.013
48.820,179.245,0.021,5,5456.404,3086.814
48.830,179.249,0.021,5,5456.546,3087.616
48.840,179.254,0.021,5,5456.689,3088.417
48.850,179.259,0.021,5,5456.831,3089.218
48.860,179.263,0.021,5,5456.973,3090.020
48.870,179.268,0.021,5,5457.115,3090.821
48.880,179.273,0.021,5,5457.257,3091.622
48.890,179.277,0.021,5,5457.399,3092.424
48.900,179.282,0.021,5,5457.541,3093.225
48.910,179.287,0.021,5,5457.683,3094.027
48.920,179.291,0.021,5,5457.824,3094.828
48.930,179.296,0.021,5,5457.966,3095.630
48.940,179.301,0.021,5,5458.108,3096.431
48.950,179.305,0.021,5,5458.249,3097.233
48.960,179.310,0.021,5,5458.391,3098.035
48.970,179.315,0.021,5,5458.532,3098.836
48.980,179.319,0.021,5,5458.673,3099.638
48.990,179.324,0.021,5,5458.815,3100.439
49.000,179.328,0.021,5,5458.956,3101.241
49.010,179.333,0.021,5,5459.097,3102.043
49.020,179.338,0.021,5,5459.238,3102.844
49.030,179.342,0.021,5,5459.379,3103.646
49.040,179.347,0.021,5,5459.520,3104.448
49.050,179.352,0.021,5,5459.661,3105.250
49.060,179.356,0.021,5,5459.802,3106.051
49.070,179.361,0.021,5,5459.943,3106.853
49.080,179.366,0.021,5,5460.083,3107.655
49.090,179.370,0.021,5,5460.224,3108.457
49.100,179.375,0.021,5,5460.365,3109.259
49.110,179.379,0.021,5,5460.505,3110.061
49.120,179.384,0.021,5,5460.646,3110.863
49.130,179.389,0.021,5,5460.786,3111.664
49.140,179.393,0.021,5,5460.926,3112.466
49.150,179.398,0.021,5,5461.067,3113.268
49.160,179.402,0.021,5,5461.207,3114.070
49.170,179.407,0.021,5,5461.347,3114.872
49.180,179.412,0.021,5,5461.487,3115.674
49.190,179.416,0.021,5,5461.627,3116.476
49.200,179.421,0.021,5,5461.767,3117.279
49.210,179.425,0.021,5,5461.907,3118.081
49.220,179.430,0.021,5,5462.047,3118.883
49.230,179.435,0.021,5,5462.186,3119.685
49.240,179.439,0.021,5,5462.326,3120.487
49.250,179.444,0.021,5,5462.466,3121.289
49.260,179.448,0.021,5,5462.605,3122.091
49.270,179.453,0.021,5,5462.745,3122.894
49.280,179.458,0.021,5,5462.884,3123.696
49.290,179.462,0.021,5,5463.024,3124.498
49.300,179.467,0.021,5,5463.163,3125.300
49.310,179.471,0.021,5,5463.302,3126.103
49.320,179.476,0.021,5,5463.441,3126.905
49.330,179.480,0.021,5,5463.580,3127.707
49.340,179.485,0.021,5,5463.719,3128.510
49.350,179.490,0.021,5,5463.858,3129.312
49.360,179.494,0.021,5,5463.997,3130.114
49.370,179.499,0.021,5,5464.136,3130.917
49.380,179.503,0.021,5,5464.275,3131.719
49.390,179.508,0.021,5,5464.414,3132.522
49.400,179.512,0.021,5,5464.553,3133.324
49.410,179.517,0.021,5,5464.691,3134.127
49.420,179.521,0.021,5,5464.830,3134.929
49.430,179.526,0.021,5,5464.968,3135.732
49.440,179.531,0.021,5,5465.107,3136.534
49.450,179.535,0.021,5,5465.245,3137.337
49.460,179.540,0.021,5,5465.383,3138.140
49.470,179.544,0.021,5,5465.522,3138.942
49.480,179.549,0.021,5,5465.660,3139.745
49.490,179.553,0.021,5,5465.798,3140.548
49.500,179.558,0.021,5,5465.936,3141.350
49.510,179.562,0.021,5,5466.074,3142.153
49.520,179.567,0.021,5,5466.212,3142.956
49.530,179.571,0.021,5,5466.350,3143.758
49.540,179.576,0.021,5,5466.487,3144.561
49.550,179.580,0.021,5,5466.625,3145.364
49.560,179.585,0.021,5,5466.763,3146.167
49.570,179.589,0.021,5,5466.901,3146.970
49.580,179.594,0.021,5,5467.038,3147.772
49.590,179.598,0.021,5,5467.176,3148.575
49.600,179.603,0.021,5,5467.313,3149.378
49.610,179.608,0.021,5,5467.450,3150.181
49.620,179.612,0.021,5,5467.588,3150.984
49.630,179.617,0.021,5,5467.725,3151.787
49.640,179.621,0.021,5,5467.862,3152.590
49.650,179.626,0.021,5,5467.999,3153.393
49.660,179.630,0.021,5,5468.136,3154.196
49.670,179.635,0.020,5,5468.273,3154.999
49.680,179.639,0.020,5,5468.410,3155.802
49.690,179.644,0.020,5,5468.547,3156.605
49.700,179.648,0.020,5,5468.684,3157.408
49.710,179.653,0.020,5,5468.821,3158.211
49.720,179.657,0.020,5,5468.957,3159.014
49.730,179.662,0.020,5,5469.094,3159.817
49.740,179.666,0.020,5,5469.230,3160.621
49.750,179.670,0.020,5,5469.367,3161.424
49.760,179.675,0.020,5,5469.503,3162.227
49.770,179.679,0.020,5,5469.640,3163.030
49.780,179.684,0.020,5,5469.776,3163.834
49.790,179.688,0.020,5,5469.912,3164.637
49.800,179.693,0.020,5,5470.049,3165.440
49.810,179.697,0.020,5,5470.185,3166.243
49.820,179.702,0.020,5,5470.321,3167.047
49.830,179.706,0.020,5,5470.457,3167.850
49.840,179.711,0.020,5,5470.593,3168.653
49.850,179.715,0.020,5,5470.729,3169.457
49.860,179.720,0.020,5,5470.864,3170.260
49.870,179.724,0.020,5,5471.000,3171.064
49.880,179.729,0.020,5,5471.136,3171.867
49.890,179.733,0.020,5,5471.271,3172.671
49.900,179.738,0.020,5,5471.407,3173.474
49.910,179.742,0.020,5,5471.543,3174.278
49.920,179.746,0.020,5,5471.678,3175.081
49.930,179.751,0.020,5,5471.813,3175.885
49.940,179.755,0.020,5,5471.949,3176.688
49.950,179.760,0.020,5,5472.084,3177.492
49.960,179.764,0.020,5,5472.219,3178.295
49.970,179.769,0.020,5,5472.354,3179.099
49.980,179.773,0.020,5,5472.489,3179.903
49.990,179.777,0.020,5,5472.624,3180.706
50.000,179.782,0.020,5,5472.759,3181.510
50.010,179.786,0.020,5,5472.894,3182.314
50.020,179.791,0.020,5,5473.029,3183.117
50.030,179.795,0.020,5,5473.164,3183.921
50.040,179.800,0.020,5,5473.299,3184.725
50.050,179.804,0.020,5,5473.433,3185.529
50.060,179.808,0.020,5,5473.568,3186.333
50.070,179.813,0.020,5,5473.702,3187.136
50.080,179.817,0.020,5,5473.837,3187.940
50.090,179.822,0.020,5,5473.971,3188.744
50.100,179.826,0.020,5,5474.106,3189.548
50.110,179.831,0.020,5,5474.240,3190.352
50.120,179.835,0.020,5,5474.374,3191.156
50.130,179.839,0.020,5,5474.508,3191.960
50.140,179.844,0.020,5,5474.642,3192.764
50.150,179.848,0.020,5,5474.776,3193.568
50.160,179.853,0.020,5,5474.910,3194.372
50.170,179.857,0.020,5,5475.044,3195.176
50.180,179.861,0.020,5,5475.178,3195.980
50.190,179.866,0.020,5,5475.312,3196.784
50.200,179.870,0.020,5,5475.446,3197.588
50.210,179.875,0.020,5,5475.579,3198.392
50.220,179.879,0.020,5,5475.713,3199.196
50.230,179.883,0.020,5,5475.846,3200.000
50.240,179.888,0.020,5,5475.980,3200.804
50.250,179.892,0.020,5,5476.113,3201.609
50.260,179.896,0.020,5,5476.247,3202.413
50.270,179.901,0.020,5,5476.380,3203.217
50.280,179.905,0.020,5,5476.513,3204.021
50.290,179.910,0.020,5,5476.647,3204.825
50.300,179.914,0.020,5,5476.780,3205.630
50.310,179.918,0.020,5,5476.913,3206.434
50.320,179.923,0.020,5,5477.046,3207.238
50.330,179.927,0.020,5,5477.179,3208.043
50.340,179.931,0.020,5,5477.312,3208.847
50.350,179.936,0.020,5,5477.444,3209.651
50.360,179.940,0.020,5,5477.577,3210.456
50.370,179.945,0.020,5,5477.710,3211.260
50.380,179.949,0.020,5,5477.842,3212.065
50.390,179.953,0.020,5,5477.975,3212.869
50.400,179.958,0.020,5,5478.108,3213.674
50.410,179.962,0.020,5,5478.240,3214.478
50.420,179.966,0.020,5,5478.372,3215.283
50.430,179.971,0.020,5,5478.505,3216.087
50.440,179.975,0.020,5,5478.637,3216.892
50.450,179.979,0.020,5,5478.769,3217.696
50.460,179.984,0.020,5,5478.901,3218.501
50.470,179.988,0.020,5,5479.034,3219.305
50.480,179.992,0.020,5,5479.166,3220.110
50.490,179.997,0.020,5,5479.298,3220.915
50.500,180.001,0.020,5,5479.430,3221.719
50.510,180.005,0.020,5,5479.561,3222.524
50.520,180.010,0.020,5,5479.693,3223.329
50.530,180.014,0.020,5,5479.825,3224.134
50.540,180.018,0.020,5,5479.957,3224.938
50.550,180.023,0.020,5,5480.088,3225.743
50.560,180.027,0.020,5,5480.220,3226.548
50.570,180.031,0.020,5,5480.351,3227.353
50.580,180.036,0.020,5,5480.483,3228.157
50.590,180.040,0.020,5,5480.614,3228.962
50.600,180.044,0.020,5,5480.745,3229.767
50.610,180.049,0.020,5,5480.877,3230.572
50.620,180.053,0.020,5,5481.008,3231.377
50.630,180.057,0.020,5,5481.139,3232.182
50.640,180.062,0.020,5,5481.270,3232.987
50.650,180.066,0.020,5,5481.401,3233.792
50.660,180.070,0.020,5,5481.532,3234.597
50.670,180.074,0.020,5,5481.663,3235.402
50.680,180.079,0.020,5,5481.794,3236.207
50.690,180.083,0.020,5,5481.925,3237.012
50.700,180.087,0.020,5,5482.055,3237.817
50.710,180.092,0.020,5,5482.186,3238.622
50.720,180.096,0.020,5,5482.317,3239.427
50.730,180.100,0.020,5,5482.447,3240.232
50.740,180.104,0.020,5,5482.578,3241.037
50.750,180.109,0.020,5,5482.708,3241.842
50.760,180.113,0.020,5,5482.839,3242.647
50.770,180.117,0.019,5,5482.969,3243.453
50.780,180.122,0.019,5,5483.099,3244.258
50.790,180.126,0.019,5,5483.229,3245.063
50.800,180.130,0.019,5,5483.359,3245.868
50.810,180.134,0.019,5,5483.490,3246.674
50.820,180.139,0.019,5,5483.620,3247.479
50.830,180.143,0.019,5,5483.750,3248.284
50.840,180.147,0.019,5,5483.879,3249.089
50.850,180.151,0.019,5,5484.009,3249.895
50.860,180.156,0.019,5,5484.139,3250.700
50.870,180.160,0.019,5,5484.269,3251.506
50.880,180.164,0.019,5,5484.398,3252.311
50.890,180.169,0.019,5,5484.528,3253.116
50.900,180.173,0.019,5,5484.658,3253.922
50.910,180.177,0.019,5,5484.787,3254.727
50.920,180.181,0.019,5,5484.917,3255.533
50.930,180.186,0.019,5,5485.046,3256.338
50.940,180.190,0.019,5,5485.175,3257.144
50.950,180.194,0.019,5,5485.304,3257.949
50.960,180.198,0.019,5,5485.434,3258.755
50.970,180.203,0.019,5,5485.563,3259.560
50.980,180.207,0.019,5,5485.692,3260.366
50.990,180.211,0.019,5,5485.821,3261.172
51.000,180.215,0.019,5,5485.950,3261.977
51.010,180.219,0.019,5,5486.079,3262.783
51.020,180.224,0.019,5,5486.208,3263.588
51.030,180.228,0.019,5,5486.336,3264.394
51.040,180.232,0.019,5,5486.465,3265.200
51.050,180.236,0.019,5,5486.594,3266.006
51.060,180.241,0.019,5,5486.722,3266.811
51.070,180.245,0.019,5,5486.851,3267.617
51.080,180.249,0.019,5,5486.979,3268.423
51.090,180.253,0.019,5,5487.108,3269.229
51.100,180.257,0.019,5,5487.236,3270.034
51.110,180.262,0.019,5,5487.364,3270.840
51.120,180.266,0.019,5,5487.493,3271.646
51.130,180.270,0.019,5,5487.621,3272.452
51.140,180.274,0.019,5,5487.749,3273.258
51.150,180.279,0.019,5,5487.877,3274.064
51.160,180.283,0.019,5,5488.005,3274.870
51.170,180.287,0.019,5,5488.133,3275.676
51.180,180.291,0.019,5,5488.261,3276.482
51.190,180.295,0.019,5,5488.389,3277.288
51.200,180.300,0.019,5,5488.517,3278.094
51.210,180.304,0.019,5,5488.644,3278.900
51.220,180.308,0.019,5,5488.772,3279.706
51.230,180.312,0.019,5,5488.900,3280.512
51.240,180.316,0.019,5,5489.027,3281.318
51.250,180.321,0.019,5,5489.155,3282.124
51.260,180.325,0.019,5,5489.282,3282.930
51.270,180.329,0.019,5,5489.410,3283.736
51.280,180.333,0.019,5,5489.537,3284.542
51.290,180.337,0.019,5,5489.664,3285.348
51.300,180.341,0.019,5,5489.791,3286.155
51.310,180.346,0.019,5,5489.918,3286.961
51.320,180.350,0.019,5,5490.046,3287.767
51.330,180.354,0.019,5,5490.173,3288.573
51.340,180.358,0.019,5,5490.300,3289.380
51.350,180.362,0.019,5,5490.426,3290.186
51.360,180.366,0.019,5,5490.553,3290.992
51.370,180.371,0.019,5,5490.680,3291.798
51.380,180.375,0.019,5,5490.807,3292.605
51.390,180.379,0.019,5,5490.934,3293.411
51.400,180.383,0.019,5,5491.060,3294.218
51.410,180.387,0.019,5,5491.187,3295.024
51.420,180.391,0.019,5,5491.313,3295.830
51.430,180.396,0.019,5,5491.440,3296.637
51.440,180.400,0.019,5,5491.566,3297.443
51.450,180.404,0.019,5,5491.692,3298.250
51.460,180.408,0.019,5,5491.819,3299.056
51.470,180.412,0.019,5,5491.945,3299.863
51.480,180.416,0.019,5,5492.071,3300.669
51.490,180.420,0.019,5,5492.197,3301.476
51.500,180.425,0.019,5,5492.323,3302.282
51.510,180.429,0.019,5,5492.449,3303.089
51.520,180.433,0.019,5,5492.575,3303.895
51.530,180.437,0.019,5,5492.701,3304.702
51.540,180.441,0.019,5,5492.827,3305.509
51.550,180.445,0.019,5,5492.953,3306.315
51.560,180.449,0.019,5,5493.078,3307.122
51.570,180.454,0.019,5,5493.204,3307.929
51.580,180.458,0.019,5,5493.330,3308.735
51.590,180.462,0.019,5,5493.455,3309.542
51.600,180.466,0.019,5,5493.581,3310.349
51.610,180.470,0.019,5,5493.706,3311.156
51.620,180.474,0.019,5,5493.831,3311.962
51.630,180.478,0.019,5,5493.957,3312.769
51.640,180.482,0.019,5,5494.082,3313.576
51.650,180.486,0.019,5,5494.207,3314.383
51.660,180.491,0.019,5,5494.332,3315.190
51.670,180.495,0.019,5,5494.457,3315.997
51.680,180.499,0.019,5,5494.582,3316.804
51.690,180.503,0.019,5,5494.707,3317.610
51.700,180.507,0.019,5,5494.832,3318.417
51.710,180.511,0.019,5,5494.957,3319.224
51.720,180.515,0.019,5,5495.082,3320.031
51.730,180.519,0.019,5,5495.207,3320.838
51.740,180.523,0.019,5,5495.331,3321.645
51.750,180.528,0.019,5,5495.456,3322.452
51.760,180.532,0.019,5,5495.581,3323.259
51.770,180.536,0.019,5,5495.705,3324.066
51.780,180.540,0.019,5,5495.830,3324.873
51.790,180.544,0.019,5,5495.954,3325.681
51.800,180.548,0.019,5,5496.078,3326.488
51.810,180.552,0.019,5,5496.203,3327.295
51.820,180.556,0.019,5,5496.327,3328.102
51.830,180.560,0.019,5,5496.451,3328.909
51.840,180.564,0.019,5,5496.575,3329.716
51.850,180.568,0.019,5,5496.699,3330.524
51.860,180.572,0.019,5,5496.823,3331.331
51.870,180.577,0.019,5,5496.947,3332.138
51.880,180.581,0.019,5,5497.071,3332.945
51.890,180.585,0.019,5,5497.195,3333.752
51.900,180.589,0.019,5,5497.319,3334.560
51.910,180.593,0.019,5,5497.442,3335.367
51.920,180.597,0.019,5,5497.566,3336.174
51.930,180.601,0.018,5,5497.690,3336.982
51.940,180.605,0.018,5,5497.813,3337.789
51.950,180.609,0.018,5,5497.937,3338.597
51.960,180.613,0.018,5,5498.060,3339.404
51.970,180.617,0.018,5,5498.183,3340.211
51.980,180.621,0.018,5,5498.307,3341.019
51.990,180.625,0.018,5,5498.430,3341.826
52.000,180.629,0.018,5,5498.553,3342.634
52.010,180.633,0.018,5,5498.676,3343.441
52.020,180.637,0.018,5,5498.799,3344.249
52.030,180.641,0.018,5,5498.922,3345.056
52.040,180.645,0.018,5,5499.045,3345.864
52.050,180.649,0.018,5,5499.168,3346.671
52.060,180.654,0.018,5,5499.291,3347.479
52.070,180.658,0.018,5,5499.414,3348.287
52.080,180.662,0.018,5,5499.537,3349.094
52.090,180.666,0.018,5,5499.660,3349.902
52.100,180.670,0.018,5,5499.782,3350.709
52.110,180.674,0.018,5,5499.905,3351.517
52.120,180.678,0.018,5,5500.027,3352.325
52.130,180.682,0.018,5,5500.150,3353.133
52.140,180.686,0.018,5,5500.272,3353.940
52.150,180.690,0.018,5,5500.395,3354.748
52.160,180.694,0.018,5,5500.517,3355.556
52.170,180.698,0.018,5,5500.639,3356.364
52.180,180.702,0.018,5,5500.761,3357.171
52.190,180.706,0.018,5,5500.884,3357.979
52.200,180.710,0.018,5,5501.006,3358.787
52.210,180.714,0.018,5,5501.128,3359.595
52.220,180.718,0.018,5,5501.250,3360.403
52.230,180.722,0.018,5,5501.372,3361.211
52.240,180.726,0.018,5,5501.493,3362.019
52.250,180.730,0.018,5,5501.615,3362.826
52.260,180.734,0.018,5,5501.737,3363.634
52.270,180.738,0.018,5,5501.859,3364.442
52.280,180.742,0.018,5,5501.980,3365.250
52.290,180.746,0.018,5,5502.102,3366.058
52.300,180.750,0.018,5,5502.223,3366.866
52.310,180.754,0.018,5,5502.345,3367.674
52.320,180.758,0.018,5,5502.466,3368.482
52.330,180.762,0.018,5,5502.588,3369.290
52.340,180.766,0.018,5,5502.709,3370.099
52.350,180.770,0.018,5,5502.830,3370.907
52.360,180.774,0.018,5,5502.951,3371.715
52.370,180.778,0.018,5,5503.073,3372.523
52.380,180.782,0.018,5,5503.194,3373.331
52.390,180.786,0.018,5,5503.315,3374.139
52.400,180.790,0.018,5,5503.436,3374.947
52.410,180.794,0.018,5,5503.557,3375.756
52.420,180.798,0.018,5,5503.678,3376.564
52.430,180.802,0.018,5,5503.798,3377.372
52.440,180.806,0.018,5,5503.919,3378.180
52.450,180.810,0.018,5,5504.040,3378.989
52.460,180.813,0.018,5,5504.160,3379.797
52.470,180.817,0.018,5,5504.281,3380.605
52.480,180.821,0.018,5,5504.402,3381.414
52.490,180.825,0.018,5,5504.522,3382.222
52.500,180.829,0.018,5,5504.642,3383.030
52.510,180.833,0.018,5,5504.763,3383.839
52.520,180.837,0.018,5,5504.883,3384.647
52.530,180.841,0.018,5,5505.003,3385.456
52.540,180.845,0.018,5,5505.124,3386.264
52.550,180.849,0.018,5,5505.244,3387.072
52.560,180.853,0.018,5,5505.364,3387.881
52.570,180.857,0.018,5,5505.484,3388.689
52.580,180.861,0.018,5,5505.604,3389.498
52.590,180.865,0.018,5,5505.724,3390.306
52.600,180.869,0.018,5,5505.844,3391.115
52.610,180.873,0.018,5,5505.964,3391.924
52.620,180.877,0.018,5,5506.083,3392.732
52.630,180.881,0.018,5,5506.203,3393.541
52.640,180.884,0.018,5,5506.323,3394.349
52.650,180.888,0.018,5,5506.442,3395.158
52.660,180.892,0.018,5,5506.562,3395.967
52.670,180.896,0.018,5,5506.681,3396.775
52.680,180.900,0.018,5,5506.801,3397.584
52.690,180.904,0.018,5,5506.920,3398.393
52.700,180.908,0.018,5,5507.040,3399.201
52.710,180.912,0.018,5,5507.159,3400.010
52.720,180.916,0.018,5,5507.278,3400.819
52.730,180.920,0.018,5,5507.397,3401.628
52.740,180.924,0.018,5,5507.516,3402.436
52.750,180.928,0.018,5,5507.635,3403.245
52.760,180.932,0.018,5,5507.754,3404.054
52.770,180.935,0.018,5,5507.873,3404.863
52.780,180.939,0.018,5,5507.992,3405.672
52.790,180.943,0.018,5,5508.111,3406.481
52.800,180.947,0.018,5,5508.230,3407.290
52.810,180.951,0.018,5,5508.349,3408.099
52.820,180.955,0.018,5,5508.467,3408.907
52.830,180.959,0.018,5,5508.586,3409.716
52.840,180.963,0.018,5,5508.704,3410.525
52.850,180.967,0.018,5,5508.823,3411.334
52.860,180.971,0.018,5,5508.941,3412.143
52.870,180.974,0.018,5,5509.060,3412.952
52.880,180.978,0.018,5,5509.178,3413.761
52.890,180.982,0.018,5,5509.297,3414.570
52.900,180.986,0.018,5,5509.415,3415.380
52.910,180.990,0.018,5,5509.533,3416.189
52.920,180.994,0.018,5,5509.651,3416.998
52.930,180.998,0.018,5,5509.769,3417.807
52.940,181.002,0.018,5,5509.887,3418.616
52.950,181.005,0.018,5,5510.005,3419.425
52.960,181.009,0.018,5,5510.123,3420.234
52.970,181.013,0.018,5,5510.241,3421.043
52.980,181.017,0.018,5,5510.359,3421.853
52.990,181.021,0.018,5,5510.477,3422.662
53.000,181.025,0.018,5,5510.594,3423.471
53.010,181.029,0.018,5,5510.712,3424.280
53.020,181.033,0.018,5,5510.830,3425.090
53.030,181.036,0.018,5,5510.947,3425.899
53.040,181.040,0.018,5,5511.065,3426.708
53.050,181.044,0.018,5,5511.182,3427.518
53.060,181.048,0.018,5,5511.299,3428.327
53.070,181.052,0.018,5,5511.417,3429.136
53.080,181.056,0.018,5,5511.534,3429.946
53.090,181.060,0.018,5,5511.651,3430.755
53.100,181.063,0.018,5,5511.768,3431.565
53.110,181.067,0.018,5,5511.886,3432.374
53.120,181.071,0.018,5,5512.003,3433.183
53.130,181.075,0.018,5,5512.120,3433.993
53.140,181.079,0.018,5,5512.237,3434.802
53.150,181.083,0.017,5,5512.353,3435.612
53.160,181.086,0.017,5,5512.470,3436.421
53.170,181.090,0.017,5,5512.587,3437.231
53.180,181.094,0.017,5,5512.704,3438.041
53.190,181.098,0.017,5,5512.821,3438.850
53.200,181.102,0.017,5,5512.937,3439.660
53.210,181.106,0.017,5,5513.054,3440.469
53.220,181.109,0.017,5,5513.170,3441.279
53.230,181.113,0.017,5,5513.287,3442.089
53.240,181.117,0.017,5,5513.403,3442.898
53.250,181.121,0.017,5,5513.520,3443.708
53.260,181.125,0.017,5,5513.636,3444.518
53.270,181.129,0.017,5,5513.752,3445.327
53.280,181.132,0.017,5,5513.868,3446.137
53.290,181.136,0.017,5,5513.984,3446.947
53.300,181.140,0.017,5,5514.101,3447.756
53.310,181.144,0.017,5,5514.217,3448.566
53.320,181.148,0.017,5,5514.333,3449.376
53.330,181.151,0.017,5,5514.449,3450.186
53.340,181.155,0.017,5,5514.564,3450.996
53.350,181.159,0.017,5,5514.680,3451.806
53.360,181.163,0.017,5,5514.796,3452.615
53.370,181.167,0.017,5,5514.912,3453.425
53.380,181.170,0.017,5,5515.027,3454.235
53.390,181.174,0.017,5,5515.143,3455.045
53.400,181.178,0.017,5,5515.259,3455.855
53.410,181.182,0.017,5,5515.374,3456.665
53.420,181.186,0.017,5,5515.490,3457.475
53.430,181.189,0.017,5,5515.605,3458.285
53.440,181.193,0.017,5,5515.720,3459.095
53.450,181.197,0.017,5,5515.836,3459.905
53.460,181.201,0.017,5,5515.951,3460.715
53.470,181.205,0.017,5,5516.066,3461.525
53.480,181.208,0.017,5,5516.181,3462.335
53.490,181.212,0.017,5,5516.296,3463.145
53.500,181.216,0.017,5,5516.412,3463.955
53.510,181.220,0.017,5,5516.527,3464.765
53.520,181.223,0.017,5,5516.641,3465.575
53.530,181.227,0.017,5,5516.756,3466.386
53.540,181.231,0.017,5,5516.871,3467.196
53.550,181.235,0.017,5,5516.986,3468.006
53.560,181.239,0.017,5,5517.101,3468.816
53.570,181.242,0.017,5,5517.215,3469.626
53.580,181.246,0.017,5,5517.330,3470.437
53.590,181.250,0.017,5,5517.445,3471.247
53.600,181.254,0.017,5,5517.559,3472.057
53.610,181.257,0.017,5,5517.674,3472.867
53.620,181.261,0.017,5,5517.788,3473.678
53.630,181.265,0.017,5,5517.902,3474.488
53.640,181.269,0.017,5,5518.017,3475.298
53.650,181.272,0.017,5,5518.131,3476.109
53.660,181.276,0.017,5,5518.245,3476.919
53.670,181.280,0.017,5,5518.359,3477.729
53.680,181.284,0.017,5,5518.473,3478.540
53.690,181.287,0.017,5,5518.587,3479.350
53.700,181.291,0.017,5,5518.701,3480.161
53.710,181.295,0.017,5,5518.815,3480.971
53.720,181.299,0.017,5,5518.929,3481.782
53.730,181.302,0.017,5,5519.043,3482.592
53.740,181.306,0.017,5,5519.157,3483.403
53.750,181.310,0.017,5,5519.271,3484.213
53.760,181.314,0.017,5,5519.384,3485.024
53.770,181.317,0.017,5,5519.498,3485.834
53.780,181.321,0.017,5,5519.611,3486.645
53.790,181.325,0.017,5,5519.725,3487.455
53.800,181.328,0.017,5,5519.838,3488.266
53.810,181.332,0.017,5,5519.952,3489.077
53.820,181.336,0.017,5,5520.065,3489.887
53.830,181.340,0.017,5,5520.179,3490.698
53.840,181.343,0.017,5,5520.292,3491.509
53.850,181.347,0.017,5,5520.405,3492.319
53.860,181.351,0.017,5,5520.518,3493.130
53.870,181.355,0.017,5,5520.631,3493.941
53.880,181.358,0.017,5,5520.744,3494.751
53.890,181.362,0.017,5,5520.857,3495.562
53.900,181.366,0.017,5,5520.970,3496.373
53.910,181.369,0.017,5,5521.083,3497.184
53.920,181.373,0.017,5,5521.196,3497.994
53.930,181.377,0.017,5,5521.309,3498.805
53.940,181.381,0.017,5,5521.422,3499.616
53.950,181.384,0.017,5,5521.534,3500.427
53.960,181.388,0.017,5,5521.647,3501.238
53.970,181.392,0.017,5,5521.760,3502.049
53.980,181.395,0.017,5,5521.872,3502.860
53.990,181.399,0.017,5,5521.985,3503.671
54.000,181.403,0.017,5,5522.097,3504.481
54.010,181.406,0.017,5,5522.209,3505.292
54.020,181.410,0.017,5,5522.322,3506.103
54.030,181.414,0.017,5,5522.434,3506.914
54.040,181.417,0.017,5,5522.546,3507.725
54.050,181.421,0.017,5,5522.659,3508.536
54.060,181.425,0.017,5,5522.771,3509.347
54.070,181.428,0.017,5,5522.883,3510.158
54.080,181.432,0.017,5,5522.995,3510.970
54.090,181.436,0.017,5,5523.107,3511.781
54.100,181.440,0.017,5,5523.219,3512.592
54.110,181.443,0.017,5,5523.331,3513.403
54.120,181.447,0.017,5,5523.442,3514.214
54.130,181.451,0.017,5,5523.554,3515.025
54.140,181.454,0.017,5,5523.666,3515.836
54.150,181.458,0.017,5,5523.778,3516.647
54.160,181.462,0.017,5,5523.889,3517.459
54.170,181.465,0.017,5,5524.001,3518.270
54.180,181.469,0.017,5,5524.112,3519.081
54.190,181.473,0.017,5,5524.224,3519.892
54.200,181.476,0.017,5,5524.335,3520.704
54.210,181.480,0.017,5,5524.446,3521.515
54.220,181.484,0.017,5,5524.558,3522.326
54.230,181.487,0.017,5,5524.669,3523.137
54.240,181.491,0.017,5,5524.780,3523.949
54.250,181.494,0.017,5,5524.891,3524.760
54.260,181.498,0.017,5,5525.002,3525.572
54.270,181.502,0.017,5,5525.114,3526.383
54.280,181.505,0.017,5,5525.225,3527.194
54.290,181.509,0.017,5,5525.336,3528.006
54.300,181.513,0.017,5,5525.446,3528.817
54.310,181.516,0.017,5,5525.557,3529.629
54.320,181.520,0.017,5,5525.668,3530.440
54.330,181.524,0.017,5,5525.779,3531.251
54.340,181.527,0.017,5,5525.890,3532.063
54.350,181.531,0.017,5,5526.000,3532.874
54.360,181.535,0.017,5,5526.111,3533.686
54.370,181.538,0.017,5,5526.221,3534.498
54.380,181.542,0.017,5,5526.332,3535.309
54.390,181.545,0.017,5,5526.442,3536.121
54.400,181.549,0.017,5,5526.553,3536.932
54.410,181.553,0.017,5,5526.663,3537.744
54.420,181.556,0.017,5,5526.773,3538.555
54.430,181.560,0.016,5,5526.884,3539.367
54.440,181.564,0.016,5,5526.994,3540.179
54.450,181.567,0.016,5,5527.104,3540.990
54.460,181.571,0.016,5,5527.214,3541.802
54.470,181.574,0.016,5,5527.324,3542.614
54.480,181.578,0.016,5,5527.434,3543.426
54.490,181.582,0.016,5,5527.544,3544.237
54.500,181.585,0.016,5,5527.654,3545.049
54.510,181.589,0.016,5,5527.764,3545.861
54.520,181.592,0.016,5,5527.873,3546.673
54.530,181.596,0.016,5,5527.983,3547.484
54.540,181.600,0.016,5,5528.093,3548.296
54.550,181.603,0.016,5,5528.203,3549.108
54.560,181.607,0.016,5,5528.312,3549.920
54.570,181.610,0.016,5,5528.422,3550.732
54.580,181.614,0.016,5,5528.531,3551.544
54.590,181.618,0.016,5,5528.641,3552.355
54.600,181.621,0.016,5,5528.750,3553.167
54.610,181.625,0.016,5,5528.859,3553.979
54.620,181.628,0.016,5,5528.969,3554.791
54.630,181.632,0.016,5,5529.078,3555.603
54.640,181.636,0.016,5,5529.187,3556.415
54.650,181.639,0.016,5,5529.296,3557.227
54.660,181.643,0.016,5,5529.405,3558.039
54.670,181.646,0.016,5,5529.514,3558.851
54.680,181.650,0.016,5,5529.623,3559.663
54.690,181.654,0.016,5,5529.732,3560.475
54.700,181.657,0.016,5,5529.841,3561.287
54.710,181.661,0.016,5,5529.950,3562.099
54.720,181.664,0.016,5,5530.059,3562.912
54.730,181.668,0.016,5,5530.167,3563.724
54.740,181.671,0.016,5,5530.276,3564.536
54.750,181.675,0.016,5,5530.385,3565.348
54.760,181.679,0.016,5,5530.493,3566.160
54.770,181.682,0.016,5,5530.602,3566.972
54.780,181.686,0.016,5,5530.710,3567.785
54.790,181.689,0.016,5,5530.819,3568.597
54.800,181.693,0.016,5,5530.927,3569.409
54.810,181.696,0.016,5,5531.036,3570.221
54.820,181.700,0.016,5,5531.144,3571.033
54.830,181.703,0.016,5,5531.252,3571.846
54.840,181.707,0.016,5,5531.360,3572.658
54.850,181.711,0.016,5,5531.468,3573.470
54.860,181.714,0.016,5,5531.577,3574.283
54.870,181.718,0.016,5,5531.685,3575.095
54.880,181.721,0.016,5,5531.793,3575.907
54.890,181.725,0.016,5,5531.900,3576.720
54.900,181.728,0.016,5,5532.008,3577.532
54.910,181.732,0.016,5,5532.116,3578.345
54.920,181.735,0.016,5,5532.224,3579.157
54.930,181.739,0.016,5,5532.332,3579.969
54.940,181.742,0.016,5,5532.439,3580.782
54.950,181.746,0.016,5,5532.547,3581.594
54.960,181.750,0.016,5,5532.655,3582.407
54.970,181.753,0.016,5,5532.762,3583.219
54.980,181.757,0.016,5,5532.870,3584.032
54.990,181.760,0.016,5,5532.977,3584.844
55.000,181.764,0.016,5,5533.085,3585.657
55.010,181.767,0.016,5,5533.192,3586.469
55.020,181.771,0.016,5,5533.299,3587.282
55.030,181.774,0.016,5,5533.406,3588.095
55.040,181.778,0.016,5,5533.514,3588.907
55.050,181.781,0.016,5,5533.621,3589.720
55.060,181.785,0.016,5,5533.728,3590.533
55.070,181.788,0.016,5,5533.835,3591.345
55.080,181.792,0.016,5,5533.942,3592.158
55.090,181.795,0.016,5,5534.049,3592.971
55.100,181.799,0.016,5,5534.156,3593.783
55.110,181.802,0.016,5,5534.263,3594.596
55.120,181.806,0.016,5,5534.370,3595.409
55.130,181.809,0.016,5,5534.476,3596.221
55.140,181.813,0.016,5,5534.583,3597.034
55.150,181.816,0.016,5,5534.690,3597.847
55.160,181.820,0.016,5,5534.796,3598.660
55.170,181.823,0.016,5,5534.903,3599.473
55.180,181.827,0.016,5,5535.009,3600.285
55.190,181.830,0.016,5,5535.116,3601.098
55.200,181.834,0.016,5,5535.222,3601.911
55.210,181.837,0.016,5,5535.329,3602.724
55.220,181.841,0.016,5,5535.435,3603.537
55.230,181.844,0.016,5,5535.541,3604.350
55.240,181.848,0.016,5,5535.647,3605.163
55.250,181.851,0.016,5,5535.754,3605.976
55.260,181.855,0.016,5,5535.860,3606.789
55.270,181.858,0.016,5,5535.966,3607.602
55.280,181.862,0.016,5,5536.072,3608.415
55.290,181.865,0.016,5,5536.178,3609.228
55.300,181.869,0.016,5,5536.284,3610.041
55.310,181.872,0.016,5,5536.390,3610.854
55.320,181.876,0.016,5,5536.495,3611.667
55.330,181.879,0.016,5,5536.601,3612.480
55.340,181.883,0.016,5,5536.707,3613.293
55.350,181.886,0.016,5,5536.813,3614.106
55.360,181.890,0.016,5,5536.918,3614.919
55.370,181.893,0.016,5,5537.024,3615.732
55.380,181.897,0.016,5,5537.129,3616.545
55.390,181.900,0.016,5,5537.235,3617.358
55.400,181.903,0.016,5,5537.340,3618.172
55.410,181.907,0.016,5,5537.446,3618.985
55.420,181.910,0.016,5,5537.551,3619.798
55.430,181.914,0.016,5,5537.656,3620.611
55.440,181.917,0.016,5,5537.762,3621.424
55.450,181.921,0.016,5,5537.867,3622.238
55.460,181.924,0.016,5,5537.972,3623.051
55.470,181.928,0.016,5,5538.077,3623.864
55.480,181.931,0.016,5,5538.182,3624.678
55.490,181.935,0.016,5,5538.287,3625.491
55.500,181.938,0.016,5,5538.392,3626.304
55.510,181.941,0.016,5,5538.497,3627.118
55.520,181.945,0.016,5,5538.602,3627.931
55.530,181.948,0.016,5,5538.707,3628.744
55.540,181.952,0.016,5,5538.811,3629.558
55.550,181.955,0.016,5,5538.916,3630.371
55.560,181.959,0.016,5,5539.021,3631.184
55.570,181.962,0.016,5,5539.125,3631.998
55.580,181.966,0.016,5,5539.230,3632.811
55.590,181.969,0.016,5,5539.335,3633.625
55.600,181.972,0.016,5,5539.439,3634.438
55.610,181.976,0.016,5,5539.543,3635.252
55.620,181.979,0.016,5,5539.648,3636.065
55.630,181.983,0.016,5,5539.752,3636.879
55.640,181.986,0.016,5,5539.856,3637.692
55.650,181.990,0.016,5,5539.961,3638.506
55.660,181.993,0.016,5,5540.065,3639.320
55.670,181.996,0.016,5,5540.169,3640.133
55.680,182.000,0.016,5,5540.273,3640.947
55.690,182.003,0.016,5,5540.377,3641.760
55.700,182.007,0.016,5,5540.481,3642.574
55.710,182.010,0.016,5,5540.585,3643.388
55.720,182.013,0.016,5,5540.689,3644.201
55.730,182.017,0.016,5,5540.793,3645.015
55.740,182.020,0.016,5,5540.897,3645.829
55.750,182.024,0.016,5,5541.000,3646.642
55.760,182.027,0.016,5,5541.104,3647.456
55.770,182.030,0.016,5,5541.208,3648.270
55.780,182.034,0.016,5,5541.311,3649.084
55.790,182.037,0.015,5,5541.415,3649.897
55.800,182.041,0.015,5,5541.518,3650.711
55.810,182.044,0.015,5,5541.622,3651.525
55.820,182.047,0.015,5,5541.725,3652.339
55.830,182.051,0.015,5,5541.829,3653.153
55.840,182.054,0.015,5,5541.932,3653.966
55.850,182.058,0.015,5,5542.035,3654.780
55.860,182.061,0.015,5,5542.139,3655.594
55.870,182.064,0.015,5,5542.242,3656.408
55.880,182.068,0.015,5,5542.345,3657.222
55.890,182.071,0.015,5,5542.448,3658.036
55.900,182.075,0.015,5,5542.551,3658.850
55.910,182.078,0.015,5,5542.654,3659.664
55.920,182.081,0.015,5,5542.757,3660.478
55.930,182.085,0.015,5,5542.860,3661.292
55.940,182.088,0.015,5,5542.963,3662.106
55.950,182.092,0.015,5,5543.066,3662.920
55.960,182.095,0.015,5,5543.168,3663.734
55.970,182.098,0.015,5,5543.271,3664.548
55.980,182.102,0.015,5,5543.374,3665.362
55.990,182.105,0.015,5,5543.476,3666.176
56.000,182.108,0.015,5,5543.579,3666.990
56.010,182.112,0.015,5,5543.681,3667.804
56.020,182.115,0.015,5,5543.784,3668.618
56.030,182.118,0.015,5,5543.886,3669.432
56.040,182.122,0.015,5,5543.989,3670.247
56.050,182.125,0.015,5,5544.091,3671.061
56.060,182.129,0.015,5,5544.193,3671.875
56.070,182.132,0.015,5,5544.296,3672.689
56.080,182.135,0.015,5,5544.398,3673.503
56.090,182.139,0.015,5,5544.500,3674.318
56.100,182.142,0.015,5,5544.602,3675.132
56.110,182.145,0.015,5,5544.704,3675.946
56.120,182.149,0.015,5,5544.806,3676.760
56.130,182.152,0.015,5,5544.908,3677.575
56.140,182.155,0.015,5,5545.010,3678.389
56.150,182.159,0.015,5,5545.112,3679.203
56.160,182.162,0.015,5,5545.214,3680.017
56.170,182.165,0.015,5,5545.315,3680.832
56.180,182.169,0.015,5,5545.417,3681.646
56.190,182.172,0.015,5,5545.519,3682.461
56.200,182.175,0.015,5,5545.620,3683.275
56.210,182.179,0.015,5,5545.722,3684.089
56.220,182.182,0.015,5,5545.824,3684.904
56.230,182.185,0.015,5,5545.925,3685.718
56.240,182.189,0.015,5,5546.027,3686.533
56.250,182.192,0.015,5,5546.128,3687.347
56.260,182.195,0.015,5,5546.229,3688.162
56.270,182.199,0.015,5,5546.331,3688.976
56.280,182.202,0.015,5,5546.432,3689.791
56.290,182.205,0.015,5,5546.533,3690.605
56.300,182.209,0.015,5,5546.634,3691.420
56.310,182.212,0.015,5,5546.735,3692.234
56.320,182.215,0.015,5,5546.836,3693.049
56.330,182.219,0.015,5,5546.937,3693.863
56.340,182.222,0.015,5,5547.038,3694.678
56.350,182.225,0.015,5,5547.139,3695.493
56.360,182.229,0.015,5,5547.240,3696.307
56.370,182.232,0.015,5,5547.341,3697.122
56.380,182.235,0.015,5,5547.442,3697.936
56.390,182.239,0.015,5,5547.543,3698.751
56.400,182.242,0.015,5,5547.643,3699.566
56.410,182.245,0.015,5,5547.744,3700.381
56.420,182.249,0.015,5,5547.845,3701.195
56.430,182.252,0.015,5,5547.945,3702.010
56.440,182.255,0.015,5,5548.046,3702.825
56.450,182.258,0.015,5,5548.146,3703.639
56.460,182.262,0.015,5,5548.247,3704.454
56.470,182.265,0.015,5,5548.347,3705.269
56.480,182.268,0.015,5,5548.447,3706.084
56.490,182.272,0.015,5,5548.548,3706.899
56.500,182.275,0.015,5,5548.648,3707.714
56.510,182.278,0.015,5,5548.748,3708.528
56.520,182.281,0.015,5,5548.848,3709.343
56.530,182.285,0.015,5,5548.948,3710.158
56.540,182.288,0.015,5,5549.048,3710.973
56.550,182.291,0.015,5,5549.148,3711.788
56.560,182.295,0.015,5,5549.248,3712.603
56.570,182.298,0.015,5,5549.348,3713.418
56.580,182.301,0.015,5,5549.448,3714.233
56.590,182.304,0.015,5,5549.548,3715.048
56.600,182.308,0.015,5,5549.648,3715.863
56.610,182.311,0.015,5,5549.747,3716.678
56.620,182.314,0.015,5,5549.847,3717.493
56.630,182.318,0.015,5,5549.947,3718.308
56.640,182.321,0.015,5,5550.046,3719.123
56.650,182.324,0.015,5,5550.146,3719.938
56.660,182.327,0.015,5,5550.245,3720.753
56.670,182.331,0.015,5,5550.345,3721.568
56.680,182.334,0.015,5,5550.444,3722.383
56.690,182.337,0.015,5,5550.544,3723.198
56.700,182.340,0.015,5,5550.643,3724.013
56.710,182.344,0.015,5,5550.742,3724.828
56.720,182.347,0.015,5,5550.841,3725.644
56.730,182.350,0.015,5,5550.941,3726.459
56.740,182.353,0.015,5,5551.040,3727.274
56.750,182.357,0.015,5,5551.139,3728.089
56.760,182.360,0.015,5,5551.238,3728.904
56.770,182.363,0.015,5,5551.337,3729.720
56.780,182.366,0.015,5,5551.436,3730.535
56.790,182.370,0.015,5,5551.535,3731.350
56.800,182.373,0.015,5,5551.634,3732.165
56.810,182.376,0.015,5,5551.732,3732.981
56.820,182.379,0.015,5,5551.831,3733.796
56.830,182.383,0.015,5,5551.930,3734.611
56.840,182.386,0.015,5,5552.029,3735.427
56.850,182.389,0.015,5,5552.127,3736.242
56.860,182.392,0.015,5,5552.226,3737.057
56.870,182.396,0.015,5,5552.324,3737.873
56.880,182.399,0.015,5,5552.423,3738.688
56.890,182.402,0.015,5,5552.521,3739.503
56.900,182.405,0.015,5,5552.620,3740.319
56.910,182.409,0.015,5,5552.718,3741.134
56.920,182.412,0.015,5,5552.816,3741.950
56.930,182.415,0.015,5,5552.915,3742.765
56.940,182.418,0.015,5,5553.013,3743.581
56.950,182.422,0.015,5,5553.111,3744.396
56.960,182.425,0.015,5,5553.209,3745.212
56.970,182.428,0.015,5,5553.307,3746.027
56.980,182.431,0.015,5,5553.405,3746.843
56.990,182.434,0.015,5,5553.503,3747.658
57.000,182.438,0.015,5,5553.601,3748.474
57.010,182.441,0.015,5,5553.699,3749.289
57.020,182.444,0.015,5,5553.797,3750.105
57.030,182.447,0.015,5,5553.895,3750.921
57.040,182.450,0.015,5,5553.993,3751.736
57.050,182.454,0.015,5,5554.090,3752.552
57.060,182.457,0.015,5,5554.188,3753.367
57.070,182.460,0.015,5,5554.286,3754.183
57.080,182.463,0.015,5,5554.383,3754.999
57.090,182.467,0.015,5,5554.481,3755.814
57.100,182.470,0.015,5,5554.578,3756.630
57.110,182.473,0.015,5,5554.676,3757.446
57.120,182.476,0.015,5,5554.773,3758.262
57.130,182.479,0.015,5,5554.871,3759.077
57.140,182.483,0.015,5,5554.968,3759.893
57.150,182.486,0.015,5,5555.065,3760.709
57.160,182.489,0.015,5,5555.162,3761.525
57.170,182.492,0.015,5,5555.260,3762.341
57.180,182.495,0.015,5,5555.357,3763.156
57.190,182.498,0.015,5,5555.454,3763.972
57.200,182.502,0.015,5,5555.551,3764.788
57.210,182.505,0.015,5,5555.648,3765.604
57.220,182.508,0.015,5,5555.745,3766.420
57.230,182.511,0.015,5,5555.842,3767.236
57.240,182.514,0.014,5,5555.939,3768.052
57.250,182.518,0.014,5,5556.036,3768.867
57.260,182.521,0.014,5,5556.132,3769.683
57.270,182.524,0.014,5,5556.229,3770.499
57.280,182.527,0.014,5,5556.326,3771.315
57.290,182.530,0.014,5,5556.422,3772.131
57.300,182.533,0.014,5,5556.519,3772.947
57.310,182.537,0.014,5,5556.616,3773.763
57.320,182.540,0.014,5,5556.712,3774.579
57.330,182.543,0.014,5,5556.809,3775.395
57.340,182.546,0.014,5,5556.905,3776.211
57.350,182.549,0.014,5,5557.001,3777.027
57.360,182.552,0.014,5,5557.098,3777.843
57.370,182.556,0.014,5,5557.194,3778.660
57.380,182.559,0.014,5,5557.290,3779.476
57.390,182.562,0.014,5,5557.387,3780.292
57.400,182.565,0.014,5,5557.483,3781.108
57.410,182.568,0.014,5,5557.579,3781.924
57.420,182.571,0.014,5,5557.675,3782.740
57.430,182.575,0.014,5,5557.771,3783.556
57.440,182.578,0.014,5,5557.867,3784.373
57.450,182.581,0.014,5,5557.963,3785.189
57.460,182.584,0.014,5,5558.059,3786.005
57.470,182.587,0.014,5,5558.155,3786.821
57.480,182.590,0.014,5,5558.250,3787.637
57.490,182.593,0.014,5,5558.346,3788.454
57.500,182.597,0.014,5,5558.442,3789.270
57.510,182.600,0.014,5,5558.538,3790.086
57.520,182.603,0.014,5,5558.633,3790.903
57.530,182.606,0.014,5,5558.729,3791.719
57.540,182.609,0.014,5,5558.824,3792.535
57.550,182.612,0.014,5,5558.920,3793.352
57.560,182.615,0.014,5,5559.015,3794.168
57.570,182.619,0.014,5,5559.111,3794.984
57.580,182.622,0.014,5,5559.206,3795.801
57.590,182.625,0.014,5,5559.302,3796.617
57.600,182.628,0.014,5,5559.397,3797.433
57.610,182.631,0.014,5,5559.492,3798.250
57.620,182.634,0.014,5,5559.587,3799.066
57.630,182.637,0.014,5,5559.682,3799.883
57.640,182.641,0.014,5,5559.777,3800.699
57.650,182.644,0.014,5,5559.873,3801.516
57.660,182.647,0.014,5,5559.968,3802.332
57.670,182.650,0.014,5,5560.063,3803.149
57.680,182.653,0.014,5,5560.157,3803.965
57.690,182.656,0.014,5,5560.252,3804.782
57.700,182.659,0.014,5,5560.347,3805.598
57.710,182.662,0.014,5,5560.442,3806.415
57.720,182.665,0.014,5,5560.537,3807.232
57.730,182.669,0.014,5,5560.631,3808.048
57.740,182.672,0.014,5,5560.726,3808.865
57.750,182.675,0.014,5,5560.821,3809.681
57.760,182.678,0.014,5,5560.915,3810.498
57.770,182.681,0.014,5,5561.010,3811.315
57.780,182.684,0.014,5,5561.104,3812.131
57.790,182.687,0.014,5,5561.199,3812.948
57.800,182.690,0.014,5,5561.293,3813.765
57.810,182.693,0.014,5,5561.388,3814.581
57.820,182.696,0.014,5,5561.482,3815.398
57.830,182.700,0.014,5,5561.576,3816.215
57.840,182.703,0.014,5,5561.670,3817.032
57.850,182.706,0.014,5,5561.765,3817.848
57.860,182.709,0.014,5,5561.859,3818.665
57.870,182.712,0.014,5,5561.953,3819.482
57.880,182.715,0.014,5,5562.047,3820.299
57.890,182.718,0.014,5,5562.141,3821.115
57.900,182.721,0.014,5,5562.235,3821.932
57.910,182.724,0.014,5,5562.329,3822.749
57.920,182.727,0.014,5,5562.423,3823.566
57.930,182.730,0.014,5,5562.517,3824.383
57.940,182.734,0.014,5,5562.610,3825.200
57.950,182.737,0.014,5,5562.704,3826.017
57.960,182.740,0.014,5,5562.798,3826.834
57.970,182.743,0.014,5,5562.892,3827.651
57.980,182.746,0.014,5,5562.985,3828.467
57.990,182.749,0.014,5,5563.079,3829.284
58.000,182.752,0.014,5,5563.172,3830.101
58.010,182.755,0.014,5,5563.266,3830.918
58.020,182.758,0.014,5,5563.359,3831.735
58.030,182.761,0.014,5,5563.453,3832.552
58.040,182.764,0.014,5,5563.546,3833.369
58.050,182.767,0.014,5,5563.639,3834.186
58.060,182.770,0.014,5,5563.733,3835.003
58.070,182.773,0.014,5,5563.826,3835.821
58.080,182.777,0.014,5,5563.919,3836.638
58.090,182.780,0.014,5,5564.012,3837.455
58.100,182.783,0.014,5,5564.105,3838.272
58.110,182.786,0.014,5,5564.198,3839.089
58.120,182.789,0.014,5,5564.291,3839.906
58.130,182.792,0.014,5,5564.384,3840.723
58.140,182.795,0.014,5,5564.477,3841.540
58.150,182.798,0.014,5,5564.570,3842.358
58.160,182.801,0.014,5,5564.663,3843.175
58.170,182.804,0.014,5,5564.756,3843.992
58.180,182.807,0.014,5,5564.849,3844.809
58.190,182.810,0.014,5,5564.941,3845.626
58.200,182.813,0.014,5,5565.034,3846.444
58.210,182.816,0.014,5,5565.127,3847.261
58.220,182.819,0.014,5,5565.219,3848.078
58.230,182.822,0.014,5,5565.312,3848.895
58.240,182.825,0.014,5,5565.404,3849.713
58.250,182.828,0.014,5,5565.497,3850.530
58.260,182.831,0.014,5,5565.589,3851.347
58.270,182.834,0.014,5,5565.682,3852.165
58.280,182.837,0.014,5,5565.774,3852.982
58.290,182.841,0.014,5,5565.866,3853.799
58.300,182.844,0.014,5,5565.958,3854.617
58.310,182.847,0.014,5,5566.051,3855.434
58.320,182.850,0.014,5,5566.143,3856.252
58.330,182.853,0.014,5,5566.235,3857.069
58.340,182.856,0.014,5,5566.327,3857.886
58.350,182.859,0.014,5,5566.419,3858.704
58.360,182.862,0.014,5,5566.511,3859.521
58.370,182.865,0.014,5,5566.603,3860.339
58.380,182.868,0.014,5,5566.695,3861.156
58.390,182.871,0.014,5,5566.787,3861.974
58.400,182.874,0.014,5,5566.879,3862.791
58.410,182.877,0.014,5,5566.970,3863.609
58.420,182.880,0.014,5,5567.062,3864.426
58.430,182.883,0.014,5,5567.154,3865.244
58.440,182.886,0.014,5,5567.246,3866.061
58.450,182.889,0.014,5,5567.337,3866.879
58.460,182.892,0.014,5,5567.429,3867.697
58.470,182.895,0.014,5,5567.520,3868.514
58.480,182.898,0.014,5,5567.612,3869.332
58.490,182.901,0.014,5,5567.703,3870.149
58.500,182.904,0.014,5,5567.795,3870.967
58.510,182.907,0.014,5,5567.886,3871.785
58.520,182.910,0.014,5,5567.977,3872.602
58.530,182.913,0.014,5,5568.069,3873.420
58.540,182.916,0.014,5,5568.160,3874.238
58.550,182.919,0.014,5,5568.251,3875.055
58.560,182.922,0.014,5,5568.342,3875.873
58.570,182.925,0.014,5,5568.433,3876.691
58.580,182.928,0.014,5,5568.524,3877.509
58.590,182.931,0.014,5,5568.615,3878.326
58.600,182.934,0.014,5,5568.706,3879.144
58.610,182.937,0.014,5,5568.797,3879.962
58.620,182.940,0.014,5,5568.888,3880.780
58.630,182.943,0.014,5,5568.979,3881.598
58.640,182.946,0.014,5,5569.070,3882.416
58.650,182.949,0.014,5,5569.161,3883.233
58.660,182.952,0.014,5,5569.251,3884.051
58.670,182.955,0.014,5,5569.342,3884.869
58.680,182.958,0.014,5,5569.433,3885.687
58.690,182.961,0.014,5,5569.523,3886.505
58.700,182.964,0.014,5,5569.614,3887.323
58.710,182.967,0.014,5,5569.704,3888.141
58.720,182.970,0.014,5,5569.795,3888.959
58.730,182.973,0.014,5,5569.885,3889.777
58.740,182.976,0.014,5,5569.976,3890.595
58.750,182.978,0.014,5,5570.066,3891.413
58.760,182.981,0.014,5,5570.156,3892.231
58.770,182.984,0.014,5,5570.247,3893.049
58.780,182.987,0.014,5,5570.337,3893.867
58.790,182.990,0.013,5,5570.427,3894.685
58.800,182.993,0.013,5,5570.517,3895.503
58.810,182.996,0.013,5,5570.607,3896.321
58.820,182.999,0.013,5,5570.697,3897.139
58.830,183.002,0.013,5,5570.787,3897.957
58.840,183.005,0.013,5,5570.877,3898.775
58.850,183.008,0.013,5,5570.967,3899.593
58.860,183.011,0.013,5,5571.057,3900.411
58.870,183.014,0.013,5,5571.147,3901.229
58.880,183.017,0.013,5,5571.237,3902.047
58.890,183.020,0.013,5,5571.327,3902.866
58.900,183.023,0.013,5,5571.416,3903.684
58.910,183.026,0.013,5,5571.506,3904.502
58.920,183.029,0.013,5,5571.596,3905.320
58.930,183.032,0.013,5,5571.685,3906.138
58.940,183.035,0.013,5,5571.775,3906.957
58.950,183.038,0.013,5,5571.864,3907.775
58.960,183.040,0.013,5,5571.954,3908.593
58.970,183.043,0.013,5,5572.043,3909.411
58.980,183.046,0.013,5,5572.133,3910.230
58.990,183.049,0.013,5,5572.222,3911.048
59.000,183.052,0.013,5,5572.311,3911.866
59.010,183.055,0.013,5,5572.401,3912.685
59.020,183.058,0.013,5,5572.490,3913.503
59.030,183.061,0.013,5,5572.579,3914.321
59.040,183.064,0.013,5,5572.668,3915.140
59.050,183.067,0.013,5,5572.757,3915.958
59.060,183.070,0.013,5,5572.846,3916.776
59.070,183.073,0.013,5,5572.935,3917.595
59.080,183.076,0.013,5,5573.024,3918.413
59.090,183.079,0.013,5,5573.113,3919.232
59.100,183.082,0.013,5,5573.202,3920.050
59.110,183.084,0.013,5,5573.291,3920.869
59.120,183.087,0.013,5,5573.380,3921.687
59.130,183.090,0.013,5,5573.469,3922.506
59.140,183.093,0.013,5,5573.557,3923.324
59.150,183.096,0.013,5,5573.646,3924.143
59.160,183.099,0.013,5,5573.735,3924.961
59.170,183.102,0.013,5,5573.823,3925.780
59.180,183.105,0.013,5,5573.912,3926.598
59.190,183.108,0.013,5,5574.000,3927.417
59.200,183.111,0.013,5,5574.089,3928.235
59.210,183.114,0.013,5,5574.177,3929.054
59.220,183.116,0.013,5,5574.266,3929.872
59.230,183.119,0.013,5,5574.354,3930.691
59.240,183.122,0.013,5,5574.443,3931.510
59.250,183.125,0.013,5,5574.531,3932.328
59.260,183.128,0.013,5,5574.619,3933.147
59.270,183.131,0.013,5,5574.707,3933.966
59.280,183.134,0.013,5,5574.795,3934.784
59.290,183.137,0.013,5,5574.884,3935.603
59.300,183.140,0.013,5,5574.972,3936.422
59.310,183.143,0.013,5,5575.060,3937.240
59.320,183.145,0.013,5,5575.148,3938.059
59.330,183.148,0.013,5,5575.236,3938.878
59.340,183.151,0.013,5,5575.324,3939.697
59.350,183.154,0.013,5,5575.411,3940.515
59.360,183.157,0.013,5,5575.499,3941.334
59.370,183.160,0.013,5,5575.587,3942.153
59.380,183.163,0.013,5,5575.675,3942.972
59.390,183.166,0.013,5,5575.763,3943.791
59.400,183.168,0.013,5,5575.850,3944.609
59.410,183.171,0.013,5,5575.938,3945.428
59.420,183.174,0.013,5,5576.025,3946.247
59.430,183.177,0.013,5,5576.113,3947.066
59.440,183.180,0.013,5,5576.201,3947.885
59.450,183.183,0.013,5,5576.288,3948.704
59.460,183.186,0.013,5,5576.375,3949.523
59.470,183.189,0.013,5,5576.463,3950.342
59.480,183.191,0.013,5,5576.550,3951.160
59.490,183.194,0.013,5,5576.638,3951.979
59.500,183.197,0.013,5,5576.725,3952.798
59.510,183.200,0.013,5,5576.812,3953.617
59.520,183.203,0.013,5,5576.899,3954.436
59.530,183.206,0.013,5,5576.986,3955.255
59.540,183.209,0.013,5,5577.073,3956.074
59.550,183.212,0.013,5,5577.161,3956.893
59.560,183.214,0.013,5,5577.248,3957.712
59.570,183.217,0.013,5,5577.335,3958.531
59.580,183.220,0.013,5,5577.422,3959.350
59.590,183.223,0.013,5,5577.508,3960.170
59.600,183.226,0.013,5,5577.595,3960.989
59.610,183.229,0.013,5,5577.682,3961.808
59.620,183.232,0.013,5,5577.769,3962.627
59.630,183.234,0.013,5,5577.856,3963.446
59.640,183.237,0.013,5,5577.942,3964.265
59.650,183.240,0.013,5,5578.029,3965.084
59.660,183.243,0.013,5,5578.116,3965.903
59.670,183.246,0.013,5,5578.202,3966.723
59.680,183.249,0.013,5,5578.289,3967.542
59.690,183.251,0.013,5,5578.375,3968.361
59.700,183.254,0.013,5,5578.462,3969.180
59.710,183.257,0.013,5,5578.548,3969.999
59.720,183.260,0.013,5,5578.635,3970.819
59.730,183.263,0.013,5,5578.721,3971.638
59.740,183.266,0.013,5,5578.807,3972.457
59.750,183.268,0.013,5,5578.894,3973.276
59.760,183.271,0.013,5,5578.980,3974.096
59.770,183.274,0.013,5,5579.066,3974.915
59.780,183.277,0.013,5,5579.152,3975.734
59.790,183.280,0.013,5,5579.238,3976.554
59.800,183.283,0.013,5,5579.324,3977.373
59.810,183.285,0.013,5,5579.410,3978.192
59.820,183.288,0.013,5,5579.496,3979.012
59.830,183.291,0.013,5,5579.582,3979.831
59.840,183.294,0.013,5,5579.668,3980.650
59.850,183.297,0.013,5,5579.754,3981.470
59.860,183.300,0.013,5,5579.840,3982.289
59.870,183.302,0.013,5,5579.926,3983.109
59.880,183.305,0.013,5,5580.011,3983.928
59.890,183.308,0.013,5,5580.097,3984.748
59.900,183.311,0.013,5,5580.183,3985.567
59.910,183.314,0.013,5,5580.268,3986.387
59.920,183.316,0.013,5,5580.354,3987.206
59.930,183.319,0.013,5,5580.440,3988.026
59.940,183.322,0.013,5,5580.525,3988.845
59.950,183.325,0.013,5,5580.611,3989.665
59.960,183.328,0.013,5,5580.696,3990.484
59.970,183.330,0.013,5,5580.781,3991.304
59.980,183.333,0.013,5,5580.867,3992.123
59.990,183.336,0.013,5,5580.952,3992.943
60.000,183.339,0.013,5,5581.037,3993.762
60.010,183.342,0.013,5,5581.123,3994.582
60.020,183.344,0.013,5,5581.208,3995.402
60.030,183.347,0.013,5,5581.293,3996.221
60.040,183.350,0.013,5,5581.378,3997.041
60.050,183.353,0.013,5,5581.463,3997.861
60.060,183.356,0.013,5,5581.548,3998.680
60.070,183.358,0.013,5,5581.633,3999.500
60.080,183.361,0.013,5,5581.718,4000.320
60.090,183.364,0.013,5,5581.803,4001.139
60.100,183.367,0.013,5,5581.888,4001.959
60.110,183.370,0.013,5,5581.973,4002.779
60.120,183.372,0.013,5,5582.058,4003.598
60.130,183.375,0.013,5,5582.142,4004.418
60.140,183.378,0.013,5,5582.227,4005.238
60.150,183.381,0.013,5,5582.312,4006.058
60.160,183.384,0.013,5,5582.396,4006.878
60.170,183.386,0.013,5,5582.481,4007.697
60.180,183.389,0.013,5,5582.566,4008.517
60.190,183.392,0.013,5,5582.650,4009.337
60.200,183.395,0.013,5,5582.735,4010.157
60.210,183.397,0.013,5,5582.819,4010.977
60.220,183.400,0.013,5,5582.903,4011.797
60.230,183.403,0.013,5,5582.988,4012.616
60.240,183.406,0.013,5,5583.072,4013.436
60.250,183.409,0.013,5,5583.156,4014.256
60.260,183.411,0.013,5,5583.241,4015.076
60.270,183.414,0.013,5,5583.325,4015.896
60.280,183.417,0.013,5,5583.409,4016.716
60.290,183.420,0.013,5,5583.493,4017.536
60.300,183.422,0.013,5,5583.577,4018.356
60.310,183.425,0.013,5,5583.661,4019.176
60.320,183.428,0.013,5,5583.745,4019.996
60.330,183.431,0.013,5,5583.829,4020.816
60.340,183.433,0.013,5,5583.913,4021.636
60.350,183.436,0.013,5,5583.997,4022.456
60.360,183.439,0.013,5,5584.081,4023.276
60.370,183.442,0.013,5,5584.165,4024.096
60.380,183.444,0.013,5,5584.249,4024.916
60.390,183.447,0.013,5,5584.332,4025.736
60.400,183.450,0.013,5,5584.416,4026.556
60.410,183.453,0.013,5,5584.500,4027.376
60.420,183.455,0.013,5,5584.583,4028.196
60.430,183.458,0.013,5,5584.667,4029.017
60.440,183.461,0.013,5,5584.751,4029.837
60.450,183.464,0.012,5,5584.834,4030.657
60.460,183.466,0.012,5,5584.918,4031.477
60.470,183.469,0.012,5,5585.001,4032.297
60.480,183.472,0.012,5,5585.084,4033.117
60.490,183.475,0.012,5,5585.168,4033.938
60.500,183.477,0.012,5,5585.251,4034.758
60.510,183.480,0.012,5,5585.334,4035.578
60.520,183.483,0.012,5,5585.418,4036.398
60.530,183.486,0.012,5,5585.501,4037.218
60.540,183.488,0.012,5,5585.584,4038.039
60.550,183.491,0.012,5,5585.667,4038.859
60.560,183.494,0.012,5,5585.750,4039.679
60.570,183.496,0.012,5,5585.833,4040.500
60.580,183.499,0.012,5,5585.916,4041.320
60.590,183.502,0.012,5,5585.999,4042.140
60.600,183.505,0.012,5,5586.082,4042.961
60.610,183.507,0.012,5,5586.165,4043.781
60.620,183.510,0.012,5,5586.248,4044.601
60.630,183.513,0.012,5,5586.331,4045.422
60.640,183.516,0.012,5,5586.414,4046.242
60.650,183.518,0.012,5,5586.496,4047.062
60.660,183.521,0.012,5,5586.579,4047.883
60.670,183.524,0.012,5,5586.662,4048.703
60.680,183.526,0.012,5,5586.744,4049.524
60.690,183.529,0.012,5,5586.827,4050.344
60.700,183.532,0.012,5,5586.909,4051.165
60.710,183.535,0.012,5,5586.992,4051.985
60.720,183.537,0.012,5,5587.074,4052.805
60.730,183.540,0.012,5,5587.157,4053.626
60.740,183.543,0.012,5,5587.239,4054.446
60.750,183.545,0.012,5,5587.322,4055.267
60.760,183.548,0.012,5,5587.404,4056.088
60.770,183.551,0.012,5,5587.486,4056.908
60.780,183.553,0.012,5,5587.569,4057.729
60.790,183.556,0.012,5,5587.651,4058.549
60.800,183.559,0.012,5,5587.733,4059.370
60.810,183.562,0.012,5,5587.815,4060.190
60.820,183.564,0.012,5,5587.897,4061.011
60.830,183.567,0.012,5,5587.979,4061.832
60.840,183.570,0.012,5,5588.061,4062.652
60.850,183.572,0.012,5,5588.143,4063.473
60.860,183.575,0.012,5,5588.225,4064.293
60.870,183.578,0.012,5,5588.307,4065.114
60.880,183.580,0.012,5,5588.389,4065.935
60.890,183.583,0.012,5,5588.471,4066.755
60.900,183.586,0.012,5,5588.553,4067.576
60.910,183.588,0.012,5,5588.634,4068.397
60.920,183.591,0.012,5,5588.716,4069.218
60.930,183.594,0.012,5,5588.798,4070.038
60.940,183.597,0.012,5,5588.879,4070.859
60.950,183.599,0.012,5,5588.961,4071.680
60.960,183.602,0.012,5,5589.042,4072.501
60.970,183.605,0.012,5,5589.124,4073.321
60.980,183.607,0.012,5,5589.205,4074.142
60.990,183.610,0.012,5,5589.287,4074.963
61.000,183.613,0.012,5,5589.368,4075.784
61.010,183.615,0.012,5,5589.450,4076.605
61.020,183.618,0.012,5,5589.531,4077.425
61.030,183.621,0.012,5,5589.612,4078.246
61.040,183.623,0.012,5,5589.694,4079.067
61.050,183.626,0.012,5,5589.775,4079.888
61.060,183.629,0.012,5,5589.856,4080.709
61.070,183.631,0.012,5,5589.937,4081.530
61.080,183.634,0.012,5,5590.018,4082.351
61.090,183.637,0.012,5,5590.099,4083.172
61.100,183.639,0.012,5,5590.180,4083.993
61.110,183.642,0.012,5,5590.261,4084.813
61.120,183.645,0.012,5,5590.342,4085.634
61.130,183.647,0.012,5,5590.423,4086.455
61.140,183.650,0.012,5,5590.504,4087.276
61.150,183.653,0.012,5,5590.585,4088.097
61.160,183.655,0.012,5,5590.666,4088.918
61.170,183.658,0.012,5,5590.747,4089.739
61.180,183.660,0.012,5,5590.827,4090.560
61.190,183.663,0.012,5,5590.908,4091.381
61.200,183.666,0.012,5,5590.989,4092.203
61.210,183.668,0.012,5,5591.069,4093.024
61.220,183.671,0.012,5,5591.150,4093.845
61.230,183.674,0.012,5,5591.230,4094.666
61.240,183.676,0.012,5,5591.311,4095.487
61.250,183.679,0.012,5,5591.391,4096.308
61.260,183.682,0.012,5,5591.472,4097.129
61.270,183.684,0.012,5,5591.552,4097.950
61.280,183.687,0.012,5,5591.633,4098.771
61.290,183.690,0.012,5,5591.713,4099.593
61.300,183.692,0.012,5,5591.793,4100.414
61.310,183.695,0.012,5,5591.873,4101.235
61.320,183.698,0.012,5,5591.954,4102.056
61.330,183.700,0.012,5,5592.034,4102.877
61.340,183.703,0.012,5,5592.114,4103.699
61.350,183.705,0.012,5,5592.194,4104.520
61.360,183.708,0.012,5,5592.274,4105.341
61.370,183.711,0.012,5,5592.354,4106.162
61.380,183.713,0.012,5,5592.434,4106.984
61.390,183.716,0.012,5,5592.514,4107.805
61.400,183.719,0.012,5,5592.594,4108.626
61.410,183.721,0.012,5,5592.674,4109.447
61.420,183.724,0.012,5,5592.754,4110.269
61.430,183.726,0.012,5,5592.834,4111.090
61.440,183.729,0.012,5,5592.913,4111.911
61.450,183.732,0.012,5,5592.993,4112.733
61.460,183.734,0.012,5,5593.073,4113.554
61.470,183.737,0.012,5,5593.152,4114.375
61.480,183.739,0.012,5,5593.232,4115.197
61.490,183.742,0.012,5,5593.312,4116.018
61.500,183.745,0.012,5,5593.391,4116.840
61.510,183.747,0.012,5,5593.471,4117.661
61.520,183.750,0.012,5,5593.550,4118.482
61.530,183.753,0.012,5,5593.630,4119.304
61.540,183.755,0.012,5,5593.709,4120.125
61.550,183.758,0.012,5,5593.788,4120.947
61.560,183.760,0.012,5,5593.868,4121.768
61.570,183.763,0.012,5,5593.947,4122.590
61.580,183.766,0.012,5,5594.026,4123.411
61.590,183.768,0.012,5,5594.105,4124.233
61.600,183.771,0.012,5,5594.185,4125.054
61.610,183.773,0.012,5,5594.264,4125.876
61.620,183.776,0.012,5,5594.343,4126.697
61.630,183.779,0.012,5,5594.422,4127.519
61.640,183.781,0.012,5,5594.501,4128.340
61.650,183.784,0.012,5,5594.580,4129.162
61.660,183.786,0.012,5,5594.659,4129.984
61.670,183.789,0.012,5,5594.738,4130.805
61.680,183.792,0.012,5,5594.817,4131.627
61.690,183.794,0.012,5,5594.896,4132.449
61.700,183.797,0.012,5,5594.974,4133.270
61.710,183.799,0.012,5,5595.053,4134.092
61.720,183.802,0.012,5,5595.132,4134.913
61.730,183.804,0.012,5,5595.211,4135.735
61.740,183.807,0.012,5,5595.289,4136.557
61.750,183.810,0.012,5,5595.368,4137.379
61.760,183.812,0.012,5,5595.446,4138.200
61.770,183.815,0.012,5,5595.525,4139.022
61.780,183.817,0.012,5,5595.604,4139.844
61.790,183.820,0.012,5,5595.682,4140.665
61.800,183.823,0.012,5,5595.760,4141.487
61.810,183.825,0.012,5,5595.839,4142.309
61.820,183.828,0.012,5,5595.917,4143.131
61.830,183.830,0.012,5,5595.996,4143.952
61.840,183.833,0.012,5,5596.074,4144.774
61.850,183.835,0.012,5,5596.152,4145.596
61.860,183.838,0.012,5,5596.230,4146.418
61.870,183.841,0.012,5,5596.309,4147.240
61.880,183.843,0.012,5,5596.387,4148.062
61.890,183.846,0.012,5,5596.465,4148.883
61.900,183.848,0.012,5,5596.543,4149.705
61.910,183.851,0.012,5,5596.621,4150.527
61.920,183.853,0.012,5,5596.699,4151.349
61.930,183.856,0.012,5,5596.777,4152.171
61.940,183.859,0.012,5,5596.855,4152.993
61.950,183.861,0.012,5,5596.933,4153.815
61.960,183.864,0.012,5,5597.011,4154.637
61.970,183.866,0.012,5,5597.088,4155.459
61.980,183.869,0.012,5,5597.166,4156.281
61.990,183.871,0.012,5,5597.244,4157.103
62.000,183.874,0.012,5,5597.322,4157.925
62.010,183.876,0.012,5,5597.399,4158.747
62.020,183.879,0.012,5,5597.477,4159.569
62.030,183.881,0.012,5,5597.555,4160.391
62.040,183.884,0.012,5,5597.632,4161.213
62.050,183.887,0.012,5,5597.710,4162.035
62.060,183.889,0.012,5,5597.787,4162.857
62.070,183.892,0.012,5,5597.865,4163.679
62.080,183.894,0.012,5,5597.942,4164.501
62.090,183.897,0.012,5,5598.020,4165.323
62.100,183.899,0.012,5,5598.097,4166.145
62.110,183.902,0.012,5,5598.174,4166.967
62.120,183.904,0.012,5,5598.252,4167.789
62.130,183.907,0.012,5,5598.329,4168.611
62.140,183.909,0.012,5,5598.406,4169.434
62.150,183.912,0.012,5,5598.483,4170.256
62.160,183.915,0.012,5,5598.560,4171.078
62.170,183.917,0.012,5,5598.637,4171.900
62.180,183.920,0.012,5,5598.714,4172.722
62.190,183.922,0.012,5,5598.792,4173.544
62.200,183.925,0.012,5,5598.869,4174.367
62.210,183.927,0.012,5,5598.945,4175.189
62.220,183.930,0.012,5,5599.022,4176.011
62.230,183.932,0.012,5,5599.099,4176.833
62.240,183.935,0.012,5,5599.176,4177.656
62.250,183.937,0.011,5,5599.253,4178.478
62.260,183.940,0.011,5,5599.330,4179.300
62.270,183.942,0.011,5,5599.407,4180.122
62.280,183.945,0.011,5,5599.483,4180.945
62.290,183.947,0.011,5,5599.560,4181.767
62.300,183.950,0.011,5,5599.637,4182.589
62.310,183.952,0.011,5,5599.713,4183.412
62.320,183.955,0.011,5,5599.790,4184.234
62.330,183.957,0.011,5,5599.866,4185.056
62.340,183.960,0.011,5,5599.943,4185.879
62.350,183.962,0.011,5,5600.019,4186.701
62.360,183.965,0.011,5,5600.096,4187.524
62.370,183.967,0.011,5,5600.172,4188.346
62.380,183.970,0.011,5,5600.248,4189.168
62.390,183.972,0.011,5,5600.325,4189.991
62.400,183.975,0.011,5,5600.401,4190.813
62.410,183.978,0.011,5,5600.477,4191.636
62.420,183.980,0.011,5,5600.554,4192.458
62.430,183.983,0.011,5,5600.630,4193.281
62.440,183.985,0.011,5,5600.706,4194.103
62.450,183.988,0.011,5,5600.782,4194.926
62.460,183.990,0.011,5,5600.858,4195.748
62.470,183.993,0.011,5,5600.934,4196.571
62.480,183.995,0.011,5,5601.010,4197.393
62.490,183.998,0.011,5,5601.086,4198.216
62.500,184.000,0.011,5,5601.162,4199.038
62.510,184.002,0.011,5,5601.238,4199.861
62.520,184.005,0.011,5,5601.314,4200.683
62.530,184.007,0.011,5,5601.390,4201.506
62.540,184.010,0.011,5,5601.465,4202.328
62.550,184.012,0.011,5,5601.541,4203.151
62.560,184.015,0.011,5,5601.617,4203.974
62.570,184.017,0.011,5,5601.693,4204.796
62.580,184.020,0.011,5,5601.768,4205.619
62.590,184.022,0.011,5,5601.844,4206.442
62.600,184.025,0.011,5,5601.919,4207.264
62.610,184.027,0.011,5,5601.995,4208.087
62.620,184.030,0.011,5,5602.070,4208.910
62.630,184.032,0.011,5,5602.146,4209.732
62.640,184.035,0.011,5,5602.221,4210.555
62.650,184.037,0.011,5,5602.297,4211.378
62.660,184.040,0.011,5,5602.372,4212.200
62.670,184.042,0.011,5,5602.447,4213.023
62.680,184.045,0.011,5,5602.523,4213.846
62.690,184.047,0.011,5,5602.598,4214.669
62.700,184.050,0.011,5,5602.673,4215.491
62.710,184.052,0.011,5,5602.748,4216.314
62.720,184.055,0.011,5,5602.824,4217.137
62.730,184.057,0.011,5,5602.899,4217.960
62.740,184.060,0.011,5,5602.974,4218.783
62.750,184.062,0.011,5,5603.049,4219.605
62.760,184.064,0.011,5,5603.124,4220.428
62.770,184.067,0.011,5,5603.199,4221.251
62.780,184.069,0.011,5,5603.274,4222.074
62.790,184.072,0.011,5,5603.349,4222.897
62.800,184.074,0.011,5,5603.424,4223.720
62.810,184.077,0.011,5,5603.499,4224.543
62.820,184.079,0.011,5,5603.573,4225.366
62.830,184.082,0.011,5,5603.648,4226.188
62.840,184.084,0.011,5,5603.723,4227.011
62.850,184.087,0.011,5,5603.798,4227.834
62.860,184.089,0.011,5,5603.872,4228.657
62.870,184.091,0.011,5,5603.947,4229.480
62.880,184.094,0.011,5,5604.021,4230.303
62.890,184.096,0.011,5,5604.096,4231.126
62.900,184.099,0.011,5,5604.171,4231.949
62.910,184.101,0.011,5,5604.245,4232.772
62.920,184.104,0.011,5,5604.320,4233.595
62.930,184.106,0.011,5,5604.394,4234.418
62.940,184.109,0.011,5,5604.468,4235.241
62.950,184.111,0.011,5,5604.543,4236.064
62.960,184.113,0.011,5,5604.617,4236.887
62.970,184.116,0.011,5,5604.691,4237.710
62.980,184.118,0.011,5,5604.766,4238.533
62.990,184.121,0.011,5,5604.840,4239.357
63.000,184.123,0.011,5,5604.914,4240.180
63.010,184.126,0.011,5,5604.988,4241.003
63.020,184.128,0.011,5,5605.062,4241.826
63.030,184.131,0.011,5,5605.136,4242.649
63.040,184.133,0.011,5,5605.210,4243.472
63.050,184.135,0.011,5,5605.284,4244.295
63.060,184.138,0.011,5,5605.358,4245.118
63.070,184.140,0.011,5,5605.432,4245.942
63.080,184.143,0.011,5,5605.506,4246.765
63.090,184.145,0.011,5,5605.580,4247.588
63.100,184.148,0.011,5,5605.654,4248.411
63.110,184.150,0.011,5,5605.728,4249.234
63.120,184.152,0.011,5,5605.802,4250.058
63.130,184.155,0.011,5,5605.875,4250.881
63.140,184.157,0.011,5,5605.949,4251.704
63.150,184.160,0.011,5,5606.023,4252.527
63.160,184.162,0.011,5,5606.096,4253.351
63.170,184.165,0.011,5,5606.170,4254.174
63.180,184.167,0.011,5,5606.244,4254.997
63.190,184.169,0.011,5,5606.317,4255.821
63.200,184.172,0.011,5,5606.391,4256.644
63.210,184.174,0.011,5,5606.464,4257.467
63.220,184.177,0.011,5,5606.537,4258.291
63.230,184.179,0.011,5,5606.611,4259.114
63.240,184.181,0.011,5,5606.684,4259.937
63.250,184.184,0.011,5,5606.758,4260.761
63.260,184.186,0.011,5,5606.831,4261.584
63.270,184.189,0.011,5,5606.904,4262.407
63.280,184.191,0.011,5,5606.977,4263.231
63.290,184.193,0.011,5,5607.051,4264.054
63.300,184.196,0.011,5,5607.124,4264.878
63.310,184.198,0.011,5,5607.197,4265.701
63.320,184.201,0.011,5,5607.270,4266.524
63.330,184.203,0.011,5,5607.343,4267.348
63.340,184.205,0.011,5,5607.416,4268.171
63.350,184.208,0.011,5,5607.489,4268.995
63.360,184.210,0.011,5,5607.562,4269.818
63.370,184.213,0.011,5,5607.635,4270.642
63.380,184.215,0.011,5,5607.708,4271.465
63.390,184.217,0.011,5,5607.781,4272.289
63.400,184.220,0.011,5,5607.853,4273.112
63.410,184.222,0.011,5,5607.926,4273.936
63.420,184.225,0.011,5,5607.999,4274.760
63.430,184.227,0.011,5,5608.072,4275.583
63.440,184.229,0.011,5,5608.144,4276.407
63.450,184.232,0.011,5,5608.217,4277.230
63.460,184.234,0.011,5,5608.290,4278.054
63.470,184.237,0.011,5,5608.362,4278.877
63.480,184.239,0.011,5,5608.435,4279.701
63.490,184.241,0.011,5,5608.507,4280.525
63.500,184.244,0.011,5,5608.580,4281.348
63.510,184.246,0.011,5,5608.652,4282.172
63.520,184.248,0.011,5,5608.725,4282.996
63.530,184.251,0.011,5,5608.797,4283.819
63.540,184.253,0.011,5,5608.869,4284.643
63.550,184.256,0.011,5,5608.942,4285.467
63.560,184.258,0.011,5,5609.014,4286.290
63.570,184.260,0.011,5,5609.086,4287.114
63.580,184.263,0.011,5,5609.158,4287.938
63.590,184.265,0.011,5,5609.231,4288.762
63.600,184.267,0.011,5,5609.303,4289.585
63.610,184.270,0.011,5,5609.375,4290.409
63.620,184.272,0.011,5,5609.447,4291.233
63.630,184.275,0.011,5,5609.519,4292.057
63.640,184.277,0.011,5,5609.591,4292.880
63.650,184.279,0.011,5,5609.663,4293.704
63.660,184.282,0.011,5,5609.735,4294.528
63.670,184.284,0.011,5,5609.807,4295.352
63.680,184.286,0.011,5,5609.879,4296.176
63.690,184.289,0.011,5,5609.951,4296.999
63.700,184.291,0.011,5,5610.022,4297.823
63.710,184.293,0.011,5,5610.094,4298.647
63.720,184.296,0.011,5,5610.166,4299.471
63.730,184.298,0.011,5,5610.238,4300.295
63.740,184.300,0.011,5,5610.309,4301.119
63.750,184.303,0.011,5,5610.381,4301.943
63.760,184.305,0.011,5,5610.453,4302.767
63.770,184.308,0.011,5,5610.524,4303.590
63.780,184.310,0.011,5,5610.596,4304.414
63.790,184.312,0.011,5,5610.667,4305.238
63.800,184.315,0.011,5,5610.739,4306.062
63.810,184.317,0.011,5,5610.810,4306.886
63.820,184.319,0.011,5,5610.882,4307.710
63.830,184.322,0.011,5,5610.953,4308.534
63.840,184.324,0.011,5,5611.024,4309.358
63.850,184.326,0.011,5,5611.096,4310.182
63.860,184.329,0.011,5,5611.167,4311.006
63.870,184.331,0.011,5,5611.238,4311.830
63.880,184.333,0.011,5,5611.309,4312.654
63.890,184.336,0.011,5,5611.380,4313.478
63.900,184.338,0.011,5,5611.452,4314.302
63.910,184.340,0.011,5,5611.523,4315.127
63.920,184.343,0.011,5,5611.594,4315.951
63.930,184.345,0.011,5,5611.665,4316.775
63.940,184.347,0.011,5,5611.736,4317.599
63.950,184.350,0.011,5,5611.807,4318.423
63.960,184.352,0.011,5,5611.878,4319.247
63.970,184.354,0.011,5,5611.949,4320.071
63.980,184.357,0.011,5,5612.020,4320.895
63.990,184.359,0.011,5,5612.090,4321.719
64.000,184.361,0.011,5,5612.161,4322.544
64.010,184.364,0.011,5,5612.232,4323.368
64.020,184.366,0.011,5,5612.303,4324.192
64.030,184.368,0.011,5,5612.373,4325.016
64.040,184.371,0.011,5,5612.444,4325.840
64.050,184.373,0.011,5,5612.515,4326.665
64.060,184.375,0.011,5,5612.585,4327.489
64.070,184.378,0.011,5,5612.656,4328.313
64.080,184.380,0.011,5,5612.727,4329.137
64.090,184.382,0.011,5,5612.797,4329.962
64.100,184.385,0.011,5,5612.868,4330.786
64.110,184.387,0.011,5,5612.938,4331.610
64.120,184.389,0.011,5,5613.008,4332.434
64.130,184.391,0.011,5,5613.079,4333.259
64.140,184.394,0.011,5,5613.149,4334.083
64.150,184.396,0.011,5,5613.220,4334.907
64.160,184.398,0.011,5,5613.290,4335.732
64.170,184.401,0.011,5,5613.360,4336.556
64.180,184.403,0.011,5,5613.430,4337.380
64.190,184.405,0.011,5,5613.500,4338.205
64.200,184.408,0.010,5,5613.571,4339.029
64.210,184.410,0.010,5,5613.641,4339.853
64.220,184.412,0.010,5,5613.711,4340.678
64.230,184.415,0.010,5,5613.781,4341.502
64.240,184.417,0.010,5,5613.851,4342.327
64.250,184.419,0.010,5,5613.921,4343.151
64.260,184.421,0.010,5,5613.991,4343.975
64.270,184.424,0.010,5,5614.061,4344.800
64.280,184.426,0.010,5,5614.131,4345.624
64.290,184.428,0.010,5,5614.201,4346.449
64.300,184.431,0.010,5,5614.270,4347.273
64.310,184.433,0.010,5,5614.340,4348.098
64.320,184.435,0.010,5,5614.410,4348.922
64.330,184.437,0.010,5,5614.480,4349.747
64.340,184.440,0.010,5,5614.549,4350.571
64.350,184.442,0.010,5,5614.619,4351.396
64.360,184.444,0.010,5,5614.689,4352.220
64.370,184.447,0.010,5,5614.758,4353.045
64.380,184.449,0.010,5,5614.828,4353.869
64.390,184.451,0.010,5,5614.897,4354.694
64.400,184.453,0.010,5,5614.967,4355.519
64.410,184.456,0.010,5,5615.036,4356.343
64.420,184.458,0.010,5,5615.106,4357.168
64.430,184.460,0.010,5,5615.175,4357.992
64.440,184.463,0.010,5,5615.245,4358.817
64.450,184.465,0.010,5,5615.314,4359.642
64.460,184.467,0.010,5,5615.383,4360.466
64.470,184.469,0.010,5,5615.453,4361.291
64.480,184.472,0.010,5,5615.522,4362.116
64.490,184.474,0.010,5,5615.591,4362.940
64.500,184.476,0.010,5,5615.660,4363.765
64.510,184.479,0.010,5,5615.729,4364.590
64.520,184.481,0.010,5,5615.799,4365.414
64.530,184.483,0.010,5,5615.868,4366.239
64.540,184.485,0.010,5,5615.937,4367.064
64.550,184.488,0.010,5,5616.006,4367.888
64.560,184.490,0.010,5,5616.075,4368.713
64.570,184.492,0.010,5,5616.144,4369.538
64.580,184.494,0.010,5,5616.213,4370.363
64.590,184.497,0.010,5,5616.281,4371.187
64.600,184.499,0.010,5,5616.350,4372.012
64.610,184.501,0.010,5,5616.419,4372.837
64.620,184.503,0.010,5,5616.488,4373.662
64.630,184.506,0.010,5,5616.557,4374.487
64.640,184.508,0.010,5,5616.625,4375.311
64.650,184.510,0.010,5,5616.694,4376.136
64.660,184.512,0.010,5,5616.763,4376.961
64.670,184.515,0.010,5,5616.831,4377.786
64.680,184.517,0.010,5,5616.900,4378.611
64.690,184.519,0.010,5,5616.969,4379.436
64.700,184.522,0.010,5,5617.037,4380.261
64.710,184.524,0.010,5,5617.106,4381.085
64.720,184.526,0.010,5,5617.174,4381.910
64.730,184.528,0.010,5,5617.243,4382.735
64.740,184.530,0.010,5,5617.311,4383.560
64.750,184.533,0.010,5,5617.379,4384.385
64.760,184.535,0.010,5,5617.448,4385.210
64.770,184.537,0.010,5,5617.516,4386.035
64.780,184.539,0.010,5,5617.584,4386.860
64.790,184.542,0.010,5,5617.653,4387.685
64.800,184.544,0.010,5,5617.721,4388.510
64.810,184.546,0.010,5,5617.789,4389.335
64.820,184.548,0.010,5,5617.857,4390.160
64.830,184.551,0.010,5,5617.925,4390.985
64.840,184.553,0.010,5,5617.993,4391.810
64.850,184.555,0.010,5,5618.061,4392.635
64.860,184.557,0.010,5,5618.129,4393.460
64.870,184.560,0.010,5,5618.197,4394.285
64.880,184.562,0.010,5,5618.265,4395.110
64.890,184.564,0.010,5,5618.333,4395.935
64.900,184.566,0.010,5,5618.401,4396.760
64.910,184.569,0.010,5,5618.469,4397.585
64.920,184.571,0.010,5,5618.537,4398.410
64.930,184.573,0.010,5,5618.605,4399.235
64.940,184.575,0.010,5,5618.673,4400.061
64.950,184.577,0.010,5,5618.740,4400.886
64.960,184.580,0.010,5,5618.808,4401.711
64.970,184.582,0.010,5,5618.876,4402.536
64.980,184.584,0.010,5,5618.943,4403.361
64.990,184.586,0.010,5,5619.011,4404.186
65.000,184.589,0.010,5,5619.079,4405.012
65.010,184.591,0.010,5,5619.146,4405.837
65.020,184.593,0.010,5,5619.214,4406.662
65.030,184.595,0.010,5,5619.281,4407.487
65.040,184.597,0.010,5,5619.349,4408.312
65.050,184.600,0.010,5,5619.416,4409.138
65.060,184.602,0.010,5,5619.484,4409.963
65.070,184.604,0.010,5,5619.551,4410.788
65.080,184.606,0.010,5,5619.618,4411.613
65.090,184.609,0.010,5,5619.686,4412.439
65.100,184.611,0.010,5,5619.753,4413.264
65.110,184.613,0.010,5,5619.820,4414.089
65.120,184.615,0.010,5,5619.887,4414.914
65.130,184.617,0.010,5,5619.954,4415.740
65.140,184.620,0.010,5,5620.022,4416.565
65.150,184.622,0.010,5,5620.089,4417.390
65.160,184.624,0.010,5,5620.156,4418.216
65.170,184.626,0.010,5,5620.223,4419.041
65.180,184.628,0.010,5,5620.290,4419.866
65.190,184.631,0.010,5,5620.357,4420.692
65.200,184.633,0.010,5,5620.424,4421.517
65.210,184.635,0.010,5,5620.491,4422.343
65.220,184.637,0.010,5,5620.558,4423.168
65.230,184.639,0.010,5,5620.625,4423.993
65.240,184.642,0.010,5,5620.691,4424.819
65.250,184.644,0.010,5,5620.758,4425.644
65.260,184.646,0.010,5,5620.825,4426.470
65.270,184.648,0.010,5,5620.892,4427.295
65.280,184.650,0.010,5,5620.958,4428.121
65.290,184.653,0.010,5,5621.025,4428.946
65.300,184.655,0.010,5,5621.092,4429.771
65.310,184.657,0.010,5,5621.158,4430.597
65.320,184.659,0.010,5,5621.225,4431.422
65.330,184.661,0.010,5,5621.291,4432.248
65.340,184.663,0.010,5,5621.358,4433.073
65.350,184.666,0.010,5,5621.425,4433.899
65.360,184.668,0.010,5,5621.491,4434.725
65.370,184.670,0.010,5,5621.557,4435.550
65.380,184.672,0.010,5,5621.624,4436.376
65.390,184.674,0.010,5,5621.690,4437.201
65.400,184.677,0.010,5,5621.757,4438.027
65.410,184.679,0.010,5,5621.823,4438.852
65.420,184.681,0.010,5,5621.889,4439.678
65.430,184.683,0.010,5,5621.955,4440.504
65.440,184.685,0.010,5,5622.022,4441.329
65.450,184.687,0.010,5,5622.088,4442.155
65.460,184.690,0.010,5,5622.154,4442.980
65.470,184.692,0.010,5,5622.220,4443.806
65.480,184.694,0.010,5,5622.286,4444.632
65.490,184.696,0.010,5,5622.352,4445.457
65.500,184.698,0.010,5,5622.418,4446.283
65.510,184.700,0.010,5,5622.484,4447.109
65.520,184.703,0.010,5,5622.550,4447.934
65.530,184.705,0.010,5,5622.616,4448.760
65.540,184.707,0.010,5,5622.682,4449.586
65.550,184.709,0.010,5,5622.748,4450.411
65.560,184.711,0.010,5,5622.814,4451.237
65.570,184.713,0.010,5,5622.880,4452.063
65.580,184.716,0.010,5,5622.945,4452.889
65.590,184.718,0.010,5,5623.011,4453.714
65.600,184.720,0.010,5,5623.077,4454.540
65.610,184.722,0.010,5,5623.143,4455.366
65.620,184.724,0.010,5,5623.208,4456.192
65.630,184.726,0.010,5,5623.274,4457.018
65.640,184.729,0.010,5,5623.339,4457.843
65.650,184.731,0.010,5,5623.405,4458.669
65.660,184.733,0.010,5,5623.471,4459.495
65.670,184.735,0.010,5,5623.536,4460.321
65.680,184.737,0.010,5,5623.602,4461.147
65.690,184.739,0.010,5,5623.667,4461.973
65.700,184.741,0.010,5,5623.732,4462.798
65.710,184.744,0.010,5,5623.798,4463.624
65.720,184.746,0.010,5,5623.863,4464.450
65.730,184.748,0.010,5,5623.928,4465.276
65.740,184.750,0.010,5,5623.994,4466.102
65.750,184.752,0.010,5,5624.059,4466.928
65.760,184.754,0.010,5,5624.124,4467.754
65.770,184.756,0.010,5,5624.189,4468.580
65.780,184.759,0.010,5,5624.255,4469.406
65.790,184.761,0.010,5,5624.320,4470.232
65.800,184.763,0.010,5,5624.385,4471.058
65.810,184.765,0.010,5,5624.450,4471.884
65.820,184.767,0.010,5,5624.515,4472.710
65.830,184.769,0.010,5,5624.580,4473.535
65.840,184.771,0.010,5,5624.645,4474.361
65.850,184.774,0.010,5,5624.710,4475.187
65.860,184.776,0.010,5,5624.775,4476.014
65.870,184.778,0.010,5,5624.840,4476.840
65.880,184.780,0.010,5,5624.905,4477.666
65.890,184.782,0.010,5,5624.970,4478.492
65.900,184.784,0.010,5,5625.034,4479.318
65.910,184.786,0.010,5,5625.099,4480.144
65.920,184.788,0.010,5,5625.164,4480.970
65.930,184.791,0.010,5,5625.229,4481.796
65.940,184.793,0.010,5,5625.293,4482.622
65.950,184.795,0.010,5,5625.358,4483.448
65.960,184.797,0.010,5,5625.423,4484.274
65.970,184.799,0.010,5,5625.487,4485.100
65.980,184.801,0.010,5,5625.552,4485.926
65.990,184.803,0.010,5,5625.616,4486.753
66.000,184.805,0.010,5,5625.681,4487.579
66.010,184.808,0.010,5,5625.745,4488.405
66.020,184.810,0.010,5,5625.810,4489.231
66.030,184.812,0.010,5,5625.874,4490.057
66.040,184.814,0.010,5,5625.939,4490.883
66.050,184.816,0.010,5,5626.003,4491.710
66.060,184.818,0.010,5,5626.067,4492.536
66.070,184.820,0.010,5,5626.132,4493.362
66.080,184.822,0.010,5,5626.196,4494.188
66.090,184.824,0.010,5,5626.260,4495.014
66.100,184.827,0.010,5,5626.324,4495.841
66.110,184.829,0.010,5,5626.388,4496.667
66.120,184.831,0.010,5,5626.453,4497.493
66.130,184.833,0.010,5,5626.517,4498.320
66.140,184.835,0.010,5,5626.581,4499.146
66.150,184.837,0.010,5,5626.645,4499.972
66.160,184.839,0.010,5,5626.709,4500.798
66.170,184.841,0.010,5,5626.773,4501.625
66.180,184.843,0.010,5,5626.837,4502.451
66.190,184.846,0.010,5,5626.901,4503.277
66.200,184.848,0.010,5,5626.965,4504.104
66.210,184.850,0.010,5,5627.029,4504.930
66.220,184.852,0.010,5,5627.092,4505.756
66.230,184.854,0.010,5,5627.156,4506.583
66.240,184.856,0.010,5,5627.220,4507.409
66.250,184.858,0.010,5,5627.284,4508.235
66.260,184.860,0.010,5,5627.347,4509.062
66.270,184.862,0.010,5,5627.411,4509.888
66.280,184.864,0.010,5,5627.475,4510.715
66.290,184.866,0.010,5,5627.538,4511.541
66.300,184.869,0.010,5,5627.602,4512.368
66.310,184.871,0.010,5,5627.666,4513.194
66.320,184.873,0.010,5,5627.729,4514.020
66.330,184.875,0.010,5,5627.793,4514.847
66.340,184.877,0.010,5,5627.856,4515.673
66.350,184.879,0.009,5,5627.920,4516.500
66.360,184.881,0.009,5,5627.983,4517.326
66.370,184.883,0.009,5,5628.047,4518.153
66.380,184.885,0.009,5,5628.110,4518.979
66.390,184.887,0.009,5,5628.173,4519.806
66.400,184.889,0.009,5,5628.237,4520.632
66.410,184.891,0.009,5,5628.300,4521.459
66.420,184.894,0.009,5,5628.363,4522.285
66.430,184.896,0.009,5,5628.426,4523.112
66.440,184.898,0.009,5,5628.490,4523.939
66.450,184.900,0.009,5,5628.553,4524.765
66.460,184.902,0.009,5,5628.616,4525.592
66.470,184.904,0.009,5,5628.679,4526.418
66.480,184.906,0.009,5,5628.742,4527.245
66.490,184.908,0.009,5,5628.805,4528.071
66.500,184.910,0.009,5,5628.868,4528.898
66.510,184.912,0.009,5,5628.931,4529.725
66.520,184.914,0.009,5,5628.994,4530.551
66.530,184.916,0.009,5,5629.057,4531.378
66.540,184.918,0.009,5,5629.120,4532.205
66.550,184.920,0.009,5,5629.183,4533.031
66.560,184.923,0.009,5,5629.246,4533.858
66.570,184.925,0.009,5,5629.308,4534.685
66.580,184.927,0.009,5,5629.371,4535.511
66.590,184.929,0.009,5,5629.434,4536.338
66.600,184.931,0.009,5,5629.497,4537.165
66.610,184.933,0.009,5,5629.559,4537.991
66.620,184.935,0.009,5,5629.622,4538.818
66.630,184.937,0.009,5,5629.685,4539.645
66.640,184.939,0.009,5,5629.747,4540.472
66.650,184.941,0.009,5,5629.810,4541.298
66.660,184.943,0.009,5,5629.872,4542.125
66.670,184.945,0.009,5,5629.935,4542.952
66.680,184.947,0.009,5,5629.997,4543.779
66.690,184.949,0.009,5,5630.060,4544.606
66.700,184.951,0.009,5,5630.122,4545.432
66.710,184.953,0.009,5,5630.185,4546.259
66.720,184.955,0.009,5,5630.247,4547.086
66.730,184.957,0.009,5,5630.309,4547.913
66.740,184.960,0.009,5,5630.372,4548.740
66.750,184.962,0.009,5,5630.434,4549.567
66.760,184.964,0.009,5,5630.496,4550.393
66.770,184.966,0.009,5,5630.559,4551.220
66.780,184.968,0.009,5,5630.621,4552.047
66.790,184.970,0.009,5,5630.683,4552.874
66.800,184.972,0.009,5,5630.745,4553.701
66.810,184.974,0.009,5,5630.807,4554.528
66.820,184.976,0.009,5,5630.869,4555.355
66.830,184.978,0.009,5,5630.931,4556.182
66.840,184.980,0.009,5,5630.993,4557.009
66.850,184.982,0.009,5,5631.055,4557.835
66.860,184.984,0.009,5,5631.117,4558.662
66.870,184.986,0.009,5,5631.179,4559.489
66.880,184.988,0.009,5,5631.241,4560.316
66.890,184.990,0.009,5,5631.303,4561.143
66.900,184.992,0.009,5,5631.365,4561.970
66.910,184.994,0.009,5,5631.427,4562.797
66.920,184.996,0.009,5,5631.488,4563.624
66.930,184.998,0.009,5,5631.550,4564.451
66.940,185.000,0.009,5,5631.612,4565.278
66.950,185.002,0.009,5,5631.674,4566.105
66.960,185.004,0.009,5,5631.735,4566.932
66.970,185.006,0.009,5,5631.797,4567.759
66.980,185.008,0.009,5,5631.859,4568.586
66.990,185.010,0.009,5,5631.920,4569.414
67.000,185.012,0.009,5,5631.982,4570.241
67.010,185.014,0.009,5,5632.043,4571.068
67.020,185.016,0.009,5,5632.105,4571.895
67.030,185.018,0.009,5,5632.166,4572.722
67.040,185.021,0.009,5,5632.228,4573.549
67.050,185.023,0.009,5,5632.289,4574.376
67.060,185.025,0.009,5,5632.351,4575.203
67.070,185.027,0.009,5,5632.412,4576.030
67.080,185.029,0.009,5,5632.473,4576.858
67.090,185.031,0.009,5,5632.535,4577.685
67.100,185.033,0.009,5,5632.596,4578.512
67.110,185.035,0.009,5,5632.657,4579.339
67.120,185.037,0.009,5,5632.718,4580.166
67.130,185.039,0.009,5,5632.780,4580.993
67.140,185.041,0.009,5,5632.841,4581.821
67.150,185.043,0.009,5,5632.902,4582.648
67.160,185.045,0.009,5,5632.963,4583.475
67.170,185.047,0.009,5,5633.024,4584.302
67.180,185.049,0.009,5,5633.085,4585.129
67.190,185.051,0.009,5,5633.146,4585.957
67.200,185.053,0.009,5,5633.207,4586.784
67.210,185.055,0.009,5,5633.268,4587.611
67.220,185.057,0.009,5,5633.329,4588.439
67.230,185.059,0.009,5,5633.390,4589.266
67.240,185.061,0.009,5,5633.451,4590.093
67.250,185.063,0.009,5,5633.512,4590.920
67.260,185.065,0.009,5,5633.572,4591.748
67.270,185.067,0.009,5,5633.633,4592.575
67.280,185.069,0.009,5,5633.694,4593.402
67.290,185.071,0.009,5,5633.755,4594.230
67.300,185.073,0.009,5,5633.815,4595.057
67.310,185.075,0.009,5,5633.876,4595.884
67.320,185.077,0.009,5,5633.937,4596.712
67.330,185.079,0.009,5,5633.997,4597.539
67.340,185.081,0.009,5,5634.058,4598.366
67.350,185.083,0.009,5,5634.118,4599.194
67.360,185.085,0.009,5,5634.179,4600.021
67.370,185.087,0.009,5,5634.240,4600.849
67.380,185.089,0.009,5,5634.300,4601.676
67.390,185.091,0.009,5,5634.360,4602.504
67.400,185.093,0.009,5,5634.421,4603.331
67.410,185.095,0.009,5,5634.481,4604.158
67.420,185.097,0.009,5,5634.542,4604.986
67.430,185.099,0.009,5,5634.602,4605.813
67.440,185.100,0.009,5,5634.662,4606.641
67.450,185.102,0.009,5,5634.723,4607.468
67.460,185.104,0.009,5,5634.783,4608.296
67.470,185.106,0.009,5,5634.843,4609.123
67.480,185.108,0.009,5,5634.903,4609.951
67.490,185.110,0.009,5,5634.963,4610.778
67.500,185.112,0.009,5,5635.024,4611.606
67.510,185.114,0.009,5,5635.084,4612.433
67.520,185.116,0.009,5,5635.144,4613.261
67.530,185.118,0.009,5,5635.204,4614.088
67.540,185.120,0.009,5,5635.264,4614.916
67.550,185.122,0.009,5,5635.324,4615.743
67.560,185.124,0.009,5,5635.384,4616.571
67.570,185.126,0.009,5,5635.444,4617.399
67.580,185.128,0.009,5,5635.504,4618.226
67.590,185.130,0.009,5,5635.564,4619.054
67.600,185.132,0.009,5,5635.623,4619.881
67.610,185.134,0.009,5,5635.683,4620.709
67.620,185.136,0.009,5,5635.743,4621.537
67.630,185.138,0.009,5,5635.803,4622.364
67.640,185.140,0.009,5,5635.863,4623.192
67.650,185.142,0.009,5,5635.922,4624.020
67.660,185.144,0.009,5,5635.982,4624.847
67.670,185.146,0.009,5,5636.042,4625.675
67.680,185.148,0.009,5,5636.101,4626.503
67.690,185.150,0.009,5,5636.161,4627.330
67.700,185.152,0.009,5,5636.220,4628.158
67.710,185.154,0.009,5,5636.280,4628.986
67.720,185.156,0.009,5,5636.340,4629.813
67.730,185.158,0.009,5,5636.399,4630.641
67.740,185.159,0.009,5,5636.459,4631.469
67.750,185.161,0.009,5,5636.518,4632.297
67.760,185.163,0.009,5,5636.577,4633.124
67.770,185.165,0.009,5,5636.637,4633.952
67.780,185.167,0.009,5,5636.696,4634.780
67.790,185.169,0.009,5,5636.755,4635.608
67.800,185.171,0.009,5,5636.815,4636.435
67.810,185.173,0.009,5,5636.874,4637.263
67.820,185.175,0.009,5,5636.933,4638.091
67.830,185.177,0.009,5,5636.993,4638.919
67.840,185.179,0.009,5,5637.052,4639.747
67.850,185.181,0.009,5,5637.111,4640.575
67.860,185.183,0.009,5,5637.170,4641.402
67.870,185.185,0.009,5,5637.229,4642.230
67.880,185.187,0.009,5,5637.288,4643.058
67.890,185.189,0.009,5,5637.347,4643.886
67.900,185.191,0.009,5,5637.406,4644.714
67.910,185.193,0.009,5,5637.465,4645.542
67.920,185.195,0.009,5,5637.524,4646.370
67.930,185.196,0.009,5,5637.583,4647.197
67.940,185.198,0.009,5,5637.642,4648.025
67.950,185.200,0.009,5,5637.701,4648.853
67.960,185.202,0.009,5,5637.760,4649.681
67.970,185.204,0.009,5,5637.819,4650.509
67.980,185.206,0.009,5,5637.877,4651.337
67.990,185.208,0.009,5,5637.936,4652.165
68.000,185.210,0.009,5,5637.995,4652.993
68.010,185.212,0.009,5,5638.054,4653.821
68.020,185.214,0.009,5,5638.112,4654.649
68.030,185.216,0.009,5,5638.171,4655.477
68.040,185.218,0.009,5,5638.230,4656.305
68.050,185.220,0.009,5,5638.288,4657.133
68.060,185.222,0.009,5,5638.347,4657.961
68.070,185.223,0.009,5,5638.406,4658.789
68.080,185.225,0.009,5,5638.464,4659.617
68.090,185.227,0.009,5,5638.523,4660.445
68.100,185.229,0.009,5,5638.581,4661.273
68.110,185.231,0.009,5,5638.639,4662.101
68.120,185.233,0.009,5,5638.698,4662.929
68.130,185.235,0.009,5,5638.756,4663.757
68.140,185.237,0.009,5,5638.815,4664.585
68.150,185.239,0.009,5,5638.873,4665.413
68.160,185.241,0.009,5,5638.931,4666.241
68.170,185.243,0.009,5,5638.990,4667.070
68.180,185.245,0.009,5,5639.048,4667.898
68.190,185.246,0.009,5,5639.106,4668.726
68.200,185.248,0.009,5,5639.164,4669.554
68.210,185.250,0.009,5,5639.222,4670.382
68.220,185.252,0.009,5,5639.281,4671.210
68.230,185.254,0.009,5,5639.339,4672.038
68.240,185.256,0.009,5,5639.397,4672.866
68.250,185.258,0.009,5,5639.455,4673.695
68.260,185.260,0.009,5,5639.513,4674.523
68.270,185.262,0.009,5,5639.571,4675.351
68.280,185.264,0.009,5,5639.629,4676.179
68.290,185.266,0.009,5,5639.687,4677.007
68.300,185.267,0.009,5,5639.745,4677.836
68.310,185.269,0.009,5,5639.803,4678.664
68.320,185.271,0.009,5,5639.861,4679.492
68.330,185.273,0.009,5,5639.918,4680.320
68.340,185.275,0.009,5,5639.976,4681.149
68.350,185.277,0.009,5,5640.034,4681.977
68.360,185.279,0.009,5,5640.092,4682.805
68.370,185.281,0.009,5,5640.150,4683.633
68.380,185.283,0.009,5,5640.207,4684.462
68.390,185.285,0.009,5,5640.265,4685.290
68.400,185.286,0.009,5,5640.323,4686.118
68.410,185.288,0.009,5,5640.380,4686.947
68.420,185.290,0.009,5,5640.438,4687.775
68.430,185.292,0.009,5,5640.495,4688.603
68.440,185.294,0.009,5,5640.553,4689.432
68.450,185.296,0.009,5,5640.611,4690.260
68.460,185.298,0.009,5,5640.668,4691.088
68.470,185.300,0.009,5,5640.726,4691.917
68.480,185.302,0.009,5,5640.783,4692.745
68.490,185.303,0.009,5,5640.840,4693.573
68.500,185.305,0.009,5,5640.898,4694.402
68.510,185.307,0.009,5,5640.955,4695.230
68.520,185.309,0.009,5,5641.012,4696.059
68.530,185.311,0.009,5,5641.070,4696.887
68.540,185.313,0.009,5,5641.127,4697.715
68.550,185.315,0.009,5,5641.184,4698.544
68.560,185.317,0.009,5,5641.242,4699.372
68.570,185.319,0.009,5,5641.299,4700.201
68.580,185.320,0.009,5,5641.356,4701.029
68.590,185.322,0.009,5,5641.413,4701.858
68.600,185.324,0.009,5,5641.470,4702.686
68.610,185.326,0.009,5,5641.527,4703.514
68.620,185.328,0.009,5,5641.584,4704.343
68.630,185.330,0.009,5,5641.641,4705.171
68.640,185.332,0.009,5,5641.698,4706.000
68.650,185.334,0.009,5,5641.755,4706.828
68.660,185.335,0.009,5,5641.812,4707.657
68.670,185.337,0.009,5,5641.869,4708.486
68.680,185.339,0.009,5,5641.926,4709.314
68.690,185.341,0.009,5,5641.983,4710.143
68.700,185.343,0.009,5,5642.040,4710.971
68.710,185.345,0.009,5,5642.097,4711.800
68.720,185.347,0.008,5,5642.154,4712.628
68.730,185.348,0.008,5,5642.210,4713.457
68.740,185.350,0.008,5,5642.267,4714.285
68.750,185.352,0.008,5,5642.324,4715.114
68.760,185.354,0.008,5,5642.381,4715.943
68.770,185.356,0.008,5,5642.437,4716.771
68.780,185.358,0.008,5,5642.494,4717.600
68.790,185.360,0.008,5,5642.550,4718.428
68.800,185.361,0.008,5,5642.607,4719.257
68.810,185.363,0.008,5,5642.664,4720.086
68.820,185.365,0.008,5,5642.720,4720.914
68.830,185.367,0.008,5,5642.777,4721.743
68.840,185.369,0.008,5,5642.833,4722.572
68.850,185.371,0.008,5,5642.890,4723.400
68.860,185.373,0.008,5,5642.946,4724.229
68.870,185.374,0.008,5,5643.002,4725.058
68.880,185.376,0.008,5,5643.059,4725.886
68.890,185.378,0.008,5,5643.115,4726.715
68.900,185.380,0.008,5,5643.172,4727.544
68.910,185.382,0.008,5,5643.228,4728.373
68.920,185.384,0.008,5,5643.284,4729.201
68.930,185.386,0.008,5,5643.340,4730.030
68.940,185.387,0.008,5,5643.397,4730.859
68.950,185.389,0.008,5,5643.453,4731.688
68.960,185.391,0.008,5,5643.509,4732.516
68.970,185.393,0.008,5,5643.565,4733.345
68.980,185.395,0.008,5,5643.621,4734.174
68.990,185.397,0.008,5,5643.677,4735.003
69.000,185.398,0.008,5,5643.733,4735.832
69.010,185.400,0.008,5,5643.789,4736.660
69.020,185.402,0.008,5,5643.845,4737.489
69.030,185.404,0.008,5,5643.901,4738.318
69.040,185.406,0.008,5,5643.957,4739.147
69.050,185.408,0.008,5,5644.013,4739.976
69.060,185.410,0.008,5,5644.069,4740.805
69.070,185.411,0.008,5,5644.125,4741.633
69.080,185.413,0.008,5,5644.181,4742.462
69.090,185.415,0.008,5,5644.237,4743.291
69.100,185.417,0.008,5,5644.293,4744.120
69.110,185.419,0.008,5,5644.348,4744.949
69.120,185.421,0.008,5,5644.404,4745.778
69.130,185.422,0.008,5,5644.460,4746.607
69.140,185.424,0.008,5,5644.515,4747.436
69.150,185.426,0.008,5,5644.571,4748.265
69.160,185.428,0.008,5,5644.627,4749.093
69.170,185.430,0.008,5,5644.682,4749.922
69.180,185.431,0.008,5,5644.738,4750.751
69.190,185.433,0.008,5,5644.794,4751.580
69.200,185.435,0.008,5,5644.849,4752.409
69.210,185.437,0.008,5,5644.905,4753.238
69.220,185.439,0.008,5,5644.960,4754.067
69.230,185.441,0.008,5,5645.016,4754.896
69.240,185.442,0.008,5,5645.071,4755.725
69.250,185.444,0.008,5,5645.126,4756.554
69.260,185.446,0.008,5,5645.182,4757.383
69.270,185.448,0.008,5,5645.237,4758.212
69.280,185.450,0.008,5,5645.293,4759.041
69.290,185.452,0.008,5,5645.348,4759.870
69.300,185.453,0.008,5,5645.403,4760.699
69.310,185.455,0.008,5,5645.458,4761.528
69.320,185.457,0.008,5,5645.514,4762.357
69.330,185.459,0.008,5,5645.569,4763.187
69.340,185.461,0.008,5,5645.624,4764.016
69.350,185.462,0.008,5,5645.679,4764.845
69.360,185.464,0.008,5,5645.734,4765.674
69.370,185.466,0.008,5,5645.789,4766.503
69.380,185.468,0.008,5,5645.844,4767.332
69.390,185.470,0.008,5,5645.899,4768.161
69.400,185.471,0.008,5,5645.954,4768.990
69.410,185.473,0.008,5,5646.009,4769.819
69.420,185.475,0.008,5,5646.064,4770.649
69.430,185.477,0.008,5,5646.119,4771.478
69.440,185.479,0.008,5,5646.174,4772.307
69.450,185.480,0.008,5,5646.229,4773.136
69.460,185.482,0.008,5,5646.284,4773.965
69.470,185.484,0.008,5,5646.339,4774.794
69.480,185.486,0.008,5,5646.394,4775.624
69.490,185.488,0.008,5,5646.449,4776.453
69.500,185.489,0.008,5,5646.503,4777.282
69.510,185.491,0.008,5,5646.558,4778.111
69.520,185.493,0.008,5,5646.613,4778.940
69.530,185.495,0.008,5,5646.667,4779.770
69.540,185.497,0.008,5,5646.722,4780.599
69.550,185.498,0.008,5,5646.777,4781.428
69.560,185.500,0.008,5,5646.831,4782.257
69.570,185.502,0.008,5,5646.886,4783.087
69.580,185.504,0.008,5,5646.940,4783.916
69.590,185.506,0.008,5,5646.995,4784.745
69.600,185.507,0.008,5,5647.050,4785.574
69.610,185.509,0.008,5,5647.104,4786.404
69.620,185.511,0.008,5,5647.158,4787.233
69.630,185.513,0.008,5,5647.213,4788.062
69.640,185.515,0.008,5,5647.267,4788.892
69.650,185.516,0.008,5,5647.322,4789.721
69.660,185.518,0.008,5,5647.376,4790.550
69.670,185.520,0.008,5,5647.430,4791.380
69.680,185.522,0.008,5,5647.485,4792.209
69.690,185.523,0.008,5,5647.539,4793.038
69.700,185.525,0.008,5,5647.593,4793.868
69.710,185.527,0.008,5,5647.647,4794.697
69.720,185.529,0.008,5,5647.702,4795.527
69.730,185.531,0.008,5,5647.756,4796.356
69.740,185.532,0.008,5,5647.810,4797.185
69.750,185.534,0.008,5,5647.864,4798.015
69.760,185.536,0.008,5,5647.918,4798.844
69.770,185.538,0.008,5,5647.972,4799.674
69.780,185.540,0.008,5,5648.026,4800.503
69.790,185.541,0.008,5,5648.080,4801.332
69.800,185.543,0.008,5,5648.134,4802.162
69.810,185.545,0.008,5,5648.188,4802.991
69.820,185.547,0.008,5,5648.242,4803.821
69.830,185.548,0.008,5,5648.296,4804.650
69.840,185.550,0.008,5,5648.350,4805.480
69.850,185.552,0.008,5,5648.404,4806.309
69.860,185.554,0.008,5,5648.458,4807.139
69.870,185.555,0.008,5,5648.512,4807.968
69.880,185.557,0.008,5,5648.565,4808.798
69.890,185.559,0.008,5,5648.619,4809.627
69.900,185.561,0.008,5,5648.673,4810.457
69.910,185.563,0.008,5,5648.727,4811.286
69.920,185.564,0.008,5,5648.780,4812.116
69.930,185.566,0.008,5,5648.834,4812.945
69.940,185.568,0.008,5,5648.888,4813.775
69.950,185.570,0.008,5,5648.941,4814.605
69.960,185.571,0.008,5,5648.995,4815.434
69.970,185.573,0.008,5,5649.049,4816.264
69.980,185.575,0.008,5,5649.102,4817.093
69.990,185.577,0.008,5,5649.156,4817.923
70.000,185.578,0.008,5,5649.209,4818.752
70.010,185.580,0.008,5,5649.263,4819.582
70.020,185.582,0.008,5,5649.316,4820.412
70.030,185.584,0.008,5,5649.369,4821.241
70.040,185.585,0.008,5,5649.423,4822.071
70.050,185.587,0.008,5,5649.476,4822.901
70.060,185.589,0.008,5,5649.530,4823.730
70.070,185.591,0.008,5,5649.583,4824.560
70.080,185.592,0.008,5,5649.636,4825.390
70.090,185.594,0.008,5,5649.689,4826.219
70.100,185.596,0.008,5,5649.743,4827.049
70.110,185.598,0.008,5,5649.796,4827.879
70.120,185.599,0.008,5,5649.849,4828.708
70.130,185.601,0.008,5,5649.902,4829.538
70.140,185.603,0.008,5,5649.955,4830.368
70.150,185.605,0.008,5,5650.009,4831.197
70.160,185.606,0.008,5,5650.062,4832.027
70.170,185.608,0.008,5,5650.115,4832.857
70.180,185.610,0.008,5,5650.168,4833.687
70.190,185.612,0.008,5,5650.221,4834.516
70.200,185.613,0.008,5,5650.274,4835.346
70.210,185.615,0.008,5,5650.327,4836.176
70.220,185.617,0.008,5,5650.380,4837.006
70.230,185.619,0.008,5,5650.433,4837.836
70.240,185.620,0.008,5,5650.485,4838.665
70.250,185.622,0.008,5,5650.538,4839.495
70.260,185.624,0.008,5,5650.591,4840.325
70.270,185.625,0.008,5,5650.644,4841.155
70.280,185.627,0.008,5,5650.697,4841.985
70.290,185.629,0.008,5,5650.750,4842.814
70.300,185.631,0.008,5,5650.802,4843.644
70.310,185.632,0.008,5,5650.855,4844.474
70.320,185.634,0.008,5,5650.908,4845.304
70.330,185.636,0.008,5,5650.960,4846.134
70.340,185.638,0.008,5,5651.013,4846.964
70.350,185.639,0.008,5,5651.066,4847.794
70.360,185.641,0.008,5,5651.118,4848.623
70.370,185.643,0.008,5,5651.171,4849.453
70.380,185.645,0.008,5,5651.223,4850.283
70.390,185.646,0.008,5,5651.276,4851.113
70.400,185.648,0.008,5,5651.328,4851.943
70.410,185.650,0.008,5,5651.381,4852.773
70.420,185.651,0.008,5,5651.433,4853.603
70.430,185.653,0.008,5,5651.486,4854.433
70.440,185.655,0.008,5,5651.538,4855.263
70.450,185.657,0.008,5,5651.591,4856.093
70.460,185.658,0.008,5,5651.643,4856.923
70.470,185.660,0.008,5,5651.695,4857.753
70.480,185.662,0.008,5,5651.748,4858.583
70.490,185.663,0.008,5,5651.800,4859.413
70.500,185.665,0.008,5,5651.852,4860.243
70.510,185.667,0.008,5,5651.904,4861.073
70.520,185.669,0.008,5,5651.957,4861.903
70.530,185.670,0.008,5,5652.009,4862.733
70.540,185.672,0.008,5,5652.061,4863.563
70.550,185.674,0.008,5,5652.113,4864.393
70.560,185.675,0.008,5,5652.165,4865.223
70.570,185.677,0.008,5,5652.217,4866.053
70.580,185.679,0.008,5,5652.269,4866.883
70.590,185.681,0.008,5,5652.321,4867.713
70.600,185.682,0.008,5,5652.373,4868.543
70.610,185.684,0.008,5,5652.425,4869.373
70.620,185.686,0.008,5,5652.477,4870.203
70.630,185.687,0.008,5,5652.529,4871.033
70.640,185.689,0.008,5,5652.581,4871.863
70.650,185.691,0.008,5,5652.633,4872.693
70.660,185.693,0.008,5,5652.685,4873.524
70.670,185.694,0.008,5,5652.737,4874.354
70.680,185.696,0.008,5,5652.789,4875.184
70.690,185.698,0.008,5,5652.840,4876.014
70.700,185.699,0.008,5,5652.892,4876.844
70.710,185.701,0.008,5,5652.944,4877.674
70.720,185.703,0.008,5,5652.996,4878.504
70.730,185.704,0.008,5,5653.047,4879.335
70.740,185.706,0.008,5,5653.099,4880.165
70.750,185.708,0.008,5,5653.151,4880.995
70.760,185.710,0.008,5,5653.202,4881.825
70.770,185.711,0.008,5,5653.254,4882.655
70.780,185.713,0.008,5,5653.305,4883.486
70.790,185.715,0.008,5,5653.357,4884.316
70.800,185.716,0.008,5,5653.409,4885.146
70.810,185.718,0.008,5,5653.460,4885.976
70.820,185.720,0.008,5,5653.511,4886.806
70.830,185.721,0.008,5,5653.563,4887.637
70.840,185.723,0.008,5,5653.614,4888.467
70.850,185.725,0.008,5,5653.666,4889.297
70.860,185.726,0.008,5,5653.717,4890.127
70.870,185.728,0.008,5,5653.769,4890.958
70.880,185.730,0.008,5,5653.820,4891.788
70.890,185.732,0.008,5,5653.871,4892.618
70.900,185.733,0.008,5,5653.922,4893.449
70.910,185.735,0.008,5,5653.974,4894.279
70.920,185.737,0.008,5,5654.025,4895.109
70.930,185.738,0.008,5,5654.076,4895.939
70.940,185.740,0.008,5,5654.127,4896.770
70.950,185.742,0.008,5,5654.179,4897.600
70.960,185.743,0.008,5,5654.230,4898.430
70.970,185.745,0.008,5,5654.281,4899.261
70.980,185.747,0.008,5,5654.332,4900.091
70.990,185.748,0.008,5,5654.383,4900.922
71.000,185.750,0.008,5,5654.434,4901.752
71.010,185.752,0.008,5,5654.485,4902.582
71.020,185.753,0.008,5,5654.536,4903.413
71.030,185.755,0.008,5,5654.587,4904.243
71.040,185.757,0.008,5,5654.638,4905.074
71.050,185.758,0.008,5,5654.689,4905.904
71.060,185.760,0.008,5,5654.740,4906.734
71.070,185.762,0.008,5,5654.791,4907.565
71.080,185.763,0.008,5,5654.841,4908.395
71.090,185.765,0.008,5,5654.892,4909.226
71.100,185.767,0.008,5,5654.943,4910.056
71.110,185.768,0.008,5,5654.994,4910.887
71.120,185.770,0.008,5,5655.045,4911.717
71.130,185.772,0.008,5,5655.095,4912.547
71.140,185.773,0.008,5,5655.146,4913.378
71.150,185.775,0.008,5,5655.197,4914.208
71.160,185.777,0.008,5,5655.247,4915.039
71.170,185.778,0.008,5,5655.298,4915.869
71.180,185.780,0.008,5,5655.349,4916.700
71.190,185.782,0.008,5,5655.399,4917.530
71.200,185.783,0.008,5,5655.450,4918.361
71.210,185.785,0.008,5,5655.500,4919.191
71.220,185.787,0.008,5,5655.551,4920.022
71.230,185.788,0.008,5,5655.601,4920.853
71.240,185.790,0.008,5,5655.652,4921.683
71.250,185.792,0.008,5,5655.702,4922.514
71.260,185.793,0.008,5,5655.753,4923.344
71.270,185.795,0.008,5,5655.803,4924.175
71.280,185.797,0.008,5,5655.854,4925.005
71.290,185.798,0.008,5,5655.904,4925.836
71.300,185.800,0.008,5,5655.954,4926.667
71.310,185.802,0.008,5,5656.005,4927.497
71.320,185.803,0.008,5,5656.055,4928.328
71.330,185.805,0.008,5,5656.105,4929.158
71.340,185.807,0.008,5,5656.155,4929.989
71.350,185.808,0.008,5,5656.206,4930.820
71.360,185.810,0.008,5,5656.256,4931.650
71.370,185.811,0.008,5,5656.306,4932.481
71.380,185.813,0.008,5,5656.356,4933.312
71.390,185.815,0.007,5,5656.406,4934.142
71.400,185.816,0.007,5,5656.456,4934.973
71.410,185.818,0.007,5,5656.506,4935.804
71.420,185.820,0.007,5,5656.556,4936.634
71.430,185.821,0.007,5,5656.606,4937.465
71.440,185.823,0.007,5,5656.656,4938.296
71.450,185.825,0.007,5,5656.706,4939.126
71.460,185.826,0.007,5,5656.756,4939.957
71.470,185.828,0.007,5,5656.806,4940.788
71.480,185.830,0.007,5,5656.856,4941.619
71.490,185.831,0.007,5,5656.906,4942.449
71.500,185.833,0.007,5,5656.956,4943.280
71.510,185.834,0.007,5,5657.006,4944.111
71.520,185.836,0.007,5,5657.056,4944.942
71.530,185.838,0.007,5,5657.105,4945.772
71.540,185.839,0.007,5,5657.155,4946.603
71.550,185.841,0.007,5,5657.205,4947.434
71.560,185.843,0.007,5,5657.255,4948.265
71.570,185.844,0.007,5,5657.304,4949.095
71.580,185.846,0.007,5,5657.354,4949.926
71.590,185.848,0.007,5,5657.404,4950.757
71.600,185.849,0.007,5,5657.453,4951.588
71.610,185.851,0.007,5,5657.503,4952.419
71.620,185.852,0.007,5,5657.552,4953.249
71.630,185.854,0.007,5,5657.602,4954.080
71.640,185.856,0.007,5,5657.652,4954.911
71.650,185.857,0.007,5,5657.701,4955.742
71.660,185.859,0.007,5,5657.751,4956.573
71.670,185.861,0.007,5,5657.800,4957.404
71.680,185.862,0.007,5,5657.849,4958.235
71.690,185.864,0.007,5,5657.899,4959.065
71.700,185.865,0.007,5,5657.948,4959.896
71.710,185.867,0.007,5,5657.998,4960.727
71.720,185.869,0.007,5,5658.047,4961.558
71.730,185.870,0.007,5,5658.096,4962.389
71.740,185.872,0.007,5,5658.146,4963.220
71.750,185.874,0.007,5,5658.195,4964.051
71.760,185.875,0.007,5,5658.244,4964.882
71.770,185.877,0.007,5,5658.293,4965.713
71.780,185.878,0.007,5,5658.343,4966.544
71.790,185.880,0.007,5,5658.392,4967.375
71.800,185.882,0.007,5,5658.441,4968.206
71.810,185.883,0.007,5,5658.490,4969.037
71.820,185.885,0.007,5,5658.539,4969.868
71.830,185.886,0.007,5,5658.588,4970.699
71.840,185.888,0.007,5,5658.637,4971.530
71.850,185.890,0.007,5,5658.686,4972.361
71.860,185.891,0.007,5,5658.735,4973.192
71.870,185.893,0.007,5,5658.784,4974.023
71.880,185.895,0.007,5,5658.833,4974.854
71.890,185.896,0.007,5,5658.882,4975.685
71.900,185.898,0.007,5,5658.931,4976.516
71.910,185.899,0.007,5,5658.980,4977.347
71.920,185.901,0.007,5,5659.029,4978.178
71.930,185.903,0.007,5,5659.078,4979.009
71.940,185.904,0.007,5,5659.127,4979.840
71.950,185.906,0.007,5,5659.176,4980.671
71.960,185.907,0.007,5,5659.224,4981.502
71.970,185.909,0.007,5,5659.273,4982.333
71.980,185.911,0.007,5,5659.322,4983.164
71.990,185.912,0.007,5,5659.371,4983.995
72.000,185.914,0.007,5,5659.419,4984.826
72.010,185.915,0.007,5,5659.468,4985.657
72.020,185.917,0.007,5,5659.517,4986.489
72.030,185.919,0.007,5,5659.565,4987.320
72.040,185.920,0.007,5,5659.614,4988.151
72.050,185.922,0.007,5,5659.663,4988.982
72.060,185.923,0.007,5,5659.711,4989.813
72.070,185.925,0.007,5,5659.760,4990.644
72.080,185.927,0.007,5,5659.808,4991.475
72.090,185.928,0.007,5,5659.857,4992.307
72.100,185.930,0.007,5,5659.905,4993.138
72.110,185.931,0.007,5,5659.954,4993.969
72.120,185.933,0.007,5,5660.002,4994.800
72.130,185.935,0.007,5,5660.050,4995.631
72.140,185.936,0.007,5,5660.099,4996.463
72.150,185.938,0.007,5,5660.147,4997.294
72.160,185.939,0.007,5,5660.195,4998.125
72.170,185.941,0.007,5,5660.244,4998.956
72.180,185.942,0.007,5,5660.292,4999.787
72.190,185.944,0.007,5,5660.340,5000.619
72.200,185.946,0.007,5,5660.389,5001.450
72.210,185.947,0.007,5,5660.437,5002.281
72.220,185.949,0.007,5,5660.485,5003.112
72.230,185.950,0.007,5,5660.533,5003.944
72.240,185.952,0.007,5,5660.581,5004.775
72.250,185.954,0.007,5,5660.630,5005.606
72.260,185.955,0.007,5,5660.678,5006.438
72.270,185.957,0.007,5,5660.726,5007.269
72.280,185.958,0.007,5,5660.774,5008.100
72.290,185.960,0.007,5,5660.822,5008.931
72.300,185.961,0.007,5,5660.870,5009.763
72.310,185.963,0.007,5,5660.918,5010.594
72.320,185.965,0.007,5,5660.966,5011.425
72.330,185.966,0.007,5,5661.014,5012.257
72.340,185.968,0.007,5,5661.062,5013.088
72.350,185.969,0.007,5,5661.110,5013.919
72.360,185.971,0.007,5,5661.158,5014.751
72.370,185.972,0.007,5,5661.205,5015.582
72.380,185.974,0.007,5,5661.253,5016.414
72.390,185.976,0.007,5,5661.301,5017.245
72.400,185.977,0.007,5,5661.349,5018.076
72.410,185.979,0.007,5,5661.397,5018.908
72.420,185.980,0.007,5,5661.444,5019.739
72.430,185.982,0.007,5,5661.492,5020.571
72.440,185.983,0.007,5,5661.540,5021.402
72.450,185.985,0.007,5,5661.587,5022.233
72.460,185.987,0.007,5,5661.635,5023.065
72.470,185.988,0.007,5,5661.683,5023.896
72.480,185.990,0.007,5,5661.730,5024.728
72.490,185.991,0.007,5,5661.778,5025.559
72.500,185.993,0.007,5,5661.826,5026.391
72.510,185.994,0.007,5,5661.873,5027.222
72.520,185.996,0.007,5,5661.921,5028.054
72.530,185.997,0.007,5,5661.968,5028.885
72.540,185.999,0.007,5,5662.016,5029.717
72.550,186.001,0.007,5,5662.063,5030.548
72.560,186.002,0.007,5,5662.111,5031.380
72.570,186.004,0.007,5,5662.158,5032.211
72.580,186.005,0.007,5,5662.205,5033.043
72.590,186.007,0.007,5,5662.253,5033.874
72.600,186.008,0.007,5,5662.300,5034.706
72.610,186.010,0.007,5,5662.347,5035.537
72.620,186.012,0.007,5,5662.395,5036.369
72.630,186.013,0.007,5,5662.442,5037.200
72.640,186.015,0.007,5,5662.489,5038.032
72.650,186.016,0.007,5,5662.536,5038.863
72.660,186.018,0.007,5,5662.584,5039.695
72.670,186.019,0.007,5,5662.631,5040.526
72.680,186.021,0.007,5,5662.678,5041.358
72.690,186.022,0.007,5,5662.725,5042.190
72.700,186.024,0.007,5,5662.772,5043.021
72.710,186.025,0.007,5,5662.819,5043.853
72.720,186.027,0.007,5,5662.867,5044.684
72.730,186.029,0.007,5,5662.914,5045.516
72.740,186.030,0.007,5,5662.961,5046.348
72.750,186.032,0.007,5,5663.008,5047.179
72.760,186.033,0.007,5,5663.055,5048.011
72.770,186.035,0.007,5,5663.102,5048.843
72.780,186.036,0.007,5,5663.149,5049.674
72.790,186.038,0.007,5,5663.195,5050.506
72.800,186.039,0.007,5,5663.242,5051.338
72.810,186.041,0.007,5,5663.289,5052.169
72.820,186.042,0.007,5,5663.336,5053.001
72.830,186.044,0.007,5,5663.383,5053.833
72.840,186.046,0.007,5,5663.430,5054.664
72.850,186.047,0.007,5,5663.477,5055.496
72.860,186.049,0.007,5,5663.523,5056.328
72.870,186.050,0.007,5,5663.570,5057.159
72.880,186.052,0.007,5,5663.617,5057.991
72.890,186.053,0.007,5,5663.664,5058.823
72.900,186.055,0.007,5,5663.710,5059.655
72.910,186.056,0.007,5,5663.757,5060.486
72.920,186.058,0.007,5,5663.804,5061.318
72.930,186.059,0.007,5,5663.850,5062.150
72.940,186.061,0.007,5,5663.897,5062.982
72.950,186.062,0.007,5,5663.943,5063.813
72.960,186.064,0.007,5,5663.990,5064.645
72.970,186.065,0.007,5,5664.036,5065.477
72.980,186.067,0.007,5,5664.083,5066.309
72.990,186.068,0.007,5,5664.129,5067.141
73.000,186.070,0.007,5,5664.176,5067.972
73.010,186.072,0.007,5,5664.222,5068.804
73.020,186.073,0.007,5,5664.269,5069.636
73.030,186.075,0.007,5,5664.315,5070.468
73.040,186.076,0.007,5,5664.362,5071.300
73.050,186.078,0.007,5,5664.408,5072.131
73.060,186.079,0.007,5,5664.454,5072.963
73.070,186.081,0.007,5,5664.501,5073.795
73.080,186.082,0.007,5,5664.547,5074.627
73.090,186.084,0.007,5,5664.593,5075.459
73.100,186.085,0.007,5,5664.639,5076.291
73.110,186.087,0.007,5,5664.686,5077.123
73.120,186.088,0.007,5,5664.732,5077.954
73.130,186.090,0.007,5,5664.778,5078.786
73.140,186.091,0.007,5,5664.824,5079.618
73.150,186.093,0.007,5,5664.870,5080.450
73.160,186.094,0.007,5,5664.916,5081.282
73.170,186.096,0.007,5,5664.963,5082.114
73.180,186.097,0.007,5,5665.009,5082.946
73.190,186.099,0.007,5,5665.055,5083.778
73.200,186.100,0.007,5,5665.101,5084.610
73.210,186.102,0.007,5,5665.147,5085.442
73.220,186.103,0.007,5,5665.193,5086.274
73.230,186.105,0.007,5,5665.239,5087.106
73.240,186.106,0.007,5,5665.285,5087.938
73.250,186.108,0.007,5,5665.331,5088.770
73.260,186.109,0.007,5,5665.376,5089.602
73.270,186.111,0.007,5,5665.422,5090.434
73.280,186.112,0.007,5,5665.468,5091.266
73.290,186.114,0.007,5,5665.514,5092.098
73.300,186.115,0.007,5,5665.560,5092.930
73.310,186.117,0.007,5,5665.606,5093.762
73.320,186.118,0.007,5,5665.651,5094.594
73.330,186.120,0.007,5,5665.697,5095.426
73.340,186.122,0.007,5,5665.743,5096.258
73.350,186.123,0.007,5,5665.789,5097.090
73.360,186.125,0.007,5,5665.834,5097.922
73.370,186.126,0.007,5,5665.880,5098.754
73.380,186.128,0.007,5,5665.926,5099.586
73.390,186.129,0.007,5,5665.971,5100.418
73.400,186.130,0.007,5,5666.017,5101.250
73.410,186.132,0.007,5,5666.062,5102.082
73.420,186.133,0.007,5,5666.108,5102.914
73.430,186.135,0.007,5,5666.154,5103.746
73.440,186.136,0.007,5,5666.199,5104.578
73.450,186.138,0.007,5,5666.245,5105.410
73.460,186.139,0.007,5,5666.290,5106.243
73.470,186.141,0.007,5,5666.335,5107.075
73.480,186.142,0.007,5,5666.381,5107.907
73.490,186.144,0.007,5,5666.426,5108.739
73.500,186.145,0.007,5,5666.472,5109.571
73.510,186.147,0.007,5,5666.517,5110.403
73.520,186.148,0.007,5,5666.562,5111.235
73.530,186.150,0.007,5,5666.608,5112.068
73.540,186.151,0.007,5,5666.653,5112.900
73.550,186.153,0.007,5,5666.698,5113.732
73.560,186.154,0.007,5,5666.744,5114.564
73.570,186.156,0.007,5,5666.789,5115.396
73.580,186.157,0.007,5,5666.834,5116.228
73.590,186.159,0.007,5,5666.879,5117.061
73.600,186.160,0.007,5,5666.924,5117.893
73.610,186.162,0.007,5,5666.970,5118.725
73.620,186.163,0.007,5,5667.015,5119.557
73.630,186.165,0.007,5,5667.060,5120.390
73.640,186.166,0.007,5,5667.105,5121.222
73.650,186.168,0.007,5,5667.150,5122.054
73.660,186.169,0.007,5,5667.195,5122.886
73.670,186.171,0.007,5,5667.240,5123.718
73.680,186.172,0.007,5,5667.285,5124.551
73.690,186.174,0.007,5,5667.330,5125.383
73.700,186.175,0.007,5,5667.375,5126.215
73.710,186.177,0.007,5,5667.420,5127.048
73.720,186.178,0.007,5,5667.465,5127.880
73.730,186.180,0.007,5,5667.510,5128.712
73.740,186.181,0.007,5,5667.555,5129.544
73.750,186.182,0.007,5,5667.599,5130.377
73.760,186.184,0.007,5,5667.644,5131.209
73.770,186.185,0.007,5,5667.689,5132.041
73.780,186.187,0.007,5,5667.734,5132.874
73.790,186.188,0.007,5,5667.779,5133.706
73.800,186.190,0.007,5,5667.823,5134.538
73.810,186.191,0.007,5,5667.868,5135.371
73.820,186.193,0.007,5,5667.913,5136.203
73.830,186.194,0.007,5,5667.958,5137.035
73.840,186.196,0.007,5,5668.002,5137.868
73.850,186.197,0.007,5,5668.047,5138.700
73.860,186.199,0.007,5,5668.092,5139.533
73.870,186.200,0.007,5,5668.136,5140.365
73.880,186.202,0.007,5,5668.181,5141.197
73.890,186.203,0.007,5,5668.225,5142.030
73.900,186.205,0.007,5,5668.270,5142.862
73.910,186.206,0.007,5,5668.314,5143.695
73.920,186.207,0.007,5,5668.359,5144.527
73.930,186.209,0.007,5,5668.403,5145.359
73.940,186.210,0.007,5,5668.448,5146.192
73.950,186.212,0.007,5,5668.492,5147.024
73.960,186.213,0.007,5,5668.537,5147.857
73.970,186.215,0.007,5,5668.581,5148.689
73.980,186.216,0.007,5,5668.625,5149.522
73.990,186.218,0.007,5,5668.670,5150.354
74.000,186.219,0.007,5,5668.714,5151.187
74.010,186.221,0.007,5,5668.758,5152.019
74.020,186.222,0.007,5,5668.803,5152.851
74.030,186.223,0.007,5,5668.847,5153.684
74.040,186.225,0.007,5,5668.891,5154.516
74.050,186.226,0.007,5,5668.935,5155.349
74.060,186.228,0.007,5,5668.980,5156.181
74.070,186.229,0.007,5,5669.024,5157.014
74.080,186.231,0.007,5,5669.068,5157.847
74.090,186.232,0.007,5,5669.112,5158.679
74.100,186.234,0.007,5,5669.156,5159.512
74.110,186.235,0.007,5,5669.200,5160.344
74.120,186.237,0.007,5,5669.244,5161.177
74.130,186.238,0.007,5,5669.289,5162.009
74.140,186.239,0.007,5,5669.333,5162.842
74.150,186.241,0.007,5,5669.377,5163.674
74.160,186.242,0.007,5,5669.421,5164.507
74.170,186.244,0.007,5,5669.465,5165.339
74.180,186.245,0.007,5,5669.509,5166.172
74.190,186.247,0.007,5,5669.552,5167.005
74.200,186.248,0.007,5,5669.596,5167.837
74.210,186.250,0.007,5,5669.640,5168.670
74.220,186.251,0.007,5,5669.684,5169.502
74.230,186.252,0.007,5,5669.728,5170.335
74.240,186.254,0.007,5,5669.772,5171.168
74.250,186.255,0.007,5,5669.816,5172.000
74.260,186.257,0.007,5,5669.859,5172.833
74.270,186.258,0.007,5,5669.903,5173.666
74.280,186.260,0.007,5,5669.947,5174.498
74.290,186.261,0.007,5,5669.991,5175.331
74.300,186.262,0.007,5,5670.034,5176.164
74.310,186.264,0.007,5,5670.078,5176.996
74.320,186.265,0.007,5,5670.122,5177.829
74.330,186.267,0.007,5,5670.165,5178.662
74.340,186.268,0.007,5,5670.209,5179.494
74.350,186.270,0.007,5,5670.253,5180.327
74.360,186.271,0.007,5,5670.296,5181.160
74.370,186.273,0.007,5,5670.340,5181.992
74.380,186.274,0.007,5,5670.383,5182.825
74.390,186.275,0.007,5,5670.427,5183.658
74.400,186.277,0.007,5,5670.470,5184.491
74.410,186.278,0.007,5,5670.514,5185.323
74.420,186.280,0.007,5,5670.557,5186.156
74.430,186.281,0.007,5,5670.601,5186.989
74.440,186.283,0.006,5,5670.644,5187.822
74.450,186.284,0.006,5,5670.688,5188.654
74.460,186.285,0.006,5,5670.731,5189.487
74.470,186.287,0.006,5,5670.774,5190.320
74.480,186.288,0.006,5,5670.818,5191.153
74.490,186.290,0.006,5,5670.861,5191.985
74.500,186.291,0.006,5,5670.904,5192.818
74.510,186.292,0.006,5,5670.948,5193.651
74.520,186.294,0.006,5,5670.991,5194.484
74.530,186.295,0.006,5,5671.034,5195.317
74.540,186.297,0.006,5,5671.077,5196.149
74.550,186.298,0.006,5,5671.121,5196.982
74.560,186.300,0.006,5,5671.164,5197.815
74.570,186.301,0.006,5,5671.207,5198.648
74.580,186.302,0.006,5,5671.250,5199.481
74.590,186.304,0.006,5,5671.293,5200.314
74.600,186.305,0.006,5,5671.336,5201.146
74.610,186.307,0.006,5,5671.379,5201.979
74.620,186.308,0.006,5,5671.422,5202.812
74.630,186.309,0.006,5,5671.465,5203.645
74.640,186.311,0.006,5,5671.508,5204.478
74.650,186.312,0.006,5,5671.551,5205.311
74.660,186.314,0.006,5,5671.594,5206.144
74.670,186.315,0.006,5,5671.637,5206.977
74.680,186.317,0.006,5,5671.680,5207.810
74.690,186.318,0.006,5,5671.723,5208.642
74.700,186.319,0.006,5,5671.766,5209.475
74.710,186.321,0.006,5,5671.809,5210.308
74.720,186.322,0.006,5,5671.852,5211.141
74.730,186.324,0.006,5,5671.895,5211.974
74.740,186.325,0.006,5,5671.937,5212.807
74.750,186.326,0.006,5,5671.980,5213.640
74.760,186.328,0.006,5,5672.023,5214.473
74.770,186.329,0.006,5,5672.066,5215.306
74.780,186.331,0.006,5,5672.109,5216.139
74.790,186.332,0.006,5,5672.151,5216.972
74.800,186.333,0.006,5,5672.194,5217.805
74.810,186.335,0.006,5,5672.237,5218.638
74.820,186.336,0.006,5,5672.279,5219.471
74.830,186.338,0.006,5,5672.322,5220.304
74.840,186.339,0.006,5,5672.365,5221.137
74.850,186.340,0.006,5,5672.407,5221.970
74.860,186.342,0.006,5,5672.450,5222.803
74.870,186.343,0.006,5,5672.492,5223.636
74.880,186.345,0.006,5,5672.535,5224.469
74.890,186.346,0.006,5,5672.577,5225.302
74.900,186.347,0.006,5,5672.620,5226.135
74.910,186.349,0.006,5,5672.662,5226.968
74.920,186.350,0.006,5,5672.705,5227.801
74.930,186.352,0.006,5,5672.747,5228.634
74.940,186.353,0.006,5,5672.790,5229.467
74.950,186.354,0.006,5,5672.832,5230.300
74.960,186.356,0.006,5,5672.874,5231.133
74.970,186.357,0.006,5,5672.917,5231.967
74.980,186.359,0.006,5,5672.959,5232.800
74.990,186.360,0.006,5,5673.001,5233.633
75.000,186.361,0.006,5,5673.044,5234.466
75.010,186.363,0.006,5,5673.086,5235.299
75.020,186.364,0.006,5,5673.128,5236.132
75.030,186.365,0.006,5,5673.170,5236.965
75.040,186.367,0.006,5,5673.213,5237.798
75.050,186.368,0.006,5,5673.255,5238.631
75.060,186.370,0.006,5,5673.297,5239.465
75.070,186.371,0.006,5,5673.339,5240.298
75.080,186.372,0.006,5,5673.381,5241.131
75.090,186.374,0.006,5,5673.423,5241.964
75.100,186.375,0.006,5,5673.466,5242.797
75.110,186.377,0.006,5,5673.508,5243.630
75.120,186.378,0.006,5,5673.550,5244.464
75.130,186.379,0.006,5,5673.592,5245.297
75.140,186.381,0.006,5,5673.634,5246.130
75.150,186.382,0.006,5,5673.676,5246.963
75.160,186.383,0.006,5,5673.718,5247.796
75.170,186.385,0.006,5,5673.760,5248.630
75.180,186.386,0.006,5,5673.802,5249.463
75.190,186.388,0.006,5,5673.843,5250.296
75.200,186.389,0.006,5,5673.885,5251.129
75.210,186.390,0.006,5,5673.927,5251.962
75.220,186.392,0.006,5,5673.969,5252.796
75.230,186.393,0.006,5,5674.011,5253.629
75.240,186.394,0.006,5,5674.053,5254.462
75.250,186.396,0.006,5,5674.095,5255.295
75.260,186.397,0.006,5,5674.136,5256.129
75.270,186.399,0.006,5,5674.178,5256.962
75.280,186.400,0.006,5,5674.220,5257.795
75.290,186.401,0.006,5,5674.262,5258.629
75.300,186.403,0.006,5,5674.303,5259.462
75.310,186.404,0.006,5,5674.345,5260.295
75.320,186.405,0.006,5,5674.387,5261.128
75.330,186.407,0.006,5,5674.428,5261.962
75.340,186.408,0.006,5,5674.470,5262.795
75.350,186.410,0.006,5,5674.511,5263.628
75.360,186.411,0.006,5,5674.553,5264.462
75.370,186.412,0.006,5,5674.595,5265.295
75.380,186.414,0.006,5,5674.636,5266.128
75.390,186.415,0.006,5,5674.678,5266.962
75.400,186.416,0.006,5,5674.719,5267.795
75.410,186.418,0.006,5,5674.761,5268.628
75.420,186.419,0.006,5,5674.802,5269.462
75.430,186.420,0.006,5,5674.844,5270.295
75.440,186.422,0.006,5,5674.885,5271.129
75.450,186.423,0.006,5,5674.926,5271.962
75.460,186.425,0.006,5,5674.968,5272.795
75.470,186.426,0.006,5,5675.009,5273.629
75.480,186.427,0.006,5,5675.051,5274.462
75.490,186.429,0.006,5,5675.092,5275.296
75.500,186.430,0.006,5,5675.133,5276.129
75.510,186.431,0.006,5,5675.174,5276.962
75.520,186.433,0.006,5,5675.216,5277.796
75.530,186.434,0.006,5,5675.257,5278.629
75.540,186.435,0.006,5,5675.298,5279.463
75.550,186.437,0.006,5,5675.339,5280.296
75.560,186.438,0.006,5,5675.381,5281.130
75.570,186.439,0.006,5,5675.422,5281.963
75.580,186.441,0.006,5,5675.463,5282.796
75.590,186.442,0.006,5,5675.504,5283.630
75.600,186.444,0.006,5,5675.545,5284.463
75.610,186.445,0.006,5,5675.586,5285.297
75.620,186.446,0.006,5,5675.627,5286.130
75.630,186.448,0.006,5,5675.668,5286.964
75.640,186.449,0.006,5,5675.709,5287.797
75.650,186.450,0.006,5,5675.751,5288.631
75.660,186.452,0.006,5,5675.792,5289.464
75.670,186.453,0.006,5,5675.832,5290.298
75.680,186.454,0.006,5,5675.873,5291.131
75.690,186.456,0.006,5,5675.914,5291.965
75.700,186.457,0.006,5,5675.955,5292.798
75.710,186.458,0.006,5,5675.996,5293.632
75.720,186.460,0.006,5,5676.037,5294.466
75.730,186.461,0.006,5,5676.078,5295.299
75.740,186.462,0.006,5,5676.119,5296.133
75.750,186.464,0.006,5,5676.160,5296.966
75.760,186.465,0.006,5,5676.200,5297.800
75.770,186.466,0.006,5,5676.241,5298.633
75.780,186.468,0.006,5,5676.282,5299.467
75.790,186.469,0.006,5,5676.323,5300.301
75.800,186.470,0.006,5,5676.363,5301.134
75.810,186.472,0.006,5,5676.404,5301.968
75.820,186.473,0.006,5,5676.445,5302.801
75.830,186.474,0.006,5,5676.486,5303.635
75.840,186.476,0.006,5,5676.526,5304.469
75.850,186.477,0.006,5,5676.567,5305.302
75.860,186.478,0.006,5,5676.607,5306.136
75.870,186.480,0.006,5,5676.648,5306.969
75.880,186.481,0.006,5,5676.689,5307.803
75.890,186.482,0.006,5,5676.729,5308.637
75.900,186.484,0.006,5,5676.770,5309.470
75.910,186.485,0.006,5,5676.810,5310.304
75.920,186.486,0.006,5,5676.851,5311.138
75.930,186.488,0.006,5,5676.891,5311.971
75.940,186.489,0.006,5,5676.932,5312.805
75.950,186.490,0.006,5,5676.972,5313.639
75.960,186.492,0.006,5,5677.013,5314.472
75.970,186.493,0.006,5,5677.053,5315.306
75.980,186.494,0.006,5,5677.093,5316.140
75.990,186.496,0.006,5,5677.134,5316.973
76.000,186.497,0.006,5,5677.174,5317.807
76.010,186.498,0.006,5,5677.214,5318.641
76.020,186.500,0.006,5,5677.255,5319.475
76.030,186.501,0.006,5,5677.295,5320.308
76.040,186.502,0.006,5,5677.335,5321.142
76.050,186.504,0.006,5,5677.376,5321.976
76.060,186.505,0.006,5,5677.416,5322.810
76.070,186.506,0.006,5,5677.456,5323.643
76.080,186.508,0.006,5,5677.496,5324.477
76.090,186.509,0.006,5,5677.536,5325.311
76.100,186.510,0.006,5,5677.577,5326.145
76.110,186.512,0.006,5,5677.617,5326.978
76.120,186.513,0.006,5,5677.657,5327.812
76.130,186.514,0.006,5,5677.697,5328.646
76.140,186.516,0.006,5,5677.737,5329.480
76.150,186.517,0.006,5,5677.777,5330.314
76.160,186.518,0.006,5,5677.817,5331.147
76.170,186.519,0.006,5,5677.857,5331.981
76.180,186.521,0.006,5,5677.897,5332.815
76.190,186.522,0.006,5,5677.937,5333.649
76.200,186.523,0.006,5,5677.977,5334.483
76.210,186.525,0.006,5,5678.017,5335.317
76.220,186.526,0.006,5,5678.057,5336.150
76.230,186.527,0.006,5,5678.097,5336.984
76.240,186.529,0.006,5,5678.137,5337.818
76.250,186.530,0.006,5,5678.177,5338.652
76.260,186.531,0.006,5,5678.217,5339.486
76.270,186.533,0.006,5,5678.256,5340.320
76.280,186.534,0.006,5,5678.296,5341.154
76.290,186.535,0.006,5,5678.336,5341.987
76.300,186.536,0.006,5,5678.376,5342.821
76.310,186.538,0.006,5,5678.416,5343.655
76.320,186.539,0.006,5,5678.455,5344.489
76.330,186.540,0.006,5,5678.495,5345.323
76.340,186.542,0.006,5,5678.535,5346.157
76.350,186.543,0.006,5,5678.574,5346.991
76.360,186.544,0.006,5,5678.614,5347.825
76.370,186.546,0.006,5,5678.654,5348.659
76.380,186.547,0.006,5,5678.693,5349.493
76.390,186.548,0.006,5,5678.733,5350.327
76.400,186.550,0.006,5,5678.773,5351.161
76.410,186.551,0.006,5,5678.812,5351.994
76.420,186.552,0.006,5,5678.852,5352.828
76.430,186.553,0.006,5,5678.891,5353.662
76.440,186.555,0.006,5,5678.931,5354.496
76.450,186.556,0.006,5,5678.970,5355.330
76.460,186.557,0.006,5,5679.010,5356.164
76.470,186.559,0.006,5,5679.049,5356.998
76.480,186.560,0.006,5,5679.089,5357.832
76.490,186.561,0.006,5,5679.128,5358.666
76.500,186.563,0.006,5,5679.167,5359.500
76.510,186.564,0.006,5,5679.207,5360.334
76.520,186.565,0.006,5,5679.246,5361.168
76.530,186.566,0.006,5,5679.286,5362.002
76.540,186.568,0.006,5,5679.325,5362.836
76.550,186.569,0.006,5,5679.364,5363.670
76.560,186.570,0.006,5,5679.404,5364.504
76.570,186.572,0.006,5,5679.443,5365.338
76.580,186.573,0.006,5,5679.482,5366.173
76.590,186.574,0.006,5,5679.521,5367.007
76.600,186.575,0.006,5,5679.561,5367.841
76.610,186.577,0.006,5,5679.600,5368.675
76.620,186.578,0.006,5,5679.639,5369.509
76.630,186.579,0.006,5,5679.678,5370.343
76.640,186.581,0.006,5,5679.717,5371.177
76.650,186.582,0.006,5,5679.756,5372.011
76.660,186.583,0.006,5,5679.795,5372.845
76.670,186.584,0.006,5,5679.835,5373.679
76.680,186.586,0.006,5,5679.874,5374.513
76.690,186.587,0.006,5,5679.913,5375.347
76.700,186.588,0.006,5,5679.952,5376.182
76.710,186.590,0.006,5,5679.991,5377.016
76.720,186.591,0.006,5,5680.030,5377.850
76.730,186.592,0.006,5,5680.069,5378.684
76.740,186.593,0.006,5,5680.108,5379.518
76.750,186.595,0.006,5,5680.147,5380.352
76.760,186.596,0.006,5,5680.186,5381.186
76.770,186.597,0.006,5,5680.225,5382.021
76.780,186.599,0.006,5,5680.263,5382.855
76.790,186.600,0.006,5,5680.302,5383.689
76.800,186.601,0.006,5,5680.341,5384.523
76.810,186.602,0.006,5,5680.380,5385.357
76.820,186.604,0.006,5,5680.419,5386.191
76.830,186.605,0.006,5,5680.458,5387.026
76.840,186.606,0.006,5,5680.496,5387.860
76.850,186.607,0.006,5,5680.535,5388.694
76.860,186.609,0.006,5,5680.574,5389.528
76.870,186.610,0.006,5,5680.613,5390.363
76.880,186.611,0.006,5,5680.651,5391.197
76.890,186.613,0.006,5,5680.690,5392.031
76.900,186.614,0.006,5,5680.729,5392.865
76.910,186.615,0.006,5,5680.767,5393.699
76.920,186.616,0.006,5,5680.806,5394.534
76.930,186.618,0.006,5,5680.845,5395.368
76.940,186.619,0.006,5,5680.883,5396.202
76.950,186.620,0.006,5,5680.922,5397.036
76.960,186.621,0.006,5,5680.960,5397.871
76.970,186.623,0.006,5,5680.999,5398.705
76.980,186.624,0.006,5,5681.037,5399.539
76.990,186.625,0.006,5,5681.076,5400.374
77.000,186.626,0.006,5,5681.114,5401.208
77.010,186.628,0.006,5,5681.153,5402.042
77.020,186.629,0.006,5,5681.191,5402.876
77.030,186.630,0.006,5,5681.230,5403.711
77.040,186.632,0.006,5,5681.268,5404.545
77.050,186.633,0.006,5,5681.307,5405.379
77.060,186.634,0.006,5,5681.345,5406.214
77.070,186.635,0.006,5,5681.383,5407.048
77.080,186.637,0.006,5,5681.422,5407.882
77.090,186.638,0.006,5,5681.460,5408.717
77.100,186.639,0.006,5,5681.498,5409.551
77.110,186.640,0.006,5,5681.537,5410.385
77.120,186.642,0.006,5,5681.575,5411.220
77.130,186.643,0.006,5,5681.613,5412.054
77.140,186.644,0.006,5,5681.651,5412.889
77.150,186.645,0.006,5,5681.690,5413.723
77.160,186.647,0.006,5,5681.728,5414.557
77.170,186.648,0.006,5,5681.766,5415.392
77.180,186.649,0.006,5,5681.804,5416.226
77.190,186.650,0.006,5,5681.842,5417.060
77.200,186.652,0.006,5,5681.880,5417.895
77.210,186.653,0.006,5,5681.919,5418.729
77.220,186.654,0.006,5,5681.957,5419.564
77.230,186.655,0.006,5,5681.995,5420.398
77.240,186.657,0.006,5,5682.033,5421.233
77.250,186.658,0.006,5,5682.071,5422.067
77.260,186.659,0.006,5,5682.109,5422.901
77.270,186.660,0.006,5,5682.147,5423.736
77.280,186.662,0.006,5,5682.185,5424.570
77.290,186.663,0.006,5,5682.223,5425.405
77.300,186.664,0.006,5,5682.261,5426.239
77.310,186.665,0.006,5,5682.299,5427.074
77.320,186.667,0.006,5,5682.337,5427.908
77.330,186.668,0.006,5,5682.374,5428.743
77.340,186.669,0.006,5,5682.412,5429.577
77.350,186.670,0.006,5,5682.450,5430.412
77.360,186.672,0.006,5,5682.488,5431.246
77.370,186.673,0.006,5,5682.526,5432.081
77.380,186.674,0.006,5,5682.564,5432.915
77.390,186.675,0.006,5,5682.601,5433.750
77.400,186.677,0.006,5,5682.639,5434.584
77.410,186.678,0.006,5,5682.677,5435.419
77.420,186.679,0.006,5,5682.715,5436.253
77.430,186.680,0.006,5,5682.752,5437.088
77.440,186.682,0.006,5,5682.790,5437.922
77.450,186.683,0.006,5,5682.828,5438.757
77.460,186.684,0.006,5,5682.866,5439.591
77.470,186.685,0.006,5,5682.903,5440.426
77.480,186.686,0.006,5,5682.941,5441.260
77.490,186.688,0.006,5,5682.978,5442.095
77.500,186.689,0.006,5,5683.016,5442.930
77.510,186.690,0.006,5,5683.054,5443.764
77.520,186.691,0.006,5,5683.091,5444.599
77.530,186.693,0.006,5,5683.129,5445.433
77.540,186.694,0.006,5,5683.166,5446.268
77.550,186.695,0.006,5,5683.204,5447.102
77.560,186.696,0.006,5,5683.241,5447.937
77.570,186.698,0.006,5,5683.279,5448.772
77.580,186.699,0.006,5,5683.316,5449.606
77.590,186.700,0.006,5,5683.354,5450.441
77.600,186.701,0.006,5,5683.391,5451.276
77.610,186.702,0.006,5,5683.428,5452.110
77.620,186.704,0.006,5,5683.466,5452.945
77.630,186.705,0.006,5,5683.503,5453.779
77.640,186.706,0.006,5,5683.540,5454.614
77.650,186.707,0.006,5,5683.578,5455.449
77.660,186.709,0.006,5,5683.615,5456.283
77.670,186.710,0.006,5,5683.652,5457.118
77.680,186.711,0.006,5,5683.690,5457.953
77.690,186.712,0.006,5,5683.727,5458.787
77.700,186.714,0.006,5,5683.764,5459.622
77.710,186.715,0.006,5,5683.801,5460.457
77.720,186.716,0.006,5,5683.839,5461.291
77.730,186.717,0.006,5,5683.876,5462.126
77.740,186.718,0.006,5,5683.913,5462.961
77.750,186.720,0.006,5,5683.950,5463.796
77.760,186.721,0.006,5,5683.987,5464.630
77.770,186.722,0.006,5,5684.024,5465.465
77.780,186.723,0.006,5,5684.061,5466.300
77.790,186.724,0.006,5,5684.099,5467.134
77.800,186.726,0.006,5,5684.136,5467.969
77.810,186.727,0.006,5,5684.173,5468.804
77.820,186.728,0.006,5,5684.210,5469.639
77.830,186.729,0.006,5,5684.247,5470.473
77.840,186.731,0.006,5,5684.284,5471.308
77.850,186.732,0.006,5,5684.321,5472.143
77.860,186.733,0.006,5,5684.358,5472.978
77.870,186.734,0.006,5,5684.395,5473.812
77.880,186.735,0.006,5,5684.431,5474.647
77.890,186.737,0.006,5,5684.468,5475.482
77.900,186.738,0.006,5,5684.505,5476.317
77.910,186.739,0.006,5,5684.542,5477.152
77.920,186.740,0.006,5,5684.579,5477.986
77.930,186.741,0.006,5,5684.616,5478.821
77.940,186.743,0.006,5,5684.653,5479.656
77.950,186.744,0.006,5,5684.689,5480.491
77.960,186.745,0.006,5,5684.726,5481.326
77.970,186.746,0.006,5,5684.763,5482.161
77.980,186.748,0.005,5,5684.800,5482.995
77.990,186.749,0.005,5,5684.837,5483.830
78.000,186.750,0.005,5,5684.873,5484.665
78.010,186.751,0.005,5,5684.910,5485.500
78.020,186.752,0.005,5,5684.947,5486.335
78.030,186.754,0.005,5,5684.983,5487.170
78.040,186.755,0.005,5,5685.020,5488.004
78.050,186.756,0.005,5,5685.057,5488.839
78.060,186.757,0.005,5,5685.093,5489.674
78.070,186.758,0.005,5,5685.130,5490.509
78.080,186.760,0.005,5,5685.166,5491.344
78.090,186.761,0.005,5,5685.203,5492.179
78.100,186.762,0.005,5,5685.239,5493.014
78.110,186.763,0.005,5,5685.276,5493.849
78.120,186.764,0.005,5,5685.313,5494.684
78.130,186.766,0.005,5,5685.349,5495.518
78.140,186.767,0.005,5,5685.385,5496.353
78.150,186.768,0.005,5,5685.422,5497.188
78.160,186.769,0.005,5,5685.458,5498.023
78.170,186.770,0.005,5,5685.495,5498.858
78.180,186.772,0.005,5,5685.531,5499.693
78.190,186.773,0.005,5,5685.568,5500.528
78.200,186.774,0.005,5,5685.604,5501.363
78.210,186.775,0.005,5,5685.640,5502.198
78.220,186.776,0.005,5,5685.677,5503.033
78.230,186.778,0.005,5,5685.713,5503.868
78.240,186.779,0.005,5,5685.749,5504.703
78.250,186.780,0.005,5,5685.786,5505.538
78.260,186.781,0.005,5,5685.822,5506.373
78.270,186.782,0.005,5,5685.858,5507.208
78.280,186.783,0.005,5,5685.894,5508.043
78.290,186.785,0.005,5,5685.931,5508.878
78.300,186.786,0.005,5,5685.967,5509.713
78.310,186.787,0.005,5,5686.003,5510.548
78.320,186.788,0.005,5,5686.039,5511.383
78.330,186.789,0.005,5,5686.075,5512.218
78.340,186.791,0.005,5,5686.111,5513.053
78.350,186.792,0.005,5,5686.148,5513.888
78.360,186.793,0.005,5,5686.184,5514.723
78.370,186.794,0.005,5,5686.220,5515.558
78.380,186.795,0.005,5,5686.256,5516.393
78.390,186.797,0.005,5,5686.292,5517.228
78.400,186.798,0.005,5,5686.328,5518.063
78.410,186.799,0.005,5,5686.364,5518.898
78.420,186.800,0.005,5,5686.400,5519.733
78.430,186.801,0.005,5,5686.436,5520.568
78.440,186.802,0.005,5,5686.472,5521.403
78.450,186.804,0.005,5,5686.508,5522.238
78.460,186.805,0.005,5,5686.544,5523.074
78.470,186.806,0.005,5,5686.580,5523.909
78.480,186.807,0.005,5,5686.615,5524.744
78.490,186.808,0.005,5,5686.651,5525.579
78.500,186.810,0.005,5,5686.687,5526.414
78.510,186.811,0.005,5,5686.723,5527.249
78.520,186.812,0.005,5,5686.759,5528.084
78.530,186.813,0.005,5,5686.795,5528.919
78.540,186.814,0.005,5,5686.830,5529.754
78.550,186.815,0.005,5,5686.866,5530.590
78.560,186.817,0.005,5,5686.902,5531.425
78.570,186.818,0.005,5,5686.938,5532.260
78.580,186.819,0.005,5,5686.973,5533.095
78.590,186.820,0.005,5,5687.009,5533.930
78.600,186.821,0.005,5,5687.045,5534.765
78.610,186.822,0.005,5,5687.081,5535.601
78.620,186.824,0.005,5,5687.116,5536.436
78.630,186.825,0.005,5,5687.152,5537.271
78.640,186.826,0.005,5,5687.187,5538.106
78.650,186.827,0.005,5,5687.223,5538.941
78.660,186.828,0.005,5,5687.259,5539.776
78.670,186.829,0.005,5,5687.294,5540.612
78.680,186.831,0.005,5,5687.330,5541.447
78.690,186.832,0.005,5,5687.365,5542.282
78.700,186.833,0.005,5,5687.401,5543.117
78.710,186.834,0.005,5,5687.436,5543.952
78.720,186.835,0.005,5,5687.472,5544.788
78.730,186.836,0.005,5,5687.507,5545.623
78.740,186.838,0.005,5,5687.543,5546.458
78.750,186.839,0.005,5,5687.578,5547.293
78.760,186.840,0.005,5,5687.614,5548.129
78.770,186.841,0.005,5,5687.649,5548.964
78.780,186.842,0.005,5,5687.684,5549.799
78.790,186.843,0.005,5,5687.720,5550.634
78.800,186.845,0.005,5,5687.755,5551.470
78.810,186.846,0.005,5,5687.791,5552.305
78.820,186.847,0.005,5,5687.826,5553.140
78.830,186.848,0.005,5,5687.861,5553.976
78.840,186.849,0.005,5,5687.896,5554.811
78.850,186.850,0.005,5,5687.932,5555.646
78.860,186.852,0.005,5,5687.967,5556.481
78.870,186.853,0.005,5,5688.002,5557.317
78.880,186.854,0.005,5,5688.037,5558.152
78.890,186.855,0.005,5,5688.073,5558.987
78.900,186.856,0.005,5,5688.108,5559.823
78.910,186.857,0.005,5,5688.143,5560.658
78.920,186.859,0.005,5,5688.178,5561.493
78.930,186.860,0.005,5,5688.213,5562.329
78.940,186.861,0.005,5,5688.248,5563.164
78.950,186.862,0.005,5,5688.284,5563.999
78.960,186.863,0.005,5,5688.319,5564.835
78.970,186.864,0.005,5,5688.354,5565.670
78.980,186.865,0.005,5,5688.389,5566.505
78.990,186.867,0.005,5,5688.424,5567.341
79.000,186.868,0.005,5,5688.459,5568.176
79.010,186.869,0.005,5,5688.494,5569.011
79.020,186.870,0.005,5,5688.529,5569.847
79.030,186.871,0.005,5,5688.564,5570.682
79.040,186.872,0.005,5,5688.599,5571.518
79.050,186.873,0.005,5,5688.634,5572.353
79.060,186.875,0.005,5,5688.669,5573.188
79.070,186.876,0.005,5,5688.704,5574.024
79.080,186.877,0.005,5,5688.738,5574.859
79.090,186.878,0.005,5,5688.773,5575.695
79.100,186.879,0.005,5,5688.808,5576.530
79.110,186.880,0.005,5,5688.843,5577.366
79.120,186.881,0.005,5,5688.878,5578.201
79.130,186.883,0.005,5,5688.913,5579.036
79.140,186.884,0.005,5,5688.947,5579.872
79.150,186.885,0.005,5,5688.982,5580.707
79.160,186.886,0.005,5,5689.017,5581.543
79.170,186.887,0.005,5,5689.052,5582.378
79.180,186.888,0.005,5,5689.086,5583.214
79.190,186.889,0.005,5,5689.121,5584.049
79.200,186.891,0.005,5,5689.156,5584.885
79.210,186.892,0.005,5,5689.191,5585.720
79.220,186.893,0.005,5,5689.225,5586.556
79.230,186.894,0.005,5,5689.260,5587.391
79.240,186.895,0.005,5,5689.294,5588.227
79.250,186.896,0.005,5,5689.329,5589.062
79.260,186.897,0.005,5,5689.364,5589.898
79.270,186.899,0.005,5,5689.398,5590.733
79.280,186.900,0.005,5,5689.433,5591.569
79.290,186.901,0.005,5,5689.467,5592.404
79.300,186.902,0.005,5,5689.502,5593.240
79.310,186.903,0.005,5,5689.536,5594.075
79.320,186.904,0.005,5,5689.571,5594.911
79.330,186.905,0.005,5,5689.605,5595.746
79.340,186.907,0.005,5,5689.640,5596.582
79.350,186.908,0.005,5,5689.674,5597.417
79.360,186.909,0.005,5,5689.709,5598.253
79.370,186.910,0.005,5,5689.743,5599.088
79.380,186.911,0.005,5,5689.778,5599.924
79.390,186.912,0.005,5,5689.812,5600.760
79.400,186.913,0.005,5,5689.846,5601.595
79.410,186.914,0.005,5,5689.881,5602.431
79.420,186.916,0.005,5,5689.915,5603.266
79.430,186.917,0.005,5,5689.949,5604.102
79.440,186.918,0.005,5,5689.984,5604.937
79.450,186.919,0.005,5,5690.018,5605.773
79.460,186.920,0.005,5,5690.052,5606.609
79.470,186.921,0.005,5,5690.086,5607.444
79.480,186.922,0.005,5,5690.121,5608.280
79.490,186.923,0.005,5,5690.155,5609.115
79.500,186.925,0.005,5,5690.189,5609.951
79.510,186.926,0.005,5,5690.223,5610.787
79.520,186.927,0.005,5,5690.258,5611.622
79.530,186.928,0.005,5,5690.292,5612.458
79.540,186.929,0.005,5,5690.326,5613.294
79.550,186.930,0.005,5,5690.360,5614.129
79.560,186.931,0.005,5,5690.394,5614.965
79.570,186.932,0.005,5,5690.428,5615.801
79.580,186.934,0.005,5,5690.462,5616.636
79.590,186.935,0.005,5,5690.496,5617.472
