Time_s,Speed_mph,Acceleration_G,Gear,Engine_RPM,Distance_m
0.000,0.000,0.637,1,1000.000,0.000
0.010,0.140,0.637,1,1000.000,0.000
0.020,0.280,0.637,1,1000.000,0.001
0.030,0.420,0.637,1,1000.000,0.003
0.040,0.559,0.637,1,1000.000,0.005
0.050,0.699,0.637,1,1000.000,0.008
0.060,0.839,0.637,1,1000.000,0.011
0.070,0.979,0.637,1,1000.000,0.015
0.080,1.119,0.637,1,1000.000,0.020
0.090,1.259,0.637,1,1000.000,0.025
0.100,1.398,0.637,1,1000.000,0.031
0.110,1.538,0.637,1,1000.000,0.038
0.120,1.678,0.637,1,1000.000,0.045
0.130,1.818,0.637,1,1000.000,0.053
0.140,1.958,0.637,1,1000.000,0.061
0.150,2.098,0.637,1,1000.000,0.070
0.160,2.237,0.637,1,1000.000,0.080
0.170,2.377,0.637,1,1000.000,0.090
0.180,2.517,0.637,1,1000.000,0.101
0.190,2.657,0.637,1,1000.000,0.113
0.200,2.797,0.637,1,1000.000,0.125
0.210,2.937,0.637,1,1000.000,0.138
0.220,3.076,0.637,1,1000.000,0.151
0.230,3.216,0.637,1,1000.000,0.165
0.240,3.356,0.637,1,1000.000,0.180
0.250,3.496,0.637,1,1000.000,0.195
0.260,3.636,0.637,1,1000.000,0.211
0.270,3.775,0.637,1,1000.000,0.228
0.280,3.915,0.637,1,1000.000,0.245
0.290,4.055,0.637,1,1000.000,0.263
0.300,4.195,0.637,1,1000.000,0.281
0.310,4.335,0.637,1,1000.000,0.300
0.320,4.475,0.637,1,1000.000,0.320
0.330,4.614,0.637,1,1000.000,0.340
0.340,4.754,0.637,1,1000.000,0.361
0.350,4.894,0.637,1,1000.000,0.383
0.360,5.034,0.637,1,1000.000,0.405
0.370,5.174,0.637,1,1000.000,0.428
0.380,5.313,0.637,1,1000.000,0.451
0.390,5.453,0.637,1,1000.000,0.475
0.400,5.593,0.637,1,1000.000,0.500
0.410,5.733,0.637,1,1000.000,0.525
0.420,5.872,0.637,1,1000.000,0.551
0.430,6.012,0.637,1,1000.000,0.578
0.440,6.152,0.637,1,1000.000,0.605
0.450,6.292,0.637,1,1000.000,0.633
0.460,6.432,0.637,1,1000.000,0.661
0.470,6.571,0.637,1,1000.000,0.690
0.480,6.711,0.637,1,1000.000,0.720
0.490,6.851,0.637,1,1000.000,0.750
0.500,6.991,0.637,1,1000.000,0.781
0.510,7.130,0.637,1,1018.926,0.813
0.520,7.270,0.637,1,1038.897,0.845
0.530,7.410,0.637,1,1058.867,0.878
0.540,7.550,0.637,1,1078.836,0.911
0.550,7.689,0.637,1,1098.805,0.945
0.560,7.829,0.637,1,1118.774,0.980
0.570,7.969,0.637,1,1138.742,1.015
0.580,8.109,0.637,1,1158.709,1.051
0.590,8.248,0.637,1,1178.676,1.088
0.600,8.388,0.637,1,1198.642,1.125
0.610,8.528,0.637,1,1218.608,1.163
0.620,8.667,0.637,1,1238.573,1.201
0.630,8.807,0.637,1,1258.537,1.240
0.640,8.947,0.637,1,1278.501,1.280
0.650,9.087,0.637,1,1298.464,1.320
0.660,9.226,0.637,1,1318.427,1.361
0.670,9.366,0.637,1,1338.389,1.403
0.680,9.506,0.637,1,1358.350,1.445
0.690,9.645,0.637,1,1378.311,1.488
0.700,9.785,0.636,1,1398.271,1.531
0.710,9.925,0.636,1,1418.231,1.575
0.720,10.064,0.636,1,1438.189,1.620
0.730,10.204,0.636,1,1458.147,1.665
0.740,10.344,0.636,1,1478.105,1.711
0.750,10.483,0.636,1,1498.061,1.758
0.760,10.623,0.636,1,1518.017,1.805
0.770,10.763,0.636,1,1537.972,1.853
0.780,10.902,0.636,1,1557.927,1.901
0.790,11.042,0.636,1,1577.881,1.950
0.800,11.182,0.636,1,1597.833,2.000
0.810,11.321,0.636,1,1617.786,2.050
0.820,11.461,0.636,1,1637.737,2.101
0.830,11.600,0.636,1,1657.688,2.153
0.840,11.740,0.636,1,1677.638,2.205
0.850,11.880,0.810,1,1697.587,2.258
0.860,12.057,0.810,1,1722.989,2.311
0.870,12.235,0.810,1,1748.390,2.365
0.880,12.413,0.810,1,1773.791,2.421
0.890,12.591,0.810,1,1799.190,2.476
0.900,12.768,0.810,1,1824.588,2.533
0.910,12.946,0.810,1,1849.985,2.591
0.920,13.124,0.810,1,1875.381,2.649
0.930,13.302,0.810,1,1900.776,2.708
0.940,13.479,0.810,1,1926.170,2.768
0.950,13.657,0.810,1,1951.562,2.828
0.960,13.835,0.810,1,1976.953,2.890
0.970,14.012,0.810,1,2002.343,2.952
0.980,14.190,0.810,1,2027.732,3.015
0.990,14.368,0.810,1,2053.120,3.079
1.000,14.545,0.810,1,2078.506,3.144
1.010,14.723,0.809,1,2103.891,3.209
1.020,14.901,0.809,1,2129.275,3.275
1.030,15.078,0.809,1,2154.658,3.342
1.040,15.256,0.809,1,2180.039,3.410
1.050,15.433,0.809,1,2205.419,3.479
1.060,15.611,0.809,1,2230.797,3.548
1.070,15.789,0.809,1,2256.174,3.618
1.080,15.966,0.809,1,2281.550,3.689
1.090,16.144,0.809,1,2306.924,3.761
1.100,16.321,0.809,1,2332.297,3.834
1.110,16.499,0.809,1,2357.669,3.907
1.120,16.676,0.809,1,2383.039,3.981
1.130,16.854,0.809,1,2408.408,4.056
1.140,17.031,0.809,1,2433.775,4.132
1.150,17.209,0.809,1,2459.141,4.208
1.160,17.386,0.809,1,2484.505,4.286
1.170,17.564,0.809,1,2509.868,4.364
1.180,17.741,0.833,1,2535.229,4.443
1.190,17.924,0.832,1,2561.336,4.522
1.200,18.107,0.832,1,2587.441,4.603
1.210,18.289,0.832,1,2613.544,4.684
1.220,18.472,0.832,1,2639.646,4.766
1.230,18.655,0.832,1,2665.746,4.849
1.240,18.837,0.832,1,2691.844,4.933
1.250,19.020,0.832,1,2717.941,5.018
1.260,19.203,0.832,1,2744.036,5.103
1.270,19.385,0.832,1,2770.129,5.190
1.280,19.568,0.832,1,2796.221,5.277
1.290,19.750,0.832,1,2822.311,5.365
1.300,19.933,0.832,1,2848.399,5.453
1.310,20.115,0.832,1,2874.485,5.543
1.320,20.298,0.832,1,2900.569,5.633
1.330,20.481,0.832,1,2926.652,5.724
1.340,20.663,0.832,1,2952.733,5.816
1.350,20.846,0.832,1,2978.812,5.909
1.360,21.028,0.832,1,3004.889,6.003
1.370,21.211,0.831,1,3030.964,6.097
1.380,21.393,0.831,1,3057.037,6.192
1.390,21.575,0.831,1,3083.109,6.288
1.400,21.758,0.831,1,3109.178,6.385
1.410,21.940,0.831,1,3135.245,6.483
1.420,22.123,0.831,1,3161.311,6.581
1.430,22.305,0.831,1,3187.375,6.681
1.440,22.487,0.831,1,3213.436,6.781
1.450,22.670,0.831,1,3239.496,6.882
1.460,22.852,0.831,1,3265.553,6.983
1.470,23.035,0.831,1,3291.609,7.086
1.480,23.217,0.831,1,3317.662,7.189
1.490,23.399,0.831,1,3343.713,7.294
1.500,23.581,0.831,1,3369.763,7.399
1.510,23.764,0.831,1,3395.810,7.504
1.520,23.946,0.830,1,3421.855,7.611
1.530,24.128,0.830,1,3447.898,7.718
1.540,24.310,0.830,1,3473.938,7.827
1.550,24.493,0.830,1,3499.977,7.936
1.560,24.675,0.830,1,3526.013,8.046
1.570,24.857,0.830,1,3552.047,8.156
1.580,25.039,0.830,1,3578.079,8.268
1.590,25.221,0.830,1,3604.109,8.380
1.600,25.404,0.830,1,3630.136,8.493
1.610,25.586,0.763,1,3656.161,8.607
1.620,25.753,0.762,1,3680.073,8.722
1.630,25.920,0.762,1,3703.984,8.838
1.640,26.088,0.762,1,3727.892,8.954
1.650,26.255,0.762,1,3751.798,9.071
1.660,26.422,0.762,1,3775.701,9.189
1.670,26.589,0.762,1,3799.603,9.307
1.680,26.757,0.762,1,3823.502,9.426
1.690,26.924,0.762,1,3847.400,9.546
1.700,27.091,0.762,1,3871.295,9.667
1.710,27.258,0.762,1,3895.187,9.789
1.720,27.426,0.762,1,3919.078,9.911
1.730,27.593,0.762,1,3942.966,10.034
1.740,27.760,0.762,1,3966.852,10.157
1.750,27.927,0.762,1,3990.736,10.282
1.760,28.094,0.761,1,4014.617,10.407
1.770,28.261,0.761,1,4038.496,10.533
1.780,28.428,0.761,1,4062.373,10.660
1.790,28.595,0.761,1,4086.248,10.787
1.800,28.762,0.761,1,4110.120,10.916
1.810,28.929,0.761,1,4133.990,11.044
1.820,29.096,0.761,1,4157.857,11.174
1.830,29.263,0.761,1,4181.722,11.305
1.840,29.430,0.761,1,4205.585,11.436
1.850,29.597,0.761,1,4229.445,11.568
1.860,29.764,0.761,1,4253.302,11.700
1.870,29.931,0.761,1,4277.158,11.834
1.880,30.098,0.761,1,4301.011,11.968
1.890,30.265,0.760,1,4324.861,12.103
1.900,30.432,0.760,1,4348.709,12.239
1.910,30.599,0.760,1,4372.554,12.375
1.920,30.766,0.760,1,4396.397,12.512
1.930,30.933,0.760,1,4420.237,12.650
1.940,31.099,0.760,1,4444.075,12.789
1.950,31.266,0.760,1,4467.911,12.928
1.960,31.433,0.760,1,4491.743,13.068
1.970,31.600,0.760,1,4515.573,13.209
1.980,31.766,0.760,1,4539.401,13.351
1.990,31.933,0.760,1,4563.226,13.493
2.000,32.100,0.760,1,4587.048,13.636
2.010,32.267,0.760,1,4610.868,13.780
2.020,32.433,0.759,1,4634.685,13.925
2.030,32.600,0.759,1,4658.499,14.070
2.040,32.767,0.759,1,4682.311,14.216
2.050,32.933,0.759,1,4706.120,14.363
2.060,33.100,0.759,1,4729.926,14.511
2.070,33.266,0.759,1,4753.730,14.659
2.080,33.433,0.628,1,4777.531,14.808
2.090,33.571,0.628,1,4797.238,14.958
2.100,33.709,0.628,1,4816.943,15.108
2.110,33.847,0.628,1,4836.646,15.259
2.120,33.984,0.628,1,4856.347,15.411
2.130,34.122,0.628,1,4876.045,15.563
2.140,34.260,0.628,1,4895.741,15.716
2.150,34.398,0.628,1,4915.435,15.870
2.160,34.536,0.628,1,4935.126,16.024
2.170,34.674,0.628,1,4954.815,16.178
2.180,34.811,0.628,1,4974.502,16.334
2.190,34.949,0.628,1,4994.186,16.490
2.200,35.087,0.628,1,5013.868,16.646
2.210,35.225,0.627,1,5033.548,16.803
2.220,35.362,0.627,1,5053.225,16.961
2.230,35.500,0.627,1,5072.900,17.119
2.240,35.638,0.627,1,5092.572,17.278
2.250,35.775,0.627,1,5112.242,17.438
2.260,35.913,0.627,1,5131.909,17.598
2.270,36.050,0.627,1,5151.574,17.759
2.280,36.188,0.627,1,5171.237,17.921
2.290,36.326,0.627,1,5190.897,18.083
2.300,36.463,0.627,1,5210.555,18.245
2.310,36.601,0.627,1,5230.210,18.409
2.320,36.738,0.627,1,5249.863,18.573
2.330,36.876,0.627,1,5269.513,18.737
2.340,37.013,0.626,1,5289.161,18.902
2.350,37.151,0.626,1,5308.806,19.068
2.360,37.288,0.626,1,5328.449,19.234
2.370,37.426,0.626,1,5348.090,19.401
2.380,37.563,0.626,1,5367.727,19.569
2.390,37.700,0.626,1,5387.362,19.737
2.400,37.838,0.626,1,5406.995,19.906
2.410,37.975,0.626,1,5426.625,20.076
2.420,38.113,0.626,1,5446.253,20.246
2.430,38.250,0.626,1,5465.878,20.416
2.440,38.387,0.626,1,5485.500,20.588
2.450,38.525,0.626,1,5505.120,20.760
2.460,38.662,0.625,1,5524.737,20.932
2.470,38.799,0.625,1,5544.351,21.105
2.480,38.936,0.625,1,5563.963,21.279
2.490,39.074,0.625,1,5583.573,21.453
2.500,39.211,-0.027,2,3361.908,21.628
2.510,39.205,-0.027,2,3361.398,21.804
2.520,39.199,-0.027,2,3360.888,21.979
2.530,39.193,-0.027,2,3360.379,22.154
2.540,39.187,-0.027,2,3359.870,22.329
2.550,39.181,-0.027,2,3359.360,22.504
2.560,39.175,-0.027,2,3358.851,22.680
2.570,39.169,-0.027,2,3358.342,22.855
2.580,39.163,-0.027,2,3357.833,23.030
2.590,39.157,-0.027,2,3357.324,23.205
2.600,39.151,-0.027,2,3356.815,23.380
2.610,39.145,-0.027,2,3356.306,23.555
2.620,39.139,-0.027,2,3355.797,23.730
2.630,39.134,-0.027,2,3355.288,23.905
2.640,39.128,-0.027,2,3354.779,24.080
2.650,39.122,-0.027,2,3354.271,24.255
2.660,39.116,-0.027,2,3353.762,24.430
2.670,39.110,-0.027,2,3353.253,24.604
2.680,39.104,-0.027,2,3352.745,24.779
2.690,39.098,-0.027,2,3352.237,24.954
2.700,39.092,0.495,2,3351.728,25.129
2.710,39.201,0.495,2,3361.038,25.304
2.720,39.309,0.495,2,3370.346,25.479
2.730,39.418,0.495,2,3379.653,25.655
2.740,39.526,0.495,2,3388.958,25.832
2.750,39.635,0.494,2,3398.263,26.009
2.760,39.743,0.494,2,3407.566,26.186
2.770,39.852,0.494,2,3416.867,26.364
2.780,39.960,0.494,2,3426.168,26.542
2.790,40.069,0.494,2,3435.467,26.721
2.800,40.177,0.494,2,3444.765,26.901
2.810,40.286,0.494,2,3454.062,27.080
2.820,40.394,0.494,2,3463.357,27.261
2.830,40.502,0.494,2,3472.651,27.442
2.840,40.611,0.494,2,3481.944,27.623
2.850,40.719,0.494,2,3491.235,27.805
2.860,40.827,0.494,2,3500.526,27.987
2.870,40.936,0.494,2,3509.814,28.170
2.880,41.044,0.494,2,3519.102,28.353
2.890,41.152,0.493,2,3528.388,28.537
2.900,41.261,0.493,2,3537.673,28.721
2.910,41.369,0.493,2,3546.957,28.906
2.920,41.477,0.493,2,3556.239,29.091
2.930,41.586,0.493,2,3565.520,29.276
2.940,41.694,0.493,2,3574.800,29.463
2.950,41.802,0.493,2,3584.078,29.649
2.960,41.910,0.493,2,3593.355,29.836
2.970,42.018,0.493,2,3602.630,30.024
2.980,42.127,0.493,2,3611.905,30.212
2.990,42.235,0.493,2,3621.178,30.401
3.000,42.343,0.493,2,3630.449,30.590
3.010,42.451,0.493,2,3639.719,30.779
3.020,42.559,0.440,2,3648.988,30.969
3.030,42.656,0.440,2,3657.274,31.160
3.040,42.752,0.440,2,3665.559,31.351
3.050,42.849,0.440,2,3673.842,31.542
3.060,42.946,0.440,2,3682.124,31.734
3.070,43.042,0.440,2,3690.405,31.926
3.080,43.139,0.440,2,3698.684,32.118
3.090,43.235,0.440,2,3706.963,32.312
3.100,43.332,0.440,2,3715.240,32.505
3.110,43.428,0.440,2,3723.516,32.699
3.120,43.525,0.440,2,3731.791,32.893
3.130,43.621,0.440,2,3740.064,33.088
3.140,43.718,0.440,2,3748.336,33.283
3.150,43.814,0.440,2,3756.607,33.479
3.160,43.911,0.439,2,3764.877,33.675
3.170,44.007,0.439,2,3773.145,33.872
3.180,44.104,0.439,2,3781.413,34.069
3.190,44.200,0.439,2,3789.679,34.266
3.200,44.296,0.439,2,3797.943,34.464
3.210,44.393,0.439,2,3806.207,34.662
3.220,44.489,0.439,2,3814.469,34.861
3.230,44.585,0.439,2,3822.730,35.060
3.240,44.682,0.439,2,3830.989,35.259
3.250,44.778,0.439,2,3839.248,35.459
3.260,44.874,0.439,2,3847.505,35.660
3.270,44.971,0.439,2,3855.761,35.860
3.280,45.067,0.439,2,3864.015,36.062
3.290,45.163,0.439,2,3872.268,36.263
3.300,45.259,0.439,2,3880.520,36.465
3.310,45.356,0.438,2,3888.771,36.668
3.320,45.452,0.438,2,3897.020,36.871
3.330,45.548,0.438,2,3905.268,37.074
3.340,45.644,0.438,2,3913.515,37.278
3.350,45.740,0.438,2,3921.761,37.482
3.360,45.837,0.438,2,3930.005,37.687
3.370,45.933,0.438,2,3938.248,37.892
3.380,46.029,0.438,2,3946.489,38.098
3.390,46.125,0.438,2,3954.730,38.304
3.400,46.221,0.438,2,3962.969,38.510
3.410,46.317,0.438,2,3971.206,38.717
3.420,46.413,0.438,2,3979.443,38.924
3.430,46.509,0.438,2,3987.678,39.132
3.440,46.605,0.438,2,3995.911,39.340
3.450,46.701,0.437,2,4004.144,39.549
3.460,46.797,0.437,2,4012.375,39.758
3.470,46.893,0.437,2,4020.605,39.967
3.480,46.989,0.437,2,4028.833,40.177
3.490,47.085,0.437,2,4037.060,40.387
3.500,47.181,0.437,2,4045.286,40.598
3.510,47.277,0.437,2,4053.510,40.809
3.520,47.373,0.437,2,4061.733,41.021
3.530,47.469,0.437,2,4069.955,41.233
3.540,47.565,0.437,2,4078.175,41.445
3.550,47.661,0.437,2,4086.394,41.658
3.560,47.756,0.437,2,4094.612,41.871
3.570,47.852,0.437,2,4102.828,42.085
3.580,47.948,0.437,2,4111.043,42.299
3.590,48.044,0.436,2,4119.257,42.514
3.600,48.140,0.436,2,4127.469,42.729
3.610,48.235,0.436,2,4135.680,42.944
3.620,48.331,0.436,2,4143.890,43.160
3.630,48.427,0.436,2,4152.098,43.376
3.640,48.523,0.436,2,4160.305,43.593
3.650,48.618,0.436,2,4168.510,43.810
3.660,48.714,0.436,2,4176.714,44.027
3.670,48.810,0.436,2,4184.917,44.245
3.680,48.905,0.436,2,4193.118,44.464
3.690,49.001,0.436,2,4201.318,44.683
3.700,49.097,0.436,2,4209.516,44.902
3.710,49.192,0.436,2,4217.713,45.122
3.720,49.288,0.436,2,4225.909,45.342
3.730,49.383,0.435,2,4234.103,45.562
3.740,49.479,0.435,2,4242.296,45.783
3.750,49.574,0.435,2,4250.488,46.005
3.760,49.670,0.435,2,4258.678,46.227
3.770,49.766,0.435,2,4266.867,46.449
3.780,49.861,0.435,2,4275.054,46.672
3.790,49.956,0.435,2,4283.240,46.895
3.800,50.052,0.435,2,4291.425,47.118
3.810,50.147,0.435,2,4299.608,47.342
3.820,50.243,0.435,2,4307.789,47.567
3.830,50.338,0.435,2,4315.970,47.791
3.840,50.434,0.435,2,4324.149,48.017
3.850,50.529,0.435,2,4332.326,48.242
3.860,50.624,0.434,2,4340.502,48.468
3.870,50.720,0.434,2,4348.677,48.695
3.880,50.815,0.434,2,4356.850,48.922
3.890,50.910,0.434,2,4365.022,49.149
3.900,51.006,0.434,2,4373.192,49.377
3.910,51.101,0.434,2,4381.361,49.605
3.920,51.196,0.434,2,4389.528,49.834
3.930,51.291,0.434,2,4397.694,50.063
3.940,51.387,0.434,2,4405.859,50.292
3.950,51.482,0.434,2,4414.022,50.522
3.960,51.577,0.434,2,4422.183,50.753
3.970,51.672,0.434,2,4430.344,50.984
3.980,51.767,0.434,2,4438.502,51.215
3.990,51.862,0.433,2,4446.660,51.446
4.000,51.958,0.433,2,4454.815,51.678
4.010,52.053,0.433,2,4462.970,51.911
4.020,52.148,0.433,2,4471.123,52.144
4.030,52.243,0.433,2,4479.274,52.377
4.040,52.338,0.433,2,4487.424,52.611
4.050,52.433,0.433,2,4495.573,52.845
4.060,52.528,0.433,2,4503.720,53.080
4.070,52.623,0.433,2,4511.865,53.315
4.080,52.718,0.433,2,4520.009,53.550
4.090,52.813,0.433,2,4528.152,53.786
4.100,52.908,0.433,2,4536.293,54.022
4.110,53.003,0.433,2,4544.432,54.259
4.120,53.098,0.432,2,4552.571,54.496
4.130,53.193,0.432,2,4560.707,54.734
4.140,53.288,0.432,2,4568.842,54.972
4.150,53.382,0.432,2,4576.976,55.210
4.160,53.477,0.432,2,4585.108,55.449
4.170,53.572,0.432,2,4593.239,55.688
4.180,53.667,0.432,2,4601.368,55.928
4.190,53.762,0.432,2,4609.496,56.168
4.200,53.856,0.432,2,4617.622,56.409
4.210,53.951,0.432,2,4625.747,56.650
4.220,54.046,0.432,2,4633.870,56.891
4.230,54.141,0.432,2,4641.991,57.133
4.240,54.235,0.431,2,4650.111,57.375
4.250,54.330,0.431,2,4658.230,57.618
4.260,54.425,0.431,2,4666.347,57.861
4.270,54.519,0.431,2,4674.463,58.104
4.280,54.614,0.431,2,4682.577,58.348
4.290,54.709,0.431,2,4690.689,58.593
4.300,54.803,0.431,2,4698.800,58.838
4.310,54.898,0.431,2,4706.909,59.083
4.320,54.992,0.431,2,4715.017,59.328
4.330,55.087,0.431,2,4723.124,59.574
4.340,55.181,0.431,2,4731.229,59.821
4.350,55.276,0.431,2,4739.332,60.068
4.360,55.370,0.431,2,4747.434,60.315
4.370,55.465,0.430,2,4755.534,60.563
4.380,55.559,0.352,2,4763.632,60.811
4.390,55.637,0.352,2,4770.257,61.060
4.400,55.714,0.352,2,4776.880,61.308
4.410,55.791,0.352,2,4783.502,61.558
4.420,55.868,0.352,2,4790.122,61.807
4.430,55.946,0.352,2,4796.742,62.057
4.440,56.023,0.352,2,4803.360,62.307
4.450,56.100,0.352,2,4809.977,62.558
4.460,56.177,0.352,2,4816.592,62.809
4.470,56.254,0.351,2,4823.206,63.060
4.480,56.331,0.351,2,4829.819,63.312
4.490,56.408,0.351,2,4836.431,63.564
4.500,56.486,0.351,2,4843.041,63.816
4.510,56.563,0.351,2,4849.651,64.069
4.520,56.640,0.351,2,4856.258,64.322
4.530,56.717,0.351,2,4862.865,64.575
4.540,56.794,0.351,2,4869.470,64.829
4.550,56.871,0.351,2,4876.074,65.083
4.560,56.948,0.351,2,4882.677,65.338
4.570,57.025,0.351,2,4889.278,65.592
4.580,57.102,0.351,2,4895.878,65.847
4.590,57.179,0.351,2,4902.477,66.103
4.600,57.256,0.351,2,4909.074,66.359
4.610,57.333,0.351,2,4915.670,66.615
4.620,57.410,0.350,2,4922.265,66.871
4.630,57.486,0.350,2,4928.859,67.128
4.640,57.563,0.350,2,4935.451,67.385
4.650,57.640,0.350,2,4942.042,67.643
4.660,57.717,0.350,2,4948.631,67.901
4.670,57.794,0.350,2,4955.220,68.159
4.680,57.871,0.350,2,4961.807,68.417
4.690,57.948,0.350,2,4968.392,68.676
4.700,58.024,0.350,2,4974.977,68.935
4.710,58.101,0.350,2,4981.560,69.195
4.720,58.178,0.350,2,4988.141,69.455
4.730,58.255,0.350,2,4994.722,69.715
4.740,58.331,0.350,2,5001.301,69.976
4.750,58.408,0.350,2,5007.879,70.237
4.760,58.485,0.349,2,5014.455,70.498
4.770,58.562,0.349,2,5021.030,70.760
4.780,58.638,0.349,2,5027.604,71.022
4.790,58.715,0.349,2,5034.176,71.284
4.800,58.791,0.349,2,5040.748,71.546
4.810,58.868,0.349,2,5047.317,71.809
4.820,58.945,0.349,2,5053.886,72.073
4.830,59.021,0.349,2,5060.453,72.337
4.840,59.098,0.349,2,5067.019,72.601
4.850,59.174,0.349,2,5073.583,72.865
4.860,59.251,0.349,2,5080.146,73.130
4.870,59.328,0.349,2,5086.708,73.395
4.880,59.404,0.349,2,5093.268,73.660
4.890,59.481,0.349,2,5099.827,73.926
4.900,59.557,0.348,2,5106.385,74.192
4.910,59.633,0.348,2,5112.942,74.458
4.920,59.710,0.348,2,5119.497,74.725
4.930,59.786,0.348,2,5126.050,74.992
4.940,59.863,0.348,2,5132.603,75.260
4.950,59.939,0.348,2,5139.154,75.527
4.960,60.016,0.348,2,5145.703,75.795
4.970,60.092,0.348,2,5152.251,76.064
4.980,60.168,0.348,2,5158.798,76.333
4.990,60.245,0.348,2,5165.344,76.602
5.000,60.321,0.348,2,5171.888,76.871
5.010,60.397,0.348,2,5178.431,77.141
5.020,60.474,0.348,2,5184.972,77.411
5.030,60.550,0.348,2,5191.513,77.682
5.040,60.626,0.347,2,5198.051,77.953
5.050,60.702,0.347,2,5204.589,78.224
5.060,60.779,0.347,2,5211.125,78.495
5.070,60.855,0.347,2,5217.659,78.767
5.080,60.931,0.347,2,5224.193,79.040
5.090,61.007,0.347,2,5230.724,79.312
5.100,61.083,0.347,2,5237.255,79.585
5.110,61.160,0.347,2,5243.784,79.858
5.120,61.236,0.347,2,5250.312,80.132
5.130,61.312,0.347,2,5256.838,80.406
5.140,61.388,0.347,2,5263.363,80.680
5.150,61.464,0.347,2,5269.887,80.955
5.160,61.540,0.347,2,5276.409,81.230
5.170,61.616,0.347,2,5282.930,81.505
5.180,61.692,0.346,2,5289.449,81.780
5.190,61.768,0.346,2,5295.968,82.056
5.200,61.844,0.346,2,5302.484,82.333
5.210,61.920,0.346,2,5309.000,82.609
5.220,61.996,0.346,2,5315.513,82.886
5.230,62.072,0.346,2,5322.026,83.164
5.240,62.148,0.346,2,5328.537,83.441
5.250,62.224,0.346,2,5335.047,83.719
5.260,62.300,0.346,2,5341.555,83.998
5.270,62.376,0.346,2,5348.062,84.276
5.280,62.452,0.346,2,5354.568,84.555
5.290,62.527,0.346,2,5361.072,84.835
5.300,62.603,0.346,2,5367.575,85.114
5.310,62.679,0.345,2,5374.076,85.394
5.320,62.755,0.345,2,5380.576,85.675
5.330,62.831,0.345,2,5387.074,85.955
5.340,62.907,0.345,2,5393.572,86.236
5.350,62.982,0.345,2,5400.067,86.518
5.360,63.058,0.345,2,5406.562,86.800
5.370,63.134,0.345,2,5413.054,87.082
5.380,63.209,0.345,2,5419.546,87.364
5.390,63.285,0.345,2,5426.036,87.647
5.400,63.361,0.345,2,5432.525,87.930
5.410,63.437,0.345,2,5439.012,88.213
5.420,63.512,0.345,2,5445.498,88.497
5.430,63.588,0.345,2,5451.982,88.781
5.440,63.663,0.344,2,5458.465,89.066
5.450,63.739,0.344,2,5464.947,89.350
5.460,63.815,0.344,2,5471.427,89.635
5.470,63.890,0.344,2,5477.905,89.921
5.480,63.966,0.344,2,5484.383,90.207
5.490,64.041,0.344,2,5490.858,90.493
5.500,64.117,0.344,2,5497.333,90.779
5.510,64.192,0.344,2,5503.806,91.066
5.520,64.268,0.344,2,5510.277,91.353
5.530,64.343,0.344,2,5516.747,91.641
5.540,64.419,0.344,2,5523.216,91.928
5.550,64.494,0.344,2,5529.683,92.217
5.560,64.569,0.344,2,5536.149,92.505
5.570,64.645,0.343,2,5542.614,92.794
5.580,64.720,0.343,2,5549.076,93.083
5.590,64.796,0.343,2,5555.538,93.373
5.600,64.871,0.343,2,5561.998,93.662
5.610,64.946,0.343,2,5568.457,93.953
5.620,65.022,0.343,2,5574.914,94.243
5.630,65.097,0.343,2,5581.369,94.534
5.640,65.172,0.343,2,5587.824,94.825
5.650,65.247,0.343,2,5594.276,95.117
5.660,65.323,-0.049,3,3733.818,95.408
5.670,65.312,-0.049,3,3733.210,95.700
5.680,65.301,-0.049,3,3732.601,95.992
5.690,65.291,-0.049,3,3731.992,96.284
5.700,65.280,-0.048,3,3731.384,96.576
5.710,65.269,-0.048,3,3730.775,96.868
5.720,65.259,-0.048,3,3730.167,97.160
5.730,65.248,-0.048,3,3729.559,97.451
5.740,65.238,-0.048,3,3728.951,97.743
5.750,65.227,-0.048,3,3728.343,98.035
5.760,65.216,-0.048,3,3727.736,98.326
5.770,65.206,-0.048,3,3727.128,98.618
5.780,65.195,-0.048,3,3726.521,98.909
5.790,65.184,-0.048,3,3725.914,99.201
5.800,65.174,-0.048,3,3725.307,99.492
5.810,65.163,-0.048,3,3724.700,99.783
5.820,65.153,-0.048,3,3724.093,100.075
5.830,65.142,-0.048,3,3723.486,100.366
5.840,65.131,-0.048,3,3722.880,100.657
5.850,65.121,-0.048,3,3722.273,100.948
5.860,65.110,0.265,3,3721.667,101.239
5.870,65.168,0.265,3,3724.988,101.530
5.880,65.226,0.265,3,3728.308,101.822
5.890,65.284,0.265,3,3731.627,102.114
5.900,65.342,0.265,3,3734.946,102.406
5.910,65.400,0.264,3,3738.264,102.698
5.920,65.458,0.264,3,3741.581,102.990
5.930,65.516,0.264,3,3744.897,103.283
5.940,65.574,0.264,3,3748.213,103.576
5.950,65.632,0.264,3,3751.528,103.869
5.960,65.690,0.264,3,3754.842,104.163
5.970,65.748,0.264,3,3758.156,104.457
5.980,65.806,0.264,3,3761.468,104.751
5.990,65.864,0.264,3,3764.780,105.045
6.000,65.922,0.264,3,3768.091,105.340
6.010,65.980,0.264,3,3771.402,105.634
6.020,66.038,0.264,3,3774.711,105.930
6.030,66.096,0.264,3,3778.020,106.225
6.040,66.154,0.264,3,3781.328,106.521
6.050,66.212,0.264,3,3784.636,106.816
6.060,66.270,0.264,3,3787.942,107.112
6.070,66.327,0.263,3,3791.248,107.409
6.080,66.385,0.263,3,3794.553,107.706
6.090,66.443,0.263,3,3797.858,108.002
6.100,66.501,0.263,3,3801.161,108.300
6.110,66.559,0.263,3,3804.464,108.597
6.120,66.616,0.263,3,3807.766,108.895
6.130,66.674,0.263,3,3811.068,109.193
6.140,66.732,0.263,3,3814.368,109.491
6.150,66.790,0.263,3,3817.668,109.789
6.160,66.847,0.263,3,3820.967,110.088
6.170,66.905,0.263,3,3824.265,110.387
6.180,66.963,0.263,3,3827.563,110.686
6.190,67.020,0.263,3,3830.860,110.986
6.200,67.078,0.263,3,3834.156,111.285
6.210,67.136,0.263,3,3837.451,111.585
6.220,67.193,0.263,3,3840.745,111.886
6.230,67.251,0.263,3,3844.039,112.186
6.240,67.309,0.262,3,3847.332,112.487
6.250,67.366,0.262,3,3850.624,112.788
6.260,67.424,0.262,3,3853.916,113.089
6.270,67.481,0.262,3,3857.206,113.391
6.280,67.539,0.262,3,3860.496,113.692
6.290,67.596,0.262,3,3863.785,113.995
6.300,67.654,0.262,3,3867.074,114.297
6.310,67.711,0.262,3,3870.361,114.599
6.320,67.769,0.262,3,3873.648,114.902
6.330,67.826,0.262,3,3876.934,115.205
6.340,67.884,0.262,3,3880.220,115.509
6.350,67.941,0.262,3,3883.504,115.812
6.360,67.999,0.262,3,3886.788,116.116
6.370,68.056,0.262,3,3890.071,116.420
6.380,68.114,0.262,3,3893.353,116.725
6.390,68.171,0.262,3,3896.634,117.029
6.400,68.229,0.261,3,3899.915,117.334
6.410,68.286,0.261,3,3903.195,117.639
6.420,68.343,0.261,3,3906.474,117.945
6.430,68.401,0.261,3,3909.752,118.250
6.440,68.458,0.261,3,3913.030,118.556
6.450,68.515,0.261,3,3916.307,118.862
6.460,68.573,0.261,3,3919.583,119.169
6.470,68.630,0.261,3,3922.858,119.475
6.480,68.687,0.261,3,3926.133,119.782
6.490,68.744,0.261,3,3929.406,120.090
6.500,68.802,0.261,3,3932.679,120.397
6.510,68.859,0.261,3,3935.951,120.705
6.520,68.916,0.261,3,3939.223,121.013
6.530,68.973,0.261,3,3942.493,121.321
6.540,69.031,0.261,3,3945.763,121.629
6.550,69.088,0.261,3,3949.032,121.938
6.560,69.145,0.260,3,3952.301,122.247
6.570,69.202,0.260,3,3955.568,122.556
6.580,69.259,0.260,3,3958.835,122.866
6.590,69.316,0.260,3,3962.101,123.175
6.600,69.374,0.260,3,3965.366,123.485
6.610,69.431,0.260,3,3968.630,123.796
6.620,69.488,0.260,3,3971.894,124.106
6.630,69.545,0.260,3,3975.157,124.417
6.640,69.602,0.260,3,3978.419,124.728
6.650,69.659,0.260,3,3981.680,125.039
6.660,69.716,0.260,3,3984.940,125.351
6.670,69.773,0.260,3,3988.200,125.663
6.680,69.830,0.260,3,3991.459,125.975
6.690,69.887,0.260,3,3994.717,126.287
6.700,69.944,0.260,3,3997.974,126.600
6.710,70.001,0.260,3,4001.231,126.912
6.720,70.058,0.259,3,4004.486,127.225
6.730,70.115,0.259,3,4007.741,127.539
6.740,70.172,0.259,3,4010.996,127.852
6.750,70.229,0.259,3,4014.249,128.166
6.760,70.286,0.259,3,4017.502,128.480
6.770,70.343,0.259,3,4020.753,128.794
6.780,70.399,0.259,3,4024.004,129.109
6.790,70.456,0.259,3,4027.255,129.424
6.800,70.513,0.259,3,4030.504,129.739
6.810,70.570,0.259,3,4033.753,130.054
6.820,70.627,0.259,3,4037.001,130.370
6.830,70.684,0.259,3,4040.248,130.686
6.840,70.740,0.259,3,4043.494,131.002
6.850,70.797,0.259,3,4046.739,131.318
6.860,70.854,0.259,3,4049.984,131.635
6.870,70.911,0.259,3,4053.228,131.952
6.880,70.967,0.258,3,4056.471,132.269
6.890,71.024,0.258,3,4059.713,132.586
6.900,71.081,0.258,3,4062.955,132.904
6.910,71.138,0.258,3,4066.196,133.222
6.920,71.194,0.258,3,4069.435,133.540
6.930,71.251,0.258,3,4072.675,133.858
6.940,71.308,0.258,3,4075.913,134.177
6.950,71.364,0.258,3,4079.150,134.496
6.960,71.421,0.258,3,4082.387,134.815
6.970,71.477,0.258,3,4085.623,135.134
6.980,71.534,0.258,3,4088.858,135.454
6.990,71.591,0.258,3,4092.093,135.774
7.000,71.647,0.258,3,4095.326,136.094
7.010,71.704,0.258,3,4098.559,136.415
7.020,71.760,0.258,3,4101.791,136.735
7.030,71.817,0.258,3,4105.022,137.056
7.040,71.873,0.257,3,4108.252,137.377
7.050,71.930,0.257,3,4111.482,137.699
7.060,71.986,0.257,3,4114.711,138.020
7.070,72.043,0.257,3,4117.939,138.342
7.080,72.099,0.257,3,4121.166,138.665
7.090,72.156,0.257,3,4124.392,138.987
7.100,72.212,0.257,3,4127.618,139.310
7.110,72.269,0.257,3,4130.842,139.633
7.120,72.325,0.257,3,4134.066,139.956
7.130,72.381,0.257,3,4137.289,140.279
7.140,72.438,0.257,3,4140.512,140.603
7.150,72.494,0.257,3,4143.733,140.927
7.160,72.550,0.257,3,4146.954,141.251
7.170,72.607,0.257,3,4150.174,141.576
7.180,72.663,0.257,3,4153.393,141.900
7.190,72.719,0.257,3,4156.611,142.225
7.200,72.776,0.256,3,4159.829,142.550
7.210,72.832,0.256,3,4163.045,142.876
7.220,72.888,0.256,3,4166.261,143.202
7.230,72.944,0.256,3,4169.476,143.528
7.240,73.001,0.256,3,4172.691,143.854
7.250,73.057,0.256,3,4175.904,144.180
7.260,73.113,0.256,3,4179.117,144.507
7.270,73.169,0.256,3,4182.329,144.834
7.280,73.225,0.256,3,4185.540,145.161
7.290,73.282,0.256,3,4188.750,145.489
7.300,73.338,0.256,3,4191.959,145.816
7.310,73.394,0.256,3,4195.168,146.144
7.320,73.450,0.256,3,4198.375,146.473
7.330,73.506,0.256,3,4201.582,146.801
7.340,73.562,0.256,3,4204.789,147.130
7.350,73.618,0.255,3,4207.994,147.459
7.360,73.674,0.255,3,4211.198,147.788
7.370,73.730,0.255,3,4214.402,148.118
7.380,73.786,0.255,3,4217.605,148.447
7.390,73.842,0.255,3,4220.807,148.777
7.400,73.898,0.255,3,4224.008,149.107
7.410,73.954,0.255,3,4227.209,149.438
7.420,74.010,0.255,3,4230.408,149.769
7.430,74.066,0.255,3,4233.607,150.100
7.440,74.122,0.255,3,4236.805,150.431
7.450,74.178,0.255,3,4240.002,150.762
7.460,74.234,0.255,3,4243.199,151.094
7.470,74.290,0.255,3,4246.394,151.426
7.480,74.346,0.255,3,4249.589,151.758
7.490,74.402,0.255,3,4252.783,152.091
7.500,74.458,0.254,3,4255.976,152.424
7.510,74.514,0.254,3,4259.168,152.756
7.520,74.569,0.254,3,4262.360,153.090
7.530,74.625,0.254,3,4265.550,153.423
7.540,74.681,0.254,3,4268.740,153.757
7.550,74.737,0.254,3,4271.929,154.091
7.560,74.793,0.254,3,4275.117,154.425
7.570,74.848,0.254,3,4278.305,154.760
7.580,74.904,0.254,3,4281.491,155.094
7.590,74.960,0.254,3,4284.677,155.429
7.600,75.016,0.254,3,4287.862,155.765
7.610,75.071,0.254,3,4291.046,156.100
7.620,75.127,0.254,3,4294.229,156.436
7.630,75.183,0.254,3,4297.411,156.772
7.640,75.238,0.254,3,4300.593,157.108
7.650,75.294,0.254,3,4303.774,157.444
7.660,75.350,0.253,3,4306.953,157.781
7.670,75.405,0.253,3,4310.133,158.118
7.680,75.461,0.253,3,4313.311,158.455
7.690,75.516,0.253,3,4316.488,158.793
7.700,75.572,0.253,3,4319.665,159.130
7.710,75.628,0.253,3,4322.841,159.468
7.720,75.683,0.253,3,4326.016,159.807
7.730,75.739,0.253,3,4329.190,160.145
7.740,75.794,0.253,3,4332.363,160.484
7.750,75.850,0.253,3,4335.535,160.823
7.760,75.905,0.253,3,4338.707,161.162
7.770,75.961,0.253,3,4341.878,161.501
7.780,76.016,0.253,3,4345.048,161.841
7.790,76.071,0.253,3,4348.217,162.181
7.800,76.127,0.253,3,4351.385,162.521
7.810,76.182,0.252,3,4354.553,162.862
7.820,76.238,0.252,3,4357.719,163.202
7.830,76.293,0.252,3,4360.885,163.543
7.840,76.348,0.252,3,4364.050,163.884
7.850,76.404,0.252,3,4367.214,164.226
7.860,76.459,0.252,3,4370.378,164.568
7.870,76.515,0.252,3,4373.540,164.910
7.880,76.570,0.252,3,4376.702,165.252
7.890,76.625,0.252,3,4379.863,165.594
7.900,76.680,0.252,3,4383.023,165.937
7.910,76.736,0.252,3,4386.182,166.280
7.920,76.791,0.252,3,4389.340,166.623
7.930,76.846,0.252,3,4392.497,166.966
7.940,76.901,0.252,3,4395.654,167.310
7.950,76.957,0.252,3,4398.810,167.654
7.960,77.012,0.251,3,4401.965,167.998
7.970,77.067,0.251,3,4405.119,168.342
7.980,77.122,0.251,3,4408.272,168.687
7.990,77.177,0.251,3,4411.425,169.032
8.000,77.232,0.251,3,4414.576,169.377
8.010,77.288,0.251,3,4417.727,169.722
8.020,77.343,0.251,3,4420.877,170.068
8.030,77.398,0.251,3,4424.026,170.414
8.040,77.453,0.251,3,4427.174,170.760
8.050,77.508,0.251,3,4430.322,171.106
8.060,77.563,0.251,3,4433.468,171.453
8.070,77.618,0.251,3,4436.614,171.800
8.080,77.673,0.251,3,4439.759,172.147
8.090,77.728,0.251,3,4442.903,172.494
8.100,77.783,0.251,3,4446.046,172.842
8.110,77.838,0.250,3,4449.188,173.190
8.120,77.893,0.250,3,4452.330,173.538
8.130,77.948,0.250,3,4455.470,173.886
8.140,78.003,0.250,3,4458.610,174.235
8.150,78.058,0.250,3,4461.749,174.584
8.160,78.113,0.250,3,4464.887,174.933
8.170,78.168,0.250,3,4468.025,175.282
8.180,78.222,0.250,3,4471.161,175.632
8.190,78.277,0.250,3,4474.297,175.981
8.200,78.332,0.250,3,4477.431,176.331
8.210,78.387,0.250,3,4480.565,176.682
8.220,78.442,0.250,3,4483.698,177.032
8.230,78.497,0.250,3,4486.831,177.383
8.240,78.551,0.250,3,4489.962,177.734
8.250,78.606,0.250,3,4493.092,178.085
8.260,78.661,0.249,3,4496.222,178.437
8.270,78.716,0.249,3,4499.351,178.789
8.280,78.770,0.249,3,4502.479,179.141
8.290,78.825,0.249,3,4505.606,179.493
8.300,78.880,0.249,3,4508.732,179.845
8.310,78.934,0.249,3,4511.858,180.198
8.320,78.989,0.249,3,4514.982,180.551
8.330,79.044,0.249,3,4518.106,180.904
8.340,79.098,0.249,3,4521.229,181.258
8.350,79.153,0.249,3,4524.351,181.612
8.360,79.208,0.249,3,4527.472,181.966
8.370,79.262,0.249,3,4530.592,182.320
8.380,79.317,0.249,3,4533.711,182.674
8.390,79.371,0.249,3,4536.830,183.029
8.400,79.426,0.248,3,4539.948,183.384
8.410,79.480,0.248,3,4543.065,183.739
8.420,79.535,0.248,3,4546.181,184.094
8.430,79.589,0.248,3,4549.296,184.450
8.440,79.644,0.248,3,4552.410,184.806
8.450,79.698,0.248,3,4555.524,185.162
8.460,79.753,0.248,3,4558.636,185.519
8.470,79.807,0.248,3,4561.748,185.875
8.480,79.862,0.248,3,4564.859,186.232
8.490,79.916,0.248,3,4567.969,186.589
8.500,79.970,0.248,3,4571.078,186.947
8.510,80.025,0.248,3,4574.186,187.304
8.520,80.079,0.248,3,4577.294,187.662
8.530,80.134,0.248,3,4580.400,188.020
8.540,80.188,0.248,3,4583.506,188.379
8.550,80.242,0.247,3,4586.611,188.737
8.560,80.296,0.247,3,4589.715,189.096
8.570,80.351,0.247,3,4592.818,189.455
8.580,80.405,0.247,3,4595.921,189.814
8.590,80.459,0.247,3,4599.022,190.174
8.600,80.514,0.247,3,4602.123,190.534
8.610,80.568,0.247,3,4605.222,190.894
8.620,80.622,0.247,3,4608.321,191.254
8.630,80.676,0.247,3,4611.419,191.615
8.640,80.730,0.247,3,4614.516,191.975
8.650,80.785,0.247,3,4617.613,192.336
8.660,80.839,0.247,3,4620.708,192.698
8.670,80.893,0.247,3,4623.803,193.059
8.680,80.947,0.247,3,4626.896,193.421
8.690,81.001,0.247,3,4629.989,193.783
8.700,81.055,0.246,3,4633.081,194.145
8.710,81.109,0.246,3,4636.172,194.508
8.720,81.163,0.246,3,4639.262,194.870
8.730,81.217,0.246,3,4642.352,195.233
8.740,81.271,0.246,3,4645.440,195.597
8.750,81.325,0.246,3,4648.528,195.960
8.760,81.379,0.246,3,4651.615,196.324
8.770,81.433,0.246,3,4654.701,196.688
8.780,81.487,0.246,3,4657.786,197.052
8.790,81.541,0.246,3,4660.870,197.416
8.800,81.595,0.246,3,4663.953,197.781
8.810,81.649,0.246,3,4667.036,198.146
8.820,81.703,0.246,3,4670.117,198.511
8.830,81.757,0.246,3,4673.198,198.876
8.840,81.811,0.245,3,4676.278,199.242
8.850,81.865,0.245,3,4679.357,199.608
8.860,81.919,0.245,3,4682.435,199.974
8.870,81.972,0.245,3,4685.512,200.340
8.880,82.026,0.245,3,4688.588,200.707
8.890,82.080,0.245,3,4691.664,201.073
8.900,82.134,0.245,3,4694.738,201.440
8.910,82.188,0.245,3,4697.812,201.808
8.920,82.241,0.245,3,4700.885,202.175
8.930,82.295,0.245,3,4703.957,202.543
8.940,82.349,0.245,3,4707.028,202.911
8.950,82.403,0.245,3,4710.098,203.279
8.960,82.456,0.245,3,4713.168,203.648
8.970,82.510,0.245,3,4716.236,204.017
8.980,82.564,0.244,3,4719.304,204.385
8.990,82.617,0.244,3,4722.371,204.755
9.000,82.671,0.244,3,4725.436,205.124
9.010,82.725,0.244,3,4728.502,205.494
9.020,82.778,0.244,3,4731.566,205.864
9.030,82.832,0.244,3,4734.629,206.234
9.040,82.885,0.244,3,4737.691,206.604
9.050,82.939,0.244,3,4740.753,206.975
9.060,82.992,0.244,3,4743.813,207.346
9.070,83.046,0.244,3,4746.873,207.717
9.080,83.099,0.244,3,4749.932,208.088
9.090,83.153,0.244,3,4752.990,208.460
9.100,83.206,0.244,3,4756.047,208.832
9.110,83.260,0.244,3,4759.103,209.204
9.120,83.313,0.191,3,4762.159,209.576
9.130,83.355,0.191,3,4764.559,209.949
9.140,83.397,0.191,3,4766.958,210.322
9.150,83.439,0.191,3,4769.357,210.694
9.160,83.481,0.191,3,4771.755,211.068
9.170,83.523,0.191,3,4774.152,211.441
9.180,83.565,0.191,3,4776.548,211.814
9.190,83.607,0.191,3,4778.944,212.188
9.200,83.649,0.191,3,4781.339,212.562
9.210,83.691,0.191,3,4783.734,212.936
9.220,83.733,0.191,3,4786.128,213.310
9.230,83.775,0.191,3,4788.521,213.684
9.240,83.816,0.191,3,4790.913,214.059
9.250,83.858,0.191,3,4793.305,214.434
9.260,83.900,0.191,3,4795.696,214.809
9.270,83.942,0.191,3,4798.086,215.184
9.280,83.984,0.190,3,4800.476,215.559
9.290,84.025,0.190,3,4802.865,215.935
9.300,84.067,0.190,3,4805.253,216.311
9.310,84.109,0.190,3,4807.641,216.687
9.320,84.151,0.190,3,4810.027,217.063
9.330,84.193,0.190,3,4812.414,217.439
9.340,84.234,0.190,3,4814.799,217.815
9.350,84.276,0.190,3,4817.184,218.192
9.360,84.318,0.190,3,4819.568,218.569
9.370,84.359,0.190,3,4821.951,218.946
9.380,84.401,0.190,3,4824.334,219.323
9.390,84.443,0.190,3,4826.716,219.700
9.400,84.484,0.190,3,4829.097,220.078
9.410,84.526,0.190,3,4831.478,220.456
9.420,84.568,0.190,3,4833.858,220.834
9.430,84.609,0.190,3,4836.237,221.212
9.440,84.651,0.190,3,4838.616,221.590
9.450,84.693,0.190,3,4840.993,221.969
9.460,84.734,0.189,3,4843.371,222.347
9.470,84.776,0.189,3,4845.747,222.726
9.480,84.817,0.189,3,4848.123,223.105
9.490,84.859,0.189,3,4850.498,223.485
9.500,84.900,0.189,3,4852.872,223.864
9.510,84.942,0.189,3,4855.246,224.244
9.520,84.983,0.189,3,4857.619,224.624
9.530,85.025,0.189,3,4859.991,225.004
9.540,85.066,0.189,3,4862.363,225.384
9.550,85.108,0.189,3,4864.734,225.764
9.560,85.149,0.189,3,4867.104,226.145
9.570,85.191,0.189,3,4869.473,226.525
9.580,85.232,0.189,3,4871.842,226.906
9.590,85.274,0.189,3,4874.210,227.288
9.600,85.315,0.189,3,4876.578,227.669
9.610,85.356,0.189,3,4878.944,228.050
9.620,85.398,0.189,3,4881.310,228.432
9.630,85.439,0.189,3,4883.676,228.814
9.640,85.481,0.188,3,4886.040,229.196
9.650,85.522,0.188,3,4888.404,229.578
9.660,85.563,0.188,3,4890.767,229.960
9.670,85.605,0.188,3,4893.130,230.343
9.680,85.646,0.188,3,4895.492,230.726
9.690,85.687,0.188,3,4897.853,231.109
9.700,85.729,0.188,3,4900.213,231.492
9.710,85.770,0.188,3,4902.573,231.875
9.720,85.811,0.188,3,4904.932,232.259
9.730,85.852,0.188,3,4907.290,232.643
9.740,85.894,0.188,3,4909.648,233.026
9.750,85.935,0.188,3,4912.005,233.410
9.760,85.976,0.188,3,4914.361,233.795
9.770,86.017,0.188,3,4916.717,234.179
9.780,86.059,0.188,3,4919.072,234.564
9.790,86.100,0.188,3,4921.426,234.949
9.800,86.141,0.188,3,4923.779,235.334
9.810,86.182,0.188,3,4926.132,235.719
9.820,86.223,0.187,3,4928.484,236.104
9.830,86.264,0.187,3,4930.835,236.490
9.840,86.305,0.187,3,4933.186,236.875
9.850,86.347,0.187,3,4935.536,237.261
9.860,86.388,0.187,3,4937.885,237.647
9.870,86.429,0.187,3,4940.234,238.034
9.880,86.470,0.187,3,4942.581,238.420
9.890,86.511,0.187,3,4944.929,238.807
9.900,86.552,0.187,3,4947.275,239.194
9.910,86.593,0.187,3,4949.621,239.581
9.920,86.634,0.187,3,4951.966,239.968
9.930,86.675,0.187,3,4954.310,240.355
9.940,86.716,0.187,3,4956.654,240.743
9.950,86.757,0.187,3,4958.997,241.131
9.960,86.798,0.187,3,4961.339,241.518
9.970,86.839,0.187,3,4963.681,241.907
9.980,86.880,0.187,3,4966.021,242.295
9.990,86.921,0.187,3,4968.362,242.683
10.000,86.962,0.186,3,4970.701,243.072
10.010,87.003,0.186,3,4973.040,243.461
10.020,87.044,0.186,3,4975.378,243.850
10.030,87.084,0.186,3,4977.715,244.239
10.040,87.125,0.186,3,4980.052,244.628
10.050,87.166,0.186,3,4982.388,245.018
10.060,87.207,0.186,3,4984.723,245.408
10.070,87.248,0.186,3,4987.057,245.798
10.080,87.289,0.186,3,4989.391,246.188
10.090,87.330,0.186,3,4991.724,246.578
10.100,87.370,0.186,3,4994.057,246.969
10.110,87.411,0.186,3,4996.388,247.359
10.120,87.452,0.186,3,4998.719,247.750
10.130,87.493,0.186,3,5001.050,248.141
10.140,87.533,0.186,3,5003.379,248.532
10.150,87.574,0.186,3,5005.708,248.924
10.160,87.615,0.186,3,5008.036,249.315
10.170,87.656,0.186,3,5010.364,249.707
10.180,87.696,0.185,3,5012.691,250.099
10.190,87.737,0.185,3,5015.017,250.491
10.200,87.778,0.185,3,5017.342,250.884
10.210,87.818,0.185,3,5019.667,251.276
10.220,87.859,0.185,3,5021.991,251.669
10.230,87.900,0.185,3,5024.314,252.062
10.240,87.940,0.185,3,5026.637,252.455
10.250,87.981,0.185,3,5028.959,252.848
10.260,88.022,0.185,3,5031.280,253.241
10.270,88.062,0.185,3,5033.600,253.635
10.280,88.103,0.185,3,5035.920,254.029
10.290,88.143,0.185,3,5038.239,254.423
10.300,88.184,0.185,3,5040.557,254.817
10.310,88.224,0.185,3,5042.875,255.211
10.320,88.265,0.185,3,5045.192,255.605
10.330,88.305,0.185,3,5047.508,256.000
10.340,88.346,0.185,3,5049.824,256.395
10.350,88.386,0.184,3,5052.138,256.790
10.360,88.427,0.184,3,5054.452,257.185
10.370,88.467,0.184,3,5056.766,257.581
10.380,88.508,0.184,3,5059.079,257.976
10.390,88.548,0.184,3,5061.391,258.372
10.400,88.589,0.184,3,5063.702,258.768
10.410,88.629,0.184,3,5066.012,259.164
10.420,88.670,0.184,3,5068.322,259.560
10.430,88.710,0.184,3,5070.631,259.957
10.440,88.750,0.184,3,5072.940,260.353
10.450,88.791,0.184,3,5075.248,260.750
10.460,88.831,0.184,3,5077.555,261.147
10.470,88.872,0.184,3,5079.861,261.545
10.480,88.912,0.184,3,5082.167,261.942
10.490,88.952,0.184,3,5084.472,262.339
10.500,88.992,0.184,3,5086.776,262.737
10.510,89.033,0.184,3,5089.079,263.135
10.520,89.073,0.184,3,5091.382,263.533
10.530,89.113,0.183,3,5093.684,263.931
10.540,89.154,0.183,3,5095.986,264.330
10.550,89.194,0.183,3,5098.286,264.729
10.560,89.234,0.183,3,5100.586,265.127
10.570,89.274,0.183,3,5102.885,265.526
10.580,89.315,0.183,3,5105.184,265.926
10.590,89.355,0.183,3,5107.482,266.325
10.600,89.395,0.183,3,5109.779,266.725
10.610,89.435,0.183,3,5112.075,267.124
10.620,89.475,0.183,3,5114.371,267.524
10.630,89.515,0.183,3,5116.666,267.924
10.640,89.556,0.183,3,5118.960,268.324
10.650,89.596,0.183,3,5121.254,268.725
10.660,89.636,0.183,3,5123.547,269.126
10.670,89.676,0.183,3,5125.839,269.526
10.680,89.716,0.183,3,5128.131,269.927
10.690,89.756,0.183,3,5130.421,270.328
10.700,89.796,0.183,3,5132.711,270.730
10.710,89.836,0.182,3,5135.001,271.131
10.720,89.876,0.182,3,5137.289,271.533
10.730,89.916,0.182,3,5139.577,271.935
10.740,89.956,0.182,3,5141.864,272.337
10.750,89.996,0.182,3,5144.151,272.739
10.760,90.036,0.182,3,5146.437,273.142
10.770,90.076,0.182,3,5148.722,273.544
10.780,90.116,0.182,3,5151.006,273.947
10.790,90.156,0.182,3,5153.290,274.350
10.800,90.196,0.182,3,5155.573,274.753
10.810,90.236,0.182,3,5157.855,275.156
10.820,90.276,0.182,3,5160.137,275.560
10.830,90.316,0.182,3,5162.417,275.963
10.840,90.356,0.182,3,5164.697,276.367
10.850,90.396,0.182,3,5166.977,276.771
10.860,90.435,0.182,3,5169.256,277.175
10.870,90.475,0.182,3,5171.533,277.580
10.880,90.515,0.181,3,5173.811,277.984
10.890,90.555,0.181,3,5176.087,278.389
10.900,90.595,0.181,3,5178.363,278.794
10.910,90.635,0.181,3,5180.638,279.199
10.920,90.674,0.181,3,5182.913,279.604
10.930,90.714,0.181,3,5185.186,280.010
10.940,90.754,0.181,3,5187.459,280.415
10.950,90.794,0.181,3,5189.732,280.821
10.960,90.833,0.181,3,5192.003,281.227
10.970,90.873,0.181,3,5194.274,281.633
10.980,90.913,0.181,3,5196.544,282.040
10.990,90.953,0.181,3,5198.814,282.446
11.000,90.992,0.181,3,5201.082,282.853
11.010,91.032,0.181,3,5203.350,283.260
11.020,91.072,0.181,3,5205.618,283.667
11.030,91.111,0.181,3,5207.884,284.074
11.040,91.151,0.181,3,5210.150,284.481
11.050,91.191,0.181,3,5212.415,284.889
11.060,91.230,0.180,3,5214.680,285.297
11.070,91.270,0.180,3,5216.944,285.705
11.080,91.309,0.180,3,5219.207,286.113
11.090,91.349,0.180,3,5221.469,286.521
11.100,91.388,0.180,3,5223.731,286.929
11.110,91.428,0.180,3,5225.991,287.338
11.120,91.468,0.180,3,5228.252,287.747
11.130,91.507,0.180,3,5230.511,288.156
11.140,91.547,0.180,3,5232.770,288.565
11.150,91.586,0.180,3,5235.028,288.974
11.160,91.626,0.180,3,5237.285,289.384
11.170,91.665,0.180,3,5239.542,289.794
11.180,91.705,0.180,3,5241.798,290.203
11.190,91.744,0.180,3,5244.053,290.613
11.200,91.783,0.180,3,5246.307,291.024
11.210,91.823,0.180,3,5248.561,291.434
11.220,91.862,0.180,3,5250.814,291.845
11.230,91.902,0.180,3,5253.066,292.255
11.240,91.941,0.179,3,5255.318,292.666
11.250,91.980,0.179,3,5257.569,293.077
11.260,92.020,0.179,3,5259.819,293.489
11.270,92.059,0.179,3,5262.069,293.900
11.280,92.099,0.179,3,5264.317,294.312
11.290,92.138,0.179,3,5266.565,294.724
11.300,92.177,0.179,3,5268.813,295.136
11.310,92.216,0.179,3,5271.059,295.548
11.320,92.256,0.179,3,5273.305,295.960
11.330,92.295,0.179,3,5275.550,296.373
11.340,92.334,0.179,3,5277.795,296.785
11.350,92.374,0.179,3,5280.039,297.198
11.360,92.413,0.179,3,5282.282,297.611
11.370,92.452,0.179,3,5284.524,298.024
11.380,92.491,0.179,3,5286.766,298.438
11.390,92.530,0.179,3,5289.007,298.851
11.400,92.570,0.179,3,5291.247,299.265
11.410,92.609,0.178,3,5293.486,299.679
11.420,92.648,0.178,3,5295.725,300.093
11.430,92.687,0.178,3,5297.963,300.507
11.440,92.726,0.178,3,5300.200,300.922
11.450,92.765,0.178,3,5302.437,301.336
11.460,92.805,0.178,3,5304.673,301.751
11.470,92.844,0.178,3,5306.908,302.166
11.480,92.883,0.178,3,5309.142,302.581
11.490,92.922,0.178,3,5311.376,302.996
11.500,92.961,0.178,3,5313.609,303.412
11.510,93.000,0.178,3,5315.841,303.828
11.520,93.039,0.178,3,5318.073,304.243
11.530,93.078,0.178,3,5320.304,304.659
11.540,93.117,0.178,3,5322.534,305.076
11.550,93.156,0.178,3,5324.764,305.492
11.560,93.195,0.178,3,5326.992,305.909
11.570,93.234,0.178,3,5329.220,306.325
11.580,93.273,0.178,3,5331.448,306.742
11.590,93.312,0.177,3,5333.674,307.159
11.600,93.351,0.177,3,5335.900,307.576
11.610,93.390,0.177,3,5338.125,307.994
11.620,93.429,0.177,3,5340.350,308.411
11.630,93.468,0.177,3,5342.573,308.829
11.640,93.507,0.177,3,5344.796,309.247
11.650,93.545,0.177,3,5347.019,309.665
11.660,93.584,0.177,3,5349.240,310.083
11.670,93.623,0.177,3,5351.461,310.502
11.680,93.662,0.177,3,5353.681,310.921
11.690,93.701,0.177,3,5355.900,311.339
11.700,93.740,0.177,3,5358.119,311.758
11.710,93.778,0.177,3,5360.337,312.177
11.720,93.817,0.177,3,5362.554,312.597
11.730,93.856,0.177,3,5364.771,313.016
11.740,93.895,0.177,3,5366.987,313.436
11.750,93.933,0.177,3,5369.202,313.856
11.760,93.972,0.176,3,5371.416,314.276
11.770,94.011,0.176,3,5373.630,314.696
11.780,94.050,0.176,3,5375.843,315.116
11.790,94.088,0.176,3,5378.055,315.537
11.800,94.127,0.176,3,5380.267,315.957
11.810,94.166,0.176,3,5382.477,316.378
11.820,94.204,0.176,3,5384.687,316.799
11.830,94.243,0.176,3,5386.897,317.221
11.840,94.282,0.176,3,5389.105,317.642
11.850,94.320,0.176,3,5391.313,318.064
11.860,94.359,0.176,3,5393.521,318.485
11.870,94.398,0.176,3,5395.727,318.907
11.880,94.436,0.176,3,5397.933,319.329
11.890,94.475,0.176,3,5400.138,319.752
11.900,94.513,0.176,3,5402.342,320.174
11.910,94.552,0.176,3,5404.546,320.597
11.920,94.590,0.176,3,5406.749,321.019
11.930,94.629,0.176,3,5408.951,321.442
11.940,94.667,0.175,3,5411.152,321.865
11.950,94.706,0.175,3,5413.353,322.289
11.960,94.744,0.175,3,5415.553,322.712
11.970,94.783,0.175,3,5417.752,323.136
11.980,94.821,0.175,3,5419.951,323.560
11.990,94.860,0.175,3,5422.149,323.984
12.000,94.898,0.175,3,5424.346,324.408
12.010,94.937,0.175,3,5426.542,324.832
12.020,94.975,0.175,3,5428.738,325.256
12.030,95.013,0.175,3,5430.933,325.681
12.040,95.052,0.175,3,5433.127,326.106
12.050,95.090,0.175,3,5435.321,326.531
12.060,95.129,0.175,3,5437.514,326.956
12.070,95.167,0.175,3,5439.706,327.381
12.080,95.205,0.175,3,5441.897,327.807
12.090,95.244,0.175,3,5444.088,328.233
12.100,95.282,0.175,3,5446.278,328.659
12.110,95.320,0.174,3,5448.467,329.085
12.120,95.359,0.174,3,5450.656,329.511
12.130,95.397,0.174,3,5452.843,329.937
12.140,95.435,0.174,3,5455.030,330.364
12.150,95.473,0.174,3,5457.217,330.790
12.160,95.512,0.174,3,5459.402,331.217
12.170,95.550,0.174,3,5461.587,331.644
12.180,95.588,0.174,3,5463.771,332.072
12.190,95.626,0.174,3,5465.955,332.499
12.200,95.664,0.174,3,5468.138,332.927
12.210,95.703,0.174,3,5470.320,333.354
12.220,95.741,0.174,3,5472.501,333.782
12.230,95.779,0.174,3,5474.682,334.210
12.240,95.817,0.174,3,5476.861,334.639
12.250,95.855,0.174,3,5479.041,335.067
12.260,95.893,0.174,3,5481.219,335.496
12.270,95.931,0.174,3,5483.397,335.924
12.280,95.969,0.173,3,5485.574,336.353
12.290,96.007,0.173,3,5487.750,336.782
12.300,96.046,0.173,3,5489.926,337.212
12.310,96.084,0.173,3,5492.100,337.641
12.320,96.122,0.173,3,5494.274,338.071
12.330,96.160,0.173,3,5496.448,338.501
12.340,96.198,0.173,3,5498.620,338.930
12.350,96.236,0.173,3,5500.792,339.361
12.360,96.274,0.173,3,5502.964,339.791
12.370,96.312,0.173,3,5505.134,340.221
12.380,96.350,0.173,3,5507.304,340.652
12.390,96.388,0.173,3,5509.473,341.083
12.400,96.425,0.173,3,5511.641,341.514
12.410,96.463,0.173,3,5513.809,341.945
12.420,96.501,0.173,3,5515.976,342.376
12.430,96.539,0.173,3,5518.142,342.808
12.440,96.577,0.173,3,5520.307,343.239
12.450,96.615,0.173,3,5522.472,343.671
12.460,96.653,0.172,3,5524.636,344.103
12.470,96.691,0.172,3,5526.799,344.535
12.480,96.728,0.172,3,5528.962,344.968
12.490,96.766,0.172,3,5531.124,345.400
12.500,96.804,0.172,3,5533.285,345.833
12.510,96.842,0.172,3,5535.445,346.266
12.520,96.880,0.172,3,5537.605,346.699
12.530,96.917,0.172,3,5539.764,347.132
12.540,96.955,0.172,3,5541.922,347.565
12.550,96.993,0.172,3,5544.080,347.999
12.560,97.031,0.172,3,5546.237,348.432
12.570,97.068,0.172,3,5548.393,348.866
12.580,97.106,0.172,3,5550.548,349.300
12.590,97.144,0.172,3,5552.703,349.734
12.600,97.181,0.172,3,5554.856,350.169
12.610,97.219,0.172,3,5557.010,350.603
12.620,97.257,0.172,3,5559.162,351.038
12.630,97.294,0.171,3,5561.314,351.473
12.640,97.332,0.171,3,5563.465,351.908
12.650,97.370,0.171,3,5565.615,352.343
12.660,97.407,0.171,3,5567.765,352.778
12.670,97.445,0.171,3,5569.914,353.214
12.680,97.482,0.171,3,5572.062,353.650
12.690,97.520,0.171,3,5574.209,354.086
12.700,97.558,0.171,3,5576.356,354.522
12.710,97.595,0.171,3,5578.502,354.958
12.720,97.633,0.171,3,5580.647,355.394
12.730,97.670,0.171,3,5582.791,355.831
12.740,97.708,0.171,3,5584.935,356.267
12.750,97.745,0.171,3,5587.078,356.704
12.760,97.783,0.171,3,5589.221,357.141
12.770,97.820,0.171,3,5591.362,357.579
12.780,97.858,0.171,3,5593.503,358.016
12.790,97.895,0.171,3,5595.643,358.454
12.800,97.932,0.171,3,5597.783,358.891
12.810,97.970,0.170,3,5599.922,359.329
12.820,98.007,-0.091,4,4001.471,359.767
12.830,97.987,-0.090,4,4000.660,360.205
12.840,97.968,-0.090,4,3999.850,360.643
12.850,97.948,-0.090,4,3999.039,361.081
12.860,97.928,-0.090,4,3998.229,361.519
12.870,97.908,-0.090,4,3997.419,361.957
12.880,97.888,-0.090,4,3996.610,362.394
12.890,97.868,-0.090,4,3995.801,362.832
12.900,97.849,-0.090,4,3994.992,363.269
12.910,97.829,-0.090,4,3994.183,363.707
12.920,97.809,-0.090,4,3993.374,364.144
12.930,97.789,-0.090,4,3992.566,364.581
12.940,97.769,-0.090,4,3991.758,365.018
12.950,97.750,-0.090,4,3990.951,365.455
12.960,97.730,-0.090,4,3990.143,365.892
12.970,97.710,-0.090,4,3989.336,366.329
12.980,97.690,-0.090,4,3988.530,366.766
12.990,97.671,-0.090,4,3987.723,367.203
13.000,97.651,-0.090,4,3986.917,367.639
13.010,97.631,-0.090,4,3986.111,368.076
13.020,97.611,0.134,4,3985.305,368.512
13.030,97.641,0.134,4,3986.503,368.948
13.040,97.670,0.134,4,3987.701,369.385
13.050,97.699,0.134,4,3988.898,369.822
13.060,97.729,0.134,4,3990.095,370.259
13.070,97.758,0.134,4,3991.292,370.695
13.080,97.787,0.133,4,3992.488,371.133
13.090,97.817,0.133,4,3993.684,371.570
13.100,97.846,0.133,4,3994.879,372.007
13.110,97.875,0.133,4,3996.074,372.445
13.120,97.904,0.133,4,3997.268,372.882
13.130,97.934,0.133,4,3998.463,373.320
13.140,97.963,0.133,4,3999.656,373.758
13.150,97.992,0.133,4,4000.850,374.196
13.160,98.021,0.133,4,4002.043,374.634
13.170,98.051,0.133,4,4003.235,375.072
13.180,98.080,0.133,4,4004.427,375.511
13.190,98.109,0.133,4,4005.619,375.949
13.200,98.138,0.133,4,4006.810,376.388
13.210,98.167,0.133,4,4008.001,376.827
13.220,98.196,0.133,4,4009.192,377.265
13.230,98.226,0.133,4,4010.382,377.705
13.240,98.255,0.133,4,4011.571,378.144
13.250,98.284,0.133,4,4012.761,378.583
13.260,98.313,0.133,4,4013.949,379.022
13.270,98.342,0.133,4,4015.138,379.462
13.280,98.371,0.133,4,4016.326,379.902
13.290,98.400,0.133,4,4017.514,380.341
13.300,98.429,0.132,4,4018.701,380.781
13.310,98.458,0.132,4,4019.888,381.222
13.320,98.487,0.132,4,4021.074,381.662
13.330,98.516,0.132,4,4022.260,382.102
13.340,98.546,0.132,4,4023.446,382.543
13.350,98.575,0.132,4,4024.631,382.983
13.360,98.604,0.132,4,4025.816,383.424
13.370,98.633,0.132,4,4027.000,383.865
13.380,98.662,0.132,4,4028.185,384.306
13.390,98.691,0.132,4,4029.368,384.747
13.400,98.720,0.132,4,4030.551,385.188
13.410,98.749,0.132,4,4031.734,385.629
13.420,98.777,0.132,4,4032.917,386.071
13.430,98.806,0.132,4,4034.099,386.513
13.440,98.835,0.132,4,4035.280,386.954
13.450,98.864,0.132,4,4036.462,387.396
13.460,98.893,0.132,4,4037.642,387.838
13.470,98.922,0.132,4,4038.823,388.280
13.480,98.951,0.132,4,4040.003,388.723
13.490,98.980,0.132,4,4041.182,389.165
13.500,99.009,0.132,4,4042.362,389.608
13.510,99.038,0.132,4,4043.540,390.050
13.520,99.067,0.131,4,4044.719,390.493
13.530,99.095,0.131,4,4045.897,390.936
13.540,99.124,0.131,4,4047.074,391.379
13.550,99.153,0.131,4,4048.252,391.822
13.560,99.182,0.131,4,4049.428,392.266
13.570,99.211,0.131,4,4050.605,392.709
13.580,99.240,0.131,4,4051.781,393.153
13.590,99.268,0.131,4,4052.956,393.596
13.600,99.297,0.131,4,4054.131,394.040
13.610,99.326,0.131,4,4055.306,394.484
13.620,99.355,0.131,4,4056.481,394.928
13.630,99.383,0.131,4,4057.655,395.373
13.640,99.412,0.131,4,4058.828,395.817
13.650,99.441,0.131,4,4060.001,396.261
13.660,99.470,0.131,4,4061.174,396.706
13.670,99.498,0.131,4,4062.346,397.151
13.680,99.527,0.131,4,4063.518,397.596
13.690,99.556,0.131,4,4064.690,398.041
13.700,99.584,0.131,4,4065.861,398.486
13.710,99.613,0.131,4,4067.032,398.931
13.720,99.642,0.131,4,4068.202,399.376
13.730,99.670,0.131,4,4069.372,399.822
13.740,99.699,0.130,4,4070.542,400.267
13.750,99.728,0.130,4,4071.711,400.713
13.760,99.756,0.130,4,4072.880,401.159
13.770,99.785,0.130,4,4074.048,401.605
13.780,99.814,0.130,4,4075.216,402.051
13.790,99.842,0.130,4,4076.383,402.497
13.800,99.871,0.130,4,4077.551,402.944
13.810,99.899,0.130,4,4078.717,403.390
13.820,99.928,0.130,4,4079.884,403.837
13.830,99.956,0.130,4,4081.050,404.284
13.840,99.985,0.130,4,4082.215,404.731
13.850,100.013,0.130,4,4083.380,405.178
13.860,100.042,0.130,4,4084.545,405.625
13.870,100.071,0.130,4,4085.709,406.072
13.880,100.099,0.130,4,4086.873,406.520
13.890,100.128,0.130,4,4088.037,406.967
13.900,100.156,0.130,4,4089.200,407.415
13.910,100.184,0.130,4,4090.362,407.863
13.920,100.213,0.130,4,4091.525,408.311
13.930,100.241,0.130,4,4092.687,408.759
13.940,100.270,0.130,4,4093.848,409.207
13.950,100.298,0.130,4,4095.009,409.655
13.960,100.327,0.130,4,4096.170,410.104
13.970,100.355,0.129,4,4097.330,410.552
13.980,100.384,0.129,4,4098.490,411.001
13.990,100.412,0.129,4,4099.650,411.450
14.000,100.440,0.129,4,4100.809,411.899
14.010,100.469,0.129,4,4101.967,412.348
14.020,100.497,0.129,4,4103.126,412.797
14.030,100.525,0.129,4,4104.284,413.246
14.040,100.554,0.129,4,4105.441,413.696
14.050,100.582,0.129,4,4106.598,414.145
14.060,100.610,0.129,4,4107.755,414.595
14.070,100.639,0.129,4,4108.911,415.045
14.080,100.667,0.129,4,4110.067,415.495
14.090,100.695,0.129,4,4111.223,415.945
14.100,100.724,0.129,4,4112.378,416.395
14.110,100.752,0.129,4,4113.532,416.845
14.120,100.780,0.129,4,4114.687,417.296
14.130,100.809,0.129,4,4115.840,417.746
14.140,100.837,0.129,4,4116.994,418.197
14.150,100.865,0.129,4,4118.147,418.648
14.160,100.893,0.129,4,4119.300,419.099
14.170,100.921,0.129,4,4120.452,419.550
14.180,100.950,0.129,4,4121.604,420.001
14.190,100.978,0.128,4,4122.755,420.453
14.200,101.006,0.128,4,4123.906,420.904
14.210,101.034,0.128,4,4125.057,421.356
14.220,101.062,0.128,4,4126.207,421.807
14.230,101.091,0.128,4,4127.357,422.259
14.240,101.119,0.128,4,4128.507,422.711
14.250,101.147,0.128,4,4129.656,423.163
14.260,101.175,0.128,4,4130.804,423.616
14.270,101.203,0.128,4,4131.953,424.068
14.280,101.231,0.128,4,4133.101,424.520
14.290,101.259,0.128,4,4134.248,424.973
14.300,101.287,0.128,4,4135.395,425.426
14.310,101.316,0.128,4,4136.542,425.879
14.320,101.344,0.128,4,4137.688,426.332
14.330,101.372,0.128,4,4138.834,426.785
14.340,101.400,0.128,4,4139.979,427.238
14.350,101.428,0.128,4,4141.124,427.691
14.360,101.456,0.128,4,4142.269,428.145
14.370,101.484,0.128,4,4143.413,428.598
14.380,101.512,0.128,4,4144.557,429.052
14.390,101.540,0.128,4,4145.701,429.506
14.400,101.568,0.128,4,4146.844,429.960
14.410,101.596,0.127,4,4147.986,430.414
14.420,101.624,0.127,4,4149.128,430.868
14.430,101.652,0.127,4,4150.270,431.323
14.440,101.680,0.127,4,4151.412,431.777
14.450,101.708,0.127,4,4152.553,432.232
14.460,101.736,0.127,4,4153.693,432.686
14.470,101.764,0.127,4,4154.834,433.141
14.480,101.791,0.127,4,4155.974,433.596
14.490,101.819,0.127,4,4157.113,434.051
14.500,101.847,0.127,4,4158.252,434.507
14.510,101.875,0.127,4,4159.391,434.962
14.520,101.903,0.127,4,4160.529,435.418
14.530,101.931,0.127,4,4161.667,435.873
14.540,101.959,0.127,4,4162.804,436.329
14.550,101.987,0.127,4,4163.941,436.785
14.560,102.014,0.127,4,4165.078,437.241
14.570,102.042,0.127,4,4166.214,437.697
14.580,102.070,0.127,4,4167.350,438.153
14.590,102.098,0.127,4,4168.486,438.609
14.600,102.126,0.127,4,4169.621,439.066
14.610,102.154,0.127,4,4170.755,439.522
14.620,102.181,0.127,4,4171.889,439.979
14.630,102.209,0.127,4,4173.023,440.436
14.640,102.237,0.126,4,4174.157,440.893
14.650,102.265,0.126,4,4175.290,441.350
14.660,102.292,0.126,4,4176.422,441.807
14.670,102.320,0.126,4,4177.555,442.265
14.680,102.348,0.126,4,4178.687,442.722
14.690,102.376,0.126,4,4179.818,443.180
14.700,102.403,0.126,4,4180.949,443.638
14.710,102.431,0.126,4,4182.080,444.095
14.720,102.459,0.126,4,4183.210,444.553
14.730,102.486,0.126,4,4184.340,445.011
14.740,102.514,0.126,4,4185.469,445.470
14.750,102.542,0.126,4,4186.598,445.928
14.760,102.569,0.126,4,4187.727,446.386
14.770,102.597,0.126,4,4188.855,446.845
14.780,102.624,0.126,4,4189.983,447.304
14.790,102.652,0.126,4,4191.111,447.763
14.800,102.680,0.126,4,4192.238,448.222
14.810,102.707,0.126,4,4193.364,448.681
14.820,102.735,0.126,4,4194.491,449.140
14.830,102.762,0.126,4,4195.616,449.599
14.840,102.790,0.126,4,4196.742,450.059
14.850,102.818,0.126,4,4197.867,450.518
14.860,102.845,0.125,4,4198.992,450.978
14.870,102.873,0.125,4,4200.116,451.438
14.880,102.900,0.125,4,4201.240,451.898
14.890,102.928,0.125,4,4202.363,452.358
14.900,102.955,0.125,4,4203.486,452.818
14.910,102.983,0.125,4,4204.609,453.278
14.920,103.010,0.125,4,4205.731,453.739
14.930,103.038,0.125,4,4206.853,454.199
14.940,103.065,0.125,4,4207.975,454.660
14.950,103.093,0.125,4,4209.096,455.121
14.960,103.120,0.125,4,4210.216,455.582
14.970,103.147,0.125,4,4211.337,456.043
14.980,103.175,0.125,4,4212.456,456.504
14.990,103.202,0.125,4,4213.576,456.965
15.000,103.230,0.125,4,4214.695,457.427
15.010,103.257,0.125,4,4215.814,457.888
15.020,103.285,0.125,4,4216.932,458.350
15.030,103.312,0.125,4,4218.050,458.811
15.040,103.339,0.125,4,4219.167,459.273
15.050,103.367,0.125,4,4220.284,459.735
15.060,103.394,0.125,4,4221.401,460.198
15.070,103.421,0.125,4,4222.517,460.660
15.080,103.449,0.125,4,4223.633,461.122
15.090,103.476,0.124,4,4224.749,461.585
15.100,103.503,0.124,4,4225.864,462.047
15.110,103.531,0.124,4,4226.979,462.510
15.120,103.558,0.124,4,4228.093,462.973
15.130,103.585,0.124,4,4229.207,463.436
15.140,103.612,0.124,4,4230.320,463.899
15.150,103.640,0.124,4,4231.433,464.362
15.160,103.667,0.124,4,4232.546,464.826
15.170,103.694,0.124,4,4233.658,465.289
15.180,103.721,0.124,4,4234.770,465.753
15.190,103.749,0.124,4,4235.882,466.217
15.200,103.776,0.124,4,4236.993,466.680
15.210,103.803,0.124,4,4238.104,467.144
15.220,103.830,0.124,4,4239.214,467.609
15.230,103.857,0.124,4,4240.324,468.073
15.240,103.885,0.124,4,4241.433,468.537
15.250,103.912,0.124,4,4242.543,469.002
15.260,103.939,0.124,4,4243.651,469.466
15.270,103.966,0.124,4,4244.760,469.931
15.280,103.993,0.124,4,4245.868,470.396
15.290,104.020,0.124,4,4246.975,470.861
15.300,104.047,0.124,4,4248.082,471.326
15.310,104.075,0.123,4,4249.189,471.791
15.320,104.102,0.123,4,4250.295,472.256
15.330,104.129,0.123,4,4251.401,472.722
15.340,104.156,0.123,4,4252.507,473.187
15.350,104.183,0.123,4,4253.612,473.653
15.360,104.210,0.123,4,4254.717,474.119
15.370,104.237,0.123,4,4255.821,474.585
15.380,104.264,0.123,4,4256.925,475.051
15.390,104.291,0.123,4,4258.029,475.517
15.400,104.318,0.123,4,4259.132,475.983
15.410,104.345,0.123,4,4260.235,476.450
15.420,104.372,0.123,4,4261.337,476.916
15.430,104.399,0.123,4,4262.439,477.383
15.440,104.426,0.123,4,4263.541,477.849
15.450,104.453,0.123,4,4264.642,478.316
15.460,104.480,0.123,4,4265.742,478.783
15.470,104.507,0.123,4,4266.843,479.251
15.480,104.534,0.123,4,4267.943,479.718
15.490,104.561,0.123,4,4269.042,480.185
15.500,104.588,0.123,4,4270.142,480.653
15.510,104.615,0.123,4,4271.240,481.120
15.520,104.642,0.123,4,4272.339,481.588
15.530,104.669,0.123,4,4273.437,482.056
15.540,104.695,0.122,4,4274.535,482.524
15.550,104.722,0.122,4,4275.632,482.992
15.560,104.749,0.122,4,4276.729,483.460
15.570,104.776,0.122,4,4277.825,483.928
15.580,104.803,0.122,4,4278.921,484.397
15.590,104.830,0.122,4,4280.017,484.865
15.600,104.856,0.122,4,4281.112,485.334
15.610,104.883,0.122,4,4282.207,485.803
15.620,104.910,0.122,4,4283.301,486.272
15.630,104.937,0.122,4,4284.395,486.741
15.640,104.964,0.122,4,4285.489,487.210
15.650,104.990,0.122,4,4286.582,487.679
15.660,105.017,0.122,4,4287.675,488.149
15.670,105.044,0.122,4,4288.767,488.618
15.680,105.071,0.122,4,4289.860,489.088
15.690,105.097,0.122,4,4290.951,489.558
15.700,105.124,0.122,4,4292.042,490.028
15.710,105.151,0.122,4,4293.133,490.498
15.720,105.178,0.122,4,4294.224,490.968
15.730,105.204,0.122,4,4295.314,491.438
15.740,105.231,0.122,4,4296.404,491.908
15.750,105.258,0.122,4,4297.493,492.379
15.760,105.284,0.121,4,4298.582,492.849
15.770,105.311,0.121,4,4299.670,493.320
15.780,105.338,0.121,4,4300.758,493.791
15.790,105.364,0.121,4,4301.846,494.262
15.800,105.391,0.121,4,4302.933,494.733
15.810,105.418,0.121,4,4304.020,495.204
15.820,105.444,0.121,4,4305.107,495.676
15.830,105.471,0.121,4,4306.193,496.147
15.840,105.497,0.121,4,4307.279,496.619
15.850,105.524,0.121,4,4308.364,497.090
15.860,105.551,0.121,4,4309.449,497.562
15.870,105.577,0.121,4,4310.534,498.034
15.880,105.604,0.121,4,4311.618,498.506
15.890,105.630,0.121,4,4312.702,498.978
15.900,105.657,0.121,4,4313.785,499.450
15.910,105.683,0.121,4,4314.868,499.923
15.920,105.710,0.121,4,4315.951,500.395
15.930,105.736,0.121,4,4317.033,500.868
15.940,105.763,0.121,4,4318.115,501.341
15.950,105.789,0.121,4,4319.196,501.813
15.960,105.816,0.121,4,4320.277,502.286
15.970,105.842,0.121,4,4321.358,502.760
15.980,105.869,0.121,4,4322.438,503.233
15.990,105.895,0.120,4,4323.518,503.706
16.000,105.922,0.120,4,4324.597,504.180
16.010,105.948,0.120,4,4325.676,504.653
16.020,105.974,0.120,4,4326.755,505.127
16.030,106.001,0.120,4,4327.833,505.601
16.040,106.027,0.120,4,4328.911,506.075
16.050,106.054,0.120,4,4329.988,506.549
16.060,106.080,0.120,4,4331.065,507.023
16.070,106.106,0.120,4,4332.142,507.497
16.080,106.133,0.120,4,4333.218,507.971
16.090,106.159,0.120,4,4334.294,508.446
16.100,106.185,0.120,4,4335.370,508.921
16.110,106.212,0.120,4,4336.445,509.395
16.120,106.238,0.120,4,4337.519,509.870
16.130,106.264,0.120,4,4338.594,510.345
16.140,106.291,0.120,4,4339.668,510.820
16.150,106.317,0.120,4,4340.741,511.295
16.160,106.343,0.120,4,4341.814,511.771
16.170,106.370,0.120,4,4342.887,512.246
16.180,106.396,0.120,4,4343.959,512.722
16.190,106.422,0.120,4,4345.031,513.198
16.200,106.448,0.120,4,4346.103,513.673
16.210,106.475,0.120,4,4347.174,514.149
16.220,106.501,0.119,4,4348.245,514.625
16.230,106.527,0.119,4,4349.315,515.101
16.240,106.553,0.119,4,4350.385,515.578
16.250,106.579,0.119,4,4351.455,516.054
16.260,106.606,0.119,4,4352.524,516.531
16.270,106.632,0.119,4,4353.593,517.007
16.280,106.658,0.119,4,4354.661,517.484
16.290,106.684,0.119,4,4355.729,517.961
16.300,106.710,0.119,4,4356.797,518.438
16.310,106.736,0.119,4,4357.864,518.915
16.320,106.762,0.119,4,4358.931,519.392
16.330,106.789,0.119,4,4359.997,519.869
16.340,106.815,0.119,4,4361.063,520.347
16.350,106.841,0.119,4,4362.129,520.824
16.360,106.867,0.119,4,4363.194,521.302
16.370,106.893,0.119,4,4364.259,521.780
16.380,106.919,0.119,4,4365.323,522.258
16.390,106.945,0.119,4,4366.387,522.736
16.400,106.971,0.119,4,4367.451,523.214
16.410,106.997,0.119,4,4368.514,523.692
16.420,107.023,0.119,4,4369.577,524.171
16.430,107.049,0.119,4,4370.640,524.649
16.440,107.075,0.119,4,4371.702,525.128
16.450,107.101,0.118,4,4372.764,525.607
16.460,107.127,0.118,4,4373.825,526.085
16.470,107.153,0.118,4,4374.886,526.564
16.480,107.179,0.118,4,4375.946,527.043
16.490,107.205,0.118,4,4377.007,527.523
16.500,107.231,0.118,4,4378.066,528.002
16.510,107.257,0.118,4,4379.126,528.481
16.520,107.283,0.118,4,4380.185,528.961
16.530,107.309,0.118,4,4381.243,529.441
16.540,107.335,0.118,4,4382.301,529.920
16.550,107.361,0.118,4,4383.359,530.400
16.560,107.387,0.118,4,4384.417,530.880
16.570,107.413,0.118,4,4385.474,531.360
16.580,107.438,0.118,4,4386.530,531.841
16.590,107.464,0.118,4,4387.587,532.321
16.600,107.490,0.118,4,4388.642,532.801
16.610,107.516,0.118,4,4389.698,533.282
16.620,107.542,0.118,4,4390.753,533.763
16.630,107.568,0.118,4,4391.808,534.243
16.640,107.594,0.118,4,4392.862,534.724
16.650,107.619,0.118,4,4393.916,535.205
16.660,107.645,0.118,4,4394.969,535.687
16.670,107.671,0.117,4,4396.022,536.168
16.680,107.697,0.117,4,4397.075,536.649
16.690,107.723,0.117,4,4398.127,537.131
16.700,107.748,0.117,4,4399.179,537.612
16.710,107.774,0.117,4,4400.231,538.094
16.720,107.800,0.117,4,4401.282,538.576
16.730,107.826,0.117,4,4402.333,539.058
16.740,107.851,0.117,4,4403.383,539.540
16.750,107.877,0.117,4,4404.433,540.022
16.760,107.903,0.117,4,4405.483,540.504
16.770,107.928,0.117,4,4406.532,540.987
16.780,107.954,0.117,4,4407.581,541.469
16.790,107.980,0.117,4,4408.629,541.952
16.800,108.005,0.117,4,4409.677,542.435
16.810,108.031,0.117,4,4410.725,542.918
16.820,108.057,0.117,4,4411.772,543.401
16.830,108.082,0.117,4,4412.819,543.884
16.840,108.108,0.117,4,4413.865,544.367
16.850,108.134,0.117,4,4414.911,544.850
16.860,108.159,0.117,4,4415.957,545.334
16.870,108.185,0.117,4,4417.002,545.817
16.880,108.210,0.117,4,4418.047,546.301
16.890,108.236,0.117,4,4419.092,546.785
16.900,108.262,0.116,4,4420.136,547.269
16.910,108.287,0.116,4,4421.180,547.753
16.920,108.313,0.116,4,4422.223,548.237
16.930,108.338,0.116,4,4423.266,548.721
16.940,108.364,0.116,4,4424.308,549.206
16.950,108.389,0.116,4,4425.351,549.690
16.960,108.415,0.116,4,4426.392,550.175
16.970,108.440,0.116,4,4427.434,550.659
16.980,108.466,0.116,4,4428.475,551.144
16.990,108.491,0.116,4,4429.515,551.629
17.000,108.517,0.116,4,4430.556,552.114
17.010,108.542,0.116,4,4431.596,552.599
17.020,108.568,0.116,4,4432.635,553.085
17.030,108.593,0.116,4,4433.674,553.570
17.040,108.619,0.116,4,4434.713,554.056
17.050,108.644,0.116,4,4435.751,554.541
17.060,108.669,0.116,4,4436.789,555.027
17.070,108.695,0.116,4,4437.826,555.513
17.080,108.720,0.116,4,4438.863,555.999
17.090,108.746,0.116,4,4439.900,556.485
17.100,108.771,0.116,4,4440.937,556.971
17.110,108.796,0.116,4,4441.972,557.457
17.120,108.822,0.116,4,4443.008,557.944
17.130,108.847,0.115,4,4444.043,558.430
17.140,108.872,0.115,4,4445.078,558.917
17.150,108.898,0.115,4,4446.112,559.404
17.160,108.923,0.115,4,4447.146,559.891
17.170,108.948,0.115,4,4448.180,560.378
17.180,108.974,0.115,4,4449.213,560.865
17.190,108.999,0.115,4,4450.246,561.352
17.200,109.024,0.115,4,4451.278,561.839
17.210,109.050,0.115,4,4452.311,562.327
17.220,109.075,0.115,4,4453.342,562.814
17.230,109.100,0.115,4,4454.373,563.302
17.240,109.125,0.115,4,4455.404,563.790
17.250,109.151,0.115,4,4456.435,564.278
17.260,109.176,0.115,4,4457.465,564.766
17.270,109.201,0.115,4,4458.495,565.254
17.280,109.226,0.115,4,4459.524,565.742
17.290,109.252,0.115,4,4460.553,566.230
17.300,109.277,0.115,4,4461.582,566.719
17.310,109.302,0.115,4,4462.610,567.207
17.320,109.327,0.115,4,4463.638,567.696
17.330,109.352,0.115,4,4464.665,568.185
17.340,109.377,0.115,4,4465.692,568.674
17.350,109.403,0.115,4,4466.719,569.163
17.360,109.428,0.114,4,4467.745,569.652
17.370,109.453,0.114,4,4468.771,570.141
17.380,109.478,0.114,4,4469.796,570.630
17.390,109.503,0.114,4,4470.821,571.120
17.400,109.528,0.114,4,4471.846,571.609
17.410,109.553,0.114,4,4472.870,572.099
17.420,109.578,0.114,4,4473.894,572.589
17.430,109.603,0.114,4,4474.918,573.079
17.440,109.628,0.114,4,4475.941,573.569
17.450,109.653,0.114,4,4476.964,574.059
17.460,109.678,0.114,4,4477.986,574.549
17.470,109.704,0.114,4,4479.008,575.040
17.480,109.729,0.114,4,4480.030,575.530
17.490,109.754,0.114,4,4481.051,576.021
17.500,109.779,0.114,4,4482.072,576.511
17.510,109.804,0.114,4,4483.092,577.002
17.520,109.829,0.114,4,4484.112,577.493
17.530,109.854,0.114,4,4485.132,577.984
17.540,109.878,0.114,4,4486.151,578.475
17.550,109.903,0.114,4,4487.170,578.967
17.560,109.928,0.114,4,4488.188,579.458
17.570,109.953,0.114,4,4489.207,579.949
17.580,109.978,0.114,4,4490.224,580.441
17.590,110.003,0.114,4,4491.242,580.933
17.600,110.028,0.113,4,4492.259,581.425
17.610,110.053,0.113,4,4493.275,581.916
17.620,110.078,0.113,4,4494.291,582.408
17.630,110.103,0.113,4,4495.307,582.901
17.640,110.128,0.113,4,4496.323,583.393
17.650,110.152,0.113,4,4497.338,583.885
17.660,110.177,0.113,4,4498.352,584.378
17.670,110.202,0.113,4,4499.366,584.870
17.680,110.227,0.113,4,4500.380,585.363
17.690,110.252,0.113,4,4501.394,585.856
17.700,110.277,0.113,4,4502.407,586.349
17.710,110.301,0.113,4,4503.420,586.842
17.720,110.326,0.113,4,4504.432,587.335
17.730,110.351,0.113,4,4505.444,587.828
17.740,110.376,0.113,4,4506.455,588.322
17.750,110.401,0.113,4,4507.467,588.815
17.760,110.425,0.113,4,4508.477,589.309
17.770,110.450,0.113,4,4509.488,589.802
17.780,110.475,0.113,4,4510.498,590.296
17.790,110.500,0.113,4,4511.508,590.790
17.800,110.524,0.113,4,4512.517,591.284
17.810,110.549,0.113,4,4513.526,591.778
17.820,110.574,0.113,4,4514.534,592.272
17.830,110.598,0.112,4,4515.542,592.767
17.840,110.623,0.112,4,4516.550,593.261
17.850,110.648,0.112,4,4517.557,593.756
17.860,110.672,0.112,4,4518.564,594.251
17.870,110.697,0.112,4,4519.571,594.745
17.880,110.722,0.112,4,4520.577,595.240
17.890,110.746,0.112,4,4521.583,595.735
17.900,110.771,0.112,4,4522.588,596.230
17.910,110.796,0.112,4,4523.593,596.726
17.920,110.820,0.112,4,4524.598,597.221
17.930,110.845,0.112,4,4525.602,597.717
17.940,110.869,0.112,4,4526.606,598.212
17.950,110.894,0.112,4,4527.609,598.708
17.960,110.918,0.112,4,4528.612,599.204
17.970,110.943,0.112,4,4529.615,599.699
17.980,110.968,0.112,4,4530.618,600.196
17.990,110.992,0.112,4,4531.620,600.692
18.000,111.017,0.112,4,4532.621,601.188
18.010,111.041,0.112,4,4533.622,601.684
18.020,111.066,0.112,4,4534.623,602.181
18.030,111.090,0.112,4,4535.623,602.677
18.040,111.115,0.112,4,4536.624,603.174
18.050,111.139,0.112,4,4537.623,603.671
18.060,111.164,0.111,4,4538.622,604.168
18.070,111.188,0.111,4,4539.621,604.665
18.080,111.213,0.111,4,4540.620,605.162
18.090,111.237,0.111,4,4541.618,605.659
18.100,111.261,0.111,4,4542.616,606.156
18.110,111.286,0.111,4,4543.613,606.654
18.120,111.310,0.111,4,4544.610,607.151
18.130,111.335,0.111,4,4545.607,607.649
18.140,111.359,0.111,4,4546.603,608.147
18.150,111.383,0.111,4,4547.599,608.644
18.160,111.408,0.111,4,4548.594,609.142
18.170,111.432,0.111,4,4549.589,609.641
18.180,111.457,0.111,4,4550.584,610.139
18.190,111.481,0.111,4,4551.578,610.637
18.200,111.505,0.111,4,4552.572,611.135
18.210,111.530,0.111,4,4553.565,611.634
18.220,111.554,0.111,4,4554.559,612.133
18.230,111.578,0.111,4,4555.551,612.631
18.240,111.603,0.111,4,4556.544,613.130
18.250,111.627,0.111,4,4557.536,613.629
18.260,111.651,0.111,4,4558.527,614.128
18.270,111.675,0.111,4,4559.519,614.627
18.280,111.700,0.111,4,4560.509,615.127
18.290,111.724,0.111,4,4561.500,615.626
18.300,111.748,0.110,4,4562.490,616.126
18.310,111.772,0.110,4,4563.480,616.625
18.320,111.797,0.110,4,4564.469,617.125
18.330,111.821,0.110,4,4565.458,617.625
18.340,111.845,0.110,4,4566.447,618.125
18.350,111.869,0.110,4,4567.435,618.625
18.360,111.894,0.110,4,4568.423,619.125
18.370,111.918,0.110,4,4569.410,619.625
18.380,111.942,0.110,4,4570.397,620.126
18.390,111.966,0.110,4,4571.384,620.626
18.400,111.990,0.110,4,4572.370,621.127
18.410,112.014,0.110,4,4573.356,621.627
18.420,112.039,0.110,4,4574.341,622.128
18.430,112.063,0.110,4,4575.326,622.629
18.440,112.087,0.110,4,4576.311,623.130
18.450,112.111,0.110,4,4577.296,623.631
18.460,112.135,0.110,4,4578.280,624.132
18.470,112.159,0.110,4,4579.263,624.634
18.480,112.183,0.110,4,4580.246,625.135
18.490,112.207,0.110,4,4581.229,625.637
18.500,112.231,0.110,4,4582.212,626.138
18.510,112.255,0.110,4,4583.194,626.640
18.520,112.279,0.110,4,4584.175,627.142
18.530,112.303,0.109,4,4585.157,627.644
18.540,112.327,0.109,4,4586.138,628.146
18.550,112.351,0.109,4,4587.118,628.648
18.560,112.375,0.109,4,4588.098,629.151
18.570,112.399,0.109,4,4589.078,629.653
18.580,112.423,0.109,4,4590.058,630.156
18.590,112.447,0.109,4,4591.037,630.658
18.600,112.471,0.109,4,4592.015,631.161
18.610,112.495,0.109,4,4592.994,631.664
18.620,112.519,0.109,4,4593.972,632.167
18.630,112.543,0.109,4,4594.949,632.670
18.640,112.567,0.109,4,4595.926,633.173
18.650,112.591,0.109,4,4596.903,633.676
18.660,112.615,0.109,4,4597.879,634.180
18.670,112.639,0.109,4,4598.855,634.683
18.680,112.663,0.109,4,4599.831,635.187
18.690,112.687,0.109,4,4600.806,635.690
18.700,112.711,0.109,4,4601.781,636.194
18.710,112.734,0.109,4,4602.756,636.698
18.720,112.758,0.109,4,4603.730,637.202
18.730,112.782,0.109,4,4604.704,637.706
18.740,112.806,0.109,4,4605.677,638.211
18.750,112.830,0.109,4,4606.650,638.715
18.760,112.854,0.109,4,4607.622,639.219
18.770,112.877,0.108,4,4608.595,639.724
18.780,112.901,0.108,4,4609.567,640.229
18.790,112.925,0.108,4,4610.538,640.733
18.800,112.949,0.108,4,4611.509,641.238
18.810,112.973,0.108,4,4612.480,641.743
18.820,112.996,0.108,4,4613.450,642.248
18.830,113.020,0.108,4,4614.420,642.753
18.840,113.044,0.108,4,4615.390,643.259
18.850,113.068,0.108,4,4616.359,643.764
18.860,113.091,0.108,4,4617.328,644.270
18.870,113.115,0.108,4,4618.296,644.775
18.880,113.139,0.108,4,4619.264,645.281
18.890,113.162,0.108,4,4620.232,645.787
18.900,113.186,0.108,4,4621.199,646.293
18.910,113.210,0.108,4,4622.166,646.799
18.920,113.234,0.108,4,4623.133,647.305
18.930,113.257,0.108,4,4624.099,647.811
18.940,113.281,0.108,4,4625.065,648.318
18.950,113.305,0.108,4,4626.030,648.824
18.960,113.328,0.108,4,4626.995,649.331
18.970,113.352,0.108,4,4627.960,649.837
18.980,113.375,0.108,4,4628.924,650.344
18.990,113.399,0.108,4,4629.888,650.851
19.000,113.423,0.108,4,4630.851,651.358
19.010,113.446,0.107,4,4631.815,651.865
19.020,113.470,0.107,4,4632.777,652.372
19.030,113.493,0.107,4,4633.740,652.880
19.040,113.517,0.107,4,4634.702,653.387
19.050,113.540,0.107,4,4635.663,653.894
19.060,113.564,0.107,4,4636.625,654.402
19.070,113.588,0.107,4,4637.586,654.910
19.080,113.611,0.107,4,4638.546,655.418
19.090,113.635,0.107,4,4639.506,655.926
19.100,113.658,0.107,4,4640.466,656.434
19.110,113.682,0.107,4,4641.425,656.942
19.120,113.705,0.107,4,4642.384,657.450
19.130,113.729,0.107,4,4643.343,657.958
19.140,113.752,0.107,4,4644.301,658.467
19.150,113.775,0.107,4,4645.259,658.975
19.160,113.799,0.107,4,4646.217,659.484
19.170,113.822,0.107,4,4647.174,659.993
19.180,113.846,0.107,4,4648.131,660.502
19.190,113.869,0.107,4,4649.087,661.011
19.200,113.893,0.107,4,4650.043,661.520
19.210,113.916,0.107,4,4650.999,662.029
19.220,113.939,0.107,4,4651.954,662.538
19.230,113.963,0.107,4,4652.909,663.048
19.240,113.986,0.106,4,4653.863,663.557
19.250,114.010,0.106,4,4654.817,664.067
19.260,114.033,0.106,4,4655.771,664.577
19.270,114.056,0.106,4,4656.724,665.086
19.280,114.080,0.106,4,4657.677,665.596
19.290,114.103,0.106,4,4658.630,666.106
19.300,114.126,0.106,4,4659.582,666.616
19.310,114.150,0.106,4,4660.534,667.127
19.320,114.173,0.106,4,4661.486,667.637
19.330,114.196,0.106,4,4662.437,668.148
19.340,114.219,0.106,4,4663.388,668.658
19.350,114.243,0.106,4,4664.338,669.169
19.360,114.266,0.106,4,4665.288,669.680
19.370,114.289,0.106,4,4666.238,670.190
19.380,114.313,0.106,4,4667.187,670.701
19.390,114.336,0.106,4,4668.136,671.212
19.400,114.359,0.106,4,4669.084,671.724
19.410,114.382,0.106,4,4670.032,672.235
19.420,114.405,0.106,4,4670.980,672.746
19.430,114.429,0.106,4,4671.927,673.258
19.440,114.452,0.106,4,4672.874,673.769
19.450,114.475,0.106,4,4673.821,674.281
19.460,114.498,0.106,4,4674.767,674.793
19.470,114.521,0.106,4,4675.713,675.305
19.480,114.545,0.105,4,4676.659,675.817
19.490,114.568,0.105,4,4677.604,676.329
19.500,114.591,0.105,4,4678.549,676.841
19.510,114.614,0.105,4,4679.493,677.353
19.520,114.637,0.105,4,4680.437,677.866
19.530,114.660,0.105,4,4681.381,678.378
19.540,114.683,0.105,4,4682.324,678.891
19.550,114.706,0.105,4,4683.267,679.404
19.560,114.729,0.105,4,4684.209,679.917
19.570,114.753,0.105,4,4685.152,680.429
19.580,114.776,0.105,4,4686.093,680.943
19.590,114.799,0.105,4,4687.035,681.456
19.600,114.822,0.105,4,4687.976,681.969
19.610,114.845,0.105,4,4688.916,682.482
19.620,114.868,0.105,4,4689.857,682.996
19.630,114.891,0.105,4,4690.797,683.509
19.640,114.914,0.105,4,4691.736,684.023
19.650,114.937,0.105,4,4692.675,684.537
19.660,114.960,0.105,4,4693.614,685.051
19.670,114.983,0.105,4,4694.553,685.565
19.680,115.006,0.105,4,4695.491,686.079
19.690,115.029,0.105,4,4696.428,686.593
19.700,115.052,0.105,4,4697.366,687.107
19.710,115.075,0.105,4,4698.303,687.621
19.720,115.098,0.104,4,4699.239,688.136
19.730,115.121,0.104,4,4700.175,688.650
19.740,115.143,0.104,4,4701.111,689.165
19.750,115.166,0.104,4,4702.047,689.680
19.760,115.189,0.104,4,4702.982,690.195
19.770,115.212,0.104,4,4703.916,690.710
19.780,115.235,0.104,4,4704.851,691.225
19.790,115.258,0.104,4,4705.785,691.740
19.800,115.281,0.104,4,4706.718,692.255
19.810,115.304,0.104,4,4707.651,692.771
19.820,115.326,0.104,4,4708.584,693.286
19.830,115.349,0.104,4,4709.517,693.802
19.840,115.372,0.104,4,4710.449,694.318
19.850,115.395,0.104,4,4711.381,694.833
19.860,115.418,0.104,4,4712.312,695.349
19.870,115.441,0.104,4,4713.243,695.865
19.880,115.463,0.104,4,4714.174,696.381
19.890,115.486,0.104,4,4715.104,696.898
19.900,115.509,0.104,4,4716.034,697.414
19.910,115.532,0.104,4,4716.963,697.930
19.920,115.554,0.104,4,4717.892,698.447
19.930,115.577,0.104,4,4718.821,698.964
19.940,115.600,0.104,4,4719.750,699.480
19.950,115.623,0.104,4,4720.678,699.997
19.960,115.645,0.103,4,4721.605,700.514
19.970,115.668,0.103,4,4722.533,701.031
19.980,115.691,0.103,4,4723.460,701.548
19.990,115.714,0.103,4,4724.386,702.065
20.000,115.736,0.103,4,4725.312,702.583
20.010,115.759,0.103,4,4726.238,703.100
20.020,115.782,0.103,4,4727.164,703.618
20.030,115.804,0.103,4,4728.089,704.135
20.040,115.827,0.103,4,4729.013,704.653
20.050,115.849,0.103,4,4729.938,705.171
20.060,115.872,0.103,4,4730.862,705.689
20.070,115.895,0.103,4,4731.785,706.207
20.080,115.917,0.103,4,4732.708,706.725
20.090,115.940,0.103,4,4733.631,707.243
20.100,115.963,0.103,4,4734.554,707.762
20.110,115.985,0.103,4,4735.476,708.280
20.120,116.008,0.103,4,4736.398,708.799
20.130,116.030,0.103,4,4737.319,709.317
20.140,116.053,0.103,4,4738.240,709.836
20.150,116.075,0.103,4,4739.161,710.355
20.160,116.098,0.103,4,4740.081,710.874
20.170,116.120,0.103,4,4741.001,711.393
20.180,116.143,0.103,4,4741.920,711.912
20.190,116.165,0.103,4,4742.840,712.431
20.200,116.188,0.103,4,4743.758,712.951
20.210,116.210,0.102,4,4744.677,713.470
20.220,116.233,0.102,4,4745.595,713.990
20.230,116.255,0.102,4,4746.513,714.509
20.240,116.278,0.102,4,4747.430,715.029
20.250,116.300,0.102,4,4748.347,715.549
20.260,116.323,0.102,4,4749.263,716.069
20.270,116.345,0.102,4,4750.180,716.589
20.280,116.368,0.102,4,4751.095,717.109
20.290,116.390,0.102,4,4752.011,717.629
20.300,116.413,0.102,4,4752.926,718.150
20.310,116.435,0.102,4,4753.841,718.670
20.320,116.457,0.102,4,4754.755,719.191
20.330,116.480,0.102,4,4755.669,719.712
20.340,116.502,0.102,4,4756.583,720.232
20.350,116.524,0.102,4,4757.496,720.753
20.360,116.547,0.102,4,4758.409,721.274
20.370,116.569,0.102,4,4759.322,721.795
20.380,116.592,0.064,4,4760.234,722.316
20.390,116.606,0.064,4,4760.812,722.838
20.400,116.620,0.064,4,4761.389,723.359
20.410,116.634,0.064,4,4761.967,723.880
20.420,116.648,0.064,4,4762.544,724.402
20.430,116.662,0.064,4,4763.121,724.923
20.440,116.676,0.064,4,4763.698,725.445
20.450,116.690,0.064,4,4764.274,725.966
20.460,116.705,0.064,4,4764.850,726.488
20.470,116.719,0.064,4,4765.426,727.010
20.480,116.733,0.064,4,4766.002,727.532
20.490,116.747,0.064,4,4766.578,728.053
20.500,116.761,0.064,4,4767.153,728.575
20.510,116.775,0.064,4,4767.728,729.097
20.520,116.789,0.064,4,4768.303,729.619
20.530,116.803,0.064,4,4768.878,730.142
20.540,116.817,0.064,4,4769.452,730.664
20.550,116.831,0.064,4,4770.026,731.186
20.560,116.845,0.064,4,4770.600,731.708
20.570,116.859,0.064,4,4771.174,732.231
20.580,116.874,0.064,4,4771.747,732.753
20.590,116.888,0.064,4,4772.321,733.276
20.600,116.902,0.064,4,4772.894,733.798
20.610,116.916,0.064,4,4773.466,734.321
20.620,116.930,0.064,4,4774.039,734.844
20.630,116.944,0.064,4,4774.611,735.366
20.640,116.958,0.064,4,4775.183,735.889
20.650,116.972,0.064,4,4775.755,736.412
20.660,116.986,0.064,4,4776.327,736.935
20.670,117.000,0.064,4,4776.898,737.458
20.680,117.014,0.064,4,4777.469,737.981
20.690,117.028,0.064,4,4778.040,738.504
20.700,117.042,0.064,4,4778.611,739.027
20.710,117.056,0.064,4,4779.182,739.551
20.720,117.070,0.064,4,4779.752,740.074
20.730,117.084,0.064,4,4780.322,740.597
20.740,117.098,0.064,4,4780.892,741.121
20.750,117.111,0.064,4,4781.461,741.644
20.760,117.125,0.064,4,4782.031,742.168
20.770,117.139,0.063,4,4782.600,742.691
20.780,117.153,0.063,4,4783.168,743.215
20.790,117.167,0.063,4,4783.737,743.739
20.800,117.181,0.063,4,4784.306,744.263
20.810,117.195,0.063,4,4784.874,744.787
20.820,117.209,0.063,4,4785.442,745.310
20.830,117.223,0.063,4,4786.009,745.834
20.840,117.237,0.063,4,4786.577,746.359
20.850,117.251,0.063,4,4787.144,746.883
20.860,117.265,0.063,4,4787.711,747.407
20.870,117.278,0.063,4,4788.278,747.931
20.880,117.292,0.063,4,4788.845,748.455
20.890,117.306,0.063,4,4789.411,748.980
20.900,117.320,0.063,4,4789.977,749.504
20.910,117.334,0.063,4,4790.543,750.029
20.920,117.348,0.063,4,4791.109,750.553
20.930,117.362,0.063,4,4791.674,751.078
20.940,117.375,0.063,4,4792.239,751.603
20.950,117.389,0.063,4,4792.804,752.127
20.960,117.403,0.063,4,4793.369,752.652
20.970,117.417,0.063,4,4793.933,753.177
20.980,117.431,0.063,4,4794.498,753.702
20.990,117.445,0.063,4,4795.062,754.227
21.000,117.458,0.063,4,4795.625,754.752
21.010,117.472,0.063,4,4796.189,755.277
21.020,117.486,0.063,4,4796.752,755.802
21.030,117.500,0.063,4,4797.316,756.327
21.040,117.514,0.063,4,4797.879,756.853
21.050,117.527,0.063,4,4798.441,757.378
21.060,117.541,0.063,4,4799.004,757.904
21.070,117.555,0.063,4,4799.566,758.429
21.080,117.569,0.063,4,4800.128,758.955
21.090,117.582,0.063,4,4800.690,759.480
21.100,117.596,0.063,4,4801.251,760.006
21.110,117.610,0.063,4,4801.812,760.532
21.120,117.624,0.063,4,4802.374,761.057
21.130,117.637,0.063,4,4802.934,761.583
21.140,117.651,0.063,4,4803.495,762.109
21.150,117.665,0.063,4,4804.055,762.635
21.160,117.679,0.062,4,4804.616,763.161
21.170,117.692,0.062,4,4805.176,763.687
21.180,117.706,0.062,4,4805.735,764.213
21.190,117.720,0.062,4,4806.295,764.740
21.200,117.733,0.062,4,4806.854,765.266
21.210,117.747,0.062,4,4807.413,765.792
21.220,117.761,0.062,4,4807.972,766.319
21.230,117.774,0.062,4,4808.531,766.845
21.240,117.788,0.062,4,4809.089,767.372
21.250,117.802,0.062,4,4809.647,767.898
21.260,117.815,0.062,4,4810.205,768.425
21.270,117.829,0.062,4,4810.763,768.952
21.280,117.843,0.062,4,4811.320,769.478
21.290,117.856,0.062,4,4811.877,770.005
21.300,117.870,0.062,4,4812.434,770.532
21.310,117.884,0.062,4,4812.991,771.059
21.320,117.897,0.062,4,4813.548,771.586
21.330,117.911,0.062,4,4814.104,772.113
21.340,117.925,0.062,4,4814.660,772.640
21.350,117.938,0.062,4,4815.216,773.168
21.360,117.952,0.062,4,4815.771,773.695
21.370,117.965,0.062,4,4816.327,774.222
21.380,117.979,0.062,4,4816.882,774.750
21.390,117.993,0.062,4,4817.437,775.277
21.400,118.006,0.062,4,4817.992,775.804
21.410,118.020,0.062,4,4818.546,776.332
21.420,118.033,0.062,4,4819.101,776.860
21.430,118.047,0.062,4,4819.655,777.387
21.440,118.060,0.062,4,4820.208,777.915
21.450,118.074,0.062,4,4820.762,778.443
21.460,118.088,0.062,4,4821.315,778.971
21.470,118.101,0.062,4,4821.869,779.499
21.480,118.115,0.062,4,4822.422,780.027
21.490,118.128,0.062,4,4822.974,780.555
21.500,118.142,0.062,4,4823.527,781.083
21.510,118.155,0.062,4,4824.079,781.611
21.520,118.169,0.062,4,4824.631,782.139
21.530,118.182,0.062,4,4825.183,782.668
21.540,118.196,0.062,4,4825.734,783.196
21.550,118.209,0.062,4,4826.286,783.724
21.560,118.223,0.061,4,4826.837,784.253
21.570,118.236,0.061,4,4827.388,784.781
21.580,118.250,0.061,4,4827.938,785.310
21.590,118.263,0.061,4,4828.489,785.839
21.600,118.277,0.061,4,4829.039,786.367
21.610,118.290,0.061,4,4829.589,786.896
21.620,118.304,0.061,4,4830.139,787.425
21.630,118.317,0.061,4,4830.689,787.954
21.640,118.331,0.061,4,4831.238,788.483
21.650,118.344,0.061,4,4831.787,789.012
21.660,118.358,0.061,4,4832.336,789.541
21.670,118.371,0.061,4,4832.884,790.070
21.680,118.384,0.061,4,4833.433,790.599
21.690,118.398,0.061,4,4833.981,791.128
21.700,118.411,0.061,4,4834.529,791.658
21.710,118.425,0.061,4,4835.077,792.187
21.720,118.438,0.061,4,4835.624,792.717
21.730,118.451,0.061,4,4836.172,793.246
21.740,118.465,0.061,4,4836.719,793.776
21.750,118.478,0.061,4,4837.266,794.305
21.760,118.492,0.061,4,4837.812,794.835
21.770,118.505,0.061,4,4838.359,795.365
21.780,118.518,0.061,4,4838.905,795.894
21.790,118.532,0.061,4,4839.451,796.424
21.800,118.545,0.061,4,4839.997,796.954
21.810,118.559,0.061,4,4840.542,797.484
21.820,118.572,0.061,4,4841.088,798.014
21.830,118.585,0.061,4,4841.633,798.544
21.840,118.599,0.061,4,4842.178,799.074
21.850,118.612,0.061,4,4842.722,799.605
21.860,118.625,0.061,4,4843.267,800.135
21.870,118.639,0.061,4,4843.811,800.665
21.880,118.652,0.061,4,4844.355,801.196
21.890,118.665,0.061,4,4844.898,801.726
21.900,118.679,0.061,4,4845.442,802.257
21.910,118.692,0.061,4,4845.985,802.787
21.920,118.705,0.061,4,4846.528,803.318
21.930,118.718,0.061,4,4847.071,803.848
21.940,118.732,0.061,4,4847.614,804.379
21.950,118.745,0.061,4,4848.156,804.910
21.960,118.758,0.060,4,4848.698,805.441
21.970,118.772,0.060,4,4849.240,805.972
21.980,118.785,0.060,4,4849.782,806.503
21.990,118.798,0.060,4,4850.324,807.034
22.000,118.811,0.060,4,4850.865,807.565
22.010,118.825,0.060,4,4851.406,808.096
22.020,118.838,0.060,4,4851.947,808.627
22.030,118.851,0.060,4,4852.488,809.159
22.040,118.864,0.060,4,4853.028,809.690
22.050,118.878,0.060,4,4853.568,810.221
22.060,118.891,0.060,4,4854.108,810.753
22.070,118.904,0.060,4,4854.648,811.284
22.080,118.917,0.060,4,4855.187,811.816
22.090,118.930,0.060,4,4855.727,812.348
22.100,118.944,0.060,4,4856.266,812.879
22.110,118.957,0.060,4,4856.805,813.411
22.120,118.970,0.060,4,4857.343,813.943
22.130,118.983,0.060,4,4857.882,814.475
22.140,118.996,0.060,4,4858.420,815.007
22.150,119.010,0.060,4,4858.958,815.539
22.160,119.023,0.060,4,4859.496,816.071
22.170,119.036,0.060,4,4860.033,816.603
22.180,119.049,0.060,4,4860.571,817.135
22.190,119.062,0.060,4,4861.108,817.667
22.200,119.075,0.060,4,4861.645,818.199
22.210,119.089,0.060,4,4862.181,818.732
22.220,119.102,0.060,4,4862.718,819.264
22.230,119.115,0.060,4,4863.254,819.797
22.240,119.128,0.060,4,4863.790,820.329
22.250,119.141,0.060,4,4864.326,820.862
22.260,119.154,0.060,4,4864.861,821.394
22.270,119.167,0.060,4,4865.397,821.927
22.280,119.180,0.060,4,4865.932,822.460
22.290,119.193,0.060,4,4866.467,822.993
22.300,119.207,0.060,4,4867.001,823.525
22.310,119.220,0.060,4,4867.536,824.058
22.320,119.233,0.060,4,4868.070,824.591
22.330,119.246,0.060,4,4868.604,825.124
22.340,119.259,0.060,4,4869.138,825.658
22.350,119.272,0.060,4,4869.671,826.191
22.360,119.285,0.060,4,4870.205,826.724
22.370,119.298,0.059,4,4870.738,827.257
22.380,119.311,0.059,4,4871.271,827.791
22.390,119.324,0.059,4,4871.803,828.324
22.400,119.337,0.059,4,4872.336,828.857
22.410,119.350,0.059,4,4872.868,829.391
22.420,119.363,0.059,4,4873.400,829.925
22.430,119.376,0.059,4,4873.932,830.458
22.440,119.389,0.059,4,4874.464,830.992
22.450,119.402,0.059,4,4874.995,831.526
22.460,119.415,0.059,4,4875.526,832.059
22.470,119.428,0.059,4,4876.057,832.593
22.480,119.441,0.059,4,4876.588,833.127
22.490,119.454,0.059,4,4877.118,833.661
22.500,119.467,0.059,4,4877.649,834.195
22.510,119.480,0.059,4,4878.179,834.729
22.520,119.493,0.059,4,4878.709,835.263
22.530,119.506,0.059,4,4879.238,835.798
22.540,119.519,0.059,4,4879.768,836.332
22.550,119.532,0.059,4,4880.297,836.866
22.560,119.545,0.059,4,4880.826,837.401
22.570,119.558,0.059,4,4881.355,837.935
22.580,119.571,0.059,4,4881.883,838.470
22.590,119.584,0.059,4,4882.411,839.004
22.600,119.597,0.059,4,4882.940,839.539
22.610,119.610,0.059,4,4883.467,840.073
22.620,119.623,0.059,4,4883.995,840.608
22.630,119.636,0.059,4,4884.523,841.143
22.640,119.649,0.059,4,4885.050,841.678
22.650,119.662,0.059,4,4885.577,842.213
22.660,119.674,0.059,4,4886.104,842.748
22.670,119.687,0.059,4,4886.630,843.283
22.680,119.700,0.059,4,4887.157,843.818
22.690,119.713,0.059,4,4887.683,844.353
22.700,119.726,0.059,4,4888.209,844.888
22.710,119.739,0.059,4,4888.734,845.423
22.720,119.752,0.059,4,4889.260,845.959
22.730,119.765,0.059,4,4889.785,846.494
22.740,119.777,0.059,4,4890.310,847.029
22.750,119.790,0.059,4,4890.835,847.565
22.760,119.803,0.059,4,4891.360,848.100
22.770,119.816,0.059,4,4891.884,848.636
22.780,119.829,0.058,4,4892.408,849.172
22.790,119.842,0.058,4,4892.932,849.707
22.800,119.855,0.058,4,4893.456,850.243
22.810,119.867,0.058,4,4893.980,850.779
22.820,119.880,0.058,4,4894.503,851.315
22.830,119.893,0.058,4,4895.026,851.851
22.840,119.906,0.058,4,4895.549,852.387
22.850,119.919,0.058,4,4896.072,852.923
22.860,119.931,0.058,4,4896.594,853.459
22.870,119.944,0.058,4,4897.116,853.995
22.880,119.957,0.058,4,4897.638,854.531
22.890,119.970,0.058,4,4898.160,855.068
22.900,119.983,0.058,4,4898.682,855.604
22.910,119.995,0.058,4,4899.203,856.140
22.920,120.008,0.058,4,4899.724,856.677
22.930,120.021,0.058,4,4900.245,857.213
22.940,120.034,0.058,4,4900.766,857.750
22.950,120.046,0.058,4,4901.287,858.287
22.960,120.059,0.058,4,4901.807,858.823
22.970,120.072,0.058,4,4902.327,859.360
22.980,120.085,0.058,4,4902.847,859.897
22.990,120.097,0.058,4,4903.366,860.434
23.000,120.110,0.058,4,4903.886,860.971
23.010,120.123,0.058,4,4904.405,861.508
23.020,120.135,0.058,4,4904.924,862.045
23.030,120.148,0.058,4,4905.443,862.582
23.040,120.161,0.058,4,4905.962,863.119
23.050,120.174,0.058,4,4906.480,863.656
23.060,120.186,0.058,4,4906.998,864.193
23.070,120.199,0.058,4,4907.516,864.731
23.080,120.212,0.058,4,4908.034,865.268
23.090,120.224,0.058,4,4908.551,865.805
23.100,120.237,0.058,4,4909.069,866.343
23.110,120.250,0.058,4,4909.586,866.880
23.120,120.262,0.058,4,4910.102,867.418
23.130,120.275,0.058,4,4910.619,867.956
23.140,120.288,0.058,4,4911.136,868.493
23.150,120.300,0.058,4,4911.652,869.031
23.160,120.313,0.058,4,4912.168,869.569
23.170,120.325,0.058,4,4912.684,870.107
23.180,120.338,0.058,4,4913.199,870.645
23.190,120.351,0.057,4,4913.715,871.183
23.200,120.363,0.057,4,4914.230,871.721
23.210,120.376,0.057,4,4914.745,872.259
23.220,120.389,0.057,4,4915.259,872.797
23.230,120.401,0.057,4,4915.774,873.335
23.240,120.414,0.057,4,4916.288,873.873
23.250,120.426,0.057,4,4916.802,874.412
23.260,120.439,0.057,4,4917.316,874.950
23.270,120.452,0.057,4,4917.830,875.489
23.280,120.464,0.057,4,4918.343,876.027
23.290,120.477,0.057,4,4918.856,876.566
23.300,120.489,0.057,4,4919.369,877.104
23.310,120.502,0.057,4,4919.882,877.643
23.320,120.514,0.057,4,4920.395,878.182
23.330,120.527,0.057,4,4920.907,878.720
23.340,120.539,0.057,4,4921.419,879.259
23.350,120.552,0.057,4,4921.931,879.798
23.360,120.564,0.057,4,4922.443,880.337
23.370,120.577,0.057,4,4922.955,880.876
23.380,120.590,0.057,4,4923.466,881.415
23.390,120.602,0.057,4,4923.977,881.954
23.400,120.615,0.057,4,4924.488,882.493
23.410,120.627,0.057,4,4924.999,883.033
23.420,120.640,0.057,4,4925.509,883.572
23.430,120.652,0.057,4,4926.019,884.111
23.440,120.665,0.057,4,4926.529,884.651
23.450,120.677,0.057,4,4927.039,885.190
23.460,120.690,0.057,4,4927.549,885.730
23.470,120.702,0.057,4,4928.058,886.269
23.480,120.714,0.057,4,4928.567,886.809
23.490,120.727,0.057,4,4929.076,887.348
23.500,120.739,0.057,4,4929.585,887.888
23.510,120.752,0.057,4,4930.094,888.428
23.520,120.764,0.057,4,4930.602,888.968
23.530,120.777,0.057,4,4931.110,889.508
23.540,120.789,0.057,4,4931.618,890.048
23.550,120.802,0.057,4,4932.126,890.588
23.560,120.814,0.057,4,4932.633,891.128
23.570,120.827,0.057,4,4933.140,891.668
23.580,120.839,0.057,4,4933.648,892.208
23.590,120.851,0.057,4,4934.154,892.748
23.600,120.864,0.057,4,4934.661,893.288
23.610,120.876,0.057,4,4935.167,893.829
23.620,120.889,0.056,4,4935.674,894.369
23.630,120.901,0.056,4,4936.180,894.910
23.640,120.913,0.056,4,4936.686,895.450
23.650,120.926,0.056,4,4937.191,895.991
23.660,120.938,0.056,4,4937.696,896.531
23.670,120.950,0.056,4,4938.202,897.072
23.680,120.963,0.056,4,4938.707,897.613
23.690,120.975,0.056,4,4939.211,898.153
23.700,120.988,0.056,4,4939.716,898.694
23.710,121.000,0.056,4,4940.220,899.235
23.720,121.012,0.056,4,4940.724,899.776
23.730,121.025,0.056,4,4941.228,900.317
23.740,121.037,0.056,4,4941.732,900.858
23.750,121.049,0.056,4,4942.235,901.399
23.760,121.062,0.056,4,4942.739,901.940
23.770,121.074,0.056,4,4943.242,902.482
23.780,121.086,0.056,4,4943.745,903.023
23.790,121.099,0.056,4,4944.247,903.564
23.800,121.111,0.056,4,4944.750,904.106
23.810,121.123,0.056,4,4945.252,904.647
23.820,121.135,0.056,4,4945.754,905.189
23.830,121.148,0.056,4,4946.256,905.730
23.840,121.160,0.056,4,4946.757,906.272
23.850,121.172,0.056,4,4947.259,906.813
23.860,121.185,0.056,4,4947.760,907.355
23.870,121.197,0.056,4,4948.261,907.897
23.880,121.209,0.056,4,4948.762,908.439
23.890,121.221,0.056,4,4949.262,908.981
23.900,121.234,0.056,4,4949.763,909.522
23.910,121.246,0.056,4,4950.263,910.064
23.920,121.258,0.056,4,4950.763,910.607
23.930,121.270,0.056,4,4951.262,911.149
23.940,121.283,0.056,4,4951.762,911.691
23.950,121.295,0.056,4,4952.261,912.233
23.960,121.307,0.056,4,4952.760,912.775
23.970,121.319,0.056,4,4953.259,913.318
23.980,121.331,0.056,4,4953.758,913.860
23.990,121.344,0.056,4,4954.256,914.402
24.000,121.356,0.056,4,4954.754,914.945
24.010,121.368,0.056,4,4955.252,915.487
24.020,121.380,0.056,4,4955.750,916.030
24.030,121.392,0.056,4,4956.248,916.573
24.040,121.405,0.055,4,4956.745,917.115
24.050,121.417,0.055,4,4957.243,917.658
24.060,121.429,0.055,4,4957.740,918.201
24.070,121.441,0.055,4,4958.236,918.744
24.080,121.453,0.055,4,4958.733,919.287
24.090,121.465,0.055,4,4959.229,919.830
24.100,121.478,0.055,4,4959.725,920.373
24.110,121.490,0.055,4,4960.221,920.916
24.120,121.502,0.055,4,4960.717,921.459
24.130,121.514,0.055,4,4961.213,922.002
24.140,121.526,0.055,4,4961.708,922.545
24.150,121.538,0.055,4,4962.203,923.089
24.160,121.550,0.055,4,4962.698,923.632
24.170,121.563,0.055,4,4963.193,924.175
24.180,121.575,0.055,4,4963.687,924.719
24.190,121.587,0.055,4,4964.182,925.262
24.200,121.599,0.055,4,4964.676,925.806
24.210,121.611,0.055,4,4965.170,926.350
24.220,121.623,0.055,4,4965.663,926.893
24.230,121.635,0.055,4,4966.157,927.437
24.240,121.647,0.055,4,4966.650,927.981
24.250,121.659,0.055,4,4967.143,928.525
24.260,121.671,0.055,4,4967.636,929.068
24.270,121.683,0.055,4,4968.128,929.612
24.280,121.696,0.055,4,4968.621,930.156
24.290,121.708,0.055,4,4969.113,930.700
24.300,121.720,0.055,4,4969.605,931.245
24.310,121.732,0.055,4,4970.097,931.789
24.320,121.744,0.055,4,4970.589,932.333
24.330,121.756,0.055,4,4971.080,932.877
24.340,121.768,0.055,4,4971.571,933.422
24.350,121.780,0.055,4,4972.062,933.966
24.360,121.792,0.055,4,4972.553,934.510
24.370,121.804,0.055,4,4973.044,935.055
24.380,121.816,0.055,4,4973.534,935.599
24.390,121.828,0.055,4,4974.024,936.144
24.400,121.840,0.055,4,4974.514,936.689
24.410,121.852,0.055,4,4975.004,937.233
24.420,121.864,0.055,4,4975.493,937.778
24.430,121.876,0.055,4,4975.983,938.323
24.440,121.888,0.055,4,4976.472,938.868
24.450,121.900,0.055,4,4976.961,939.413
24.460,121.912,0.055,4,4977.449,939.958
24.470,121.924,0.055,4,4977.938,940.503
24.480,121.936,0.054,4,4978.426,941.048
24.490,121.948,0.054,4,4978.914,941.593
24.500,121.960,0.054,4,4979.402,942.138
24.510,121.972,0.054,4,4979.890,942.683
24.520,121.983,0.054,4,4980.377,943.228
24.530,121.995,0.054,4,4980.865,943.774
24.540,122.007,0.054,4,4981.352,944.319
24.550,122.019,0.054,4,4981.839,944.865
24.560,122.031,0.054,4,4982.325,945.410
24.570,122.043,0.054,4,4982.812,945.956
24.580,122.055,0.054,4,4983.298,946.501
24.590,122.067,0.054,4,4983.784,947.047
24.600,122.079,0.054,4,4984.270,947.593
24.610,122.091,0.054,4,4984.756,948.138
24.620,122.103,0.054,4,4985.241,948.684
24.630,122.114,0.054,4,4985.726,949.230
24.640,122.126,0.054,4,4986.211,949.776
24.650,122.138,0.054,4,4986.696,950.322
24.660,122.150,0.054,4,4987.181,950.868
24.670,122.162,0.054,4,4987.665,951.414
24.680,122.174,0.054,4,4988.149,951.960
24.690,122.186,0.054,4,4988.633,952.507
24.700,122.198,0.054,4,4989.117,953.053
24.710,122.209,0.054,4,4989.601,953.599
24.720,122.221,0.054,4,4990.084,954.145
24.730,122.233,0.054,4,4990.567,954.692
24.740,122.245,0.054,4,4991.050,955.238
24.750,122.257,0.054,4,4991.533,955.785
24.760,122.269,0.054,4,4992.016,956.331
24.770,122.280,0.054,4,4992.498,956.878
24.780,122.292,0.054,4,4992.980,957.425
24.790,122.304,0.054,4,4993.462,957.971
24.800,122.316,0.054,4,4993.944,958.518
24.810,122.328,0.054,4,4994.426,959.065
24.820,122.339,0.054,4,4994.907,959.612
24.830,122.351,0.054,4,4995.388,960.159
24.840,122.363,0.054,4,4995.869,960.706
24.850,122.375,0.054,4,4996.350,961.253
24.860,122.386,0.054,4,4996.830,961.800
24.870,122.398,0.054,4,4997.311,962.347
24.880,122.410,0.054,4,4997.791,962.894
24.890,122.422,0.054,4,4998.271,963.441
24.900,122.433,0.054,4,4998.751,963.989
24.910,122.445,0.054,4,4999.230,964.536
24.920,122.457,0.053,4,4999.710,965.083
24.930,122.469,0.053,4,5000.189,965.631
24.940,122.480,0.053,4,5000.668,966.178
24.950,122.492,0.053,4,5001.146,966.726
24.960,122.504,0.053,4,5001.625,967.274
24.970,122.516,0.053,4,5002.103,967.821
24.980,122.527,0.053,4,5002.581,968.369
24.990,122.539,0.053,4,5003.059,968.917
25.000,122.551,0.053,4,5003.537,969.465
25.010,122.562,0.053,4,5004.014,970.012
25.020,122.574,0.053,4,5004.492,970.560
25.030,122.586,0.053,4,5004.969,971.108
25.040,122.597,0.053,4,5005.446,971.656
25.050,122.609,0.053,4,5005.922,972.205
25.060,122.621,0.053,4,5006.399,972.753
25.070,122.632,0.053,4,5006.875,973.301
25.080,122.644,0.053,4,5007.351,973.849
25.090,122.656,0.053,4,5007.827,974.397
25.100,122.667,0.053,4,5008.303,974.946
25.110,122.679,0.053,4,5008.778,975.494
25.120,122.691,0.053,4,5009.254,976.043
25.130,122.702,0.053,4,5009.729,976.591
25.140,122.714,0.053,4,5010.204,977.140
25.150,122.726,0.053,4,5010.678,977.688
25.160,122.737,0.053,4,5011.153,978.237
25.170,122.749,0.053,4,5011.627,978.786
25.180,122.760,0.053,4,5012.101,979.334
25.190,122.772,0.053,4,5012.575,979.883
25.200,122.784,0.053,4,5013.049,980.432
25.210,122.795,0.053,4,5013.522,980.981
25.220,122.807,0.053,4,5013.996,981.530
25.230,122.818,0.053,4,5014.469,982.079
25.240,122.830,0.053,4,5014.942,982.628
25.250,122.842,0.053,4,5015.414,983.177
25.260,122.853,0.053,4,5015.887,983.726
25.270,122.865,0.053,4,5016.359,984.276
25.280,122.876,0.053,4,5016.831,984.825
25.290,122.888,0.053,4,5017.303,985.374
25.300,122.899,0.053,4,5017.775,985.924
25.310,122.911,0.053,4,5018.246,986.473
25.320,122.923,0.053,4,5018.718,987.022
25.330,122.934,0.053,4,5019.189,987.572
25.340,122.946,0.053,4,5019.660,988.122
25.350,122.957,0.053,4,5020.130,988.671
25.360,122.969,0.052,4,5020.601,989.221
25.370,122.980,0.052,4,5021.071,989.771
25.380,122.992,0.052,4,5021.541,990.320
25.390,123.003,0.052,4,5022.011,990.870
25.400,123.015,0.052,4,5022.481,991.420
25.410,123.026,0.052,4,5022.950,991.970
25.420,123.038,0.052,4,5023.419,992.520
25.430,123.049,0.052,4,5023.889,993.070
25.440,123.061,0.052,4,5024.357,993.620
25.450,123.072,0.052,4,5024.826,994.170
25.460,123.084,0.052,4,5025.295,994.721
25.470,123.095,0.052,4,5025.763,995.271
25.480,123.107,0.052,4,5026.231,995.821
25.490,123.118,0.052,4,5026.699,996.372
25.500,123.129,0.052,4,5027.167,996.922
25.510,123.141,0.052,4,5027.634,997.472
25.520,123.152,0.052,4,5028.101,998.023
25.530,123.164,0.052,4,5028.569,998.574
25.540,123.175,0.052,4,5029.035,999.124
25.550,123.187,0.052,4,5029.502,999.675
25.560,123.198,0.052,4,5029.969,1000.226
25.570,123.210,0.052,4,5030.435,1000.776
25.580,123.221,0.052,4,5030.901,1001.327
25.590,123.232,0.052,4,5031.367,1001.878
25.600,123.244,0.052,4,5031.833,1002.429
25.610,123.255,0.052,4,5032.298,1002.980
25.620,123.267,0.052,4,5032.764,1003.531
25.630,123.278,0.052,4,5033.229,1004.082
25.640,123.289,0.052,4,5033.694,1004.633
25.650,123.301,0.052,4,5034.158,1005.184
25.660,123.312,0.052,4,5034.623,1005.736
25.670,123.323,0.052,4,5035.087,1006.287
25.680,123.335,0.052,4,5035.551,1006.838
25.690,123.346,0.052,4,5036.015,1007.390
25.700,123.358,0.052,4,5036.479,1007.941
25.710,123.369,0.052,4,5036.943,1008.492
25.720,123.380,0.052,4,5037.406,1009.044
25.730,123.392,0.052,4,5037.869,1009.596
25.740,123.403,0.052,4,5038.332,1010.147
25.750,123.414,0.052,4,5038.795,1010.699
25.760,123.426,0.052,4,5039.257,1011.251
25.770,123.437,0.052,4,5039.720,1011.802
25.780,123.448,0.052,4,5040.182,1012.354
25.790,123.460,0.052,4,5040.644,1012.906
25.800,123.471,0.052,4,5041.106,1013.458
25.810,123.482,0.051,4,5041.567,1014.010
25.820,123.493,0.051,4,5042.029,1014.562
25.830,123.505,0.051,4,5042.490,1015.114
25.840,123.516,0.051,4,5042.951,1015.666
25.850,123.527,0.051,4,5043.411,1016.219
25.860,123.539,0.051,4,5043.872,1016.771
25.870,123.550,0.051,4,5044.332,1017.323
25.880,123.561,0.051,4,5044.793,1017.875
25.890,123.572,0.051,4,5045.253,1018.428
25.900,123.584,0.051,4,5045.712,1018.980
25.910,123.595,0.051,4,5046.172,1019.533
25.920,123.606,0.051,4,5046.631,1020.085
25.930,123.617,0.051,4,5047.091,1020.638
25.940,123.629,0.051,4,5047.550,1021.191
25.950,123.640,0.051,4,5048.009,1021.743
25.960,123.651,0.051,4,5048.467,1022.296
25.970,123.662,0.051,4,5048.926,1022.849
25.980,123.674,0.051,4,5049.384,1023.402
25.990,123.685,0.051,4,5049.842,1023.954
26.000,123.696,0.051,4,5050.300,1024.507
26.010,123.707,0.051,4,5050.757,1025.060
26.020,123.718,0.051,4,5051.215,1025.613
26.030,123.730,0.051,4,5051.672,1026.167
26.040,123.741,0.051,4,5052.129,1026.720
26.050,123.752,0.051,4,5052.586,1027.273
26.060,123.763,0.051,4,5053.043,1027.826
26.070,123.774,0.051,4,5053.499,1028.379
26.080,123.786,0.051,4,5053.955,1028.933
26.090,123.797,0.051,4,5054.412,1029.486
26.100,123.808,0.051,4,5054.867,1030.040
26.110,123.819,0.051,4,5055.323,1030.593
26.120,123.830,0.051,4,5055.779,1031.147
26.130,123.841,0.051,4,5056.234,1031.700
26.140,123.853,0.051,4,5056.689,1032.254
26.150,123.864,0.051,4,5057.144,1032.808
26.160,123.875,0.051,4,5057.599,1033.361
26.170,123.886,0.051,4,5058.053,1033.915
26.180,123.897,0.051,4,5058.508,1034.469
26.190,123.908,0.051,4,5058.962,1035.023
26.200,123.919,0.051,4,5059.416,1035.577
26.210,123.930,0.051,4,5059.869,1036.131
26.220,123.942,0.051,4,5060.323,1036.685
26.230,123.953,0.051,4,5060.776,1037.239
26.240,123.964,0.051,4,5061.230,1037.793
26.250,123.975,0.051,4,5061.683,1038.347
26.260,123.986,0.051,4,5062.135,1038.902
26.270,123.997,0.050,4,5062.588,1039.456
26.280,124.008,0.050,4,5063.040,1040.010
26.290,124.019,0.050,4,5063.493,1040.565
26.300,124.030,0.050,4,5063.945,1041.119
26.310,124.041,0.050,4,5064.396,1041.673
26.320,124.052,0.050,4,5064.848,1042.228
26.330,124.063,0.050,4,5065.299,1042.783
26.340,124.075,0.050,4,5065.751,1043.337
26.350,124.086,0.050,4,5066.202,1043.892
26.360,124.097,0.050,4,5066.653,1044.447
26.370,124.108,0.050,4,5067.103,1045.001
26.380,124.119,0.050,4,5067.554,1045.556
26.390,124.130,0.050,4,5068.004,1046.111
26.400,124.141,0.050,4,5068.454,1046.666
26.410,124.152,0.050,4,5068.904,1047.221
26.420,124.163,0.050,4,5069.354,1047.776
26.430,124.174,0.050,4,5069.803,1048.331
26.440,124.185,0.050,4,5070.252,1048.886
26.450,124.196,0.050,4,5070.702,1049.441
26.460,124.207,0.050,4,5071.151,1049.997
26.470,124.218,0.050,4,5071.599,1050.552
26.480,124.229,0.050,4,5072.048,1051.107
26.490,124.240,0.050,4,5072.496,1051.663
26.500,124.251,0.050,4,5072.944,1052.218
26.510,124.262,0.050,4,5073.392,1052.774
26.520,124.273,0.050,4,5073.840,1053.329
26.530,124.284,0.050,4,5074.288,1053.885
26.540,124.295,0.050,4,5074.735,1054.440
26.550,124.306,0.050,4,5075.182,1054.996
26.560,124.316,0.050,4,5075.629,1055.552
26.570,124.327,0.050,4,5076.076,1056.107
26.580,124.338,0.050,4,5076.523,1056.663
26.590,124.349,0.050,4,5076.969,1057.219
26.600,124.360,0.050,4,5077.415,1057.775
26.610,124.371,0.050,4,5077.861,1058.331
26.620,124.382,0.050,4,5078.307,1058.887
26.630,124.393,0.050,4,5078.753,1059.443
26.640,124.404,0.050,4,5079.198,1059.999
26.650,124.415,0.050,4,5079.644,1060.555
26.660,124.426,0.050,4,5080.089,1061.112
26.670,124.437,0.050,4,5080.534,1061.668
26.680,124.447,0.050,4,5080.978,1062.224
26.690,124.458,0.050,4,5081.423,1062.780
26.700,124.469,0.050,4,5081.867,1063.337
26.710,124.480,0.050,4,5082.311,1063.893
26.720,124.491,0.050,4,5082.755,1064.450
26.730,124.502,0.050,4,5083.199,1065.006
26.740,124.513,0.049,4,5083.643,1065.563
26.750,124.524,0.049,4,5084.086,1066.120
26.760,124.534,0.049,4,5084.529,1066.676
26.770,124.545,0.049,4,5084.972,1067.233
26.780,124.556,0.049,4,5085.415,1067.790
26.790,124.567,0.049,4,5085.858,1068.347
26.800,124.578,0.049,4,5086.300,1068.904
26.810,124.589,0.049,4,5086.742,1069.461
26.820,124.599,0.049,4,5087.184,1070.018
26.830,124.610,0.049,4,5087.626,1070.575
26.840,124.621,0.049,4,5088.068,1071.132
26.850,124.632,0.049,4,5088.509,1071.689
26.860,124.643,0.049,4,5088.951,1072.246
26.870,124.654,0.049,4,5089.392,1072.803
26.880,124.664,0.049,4,5089.833,1073.360
26.890,124.675,0.049,4,5090.273,1073.918
26.900,124.686,0.049,4,5090.714,1074.475
26.910,124.697,0.049,4,5091.154,1075.033
26.920,124.707,0.049,4,5091.594,1075.590
26.930,124.718,0.049,4,5092.034,1076.148
26.940,124.729,0.049,4,5092.474,1076.705
26.950,124.740,0.049,4,5092.914,1077.263
26.960,124.751,0.049,4,5093.353,1077.820
26.970,124.761,0.049,4,5093.792,1078.378
26.980,124.772,0.049,4,5094.231,1078.936
26.990,124.783,0.049,4,5094.670,1079.494
27.000,124.794,0.049,4,5095.109,1080.051
27.010,124.804,0.049,4,5095.547,1080.609
27.020,124.815,0.049,4,5095.985,1081.167
27.030,124.826,0.049,4,5096.423,1081.725
27.040,124.836,0.049,4,5096.861,1082.283
27.050,124.847,0.049,4,5097.299,1082.841
27.060,124.858,0.049,4,5097.736,1083.400
27.070,124.869,0.049,4,5098.174,1083.958
27.080,124.879,0.049,4,5098.611,1084.516
27.090,124.890,0.049,4,5099.048,1085.074
27.100,124.901,0.049,4,5099.485,1085.633
27.110,124.911,0.049,4,5099.921,1086.191
27.120,124.922,0.049,4,5100.358,1086.749
27.130,124.933,0.049,4,5100.794,1087.308
27.140,124.943,0.049,4,5101.230,1087.866
27.150,124.954,0.049,4,5101.666,1088.425
27.160,124.965,0.049,4,5102.101,1088.984
27.170,124.975,0.049,4,5102.537,1089.542
27.180,124.986,0.049,4,5102.972,1090.101
27.190,124.997,0.049,4,5103.407,1090.660
27.200,125.007,0.049,4,5103.842,1091.219
27.210,125.018,0.048,4,5104.276,1091.777
27.220,125.029,0.048,4,5104.711,1092.336
27.230,125.039,0.048,4,5105.145,1092.895
27.240,125.050,0.048,4,5105.579,1093.454
27.250,125.061,0.048,4,5106.013,1094.013
27.260,125.071,0.048,4,5106.447,1094.572
27.270,125.082,0.048,4,5106.881,1095.132
27.280,125.093,0.048,4,5107.314,1095.691
27.290,125.103,0.048,4,5107.747,1096.250
27.300,125.114,0.048,4,5108.180,1096.809
27.310,125.124,0.048,4,5108.613,1097.369
27.320,125.135,0.048,4,5109.046,1097.928
27.330,125.146,0.048,4,5109.478,1098.487
27.340,125.156,0.048,4,5109.910,1099.047
27.350,125.167,0.048,4,5110.342,1099.606
27.360,125.177,0.048,4,5110.774,1100.166
27.370,125.188,0.048,4,5111.206,1100.726
27.380,125.198,0.048,4,5111.637,1101.285
27.390,125.209,0.048,4,5112.069,1101.845
27.400,125.220,0.048,4,5112.500,1102.405
27.410,125.230,0.048,4,5112.931,1102.965
27.420,125.241,0.048,4,5113.362,1103.524
27.430,125.251,0.048,4,5113.792,1104.084
27.440,125.262,0.048,4,5114.222,1104.644
27.450,125.272,0.048,4,5114.653,1105.204
27.460,125.283,0.048,4,5115.083,1105.764
27.470,125.293,0.048,4,5115.513,1106.324
27.480,125.304,0.048,4,5115.942,1106.884
27.490,125.314,0.048,4,5116.372,1107.445
27.500,125.325,0.048,4,5116.801,1108.005
27.510,125.335,0.048,4,5117.230,1108.565
27.520,125.346,0.048,4,5117.659,1109.125
27.530,125.356,0.048,4,5118.088,1109.686
27.540,125.367,0.048,4,5118.516,1110.246
27.550,125.377,0.048,4,5118.944,1110.807
27.560,125.388,0.048,4,5119.373,1111.367
27.570,125.398,0.048,4,5119.801,1111.928
27.580,125.409,0.048,4,5120.228,1112.488
27.590,125.419,0.048,4,5120.656,1113.049
27.600,125.430,0.048,4,5121.083,1113.610
27.610,125.440,0.048,4,5121.511,1114.170
27.620,125.451,0.048,4,5121.938,1114.731
27.630,125.461,0.048,4,5122.365,1115.292
27.640,125.472,0.048,4,5122.791,1115.853
27.650,125.482,0.048,4,5123.218,1116.414
27.660,125.492,0.048,4,5123.644,1116.975
27.670,125.503,0.048,4,5124.070,1117.536
27.680,125.513,0.048,4,5124.496,1118.097
27.690,125.524,0.047,4,5124.922,1118.658
27.700,125.534,0.047,4,5125.347,1119.219
27.710,125.545,0.047,4,5125.773,1119.780
27.720,125.555,0.047,4,5126.198,1120.342
27.730,125.565,0.047,4,5126.623,1120.903
27.740,125.576,0.047,4,5127.048,1121.464
27.750,125.586,0.047,4,5127.473,1122.026
27.760,125.597,0.047,4,5127.897,1122.587
27.770,125.607,0.047,4,5128.321,1123.149
27.780,125.617,0.047,4,5128.745,1123.710
27.790,125.628,0.047,4,5129.169,1124.272
27.800,125.638,0.047,4,5129.593,1124.833
27.810,125.649,0.047,4,5130.017,1125.395
27.820,125.659,0.047,4,5130.440,1125.957
27.830,125.669,0.047,4,5130.863,1126.519
27.840,125.680,0.047,4,5131.286,1127.080
27.850,125.690,0.047,4,5131.709,1127.642
27.860,125.700,0.047,4,5132.132,1128.204
27.870,125.711,0.047,4,5132.554,1128.766
27.880,125.721,0.047,4,5132.976,1129.328
27.890,125.731,0.047,4,5133.398,1129.890
27.900,125.742,0.047,4,5133.820,1130.452
27.910,125.752,0.047,4,5134.242,1131.014
27.920,125.762,0.047,4,5134.663,1131.577
27.930,125.773,0.047,4,5135.085,1132.139
27.940,125.783,0.047,4,5135.506,1132.701
27.950,125.793,0.047,4,5135.927,1133.263
27.960,125.804,0.047,4,5136.348,1133.826
27.970,125.814,0.047,4,5136.768,1134.388
27.980,125.824,0.047,4,5137.189,1134.951
27.990,125.835,0.047,4,5137.609,1135.513
28.000,125.845,0.047,4,5138.029,1136.076
28.010,125.855,0.047,4,5138.449,1136.638
28.020,125.865,0.047,4,5138.869,1137.201
28.030,125.876,0.047,4,5139.288,1137.764
28.040,125.886,0.047,4,5139.708,1138.326
28.050,125.896,0.047,4,5140.127,1138.889
28.060,125.906,0.047,4,5140.546,1139.452
28.070,125.917,0.047,4,5140.965,1140.015
28.080,125.927,0.047,4,5141.383,1140.578
28.090,125.937,0.047,4,5141.802,1141.141
28.100,125.947,0.047,4,5142.220,1141.704
28.110,125.958,0.047,4,5142.638,1142.267
28.120,125.968,0.047,4,5143.056,1142.830
28.130,125.978,0.047,4,5143.473,1143.393
28.140,125.988,0.047,4,5143.891,1143.956
28.150,125.999,0.047,4,5144.308,1144.520
28.160,126.009,0.047,4,5144.725,1145.083
28.170,126.019,0.047,4,5145.142,1145.646
28.180,126.029,0.046,4,5145.559,1146.210
28.190,126.039,0.046,4,5145.976,1146.773
28.200,126.050,0.046,4,5146.392,1147.336
28.210,126.060,0.046,4,5146.809,1147.900
28.220,126.070,0.046,4,5147.225,1148.464
28.230,126.080,0.046,4,5147.641,1149.027
28.240,126.090,0.046,4,5148.056,1149.591
28.250,126.101,0.046,4,5148.472,1150.154
28.260,126.111,0.046,4,5148.887,1150.718
28.270,126.121,0.046,4,5149.302,1151.282
28.280,126.131,0.046,4,5149.717,1151.846
28.290,126.141,0.046,4,5150.132,1152.410
28.300,126.151,0.046,4,5150.547,1152.974
28.310,126.162,0.046,4,5150.961,1153.538
28.320,126.172,0.046,4,5151.375,1154.102
28.330,126.182,0.046,4,5151.790,1154.666
28.340,126.192,0.046,4,5152.203,1155.230
28.350,126.202,0.046,4,5152.617,1155.794
28.360,126.212,0.046,4,5153.031,1156.358
28.370,126.222,0.046,4,5153.444,1156.922
28.380,126.232,0.046,4,5153.857,1157.487
28.390,126.243,0.046,4,5154.270,1158.051
28.400,126.253,0.046,4,5154.683,1158.615
28.410,126.263,0.046,4,5155.096,1159.180
28.420,126.273,0.046,4,5155.508,1159.744
28.430,126.283,0.046,4,5155.920,1160.309
28.440,126.293,0.046,4,5156.333,1160.873
28.450,126.303,0.046,4,5156.744,1161.438
28.460,126.313,0.046,4,5157.156,1162.003
28.470,126.323,0.046,4,5157.568,1162.567
28.480,126.333,0.046,4,5157.979,1163.132
28.490,126.344,0.046,4,5158.390,1163.697
28.500,126.354,0.046,4,5158.801,1164.262
28.510,126.364,0.046,4,5159.212,1164.826
28.520,126.374,0.046,4,5159.623,1165.391
28.530,126.384,0.046,4,5160.033,1165.956
28.540,126.394,0.046,4,5160.444,1166.521
28.550,126.404,0.046,4,5160.854,1167.086
28.560,126.414,0.046,4,5161.264,1167.652
28.570,126.424,0.046,4,5161.674,1168.217
28.580,126.434,0.046,4,5162.083,1168.782
28.590,126.444,0.046,4,5162.493,1169.347
28.600,126.454,0.046,4,5162.902,1169.912
28.610,126.464,0.046,4,5163.311,1170.478
28.620,126.474,0.046,4,5163.720,1171.043
28.630,126.484,0.046,4,5164.129,1171.608
28.640,126.494,0.046,4,5164.537,1172.174
28.650,126.504,0.046,4,5164.945,1172.739
28.660,126.514,0.046,4,5165.354,1173.305
28.670,126.524,0.046,4,5165.762,1173.871
28.680,126.534,0.045,4,5166.169,1174.436
28.690,126.544,0.045,4,5166.577,1175.002
28.700,126.554,0.045,4,5166.984,1175.568
28.710,126.564,0.045,4,5167.392,1176.133
28.720,126.574,0.045,4,5167.799,1176.699
28.730,126.584,0.045,4,5168.206,1177.265
28.740,126.594,0.045,4,5168.613,1177.831
28.750,126.604,0.045,4,5169.019,1178.397
28.760,126.614,0.045,4,5169.426,1178.963
28.770,126.624,0.045,4,5169.832,1179.529
28.780,126.634,0.045,4,5170.238,1180.095
28.790,126.644,0.045,4,5170.644,1180.661
28.800,126.654,0.045,4,5171.049,1181.227
28.810,126.663,0.045,4,5171.455,1181.793
28.820,126.673,0.045,4,5171.860,1182.360
28.830,126.683,0.045,4,5172.265,1182.926
28.840,126.693,0.045,4,5172.670,1183.492
28.850,126.703,0.045,4,5173.075,1184.059
28.860,126.713,0.045,4,5173.480,1184.625
28.870,126.723,0.045,4,5173.884,1185.192
28.880,126.733,0.045,4,5174.288,1185.758
28.890,126.743,0.045,4,5174.692,1186.325
28.900,126.753,0.045,4,5175.096,1186.891
28.910,126.763,0.045,4,5175.500,1187.458
28.920,126.772,0.045,4,5175.904,1188.025
28.930,126.782,0.045,4,5176.307,1188.592
28.940,126.792,0.045,4,5176.710,1189.158
28.950,126.802,0.045,4,5177.113,1189.725
28.960,126.812,0.045,4,5177.516,1190.292
28.970,126.822,0.045,4,5177.919,1190.859
28.980,126.832,0.045,4,5178.321,1191.426
28.990,126.842,0.045,4,5178.724,1191.993
29.000,126.851,0.045,4,5179.126,1192.560
29.010,126.861,0.045,4,5179.528,1193.127
29.020,126.871,0.045,4,5179.930,1193.694
29.030,126.881,0.045,4,5180.331,1194.261
29.040,126.891,0.045,4,5180.733,1194.829
29.050,126.901,0.045,4,5181.134,1195.396
29.060,126.910,0.045,4,5181.535,1195.963
29.070,126.920,0.045,4,5181.936,1196.531
29.080,126.930,0.045,4,5182.337,1197.098
29.090,126.940,0.045,4,5182.737,1197.665
29.100,126.950,0.045,4,5183.138,1198.233
29.110,126.959,0.045,4,5183.538,1198.800
29.120,126.969,0.045,4,5183.938,1199.368
29.130,126.979,0.045,4,5184.338,1199.936
29.140,126.989,0.045,4,5184.737,1200.503
29.150,126.999,0.045,4,5185.137,1201.071
29.160,127.008,0.045,4,5185.536,1201.639
29.170,127.018,0.045,4,5185.935,1202.207
29.180,127.028,0.045,4,5186.334,1202.774
29.190,127.038,0.044,4,5186.733,1203.342
29.200,127.047,0.044,4,5187.132,1203.910
29.210,127.057,0.044,4,5187.530,1204.478
29.220,127.067,0.044,4,5187.929,1205.046
29.230,127.077,0.044,4,5188.327,1205.614
29.240,127.086,0.044,4,5188.725,1206.182
29.250,127.096,0.044,4,5189.123,1206.751
29.260,127.106,0.044,4,5189.520,1207.319
29.270,127.116,0.044,4,5189.918,1207.887
29.280,127.125,0.044,4,5190.315,1208.455
29.290,127.135,0.044,4,5190.712,1209.024
29.300,127.145,0.044,4,5191.109,1209.592
29.310,127.155,0.044,4,5191.505,1210.160
29.320,127.164,0.044,4,5191.902,1210.729
29.330,127.174,0.044,4,5192.298,1211.297
29.340,127.184,0.044,4,5192.695,1211.866
29.350,127.193,0.044,4,5193.091,1212.434
29.360,127.203,0.044,4,5193.486,1213.003
29.370,127.213,0.044,4,5193.882,1213.572
29.380,127.222,0.044,4,5194.278,1214.140
29.390,127.232,0.044,4,5194.673,1214.709
29.400,127.242,0.044,4,5195.068,1215.278
29.410,127.252,0.044,4,5195.463,1215.847
29.420,127.261,0.044,4,5195.858,1216.416
29.430,127.271,0.044,4,5196.253,1216.985
29.440,127.281,0.044,4,5196.647,1217.554
29.450,127.290,0.044,4,5197.041,1218.123
29.460,127.300,0.044,4,5197.435,1218.692
29.470,127.309,0.044,4,5197.829,1219.261
29.480,127.319,0.044,4,5198.223,1219.830
29.490,127.329,0.044,4,5198.617,1220.399
29.500,127.338,0.044,4,5199.010,1220.968
29.510,127.348,0.044,4,5199.403,1221.538
29.520,127.358,0.044,4,5199.797,1222.107
29.530,127.367,0.044,4,5200.189,1222.676
29.540,127.377,0.044,4,5200.582,1223.246
29.550,127.387,0.044,4,5200.975,1223.815
29.560,127.396,0.044,4,5201.367,1224.385
29.570,127.406,0.044,4,5201.759,1224.954
29.580,127.415,0.044,4,5202.151,1225.524
29.590,127.425,0.044,4,5202.543,1226.093
29.600,127.435,0.044,4,5202.935,1226.663
29.610,127.444,0.044,4,5203.327,1227.233
29.620,127.454,0.044,4,5203.718,1227.802
29.630,127.463,0.044,4,5204.109,1228.372
29.640,127.473,0.044,4,5204.500,1228.942
29.650,127.482,0.044,4,5204.891,1229.512
29.660,127.492,0.044,4,5205.282,1230.082
29.670,127.502,0.044,4,5205.672,1230.652
29.680,127.511,0.044,4,5206.062,1231.222
29.690,127.521,0.044,4,5206.453,1231.792
29.700,127.530,0.044,4,5206.843,1232.362
29.710,127.540,0.043,4,5207.232,1232.932
29.720,127.549,0.043,4,5207.622,1233.502
29.730,127.559,0.043,4,5208.011,1234.073
29.740,127.568,0.043,4,5208.401,1234.643
29.750,127.578,0.043,4,5208.790,1235.213
29.760,127.587,0.043,4,5209.179,1235.783
29.770,127.597,0.043,4,5209.568,1236.354
29.780,127.607,0.043,4,5209.956,1236.924
29.790,127.616,0.043,4,5210.345,1237.495
29.800,127.626,0.043,4,5210.733,1238.065
29.810,127.635,0.043,4,5211.121,1238.636
29.820,127.645,0.043,4,5211.509,1239.206
29.830,127.654,0.043,4,5211.897,1239.777
29.840,127.664,0.043,4,5212.284,1240.348
29.850,127.673,0.043,4,5212.672,1240.918
29.860,127.682,0.043,4,5213.059,1241.489
29.870,127.692,0.043,4,5213.446,1242.060
29.880,127.701,0.043,4,5213.833,1242.631
29.890,127.711,0.043,4,5214.220,1243.202
29.900,127.720,0.043,4,5214.606,1243.773
29.910,127.730,0.043,4,5214.993,1244.344
29.920,127.739,0.043,4,5215.379,1244.915
29.930,127.749,0.043,4,5215.765,1245.486
29.940,127.758,0.043,4,5216.151,1246.057
29.950,127.768,0.043,4,5216.536,1246.628
29.960,127.777,0.043,4,5216.922,1247.199
29.970,127.787,0.043,4,5217.307,1247.770
29.980,127.796,0.043,4,5217.693,1248.342
29.990,127.805,0.043,4,5218.078,1248.913
30.000,127.815,0.043,4,5218.462,1249.484
30.010,127.824,0.043,4,5218.847,1250.056
30.020,127.834,0.043,4,5219.232,1250.627
30.030,127.843,0.043,4,5219.616,1251.199
30.040,127.853,0.043,4,5220.000,1251.770
30.050,127.862,0.043,4,5220.384,1252.342
30.060,127.871,0.043,4,5220.768,1252.913
30.070,127.881,0.043,4,5221.152,1253.485
30.080,127.890,0.043,4,5221.535,1254.057
30.090,127.899,0.043,4,5221.919,1254.629
30.100,127.909,0.043,4,5222.302,1255.200
30.110,127.918,0.043,4,5222.685,1255.772
30.120,127.928,0.043,4,5223.068,1256.344
30.130,127.937,0.043,4,5223.450,1256.916
30.140,127.946,0.043,4,5223.833,1257.488
30.150,127.956,0.043,4,5224.215,1258.060
30.160,127.965,0.043,4,5224.597,1258.632
30.170,127.974,0.043,4,5224.979,1259.204
30.180,127.984,0.043,4,5225.361,1259.776
30.190,127.993,0.043,4,5225.743,1260.348
30.200,128.003,0.043,4,5226.124,1260.920
30.210,128.012,0.043,4,5226.505,1261.493
30.220,128.021,0.043,4,5226.887,1262.065
30.230,128.031,0.043,4,5227.268,1262.637
30.240,128.040,0.042,4,5227.648,1263.210
30.250,128.049,0.042,4,5228.029,1263.782
30.260,128.058,0.042,4,5228.410,1264.355
30.270,128.068,0.042,4,5228.790,1264.927
30.280,128.077,0.042,4,5229.170,1265.500
30.290,128.086,0.042,4,5229.550,1266.072
30.300,128.096,0.042,4,5229.930,1266.645
30.310,128.105,0.042,4,5230.309,1267.217
30.320,128.114,0.042,4,5230.689,1267.790
30.330,128.124,0.042,4,5231.068,1268.363
30.340,128.133,0.042,4,5231.447,1268.936
30.350,128.142,0.042,4,5231.826,1269.509
30.360,128.151,0.042,4,5232.205,1270.081
30.370,128.161,0.042,4,5232.584,1270.654
30.380,128.170,0.042,4,5232.962,1271.227
30.390,128.179,0.042,4,5233.340,1271.800
30.400,128.189,0.042,4,5233.718,1272.373
30.410,128.198,0.042,4,5234.096,1272.946
30.420,128.207,0.042,4,5234.474,1273.519
30.430,128.216,0.042,4,5234.852,1274.093
30.440,128.226,0.042,4,5235.229,1274.666
30.450,128.235,0.042,4,5235.607,1275.239
30.460,128.244,0.042,4,5235.984,1275.812
30.470,128.253,0.042,4,5236.361,1276.386
30.480,128.262,0.042,4,5236.737,1276.959
30.490,128.272,0.042,4,5237.114,1277.532
30.500,128.281,0.042,4,5237.491,1278.106
30.510,128.290,0.042,4,5237.867,1278.679
30.520,128.299,0.042,4,5238.243,1279.253
30.530,128.309,0.042,4,5238.619,1279.826
30.540,128.318,0.042,4,5238.995,1280.400
30.550,128.327,0.042,4,5239.370,1280.974
30.560,128.336,0.042,4,5239.746,1281.547
30.570,128.345,0.042,4,5240.121,1282.121
30.580,128.355,0.042,4,5240.496,1282.695
30.590,128.364,0.042,4,5240.871,1283.269
30.600,128.373,0.042,4,5241.246,1283.843
30.610,128.382,0.042,4,5241.621,1284.416
30.620,128.391,0.042,4,5241.995,1284.990
30.630,128.400,0.042,4,5242.369,1285.564
30.640,128.410,0.042,4,5242.743,1286.138
30.650,128.419,0.042,4,5243.117,1286.712
30.660,128.428,0.042,4,5243.491,1287.287
30.670,128.437,0.042,4,5243.865,1287.861
30.680,128.446,0.042,4,5244.238,1288.435
30.690,128.455,0.042,4,5244.612,1289.009
30.700,128.464,0.042,4,5244.985,1289.583
30.710,128.474,0.042,4,5245.358,1290.158
30.720,128.483,0.042,4,5245.730,1290.732
30.730,128.492,0.042,4,5246.103,1291.306
30.740,128.501,0.042,4,5246.476,1291.881
30.750,128.510,0.042,4,5246.848,1292.455
30.760,128.519,0.042,4,5247.220,1293.030
30.770,128.528,0.041,4,5247.592,1293.604
30.780,128.537,0.041,4,5247.964,1294.179
30.790,128.547,0.041,4,5248.335,1294.754
30.800,128.556,0.041,4,5248.707,1295.328
30.810,128.565,0.041,4,5249.078,1295.903
30.820,128.574,0.041,4,5249.449,1296.478
30.830,128.583,0.041,4,5249.820,1297.053
30.840,128.592,0.041,4,5250.191,1297.627
30.850,128.601,0.041,4,5250.562,1298.202
30.860,128.610,0.041,4,5250.932,1298.777
30.870,128.619,0.041,4,5251.303,1299.352
30.880,128.628,0.041,4,5251.673,1299.927
30.890,128.637,0.041,4,5252.043,1300.502
30.900,128.646,0.041,4,5252.413,1301.077
30.910,128.655,0.041,4,5252.782,1301.652
30.920,128.664,0.041,4,5253.152,1302.228
30.930,128.674,0.041,4,5253.521,1302.803
30.940,128.683,0.041,4,5253.890,1303.378
30.950,128.692,0.041,4,5254.259,1303.953
30.960,128.701,0.041,4,5254.628,1304.529
30.970,128.710,0.041,4,5254.997,1305.104
30.980,128.719,0.041,4,5255.365,1305.679
30.990,128.728,0.041,4,5255.734,1306.255
31.000,128.737,0.041,4,5256.102,1306.830
31.010,128.746,0.041,4,5256.470,1307.406
31.020,128.755,0.041,4,5256.838,1307.981
31.030,128.764,0.041,4,5257.206,1308.557
31.040,128.773,0.041,4,5257.573,1309.133
31.050,128.782,0.041,4,5257.941,1309.708
31.060,128.791,0.041,4,5258.308,1310.284
31.070,128.800,0.041,4,5258.675,1310.860
31.080,128.809,0.041,4,5259.042,1311.436
31.090,128.818,0.041,4,5259.408,1312.011
31.100,128.827,0.041,4,5259.775,1312.587
31.110,128.836,0.041,4,5260.141,1313.163
31.120,128.845,0.041,4,5260.508,1313.739
31.130,128.854,0.041,4,5260.874,1314.315
31.140,128.863,0.041,4,5261.240,1314.891
31.150,128.872,0.041,4,5261.605,1315.467
31.160,128.880,0.041,4,5261.971,1316.043
31.170,128.889,0.041,4,5262.336,1316.620
31.180,128.898,0.041,4,5262.702,1317.196
31.190,128.907,0.041,4,5263.067,1317.772
31.200,128.916,0.041,4,5263.432,1318.348
31.210,128.925,0.041,4,5263.797,1318.925
31.220,128.934,0.041,4,5264.161,1319.501
31.230,128.943,0.041,4,5264.526,1320.077
31.240,128.952,0.041,4,5264.890,1320.654
31.250,128.961,0.041,4,5265.254,1321.230
31.260,128.970,0.041,4,5265.618,1321.807
31.270,128.979,0.041,4,5265.982,1322.384
31.280,128.988,0.041,4,5266.345,1322.960
31.290,128.997,0.041,4,5266.709,1323.537
31.300,129.005,0.041,4,5267.072,1324.113
31.310,129.014,0.041,4,5267.435,1324.690
31.320,129.023,0.040,4,5267.798,1325.267
31.330,129.032,0.040,4,5268.161,1325.844
31.340,129.041,0.040,4,5268.524,1326.421
31.350,129.050,0.040,4,5268.886,1326.997
31.360,129.059,0.040,4,5269.249,1327.574
31.370,129.068,0.040,4,5269.611,1328.151
31.380,129.076,0.040,4,5269.973,1328.728
31.390,129.085,0.040,4,5270.335,1329.305
31.400,129.094,0.040,4,5270.697,1329.882
31.410,129.103,0.040,4,5271.058,1330.460
31.420,129.112,0.040,4,5271.419,1331.037
31.430,129.121,0.040,4,5271.781,1331.614
31.440,129.130,0.040,4,5272.142,1332.191
31.450,129.138,0.040,4,5272.503,1332.768
31.460,129.147,0.040,4,5272.863,1333.346
31.470,129.156,0.040,4,5273.224,1333.923
31.480,129.165,0.040,4,5273.584,1334.501
31.490,129.174,0.040,4,5273.945,1335.078
31.500,129.183,0.040,4,5274.305,1335.655
31.510,129.191,0.040,4,5274.665,1336.233
31.520,129.200,0.040,4,5275.024,1336.811
31.530,129.209,0.040,4,5275.384,1337.388
31.540,129.218,0.040,4,5275.744,1337.966
31.550,129.227,0.040,4,5276.103,1338.543
31.560,129.235,0.040,4,5276.462,1339.121
31.570,129.244,0.040,4,5276.821,1339.699
31.580,129.253,0.040,4,5277.180,1340.277
31.590,129.262,0.040,4,5277.538,1340.855
31.600,129.271,0.040,4,5277.897,1341.432
31.610,129.279,0.040,4,5278.255,1342.010
31.620,129.288,0.040,4,5278.613,1342.588
31.630,129.297,0.040,4,5278.971,1343.166
31.640,129.306,0.040,4,5279.329,1343.744
31.650,129.314,0.040,4,5279.687,1344.322
31.660,129.323,0.040,4,5280.045,1344.900
31.670,129.332,0.040,4,5280.402,1345.479
31.680,129.341,0.040,4,5280.759,1346.057
31.690,129.349,0.040,4,5281.116,1346.635
31.700,129.358,0.040,4,5281.473,1347.213
31.710,129.367,0.040,4,5281.830,1347.792
31.720,129.376,0.040,4,5282.186,1348.370
31.730,129.384,0.040,4,5282.543,1348.948
31.740,129.393,0.040,4,5282.899,1349.527
31.750,129.402,0.040,4,5283.255,1350.105
31.760,129.411,0.040,4,5283.611,1350.684
31.770,129.419,0.040,4,5283.967,1351.262
31.780,129.428,0.040,4,5284.323,1351.841
31.790,129.437,0.040,4,5284.678,1352.419
31.800,129.445,0.040,4,5285.033,1352.998
31.810,129.454,0.040,4,5285.388,1353.577
31.820,129.463,0.040,4,5285.743,1354.155
31.830,129.471,0.040,4,5286.098,1354.734
31.840,129.480,0.040,4,5286.453,1355.313
31.850,129.489,0.040,4,5286.807,1355.892
31.860,129.497,0.040,4,5287.162,1356.471
31.870,129.506,0.040,4,5287.516,1357.050
31.880,129.515,0.039,4,5287.870,1357.629
31.890,129.523,0.039,4,5288.224,1358.208
31.900,129.532,0.039,4,5288.578,1358.787
31.910,129.541,0.039,4,5288.931,1359.366
31.920,129.549,0.039,4,5289.285,1359.945
31.930,129.558,0.039,4,5289.638,1360.524
31.940,129.567,0.039,4,5289.991,1361.103
31.950,129.575,0.039,4,5290.344,1361.682
31.960,129.584,0.039,4,5290.697,1362.262
31.970,129.593,0.039,4,5291.049,1362.841
31.980,129.601,0.039,4,5291.402,1363.420
31.990,129.610,0.039,4,5291.754,1364.000
32.000,129.619,0.039,4,5292.106,1364.579
32.010,129.627,0.039,4,5292.458,1365.159
32.020,129.636,0.039,4,5292.810,1365.738
32.030,129.644,0.039,4,5293.162,1366.318
32.040,129.653,0.039,4,5293.513,1366.897
32.050,129.662,0.039,4,5293.865,1367.477
32.060,129.670,0.039,4,5294.216,1368.057
32.070,129.679,0.039,4,5294.567,1368.636
32.080,129.687,0.039,4,5294.918,1369.216
32.090,129.696,0.039,4,5295.268,1369.796
32.100,129.705,0.039,4,5295.619,1370.376
32.110,129.713,0.039,4,5295.969,1370.955
32.120,129.722,0.039,4,5296.320,1371.535
32.130,129.730,0.039,4,5296.670,1372.115
32.140,129.739,0.039,4,5297.020,1372.695
32.150,129.748,0.039,4,5297.370,1373.275
32.160,129.756,0.039,4,5297.719,1373.855
32.170,129.765,0.039,4,5298.069,1374.435
32.180,129.773,0.039,4,5298.418,1375.015
32.190,129.782,0.039,4,5298.767,1375.596
32.200,129.790,0.039,4,5299.116,1376.176
32.210,129.799,0.039,4,5299.465,1376.756
32.220,129.807,0.039,4,5299.814,1377.336
32.230,129.816,0.039,4,5300.162,1377.917
32.240,129.824,0.039,4,5300.511,1378.497
32.250,129.833,0.039,4,5300.859,1379.077
32.260,129.841,0.039,4,5301.207,1379.658
32.270,129.850,0.039,4,5301.555,1380.238
32.280,129.859,0.039,4,5301.903,1380.819
32.290,129.867,0.039,4,5302.250,1381.399
32.300,129.876,0.039,4,5302.598,1381.980
32.310,129.884,0.039,4,5302.945,1382.560
32.320,129.893,0.039,4,5303.292,1383.141
32.330,129.901,0.039,4,5303.639,1383.722
32.340,129.910,0.039,4,5303.986,1384.303
32.350,129.918,0.039,4,5304.333,1384.883
32.360,129.927,0.039,4,5304.679,1385.464
32.370,129.935,0.039,4,5305.025,1386.045
32.380,129.943,0.039,4,5305.372,1386.626
32.390,129.952,0.039,4,5305.718,1387.207
32.400,129.960,0.039,4,5306.064,1387.788
32.410,129.969,0.039,4,5306.409,1388.369
32.420,129.977,0.039,4,5306.755,1388.950
32.430,129.986,0.039,4,5307.100,1389.531
32.440,129.994,0.039,4,5307.446,1390.112
32.450,130.003,0.039,4,5307.791,1390.693
32.460,130.011,0.038,4,5308.136,1391.274
32.470,130.020,0.038,4,5308.481,1391.855
32.480,130.028,0.038,4,5308.825,1392.437
32.490,130.037,0.038,4,5309.170,1393.018
32.500,130.045,0.038,4,5309.514,1393.599
32.510,130.053,0.038,4,5309.858,1394.181
32.520,130.062,0.038,4,5310.202,1394.762
32.530,130.070,0.038,4,5310.546,1395.344
32.540,130.079,0.038,4,5310.890,1395.925
32.550,130.087,0.038,4,5311.233,1396.507
32.560,130.095,0.038,4,5311.577,1397.088
32.570,130.104,0.038,4,5311.920,1397.670
32.580,130.112,0.038,4,5312.263,1398.251
32.590,130.121,0.038,4,5312.606,1398.833
32.600,130.129,0.038,4,5312.949,1399.415
32.610,130.137,0.038,4,5313.292,1399.997
32.620,130.146,0.038,4,5313.634,1400.578
32.630,130.154,0.038,4,5313.976,1401.160
32.640,130.163,0.038,4,5314.319,1401.742
32.650,130.171,0.038,4,5314.661,1402.324
32.660,130.179,0.038,4,5315.003,1402.906
32.670,130.188,0.038,4,5315.344,1403.488
32.680,130.196,0.038,4,5315.686,1404.070
32.690,130.204,0.038,4,5316.027,1404.652
32.700,130.213,0.038,4,5316.369,1405.234
32.710,130.221,0.038,4,5316.710,1405.816
32.720,130.230,0.038,4,5317.051,1406.398
32.730,130.238,0.038,4,5317.391,1406.980
32.740,130.246,0.038,4,5317.732,1407.563
32.750,130.255,0.038,4,5318.073,1408.145
32.760,130.263,0.038,4,5318.413,1408.727
32.770,130.271,0.038,4,5318.753,1409.310
32.780,130.280,0.038,4,5319.093,1409.892
32.790,130.288,0.038,4,5319.433,1410.474
32.800,130.296,0.038,4,5319.773,1411.057
32.810,130.305,0.038,4,5320.112,1411.639
32.820,130.313,0.038,4,5320.452,1412.222
32.830,130.321,0.038,4,5320.791,1412.804
32.840,130.329,0.038,4,5321.130,1413.387
32.850,130.338,0.038,4,5321.469,1413.970
32.860,130.346,0.038,4,5321.808,1414.552
32.870,130.354,0.038,4,5322.147,1415.135
32.880,130.363,0.038,4,5322.485,1415.718
32.890,130.371,0.038,4,5322.824,1416.301
32.900,130.379,0.038,4,5323.162,1416.883
32.910,130.388,0.038,4,5323.500,1417.466
32.920,130.396,0.038,4,5323.838,1418.049
32.930,130.404,0.038,4,5324.176,1418.632
32.940,130.412,0.038,4,5324.513,1419.215
32.950,130.421,0.038,4,5324.851,1419.798
32.960,130.429,0.038,4,5325.188,1420.381
32.970,130.437,0.038,4,5325.525,1420.964
32.980,130.445,0.038,4,5325.862,1421.547
32.990,130.454,0.038,4,5326.199,1422.131
33.000,130.462,0.038,4,5326.536,1422.714
33.010,130.470,0.038,4,5326.872,1423.297
33.020,130.478,0.038,4,5327.209,1423.880
33.030,130.487,0.038,4,5327.545,1424.464
33.040,130.495,0.037,4,5327.881,1425.047
33.050,130.503,0.037,4,5328.217,1425.630
33.060,130.511,0.037,4,5328.553,1426.214
33.070,130.519,0.037,4,5328.888,1426.797
33.080,130.528,0.037,4,5329.224,1427.381
33.090,130.536,0.037,4,5329.559,1427.964
33.100,130.544,0.037,4,5329.894,1428.548
33.110,130.552,0.037,4,5330.229,1429.131
33.120,130.561,0.037,4,5330.564,1429.715
33.130,130.569,0.037,4,5330.899,1430.299
33.140,130.577,0.037,4,5331.233,1430.882
33.150,130.585,0.037,4,5331.568,1431.466
33.160,130.593,0.037,4,5331.902,1432.050
33.170,130.601,0.037,4,5332.236,1432.634
33.180,130.610,0.037,4,5332.570,1433.218
33.190,130.618,0.037,4,5332.904,1433.801
33.200,130.626,0.037,4,5333.238,1434.385
33.210,130.634,0.037,4,5333.571,1434.969
33.220,130.642,0.037,4,5333.905,1435.553
33.230,130.651,0.037,4,5334.238,1436.137
33.240,130.659,0.037,4,5334.571,1436.721
33.250,130.667,0.037,4,5334.904,1437.306
33.260,130.675,0.037,4,5335.237,1437.890
33.270,130.683,0.037,4,5335.569,1438.474
33.280,130.691,0.037,4,5335.902,1439.058
33.290,130.699,0.037,4,5336.234,1439.642
33.300,130.708,0.037,4,5336.566,1440.227
33.310,130.716,0.037,4,5336.898,1440.811
33.320,130.724,0.037,4,5337.230,1441.395
33.330,130.732,0.037,4,5337.562,1441.980
33.340,130.740,0.037,4,5337.893,1442.564
33.350,130.748,0.037,4,5338.225,1443.149
33.360,130.756,0.037,4,5338.556,1443.733
33.370,130.764,0.037,4,5338.887,1444.318
33.380,130.772,0.037,4,5339.218,1444.902
33.390,130.781,0.037,4,5339.549,1445.487
33.400,130.789,0.037,4,5339.880,1446.072
33.410,130.797,0.037,4,5340.210,1446.656
33.420,130.805,0.037,4,5340.541,1447.241
33.430,130.813,0.037,4,5340.871,1447.826
33.440,130.821,0.037,4,5341.201,1448.411
33.450,130.829,0.037,4,5341.531,1448.995
33.460,130.837,0.037,4,5341.861,1449.580
33.470,130.845,0.037,4,5342.190,1450.165
33.480,130.853,0.037,4,5342.520,1450.750
33.490,130.861,0.037,4,5342.849,1451.335
33.500,130.869,0.037,4,5343.178,1451.920
33.510,130.878,0.037,4,5343.507,1452.505
33.520,130.886,0.037,4,5343.836,1453.090
33.530,130.894,0.037,4,5344.165,1453.676
33.540,130.902,0.037,4,5344.494,1454.261
33.550,130.910,0.037,4,5344.822,1454.846
33.560,130.918,0.037,4,5345.150,1455.431
33.570,130.926,0.037,4,5345.478,1456.016
33.580,130.934,0.037,4,5345.806,1456.602
33.590,130.942,0.037,4,5346.134,1457.187
33.600,130.950,0.037,4,5346.462,1457.772
33.610,130.958,0.037,4,5346.790,1458.358
33.620,130.966,0.037,4,5347.117,1458.943
33.630,130.974,0.037,4,5347.444,1459.529
33.640,130.982,0.036,4,5347.771,1460.114
33.650,130.990,0.036,4,5348.098,1460.700
33.660,130.998,0.036,4,5348.425,1461.285
33.670,131.006,0.036,4,5348.752,1461.871
33.680,131.014,0.036,4,5349.078,1462.457
33.690,131.022,0.036,4,5349.405,1463.042
33.700,131.030,0.036,4,5349.731,1463.628
33.710,131.038,0.036,4,5350.057,1464.214
33.720,131.046,0.036,4,5350.383,1464.800
33.730,131.054,0.036,4,5350.709,1465.386
33.740,131.062,0.036,4,5351.034,1465.971
33.750,131.070,0.036,4,5351.360,1466.557
33.760,131.078,0.036,4,5351.685,1467.143
33.770,131.086,0.036,4,5352.010,1467.729
33.780,131.094,0.036,4,5352.335,1468.315
33.790,131.102,0.036,4,5352.660,1468.901
33.800,131.110,0.036,4,5352.985,1469.488
33.810,131.118,0.036,4,5353.310,1470.074
33.820,131.126,0.036,4,5353.634,1470.660
33.830,131.134,0.036,4,5353.959,1471.246
33.840,131.141,0.036,4,5354.283,1471.832
33.850,131.149,0.036,4,5354.607,1472.419
33.860,131.157,0.036,4,5354.931,1473.005
33.870,131.165,0.036,4,5355.254,1473.591
33.880,131.173,0.036,4,5355.578,1474.178
33.890,131.181,0.036,4,5355.901,1474.764
33.900,131.189,0.036,4,5356.225,1475.350
33.910,131.197,0.036,4,5356.548,1475.937
33.920,131.205,0.036,4,5356.871,1476.523
33.930,131.213,0.036,4,5357.194,1477.110
33.940,131.221,0.036,4,5357.516,1477.697
33.950,131.229,0.036,4,5357.839,1478.283
33.960,131.236,0.036,4,5358.161,1478.870
33.970,131.244,0.036,4,5358.484,1479.457
33.980,131.252,0.036,4,5358.806,1480.043
33.990,131.260,0.036,4,5359.128,1480.630
34.000,131.268,0.036,4,5359.449,1481.217
34.010,131.276,0.036,4,5359.771,1481.804
34.020,131.284,0.036,4,5360.093,1482.391
34.030,131.292,0.036,4,5360.414,1482.977
34.040,131.300,0.036,4,5360.735,1483.564
34.050,131.307,0.036,4,5361.056,1484.151
34.060,131.315,0.036,4,5361.377,1484.738
34.070,131.323,0.036,4,5361.698,1485.325
34.080,131.331,0.036,4,5362.019,1485.913
34.090,131.339,0.036,4,5362.339,1486.500
34.100,131.347,0.036,4,5362.660,1487.087
34.110,131.354,0.036,4,5362.980,1487.674
34.120,131.362,0.036,4,5363.300,1488.261
34.130,131.370,0.036,4,5363.620,1488.848
34.140,131.378,0.036,4,5363.940,1489.436
34.150,131.386,0.036,4,5364.259,1490.023
34.160,131.394,0.036,4,5364.579,1490.610
34.170,131.401,0.036,4,5364.898,1491.198
34.180,131.409,0.036,4,5365.218,1491.785
34.190,131.417,0.036,4,5365.537,1492.373
34.200,131.425,0.036,4,5365.855,1492.960
34.210,131.433,0.036,4,5366.174,1493.548
34.220,131.441,0.036,4,5366.493,1494.135
34.230,131.448,0.036,4,5366.811,1494.723
34.240,131.456,0.036,4,5367.130,1495.311
34.250,131.464,0.035,4,5367.448,1495.898
34.260,131.472,0.035,4,5367.766,1496.486
34.270,131.479,0.035,4,5368.084,1497.074
34.280,131.487,0.035,4,5368.402,1497.662
34.290,131.495,0.035,4,5368.719,1498.249
34.300,131.503,0.035,4,5369.037,1498.837
34.310,131.511,0.035,4,5369.354,1499.425
34.320,131.518,0.035,4,5369.671,1500.013
34.330,131.526,0.035,4,5369.988,1500.601
34.340,131.534,0.035,4,5370.305,1501.189
34.350,131.542,0.035,4,5370.622,1501.777
34.360,131.549,0.035,4,5370.939,1502.365
34.370,131.557,0.035,4,5371.255,1502.953
34.380,131.565,0.035,4,5371.571,1503.541
34.390,131.573,0.035,4,5371.888,1504.129
34.400,131.580,0.035,4,5372.204,1504.718
34.410,131.588,0.035,4,5372.520,1505.306
34.420,131.596,0.035,4,5372.835,1505.894
34.430,131.604,0.035,4,5373.151,1506.482
34.440,131.611,0.035,4,5373.466,1507.071
34.450,131.619,0.035,4,5373.782,1507.659
34.460,131.627,0.035,4,5374.097,1508.248
34.470,131.634,0.035,4,5374.412,1508.836
34.480,131.642,0.035,4,5374.727,1509.424
34.490,131.650,0.035,4,5375.042,1510.013
34.500,131.658,0.035,4,5375.356,1510.602
34.510,131.665,0.035,4,5375.671,1511.190
34.520,131.673,0.035,4,5375.985,1511.779
34.530,131.681,0.035,4,5376.299,1512.367
34.540,131.688,0.035,4,5376.613,1512.956
34.550,131.696,0.035,4,5376.927,1513.545
34.560,131.704,0.035,4,5377.241,1514.134
34.570,131.711,0.035,4,5377.555,1514.722
34.580,131.719,0.035,4,5377.868,1515.311
34.590,131.727,0.035,4,5378.181,1515.900
34.600,131.734,0.035,4,5378.494,1516.489
34.610,131.742,0.035,4,5378.808,1517.078
34.620,131.750,0.035,4,5379.120,1517.667
34.630,131.757,0.035,4,5379.433,1518.256
34.640,131.765,0.035,4,5379.746,1518.845
34.650,131.773,0.035,4,5380.058,1519.434
34.660,131.780,0.035,4,5380.371,1520.023
34.670,131.788,0.035,4,5380.683,1520.612
34.680,131.796,0.035,4,5380.995,1521.201
34.690,131.803,0.035,4,5381.307,1521.790
34.700,131.811,0.035,4,5381.619,1522.380
34.710,131.819,0.035,4,5381.930,1522.969
34.720,131.826,0.035,4,5382.242,1523.558
34.730,131.834,0.035,4,5382.553,1524.148
34.740,131.842,0.035,4,5382.864,1524.737
34.750,131.849,0.035,4,5383.175,1525.326
34.760,131.857,0.035,4,5383.486,1525.916
34.770,131.864,0.035,4,5383.797,1526.505
34.780,131.872,0.035,4,5384.108,1527.095
34.790,131.880,0.035,4,5384.418,1527.684
34.800,131.887,0.035,4,5384.728,1528.274
34.810,131.895,0.035,4,5385.039,1528.863
34.820,131.902,0.035,4,5385.349,1529.453
34.830,131.910,0.035,4,5385.659,1530.043
34.840,131.918,0.035,4,5385.968,1530.632
34.850,131.925,0.035,4,5386.278,1531.222
34.860,131.933,0.035,4,5386.587,1531.812
34.870,131.940,0.035,4,5386.897,1532.402
34.880,131.948,0.034,4,5387.206,1532.992
34.890,131.955,0.034,4,5387.515,1533.581
34.900,131.963,0.034,4,5387.824,1534.171
34.910,131.971,0.034,4,5388.133,1534.761
34.920,131.978,0.034,4,5388.442,1535.351
34.930,131.986,0.034,4,5388.750,1535.941
34.940,131.993,0.034,4,5389.058,1536.531
34.950,132.001,0.034,4,5389.367,1537.121
34.960,132.008,0.034,4,5389.675,1537.712
34.970,132.016,0.034,4,5389.983,1538.302
34.980,132.023,0.034,4,5390.291,1538.892
34.990,132.031,0.034,4,5390.598,1539.482
35.000,132.038,0.034,4,5390.906,1540.072
35.010,132.046,0.034,4,5391.213,1540.663
35.020,132.054,0.034,4,5391.520,1541.253
35.030,132.061,0.034,4,5391.828,1541.843
35.040,132.069,0.034,4,5392.134,1542.434
35.050,132.076,0.034,4,5392.441,1543.024
35.060,132.084,0.034,4,5392.748,1543.615
35.070,132.091,0.034,4,5393.055,1544.205
35.080,132.099,0.034,4,5393.361,1544.795
35.090,132.106,0.034,4,5393.667,1545.386
35.100,132.114,0.034,4,5393.973,1545.977
35.110,132.121,0.034,4,5394.279,1546.567
35.120,132.129,0.034,4,5394.585,1547.158
35.130,132.136,0.034,4,5394.891,1547.749
35.140,132.144,0.034,4,5395.197,1548.339
35.150,132.151,0.034,4,5395.502,1548.930
35.160,132.159,0.034,4,5395.807,1549.521
35.170,132.166,0.034,4,5396.112,1550.112
35.180,132.173,0.034,4,5396.417,1550.702
35.190,132.181,0.034,4,5396.722,1551.293
35.200,132.188,0.034,4,5397.027,1551.884
35.210,132.196,0.034,4,5397.332,1552.475
35.220,132.203,0.034,4,5397.636,1553.066
35.230,132.211,0.034,4,5397.941,1553.657
35.240,132.218,0.034,4,5398.245,1554.248
35.250,132.226,0.034,4,5398.549,1554.839
35.260,132.233,0.034,4,5398.853,1555.431
35.270,132.241,0.034,4,5399.156,1556.022
35.280,132.248,0.034,4,5399.460,1556.613
35.290,132.255,0.034,4,5399.764,1557.204
35.300,132.263,0.034,4,5400.067,1557.795
35.310,132.270,0.034,4,5400.370,1558.387
35.320,132.278,0.034,4,5400.673,1558.978
35.330,132.285,0.034,4,5400.976,1559.569
35.340,132.293,0.034,4,5401.279,1560.161
35.350,132.300,0.034,4,5401.582,1560.752
35.360,132.307,0.034,4,5401.884,1561.344
35.370,132.315,0.034,4,5402.187,1561.935
35.380,132.322,0.034,4,5402.489,1562.527
35.390,132.330,0.034,4,5402.791,1563.118
35.400,132.337,0.034,4,5403.093,1563.710
35.410,132.344,0.034,4,5403.395,1564.301
35.420,132.352,0.034,4,5403.696,1564.893
35.430,132.359,0.034,4,5403.998,1565.485
35.440,132.367,0.034,4,5404.299,1566.076
35.450,132.374,0.034,4,5404.601,1566.668
35.460,132.381,0.034,4,5404.902,1567.260
35.470,132.389,0.034,4,5405.203,1567.852
35.480,132.396,0.034,4,5405.504,1568.443
35.490,132.403,0.034,4,5405.804,1569.035
35.500,132.411,0.034,4,5406.105,1569.627
35.510,132.418,0.034,4,5406.406,1570.219
35.520,132.425,0.034,4,5406.706,1570.811
35.530,132.433,0.033,4,5407.006,1571.403
35.540,132.440,0.033,4,5407.306,1571.995
35.550,132.448,0.033,4,5407.606,1572.587
35.560,132.455,0.033,4,5407.906,1573.179
35.570,132.462,0.033,4,5408.205,1573.772
35.580,132.470,0.033,4,5408.505,1574.364
35.590,132.477,0.033,4,5408.804,1574.956
35.600,132.484,0.033,4,5409.103,1575.548
35.610,132.492,0.033,4,5409.403,1576.140
35.620,132.499,0.033,4,5409.702,1576.733
35.630,132.506,0.033,4,5410.000,1577.325
35.640,132.513,0.033,4,5410.299,1577.917
35.650,132.521,0.033,4,5410.598,1578.510
35.660,132.528,0.033,4,5410.896,1579.102
35.670,132.535,0.033,4,5411.194,1579.695
35.680,132.543,0.033,4,5411.492,1580.287
35.690,132.550,0.033,4,5411.790,1580.880
35.700,132.557,0.033,4,5412.088,1581.472
35.710,132.565,0.033,4,5412.386,1582.065
35.720,132.572,0.033,4,5412.684,1582.658
35.730,132.579,0.033,4,5412.981,1583.250
35.740,132.586,0.033,4,5413.278,1583.843
35.750,132.594,0.033,4,5413.576,1584.436
35.760,132.601,0.033,4,5413.873,1585.028
35.770,132.608,0.033,4,5414.169,1585.621
35.780,132.616,0.033,4,5414.466,1586.214
35.790,132.623,0.033,4,5414.763,1586.807
35.800,132.630,0.033,4,5415.059,1587.400
35.810,132.637,0.033,4,5415.356,1587.993
35.820,132.645,0.033,4,5415.652,1588.586
35.830,132.652,0.033,4,5415.948,1589.179
35.840,132.659,0.033,4,5416.244,1589.772
35.850,132.666,0.033,4,5416.540,1590.365
35.860,132.674,0.033,4,5416.836,1590.958
35.870,132.681,0.033,4,5417.131,1591.551
35.880,132.688,0.033,4,5417.427,1592.144
35.890,132.695,0.033,4,5417.722,1592.737
35.900,132.702,0.033,4,5418.017,1593.331
35.910,132.710,0.033,4,5418.312,1593.924
35.920,132.717,0.033,4,5418.607,1594.517
35.930,132.724,0.033,4,5418.902,1595.110
35.940,132.731,0.033,4,5419.196,1595.704
35.950,132.739,0.033,4,5419.491,1596.297
35.960,132.746,0.033,4,5419.785,1596.891
35.970,132.753,0.033,4,5420.079,1597.484
35.980,132.760,0.033,4,5420.373,1598.077
35.990,132.767,0.033,4,5420.667,1598.671
36.000,132.775,0.033,4,5420.961,1599.264
36.010,132.782,0.033,4,5421.255,1599.858
36.020,132.789,0.033,4,5421.548,1600.452
36.030,132.796,0.033,4,5421.842,1601.045
36.040,132.803,0.033,4,5422.135,1601.639
36.050,132.811,0.033,4,5422.428,1602.233
36.060,132.818,0.033,4,5422.721,1602.826
36.070,132.825,0.033,4,5423.014,1603.420
36.080,132.832,0.033,4,5423.307,1604.014
36.090,132.839,0.033,4,5423.599,1604.608
36.100,132.846,0.033,4,5423.892,1605.202
36.110,132.854,0.033,4,5424.184,1605.796
36.120,132.861,0.033,4,5424.476,1606.389
36.130,132.868,0.033,4,5424.768,1606.983
36.140,132.875,0.033,4,5425.060,1607.577
36.150,132.882,0.033,4,5425.352,1608.171
36.160,132.889,0.033,4,5425.644,1608.765
36.170,132.896,0.033,4,5425.935,1609.360
36.180,132.904,0.033,4,5426.226,1609.954
36.190,132.911,0.032,4,5426.518,1610.548
36.200,132.918,0.032,4,5426.809,1611.142
36.210,132.925,0.032,4,5427.100,1611.736
36.220,132.932,0.032,4,5427.391,1612.330
36.230,132.939,0.032,4,5427.681,1612.925
36.240,132.946,0.032,4,5427.972,1613.519
36.250,132.953,0.032,4,5428.262,1614.113
36.260,132.961,0.032,4,5428.553,1614.708
36.270,132.968,0.032,4,5428.843,1615.302
36.280,132.975,0.032,4,5429.133,1615.897
36.290,132.982,0.032,4,5429.423,1616.491
36.300,132.989,0.032,4,5429.713,1617.086
36.310,132.996,0.032,4,5430.002,1617.680
36.320,133.003,0.032,4,5430.292,1618.275
36.330,133.010,0.032,4,5430.581,1618.869
36.340,133.017,0.032,4,5430.871,1619.464
36.350,133.024,0.032,4,5431.160,1620.058
36.360,133.031,0.032,4,5431.449,1620.653
36.370,133.039,0.032,4,5431.737,1621.248
36.380,133.046,0.032,4,5432.026,1621.843
36.390,133.053,0.032,4,5432.315,1622.437
36.400,133.060,0.032,4,5432.603,1623.032
36.410,133.067,0.032,4,5432.892,1623.627
36.420,133.074,0.032,4,5433.180,1624.222
36.430,133.081,0.032,4,5433.468,1624.817
36.440,133.088,0.032,4,5433.756,1625.412
36.450,133.095,0.032,4,5434.044,1626.007
36.460,133.102,0.032,4,5434.331,1626.602
36.470,133.109,0.032,4,5434.619,1627.197
36.480,133.116,0.032,4,5434.906,1627.792
36.490,133.123,0.032,4,5435.193,1628.387
36.500,133.130,0.032,4,5435.481,1628.982
36.510,133.137,0.032,4,5435.768,1629.577
36.520,133.144,0.032,4,5436.054,1630.172
36.530,133.151,0.032,4,5436.341,1630.768
36.540,133.158,0.032,4,5436.628,1631.363
36.550,133.165,0.032,4,5436.914,1631.958
36.560,133.172,0.032,4,5437.201,1632.554
36.570,133.179,0.032,4,5437.487,1633.149
36.580,133.186,0.032,4,5437.773,1633.744
36.590,133.193,0.032,4,5438.059,1634.340
36.600,133.200,0.032,4,5438.345,1634.935
36.610,133.207,0.032,4,5438.630,1635.531
36.620,133.214,0.032,4,5438.916,1636.126
36.630,133.221,0.032,4,5439.201,1636.722
36.640,133.228,0.032,4,5439.487,1637.317
36.650,133.235,0.032,4,5439.772,1637.913
36.660,133.242,0.032,4,5440.057,1638.508
36.670,133.249,0.032,4,5440.342,1639.104
36.680,133.256,0.032,4,5440.627,1639.700
36.690,133.263,0.032,4,5440.911,1640.296
36.700,133.270,0.032,4,5441.196,1640.891
36.710,133.277,0.032,4,5441.480,1641.487
36.720,133.284,0.032,4,5441.764,1642.083
36.730,133.291,0.032,4,5442.048,1642.679
36.740,133.298,0.032,4,5442.332,1643.275
36.750,133.305,0.032,4,5442.616,1643.871
36.760,133.312,0.032,4,5442.900,1644.466
36.770,133.319,0.032,4,5443.184,1645.062
36.780,133.326,0.032,4,5443.467,1645.658
36.790,133.333,0.032,4,5443.750,1646.254
36.800,133.340,0.032,4,5444.034,1646.851
36.810,133.347,0.032,4,5444.317,1647.447
36.820,133.354,0.032,4,5444.600,1648.043
36.830,133.361,0.032,4,5444.882,1648.639
36.840,133.367,0.032,4,5445.165,1649.235
36.850,133.374,0.032,4,5445.448,1649.831
36.860,133.381,0.032,4,5445.730,1650.428
36.870,133.388,0.031,4,5446.012,1651.024
36.880,133.395,0.031,4,5446.295,1651.620
36.890,133.402,0.031,4,5446.577,1652.217
36.900,133.409,0.031,4,5446.858,1652.813
36.910,133.416,0.031,4,5447.140,1653.409
36.920,133.423,0.031,4,5447.422,1654.006
36.930,133.430,0.031,4,5447.703,1654.602
36.940,133.436,0.031,4,5447.985,1655.199
36.950,133.443,0.031,4,5448.266,1655.795
36.960,133.450,0.031,4,5448.547,1656.392
36.970,133.457,0.031,4,5448.828,1656.988
36.980,133.464,0.031,4,5449.109,1657.585
36.990,133.471,0.031,4,5449.390,1658.182
37.000,133.478,0.031,4,5449.670,1658.778
37.010,133.485,0.031,4,5449.951,1659.375
37.020,133.492,0.031,4,5450.231,1659.972
37.030,133.498,0.031,4,5450.511,1660.569
37.040,133.505,0.031,4,5450.792,1661.165
37.050,133.512,0.031,4,5451.072,1661.762
37.060,133.519,0.031,4,5451.351,1662.359
37.070,133.526,0.031,4,5451.631,1662.956
37.080,133.533,0.031,4,5451.911,1663.553
37.090,133.539,0.031,4,5452.190,1664.150
37.100,133.546,0.031,4,5452.469,1664.747
37.110,133.553,0.031,4,5452.749,1665.344
37.120,133.560,0.031,4,5453.028,1665.941
37.130,133.567,0.031,4,5453.307,1666.538
37.140,133.574,0.031,4,5453.585,1667.135
37.150,133.580,0.031,4,5453.864,1667.732
37.160,133.587,0.031,4,5454.143,1668.329
37.170,133.594,0.031,4,5454.421,1668.927
37.180,133.601,0.031,4,5454.699,1669.524
37.190,133.608,0.031,4,5454.977,1670.121
37.200,133.615,0.031,4,5455.256,1670.718
37.210,133.621,0.031,4,5455.533,1671.316
37.220,133.628,0.031,4,5455.811,1671.913
37.230,133.635,0.031,4,5456.089,1672.510
37.240,133.642,0.031,4,5456.366,1673.108
37.250,133.649,0.031,4,5456.644,1673.705
37.260,133.655,0.031,4,5456.921,1674.303
37.270,133.662,0.031,4,5457.198,1674.900
37.280,133.669,0.031,4,5457.475,1675.498
37.290,133.676,0.031,4,5457.752,1676.095
37.300,133.682,0.031,4,5458.029,1676.693
37.310,133.689,0.031,4,5458.305,1677.291
37.320,133.696,0.031,4,5458.582,1677.888
37.330,133.703,0.031,4,5458.858,1678.486
37.340,133.710,0.031,4,5459.135,1679.084
37.350,133.716,0.031,4,5459.411,1679.681
37.360,133.723,0.031,4,5459.687,1680.279
37.370,133.730,0.031,4,5459.963,1680.877
37.380,133.737,0.031,4,5460.238,1681.475
37.390,133.743,0.031,4,5460.514,1682.073
37.400,133.750,0.031,4,5460.789,1682.671
37.410,133.757,0.031,4,5461.065,1683.269
37.420,133.764,0.031,4,5461.340,1683.867
37.430,133.770,0.031,4,5461.615,1684.465
37.440,133.777,0.031,4,5461.890,1685.063
37.450,133.784,0.031,4,5462.165,1685.661
37.460,133.791,0.031,4,5462.440,1686.259
37.470,133.797,0.031,4,5462.714,1686.857
37.480,133.804,0.031,4,5462.989,1687.455
37.490,133.811,0.031,4,5463.263,1688.053
37.500,133.817,0.031,4,5463.537,1688.651
37.510,133.824,0.031,4,5463.811,1689.250
37.520,133.831,0.031,4,5464.085,1689.848
37.530,133.838,0.031,4,5464.359,1690.446
37.540,133.844,0.031,4,5464.633,1691.044
37.550,133.851,0.031,4,5464.906,1691.643
37.560,133.858,0.031,4,5465.180,1692.241
37.570,133.864,0.030,4,5465.453,1692.840
37.580,133.871,0.030,4,5465.726,1693.438
37.590,133.878,0.030,4,5465.999,1694.036
37.600,133.884,0.030,4,5466.272,1694.635
37.610,133.891,0.030,4,5466.545,1695.234
37.620,133.898,0.030,4,5466.818,1695.832
37.630,133.904,0.030,4,5467.090,1696.431
37.640,133.911,0.030,4,5467.363,1697.029
37.650,133.918,0.030,4,5467.635,1697.628
37.660,133.924,0.030,4,5467.907,1698.227
37.670,133.931,0.030,4,5468.179,1698.825
37.680,133.938,0.030,4,5468.451,1699.424
37.690,133.944,0.030,4,5468.723,1700.023
37.700,133.951,0.030,4,5468.995,1700.622
37.710,133.958,0.030,4,5469.266,1701.220
37.720,133.964,0.030,4,5469.538,1701.819
37.730,133.971,0.030,4,5469.809,1702.418
37.740,133.978,0.030,4,5470.080,1703.017
37.750,133.984,0.030,4,5470.351,1703.616
37.760,133.991,0.030,4,5470.622,1704.215
37.770,133.998,0.030,4,5470.893,1704.814
37.780,134.004,0.030,4,5471.164,1705.413
37.790,134.011,0.030,4,5471.434,1706.012
37.800,134.017,0.030,4,5471.705,1706.611
37.810,134.024,0.030,4,5471.975,1707.210
37.820,134.031,0.030,4,5472.245,1707.810
37.830,134.037,0.030,4,5472.515,1708.409
37.840,134.044,0.030,4,5472.785,1709.008
37.850,134.051,0.030,4,5473.055,1709.607
37.860,134.057,0.030,4,5473.325,1710.206
37.870,134.064,0.030,4,5473.594,1710.806
37.880,134.070,0.030,4,5473.864,1711.405
37.890,134.077,0.030,4,5474.133,1712.004
37.900,134.084,0.030,4,5474.402,1712.604
37.910,134.090,0.030,4,5474.671,1713.203
37.920,134.097,0.030,4,5474.940,1713.803
37.930,134.103,0.030,4,5475.209,1714.402
37.940,134.110,0.030,4,5475.478,1715.002
37.950,134.116,0.030,4,5475.747,1715.601
37.960,134.123,0.030,4,5476.015,1716.201
37.970,134.130,0.030,4,5476.283,1716.800
37.980,134.136,0.030,4,5476.551,1717.400
37.990,134.143,0.030,4,5476.820,1718.000
38.000,134.149,0.030,4,5477.087,1718.599
38.010,134.156,0.030,4,5477.355,1719.199
38.020,134.162,0.030,4,5477.623,1719.799
38.030,134.169,0.030,4,5477.891,1720.399
38.040,134.176,0.030,4,5478.158,1720.998
38.050,134.182,0.030,4,5478.425,1721.598
38.060,134.189,0.030,4,5478.693,1722.198
38.070,134.195,0.030,4,5478.960,1722.798
38.080,134.202,0.030,4,5479.227,1723.398
38.090,134.208,0.030,4,5479.493,1723.998
38.100,134.215,0.030,4,5479.760,1724.598
38.110,134.221,0.030,4,5480.027,1725.198
38.120,134.228,0.030,4,5480.293,1725.798
38.130,134.234,0.030,4,5480.560,1726.398
38.140,134.241,0.030,4,5480.826,1726.998
38.150,134.247,0.030,4,5481.092,1727.598
38.160,134.254,0.030,4,5481.358,1728.198
38.170,134.260,0.030,4,5481.624,1728.799
38.180,134.267,0.030,4,5481.889,1729.399
38.190,134.273,0.030,4,5482.155,1729.999
38.200,134.280,0.030,4,5482.420,1730.599
38.210,134.286,0.030,4,5482.686,1731.200
38.220,134.293,0.030,4,5482.951,1731.800
38.230,134.299,0.030,4,5483.216,1732.400
38.240,134.306,0.030,4,5483.481,1733.001
38.250,134.312,0.030,4,5483.746,1733.601
38.260,134.319,0.030,4,5484.011,1734.201
38.270,134.325,0.030,4,5484.275,1734.802
38.280,134.332,0.030,4,5484.540,1735.402
38.290,134.338,0.029,4,5484.804,1736.003
38.300,134.345,0.029,4,5485.068,1736.604
38.310,134.351,0.029,4,5485.333,1737.204
38.320,134.358,0.029,4,5485.597,1737.805
38.330,134.364,0.029,4,5485.860,1738.405
38.340,134.371,0.029,4,5486.124,1739.006
38.350,134.377,0.029,4,5486.388,1739.607
38.360,134.384,0.029,4,5486.651,1740.207
38.370,134.390,0.029,4,5486.915,1740.808
38.380,134.396,0.029,4,5487.178,1741.409
38.390,134.403,0.029,4,5487.441,1742.010
38.400,134.409,0.029,4,5487.704,1742.611
38.410,134.416,0.029,4,5487.967,1743.212
38.420,134.422,0.029,4,5488.230,1743.812
38.430,134.429,0.029,4,5488.493,1744.413
38.440,134.435,0.029,4,5488.755,1745.014
38.450,134.441,0.029,4,5489.017,1745.615
38.460,134.448,0.029,4,5489.280,1746.216
38.470,134.454,0.029,4,5489.542,1746.817
38.480,134.461,0.029,4,5489.804,1747.419
38.490,134.467,0.029,4,5490.066,1748.020
38.500,134.474,0.029,4,5490.328,1748.621
38.510,134.480,0.029,4,5490.589,1749.222
38.520,134.486,0.029,4,5490.851,1749.823
38.530,134.493,0.029,4,5491.112,1750.424
38.540,134.499,0.029,4,5491.374,1751.026
38.550,134.506,0.029,4,5491.635,1751.627
38.560,134.512,0.029,4,5491.896,1752.228
38.570,134.518,0.029,4,5492.157,1752.830
38.580,134.525,0.029,4,5492.418,1753.431
38.590,134.531,0.029,4,5492.679,1754.032
38.600,134.538,0.029,4,5492.939,1754.634
38.610,134.544,0.029,4,5493.200,1755.235
38.620,134.550,0.029,4,5493.460,1755.837
38.630,134.557,0.029,4,5493.720,1756.438
38.640,134.563,0.029,4,5493.980,1757.040
38.650,134.569,0.029,4,5494.240,1757.641
38.660,134.576,0.029,4,5494.500,1758.243
38.670,134.582,0.029,4,5494.760,1758.844
38.680,134.589,0.029,4,5495.020,1759.446
38.690,134.595,0.029,4,5495.279,1760.048
38.700,134.601,0.029,4,5495.538,1760.649
38.710,134.608,0.029,4,5495.798,1761.251
38.720,134.614,0.029,4,5496.057,1761.853
38.730,134.620,0.029,4,5496.316,1762.455
38.740,134.627,0.029,4,5496.575,1763.057
38.750,134.633,0.029,4,5496.834,1763.658
38.760,134.639,0.029,4,5497.092,1764.260
38.770,134.646,0.029,4,5497.351,1764.862
38.780,134.652,0.029,4,5497.609,1765.464
38.790,134.658,0.029,4,5497.868,1766.066
38.800,134.665,0.029,4,5498.126,1766.668
38.810,134.671,0.029,4,5498.384,1767.270
38.820,134.677,0.029,4,5498.642,1767.872
38.830,134.684,0.029,4,5498.900,1768.474
38.840,134.690,0.029,4,5499.157,1769.076
38.850,134.696,0.029,4,5499.415,1769.678
38.860,134.702,0.029,4,5499.672,1770.281
38.870,134.709,0.029,4,5499.930,1770.883
38.880,134.715,0.029,4,5500.187,1771.485
38.890,134.721,0.029,4,5500.444,1772.087
38.900,134.728,0.029,4,5500.701,1772.690
38.910,134.734,0.029,4,5500.958,1773.292
38.920,134.740,0.029,4,5501.215,1773.894
38.930,134.747,0.029,4,5501.471,1774.497
38.940,134.753,0.029,4,5501.728,1775.099
38.950,134.759,0.029,4,5501.984,1775.701
38.960,134.765,0.029,4,5502.240,1776.304
38.970,134.772,0.029,4,5502.497,1776.906
38.980,134.778,0.029,4,5502.753,1777.509
38.990,134.784,0.029,4,5503.009,1778.111
39.000,134.790,0.029,4,5503.264,1778.714
39.010,134.797,0.029,4,5503.520,1779.316
39.020,134.803,0.029,4,5503.776,1779.919
39.030,134.809,0.028,4,5504.031,1780.522
39.040,134.815,0.028,4,5504.286,1781.124
39.050,134.822,0.028,4,5504.542,1781.727
39.060,134.828,0.028,4,5504.797,1782.330
39.070,134.834,0.028,4,5505.052,1782.932
39.080,134.840,0.028,4,5505.306,1783.535
39.090,134.847,0.028,4,5505.561,1784.138
39.100,134.853,0.028,4,5505.816,1784.741
39.110,134.859,0.028,4,5506.070,1785.344
39.120,134.865,0.028,4,5506.325,1785.947
39.130,134.872,0.028,4,5506.579,1786.550
39.140,134.878,0.028,4,5506.833,1787.152
39.150,134.884,0.028,4,5507.087,1787.755
39.160,134.890,0.028,4,5507.341,1788.358
39.170,134.897,0.028,4,5507.595,1788.961
39.180,134.903,0.028,4,5507.848,1789.565
39.190,134.909,0.028,4,5508.102,1790.168
39.200,134.915,0.028,4,5508.355,1790.771
39.210,134.921,0.028,4,5508.609,1791.374
39.220,134.928,0.028,4,5508.862,1791.977
39.230,134.934,0.028,4,5509.115,1792.580
39.240,134.940,0.028,4,5509.368,1793.183
39.250,134.946,0.028,4,5509.621,1793.787
39.260,134.952,0.028,4,5509.873,1794.390
39.270,134.959,0.028,4,5510.126,1794.993
39.280,134.965,0.028,4,5510.379,1795.597
39.290,134.971,0.028,4,5510.631,1796.200
39.300,134.977,0.028,4,5510.883,1796.803
39.310,134.983,0.028,4,5511.135,1797.407
39.320,134.989,0.028,4,5511.387,1798.010
39.330,134.996,0.028,4,5511.639,1798.614
39.340,135.002,0.028,4,5511.891,1799.217
39.350,135.008,0.028,4,5512.143,1799.821
39.360,135.014,0.028,4,5512.394,1800.424
39.370,135.020,0.028,4,5512.646,1801.028
39.380,135.026,0.028,4,5512.897,1801.631
39.390,135.033,0.028,4,5513.148,1802.235
39.400,135.039,0.028,4,5513.399,1802.839
39.410,135.045,0.028,4,5513.650,1803.442
39.420,135.051,0.028,4,5513.901,1804.046
39.430,135.057,0.028,4,5514.152,1804.650
39.440,135.063,0.028,4,5514.402,1805.254
39.450,135.069,0.028,4,5514.653,1805.857
39.460,135.076,0.028,4,5514.903,1806.461
39.470,135.082,0.028,4,5515.153,1807.065
39.480,135.088,0.028,4,5515.404,1807.669
39.490,135.094,0.028,4,5515.654,1808.273
39.500,135.100,0.028,4,5515.904,1808.877
39.510,135.106,0.028,4,5516.153,1809.481
39.520,135.112,0.028,4,5516.403,1810.085
39.530,135.118,0.028,4,5516.653,1810.689
39.540,135.124,0.028,4,5516.902,1811.293
39.550,135.131,0.028,4,5517.151,1811.897
39.560,135.137,0.028,4,5517.401,1812.501
39.570,135.143,0.028,4,5517.650,1813.105
39.580,135.149,0.028,4,5517.899,1813.709
39.590,135.155,0.028,4,5518.148,1814.313
39.600,135.161,0.028,4,5518.396,1814.918
39.610,135.167,0.028,4,5518.645,1815.522
39.620,135.173,0.028,4,5518.893,1816.126
39.630,135.179,0.028,4,5519.142,1816.731
39.640,135.185,0.028,4,5519.390,1817.335
39.650,135.191,0.028,4,5519.638,1817.939
39.660,135.198,0.028,4,5519.886,1818.544
39.670,135.204,0.028,4,5520.134,1819.148
39.680,135.210,0.028,4,5520.382,1819.752
39.690,135.216,0.028,4,5520.630,1820.357
39.700,135.222,0.028,4,5520.877,1820.961
39.710,135.228,0.028,4,5521.125,1821.566
39.720,135.234,0.028,4,5521.372,1822.170
39.730,135.240,0.028,4,5521.619,1822.775
39.740,135.246,0.028,4,5521.867,1823.379
39.750,135.252,0.028,4,5522.114,1823.984
39.760,135.258,0.028,4,5522.360,1824.589
39.770,135.264,0.028,4,5522.607,1825.193
39.780,135.270,0.028,4,5522.854,1825.798
39.790,135.276,0.028,4,5523.100,1826.403
39.800,135.282,0.027,4,5523.347,1827.008
39.810,135.288,0.027,4,5523.593,1827.612
39.820,135.294,0.027,4,5523.839,1828.217
39.830,135.300,0.027,4,5524.086,1828.822
39.840,135.306,0.027,4,5524.332,1829.427
39.850,135.312,0.027,4,5524.577,1830.032
39.860,135.318,0.027,4,5524.823,1830.637
39.870,135.324,0.027,4,5525.069,1831.242
39.880,135.331,0.027,4,5525.314,1831.847
39.890,135.337,0.027,4,5525.560,1832.452
39.900,135.343,0.027,4,5525.805,1833.057
39.910,135.349,0.027,4,5526.050,1833.662
39.920,135.355,0.027,4,5526.295,1834.267
39.930,135.361,0.027,4,5526.540,1834.872
39.940,135.367,0.027,4,5526.785,1835.477
39.950,135.373,0.027,4,5527.030,1836.082
39.960,135.379,0.027,4,5527.274,1836.687
39.970,135.385,0.027,4,5527.519,1837.292
39.980,135.390,0.027,4,5527.763,1837.898
39.990,135.396,0.027,4,5528.007,1838.503
40.000,135.402,0.027,4,5528.252,1839.108
40.010,135.408,0.027,4,5528.496,1839.714
40.020,135.414,0.027,4,5528.740,1840.319
40.030,135.420,0.027,4,5528.983,1840.924
40.040,135.426,0.027,4,5529.227,1841.530
40.050,135.432,0.027,4,5529.471,1842.135
40.060,135.438,0.027,4,5529.714,1842.741
40.070,135.444,0.027,4,5529.957,1843.346
40.080,135.450,0.027,4,5530.201,1843.952
40.090,135.456,0.027,4,5530.444,1844.557
40.100,135.462,0.027,4,5530.687,1845.163
40.110,135.468,0.027,4,5530.930,1845.768
40.120,135.474,0.027,4,5531.172,1846.374
40.130,135.480,0.027,4,5531.415,1846.979
40.140,135.486,0.027,4,5531.658,1847.585
40.150,135.492,0.027,4,5531.900,1848.191
40.160,135.498,0.027,4,5532.142,1848.797
40.170,135.504,0.027,4,5532.385,1849.402
40.180,135.510,0.027,4,5532.627,1850.008
40.190,135.516,0.027,4,5532.869,1850.614
40.200,135.521,0.027,4,5533.111,1851.220
40.210,135.527,0.027,4,5533.352,1851.825
40.220,135.533,0.027,4,5533.594,1852.431
40.230,135.539,0.027,4,5533.836,1853.037
40.240,135.545,0.027,4,5534.077,1853.643
40.250,135.551,0.027,4,5534.318,1854.249
40.260,135.557,0.027,4,5534.559,1854.855
40.270,135.563,0.027,4,5534.801,1855.461
40.280,135.569,0.027,4,5535.042,1856.067
40.290,135.575,0.027,4,5535.282,1856.673
40.300,135.581,0.027,4,5535.523,1857.279
40.310,135.586,0.027,4,5535.764,1857.885
40.320,135.592,0.027,4,5536.004,1858.492
40.330,135.598,0.027,4,5536.245,1859.098
40.340,135.604,0.027,4,5536.485,1859.704
40.350,135.610,0.027,4,5536.725,1860.310
40.360,135.616,0.027,4,5536.965,1860.916
40.370,135.622,0.027,4,5537.205,1861.523
40.380,135.628,0.027,4,5537.445,1862.129
40.390,135.633,0.027,4,5537.685,1862.735
40.400,135.639,0.027,4,5537.924,1863.342
40.410,135.645,0.027,4,5538.164,1863.948
40.420,135.651,0.027,4,5538.403,1864.554
40.430,135.657,0.027,4,5538.643,1865.161
40.440,135.663,0.027,4,5538.882,1865.767
40.450,135.669,0.027,4,5539.121,1866.374
40.460,135.675,0.027,4,5539.360,1866.980
40.470,135.680,0.027,4,5539.599,1867.587
40.480,135.686,0.027,4,5539.837,1868.193
40.490,135.692,0.027,4,5540.076,1868.800
40.500,135.698,0.027,4,5540.314,1869.407
40.510,135.704,0.027,4,5540.553,1870.013
40.520,135.710,0.027,4,5540.791,1870.620
40.530,135.715,0.027,4,5541.029,1871.227
40.540,135.721,0.027,4,5541.267,1871.833
40.550,135.727,0.027,4,5541.505,1872.440
40.560,135.733,0.027,4,5541.743,1873.047
40.570,135.739,0.027,4,5541.981,1873.654
40.580,135.745,0.027,4,5542.218,1874.260
40.590,135.750,0.026,4,5542.456,1874.867
40.600,135.756,0.026,4,5542.693,1875.474
40.610,135.762,0.026,4,5542.931,1876.081
40.620,135.768,0.026,4,5543.168,1876.688
40.630,135.774,0.026,4,5543.405,1877.295
40.640,135.779,0.026,4,5543.642,1877.902
40.650,135.785,0.026,4,5543.879,1878.509
40.660,135.791,0.026,4,5544.115,1879.116
40.670,135.797,0.026,4,5544.352,1879.723
40.680,135.803,0.026,4,5544.588,1880.330
40.690,135.808,0.026,4,5544.825,1880.937
40.700,135.814,0.026,4,5545.061,1881.544
40.710,135.820,0.026,4,5545.297,1882.151
40.720,135.826,0.026,4,5545.533,1882.759
40.730,135.832,0.026,4,5545.769,1883.366
40.740,135.837,0.026,4,5546.005,1883.973
40.750,135.843,0.026,4,5546.241,1884.580
40.760,135.849,0.026,4,5546.476,1885.188
40.770,135.855,0.026,4,5546.712,1885.795
40.780,135.860,0.026,4,5546.947,1886.402
40.790,135.866,0.026,4,5547.183,1887.010
40.800,135.872,0.026,4,5547.418,1887.617
40.810,135.878,0.026,4,5547.653,1888.224
40.820,135.883,0.026,4,5547.888,1888.832
40.830,135.889,0.026,4,5548.123,1889.439
40.840,135.895,0.026,4,5548.357,1890.047
40.850,135.901,0.026,4,5548.592,1890.654
40.860,135.906,0.026,4,5548.827,1891.262
40.870,135.912,0.026,4,5549.061,1891.869
40.880,135.918,0.026,4,5549.295,1892.477
40.890,135.924,0.026,4,5549.529,1893.085
40.900,135.929,0.026,4,5549.763,1893.692
40.910,135.935,0.026,4,5549.997,1894.300
40.920,135.941,0.026,4,5550.231,1894.908
40.930,135.947,0.026,4,5550.465,1895.515
40.940,135.952,0.026,4,5550.699,1896.123
40.950,135.958,0.026,4,5550.932,1896.731
40.960,135.964,0.026,4,5551.166,1897.339
40.970,135.969,0.026,4,5551.399,1897.946
40.980,135.975,0.026,4,5551.632,1898.554
40.990,135.981,0.026,4,5551.865,1899.162
41.000,135.987,0.026,4,5552.098,1899.770
41.010,135.992,0.026,4,5552.331,1900.378
41.020,135.998,0.026,4,5552.564,1900.986
41.030,136.004,0.026,4,5552.796,1901.594
41.040,136.009,0.026,4,5553.029,1902.202
41.050,136.015,0.026,4,5553.261,1902.810
41.060,136.021,0.026,4,5553.494,1903.418
41.070,136.026,0.026,4,5553.726,1904.026
41.080,136.032,0.026,4,5553.958,1904.634
41.090,136.038,0.026,4,5554.190,1905.242
41.100,136.043,0.026,4,5554.422,1905.850
41.110,136.049,0.026,4,5554.654,1906.459
41.120,136.055,0.026,4,5554.885,1907.067
41.130,136.060,0.026,4,5555.117,1907.675
41.140,136.066,0.026,4,5555.348,1908.283
41.150,136.072,0.026,4,5555.580,1908.892
41.160,136.077,0.026,4,5555.811,1909.500
41.170,136.083,0.026,4,5556.042,1910.108
41.180,136.089,0.026,4,5556.273,1910.717
41.190,136.094,0.026,4,5556.504,1911.325
41.200,136.100,0.026,4,5556.735,1911.933
41.210,136.106,0.026,4,5556.966,1912.542
41.220,136.111,0.026,4,5557.196,1913.150
41.230,136.117,0.026,4,5557.427,1913.759
41.240,136.123,0.026,4,5557.657,1914.367
41.250,136.128,0.026,4,5557.887,1914.976
41.260,136.134,0.026,4,5558.117,1915.584
41.270,136.140,0.026,4,5558.347,1916.193
41.280,136.145,0.026,4,5558.577,1916.802
41.290,136.151,0.026,4,5558.807,1917.410
41.300,136.156,0.026,4,5559.037,1918.019
41.310,136.162,0.026,4,5559.267,1918.628
41.320,136.168,0.026,4,5559.496,1919.236
41.330,136.173,0.026,4,5559.725,1919.845
41.340,136.179,0.026,4,5559.955,1920.454
41.350,136.185,0.026,4,5560.184,1921.063
41.360,136.190,0.026,4,5560.413,1921.671
41.370,136.196,0.026,4,5560.642,1922.280
41.380,136.201,0.026,4,5560.871,1922.889
41.390,136.207,0.026,4,5561.100,1923.498
41.400,136.213,0.026,4,5561.328,1924.107
41.410,136.218,0.025,4,5561.557,1924.716
41.420,136.224,0.025,4,5561.785,1925.325
41.430,136.229,0.025,4,5562.013,1925.934
41.440,136.235,0.025,4,5562.242,1926.543
41.450,136.241,0.025,4,5562.470,1927.152
41.460,136.246,0.025,4,5562.698,1927.761
41.470,136.252,0.025,4,5562.926,1928.370
41.480,136.257,0.025,4,5563.153,1928.979
41.490,136.263,0.025,4,5563.381,1929.588
41.500,136.268,0.025,4,5563.609,1930.197
41.510,136.274,0.025,4,5563.836,1930.807
41.520,136.280,0.025,4,5564.063,1931.416
41.530,136.285,0.025,4,5564.291,1932.025
41.540,136.291,0.025,4,5564.518,1932.634
41.550,136.296,0.025,4,5564.745,1933.244
41.560,136.302,0.025,4,5564.972,1933.853
41.570,136.307,0.025,4,5565.199,1934.462
41.580,136.313,0.025,4,5565.425,1935.072
41.590,136.318,0.025,4,5565.652,1935.681
41.600,136.324,0.025,4,5565.878,1936.290
41.610,136.330,0.025,4,5566.105,1936.900
41.620,136.335,0.025,4,5566.331,1937.509
41.630,136.341,0.025,4,5566.557,1938.119
41.640,136.346,0.025,4,5566.783,1938.728
41.650,136.352,0.025,4,5567.009,1939.338
41.660,136.357,0.025,4,5567.235,1939.947
41.670,136.363,0.025,4,5567.461,1940.557
41.680,136.368,0.025,4,5567.687,1941.166
41.690,136.374,0.025,4,5567.912,1941.776
41.700,136.379,0.025,4,5568.138,1942.386
41.710,136.385,0.025,4,5568.363,1942.995
41.720,136.390,0.025,4,5568.588,1943.605
41.730,136.396,0.025,4,5568.813,1944.215
41.740,136.401,0.025,4,5569.038,1944.825
41.750,136.407,0.025,4,5569.263,1945.434
41.760,136.412,0.025,4,5569.488,1946.044
41.770,136.418,0.025,4,5569.713,1946.654
41.780,136.423,0.025,4,5569.937,1947.264
41.790,136.429,0.025,4,5570.162,1947.874
41.800,136.434,0.025,4,5570.386,1948.484
41.810,136.440,0.025,4,5570.610,1949.094
41.820,136.445,0.025,4,5570.835,1949.704
41.830,136.451,0.025,4,5571.059,1950.314
41.840,136.456,0.025,4,5571.283,1950.924
41.850,136.462,0.025,4,5571.507,1951.534
41.860,136.467,0.025,4,5571.730,1952.144
41.870,136.473,0.025,4,5571.954,1952.754
41.880,136.478,0.025,4,5572.177,1953.364
41.890,136.484,0.025,4,5572.401,1953.974
41.900,136.489,0.025,4,5572.624,1954.584
41.910,136.495,0.025,4,5572.847,1955.194
41.920,136.500,0.025,4,5573.071,1955.804
41.930,136.506,0.025,4,5573.294,1956.415
41.940,136.511,0.025,4,5573.516,1957.025
41.950,136.517,0.025,4,5573.739,1957.635
41.960,136.522,0.025,4,5573.962,1958.245
41.970,136.527,0.025,4,5574.185,1958.856
41.980,136.533,0.025,4,5574.407,1959.466
41.990,136.538,0.025,4,5574.629,1960.077
42.000,136.544,0.025,4,5574.852,1960.687
42.010,136.549,0.025,4,5575.074,1961.297
42.020,136.555,0.025,4,5575.296,1961.908
42.030,136.560,0.025,4,5575.518,1962.518
42.040,136.566,0.025,4,5575.740,1963.129
42.050,136.571,0.025,4,5575.961,1963.739
42.060,136.576,0.025,4,5576.183,1964.350
42.070,136.582,0.025,4,5576.405,1964.960
42.080,136.587,0.025,4,5576.626,1965.571
42.090,136.593,0.025,4,5576.847,1966.182
42.100,136.598,0.025,4,5577.069,1966.792
42.110,136.604,0.025,4,5577.290,1967.403
42.120,136.609,0.025,4,5577.511,1968.014
42.130,136.614,0.025,4,5577.732,1968.624
42.140,136.620,0.025,4,5577.953,1969.235
42.150,136.625,0.025,4,5578.173,1969.846
42.160,136.631,0.025,4,5578.394,1970.456
42.170,136.636,0.025,4,5578.614,1971.067
42.180,136.641,0.025,4,5578.835,1971.678
42.190,136.647,0.025,4,5579.055,1972.289
42.200,136.652,0.025,4,5579.275,1972.900
42.210,136.658,0.025,4,5579.495,1973.511
42.220,136.663,0.025,4,5579.715,1974.122
42.230,136.668,0.025,4,5579.935,1974.733
42.240,136.674,0.025,4,5580.155,1975.344
42.250,136.679,0.025,4,5580.375,1975.955
42.260,136.684,0.024,4,5580.594,1976.566
42.270,136.690,0.024,4,5580.814,1977.177
42.280,136.695,0.024,4,5581.033,1977.788
42.290,136.701,0.024,4,5581.252,1978.399
42.300,136.706,0.024,4,5581.471,1979.010
42.310,136.711,0.024,4,5581.691,1979.621
42.320,136.717,0.024,4,5581.909,1980.232
42.330,136.722,0.024,4,5582.128,1980.843
42.340,136.727,0.024,4,5582.347,1981.455
42.350,136.733,0.024,4,5582.566,1982.066
42.360,136.738,0.024,4,5582.784,1982.677
42.370,136.743,0.024,4,5583.003,1983.288
42.380,136.749,0.024,4,5583.221,1983.900
42.390,136.754,0.024,4,5583.439,1984.511
42.400,136.759,0.024,4,5583.657,1985.122
42.410,136.765,0.024,4,5583.875,1985.734
42.420,136.770,0.024,4,5584.093,1986.345
42.430,136.776,0.024,4,5584.311,1986.957
42.440,136.781,0.024,4,5584.529,1987.568
42.450,136.786,0.024,4,5584.746,1988.180
42.460,136.791,0.024,4,5584.964,1988.791
42.470,136.797,0.024,4,5585.181,1989.403
42.480,136.802,0.024,4,5585.399,1990.014
42.490,136.807,0.024,4,5585.616,1990.626
42.500,136.813,0.024,4,5585.833,1991.237
42.510,136.818,0.024,4,5586.050,1991.849
42.520,136.823,0.024,4,5586.267,1992.461
42.530,136.829,0.024,4,5586.484,1993.072
42.540,136.834,0.024,4,5586.700,1993.684
42.550,136.839,0.024,4,5586.917,1994.296
42.560,136.845,0.024,4,5587.133,1994.907
42.570,136.850,0.024,4,5587.350,1995.519
42.580,136.855,0.024,4,5587.566,1996.131
42.590,136.861,0.024,4,5587.782,1996.743
42.600,136.866,0.024,4,5587.998,1997.355
42.610,136.871,0.024,4,5588.214,1997.966
42.620,136.876,0.024,4,5588.430,1998.578
42.630,136.882,0.024,4,5588.646,1999.190
42.640,136.887,0.024,4,5588.862,1999.802
42.650,136.892,0.024,4,5589.077,2000.414
42.660,136.898,0.024,4,5589.293,2001.026
42.670,136.903,0.024,4,5589.508,2001.638
42.680,136.908,0.024,4,5589.723,2002.250
42.690,136.913,0.024,4,5589.938,2002.862
42.700,136.919,0.024,4,5590.153,2003.474
42.710,136.924,0.024,4,5590.368,2004.086
42.720,136.929,0.024,4,5590.583,2004.698
42.730,136.934,0.024,4,5590.798,2005.311
42.740,136.940,0.024,4,5591.013,2005.923
42.750,136.945,0.024,4,5591.227,2006.535
42.760,136.950,0.024,4,5591.442,2007.147
42.770,136.955,0.024,4,5591.656,2007.759
42.780,136.961,0.024,4,5591.870,2008.372
42.790,136.966,0.024,4,5592.084,2008.984
42.800,136.971,0.024,4,5592.298,2009.596
42.810,136.976,0.024,4,5592.512,2010.208
42.820,136.982,0.024,4,5592.726,2010.821
42.830,136.987,0.024,4,5592.940,2011.433
42.840,136.992,0.024,4,5593.153,2012.046
42.850,136.997,0.024,4,5593.367,2012.658
42.860,137.003,0.024,4,5593.580,2013.270
42.870,137.008,0.024,4,5593.794,2013.883
42.880,137.013,0.024,4,5594.007,2014.495
42.890,137.018,0.024,4,5594.220,2015.108
42.900,137.023,0.024,4,5594.433,2015.720
42.910,137.029,0.024,4,5594.646,2016.333
42.920,137.034,0.024,4,5594.859,2016.946
42.930,137.039,0.024,4,5595.072,2017.558
42.940,137.044,0.024,4,5595.284,2018.171
42.950,137.049,0.024,4,5595.497,2018.784
42.960,137.055,0.024,4,5595.709,2019.396
42.970,137.060,0.024,4,5595.922,2020.009
42.980,137.065,0.024,4,5596.134,2020.622
42.990,137.070,0.024,4,5596.346,2021.234
43.000,137.075,0.024,4,5596.558,2021.847
43.010,137.081,0.024,4,5596.770,2022.460
43.020,137.086,0.024,4,5596.982,2023.073
43.030,137.091,0.024,4,5597.193,2023.686
43.040,137.096,0.024,4,5597.405,2024.298
43.050,137.101,0.024,4,5597.617,2024.911
43.060,137.107,0.024,4,5597.828,2025.524
43.070,137.112,0.024,4,5598.039,2026.137
43.080,137.117,0.024,4,5598.251,2026.750
43.090,137.122,0.024,4,5598.462,2027.363
43.100,137.127,0.024,4,5598.673,2027.976
43.110,137.132,0.024,4,5598.884,2028.589
43.120,137.138,0.024,4,5599.094,2029.202
43.130,137.143,0.024,4,5599.305,2029.815
43.140,137.148,0.023,4,5599.516,2030.428
43.150,137.153,0.023,4,5599.726,2031.041
43.160,137.158,0.023,4,5599.937,2031.655
43.170,137.163,-0.163,5,3640.096,2032.268
43.180,137.128,-0.163,5,3639.147,2032.881
43.190,137.092,-0.163,5,3638.199,2033.494
43.200,137.056,-0.163,5,3637.251,2034.107
43.210,137.020,-0.163,5,3636.304,2034.719
43.220,136.985,-0.163,5,3635.357,2035.332
43.230,136.949,-0.162,5,3634.411,2035.944
43.240,136.914,-0.162,5,3633.465,2036.556
43.250,136.878,-0.162,5,3632.519,2037.168
43.260,136.842,-0.162,5,3631.574,2037.780
43.270,136.807,-0.162,5,3630.629,2038.392
43.280,136.771,-0.162,5,3629.685,2039.003
43.290,136.736,-0.162,5,3628.742,2039.614
43.300,136.700,-0.162,5,3627.798,2040.226
43.310,136.664,-0.162,5,3626.855,2040.837
43.320,136.629,-0.162,5,3625.913,2041.447
43.330,136.593,-0.162,5,3624.971,2042.058
43.340,136.558,-0.162,5,3624.030,2042.669
43.350,136.523,-0.162,5,3623.089,2043.279
43.360,136.487,-0.161,5,3622.148,2043.889
43.370,136.452,0.000,5,3621.208,2044.499
43.380,136.452,0.000,5,3621.209,2045.109
43.390,136.452,0.000,5,3621.210,2045.719
43.400,136.452,0.000,5,3621.210,2046.329
43.410,136.452,0.000,5,3621.211,2046.939
43.420,136.452,0.000,5,3621.212,2047.549
43.430,136.452,0.000,5,3621.213,2048.159
43.440,136.452,0.000,5,3621.214,2048.769
43.450,136.452,0.000,5,3621.215,2049.379
43.460,136.452,0.000,5,3621.216,2049.989
43.470,136.452,0.000,5,3621.216,2050.599
43.480,136.452,0.000,5,3621.217,2051.209
43.490,136.452,0.000,5,3621.218,2051.819
43.500,136.452,0.000,5,3621.219,2052.429
43.510,136.452,0.000,5,3621.220,2053.039
43.520,136.452,0.000,5,3621.221,2053.649
43.530,136.452,0.000,5,3621.222,2054.259
43.540,136.452,0.000,5,3621.222,2054.869
43.550,136.452,0.000,5,3621.223,2055.479
43.560,136.452,0.000,5,3621.224,2056.089
43.570,136.452,0.000,5,3621.225,2056.699
43.580,136.452,0.000,5,3621.226,2057.309
43.590,136.452,0.000,5,3621.227,2057.919
43.600,136.452,0.000,5,3621.228,2058.529
43.610,136.452,0.000,5,3621.228,2059.139
43.620,136.452,0.000,5,3621.229,2059.749
43.630,136.452,0.000,5,3621.230,2060.359
43.640,136.453,0.000,5,3621.231,2060.969
43.650,136.453,0.000,5,3621.232,2061.579
43.660,136.453,0.000,5,3621.233,2062.189
43.670,136.453,0.000,5,3621.233,2062.799
43.680,136.453,0.000,5,3621.234,2063.409
43.690,136.453,0.000,5,3621.235,2064.019
43.700,136.453,0.000,5,3621.236,2064.629
43.710,136.453,0.000,5,3621.237,2065.239
43.720,136.453,0.000,5,3621.238,2065.849
43.730,136.453,0.000,5,3621.239,2066.459
43.740,136.453,0.000,5,3621.239,2067.069
43.750,136.453,0.000,5,3621.240,2067.679
43.760,136.453,0.000,5,3621.241,2068.289
43.770,136.453,0.000,5,3621.242,2068.899
43.780,136.453,0.000,5,3621.243,2069.509
43.790,136.453,0.000,5,3621.244,2070.119
43.800,136.453,0.000,5,3621.244,2070.729
43.810,136.453,0.000,5,3621.245,2071.339
43.820,136.453,0.000,5,3621.246,2071.949
43.830,136.453,0.000,5,3621.247,2072.559
43.840,136.453,0.000,5,3621.248,2073.169
43.850,136.453,0.000,5,3621.249,2073.779
43.860,136.453,0.000,5,3621.249,2074.389
43.870,136.453,0.000,5,3621.250,2074.999
43.880,136.453,0.000,5,3621.251,2075.609
43.890,136.453,0.000,5,3621.252,2076.219
43.900,136.453,0.000,5,3621.253,2076.829
43.910,136.453,0.000,5,3621.254,2077.439
43.920,136.453,0.000,5,3621.254,2078.049
43.930,136.453,0.000,5,3621.255,2078.659
43.940,136.453,0.000,5,3621.256,2079.269
43.950,136.454,0.000,5,3621.257,2079.879
43.960,136.454,0.000,5,3621.258,2080.489
43.970,136.454,0.000,5,3621.259,2081.099
43.980,136.454,0.000,5,3621.260,2081.709
43.990,136.454,0.000,5,3621.260,2082.319
44.000,136.454,0.000,5,3621.261,2082.929
44.010,136.454,0.000,5,3621.262,2083.539
44.020,136.454,0.000,5,3621.263,2084.149
44.030,136.454,0.000,5,3621.264,2084.759
44.040,136.454,0.000,5,3621.265,2085.369
44.050,136.454,0.000,5,3621.265,2085.979
44.060,136.454,0.000,5,3621.266,2086.589
44.070,136.454,0.000,5,3621.267,2087.199
44.080,136.454,0.000,5,3621.268,2087.809
44.090,136.454,0.000,5,3621.269,2088.419
44.100,136.454,0.000,5,3621.270,2089.029
44.110,136.454,0.000,5,3621.270,2089.639
44.120,136.454,0.000,5,3621.271,2090.249
44.130,136.454,0.000,5,3621.272,2090.859
44.140,136.454,0.000,5,3621.273,2091.469
44.150,136.454,0.000,5,3621.274,2092.079
44.160,136.454,0.000,5,3621.274,2092.689
44.170,136.454,0.000,5,3621.275,2093.299
44.180,136.454,0.000,5,3621.276,2093.909
44.190,136.454,0.000,5,3621.277,2094.519
44.200,136.454,0.000,5,3621.278,2095.129
44.210,136.454,0.000,5,3621.279,2095.739
44.220,136.454,0.000,5,3621.279,2096.349
44.230,136.454,0.000,5,3621.280,2096.959
44.240,136.454,0.000,5,3621.281,2097.569
44.250,136.454,0.000,5,3621.282,2098.179
44.260,136.454,0.000,5,3621.283,2098.789
44.270,136.455,0.000,5,3621.284,2099.399
44.280,136.455,0.000,5,3621.284,2100.009
44.290,136.455,0.000,5,3621.285,2100.619
44.300,136.455,0.000,5,3621.286,2101.229
44.310,136.455,0.000,5,3621.287,2101.839
44.320,136.455,0.000,5,3621.288,2102.449
44.330,136.455,0.000,5,3621.288,2103.059
44.340,136.455,0.000,5,3621.289,2103.669
44.350,136.455,0.000,5,3621.290,2104.279
44.360,136.455,0.000,5,3621.291,2104.889
44.370,136.455,0.000,5,3621.292,2105.499
44.380,136.455,0.000,5,3621.293,2106.109
44.390,136.455,0.000,5,3621.293,2106.719
44.400,136.455,0.000,5,3621.294,2107.329
44.410,136.455,0.000,5,3621.295,2107.939
44.420,136.455,0.000,5,3621.296,2108.549
44.430,136.455,0.000,5,3621.297,2109.159
44.440,136.455,0.000,5,3621.297,2109.769
44.450,136.455,0.000,5,3621.298,2110.379
44.460,136.455,0.000,5,3621.299,2110.989
44.470,136.455,0.000,5,3621.300,2111.599
44.480,136.455,0.000,5,3621.301,2112.209
44.490,136.455,0.000,5,3621.302,2112.819
44.500,136.455,0.000,5,3621.302,2113.429
44.510,136.455,0.000,5,3621.303,2114.039
44.520,136.455,0.000,5,3621.304,2114.649
44.530,136.455,0.000,5,3621.305,2115.259
44.540,136.455,0.000,5,3621.306,2115.869
44.550,136.455,0.000,5,3621.306,2116.479
44.560,136.455,0.000,5,3621.307,2117.089
44.570,136.455,0.000,5,3621.308,2117.699
44.580,136.455,0.000,5,3621.309,2118.310
44.590,136.455,0.000,5,3621.310,2118.920
44.600,136.456,0.000,5,3621.311,2119.530
44.610,136.456,0.000,5,3621.311,2120.140
44.620,136.456,0.000,5,3621.312,2120.750
44.630,136.456,0.000,5,3621.313,2121.360
44.640,136.456,0.000,5,3621.314,2121.970
44.650,136.456,0.000,5,3621.315,2122.580
44.660,136.456,0.000,5,3621.315,2123.190
44.670,136.456,0.000,5,3621.316,2123.800
44.680,136.456,0.000,5,3621.317,2124.410
44.690,136.456,0.000,5,3621.318,2125.020
44.700,136.456,0.000,5,3621.319,2125.630
44.710,136.456,0.000,5,3621.319,2126.240
44.720,136.456,0.000,5,3621.320,2126.850
44.730,136.456,0.000,5,3621.321,2127.460
44.740,136.456,0.000,5,3621.322,2128.070
44.750,136.456,0.000,5,3621.323,2128.680
44.760,136.456,0.000,5,3621.323,2129.290
44.770,136.456,0.000,5,3621.324,2129.900
44.780,136.456,0.000,5,3621.325,2130.510
44.790,136.456,0.000,5,3621.326,2131.120
44.800,136.456,0.000,5,3621.327,2131.730
44.810,136.456,0.000,5,3621.327,2132.340
44.820,136.456,0.000,5,3621.328,2132.950
44.830,136.456,0.000,5,3621.329,2133.560
44.840,136.456,0.000,5,3621.330,2134.170
44.850,136.456,0.000,5,3621.331,2134.780
44.860,136.456,0.000,5,3621.331,2135.390
44.870,136.456,0.000,5,3621.332,2136.000
44.880,136.456,0.000,5,3621.333,2136.610
44.890,136.456,0.000,5,3621.334,2137.220
44.900,136.456,0.000,5,3621.335,2137.830
44.910,136.456,0.000,5,3621.335,2138.440
44.920,136.456,0.000,5,3621.336,2139.050
44.930,136.457,0.000,5,3621.337,2139.660
44.940,136.457,0.000,5,3621.338,2140.270
44.950,136.457,0.000,5,3621.339,2140.880
44.960,136.457,0.000,5,3621.339,2141.490
44.970,136.457,0.000,5,3621.340,2142.100
44.980,136.457,0.000,5,3621.341,2142.710
44.990,136.457,0.000,5,3621.342,2143.320
45.000,136.457,0.000,5,3621.343,2143.930
45.010,136.457,0.000,5,3621.343,2144.540
45.020,136.457,0.000,5,3621.344,2145.150
45.030,136.457,0.000,5,3621.345,2145.760
45.040,136.457,0.000,5,3621.346,2146.370
45.050,136.457,0.000,5,3621.347,2146.980
45.060,136.457,0.000,5,3621.347,2147.590
45.070,136.457,0.000,5,3621.348,2148.200
45.080,136.457,0.000,5,3621.349,2148.810
45.090,136.457,0.000,5,3621.350,2149.420
45.100,136.457,0.000,5,3621.351,2150.030
45.110,136.457,0.000,5,3621.351,2150.640
45.120,136.457,0.000,5,3621.352,2151.250
45.130,136.457,0.000,5,3621.353,2151.860
45.140,136.457,0.000,5,3621.354,2152.470
45.150,136.457,0.000,5,3621.355,2153.080
45.160,136.457,0.000,5,3621.355,2153.690
45.170,136.457,0.000,5,3621.356,2154.300
45.180,136.457,0.000,5,3621.357,2154.910
45.190,136.457,0.000,5,3621.358,2155.520
45.200,136.457,0.000,5,3621.358,2156.130
45.210,136.457,0.000,5,3621.359,2156.740
45.220,136.457,0.000,5,3621.360,2157.350
45.230,136.457,0.000,5,3621.361,2157.960
45.240,136.457,0.000,5,3621.362,2158.570
45.250,136.457,0.000,5,3621.362,2159.180
45.260,136.458,0.000,5,3621.363,2159.790
45.270,136.458,0.000,5,3621.364,2160.400
45.280,136.458,0.000,5,3621.365,2161.011
45.290,136.458,0.000,5,3621.366,2161.621
45.300,136.458,0.000,5,3621.366,2162.231
45.310,136.458,0.000,5,3621.367,2162.841
45.320,136.458,0.000,5,3621.368,2163.451
45.330,136.458,0.000,5,3621.369,2164.061
45.340,136.458,0.000,5,3621.369,2164.671
45.350,136.458,0.000,5,3621.370,2165.281
45.360,136.458,0.000,5,3621.371,2165.891
